{"type":"FeatureCollection","metadata":{"code":"021027","referenceDate":"2026-01-01","sourceDbfExportDate":"2026-02-18","upstreamArchiveUrl":"https://www.istat.it/storage/cartografia/confini_amministrativi/non_generalizzati/2026/Limiti01012026.zip","sourceManifestSha256":"70ac8256c4785dc6ed2814c32b6965ae76f9161b51abaa1660059e1c6cbd8ca6","license":"https://creativecommons.org/licenses/by/4.0/","attribution":"Istat, Confini delle unità amministrative a fini statistici al 1° gennaio 2026, versione non generalizzata.","modifications":["Converted from WGS 84 / UTM zone 32N (EPSG:32632) to RFC 7946 WGS 84 geographic coordinates.","Converted from shapefile to per-municipality GeoJSON without geometry simplification."]},"features":[{"type":"Feature","id":"021027","properties":{"code":"021027","name":"Curon Venosta/Graun im Vinschgau","alternativeName":"Graun im Vinschgau","regionCode":"04","regionName":"Trentino-Alto Adige/Südtirol","territorialUnitCode":"021","territorialUnitName":"Bolzano/Bozen"},"geometry":{"type":"Polygon","coordinates":[[[10.673826930700066,46.870035954641814],[10.673601657211,46.8700707455945],[10.67316149316609,46.87013117695344],[10.67277869934552,46.8701907689667],[10.672299030964808,46.870369343750504],[10.672245846688643,46.870390705695726],[10.671876932386592,46.87054591550151],[10.671790217113045,46.87057616334298],[10.67144933912917,46.87069184172151],[10.671239248226469,46.87090169923674],[10.671148929794443,46.871053409384814],[10.671117647921628,46.87110595631401],[10.671087795198849,46.871143504976516],[10.670969254133698,46.87129260783985],[10.67078191492752,46.871597928000824],[10.670685096836612,46.87175571532678],[10.670535435651233,46.872054349350925],[10.670450540899465,46.87223159779601],[10.670301303566896,46.87250485832582],[10.670205303279177,46.87268063710104],[10.670041066936253,46.87288551608866],[10.66999638246857,46.872959266025674],[10.669900738977178,46.87311712189715],[10.669878781674585,46.87315336082762],[10.669682167646563,46.873372209619106],[10.669643373580994,46.87341437444211],[10.669493332908534,46.873577445766415],[10.669370592166306,46.873718723955385],[10.669265993277453,46.8738067329596],[10.669189669733532,46.87387094952598],[10.669114809161856,46.87393393700998],[10.668933864696516,46.87410306030153],[10.668798581026042,46.87422466222149],[10.668720800172357,46.87429553933391],[10.668569404379452,46.87445291017705],[10.66844991690858,46.87457807543457],[10.668374032485879,46.874782757257435],[10.668240258535981,46.8751435812818],[10.668212232579357,46.875235073470094],[10.668112885685781,46.87555940046004],[10.668061540538371,46.87568722661667],[10.668021483675481,46.87578121409729],[10.667933545308221,46.87588598571302],[10.667616741697978,46.87577361365625],[10.667401574429022,46.87569684479949],[10.667357611052262,46.87568172590819],[10.666692114847091,46.87544371385483],[10.666283926936455,46.875298070585934],[10.666195576607212,46.875264451693596],[10.66602843373173,46.87520085153342],[10.665873914905381,46.87514205383157],[10.66557259343353,46.875078946382004],[10.665367149201336,46.87503528335806],[10.665255551355958,46.87501156638472],[10.664986731885087,46.8749389843543],[10.664706311032354,46.87488397040973],[10.66447946980402,46.87483946693226],[10.664303460372663,46.874804936451596],[10.664046972718365,46.87478108625868],[10.663968684314336,46.87477380670502],[10.663762595250942,46.8746495208981],[10.663582553913042,46.874540942167826],[10.663011514772657,46.87424326847264],[10.662674720413895,46.87401418264633],[10.662288297182611,46.873718323542555],[10.662070720544586,46.87360449392738],[10.66187633729567,46.87344533107063],[10.661590937634044,46.87323349502582],[10.661312512502048,46.87303505493144],[10.661050584420286,46.87286454133649],[10.660704772203394,46.872530023472066],[10.660281816450574,46.87219094252839],[10.660024892075429,46.87202053036815],[10.659855599974458,46.87190879759802],[10.659545492971002,46.87176064219838],[10.65934706055779,46.87163269709628],[10.65906704878203,46.87149726897857],[10.658801958605432,46.87132224425839],[10.658682505052914,46.87124186593268],[10.65830781192242,46.870918825685976],[10.658260952927131,46.87088012683187],[10.658015144032495,46.87067712583133],[10.657803454112305,46.87050269751133],[10.65776169294497,46.870467762768165],[10.657726536129326,46.87044087842965],[10.657353440343968,46.87018783924878],[10.65715617508407,46.86999621571851],[10.657113546883926,46.86995521252577],[10.656699704081822,46.86961923413247],[10.656669574086301,46.86959324591316],[10.656624028703453,46.86955396221817],[10.656186641011752,46.86917669962898],[10.656098338938047,46.869111613692944],[10.655996351764992,46.86903644231441],[10.655875314348794,46.86894722603869],[10.655870782864243,46.86890327286272],[10.655826219925677,46.86847097906284],[10.655779282027497,46.868323877617506],[10.655740603910708,46.8682025257847],[10.655719902880465,46.86805405390287],[10.655534372645683,46.867861184148815],[10.655502185283812,46.86782772363553],[10.655406209657839,46.86766712612377],[10.655171272947088,46.867441045189175],[10.654860663890608,46.86723405645306],[10.654338931658792,46.86690862869434],[10.653995822430339,46.86676510100525],[10.653766043728657,46.866734403748595],[10.653661500357662,46.8667204366678],[10.65329788054462,46.866622839169196],[10.652993371993333,46.86654110637568],[10.652732685239826,46.86649087611722],[10.652634214077056,46.86646747292242],[10.652432929595978,46.86642321095816],[10.652039023456974,46.866334406129305],[10.651976311282697,46.866314617702535],[10.651629948249791,46.86620532240253],[10.651333279329336,46.86612701504172],[10.650316288055022,46.865857748151846],[10.650259157666497,46.86584263257686],[10.649991991941334,46.86578720426494],[10.649549392722086,46.86569537892195],[10.649331643782949,46.865646775417424],[10.649265350801505,46.86563197857981],[10.649173195245234,46.86561195958762],[10.648671195085495,46.86550290740902],[10.648604909382897,46.86548850784932],[10.647999191318933,46.865380242148824],[10.647352395732675,46.865283430195205],[10.647068740183188,46.8652406504389],[10.646683096860906,46.86526869804098],[10.64605688968754,46.865327854769454],[10.645780893447801,46.865362669863856],[10.645386873064972,46.86536833552812],[10.645154535911022,46.86537137512075],[10.645092472847745,46.86537949275117],[10.644732567329871,46.86542508032722],[10.644432509061055,46.86546304572871],[10.644076941949354,46.86543870081215],[10.643889310354343,46.8654258536215],[10.643419426996527,46.86539038959342],[10.643087915722996,46.86536536858351],[10.642762008924779,46.865345257127586],[10.642496364558687,46.86532886406438],[10.642155369604941,46.86533375755733],[10.642105525052337,46.86533067240556],[10.641447427268028,46.86528711250257],[10.641146750764447,46.865277386825156],[10.641074400918024,46.865274758943414],[10.640564460526331,46.86525308463264],[10.639775247275981,46.865169127109475],[10.63959529843258,46.86514998393777],[10.63947451336578,46.86514016384469],[10.639274652408584,46.865129892470264],[10.638927973992374,46.86510666772237],[10.63852954853545,46.86506925492902],[10.63816039351759,46.86504740796846],[10.637936236674667,46.86503875271924],[10.637558368793442,46.865015014493366],[10.63729454465782,46.8649984402213],[10.636627183294465,46.86492249347492],[10.636128721952067,46.864899730815765],[10.63609109508538,46.86489747178593],[10.636028861803274,46.86489189733103],[10.635529956344454,46.86483121843587],[10.63533370406062,46.86480599671117],[10.635026591830325,46.86479238546251],[10.634872429917907,46.864782025845436],[10.634750494069499,46.86477383166435],[10.634333961565531,46.86474828449278],[10.63421487650964,46.86474634127775],[10.634128387542551,46.86474691304307],[10.63382548158559,46.864746545642376],[10.632972086474476,46.864740353924226],[10.632618652481828,46.86474824563329],[10.632326678085738,46.864754434426594],[10.632000844912595,46.864745582580646],[10.631709179349823,46.864727243445415],[10.631358901779667,46.86469624026714],[10.631034298336447,46.864673869323894],[10.630725142235354,46.86464677864301],[10.630169737060816,46.864624366754015],[10.630022087279954,46.864618867305346],[10.62962911881882,46.86460839472503],[10.628962342918571,46.86459056223766],[10.628749433322994,46.86458492181845],[10.628608064332154,46.864556596453404],[10.62830344007657,46.86449555991345],[10.62814137026031,46.86446308559304],[10.62799106373326,46.86443066868727],[10.627830991391171,46.86439550804603],[10.62755518003567,46.864358933493875],[10.62709641793482,46.86433070462447],[10.627005977988164,46.86432646850535],[10.626313502301713,46.86430009292945],[10.62573877311766,46.86427676154258],[10.625147366281022,46.86429866014629],[10.624614434851066,46.86430172718219],[10.62436250973896,46.86430903426038],[10.624314563459825,46.86431048331389],[10.624139691993777,46.86430396685677],[10.62402113903202,46.86420665706281],[10.62396757637422,46.86417258390057],[10.623744390270748,46.86403060069014],[10.623696503245107,46.86400703354289],[10.623442240327257,46.86388190070724],[10.623222556781448,46.863733195676616],[10.623149249760468,46.86368357436661],[10.623029813454483,46.863653173492786],[10.62251294613835,46.86352161233365],[10.622368340585487,46.86347219230517],[10.6220704973065,46.86337039901945],[10.621794960614013,46.86330347845869],[10.621703883301931,46.86328110297633],[10.621442669436844,46.863217310113704],[10.62110878577476,46.86312712816908],[10.621069903164972,46.86311765562317],[10.620490554692932,46.862969818758295],[10.619997146943176,46.86284181611033],[10.619739682751634,46.86278812999022],[10.619429427770601,46.86272386391616],[10.619059245014943,46.86263287575451],[10.618922225436021,46.86260211550221],[10.618650540934283,46.86253689942348],[10.618000052739031,46.86236611461483],[10.617658552204512,46.862298947681175],[10.617159979199757,46.86215618951512],[10.61708662206583,46.86213473885505],[10.616943508546244,46.86202225592323],[10.616811574619817,46.86191945280668],[10.61657518430131,46.86169331234807],[10.61646396611449,46.86157907338047],[10.616405556298522,46.86151907631936],[10.616212206677806,46.861320473112286],[10.615996050855058,46.86113572372724],[10.615875576075373,46.8610327523132],[10.615730720899736,46.860891162897396],[10.61552260527495,46.86068847255835],[10.615351762668674,46.860491195215054],[10.615158528572035,46.86030943960074],[10.615101225598679,46.860269845457154],[10.614922401592324,46.86014628646067],[10.614580693948165,46.86005682221827],[10.614253801561594,46.859971236323865],[10.613601736089809,46.85977345021959],[10.613100329700975,46.85962303258057],[10.612498257775673,46.85945153314075],[10.612188624377668,46.85935240452966],[10.611930076294984,46.85926155566319],[10.61158656370733,46.859153903396944],[10.610866771231908,46.85893905700202],[10.610382573253597,46.85884238140914],[10.610097229289757,46.858771845014985],[10.609814243941997,46.85870189027791],[10.6097576297358,46.8586868579187],[10.609313614680314,46.85860290261672],[10.609113142581897,46.85856326414203],[10.608879977840756,46.858526044957486],[10.608575757615231,46.85846494753735],[10.608440330738855,46.858436439949784],[10.60816154155366,46.8583831561877],[10.607781862021199,46.8583109572639],[10.607610687576338,46.85827840629929],[10.607107143493891,46.85817537688968],[10.60694087745099,46.85814382690115],[10.60647830182277,46.85805720817284],[10.606307388966853,46.85802796329757],[10.606105704378548,46.857988476062054],[10.605931649166385,46.85795551035547],[10.605673768402573,46.857914133663165],[10.605355918666405,46.85789609476247],[10.60521657054613,46.85788596706338],[10.60514549215495,46.85787819788549],[10.604717870383631,46.85784972065106],[10.604678733299046,46.857849620584815],[10.604030709298202,46.85777968849177],[10.60343010546179,46.857738609360034],[10.602971588471528,46.85767753945346],[10.602655903658329,46.857677461154424],[10.602404561930237,46.857689979897145],[10.602073155430139,46.857712618152064],[10.601756378083504,46.857730551088615],[10.601489736254297,46.8577252835387],[10.601048648532991,46.85775395324233],[10.60056506306642,46.8577877152222],[10.600139867071748,46.857744165468134],[10.59961322752453,46.85768899224573],[10.599506578580412,46.85767501323354],[10.599232624287438,46.857641016351614],[10.599105753621261,46.85762813127421],[10.59885655837707,46.85759101127376],[10.598575322404457,46.8575648304735],[10.59843866416617,46.85755645858929],[10.598296602303648,46.857538805528776],[10.598145688027424,46.85752005292025],[10.597570383820814,46.85744709338965],[10.596979647423383,46.85737884502188],[10.59642703988578,46.85729656381139],[10.5963853576546,46.85727945280608],[10.596101334107988,46.85717961747003],[10.596009930129998,46.8571444868155],[10.595770792556106,46.8570527890029],[10.595683330467493,46.85701896110303],[10.59517962528641,46.85676050648461],[10.59501268499841,46.856605347995036],[10.594885797624135,46.85645667566515],[10.594655942337669,46.85618735649815],[10.594597801623213,46.85611592814911],[10.594533790761174,46.8560372867979],[10.594171656860611,46.85559237484202],[10.593919668902823,46.8552833375738],[10.59382682717315,46.855150440642376],[10.593789690223966,46.8551043347154],[10.593724132634676,46.85501900372923],[10.593556871005164,46.85481678887263],[10.593362784317646,46.85463050869451],[10.593293755213363,46.85456542902689],[10.593134039541907,46.854408712004116],[10.592781065653988,46.854089654358766],[10.592605132223383,46.853934616578734],[10.592359708637472,46.85373105066195],[10.592083454010416,46.85348291615622],[10.591929349520111,46.853179086585655],[10.591722797328746,46.85288602670944],[10.591615296581544,46.85273349486059],[10.591487947047312,46.85252827944838],[10.591368863716074,46.85227346314854],[10.591333485318486,46.85210296997288],[10.591255122648366,46.851892577989396],[10.591141923829923,46.85159229205337],[10.591047887067147,46.851288013011896],[10.590969570289197,46.85102362575813],[10.590890591386215,46.85073674869728],[10.590706819893645,46.8506493110456],[10.590194519269618,46.850318960065756],[10.589909489936476,46.8501498059088],[10.589854688636287,46.85013072576378],[10.58966017761183,46.850047408781215],[10.589391184136051,46.84996115277514],[10.588814830290147,46.84989619115564],[10.588715873858431,46.84988503714256],[10.588148327381598,46.84979392325489],[10.587506199008423,46.84973083972799],[10.58679633154017,46.84965069252767],[10.586495134592562,46.84961507658212],[10.586455740761052,46.849610418445195],[10.585863862781368,46.84955562740605],[10.58556330315345,46.849510296318144],[10.585229934382824,46.849492417476014],[10.584895259995507,46.84940256018885],[10.584498622074369,46.84926168296125],[10.584042073475883,46.84910390067252],[10.583693110812156,46.8490123739033],[10.583652286771896,46.84899754837677],[10.583454882304423,46.848929206793926],[10.583378818660625,46.848904519654084],[10.583185181070197,46.84883007531248],[10.58308027513782,46.84879249063128],[10.582909685660677,46.84870786024656],[10.582569512101657,46.84853932544552],[10.582277097056195,46.84840838050806],[10.58160655423591,46.848102677799545],[10.581140792544831,46.847875135010995],[10.581114516950647,46.84785621720896],[10.580945309978773,46.84777884336079],[10.58086689391307,46.847788053815776],[10.5803374833777,46.84785023316333],[10.57972198944325,46.84793972491219],[10.579389817364085,46.847962307236024],[10.578749134723498,46.847975648001345],[10.578668073752656,46.84798495013011],[10.578258909453362,46.848031904603474],[10.577489231712113,46.847727544922556],[10.576977347327627,46.84723964357669],[10.576803048327005,46.84713855423354],[10.57660312801091,46.84700182072021],[10.576345891609815,46.84681188104017],[10.576138783553962,46.84662575090243],[10.575771772912391,46.84629783381848],[10.575206161403383,46.846242626004454],[10.574489645330813,46.846184992959046],[10.573790537496402,46.84607761941218],[10.573433160224798,46.846051036264576],[10.5731403921803,46.84601906426366],[10.572975752121739,46.84585484176117],[10.572909360129518,46.84563077465945],[10.572695245007385,46.84526024963371],[10.572421254538472,46.84483205195461],[10.572248015601918,46.84454195830973],[10.572056852815667,46.844171117601114],[10.571866851158259,46.843980244185964],[10.571734325429883,46.84379308069268],[10.571534388023947,46.84357084589156],[10.57135359425257,46.84333034942913],[10.571179330060891,46.84311676160215],[10.570713811186408,46.842641694286144],[10.570506475188074,46.842446556885555],[10.569956315409396,46.842301118842975],[10.569566530176287,46.84222997300419],[10.569282597595858,46.84213487448553],[10.569016571738313,46.84203503194068],[10.5683432846112,46.841742787883994],[10.567742592952678,46.84171952036009],[10.567161696098708,46.84170048002136],[10.566886891481749,46.84163674874873],[10.566544101834095,46.841546949797994],[10.566153473256692,46.84150280065865],[10.565944337467783,46.84144266800823],[10.565579144299337,46.841371172079015],[10.564481279001631,46.84090922803043],[10.563773339731126,46.840833410438016],[10.563140944665077,46.84073405945556],[10.562840438955858,46.84068866887225],[10.562142003462563,46.84065770843055],[10.561817179092632,46.84062164544423],[10.561258586956967,46.84057977177421],[10.560742656836489,46.840595808520206],[10.560250837758629,46.840652010728846],[10.559583862150168,46.84077359257558],[10.559225038851816,46.840836977041015],[10.558550169118277,46.84094066195657],[10.558243780182295,46.84071985364379],[10.557935397478841,46.84045857603553],[10.557577797113131,46.84033745457289],[10.557104966086198,46.84011440883344],[10.556863410754959,46.84000970547298],[10.556563560858983,46.83990129400841],[10.556231162250334,46.83982932128812],[10.555707104449732,46.839708862812415],[10.555615083860094,46.839698209546064],[10.555413866335815,46.83965594847042],[10.554866287267329,46.83965439133126],[10.554282009773543,46.839630831041895],[10.553648830346544,46.8396169309075],[10.553000338023697,46.83952674165992],[10.552666698980499,46.83946827425992],[10.552060556434835,46.839368506768565],[10.551668430706576,46.83932882721004],[10.55111948082411,46.839250777313694],[10.550717998310198,46.83917072570816],[10.55015369766228,46.83895789081262],[10.549938251196066,46.838848318660645],[10.549687407493586,46.83867623086429],[10.549505002028281,46.83848971704241],[10.549297154119861,46.83833054595193],[10.549032470844656,46.838190141365786],[10.548834112694932,46.838075836208944],[10.548584271577612,46.8379667269989],[10.548026972765378,46.83774028711509],[10.547286184706499,46.83774580583209],[10.54672762920972,46.83761836900404],[10.546344758460833,46.83761454302791],[10.546219347428048,46.83772872789221],[10.546217212722183,46.837824537296974],[10.546234781446397,46.83789500503729],[10.546468050470414,46.838112334027805],[10.547033062214165,46.83837917373642],[10.547681141166871,46.83871238056324],[10.548286564357284,46.83898766676482],[10.54851300470115,46.839137589770395],[10.549060568518552,46.839395655421015],[10.549409568491694,46.839588913724235],[10.549742169621407,46.83978239213579],[10.5502068701236,46.8400370756886],[10.550463371305025,46.84034857363495],[10.550837131703044,46.84068997838634],[10.550961464267445,46.8409087743739],[10.551310010844151,46.84131351382759],[10.551472750096673,46.84158226884171],[10.551939569063673,46.84199791717027],[10.552404212961346,46.8423920804451],[10.552795258757435,46.84279173917872],[10.552935425754537,46.842933824742126],[10.553674399473348,46.843715724129694],[10.553947963501649,46.843963987952144],[10.554420585070758,46.844434527092325],[10.554835126474174,46.84485185896533],[10.555000488955683,46.84504309444676],[10.555291474749044,46.845439605383504],[10.555488984320183,46.845693398668914],[10.555705155445214,46.845883943406115],[10.555986792158043,46.846325574807096],[10.556209766555774,46.846637515490855],[10.556310068775279,46.84687463071218],[10.556125319175628,46.847034628383874],[10.555883509104325,46.84717740310164],[10.555724295536727,46.847341553443314],[10.555632195107252,46.847558787473766],[10.555478921430367,46.848042327903705],[10.555310633773237,46.84843158129946],[10.554759751028003,46.84865954652644],[10.554509642278907,46.848770934684616],[10.554201015935517,46.84892811307863],[10.553999778541652,46.84905683391717],[10.553883677987589,46.849126163648116],[10.553731380157638,46.84921711035092],[10.553483185189526,46.84936532113351],[10.553400996467536,46.84940369350376],[10.553085168925707,46.84955114576827],[10.553006723986078,46.84958776979525],[10.552630285486924,46.84978186096571],[10.552436289673029,46.84979288180186],[10.551793528633674,46.84982920700665],[10.551127295343083,46.84988485666997],[10.551023343662038,46.84989209525466],[10.55072259580549,46.84989617087284],[10.550679547956758,46.8498905591201],[10.550471777731675,46.84985612107419],[10.550064841508862,46.8498301372324],[10.549812956735526,46.849794973509894],[10.549389053265834,46.849735796676576],[10.549154675029204,46.849710335915866],[10.548873423771898,46.84967978197388],[10.548496597347903,46.84963276875331],[10.548157619964348,46.84959047622104],[10.547838227357287,46.84954491656434],[10.547466085538705,46.84948977509963],[10.547386383217352,46.84948517699274],[10.547180753857024,46.849469340488184],[10.54714172665021,46.849467595803574],[10.546559010017782,46.849391611139694],[10.546522040448473,46.84938829597257],[10.545864504577784,46.84932933741692],[10.545817635181205,46.8493251343369],[10.5452926049242,46.84925573256829],[10.54520627425974,46.84924607309704],[10.54461080464503,46.8491794433975],[10.544548386798256,46.84917474051475],[10.543945523552805,46.84912884412616],[10.543899022384586,46.84912553251377],[10.543661582037089,46.84909775931991],[10.543368774747146,46.84909271019479],[10.542943894402983,46.84908494054335],[10.542428191493572,46.84907877050622],[10.542360824323715,46.84907821427714],[10.542145088737382,46.84907309519618],[10.541925094647862,46.849054246297904],[10.541555078762157,46.849022274927904],[10.541494148181766,46.849015578618875],[10.541271565912309,46.848989370476644],[10.541057276704372,46.84896766862251],[10.54037120861228,46.84890811689433],[10.540097285413077,46.84887580579487],[10.539746465570795,46.84885906508258],[10.539307184088514,46.84882187278984],[10.538939240283316,46.84880139307709],[10.538634588457771,46.84878143543889],[10.538198395488998,46.84875285820354],[10.537976201332148,46.84871363998015],[10.537506305956322,46.84863166986559],[10.537317936081763,46.84860689772515],[10.537164813566587,46.848586762494264],[10.536789461026785,46.8485333086936],[10.536659562056357,46.84851786178601],[10.536483460130563,46.84849692009307],[10.536150281963083,46.848456397672756],[10.536001591899337,46.84844286710213],[10.535848639732963,46.84842894897632],[10.535474364382695,46.848334234838],[10.535358964255686,46.84830503101584],[10.534900797239404,46.848228666748014],[10.534384530881725,46.84814261625041],[10.534174887597803,46.84809393788862],[10.533926513617352,46.84803626611455],[10.533478919690378,46.847943107703834],[10.533378110331075,46.847922126031754],[10.533018644709683,46.847850449484476],[10.53233671251111,46.84771109540964],[10.5318536660797,46.8476488847506],[10.531770613703145,46.84763768099496],[10.531189057808922,46.847510475345025],[10.530438938039454,46.8473945202856],[10.529788935815063,46.847281722549305],[10.529614543609602,46.84723682124049],[10.529506508695073,46.84720900424408],[10.5294063767675,46.84718586190931],[10.528899169634851,46.84706863273479],[10.528585090413243,46.84700998860897],[10.528125665851174,46.846907979775466],[10.527650978932554,46.84681982462972],[10.52705158849271,46.846670338904936],[10.526402014408912,46.846485521659304],[10.526078306794437,46.84643134479351],[10.525489019883544,46.84625922803396],[10.525104966913034,46.846160845052765],[10.524680650271595,46.84602701297918],[10.524206279024833,46.84592084182571],[10.523578231205926,46.845743803139484],[10.523479344548319,46.84572327580901],[10.523032382564079,46.84563049739689],[10.522973751683022,46.84561445814227],[10.522930699088073,46.84560149356237],[10.522715871131792,46.84554021751918],[10.522536043445193,46.84551225576219],[10.522076110458114,46.84544073762627],[10.521650940092858,46.8453923972538],[10.5211515663377,46.8453000437906],[10.52073431152038,46.845445076874796],[10.520232592445755,46.845618228097344],[10.519649677454275,46.84576095809573],[10.519315235057288,46.84587788868239],[10.518699409904487,46.84601655202639],[10.518005990271401,46.84622373356392],[10.517564324468864,46.8463465808187],[10.517207312897789,46.8464773033038],[10.517033595245469,46.846538101052914],[10.51687380147429,46.846598713983944],[10.516717859251447,46.84665027644046],[10.516575152123854,46.84670616289696],[10.516417762040907,46.84673524611706],[10.516256701035534,46.84675087894932],[10.516060663990402,46.846775973205546],[10.515893186735047,46.846796191026094],[10.515724756752716,46.84681192071728],[10.515524486205177,46.84683257142156],[10.515352904646434,46.84685284190233],[10.51501725067488,46.84689778228549],[10.51483255854749,46.846918225545146],[10.514662488902605,46.846933975374476],[10.514300289231125,46.846997263392744],[10.514115721568071,46.847022203448795],[10.51394073454811,46.847038017262534],[10.513796382988678,46.84703542717217],[10.513613634920159,46.84703784433922],[10.513451255054415,46.84703549225385],[10.51326744135215,46.84702892375666],[10.513094412356049,46.847026711977215],[10.512919858946354,46.84702901969049],[10.51271663199376,46.84703170705157],[10.51253389695826,46.847034122321375],[10.512177421311282,46.84703883313846],[10.511996576312962,46.84705022177931],[10.511812317949751,46.84705715562388],[10.511664752302755,46.84706805191198],[10.511465820267386,46.847066046629536],[10.511363122380335,46.84706971932942],[10.511303163693603,46.84706935294855],[10.511108652193581,46.847075448245725],[10.511041410188696,46.84706690582945],[10.510980311522056,46.84705914438729],[10.510999588392048,46.847014895469975],[10.511029603632805,46.84694600353603],[10.510929432208728,46.8469113292813],[10.510762709214024,46.84695852633791],[10.51068817272925,46.846975966216476],[10.51041167930318,46.84703704142026],[10.510262833870296,46.84708211376418],[10.510095970549791,46.847124812096474],[10.50974864757122,46.847209399282434],[10.50966634853674,46.84722905391085],[10.509587381605366,46.847247465833206],[10.509415720077014,46.84728195439561],[10.509236265726999,46.847332684638765],[10.509066295441329,46.847371564480625],[10.508921165732293,46.84741478353661],[10.508752162538135,46.847448121949654],[10.508559082888677,46.847482550516816],[10.508431933096468,46.847421232993064],[10.508239613203923,46.847432766936734],[10.508101888171472,46.84744267041189],[10.507893631947958,46.8474566527793],[10.507726070958348,46.84747139092101],[10.507554771825482,46.84747479136999],[10.507242866381924,46.84749398053459],[10.507186569148026,46.84749759091564],[10.507011537306383,46.84751314813525],[10.506805056766579,46.84752563916733],[10.506648940913689,46.847539211728034],[10.506484952291792,46.84758570509679],[10.506345843282899,46.84760205370379],[10.506152712297165,46.847617737145065],[10.50597305399302,46.847642599440846],[10.505797177652026,46.84768541009411],[10.50573610902189,46.8476936910316],[10.505613414929131,46.847710324028675],[10.505537711162473,46.847729318364706],[10.505448765914311,46.84774698847042],[10.505384206380592,46.847780834174024],[10.505318840285458,46.847817690783366],[10.505281691303699,46.84785401423011],[10.505253415354593,46.847881549329614],[10.505206890678446,46.847918158953874],[10.505192795685538,46.84801782509534],[10.505185270203343,46.848049401474775],[10.505177203497867,46.848075597150775],[10.505167765789334,46.84817065023759],[10.505139566621036,46.84824159643722],[10.505105368468604,46.84827496167423],[10.50503260555564,46.84827591859652],[10.50494336696626,46.84825894614491],[10.504885301378172,46.84823286058841],[10.504838787231584,46.848152478525044],[10.504799147037174,46.84811250425673],[10.50472469965192,46.84805948703316],[10.504638089699016,46.84801113016857],[10.504582061343198,46.84797137128635],[10.504502385709182,46.8479364219532],[10.504430144031756,46.84793287204071],[10.504345103698368,46.84791149102062],[10.504265493248916,46.847908037865885],[10.504181966446946,46.8478821390302],[10.504113076640012,46.84785154726207],[10.504035977645382,46.84782106333966],[10.503921198215481,46.847791074538286],[10.50385173375701,46.847769489364474],[10.503756799219376,46.84777523642299],[10.503685623132997,46.847780671239086],[10.503606015530432,46.847777217588295],[10.5035074250987,46.84776951367251],[10.503405109918504,46.8477753574028],[10.503290704847897,46.84775886185148],[10.503229687840145,46.84774616453675],[10.503132736477868,46.8477384387687],[10.502963733232091,46.84770466158783],[10.502895219490348,46.847687563847956],[10.502805963821888,46.84766173834107],[10.502701830760287,46.84763160761414],[10.502640687256191,46.84761441204637],[10.502556472857384,46.847593019752786],[10.502453092760318,46.847589877413704],[10.502380978401991,46.8475908241364],[10.502269655673182,46.84759678510023],[10.502115394192032,46.84762130795346],[10.502030795120318,46.847644916321606],[10.501949752648505,46.847660225684045],[10.501872252317677,46.84768299473691],[10.501783751123613,46.84769315533093],[10.501698776950795,46.84770326957563],[10.501593883080476,46.847704645923116],[10.501518365238569,46.847701137158545],[10.501426708458697,46.8477068392783],[10.50133492630507,46.84770804336952],[10.501232880531292,46.84771838122237],[10.501156906881736,46.84773287659736],[10.501100419022258,46.84776511473581],[10.50101922381519,46.84779317640697],[10.500957820207663,46.847825478948536],[10.500896196763135,46.847849940637914],[10.500823357548146,46.847854496463995],[10.500716011439188,46.84785590416495],[10.500627306450411,46.84784986707721],[10.50057567135008,46.84784617861522],[10.500466815179868,46.84782741797876],[10.500400068880053,46.84781479427253],[10.500310938129104,46.84779346568279],[10.500251434141878,46.84777624734583],[10.500191804934724,46.84775453101979],[10.500103873711243,46.84768818874858],[10.500043619773498,46.84764398343573],[10.499951785739102,46.84761368989976],[10.499907589732338,46.84760629585657],[10.499777165620532,46.847584476731825],[10.49961509632205,46.84756410253642],[10.499265218699781,46.84752732723121],[10.499109494201129,46.84751223182236],[10.49894227229001,46.847505636248925],[10.498729481928544,46.84764319782079],[10.498598744632302,46.847707049328775],[10.498225055633707,46.84788955564413],[10.498152000866828,46.84792523451865],[10.497952171666162,46.848039647304354],[10.497910719401048,46.84806338080043],[10.497633518470723,46.848206495323595],[10.497461630864068,46.84829707708213],[10.497359259924677,46.8483496264668],[10.497289202555319,46.8483881408119],[10.49718319858319,46.848413953258124],[10.496825865312248,46.84849603673453],[10.49646652134075,46.848604226856715],[10.496199226090093,46.848661716884756],[10.495876718244345,46.84874033635464],[10.495803532170228,46.84874587442742],[10.495598821301602,46.84876855597492],[10.495282744579562,46.84878168536231],[10.494932122444622,46.848790765536236],[10.494407217198557,46.848809296518716],[10.494325253216438,46.84881219001341],[10.494367223334017,46.84883990936426],[10.494701370397413,46.84906059668988],[10.49487308082148,46.8491740016889],[10.494972891555639,46.84924746592753],[10.495245496148547,46.84944811162951],[10.495460987276024,46.84962078027457],[10.495735283436437,46.84981517795567],[10.495984120238893,46.84997841059569],[10.496207283323935,46.85019147301649],[10.496182355880237,46.850326786824965],[10.49598184332344,46.85075094019375],[10.495855029610878,46.851070254926064],[10.495827030993693,46.85114135813911],[10.495675598499446,46.85152380428683],[10.495631458172063,46.85165050393026],[10.495507269447925,46.85193746602095],[10.495406489240393,46.85208726868836],[10.495129371489607,46.852234875515535],[10.494571009303488,46.85244015182202],[10.494372429700245,46.85222676438449],[10.494015290011543,46.85179496643683],[10.493661277575415,46.851268635918764],[10.493479943332213,46.85103783156787],[10.493363839988428,46.850890052731906],[10.493231129633878,46.85071630010818],[10.49315827964142,46.85061269078338],[10.492933964615784,46.85028821575803],[10.492626350136803,46.85004475127686],[10.492167714163013,46.850091228447056],[10.491625707789787,46.850057798586846],[10.491217233363756,46.849991127326675],[10.49093475246206,46.85000380692362],[10.490762263033627,46.85017838037336],[10.490674642636149,46.85038066175572],[10.490607051542236,46.85057502477561],[10.490673027087775,46.85082614282919],[10.490760211730409,46.85110196632282],[10.490800033759745,46.851229947050456],[10.490876995145417,46.85147142680891],[10.490917520691985,46.851839864805534],[10.490948830404212,46.85208243506298],[10.490980513949792,46.852338499217474],[10.490795876083439,46.852371237191164],[10.490598070248911,46.852404488343915],[10.49030528138741,46.85246878228295],[10.490205245614455,46.85249209872711],[10.490038083275168,46.85253075706848],[10.489638116719423,46.85259445764718],[10.489552762669204,46.85260812966978],[10.489038717696388,46.85269047073012],[10.488904322040412,46.852711997685844],[10.488560392190339,46.85302295609148],[10.48852328915211,46.85305549648506],[10.488485947505287,46.85308894528806],[10.488133840048862,46.853401456712504],[10.487946351164888,46.85356020407183],[10.487723659871362,46.85374875778405],[10.487572865296801,46.85389920451432],[10.487457564065815,46.853966929070175],[10.487330016115555,46.85404184823159],[10.487128753147477,46.85426494373159],[10.486920229794357,46.85449263188976],[10.486700993232715,46.854837449136184],[10.485735420373146,46.85463850834777],[10.485257752572428,46.854530160517726],[10.48515375439146,46.85450657070151],[10.484804140196037,46.854434614017045],[10.48456703631471,46.854391794086546],[10.484224645142477,46.85432911818733],[10.484111965744935,46.85430860524105],[10.483354664064416,46.854188677552536],[10.483294709964467,46.85421519318563],[10.482921118528232,46.85441403271594],[10.482536580862376,46.85459880310179],[10.48246879311225,46.85463137453665],[10.482243267465892,46.8547782817035],[10.482052205754998,46.85486291053042],[10.481918439936972,46.85492197559692],[10.48167552958726,46.855033110905744],[10.481420579479648,46.855153400725435],[10.481360002793222,46.85518225058503],[10.481090386546672,46.85531066047785],[10.480538782413278,46.85555627512255],[10.480494539868964,46.85586725535847],[10.480473564272625,46.85600448975156],[10.480461822103365,46.85609722343068],[10.480831580494348,46.85624893545305],[10.480869877923412,46.85626669385207],[10.480969112744033,46.85631207772172],[10.481130139305245,46.8563839428496],[10.48141777545068,46.85651231176892],[10.481787681451593,46.85644266052256],[10.482033627971795,46.85639634819636],[10.482442531010712,46.8563781529018],[10.482832795281945,46.85641834045663],[10.48278249144671,46.85667462206854],[10.482726959959818,46.85679222019823],[10.482613596550442,46.857032276930546],[10.48257819910905,46.85709245225178],[10.482466713907476,46.85728197569312],[10.482402891397713,46.857390473986705],[10.482273371975793,46.85754635700697],[10.482244162139368,46.857581512651],[10.482000380627273,46.8577634159175],[10.48194614329191,46.85780605171676],[10.481791870655632,46.85792033832154],[10.481583411910583,46.85806252442047],[10.481264553222426,46.85821513825494],[10.481048597913396,46.85835292080575],[10.480906403425221,46.858399756740816],[10.480701947382641,46.858471671533536],[10.48059695309059,46.85850725106724],[10.480096671645875,46.858711704024984],[10.479977373798548,46.858734628841766],[10.479870733329603,46.85875512117398],[10.479545497422933,46.85879532292846],[10.479294524770582,46.8588525631395],[10.478937771367855,46.858879671776045],[10.478697127939862,46.858809017675],[10.478629449078818,46.858789163386014],[10.478354274184728,46.85871172655859],[10.478086601988917,46.85860777508663],[10.47783987818322,46.858449612315255],[10.477689116194338,46.85835200288608],[10.477377390982893,46.8581658629989],[10.47733130444702,46.85813781893016],[10.477231864387765,46.858079752025596],[10.477151454760454,46.85803315454238],[10.477069173924862,46.8579833792451],[10.476745025164432,46.85778292549138],[10.476610367991393,46.85769933632973],[10.476020037046753,46.857490970171725],[10.475738080594846,46.85740461533394],[10.475564076476873,46.85735116298967],[10.47547098994982,46.8573225668386],[10.475136499586513,46.85721877963764],[10.475062434396214,46.85719357994859],[10.47469690974404,46.857080567726705],[10.47458888021252,46.85704180264986],[10.4740311509873,46.856841666977225],[10.473926534507141,46.8568074999924],[10.473769668931814,46.85675626837237],[10.473408190244236,46.85663820988721],[10.473264091879502,46.85656958607683],[10.473159793625792,46.85651991860756],[10.472791942474593,46.85638066614149],[10.472603121226774,46.856314667033374],[10.472510440957711,46.85628079782634],[10.472227512586144,46.856158448324564],[10.471925120495694,46.8560363493521],[10.47170417945834,46.855940200642124],[10.471571941689733,46.855884636574345],[10.471330113656656,46.85578302503054],[10.471274007289614,46.855753399289476],[10.471005672765799,46.85561171249507],[10.470688738050402,46.85544603415811],[10.470608549770988,46.855404114199516],[10.470333599801489,46.85526038162668],[10.469943173031004,46.85505746995348],[10.469845883839335,46.85500690670855],[10.469801317279993,46.854983745534156],[10.469578425744544,46.85483812136986],[10.469683334643605,46.85455903788295],[10.46973819013228,46.85441310824159],[10.469855066667774,46.85410687693751],[10.469913080949171,46.85395487447906],[10.469974620626024,46.853793628641355],[10.470025992019194,46.85365472515788],[10.470193191756042,46.853202621844964],[10.470238798409238,46.85307930059881],[10.470317672666443,46.85275106617988],[10.470339666405357,46.85265954268866],[10.470416008401058,46.85248307776298],[10.470476726747973,46.852299067027076],[10.4705201756956,46.85216739243102],[10.470560639128859,46.85204475986237],[10.470607989307178,46.851847423836574],[10.470654859816285,46.85165208546795],[10.47070438148751,46.85139622947371],[10.470723833459672,46.85129573036442],[10.470832629530262,46.8510468554536],[10.47088013676783,46.850944014124515],[10.470993635506852,46.850698317411386],[10.471063763319075,46.85049169819093],[10.471133129720652,46.85027806304115],[10.471229591793893,46.85009233967054],[10.471253514309215,46.850039302291364],[10.47143984892755,46.84962617832872],[10.471452578560381,46.84958678719529],[10.471598591253139,46.849134952996195],[10.4716106831717,46.84909753006532],[10.471741282363697,46.84884988478903],[10.471785292726814,46.84876642817079],[10.471830480254814,46.848680741694366],[10.471711937607662,46.84863618761414],[10.471355872200329,46.84850236107578],[10.470823517824618,46.84831122276405],[10.47047519941186,46.84819420969965],[10.470108401636034,46.84806125420961],[10.469899747517594,46.84798562155153],[10.469144269168682,46.84769834896526],[10.468828291342357,46.84741443157601],[10.468563535234328,46.847084859172796],[10.468457227770891,46.84688374235278],[10.468341977614601,46.84665574168796],[10.468251725679108,46.84647241615396],[10.467896394063992,46.84606751192313],[10.467737834872729,46.845903059569615],[10.467566413768493,46.84571380996473],[10.467477455919951,46.84561818954649],[10.467275991606108,46.84541751418917],[10.467109418737216,46.84525417790477],[10.467044877444737,46.84514506031488],[10.466894756672758,46.84489696267867],[10.466742291281077,46.844697731719016],[10.466604908932874,46.84451821168184],[10.466422521498512,46.84432256655095],[10.46637861212175,46.84425006380688],[10.466174770687177,46.84389378034181],[10.466140584903806,46.84380552852487],[10.466068841581375,46.8436201039511],[10.465920904989499,46.84324009197673],[10.4656234391115,46.84303242164652],[10.465267562368302,46.842726505442535],[10.465076007748191,46.84258497158231],[10.464843276037476,46.84237646957927],[10.464741837181098,46.84225781401695],[10.46454378849953,46.84202614811151],[10.464504627597641,46.84198033937764],[10.464337428108088,46.84175839163116],[10.464302509489816,46.8415803663087],[10.46425017347121,46.84139414956956],[10.464248198648335,46.84113001683291],[10.464244760699632,46.84076015500317],[10.464244679099327,46.840728242183175],[10.464422258873485,46.84048752896766],[10.464462034912856,46.84044174410175],[10.464572470930332,46.840314621916676],[10.464693564564147,46.84022440393245],[10.464799839300179,46.84014522582996],[10.464944305102115,46.840074496767286],[10.465082952900078,46.84000661465667],[10.465259009233783,46.839909869041215],[10.465591358421918,46.839762407231866],[10.465634796535129,46.83974307140332],[10.46613652283368,46.839475667939276],[10.466145927039804,46.83930589268933],[10.46616346147402,46.83898936675749],[10.466164587808041,46.838855696157445],[10.46616695114019,46.8385753586802],[10.466188239354574,46.83815662474469],[10.466201153917796,46.83806753814555],[10.466217416233437,46.83795564336385],[10.466223770176383,46.83791318380142],[10.466210695668577,46.837728873005496],[10.466208112632955,46.83750537933515],[10.466210534219933,46.83746795391105],[10.466288310131807,46.83705428264159],[10.466300728406438,46.83698528770191],[10.466333353068988,46.83660374878623],[10.466336164463895,46.83657087015802],[10.46634882868913,46.83648605054997],[10.466405491168242,46.83610652357528],[10.466398100368648,46.83589513689333],[10.466283049760642,46.835703128968284],[10.466067384227198,46.83554840584626],[10.465858886101712,46.835416088531],[10.465640256912394,46.83530188010198],[10.465536781411691,46.835248801444386],[10.465378300034946,46.83518196530946],[10.465261170402556,46.835135751249894],[10.465193631724162,46.83511031398324],[10.464946398240237,46.835013810121],[10.464540002699412,46.83486580189232],[10.46437276205946,46.83480516982318],[10.464037598745842,46.83473507868027],[10.46383949128124,46.83469500343362],[10.463482664732602,46.834623073848725],[10.463234538223109,46.83455931503043],[10.463165733947273,46.834541634768165],[10.46285763748722,46.83451407533952],[10.462526031093455,46.83449581564395],[10.462141991234452,46.83447822580991],[10.461658780752318,46.83443040322263],[10.461200113293554,46.83456224850461],[10.461083469092056,46.83459054821887],[10.460749851608309,46.83467148842743],[10.4605887881807,46.83465720879956],[10.460217482493976,46.83462428721379],[10.460061305163457,46.83458056838325],[10.460017627895239,46.834568342242804],[10.459993334590795,46.83439766720869],[10.46002469819698,46.83431888037244],[10.460086952455713,46.83416249430098],[10.46010377263447,46.83402729156432],[10.460245564684328,46.83368748470122],[10.46025448258367,46.8336609006344],[10.460214277745525,46.833386938634085],[10.46009003377638,46.83321753887199],[10.459949673800937,46.83296735167297],[10.459876550651554,46.8327793019741],[10.459702353986188,46.83252054688323],[10.459570772315502,46.83238273737186],[10.459381045704538,46.832155677987835],[10.459215234073767,46.83196430839674],[10.459099715826731,46.83184429193517],[10.458892401908093,46.83169394836659],[10.45864491033535,46.83151262018426],[10.458395907824366,46.83139368696153],[10.458287059723327,46.83134169611144],[10.458087819528869,46.83118674949006],[10.457864950527657,46.83103660223836],[10.4575087959164,46.83068567075374],[10.457401070569402,46.830520557242515],[10.457328337695555,46.83034599880839],[10.457304421234241,46.83018881712294],[10.457272330480688,46.829941748275516],[10.457280937665598,46.82977515320094],[10.457341304489148,46.829522406452675],[10.45739323536668,46.829260767878075],[10.457486069098458,46.82905710414573],[10.457547275091782,46.8289695451794],[10.45762888067415,46.82885280286798],[10.457649072768621,46.82883092326048],[10.457780150929025,46.82868889012776],[10.458023004447668,46.82836632500003],[10.458141683765255,46.82814883078341],[10.458351504059673,46.82790767877548],[10.458368026750781,46.82788458320725],[10.45857891427336,46.82758980792517],[10.45869822018677,46.82742212118588],[10.458788906972941,46.82729465757668],[10.459057283014578,46.8270619621896],[10.459183237813846,46.8269071634296],[10.45931865692307,46.82670295421132],[10.459444002680758,46.82648987407056],[10.459578935326867,46.82626767318994],[10.459646637124406,46.82610482371364],[10.45977391852905,46.825842222781205],[10.459847620751244,46.82571566068553],[10.45986631595047,46.82568355775364],[10.459916875282142,46.825462432739144],[10.459935089719966,46.82531821282185],[10.459919478991457,46.82516542519674],[10.459919421331122,46.82501876470597],[10.459863076960843,46.824837673997514],[10.459805604209865,46.82471241803027],[10.45966563396009,46.82447572403198],[10.459534549854578,46.824234417810516],[10.459368545771186,46.82406554874237],[10.459087268049828,46.82387565296787],[10.458863993892303,46.82369825763907],[10.4587457514317,46.82361815637552],[10.458573150608217,46.82349974068999],[10.458487253535479,46.82345528768658],[10.458248992841263,46.823334282307215],[10.457833554004193,46.823105461435325],[10.457453519581456,46.82294255473916],[10.457204053766505,46.82283774090286],[10.456970893565707,46.82266972525177],[10.456853760102113,46.82257065103932],[10.45674029523098,46.822474677935574],[10.456559171946063,46.822261002893946],[10.456203264271727,46.821856068438535],[10.456145110929997,46.82173531886196],[10.456138613969253,46.821555417901564],[10.456156711377952,46.82128520991868],[10.456224294087768,46.8209963746728],[10.456342477975959,46.820760890794794],[10.456478256212343,46.8204486903164],[10.456497331201113,46.820371521237426],[10.456529002456042,46.82024340378613],[10.456544973954587,46.820178795723685],[10.456498806237027,46.81993547273093],[10.456516821946778,46.81981375384048],[10.456551395229422,46.8195163401243],[10.456521536214362,46.81926024301224],[10.456454587017905,46.81911710741971],[10.456422633153895,46.81899602448615],[10.456457088844955,46.81881560135599],[10.456550427630425,46.81853993683515],[10.45658554606589,46.81820201956375],[10.45656242433679,46.81801332909368],[10.456771936817313,46.817853176541846],[10.456905223820485,46.81775248817208],[10.457081884096505,46.81749826043914],[10.457133907692853,46.817331112218014],[10.45733332476239,46.817252080259344],[10.457642850307565,46.81706365288627],[10.457827541784141,46.81689481528889],[10.457928094955394,46.81670455036159],[10.458011589903718,46.816550499614],[10.457997115089091,46.81634820215487],[10.457958056673181,46.81614621699415],[10.457768427517026,46.81582915993012],[10.457561474627997,46.81550782447277],[10.457313839615084,46.81522750237551],[10.456892949834517,46.81471990594919],[10.456480000619104,46.814203207642876],[10.456125458096446,46.81381625269083],[10.455980737496324,46.813639104636685],[10.45586070865621,46.8134776510125],[10.455654503431438,46.81318329931622],[10.455431375472763,46.81292965904475],[10.45517482379233,46.81271244121388],[10.455025627340849,46.81255685252693],[10.454803354175656,46.81233469658389],[10.45466188653517,46.81219250712035],[10.454597061483533,46.812067341774025],[10.454588849091298,46.811914459975874],[10.454689755704939,46.811737692111286],[10.45473730852204,46.81146859795871],[10.454742353140315,46.811440048531466],[10.454611905041187,46.81106823914348],[10.4543576139103,46.81063050926393],[10.454250185111125,46.810352898014045],[10.454085615299576,46.81002201818088],[10.454003992501754,46.809820571433626],[10.45388192476381,46.80951614897577],[10.453749933282856,46.80923885017672],[10.453569660042039,46.80887217116353],[10.453371150176476,46.80864971228513],[10.45324524186301,46.80851611475393],[10.45316476873774,46.80842725762344],[10.452958945869192,46.808150680328104],[10.452817877217198,46.80796829551166],[10.45263639149037,46.80779961467718],[10.45236222475301,46.80759611198343],[10.45203906854112,46.807429228146745],[10.451991576692635,46.80682523794885],[10.451986757976105,46.80676394762161],[10.451796221007735,46.80653238554247],[10.451745367690847,46.80631704784649],[10.45164751630659,46.80612030662072],[10.451588386567582,46.80593207247781],[10.451439690506678,46.805794471133645],[10.451148562625901,46.80544719172889],[10.451057111724232,46.80521437181182],[10.451001224036302,46.805041698230774],[10.450966310234584,46.80491404920542],[10.450848138366155,46.804632071134314],[10.450725023617284,46.80444014809978],[10.450625319792659,46.80426592756077],[10.4505374076894,46.804151998231],[10.45045626614802,46.80404863632792],[10.450268624011837,46.803824985770895],[10.45015151559557,46.80367348351008],[10.449969591410659,46.80351830189319],[10.44979632356795,46.80347794605934],[10.449326960535977,46.80336859772406],[10.448870728883733,46.80325774301537],[10.448496223631107,46.80319049011113],[10.448522439697316,46.80306866926257],[10.44873768655075,46.802665477676264],[10.448745667127557,46.80263762924467],[10.448797066943966,46.80246674323238],[10.448812699678609,46.80228655934699],[10.448806525830085,46.802178647372216],[10.44878980162911,46.802043870308964],[10.448759882578614,46.80199786334587],[10.448622914752228,46.80180750285465],[10.448423619679556,46.80155354775062],[10.448360345324241,46.801476035313534],[10.448274560637737,46.801370948744776],[10.447982743078041,46.801271151130415],[10.447536086298525,46.801092021277384],[10.447489808047473,46.8010729694],[10.447443456266997,46.8010525919438],[10.447143896504889,46.800930791548744],[10.446910121138298,46.800857254930015],[10.446619013550157,46.8007529443315],[10.446319838412412,46.800653233686276],[10.446046173920962,46.80055770131884],[10.445695481812773,46.8004001466734],[10.445156092244892,46.800199976074126],[10.444806142030338,46.800069407097645],[10.444523681487784,46.799951484005014],[10.444274917646197,46.799837633653844],[10.444024258012345,46.79968331003237],[10.443833383429453,46.79955972894178],[10.443601432511075,46.7994006687059],[10.443335455594882,46.79925553605808],[10.443092285313222,46.799105616452024],[10.442685663054094,46.79887676292993],[10.442212234671738,46.79863075233656],[10.441836644157307,46.79845999985722],[10.441522872942796,46.798364961097214],[10.441206850414304,46.798215954286164],[10.440931196213658,46.798106934947576],[10.440606086186559,46.79801653697955],[10.440033870343242,46.79781225673376],[10.43961035151899,46.79765559895647],[10.43915951948601,46.79758027644206],[10.43863560255623,46.79752836914218],[10.438245746461934,46.79749727361235],[10.437545914498005,46.79745207091927],[10.437228801311843,46.797415558442744],[10.436538927575175,46.79737472504703],[10.435965543819183,46.797341425916734],[10.435508169214422,46.79726617021909],[10.435033369652205,46.79718213285511],[10.434667709537434,46.79713722281699],[10.434317133082324,46.79707412313437],[10.433944230328203,46.79703380029427],[10.433636385883371,46.79703765747477],[10.433020694183414,46.79704536938534],[10.432429565723597,46.79705277050796],[10.431911703578235,46.7970729999665],[10.431604754717092,46.797081090821244],[10.431381483785247,46.79709288309842],[10.431065394850046,46.79700234518981],[10.430416405214425,46.79683497398916],[10.430101024114512,46.79673992403994],[10.429859549124142,46.79662145162439],[10.429751772085508,46.79651030756466],[10.429635499735046,46.7962327841737],[10.429462249927251,46.79575443223534],[10.429427842817173,46.795659426703565],[10.429386934845596,46.795475452900135],[10.429311552345338,46.795350404870106],[10.429154060692401,46.79521738303328],[10.428938158411237,46.79498159890158],[10.428805461184405,46.79482576971311],[10.428598233456588,46.794639372545724],[10.428389956954891,46.794443989730595],[10.42821562014708,46.79429317833724],[10.42807665899103,46.79419087127797],[10.427917825452596,46.79407280594142],[10.427797389891703,46.793983679867566],[10.427725293439757,46.79393032737453],[10.42735746218364,46.79410242023863],[10.427310292792782,46.79412448802989],[10.426677556861222,46.79385790280539],[10.426852802118631,46.79342375327502],[10.426919608413094,46.79319343907884],[10.426994347419695,46.79295402754882],[10.427078595106492,46.79276399241834],[10.427220584234899,46.79252824075063],[10.427411747841626,46.79213888803188],[10.42762960998208,46.791830195252004],[10.427821054172133,46.791544331634135],[10.427871704641003,46.79132321675097],[10.42783896368535,46.79107614641265],[10.427797827000555,46.79088317550363],[10.427706263309892,46.790641338684836],[10.427623957469034,46.79043988118039],[10.427474287413906,46.79023026650757],[10.427226317059034,46.78986439056092],[10.427107424060159,46.78969726132955],[10.427042596987496,46.78960570312347],[10.426885821128414,46.78946816950997],[10.42664902683952,46.78931830901695],[10.426586004176077,46.78927842434229],[10.426336514909577,46.78916454394962],[10.426062217328527,46.78904197291632],[10.425754502475709,46.78895581376602],[10.425088691120573,46.78886061691038],[10.424673264450941,46.788789296024895],[10.424434257733324,46.78872699796357],[10.424307188913454,46.78869486210102],[10.423825202283192,46.78855237244756],[10.423384265716674,46.78843164783975],[10.422944283127727,46.78831135063402],[10.422685558860861,46.78818857784723],[10.42265526836272,46.788132647819936],[10.42259440066595,46.788023225606345],[10.42270345512547,46.787873381861516],[10.422827839184322,46.78774584557132],[10.422936560732477,46.78764550261323],[10.423117753594848,46.78746344933937],[10.423195026773875,46.78738580912438],[10.423440710127656,46.78724112272478],[10.423585296643639,46.78715597192349],[10.423952878711644,46.7869354167751],[10.42407118626467,46.7868661386028],[10.424282815066546,46.78674221342913],[10.424368980816896,46.78669175741074],[10.42466995105369,46.786584519053655],[10.424927062348406,46.78649132496747],[10.425201697856268,46.78634841604903],[10.425743874989532,46.78616617622903],[10.4262425266189,46.785916982697145],[10.426576239751927,46.78584082864068],[10.427007921025336,46.78572295429564],[10.42759067902857,46.785558199053156],[10.42790683333273,46.785468761253284],[10.428123255155013,46.7853850669614],[10.428398123700644,46.78528264414486],[10.428697293773507,46.78510792306104],[10.428931461789611,46.784983509827],[10.429163990276953,46.78485911568653],[10.429439635261046,46.784725179593565],[10.42959664016886,46.78459273230275],[10.429814936748043,46.78430202803837],[10.429954770042825,46.78401680352008],[10.430039151565271,46.78392575715788],[10.430111882159135,46.78380454048253],[10.43021324214193,46.78363560453828],[10.430330809525413,46.78349914588397],[10.430464144650918,46.78330849433267],[10.430631626601595,46.78313991479858],[10.430863167226189,46.78294803491835],[10.431239918172869,46.78270484236897],[10.431613976884158,46.78245268296829],[10.431855216605285,46.782256180063335],[10.432366481751174,46.782172527072674],[10.432420997637223,46.78216360671034],[10.432736824545666,46.78215515308234],[10.433060920224959,46.782088098811286],[10.433285566540748,46.78191429887691],[10.433536641183602,46.78174916758677],[10.433678360578577,46.78153590897316],[10.433784503120904,46.78140902559095],[10.43406887810302,46.781072053049485],[10.433987798801668,46.78070650142173],[10.434004934186799,46.780267418698294],[10.433980132559073,46.77982676556101],[10.433980708061547,46.779601776270994],[10.433996901522013,46.77943604411716],[10.434023846427385,46.77916027166359],[10.43409118946261,46.778736461326424],[10.43416547563725,46.7783890587211],[10.434657465899361,46.77795542525899],[10.435064511125885,46.77762184804675],[10.435299073499102,46.77745241927643],[10.43574080677772,46.77706890842638],[10.436147663857557,46.77682082108848],[10.43659857955523,46.776567680405726],[10.436972345760863,46.77633800592462],[10.437213588365394,46.77620448644134],[10.437479131130594,46.77606166188714],[10.437703856839143,46.77589235169392],[10.4379462680903,46.77577231490152],[10.438204314327056,46.77559358569256],[10.43842915563792,46.775428773147446],[10.438787110210656,46.77519029124401],[10.439203759937433,46.77494207068557],[10.439385496273866,46.77484979181753],[10.439736118647126,46.7744899095989],[10.440151847682614,46.774115707029544],[10.440282076376446,46.7739827709222],[10.44035268380537,46.77391069505146],[10.440535076898433,46.773750911365376],[10.44069530822876,46.77349691473099],[10.440853766291381,46.7732069421111],[10.441047304664234,46.77285543035382],[10.441160617793653,46.77264962206429],[10.441378625808882,46.772259907280585],[10.441527872016481,46.77202404457416],[10.441611904267594,46.7718295019298],[10.44163328011256,46.77176736335417],[10.441678757082954,46.771635174767525],[10.441911699065386,46.77122277248827],[10.44197072559891,46.77104204270195],[10.441996810637422,46.77073123819288],[10.44204671273954,46.76987117715495],[10.442039151819065,46.76943480729461],[10.442063883878701,46.76919601504277],[10.44204463679839,46.768914268116006],[10.442031636758314,46.768723957240724],[10.442019211836065,46.768409509942195],[10.4420150045517,46.768346197080014],[10.44199575995497,46.768091799854666],[10.441974754588642,46.76778874847685],[10.441958650570186,46.76733898626828],[10.441959091207373,46.76695651121088],[10.441993280551248,46.76670409983904],[10.442016517503122,46.76663763421439],[10.442135484012042,46.76629733986099],[10.442251517524413,46.76573792134178],[10.442326843444329,46.76546249303671],[10.442393973006508,46.765187167990206],[10.442568808462207,46.76495998214817],[10.442828351124575,46.76453374227021],[10.442961234861158,46.76432958215526],[10.443151964264317,46.76411569300906],[10.443268708350454,46.76392073628757],[10.443386860811756,46.763716761464515],[10.443543203087897,46.76331881956472],[10.443603522770344,46.76300308361537],[10.443744578922649,46.76264583114201],[10.44382015155875,46.762410895483384],[10.443878736321155,46.76218989808338],[10.443896737507963,46.76196896371072],[10.443895442830273,46.761797993122386],[10.4438965332508,46.76153249965211],[10.44391245695107,46.761314984209434],[10.443928935242143,46.76109112624162],[10.443946945204424,46.76078492231458],[10.443880582685948,46.76050678103076],[10.443848838817134,46.76017421237503],[10.443832543763367,46.75971994810134],[10.443775133439232,46.759531686900615],[10.443825205521618,46.759108088142945],[10.443725879094929,46.75866837584916],[10.44365127928458,46.758295845446305],[10.443628067257551,46.75803965866557],[10.443569501529348,46.75771642122255],[10.443478345010089,46.75724510793044],[10.44347864267754,46.75701112278565],[10.443428125790902,46.756804774829895],[10.443412902217188,46.756602483087725],[10.443314350487288,46.756252753695485],[10.44319829513889,46.75592124271705],[10.443123042640748,46.75561621585205],[10.443007441192568,46.7552711999419],[10.442965590291156,46.755051244354185],[10.442916053998502,46.75479088871208],[10.442847958530432,46.75461360673489],[10.442793483487632,46.754459957973864],[10.442668273069101,46.754123565387026],[10.442436210367644,46.75367652494469],[10.442105015574036,46.75285726239895],[10.441996897849476,46.752669639197194],[10.441797519353528,46.752496665783],[10.44160339271912,46.75230327477414],[10.441399851182277,46.75203821081412],[10.441450809364204,46.75200665887434],[10.441607550151693,46.75190960358155],[10.44180633249762,46.751722613605025],[10.441924931805458,46.75153663287549],[10.441982498426507,46.75130192490263],[10.442058048647747,46.751035492594525],[10.44204966047888,46.750905108062135],[10.442037048204291,46.75086339764391],[10.442019046663388,46.75080386268098],[10.441983244871192,46.75068546245813],[10.441934915264756,46.750591578581975],[10.442176048704543,46.75048954690956],[10.442558962539179,46.750426224275536],[10.442833654266128,46.75035526576585],[10.443356382198552,46.75019568435604],[10.443753903999596,46.75007107789196],[10.443896860595009,46.750026877221245],[10.444369583355499,46.74989492017461],[10.444628962749439,46.749833150863644],[10.444901194655111,46.749754285520936],[10.444986246167666,46.74972964580103],[10.445266904257783,46.7496676063113],[10.445559723789128,46.74963240867695],[10.445733647173743,46.749526719812536],[10.445989932705553,46.74922650332904],[10.446313931562218,46.74885793535338],[10.446504355034792,46.748635045410616],[10.446811724553129,46.74837917696732],[10.447115020882045,46.74814752240809],[10.44730988022223,46.748219889003806],[10.447593938683017,46.748346784953185],[10.447817961592168,46.74849243944797],[10.44813337837324,46.74865943514951],[10.448284391532692,46.748707020090556],[10.448649943343778,46.74872939043995],[10.44937322953949,46.748787724759396],[10.449830397252068,46.74880893167703],[10.45030527352693,46.74903239548889],[10.450630343880858,46.74913176694935],[10.450820777842868,46.74921484607849],[10.451103434460494,46.749319253654924],[10.451479245523597,46.74944947684075],[10.451794296871247,46.74957147042021],[10.452012064632184,46.749636201175015],[10.452158701693788,46.749611841880075],[10.452457874410841,46.74963054283827],[10.45276305643957,46.74968966370909],[10.453042687616104,46.7498031033394],[10.453485313593845,46.750013466297375],[10.453747920522787,46.75016311778935],[10.45425795758133,46.75035462168054],[10.454521697569083,46.75045476156965],[10.454660941510033,46.75052048546776],[10.454987844587492,46.75067685450439],[10.45524888348362,46.75077848945473],[10.455514164222969,46.75090560545048],[10.456128232522294,46.75110027634449],[10.456417210927325,46.7511955910017],[10.456724914481649,46.751317664523285],[10.457140320834474,46.7513978686734],[10.457423338962707,46.75148425736282],[10.457970726083895,46.751603274293906],[10.458559782760664,46.75178025217851],[10.458866983559295,46.75185283002966],[10.459140881575449,46.75193483108764],[10.45949030925992,46.752056365071574],[10.459739340833199,46.75215668054117],[10.46008608062499,46.752269246766204],[10.46041908615043,46.75232799216188],[10.460849850035219,46.752430485148935],[10.461324630422922,46.75249641703925],[10.461938629913384,46.75259656555791],[10.46222905798747,46.7527143453359],[10.46248630679221,46.75284604746644],[10.46290050271649,46.752971241024554],[10.463565688109295,46.75305722827336],[10.464022682007585,46.753100877255385],[10.464664041304761,46.75309266911449],[10.465312282959404,46.753066370577976],[10.465652869523227,46.75310250623068],[10.466375173227625,46.75315174635568],[10.466858884129003,46.75315454551984],[10.467389672242245,46.753233233206394],[10.468245971527523,46.75333473897551],[10.468893661978356,46.75343891750832],[10.469226238982744,46.753511141771284],[10.469874254206303,46.75359731102288],[10.470223317179949,46.753673821166835],[10.471135201233542,46.75401307332058],[10.471616050877447,46.75424087241551],[10.472180227463479,46.75446309682396],[10.472479926107068,46.754589730632084],[10.47291820474194,46.754876566830994],[10.47307437191903,46.75508154095993],[10.47337419737872,46.75521267045171],[10.473928777947322,46.75550250475624],[10.47422663903851,46.755651655972116],[10.474534487622584,46.755656688448134],[10.475157428774844,46.755752151142815],[10.475524353181099,46.7557924157184],[10.476138010855278,46.75584749671322],[10.47673706545019,46.75590726075431],[10.4773774690587,46.75595299057815],[10.478714553447558,46.7561562001926],[10.478946981759387,46.7562161923458],[10.479279010232641,46.7562973929076],[10.47962655365957,46.756436888410036],[10.480033777958374,46.756544113241986],[10.480348936865433,46.75675601916872],[10.480614429449924,46.75688757387318],[10.480829900273134,46.75701527569281],[10.481092498501779,46.75725035901407],[10.481490766416993,46.7576276735155],[10.481672290838253,46.757800809902726],[10.482022216166635,46.75797500917164],[10.48208634043601,46.758006931635876],[10.482237291686811,46.757811489828654],[10.482456217135391,46.75749817768293],[10.482616421823957,46.75707313439563],[10.482735708338899,46.75679710913323],[10.4832011450964,46.75666958576754],[10.483552098723203,46.75657504348775],[10.483859420262098,46.75653056049474],[10.484142855750683,46.756540383381974],[10.484865012773538,46.75661200792806],[10.485438469234225,46.756663059276576],[10.485995125364227,46.75672782673669],[10.486726705563354,46.75684431380016],[10.48738342206457,46.75691677184418],[10.487690906757733,46.756908274655096],[10.48804016510559,46.756930730129994],[10.488406555034553,46.75692146493184],[10.489039426140739,46.75684123684444],[10.489670879978998,46.756828517782],[10.490228405618925,46.75662777217137],[10.490587022917945,46.756495970032],[10.490837665235723,46.756403851440695],[10.491070672583902,46.7563063222303],[10.492029921031298,46.75598334157178],[10.492688814317946,46.755749763465964],[10.49343782893867,46.755519506752776],[10.494104327022177,46.75529482053008],[10.494338194166987,46.75522877197078],[10.494929609681861,46.75498256405344],[10.495087583721896,46.75494257315167],[10.495219891090096,46.75490908018939],[10.495529369179698,46.75483073701524],[10.496137383520352,46.754651800877554],[10.496662043815839,46.754536948095314],[10.49690969531853,46.75447360363853],[10.497360974692638,46.75436131582395],[10.49767004669929,46.75426277674503],[10.49776883180628,46.75423438126323],[10.498242432065027,46.7540979936269],[10.49888702743138,46.75394086506854],[10.499261401114232,46.75383696563184],[10.499635212803048,46.75374207436889],[10.500077629632774,46.75358328619136],[10.500378061555256,46.75349835295013],[10.500727438290578,46.75346677298844],[10.501017905108318,46.7534944595938],[10.501708279928032,46.75351239960496],[10.50238026024653,46.753575571874066],[10.502896833407021,46.753582286794675],[10.5036366472084,46.75367155957877],[10.504309893900853,46.75377970236554],[10.50463490658935,46.75378442814583],[10.505265805218635,46.75387062204472],[10.505696847299168,46.753950443333025],[10.506179370405567,46.753998088537166],[10.50648179532456,46.754028702329265],[10.50698551163931,46.7540331256472],[10.507160784519654,46.75403466243513],[10.507891563610643,46.75409252813113],[10.508133010523258,46.75409384556894],[10.508450319052349,46.754109382969894],[10.508490750008585,46.7541096625747],[10.50862341211542,46.754109559456595],[10.508798027846996,46.754112076128976],[10.509247212136433,46.75406459123505],[10.509284342609602,46.754060668206414],[10.50932251947926,46.75405553355027],[10.509489179688039,46.75403996734561],[10.51006295336371,46.754014397571204],[10.510786551581473,46.75399134638699],[10.510980010832501,46.7539905574383],[10.51138631919495,46.75398792509201],[10.511793139049633,46.75399154988447],[10.512068075820489,46.75401941453167],[10.512433741407683,46.754073077275585],[10.513247588807335,46.75411631257833],[10.51385326511786,46.75426578718736],[10.51426179589315,46.75435937396707],[10.514891082010447,46.7545040327464],[10.515248516580044,46.754584792594194],[10.515514707125737,46.754680259837556],[10.515688592211355,46.754781449833416],[10.515895441220431,46.75494969608655],[10.516077823658083,46.755149764743834],[10.516519172279027,46.75544989341369],[10.516712423928261,46.75548332921421],[10.516985288524003,46.75552470852629],[10.517251481301626,46.75556167599054],[10.517498294380466,46.75560789830432],[10.51788022412028,46.75565682916681],[10.517998659436246,46.75567775628125],[10.518464778218329,46.755752564433784],[10.518737646725226,46.75579393951539],[10.518914984590307,46.755814082919144],[10.519099245249155,46.75584763404495],[10.519370224305574,46.75588003336461],[10.519552975753848,46.75591810347035],[10.51968777524642,46.75593881150773],[10.51996718762237,46.755980096742356],[10.520148876515806,46.756009179772576],[10.520334776039777,46.756042707135066],[10.52050650870862,46.75606742402089],[10.52058857041732,46.75607533281017],[10.520762890618927,46.7561045127933],[10.520944327186305,46.756124599474965],[10.521150293400822,46.75614435975833],[10.521288363756025,46.75616502242517],[10.521473884619478,46.75618505486276],[10.521649156896435,46.75621872050521],[10.521840524769713,46.75624317335846],[10.521998356416203,46.75626807199777],[10.522172551288138,46.7562927527309],[10.522360089143904,46.756326255007465],[10.522527866355869,46.75635552025763],[10.522706160035693,46.75638014563679],[10.52287298487538,46.75640492248576],[10.523069402307605,46.75643380574525],[10.523240452602348,46.75646302728109],[10.523415206589144,46.756478699339766],[10.523588716660305,46.756507885804574],[10.523781722541058,46.75653231359977],[10.523937363110042,46.75656623808399],[10.524132132429957,46.7565951432704],[10.524329489565835,46.7566285106192],[10.52448039801442,46.756639999059736],[10.524597201692787,46.75666094108432],[10.52466687307563,46.756664512376844],[10.524777006528229,46.756681043431364],[10.524917781083106,46.75671066412129],[10.52510179576701,46.75673521042043],[10.52518411296134,46.75675211184797],[10.525232514030945,46.75675596632551],[10.525386047636273,46.75668642362224],[10.525464414530084,46.756723421741135],[10.525519411738198,46.756728592051935],[10.525659834400514,46.75669971541419],[10.525829458539759,46.75667709160208],[10.526016988594973,46.75665551473043],[10.52617971802384,46.75662184747099],[10.52635320290256,46.756592535270855],[10.52644212735833,46.75658234963184],[10.526501333302896,46.75656356107505],[10.526539204066168,46.756513557648425],[10.526634705396361,46.756417791280256],[10.526694228780439,46.75638099970667],[10.526770874924537,46.75637097674155],[10.526852379225842,46.756387888716326],[10.526931552441948,46.756409330512085],[10.527013487096713,46.75641273671851],[10.527106289753542,46.75636650054239],[10.527198740924572,46.75635217704354],[10.527252447818348,46.75629677478343],[10.52728854578159,46.75625269293634],[10.527335909511283,46.75619640697726],[10.52737526633984,46.756142218537185],[10.527392534410446,46.75611439514389],[10.527485082668447,46.75595647483092],[10.527558312046228,46.755883502461685],[10.52762695237507,46.75585108835034],[10.527685598540758,46.75584130599153],[10.527725103943471,46.7557912830383],[10.52779205997824,46.75565806989251],[10.527831589840904,46.75559187475692],[10.527876129231556,46.75554628420048],[10.527989279242279,46.75555377163935],[10.528111037441382,46.75554764588675],[10.528199451102338,46.75551946791454],[10.528353104539475,46.755454420173514],[10.528590945336461,46.75535674983652],[10.5287303827722,46.75530989019156],[10.528823435242991,46.75527264951333],[10.528858347703899,46.755204687946495],[10.528867510402753,46.75512357232954],[10.528869874010292,46.75503354641899],[10.52885538534957,46.7549842445325],[10.528829933429185,46.75489458939042],[10.528743231057405,46.75475175927146],[10.528695511187815,46.75468490177668],[10.528656161867376,46.75459543406989],[10.528610205581565,46.75453305264785],[10.528542724147627,46.75446195942725],[10.528502185276352,46.75441750427486],[10.528443826031058,46.75435078880321],[10.528404111926767,46.754306322597856],[10.5283631289583,46.754275372343464],[10.528310198929397,46.75422658386785],[10.528238448456891,46.754178044948105],[10.528122503508143,46.754071602302886],[10.52801550510121,46.75399203719303],[10.527868050078494,46.75395800894661],[10.52776843670054,46.75393684072643],[10.527716511527405,46.75392403503408],[10.527656721961403,46.75389333653238],[10.527604731552781,46.75384903395549],[10.527535635490532,46.753808156293225],[10.527485724421407,46.75377862892304],[10.527369035421625,46.75370369134936],[10.527188270153612,46.753562114750046],[10.527123388539476,46.753506415360555],[10.527021788571886,46.75343384624995],[10.526912469938571,46.753358811642464],[10.526940443674727,46.75327744332228],[10.526975028204875,46.75321929237257],[10.527018862650184,46.75315500189997],[10.527050412508494,46.7530861192107],[10.527084509750276,46.75304131625865],[10.527115805684138,46.752996123215965],[10.527140901165778,46.752928293175174],[10.527171335023999,46.75284689285629],[10.52719974045258,46.75279709110753],[10.527250723735067,46.7527603403113],[10.527371887215153,46.75264623112123],[10.527390679098444,46.7525874845147],[10.52740419322631,46.752515309340474],[10.527415756423993,46.75246115890033],[10.527400888468557,46.75239836105598],[10.52737814340359,46.752317671469754],[10.527392659358677,46.75222298545352],[10.527386274841238,46.752142076562755],[10.527364608657399,46.75207037101519],[10.527360381760971,46.75200743291244],[10.527360095064799,46.75188144588173],[10.527387987332881,46.75171008594505],[10.527406348704012,46.75146235787464],[10.527422438471838,46.75139464797492],[10.52742756814243,46.75128658732085],[10.527426231992601,46.751210111599725],[10.527449103623049,46.75109281474217],[10.527442416116902,46.75102990768135],[10.52746454007554,46.75094411941807],[10.52748811221142,46.75088080838735],[10.527523530811287,46.75083084001777],[10.527620833782386,46.75071255029455],[10.527645865797627,46.75067171900933],[10.527612682645122,46.75056866953989],[10.527598434184902,46.750469867834326],[10.527655964020598,46.750334109487],[10.527696527715449,46.75023457414026],[10.527762680160643,46.75008520157848],[10.527794366212829,46.74999028620709],[10.527833596357551,46.74987276991191],[10.527864536089659,46.749809361309254],[10.527906339227487,46.749696311201724],[10.527935085638054,46.74964193121784],[10.527975017725005,46.749578402496624],[10.528062578967978,46.74949173929216],[10.528125553243044,46.749432402454204],[10.528163290580446,46.74937790322816],[10.528188450030079,46.74934156888729],[10.528224295653912,46.74927809555547],[10.528250453887024,46.74921925038169],[10.528258300634993,46.749178647592295],[10.52826401590596,46.74912007636952],[10.528377716695868,46.74891607309373],[10.528434143919956,46.748654339015864],[10.528467952657138,46.74851676694476],[10.528509994489136,46.748356347108604],[10.528547010248797,46.748189363675564],[10.528585203963305,46.74797736952272],[10.52868341483356,46.74774657388226],[10.528731421854054,46.747534447650175],[10.528816049490418,46.747141845887455],[10.528916574651799,46.746848024504274],[10.529063096536671,46.746589583941144],[10.529223431194884,46.746240965905216],[10.529451068852925,46.74584195240482],[10.529598221896292,46.74560600286074],[10.529694649284739,46.74541579109548],[10.52969462877383,46.74513128748581],[10.52970798265095,46.745055557540475],[10.529717113761347,46.74500377104602],[10.529731150850193,46.74492415053878],[10.529762845927324,46.74474436236538],[10.529808502649644,46.74459200293255],[10.529863026352656,46.74441004661632],[10.529961724555065,46.74382200644268],[10.530003550175548,46.74353523150106],[10.530031017195746,46.74343587123558],[10.53011609707912,46.74340811874895],[10.530157581291817,46.743390892640065],[10.530310942964618,46.743335649889566],[10.530358257189787,46.743319000883524],[10.53049389869993,46.74325942682677],[10.530939612114173,46.74306393362525],[10.5309760382407,46.74305052853155],[10.531123321595878,46.74300278779256],[10.531478328957304,46.74276855362783],[10.53170752826829,46.742598997289875],[10.531943777590925,46.74244734481433],[10.532054808401721,46.742033412840165],[10.531987712025373,46.74180330212488],[10.531967342049954,46.741581541685434],[10.531895510842775,46.741435080387575],[10.531865190595367,46.74137747644539],[10.531847561371299,46.74101446125409],[10.531842714462204,46.7409593069488],[10.531833864972777,46.74067529479684],[10.531844757360794,46.74062778260698],[10.531837664483552,46.74054990437447],[10.531830964371773,46.74044282244236],[10.531813752343782,46.74016775420415],[10.531954510298847,46.73990938767646],[10.532037442518671,46.739602298769846],[10.532178572321504,46.73929893102589],[10.532223947326864,46.73916783255361],[10.532320561006243,46.73896855258582],[10.532403617317135,46.73866596228313],[10.53253756286022,46.738340190945365],[10.532727078822358,46.73775269419899],[10.532832180608882,46.73753530039671],[10.532966167207027,46.737182530728596],[10.53301427787955,46.7369749014902],[10.533036217584444,46.73676762109633],[10.533076193385623,46.73653310270411],[10.533107967726284,46.73639262152516],[10.533123719582289,46.736321095834185],[10.533138032047336,46.736168598684095],[10.533147300828897,46.73606868404865],[10.533240741059988,46.735680572290086],[10.533274736351744,46.7353818397104],[10.533293246367506,46.73529801267516],[10.533349770744028,46.73504454195575],[10.53375279334426,46.735178630236845],[10.534015904482553,46.735283095279904],[10.534312551631016,46.73538710909192],[10.53454164282498,46.73553252631809],[10.534819200298905,46.7357132904196],[10.534997165258641,46.73587289162469],[10.535046878045634,46.73590740859656],[10.535140916110228,46.735975332245225],[10.535167705698692,46.735993805776666],[10.535323659075553,46.7361069860738],[10.535590992282737,46.736359880470324],[10.536153121265237,46.736478325668756],[10.536600109304786,46.73657581611607],[10.53696313040341,46.736683431290906],[10.537185594787045,46.736738938513085],[10.537465132896862,46.73681617679527],[10.537762164263638,46.73693367645019],[10.538067133371205,46.737042069253796],[10.538389314319138,46.73712323080107],[10.538669979764645,46.7371824522379],[10.538915273509462,46.73735014121779],[10.539243290475993,46.737521215574],[10.53972879407511,46.737735168348266],[10.540006961392375,46.73782141733674],[10.54036294254219,46.737911118636944],[10.540610588829294,46.73798877769357],[10.540787889086484,46.738041298003814],[10.540959392005403,46.738089402734545],[10.541221628913881,46.738129038699796],[10.541560487907661,46.73815057260245],[10.541903331794707,46.73816439513365],[10.542140231145373,46.73817468513186],[10.54230822952043,46.738177097575225],[10.54271443760718,46.73800542699677],[10.543083249299464,46.73785646348754],[10.543168682737214,46.73781246520676],[10.543369466417948,46.73770861297175],[10.543580209445613,46.73761127565275],[10.543687649365966,46.737449586870554],[10.543737092411984,46.73737517620235],[10.54390549217134,46.73724592725837],[10.543939634877733,46.737219453837724],[10.54410395645221,46.737014751290204],[10.544436507961633,46.73662779023679],[10.544661347452186,46.73633677496887],[10.54480857192512,46.7361637982064],[10.545276449561714,46.73601798959423],[10.545601889085798,46.73595509863282],[10.545870338316224,46.73590197435318],[10.54628528797956,46.735936865127194],[10.546536404198985,46.73589356147253],[10.546660840021666,46.73586043105721],[10.546828341847467,46.73581703134239],[10.547122664529663,46.73569605989385],[10.54760305163361,46.735473578780166],[10.547893340657591,46.73515467361157],[10.548105237843327,46.73501231628618],[10.548201141487688,46.7348760279166],[10.548609271160974,46.734501529959644],[10.54876285151734,46.73435096134386],[10.54907062187287,46.73403052505605],[10.549124170913824,46.73397375188695],[10.549531826585776,46.73358010270123],[10.549999122560617,46.733186800480304],[10.55029789863682,46.732908271282824],[10.550525325298825,46.73276569896912],[10.550805672867313,46.73258641135915],[10.550991564810577,46.73242190353538],[10.551325491155476,46.732228389219536],[10.551473499150797,46.73214088811841],[10.551824683073955,46.731905994930486],[10.551870974381245,46.731947513851736],[10.55201560515876,46.73207503959967],[10.55235615976119,46.73242589406954],[10.552588131405939,46.73275572260939],[10.552860944128362,46.733111996294255],[10.553036333598444,46.733379596187824],[10.553197078028601,46.733593399236725],[10.553308987132556,46.73375836758845],[10.553438664897856,46.733887097951566],[10.553658079143458,46.73406410620628],[10.553893218012071,46.734228745909974],[10.553945785960174,46.73426272904746],[10.554302474900533,46.73456831840423],[10.55457074770168,46.73479415681793],[10.554831481612146,46.73495710139837],[10.555078664027304,46.735075233581306],[10.555356321587238,46.735228948456474],[10.555756737690672,46.73549798538275],[10.556026267177472,46.735710304208816],[10.556344313825564,46.735930962703826],[10.556519116925468,46.73623456355936],[10.55674800358171,46.73665441925895],[10.556910196589714,46.736832199795515],[10.557130446774243,46.737009189963345],[10.5574086041638,46.73720788900995],[10.557619479725656,46.73737150677556],[10.557816398771633,46.737476818237454],[10.558409319359331,46.7376397308298],[10.558482721291465,46.73765606379472],[10.55854271051048,46.73766941254346],[10.559244948737694,46.73782183223193],[10.559765685811197,46.73794972490963],[10.560053005252746,46.73804030010397],[10.560275724773948,46.738131757365046],[10.560619906365439,46.738293550677106],[10.560900521890009,46.738406714523784],[10.561088156722114,46.738530145762304],[10.56138059013153,46.73876913753133],[10.561747058965556,46.73907911387197],[10.562063261862518,46.73937627535581],[10.562268780004635,46.7396635415717],[10.562162805558948,46.73973489120852],[10.561928734719737,46.73976058535501],[10.561605516809248,46.739702001768116],[10.561301474603933,46.73957116060403],[10.56070719119818,46.739390282854636],[10.560354986441512,46.739206099908216],[10.559956363940344,46.73888755905363],[10.559637941941011,46.738626418591906],[10.559292433937612,46.73853213482266],[10.558943999851808,46.73847838706617],[10.558711482580296,46.73847255655919],[10.558435763294055,46.738557305997645],[10.558509465193298,46.73873343494934],[10.558535960911163,46.73879675179709],[10.55859303367238,46.738933137392074],[10.558865367106495,46.73929840060561],[10.559151669378041,46.73943848936577],[10.559628103046332,46.739674978872486],[10.559709077685847,46.739759368172926],[10.559795192627055,46.739965179770586],[10.559877495595323,46.74035102981612],[10.5595869132183,46.74034599271037],[10.559314176037462,46.74025071703679],[10.559076678139096,46.74010096518614],[10.558848358886136,46.73992858755262],[10.558563298365698,46.739689488925464],[10.558184249361238,46.739595658717896],[10.557549553047163,46.739374817773566],[10.557349616512886,46.73936404036548],[10.55678574654015,46.73935821424655],[10.556665581374187,46.73950383920727],[10.556734385811362,46.73970538983413],[10.556896330461932,46.739874173423196],[10.557108721241244,46.740033271768525],[10.557363249278698,46.74017829710347],[10.557448627200207,46.740415617374],[10.557557118814431,46.7406886213019],[10.558103321197509,46.740762178624756],[10.55854139120713,46.74085970480706],[10.558436777433807,46.74109061287501],[10.558371677493302,46.74132998291306],[10.558304686163492,46.74164587330931],[10.558586802944047,46.74166902774497],[10.559099869688007,46.74175653165241],[10.559529173015456,46.74189016919262],[10.559972733461507,46.74206411059667],[10.55972087137317,46.74216440906227],[10.559645142417766,46.74219456786036],[10.55938732104648,46.74229685018889],[10.559057858409563,46.74242755535405],[10.558925491818423,46.74249158421325],[10.558780274614833,46.74256182837332],[10.558199867958265,46.74274972269589],[10.557895966861189,46.74258856343435],[10.557438779276136,46.74234611451144],[10.556912873537545,46.74209679012869],[10.556591351212889,46.741984173992584],[10.55643780765465,46.74194640194344],[10.556334837816575,46.74191616628104],[10.55621785157529,46.74188537962612],[10.555964049672555,46.74182171959476],[10.555683131280272,46.741726546543056],[10.555090089678105,46.74153212372128],[10.5546293703891,46.74137689295221],[10.554409351732941,46.741301610306884],[10.55425864713332,46.741250222114246],[10.553932695766662,46.74113936045165],[10.55334344797932,46.740939392830555],[10.553261245266327,46.74092320844797],[10.552999935422932,46.74087939738394],[10.552961976825804,46.74087370754787],[10.55267224662751,46.74090197766758],[10.552443895470727,46.74091483885309],[10.552399157357005,46.74092242039629],[10.552349490614219,46.74095362194304],[10.552226781475962,46.74105804068503],[10.552086850120094,46.74128492325339],[10.55194281465884,46.741426367308705],[10.55201707295108,46.741704339539915],[10.552150245141474,46.74204000928222],[10.552106238667152,46.742151507280184],[10.55197300239666,46.742487108388005],[10.551909924321661,46.742646226865936],[10.551897181644941,46.742772389941585],[10.55233465742957,46.742905946301306],[10.552639379647172,46.74303230141794],[10.553274865922903,46.74319466381115],[10.553760265388135,46.743372560030494],[10.554132061238217,46.74349800117694],[10.554352426030489,46.74362063430372],[10.554611899936992,46.74376331716128],[10.55491139315971,46.743910381816484],[10.555443677391404,46.74418212704153],[10.555647349694217,46.744350344100525],[10.556113477783446,46.7446544834616],[10.556758929618553,46.74510467062704],[10.557049358354012,46.74541569633034],[10.557366090650202,46.74573086113556],[10.557730350148587,46.74607687845965],[10.55793218953826,46.74629461287106],[10.558134584093278,46.74650334359757],[10.558256256221739,46.74663667699977],[10.558548368490973,46.74692067602932],[10.558919932176948,46.7473205843949],[10.559280868826665,46.74768620930836],[10.559358234439017,46.74776457968058],[10.559472986934027,46.74785262769906],[10.559559906069712,46.747919318838484],[10.559813754740455,46.74809584652382],[10.560084852445943,46.74821814138368],[10.560542904792241,46.74849537372314],[10.560851964547565,46.74877013810276],[10.561308073701536,46.74917788459147],[10.561519093497532,46.74937299072756],[10.56178669132448,46.749571822063245],[10.562014813150313,46.749735196973454],[10.56225260896922,46.7498939387563],[10.562438718668986,46.75007588427039],[10.562795115225832,46.75040255227449],[10.562819855306207,46.75042631732862],[10.56321242179089,46.75063064675614],[10.56331799409612,46.7506848284445],[10.563523462316308,46.750970000285434],[10.563690066445744,46.75115670817081],[10.563888881656837,46.75132497952185],[10.56441172695713,46.75160581123325],[10.564676408503315,46.75175967975948],[10.565082856245773,46.752033100761224],[10.565372560136046,46.752231621271484],[10.565912257184863,46.752471718447204],[10.56616931791651,46.752616690253305],[10.566384116804862,46.75277123762105],[10.56655856668472,46.75291733948598],[10.566972797763839,46.7532896382865],[10.56726985397709,46.75351505404227],[10.567585723445438,46.753740209467594],[10.567916909814254,46.75392915760215],[10.56815733255774,46.754092349833144],[10.568430608911116,46.754259591776325],[10.568630202102222,46.754369346575544],[10.568912774288142,46.754518462110696],[10.569154345694368,46.754636640619566],[10.569973713950118,46.75509336597696],[10.570364471602941,46.75530398706144],[10.570606691188411,46.7554124271009],[10.5706406694831,46.75543068652476],[10.57076263115673,46.75548750803296],[10.57087820000296,46.75563441070903],[10.571016830782385,46.75587099013577],[10.571166536511974,46.75609391737843],[10.571372614296163,46.756482559136316],[10.571496756462837,46.75686782623216],[10.57152001373188,46.756922588221926],[10.57157845561678,46.75706018922032],[10.571637967927575,46.757257055104795],[10.571722809918391,46.75754091709904],[10.571742363535652,46.757602397533226],[10.571824692293971,46.75784424900022],[10.571947991495545,46.758031541426426],[10.572088899780486,46.75820509184393],[10.572140121854465,46.75827946511133],[10.572254677482615,46.758445796362366],[10.572279790962707,46.75849629938509],[10.572365006500341,46.75866198257517],[10.572459526237184,46.75884795105073],[10.57265770360412,46.75924569737484],[10.572714424175789,46.75937161235733],[10.572830950249093,46.759630287925056],[10.57297182524681,46.759830835719505],[10.57302130627716,46.759956146317634],[10.573061598769762,46.760131079627705],[10.573217048098465,46.760578908753565],[10.573266924723862,46.76083020463408],[10.57343091164555,46.76120592126892],[10.573561075716258,46.76160010240172],[10.573751353553641,46.76200695556556],[10.573905833131931,46.76246421208768],[10.574238930142165,46.76272919323006],[10.574454105268892,46.76283872429358],[10.57505986525935,46.76314986287681],[10.575716607142867,46.7634692972998],[10.57614715181596,46.76366585151941],[10.576528525780574,46.76380458680946],[10.576761065240369,46.763891375013635],[10.576845151963832,46.763927767764756],[10.576926479887687,46.7639629646664],[10.57748365553161,46.76399840638849],[10.577832632557923,46.763980095495036],[10.57809748335267,46.763940445511494],[10.578629468470055,46.76391060858044],[10.579103118080143,46.76384557691555],[10.579634992704053,46.76378423912868],[10.580124846931367,46.763741477866176],[10.580417133813569,46.76368794459096],[10.580707373261516,46.76362093983775],[10.581014120198196,46.76355820592052],[10.581354561054553,46.763472507144655],[10.581620550979052,46.763387836526626],[10.581952446211625,46.76326175704315],[10.582309993090261,46.763117323162305],[10.582397128045146,46.763110997492234],[10.582446728436711,46.763105875731185],[10.582532530907471,46.763099440595994],[10.582624602954228,46.7630919062496],[10.582857825923929,46.76304225155433],[10.582925952988052,46.76304459112348],[10.583231436087198,46.76305508020108],[10.58349757820437,46.76308739458518],[10.583702738984071,46.76309178062812],[10.58388087496634,46.76309558827905],[10.584179743026436,46.7631274471475],[10.584480062405303,46.763208783335635],[10.584844912714637,46.763257725402305],[10.585128341218008,46.76332129515967],[10.585471662358831,46.763501023992326],[10.585787289358302,46.76368563619876],[10.585928367336216,46.763770666690995],[10.586239752619903,46.7639583431203],[10.58646507450147,46.76405803574364],[10.586681778704039,46.7641547003574],[10.58724839876281,46.76441232024741],[10.58756535913728,46.76450241682797],[10.588031411248611,46.76468043499123],[10.58857338327095,46.764906894502836],[10.58881576587862,46.764993521556306],[10.589281660301605,46.76505454714568],[10.589889241194507,46.765118100001075],[10.5902300092059,46.76512686338525],[10.590569715332059,46.76509964313997],[10.5909124302847,46.76506338070494],[10.591278317833364,46.76503579431347],[10.591617759076549,46.76499957529239],[10.592267831705534,46.76497703154959],[10.593496533521172,46.76489692971038],[10.59390938045472,46.76489915086674],[10.594195666875471,46.76490068976237],[10.594304109440735,46.764895989400635],[10.594436867524017,46.76489193372499],[10.594496993455866,46.764886615067],[10.594861290925778,46.76485091655651],[10.595749249361258,46.76473504433832],[10.59616516758289,46.76471124420247],[10.59649823200388,46.76462560323979],[10.596862785180377,46.76455302085722],[10.597045819616307,46.7645144679146],[10.597619599110505,46.76437596800504],[10.597991373057463,46.76429878151896],[10.598299352979382,46.764195486037295],[10.598638995467185,46.76405575174722],[10.598839380761468,46.76395758660117],[10.599062060652924,46.76377536068729],[10.599375416584202,46.76338400800115],[10.599549674665235,46.7632150849531],[10.599729759712558,46.763077576986205],[10.599928829824067,46.76290971123342],[10.600152993698885,46.762720684090255],[10.600384226117075,46.76256896072961],[10.600625261591208,46.76244409780874],[10.60090669569844,46.76224667522308],[10.601213193381422,46.76209389704041],[10.601469800850682,46.761914818290116],[10.601936043670445,46.76184979473928],[10.602450164750842,46.76173788436894],[10.60275692412483,46.761820300028965],[10.603607285506959,46.761956874253485],[10.603957114090207,46.76205096356708],[10.604224162058117,46.76216871087895],[10.60438708372141,46.76222903314712],[10.604629439593365,46.76231876429264],[10.604774514013737,46.7623724778989],[10.605416079288931,46.76258846239236],[10.605923646154872,46.76272982784428],[10.606249362515195,46.76281074865162],[10.606623613323515,46.76289998817995],[10.606948117291923,46.76294042694085],[10.60722354281317,46.76298155510154],[10.607446759249106,46.7629739196655],[10.607779659131207,46.76288374841338],[10.608401411817978,46.762708522764804],[10.608751095641027,46.76260461280732],[10.609032412075576,46.76256915928756],[10.609349988152045,46.762569192474196],[10.60957480138719,46.76264252549491],[10.609990901967683,46.76276266211104],[10.610341149851372,46.76287022413865],[10.610982474249564,46.76307717967045],[10.611208366049762,46.76318649080387],[10.611707388628261,46.76328745384033],[10.612282087844074,46.76340084917044],[10.612772824962708,46.76344342942351],[10.613413425992688,46.76348839408417],[10.613705046084975,46.7636057727749],[10.614082565580086,46.763693881686244],[10.614345992464688,46.76377221770099],[10.614411267817017,46.76380171719987],[10.6144521974125,46.76382021560606],[10.614688338668321,46.76391587621751],[10.615197264469142,46.764156175133444],[10.615408319578668,46.76433070773478],[10.615481898073083,46.76439345448906],[10.615700221379537,46.76456953530715],[10.615774557789805,46.76462948856967],[10.616008759996769,46.76479716864459],[10.616193620960036,46.76492954691249],[10.616542930104252,46.76505960248858],[10.616802442710645,46.76516329162201],[10.616901332483897,46.765220681548485],[10.617042882605919,46.7653000190565],[10.617510651599599,46.765531889967804],[10.617621331127426,46.76558175832935],[10.61788655052893,46.765702062613585],[10.618195056754576,46.7659451819755],[10.618279418629657,46.76605647979537],[10.61839675826755,46.76625730549375],[10.618466156410172,46.766688292630256],[10.618568751509732,46.76691632384628],[10.618594857078016,46.76713193891743],[10.618695293828798,46.76734200274214],[10.618920741582363,46.76762679128853],[10.619006219801795,46.7677061934637],[10.619207024741653,46.76789272067614],[10.61931620692471,46.76803966474118],[10.619432645592365,46.76810565315799],[10.619496237729958,46.76814195277871],[10.619584793250684,46.76819188039539],[10.619649296955934,46.768228435208115],[10.619925263345552,46.76839551600559],[10.62016671622252,46.76855858518189],[10.620334681906746,46.76870019529688],[10.620469341842156,46.76893227213327],[10.62063872369637,46.76933934154797],[10.620690581856651,46.76967608336771],[10.6206691884866,46.77005435798938],[10.620754050696934,46.7703456337326],[10.620762047228554,46.77050300898548],[10.62079784788716,46.77071398554022],[10.620898840094886,46.77094203905153],[10.620941609597633,46.77111241977888],[10.621059359284104,46.771353733849764],[10.62115340128594,46.77156838567134],[10.621277849405311,46.77176010731134],[10.621388665125245,46.77198802026137],[10.621631487542112,46.77222306161218],[10.621916697966434,46.77256099401638],[10.622251401012052,46.772938720126604],[10.62245223538548,46.77313835765478],[10.622594576244044,46.77329832731526],[10.622804138188094,46.77351583823143],[10.622980158360033,46.77370682651765],[10.623173235844183,46.77389307468153],[10.623315564472177,46.77408004072454],[10.623525010862386,46.7742660551532],[10.623960261753469,46.77461085266212],[10.624168900874437,46.77476987934351],[10.624385035016395,46.77490629999043],[10.624695013181123,46.77505938730641],[10.625013030633294,46.77520785993624],[10.625212813383278,46.77531751322579],[10.625730077529212,46.77558464465269],[10.626338187307269,46.77582348449474],[10.626906482224136,46.776071885666795],[10.627448060421418,46.77622167220841],[10.62787316416016,46.776337115105036],[10.628130252343208,46.776391952856606],[10.628464392579126,46.77650418911518],[10.62896369614193,46.776663569482025],[10.62951496349199,46.776862703753324],[10.63000718750588,46.777031179726514],[10.63035741965805,46.77716117988515],[10.630682835280734,46.7773095304276],[10.630978180493312,46.77741464839869],[10.631266308746671,46.777517198395365],[10.631358906795473,46.777540187208345],[10.631574825371496,46.77759379263004],[10.632231546902762,46.777759912350675],[10.632490554768907,46.77782371315784],[10.632824162556986,46.77797194072497],[10.633241239079236,46.7782269688434],[10.633427676323207,46.77843579186676],[10.633619643082046,46.778709955406235],[10.633971716869038,46.7790357572394],[10.634122966885519,46.77925380195172],[10.634248717313971,46.77948598775052],[10.634366554818316,46.77970028866279],[10.6345025235516,46.779945827212856],[10.634547954356952,46.78013640417075],[10.634604944322916,46.78038083177242],[10.63469071975377,46.78078007668864],[10.634837807291676,46.780948732140935],[10.634862713807577,46.7809866819344],[10.63497782681705,46.781176443925254],[10.635021984195333,46.78124388569391],[10.635104122374136,46.78137262450623],[10.635254974446328,46.781595451089586],[10.635413203638764,46.78176417693638],[10.635581383753532,46.78196425797926],[10.635849543164625,46.782194406190335],[10.636117320448866,46.78242998222881],[10.636141452067815,46.782451213061314],[10.636267625685718,46.782561900429656],[10.636652555103645,46.78275438040147],[10.63684735971501,46.78283138095598],[10.636994806489987,46.782888973120905],[10.63748751113025,46.78315190295658],[10.637770421553965,46.78330084246709],[10.638345791201171,46.78356258534073],[10.638713420063569,46.78375080552202],[10.6391061505746,46.78401066047324],[10.639441728087759,46.784221835770246],[10.639783862409999,46.78445991500079],[10.640169649572973,46.78476036277255],[10.640420516292009,46.78495925044757],[10.640485109200448,46.78500528017838],[10.640559665073098,46.78505568378807],[10.640667718172065,46.785131205632446],[10.640862240642377,46.78526789233249],[10.64136536109851,46.78565664664949],[10.641748990283608,46.785966119347776],[10.642107128985566,46.786216180346685],[10.642209959787735,46.78628797885815],[10.64248010744992,46.7864393288978],[10.642702173253724,46.786532894572694],[10.643010617636646,46.786604959331136],[10.643343354897532,46.78669467391585],[10.64376801993881,46.7867380703116],[10.644375911923651,46.786828328385035],[10.64485937395259,46.78686637606865],[10.645316794664726,46.786909295835066],[10.645609156897327,46.787044581030024],[10.646160726364645,46.78724813032432],[10.646452272072493,46.787356427130085],[10.646977653678046,46.78758734728733],[10.647352701582093,46.78772143782234],[10.647694997603779,46.78782900078646],[10.64810539752966,46.78807507135045],[10.648572834362092,46.78836531440274],[10.648659758520477,46.78842667838887],[10.648814601759087,46.788532817989534],[10.64904137542654,46.788691537827326],[10.649316710205063,46.78888555364911],[10.649517706049398,46.789058143093165],[10.64968582388463,46.78925370451875],[10.649728574651906,46.78950056867933],[10.649682549478422,46.78987020455206],[10.649609628198357,46.79013673502323],[10.649369335037035,46.79052716994203],[10.649239239663304,46.79077202687338],[10.64916642752719,46.79098906007226],[10.649074660140833,46.79117486787693],[10.649076470172934,46.7913413292441],[10.649036125411314,46.791521897122976],[10.649055704644574,46.79184109085188],[10.649090545861363,46.7920700704972],[10.649150218485822,46.792307692457605],[10.649194081611018,46.79261753680376],[10.64927106382898,46.79277841497844],[10.64932130303639,46.79292167904242],[10.649488745296777,46.793094752094646],[10.649674211568971,46.79332156005647],[10.649824734037125,46.79350387676493],[10.65009387584575,46.79389596491006],[10.650379792011103,46.794247314430386],[10.65064852879114,46.79459891014987],[10.650790197433336,46.794785851143374],[10.65085900303189,46.79497384412091],[10.650968891145263,46.79516574395571],[10.651062256768126,46.79535338243265],[10.65117160998739,46.795581286146344],[10.651315333259927,46.79578169669186],[10.651509610543062,46.796269354597406],[10.651582406954947,46.79646441245946],[10.651596743615158,46.79650074634308],[10.651654951784932,46.79665397262028],[10.651686003894095,46.79674086004261],[10.651783484248089,46.79701784398422],[10.651817760334806,46.79710571254784],[10.651919424667735,46.79753684009869],[10.652138396870413,46.797974644978886],[10.65216454648948,46.79810783161072],[10.652181991057708,46.79819449869016],[10.652265265814933,46.79834628456202],[10.652384455772669,46.798601043820206],[10.652478014098703,46.79892816670516],[10.652613474859516,46.79928618190578],[10.65276471179183,46.79946398373985],[10.653192733137056,46.799880768147105],[10.65337577168065,46.80005360913744],[10.65354419951902,46.80023116152612],[10.653769935962382,46.80038088657314],[10.654188541594666,46.800703311451365],[10.654448549429116,46.80092903383257],[10.654725239201301,46.80121751044111],[10.655018292084907,46.80147875087481],[10.655369642901492,46.801824641508546],[10.65559730734756,46.80201033227027],[10.655772156343422,46.8021562908602],[10.656014556149055,46.802287772613056],[10.656235454586842,46.80239380095453],[10.656521966640206,46.80253097683726],[10.656891586767083,46.8027340402541],[10.657142420936026,46.802820400945976],[10.657734161269339,46.80296481787803],[10.657965529341272,46.80303706258655],[10.658116705115482,46.80308426832389],[10.658326324860115,46.80314972159874],[10.658627113242067,46.80323535505629],[10.658755474943217,46.80327601697277],[10.65888222364105,46.80331894205731],[10.658986123461775,46.8033476175987],[10.659158931789595,46.80340295146931],[10.659200626603198,46.80342021051489],[10.659325548536646,46.803466187163885],[10.659494702792223,46.803533251916924],[10.65977054519718,46.80368673805505],[10.660147120717632,46.803865760900386],[10.66037357843908,46.803993405117104],[10.660672348806823,46.8041641149249],[10.661083191259666,46.804392134443766],[10.661299067532655,46.804380001120826],[10.661970671916128,46.804244257204175],[10.662253660291132,46.804177152349446],[10.662568566592435,46.80408258331806],[10.662852476867895,46.80396596649253],[10.663273785829736,46.80378885632999],[10.664204119063607,46.80343785617318],[10.664586147352038,46.80331530829183],[10.665184250953052,46.80308162316387],[10.665449077918245,46.80301027411275],[10.665815983193143,46.802955437040524],[10.666164200858269,46.80290537055967],[10.666655134532324,46.80283522665853],[10.66723638525681,46.80274576429153],[10.668018499291632,46.80263537335378],[10.668339653783285,46.80258764039853],[10.66868380180627,46.80253567992032],[10.668957225961224,46.80247769721854],[10.669281933600338,46.80238296668035],[10.669578911225843,46.80223914451671],[10.669977097592032,46.80203085023964],[10.670706113939525,46.801714231617844],[10.67115547020458,46.80151868413564],[10.671677530487642,46.801290575135766],[10.672025684663524,46.801186495811656],[10.672369618329967,46.80104633046343],[10.672713941751088,46.80095595338373],[10.672963985387918,46.800857805037744],[10.673439706396293,46.80082314337534],[10.673595733845929,46.80081256941771],[10.674476683624825,46.8006421930219],[10.675119045907321,46.80048310170151],[10.675174994244523,46.80047111357711],[10.675439713770228,46.800398614376064],[10.675647204791797,46.80032808025442],[10.675962582770756,46.80024805699046],[10.67600477481035,46.80023735076395],[10.676535076911827,46.79993260457237],[10.677015438908123,46.79965558579169],[10.677256191278007,46.799548565773684],[10.67739654976711,46.79929452736868],[10.677404949795397,46.799259068405114],[10.677468221929706,46.798991998600364],[10.677559119455697,46.79883317791336],[10.677614626733689,46.79861638045288],[10.677763221095585,46.79844321467833],[10.677903323854606,46.798234176846194],[10.678149178847788,46.79784360059752],[10.678282279344527,46.79756865585357],[10.678313194813592,46.79750822012795],[10.678536107448947,46.79727546852481],[10.67874249226569,46.797038458401424],[10.67895777312482,46.796823815665256],[10.679079883408955,46.796642038296866],[10.679240499532137,46.79644203092513],[10.679433766391288,46.79622287949834],[10.679541698320692,46.79605930746253],[10.679755404376522,46.79576819204195],[10.680070048391045,46.79561508459992],[10.680310452110858,46.79544506698978],[10.680537330282133,46.7952996383894],[10.680674960258964,46.79521023077251],[10.680948571466555,46.79510721897514],[10.68132295953395,46.79496183011304],[10.68153877049769,46.79484583063496],[10.68182770909063,46.79477623185176],[10.682109954386405,46.79466268353245],[10.682357833762383,46.794470054258795],[10.682556001243224,46.7943188576094],[10.682871539138738,46.7940766431123],[10.682920946838914,46.79403880500792],[10.683325178763885,46.793686384727955],[10.683699454376578,46.79358188532666],[10.684346495264371,46.79334738007909],[10.684568082611104,46.793292217057314],[10.68461264356738,46.79328005356054],[10.685070491779156,46.79318854983897],[10.685168880841465,46.79316878360176],[10.685858590062004,46.79306862949386],[10.686249150844654,46.79301337899299],[10.686879969355415,46.7929680834625],[10.687155150943495,46.79296852588404],[10.687629785614044,46.792957026707654],[10.687828252751748,46.79291360231146],[10.687865967065717,46.7929070389296],[10.688110873778305,46.79286443187661],[10.68870009402157,46.79269374937853],[10.689230795678279,46.79253742676977],[10.690013416038205,46.79244937665668],[10.690602838596776,46.79236417409122],[10.691027420250036,46.79237589956703],[10.69133664463544,46.79244332288989],[10.691635327734978,46.79248840379289],[10.691918748325643,46.792542708932295],[10.692211765282552,46.79264186720659],[10.69280446230421,46.79294807760758],[10.693139009515923,46.79309161663814],[10.693321940247705,46.79320590000224],[10.69370032184359,46.79351977507038],[10.693848393223632,46.79362073081113],[10.694152392513514,46.79382921549254],[10.694221881304662,46.79388622238801],[10.694360906794573,46.79400496179049],[10.694449761445394,46.79408303448586],[10.694737687636783,46.79434585150111],[10.695073116951114,46.79467385806468],[10.695425866297777,46.794979107775056],[10.695667842384973,46.79517350732558],[10.696127109285305,46.79532418858548],[10.696385826544523,46.79547784146927],[10.696586899945924,46.7955693522909],[10.696994852363787,46.795572301990354],[10.697514052266898,46.79564829160065],[10.697602926714278,46.795662274622025],[10.698194590972308,46.79572548958695],[10.69858684282762,46.79595814862254],[10.6989382724016,46.79616891502475],[10.699239064437215,46.796357934033935],[10.699439137541875,46.79652145022457],[10.69963263806625,46.79665806480797],[10.699826612962449,46.79686216787622],[10.699969166185701,46.797071534258315],[10.700072236014735,46.79720137509017],[10.700097485485713,46.79722970328894],[10.700237613963408,46.79727337284019],[10.700415474414882,46.79732533053418],[10.70066254740579,46.79739870808589],[10.701094092482624,46.79751360233261],[10.70153760448388,46.79756568167678],[10.701987753274716,46.79758148418532],[10.702211275118522,46.79760515804531],[10.702534735655217,46.79768133864975],[10.703067220178616,46.79786690079996],[10.703283306593724,46.797940177737075],[10.70349186821143,46.79811255979484],[10.703674942980557,46.7983078192732],[10.703709471759216,46.798342294540255],[10.703923590281759,46.798556100659205],[10.704473346818684,46.79889888636669],[10.704896426868592,46.79919856034484],[10.705082548017733,46.799412558252804],[10.705378526590994,46.7997583317695],[10.705586198294977,46.800083711772935],[10.707000557147413,46.80013011551899],[10.707717361662077,46.80015991577756],[10.7080168846355,46.80017794432552],[10.708689952507312,46.80024888831573],[10.709556185141194,46.800289945411855],[10.710229882602668,46.80032937419577],[10.710627971256097,46.80027842679596],[10.711309960580142,46.80019173378322],[10.711627038093068,46.80016899336001],[10.71225926546249,46.80011453759387],[10.712667858273017,46.80005892533333],[10.712990941416198,46.80004508966097],[10.713182689098266,46.79997022517169],[10.713669524600283,46.79983340859475],[10.713707122590204,46.7998228814388],[10.714138972733954,46.79972642040858],[10.714771544296076,46.79963144860241],[10.714970165482566,46.79955357311202],[10.715055470952558,46.79951920038318],[10.715737172701258,46.79952697909271],[10.716136680156215,46.79952098876132],[10.716785206010119,46.799515759807036],[10.717376791779486,46.79957437621539],[10.71766725143101,46.79964201093271],[10.718332968677466,46.799816501716364],[10.71849991538339,46.79986348988495],[10.719222344007395,46.800095619374595],[10.719588783913615,46.800234102198736],[10.719905435004137,46.80037783191073],[10.719938066199612,46.80003986747974],[10.720102996362481,46.799733548345856],[10.720138351726716,46.7996678832946],[10.720304857868243,46.799521390759104],[10.720546262844575,46.79936027366185],[10.720768613014688,46.799255404949506],[10.720870631167786,46.79920690676539],[10.721012705504851,46.799141774605694],[10.72142827105257,46.79902303171321],[10.723057631747972,46.798524099164176],[10.723174596325554,46.79848828337853],[10.7237822026704,46.79833064319908],[10.724057572727792,46.7982589984672],[10.72474713110998,46.798077619061836],[10.725487976479572,46.79788646274858],[10.726063255185679,46.79774279601273],[10.726269460904396,46.797821499929384],[10.726406567944391,46.79787442265109],[10.726542296091193,46.79792634459061],[10.726752397594195,46.798007946932856],[10.726930897693132,46.79807786594484],[10.72710192039399,46.7981815919508],[10.727568634551911,46.79822854321346],[10.728209360649222,46.79827370768194],[10.728518645811787,46.79830221189468],[10.728799644482246,46.79833143603575],[10.729048025838576,46.798363679392544],[10.729177447652694,46.79837208182911],[10.72949779487513,46.79839287927804],[10.729782013185126,46.798393082583374],[10.729833418412149,46.798395322022145],[10.730088763481977,46.79840644349518],[10.730494553471505,46.79840480676],[10.730929355477056,46.79838922980149],[10.731144065482885,46.79840135869681],[10.731369157554884,46.79841407433804],[10.73180063202372,46.79844308302655],[10.731860829656984,46.79844713053456],[10.732418948851183,46.798483677348564],[10.732457298317286,46.79848792304727],[10.733128726464484,46.79856225150838],[10.733433577392145,46.798580802338655],[10.733650890743851,46.798667964044704],[10.73377484157951,46.79870850790537],[10.73399035258314,46.79877935078405],[10.734244138906265,46.79888468084644],[10.7345656483374,46.79901811726668],[10.734971889082518,46.799196444519545],[10.735687595215953,46.79944656983039],[10.736311037879402,46.7996800930029],[10.73651965578637,46.79974892177357],[10.737102607972123,46.79999655413104],[10.737718369049405,46.80027068235535],[10.738308503382532,46.80048670092025],[10.738932695175967,46.800742696756565],[10.739338297226794,46.800925517871114],[10.739613057020307,46.80111482655304],[10.740130066268424,46.801399442454255],[10.740779711198137,46.80175853254047],[10.741194008130465,46.801981712683855],[10.741702161420097,46.802194461571084],[10.742202090500614,46.80245682975153],[10.742494050245234,46.802569375283035],[10.743075467678812,46.802843998552575],[10.743524748039164,46.80308463417501],[10.743933619584757,46.803316885486105],[10.744615480881173,46.80365746407384],[10.745088764903684,46.80395622410607],[10.745355326580372,46.80411864600214],[10.745812573081453,46.80437714977283],[10.745818365923133,46.804695723179165],[10.745820992671833,46.804840478722944],[10.745814128942245,46.80514921006298],[10.745810259920093,46.80520133201621],[10.745821730109027,46.805749398837094],[10.745837631627886,46.80598763842239],[10.745930496236307,46.8062247045735],[10.745989010118862,46.80641279670552],[10.746046386134484,46.80664140313998],[10.746135048102763,46.806795052775094],[10.74619567658198,46.80690011262307],[10.746221514957442,46.80719219642997],[10.746313511145381,46.80740227570505],[10.74644640836715,46.807661227826635],[10.746746245373648,46.808142613701904],[10.746870704214457,46.80834319940965],[10.747003413545436,46.80857065518507],[10.747087601271538,46.80876735403227],[10.747177964832781,46.80897745929782],[10.74731944782962,46.809222779368],[10.747627781168335,46.8097130333205],[10.747844127008284,46.80999320658499],[10.748228160735424,46.81039230838557],[10.74854304427761,46.810805965489195],[10.748607830541038,46.81088340364691],[10.748717741455291,46.81101477173031],[10.748851601624473,46.81120171165376],[10.748943080291177,46.81142079684101],[10.749210079847236,46.811772188698],[10.749501708566314,46.81215020041229],[10.749834206790858,46.812626578898595],[10.750125082603054,46.81303159936035],[10.75023385614547,46.81322791974091],[10.750624334438223,46.81387439694942],[10.750832866908336,46.81419068124365],[10.751183032336733,46.81468028434309],[10.75149952587803,46.81473843543732],[10.751764011791927,46.81476495192832],[10.752044838532889,46.81479310295926],[10.752122577968683,46.81480089212402],[10.752446905153938,46.8148229233752],[10.752713310659397,46.81487733855525],[10.753147486761371,46.81495168105176],[10.754320634379338,46.81522617769897],[10.754960746113166,46.81540984636906],[10.755469305490108,46.8156045308862],[10.7558015467481,46.815743421443365],[10.756059652332615,46.8158699507313],[10.756335161093538,46.81602770992213],[10.75670831397961,46.8163909527967],[10.75709096605675,46.81666855596864],[10.75755815173106,46.8170258533037],[10.757680885585025,46.817109043092536],[10.75809019543169,46.81738665728327],[10.758273186374982,46.817545832347335],[10.75855147039426,46.81775100142831],[10.75864128160783,46.81781721678128],[10.758715594732042,46.817872004457634],[10.758955451014472,46.8180833760509],[10.759307948130665,46.81835336112754],[10.759449595877841,46.818523582154214],[10.759489740478063,46.81857104820555],[10.759717999812121,46.81896941776984],[10.759839875224804,46.81918211585672],[10.75999384545644,46.81941730170534],[10.760156073358477,46.81963171679247],[10.760288449838542,46.81979616772281],[10.760380634933465,46.81985914952323],[10.760513882665899,46.819950187490726],[10.76068067417611,46.820052918533584],[10.760813237396059,46.820134566901935],[10.761094843643802,46.82031020677946],[10.761279651938978,46.82045030557769],[10.76150437614415,46.82062339393759],[10.762003656951542,46.820782194054786],[10.762057400023838,46.82079838867074],[10.762344586505641,46.8208849309407],[10.762619775491705,46.82100668262223],[10.762679699202684,46.821048786150634],[10.762846121951664,46.82116695173128],[10.763019417979244,46.82140099339605],[10.763199812145956,46.82160368520788],[10.763293051888683,46.82172525191702],[10.763359809667014,46.82180117627685],[10.763585943763985,46.822058629840804],[10.76376913070363,46.82240186132426],[10.763717705839447,46.822507534636784],[10.763577182771243,46.8227962889328],[10.76350844334998,46.82296072271071],[10.763469268741714,46.82305443240597],[10.763405079865677,46.823185250159426],[10.763362482940556,46.82327206238849],[10.763256345317012,46.823414570444946],[10.763203145707022,46.82348600058675],[10.76302825708228,46.82365068286729],[10.762783728752568,46.823834435435295],[10.762754288208448,46.823869876482455],[10.762447510962518,46.82415908991185],[10.762291431208437,46.82432935968404],[10.762171383378051,46.8244603197372],[10.762136618672606,46.82448848927874],[10.761922315212335,46.82466213895384],[10.761759453930784,46.82478751317028],[10.761689704803182,46.82484120777454],[10.76149715688993,46.824980684303256],[10.761423144771744,46.8250342967784],[10.761190090264515,46.82519987064451],[10.761084875441263,46.825247859816756],[10.760873582238906,46.82534423092832],[10.760854241004571,46.82536752448543],[10.760741125048057,46.82550375701868],[10.760407489674135,46.82570064120584],[10.760213223447597,46.82581274269582],[10.760024729468165,46.825924245708066],[10.759699706733908,46.82610923144541],[10.759604899127075,46.82617055185362],[10.759575893807817,46.82618777527993],[10.759343388682852,46.82633969214145],[10.758968483923413,46.82650294355605],[10.758925260957264,46.82652252270139],[10.758677452743704,46.82663477231755],[10.758351527938093,46.82678240474717],[10.758279356799601,46.826818825203425],[10.75810321749811,46.82690771071548],[10.757904403155136,46.82710195985571],[10.757744347280424,46.827286694065734],[10.757642282147783,46.82738613915988],[10.757470779887234,46.82755323557806],[10.75738773644583,46.82763414490536],[10.757265731603281,46.82800634700962],[10.757255802224265,46.82803663995044],[10.757169604066588,46.82845778458987],[10.757162490822422,46.82849253662487],[10.75708225311794,46.82890908818701],[10.757072082905225,46.82896188755188],[10.757041032212504,46.82905291708172],[10.756998021345261,46.829179007926854],[10.756963917814485,46.829360866528425],[10.756914243437818,46.829625758627635],[10.756899033647834,46.82981182495241],[10.75688846423082,46.829941129849665],[10.756823778945927,46.830194103302574],[10.756793125917639,46.83026341223647],[10.756647455750137,46.83059277930952],[10.756597350425396,46.83071637988237],[10.756498781292267,46.830959532171036],[10.75645046670088,46.83104865587944],[10.756384902124532,46.83116960216889],[10.756282322461072,46.831358823637295],[10.756082708486197,46.83159586795146],[10.756056400531008,46.83162460596215],[10.755821948125257,46.831880695989234],[10.75579859518918,46.83190620374621],[10.755683170585153,46.832060962759634],[10.755626651401121,46.832081162200524],[10.755406912612894,46.83215969362624],[10.755297597729324,46.832236486727716],[10.75515130972599,46.832344333740345],[10.754967207983752,46.83242292155014],[10.754634019203545,46.83258551870452],[10.754283220277106,46.83268538980925],[10.75397762643564,46.83278906748459],[10.753551691168434,46.832872088519764],[10.75347333501328,46.832897703425196],[10.753248145621543,46.83296673265777],[10.752979789634255,46.83302679799218],[10.75259789167237,46.83308079846849],[10.752137530700766,46.83313673165601],[10.751930022752745,46.8331688037367],[10.75162052181477,46.83321664031374],[10.751277585123404,46.8332676434614],[10.750946005258168,46.83331695722268],[10.750679916697875,46.833325528110294],[10.75062382819604,46.83332594073887],[10.750392077489652,46.8333276447277],[10.750113737691272,46.83332968912919],[10.749772820776537,46.83333040303188],[10.7490653560927,46.83335021814036],[10.748499127457869,46.83340386891819],[10.747899122999648,46.83342653440186],[10.74743374115825,46.833456140313814],[10.747140805515373,46.83342011649021],[10.74648378636376,46.833403148243725],[10.746159917548805,46.83339909153365],[10.745867565738523,46.83338105411973],[10.745434317484346,46.833365165180346],[10.744786157967262,46.833343553299756],[10.744318650762564,46.833332681241934],[10.743937455119996,46.83332949208849],[10.743511926236017,46.833349475377055],[10.742888058643711,46.833394977276505],[10.742530670380617,46.83341841868438],[10.742196536585977,46.83340100813259],[10.741804643864587,46.83344747081498],[10.741506902197782,46.833465501448906],[10.741164013279764,46.83350671649324],[10.740556730356097,46.8335834499201],[10.739941787901467,46.83365129729666],[10.739316131041193,46.8336923063603],[10.739025143633652,46.83374172536804],[10.738658634635899,46.833787792393004],[10.738300618607694,46.83384272671278],[10.737875851241377,46.83391217352293],[10.736924415276084,46.83401661204971],[10.736492613423298,46.8341221576311],[10.736208898819394,46.83419395730824],[10.735670465250433,46.83437311188442],[10.73532920176477,46.83449077867378],[10.73496366503434,46.83461781085009],[10.734548292754107,46.83475009781497],[10.734274923244262,46.834889230491086],[10.733893570606586,46.8351109923016],[10.733711525715991,46.835235240877154],[10.733529611550077,46.83536398681988],[10.733416575008894,46.83548834048961],[10.733324589526902,46.835578125710924],[10.733133846997498,46.83600442830062],[10.733109451026165,46.8360241102487],[10.73301055802922,46.836103892731366],[10.732986059712077,46.836123657196175],[10.732856328666715,46.83648326854009],[10.732774606069645,46.83676130772247],[10.732718899076463,46.83692994642931],[10.7326521123912,46.837132132994846],[10.73250417640424,46.83724686385057],[10.732393600972545,46.83730857751195],[10.732341685377728,46.83733755549914],[10.732308448984082,46.83735876779056],[10.732124009975351,46.83745510455603],[10.731940019389809,46.83749388654512],[10.731648461735354,46.83747580074414],[10.731191474378821,46.837487214876674],[10.730916644692499,46.83750487125348],[10.730249986183134,46.83754645079378],[10.729742440298585,46.837540625030336],[10.729058908109957,46.837541956833846],[10.72874321980528,46.83753772715545],[10.728350510093273,46.837534659044536],[10.728026342323002,46.83752155618122],[10.72776008366537,46.83752557662316],[10.727327237949448,46.837523111889055],[10.727093566804818,46.83749514230067],[10.726560486135805,46.83748518816679],[10.725969340005392,46.837453608267985],[10.72545318104167,46.83743439536638],[10.725111803819773,46.83742154373439],[10.724719920629646,46.83741845159863],[10.724411888784854,46.83742309384479],[10.723812550659881,46.83739162804857],[10.723320578184696,46.83738553918971],[10.722922439546181,46.83757151990456],[10.722507495062976,46.83774425238316],[10.722117939295186,46.83791660216849],[10.722086016062383,46.83796406330208],[10.72206813322884,46.83799064719997],[10.721986478085087,46.83811206220435],[10.721930271149319,46.8381807490329],[10.721755341237651,46.838394517660475],[10.721722979556318,46.83844580097739],[10.721632079377793,46.83858985570133],[10.72149826537977,46.83874449204234],[10.721475020317529,46.83877200424297],[10.721372241050839,46.838902384872014],[10.721293563010676,46.83899991819889],[10.721186776574607,46.839172510627535],[10.720998987134436,46.839398314516814],[10.72083772666929,46.83959195171484],[10.720668543295695,46.8398043417039],[10.720387549039614,46.840120452501196],[10.720284911875936,46.84026727434831],[10.720215886858895,46.84036601348046],[10.720046771637643,46.8405530397446],[10.71984273912308,46.840719636635065],[10.719644673574635,46.840883056736565],[10.719388022390389,46.84102585301225],[10.719080894244243,46.841170504922346],[10.718782283812285,46.84136847382801],[10.718268177585598,46.841646172600896],[10.717879760390803,46.84188148555241],[10.717289551095028,46.842137824153376],[10.717065795650294,46.84226717155439],[10.716800007935127,46.84241514764847],[10.716517656516965,46.84253187324243],[10.716319399455747,46.84263833852006],[10.716021872604175,46.84284528405413],[10.716001444745304,46.84298383081583],[10.71599742520568,46.84303140271774],[10.715981619916818,46.843151855523416],[10.715999264688755,46.84348133573305],[10.716001846079212,46.843529521388355],[10.71600331340786,46.843781477916494],[10.716105553708308,46.84392970149042],[10.716147695493218,46.84399079546375],[10.716216692321737,46.84407780231809],[10.716257011263874,46.844128644627816],[10.716370467234075,46.84436086087071],[10.71646013826774,46.84453506363194],[10.716578449569246,46.84474927129556],[10.716600205938041,46.844822202543995],[10.71665461794795,46.84500460772103],[10.716745879293876,46.8452832687348],[10.716817536837564,46.84564111041352],[10.716825707119835,46.84571873966779],[10.716863403229826,46.84607688561922],[10.71684467455905,46.84616841552225],[10.71681445523127,46.84631610041902],[10.716666685956127,46.84648930231464],[10.716533697585184,46.8465656383315],[10.716409091623584,46.846637161649255],[10.716043666742877,46.84674613358215],[10.715728563199047,46.84681385320978],[10.715683671062182,46.84682443895731],[10.715195576596848,46.84693882625648],[10.715059794790767,46.846965588595296],[10.714814541784497,46.84702103133506],[10.71462145271088,46.847032924783996],[10.714288495056586,46.84702891296836],[10.713847522673547,46.84703101845856],[10.713572208335558,46.84703514140177],[10.713274446036994,46.847031745212256],[10.713231056807926,46.8470312501042],[10.712888904275816,46.846995876263534],[10.712197935440244,46.84694772156714],[10.711906832855867,46.846926698816006],[10.711833076086902,46.84692115261422],[10.711530422169554,46.846897611822605],[10.711059097711738,46.846869230061685],[10.711014875819895,46.84686642475441],[10.71039984168656,46.84679659740053],[10.71030308572971,46.84678993788676],[10.709580984258444,46.846707870809176],[10.709330635867932,46.84669811077952],[10.709187613448194,46.846689174345414],[10.709098183124562,46.846683583300795],[10.708597429575613,46.84661006857459],[10.708380642744812,46.846572808486584],[10.707856137519753,46.84660313657564],[10.707364650952728,46.84661497020961],[10.706673234238787,46.84662978364225],[10.706041238760728,46.84665720592362],[10.705750420450938,46.846715535827],[10.705442116168634,46.846765127228295],[10.705052443218511,46.84683392961092],[10.704451337441828,46.84687888136329],[10.704178611310681,46.846990934231],[10.703837137672657,46.84715800559264],[10.70324787236524,46.84739625782748],[10.70306563408645,46.847466463622006],[10.70285076702681,46.8476451475296],[10.702619253111715,46.84784207721655],[10.702461559453786,46.84798841142134],[10.702238663044977,46.84819870830131],[10.702366276216855,46.84857927829472],[10.702160156216715,46.848879319765395],[10.701965864744212,46.84947616027676],[10.701801209463856,46.849636095937456],[10.70161314765999,46.84985937236772],[10.70140607124669,46.84994794510435],[10.700999800426006,46.85008897257995],[10.700565308559886,46.85027815811212],[10.700380709671608,46.8503595159268],[10.700210352748048,46.850437417616],[10.699805804024626,46.85061884707475],[10.699410455362921,46.85077403074495],[10.699377990219554,46.850786471959154],[10.69910507444989,46.850891055043064],[10.699001650890231,46.85093431830646],[10.698848565304802,46.8509983546649],[10.698730251141898,46.85104405255161],[10.698557792934134,46.8511106627989],[10.698275845694518,46.85119134004993],[10.698085288880975,46.85124561202053],[10.697927282235955,46.851291005322594],[10.697430309937571,46.85144236592771],[10.69679042265365,46.85157893301051],[10.696733764668668,46.85159298667785],[10.696133390019948,46.85175407032408],[10.695718233834777,46.85188293837042],[10.695467767560135,46.85196108316022],[10.695205673947253,46.852028794927776],[10.69482849459499,46.85210685256251],[10.694549955807945,46.85216449594014],[10.694179433920095,46.85225579873016],[10.694108795832362,46.85227646822339],[10.693778080158522,46.852360407584904],[10.693326699210665,46.85276305437296],[10.693046583618939,46.85303267572988],[10.693335477867537,46.85341539494263],[10.693495594441734,46.853597483096145],[10.69356979183113,46.85370775341633],[10.693589295989,46.85373558470982],[10.693701746369022,46.8540263959067],[10.693760103205044,46.85416173215316],[10.693952892281306,46.85460883804504],[10.693969725705442,46.85464787596448],[10.69410362681824,46.855055643733316],[10.694115207020257,46.855084228482404],[10.694195141994808,46.85532398092824],[10.694265186284454,46.85554342446644],[10.694250810562288,46.8557641196202],[10.694195706392241,46.8559674174519],[10.694188885577491,46.85623186213564],[10.694129853181986,46.85640026232402],[10.69411168978897,46.85645012062605],[10.694104000464275,46.85654472738057],[10.693909808411359,46.8568355767474],[10.693696370746043,46.85714020856415],[10.69350132579637,46.857404073008105],[10.693179253965072,46.857669816603575],[10.69343783979145,46.857833528322345],[10.693616787883043,46.857946818236066],[10.693702046326042,46.85799937368048],[10.693901922958302,46.85812258193519],[10.694066348195562,46.858206829584944],[10.694369411832714,46.85836210902646],[10.694431114469488,46.858393724091904],[10.694875170755171,46.858616628002046],[10.694932432229729,46.8586439637398],[10.695035792366616,46.85869330733559],[10.695377980433342,46.8588566591628],[10.695694030877737,46.85908881216266],[10.695942190750568,46.85927576293576],[10.696273574227769,46.85952400991228],[10.696373240409933,46.859597845378275],[10.696474421396378,46.859798827411346],[10.696506766423463,46.859970511404576],[10.696564031764016,46.86027445937968],[10.696592320734924,46.86041920216156],[10.696680007520648,46.86086786030881],[10.69670871640839,46.861014749440464],[10.696770750073428,46.86131647305205],[10.696824928186244,46.861579978156726],[10.696879472123888,46.861764820000076],[10.696957127966614,46.86202797870134],[10.696953314087308,46.86221368313539],[10.696951952112954,46.86228003397764],[10.696940948626956,46.86267505017124],[10.696476697862536,46.86278719456345],[10.696374979834946,46.86281054263915],[10.69628392019368,46.862825131175086],[10.695910727066584,46.862884918581464],[10.69571978196687,46.86291474487319],[10.695013553655158,46.86306469624579],[10.69448805388344,46.86309497648352],[10.694340494120125,46.863200652426535],[10.693848589579334,46.86372538908939],[10.693544560205728,46.8640448608063],[10.693192410280318,46.8644505363379],[10.692799174918632,46.86490631604357],[10.692462805232733,46.8652667596955],[10.692298390956918,46.865462674479495],[10.691938592436385,46.865886457581524],[10.691628638929341,46.86630500311937],[10.691576059450277,46.86635860487248],[10.691348120126976,46.86659097264404],[10.691234506436317,46.866706795174984],[10.691149289243262,46.86679918424872],[10.690931555123587,46.86703524302873],[10.690774502059993,46.86723104588126],[10.6907382422983,46.8672591561047],[10.690713925422259,46.86728701068428],[10.690586419022004,46.86740480974535],[10.690312747164912,46.867516842917375],[10.690066845147024,46.867573146205395],[10.689997645382029,46.86758899074382],[10.689672268275645,46.86764779147576],[10.689456711238744,46.867677970633316],[10.689413995832117,46.86767572056515],[10.688856238031672,46.86764633800876],[10.68875673837623,46.867637818980825],[10.688610033477692,46.86762525830877],[10.688255894636827,46.86761919812947],[10.68810046472167,46.8676313009967],[10.687756857357169,46.86765805707568],[10.68744595841917,46.867681115317325],[10.687075312912683,46.86770860279369],[10.686786183602466,46.867747123850776],[10.686724337654843,46.86776440498252],[10.686625281809805,46.86779781213394],[10.686127948004183,46.867965542811895],[10.68584922876147,46.868044248927646],[10.685697159227145,46.86808887980363],[10.685241668911969,46.8682350760704],[10.685192321742877,46.868237651173374],[10.68440079207837,46.86827895188628],[10.683700076762818,46.86829376364985],[10.68330906172949,46.86829951569677],[10.682559583880577,46.86832853563249],[10.682310690797575,46.86842923684612],[10.682221907745408,46.868465158330494],[10.681913313875953,46.8685900136017],[10.68157343937749,46.86870878973361],[10.681479845629404,46.8687414984102],[10.681416011106919,46.868763806747715],[10.681086176731819,46.8690476280676],[10.680930202506378,46.8691899298643],[10.680889998814614,46.869225993487696],[10.680656815594661,46.869410695711956],[10.680428220241067,46.869565746058626],[10.679940484548373,46.86991487608957],[10.679355493116532,46.87030142896674],[10.67873108285113,46.87045007783217],[10.678282879736656,46.87054214407685],[10.677940361256313,46.87055166614322],[10.67769003242695,46.8705193392854],[10.677382180512083,46.870483355399685],[10.677255059838593,46.87046849618815],[10.677074328986844,46.87044737068023],[10.677034747304962,46.87043806147586],[10.676714111644124,46.870362656678246],[10.676373369592538,46.87026870384833],[10.676078796221619,46.870187479978206],[10.676025415660094,46.8701713837257],[10.675711289872515,46.87007666205687],[10.675552251022962,46.87002870483354],[10.675053194511054,46.8700124594665],[10.674884819097718,46.87000697747919],[10.674405044760332,46.87000263562313],[10.674125981733125,46.87000008311424],[10.673826930700066,46.870035954641814]]]}}]}
