{"type":"FeatureCollection","metadata":{"code":"022048","referenceDate":"2026-01-01","sourceDbfExportDate":"2026-02-18","upstreamArchiveUrl":"https://www.istat.it/storage/cartografia/confini_amministrativi/non_generalizzati/2026/Limiti01012026.zip","sourceManifestSha256":"70ac8256c4785dc6ed2814c32b6965ae76f9161b51abaa1660059e1c6cbd8ca6","license":"https://creativecommons.org/licenses/by/4.0/","attribution":"Istat, Confini delle unità amministrative a fini statistici al 1° gennaio 2026, versione non generalizzata.","modifications":["Converted from WGS 84 / UTM zone 32N (EPSG:32632) to RFC 7946 WGS 84 geographic coordinates.","Converted from shapefile to per-municipality GeoJSON without geometry simplification."]},"features":[{"type":"Feature","id":"022048","properties":{"code":"022048","name":"Castello Tesino","alternativeName":null,"regionCode":"04","regionName":"Trentino-Alto Adige/Südtirol","territorialUnitCode":"022","territorialUnitName":"Trento"},"geometry":{"type":"Polygon","coordinates":[[[11.620448349807205,46.21609701463833],[11.620281126710049,46.21610837082606],[11.619779299644998,46.21602257340748],[11.619282864534958,46.21593676086877],[11.618996915655986,46.21592571250859],[11.618748761177121,46.2159371153308],[11.618387230587341,46.215881164170625],[11.617950201493116,46.21584401028524],[11.617345829856534,46.2157095674154],[11.616962683852583,46.215631175746935],[11.616817011947639,46.2156088001494],[11.616185808363678,46.2156091921744],[11.615937674143167,46.21563557407342],[11.615554679194053,46.215662019786976],[11.615290339829313,46.2156546885936],[11.614993590017274,46.215617428004364],[11.614696803234322,46.21557266476353],[11.614534953560488,46.2155540460534],[11.613855322260926,46.21565182683723],[11.61348854526826,46.2157044745143],[11.613046337948106,46.215828337399806],[11.61250151681433,46.21588483348385],[11.612301891177916,46.2158624861342],[11.612096794780781,46.21579145439943],[11.611708028714045,46.21551830433474],[11.611605372550555,46.215387290449875],[11.61148118808283,46.21528998451799],[11.610758020777846,46.21506946843715],[11.610590668071096,46.21498343365607],[11.610266905831073,46.21490497301129],[11.610034838935102,46.21483394535668],[11.609867524636078,46.2147554095641],[11.609732559555395,46.21468432043214],[11.609597541541348,46.214553324844424],[11.60939774522882,46.21439616125522],[11.609235785201228,46.21429888493315],[11.608906698983523,46.214276595563604],[11.608566846013405,46.214284282074495],[11.608378064946642,46.214306859520185],[11.608151556829032,46.21437438815425],[11.60773078995129,46.21438585532819],[11.607552750603146,46.214378472330196],[11.607347683274046,46.21431117286444],[11.607212780781971,46.21428503628044],[11.60671108396568,46.214285295999055],[11.606587006330711,46.21427413585029],[11.606387323507475,46.214210583778296],[11.60617683189212,46.21412456814027],[11.60595558930001,46.21407225179714],[11.605831438754148,46.21401239407534],[11.60539954190495,46.21371677826642],[11.605032463670891,46.213488528644625],[11.604789646944857,46.213432481688145],[11.6044658855629,46.21336150640404],[11.604136787444592,46.21333546029633],[11.603802328468685,46.21332065090307],[11.603570311868783,46.21329080645637],[11.603419190065779,46.21321974504457],[11.603100667450756,46.21297648522418],[11.603008780312763,46.212826730527645],[11.602933108016817,46.21266947261439],[11.602690121805013,46.21246364143362],[11.602458029533775,46.21233267434873],[11.602204388280821,46.212242934292576],[11.601891495969776,46.21222810690063],[11.6014975780072,46.21210845376484],[11.60113064878863,46.21200754014383],[11.600779941254618,46.21192905675697],[11.600310560618661,46.21188060941165],[11.600089376620609,46.21186573640155],[11.599943659795422,46.21179089861877],[11.599393146567847,46.21149906465336],[11.598988427987356,46.211360700977266],[11.59874563378486,46.21132336777381],[11.598162882531666,46.211147613811875],[11.597634073286603,46.21098683290858],[11.597272565215688,46.21088963579752],[11.597132291455708,46.21088220782739],[11.596873380201648,46.21090105115958],[11.596484928220544,46.2108450521685],[11.595966980164953,46.210729195071316],[11.595653994970448,46.21061699185843],[11.595200668353765,46.21040746306351],[11.594682589829299,46.21014554203656],[11.594256200926619,46.209879840971546],[11.593964588405708,46.20952794706007],[11.593629862189092,46.20918729792107],[11.593397624918078,46.20886533544995],[11.593192423404712,46.20861449737512],[11.592933204693887,46.20826632699644],[11.592695553626278,46.207925628313895],[11.592463431384434,46.20771976818895],[11.592091054537956,46.20750271263476],[11.591486679078576,46.207210845697084],[11.590866102316157,46.20689278280433],[11.590277958553031,46.20665333408075],[11.58976000396855,46.2064887676427],[11.58913415195694,46.206286775110875],[11.588664773850475,46.20613715772149],[11.588394952740698,46.20597997611421],[11.588179063297398,46.205819028577125],[11.588098072472379,46.20572541865033],[11.587964979030817,46.205505543324136],[11.587916697509232,46.20546641694358],[11.587606853140914,46.20522378576916],[11.587304655398468,46.20505537245819],[11.587045642441105,46.20489069846269],[11.586932278915434,46.204782134870854],[11.586840460717903,46.204628623160374],[11.58668920631912,46.204314103441526],[11.5863867452284,46.20374870860565],[11.586149195587533,46.20345295177515],[11.586008851689657,46.2033294039065],[11.585588350267136,46.20318833752904],[11.585477136099776,46.20317460333539],[11.585393866376817,46.203164535240845],[11.585334623546439,46.20316969926754],[11.585205116624461,46.20318363557209],[11.585000094602394,46.203105069639214],[11.584703305195678,46.20290668352905],[11.58446581317698,46.202663345601884],[11.584233775125321,46.20249490303398],[11.584012580386293,46.20242007450121],[11.583732071124238,46.20234901889619],[11.583419231822303,46.202326657707765],[11.582966095319835,46.20222569908581],[11.582326674907254,46.202061117938136],[11.58207771577197,46.20196022163732],[11.581886694254969,46.201774055226636],[11.58167392554438,46.20157302614814],[11.581481811834792,46.20129324537672],[11.581322217918363,46.20102823179908],[11.58116355363858,46.20084188658754],[11.58099493810183,46.200723008859626],[11.580805046379101,46.20063047146332],[11.580431985448309,46.200557702986856],[11.57986455478244,46.20046733198944],[11.579317951342771,46.20031317104222],[11.578976521114924,46.20017655127245],[11.578872937389704,46.200083518579376],[11.57879047741554,46.19995290392897],[11.578733197123043,46.19967232501284],[11.578752322384869,46.19946622065138],[11.578884971181818,46.1992819412338],[11.578986188780128,46.19917648837831],[11.578996537350429,46.19911120616449],[11.57871151230888,46.198671581897884],[11.57780850201106,46.198440874797875],[11.577356001018751,46.19794265671123],[11.57737123216264,46.19737748019694],[11.577182307684492,46.19719798634013],[11.577057388744025,46.19662542821142],[11.57688479456586,46.196546982938656],[11.57617203473698,46.19574658135325],[11.575821230670353,46.19545866507053],[11.575475926291512,46.1952343636954],[11.57511956004805,46.1948266843297],[11.574970377635019,46.19472320483818],[11.57476340800472,46.194564967600506],[11.57456010864692,46.19449254265316],[11.574391351762749,46.19443117630331],[11.57420274767548,46.19436443094683],[11.573636334291901,46.19414663325593],[11.573280081814923,46.19380631720227],[11.572880758767383,46.19349222246175],[11.572774362974794,46.19342031656887],[11.57244334761606,46.193196973967304],[11.572412314999287,46.19311470876821],[11.572254305295031,46.19267302354809],[11.571862943395804,46.19237288831366],[11.571742385064047,46.19227927897938],[11.571643337944844,46.19220479809187],[11.571509365338278,46.19215472752706],[11.570781804309101,46.191899368619566],[11.57047932293575,46.1914541868666],[11.570246772179534,46.190922880281946],[11.570083692877152,46.18999853570227],[11.570034565472493,46.18898516851667],[11.570030016122994,46.18892224457348],[11.570028094871068,46.18886451594867],[11.57021624453626,46.188549967868695],[11.570528232597043,46.188179215667624],[11.57060852522991,46.18781983340199],[11.570732060826765,46.1875540183567],[11.570943691054946,46.18726637840136],[11.571090677166488,46.18706659867565],[11.571178416439956,46.186947344135156],[11.571120696877118,46.18691478990247],[11.570078591108324,46.18632620833902],[11.569932507266026,46.186244612601264],[11.569762267687295,46.18612880312665],[11.569349944402086,46.18584830778665],[11.568910674373928,46.185361278611346],[11.568594269561993,46.185010464382295],[11.568298137225847,46.18480873634943],[11.56826578032599,46.18478793206111],[11.568133946459088,46.184697842186765],[11.568064928232934,46.18464680602525],[11.567759988858931,46.184348075459575],[11.56773737587346,46.18432719242048],[11.567061901005932,46.18365290533992],[11.566214228862815,46.18305012142154],[11.566015453699519,46.182908820904515],[11.565734777769398,46.182564681818334],[11.565640698417425,46.18251577309029],[11.565237925251902,46.182306345178105],[11.565152393472028,46.1822619153355],[11.56462395782232,46.1820115008026],[11.564573109110617,46.18201669607405],[11.564144459933475,46.1820604932403],[11.563853560302158,46.1820981184494],[11.563422372214307,46.18203103971671],[11.5629210025399,46.18184422977839],[11.561999098375958,46.181470558209654],[11.561535165978084,46.18107785596033],[11.561281185693169,46.18053532489743],[11.560962454908264,46.179936678962775],[11.56053083990523,46.17951775532967],[11.559857018741557,46.17927490814785],[11.558056405136606,46.17853122374155],[11.557684577057811,46.17849027787244],[11.556169345493679,46.17754052859748],[11.555356763654645,46.177166961933985],[11.554521194023065,46.176780054552104],[11.553774955108445,46.176463485994574],[11.553240000032238,46.17623887056518],[11.55288150179182,46.176087727682535],[11.552795907367782,46.176052735916805],[11.551425613070792,46.17553714951776],[11.550467968716287,46.175089474942226],[11.550690710990015,46.174914190578825],[11.55239859515907,46.173691384735505],[11.554745649604762,46.17210305105068],[11.555031875907178,46.171873030666106],[11.555186973233065,46.17174723425517],[11.556386795599943,46.1704926605007],[11.556725889992705,46.170237944516444],[11.556884764755285,46.170169681981164],[11.557258938755135,46.17000929852713],[11.557800154418057,46.16988244208344],[11.558336057203421,46.16975786934768],[11.559452684947342,46.16922550621974],[11.559671238192372,46.16912074973894],[11.560241329772312,46.16882271424743],[11.560450364880877,46.168712767511224],[11.560708359370672,46.168703202881545],[11.561013653962343,46.1686935187667],[11.561327489211909,46.16868201957169],[11.561484191705189,46.16867636672846],[11.561663864569649,46.16867034260666],[11.562654885049149,46.16851623022248],[11.56359745663246,46.16838835625533],[11.563975388770798,46.16837634744622],[11.565288904144982,46.168334810963415],[11.565356964968988,46.168332469888895],[11.566430912816395,46.16829286690064],[11.567449083442321,46.168310871695],[11.569345293746828,46.16829454325783],[11.570722857554548,46.16807207455287],[11.570890713602832,46.16804541358779],[11.57110101671491,46.168005080345935],[11.571346409743624,46.1679551274782],[11.571731135734733,46.167826116152064],[11.571801448644454,46.167800946721954],[11.571909068592863,46.16776561559932],[11.573125599940365,46.16740473862381],[11.57411635043296,46.16711578884776],[11.575494832155384,46.166762919828784],[11.57673321558367,46.166395167195425],[11.578014692575886,46.16603483321293],[11.580475244707653,46.16531798583757],[11.58109455236423,46.16520895481804],[11.58232047085722,46.1652790543367],[11.583355044381314,46.16539969593397],[11.584617018163538,46.16557332191122],[11.585659083653358,46.16570356201091],[11.586357993713811,46.16588801341992],[11.586794165230016,46.16644534039116],[11.586913948761383,46.16659515403065],[11.587104874827283,46.16678815165588],[11.587138429106009,46.166821608758355],[11.587203669475118,46.16688575440393],[11.58729289799351,46.16697463357858],[11.588465188083724,46.16775058590945],[11.590121550717077,46.16881891726446],[11.591789549367803,46.16954298612176],[11.593129382908797,46.17011324979649],[11.594517650148704,46.17072097635555],[11.595044656050511,46.17109948585146],[11.596147419517708,46.17173681151044],[11.597309477489953,46.17236669681628],[11.598950544518216,46.17318043254356],[11.60001586872275,46.17373536705048],[11.601473816939956,46.17457131766425],[11.602420749805642,46.17509991184025],[11.603701257280848,46.175823398610824],[11.60432538049367,46.176172021224566],[11.60498730873773,46.17648326268977],[11.605240341905644,46.17655461459145],[11.60656797616136,46.17531355595918],[11.607636590165605,46.17427057260779],[11.608376300107155,46.17338817507865],[11.608802913726487,46.17282727432638],[11.60927797055457,46.17228887902478],[11.609817670408678,46.17174305022082],[11.610341448376587,46.17106624900873],[11.610595211960495,46.1707521624494],[11.61093055123767,46.17003400701875],[11.611282182382698,46.16922980284114],[11.611366228577264,46.167553464969636],[11.611143124000435,46.165947926651114],[11.610941553174436,46.16436486185911],[11.61071841281653,46.162800499948304],[11.610473547272887,46.16133340666623],[11.610436670821223,46.160906775253906],[11.610447842807861,46.16074574205992],[11.610739460362694,46.160282135332636],[11.611311963553245,46.159517204647216],[11.611349574859696,46.15946695215949],[11.611765532647757,46.158786304622694],[11.612126142119191,46.15836143708491],[11.612191894611344,46.158285265728345],[11.612386975875994,46.1580206112286],[11.612434856307448,46.15795619531398],[11.612247890451854,46.15742027651644],[11.611797597330119,46.15612949418763],[11.611299276456098,46.15485674573694],[11.610976005292478,46.15404691498166],[11.610934011440026,46.15394171157199],[11.610768800414192,46.153527827951876],[11.610441644013507,46.15287266201165],[11.610135601883758,46.152427074614806],[11.609561274018887,46.15152469236742],[11.608712862949837,46.15036759517372],[11.608529994678902,46.149910730903684],[11.608354495180487,46.14947314628518],[11.608321787903355,46.149390553217266],[11.609024942768217,46.14911169829862],[11.609761767898165,46.14860341096484],[11.610540399518346,46.14799286128986],[11.610956676159677,46.147668122114936],[11.612076748586551,46.14678192379145],[11.61271716257675,46.146306530331586],[11.612646047013454,46.14621711700393],[11.611453494369298,46.146014546758686],[11.611053453380809,46.14594358606853],[11.610411922033956,46.14582978576804],[11.609273773415822,46.14570546515255],[11.60764785565365,46.14541602579643],[11.607606187483478,46.1454096208673],[11.605956116500042,46.145189692018675],[11.60395479003738,46.14490193566477],[11.603961441388854,46.144694881074116],[11.603968301461054,46.1442356121271],[11.603977938125922,46.14414197469608],[11.604068180701235,46.14403289648451],[11.60417965832798,46.14390125233431],[11.604473649505325,46.143719879383156],[11.604746129683203,46.143542369538814],[11.605130461359657,46.143263140107884],[11.605301187040373,46.14313113821214],[11.605576190080221,46.14182697233478],[11.605873067453716,46.140604927378895],[11.60589217164878,46.14052776875634],[11.605905271901971,46.14049997793629],[11.60686056969979,46.140817981315486],[11.607197649312731,46.140935229604615],[11.60724329485936,46.14095110511532],[11.607323933685517,46.14097904449798],[11.607738197910018,46.14112257046647],[11.608467205332676,46.14135926733081],[11.609077992453086,46.141614751703784],[11.609570054614364,46.14183189474472],[11.60991061441611,46.14202914271377],[11.610158450240268,46.14215369007507],[11.610385868515392,46.14220753395353],[11.610818156222273,46.14236327355825],[11.610890960505467,46.14205691354735],[11.611094355000017,46.14164495496588],[11.61115456197281,46.14139803477406],[11.611299041977423,46.14101829590255],[11.611325322664907,46.140659599166085],[11.611470094152002,46.14031183569418],[11.611669984002544,46.13987932787385],[11.611870722075121,46.13953817321415],[11.61199247258277,46.139188206426404],[11.6121335671266,46.1387993461736],[11.612218545107387,46.13839016511253],[11.612444133729179,46.13789131865922],[11.61251683396462,46.13757353185289],[11.612687798748947,46.13721423651615],[11.61287191003849,46.13685487961096],[11.613053436346874,46.1365731828451],[11.613227708049045,46.13621613311888],[11.613345805784109,46.13582965946288],[11.613409143627456,46.13542547983928],[11.61349786130668,46.13485379096419],[11.613477256429121,46.13440623224771],[11.613487821753573,46.13412756206724],[11.613512973353679,46.13365010986546],[11.61360497450953,46.133286591880946],[11.613679867471234,46.13285461776098],[11.613650724387986,46.132548690795716],[11.61369882126902,46.13206429789323],[11.613730630019962,46.131593679366205],[11.61373708588543,46.131228247381976],[11.613826002431765,46.130887563724905],[11.61396665154604,46.13045301625977],[11.614068891433563,46.130132837544146],[11.614239470153668,46.12973697655925],[11.614315384433764,46.12941463690573],[11.614292728040118,46.12912756515445],[11.616490414678692,46.128201904799525],[11.617586010519066,46.12773378812105],[11.618782433823256,46.127222594206735],[11.620491222526157,46.12653865999419],[11.621434559559734,46.12620739721584],[11.621514338976613,46.12612831501016],[11.62142484941863,46.12542142134528],[11.621258954118996,46.12462890754641],[11.620970625590482,46.12394941391877],[11.620993833675668,46.12277772797819],[11.621267716570506,46.12228949668962],[11.621396357261803,46.12180963008023],[11.62162687345109,46.12129920412695],[11.62171820478717,46.1207955445426],[11.62173546122579,46.12070038478556],[11.621747819221588,46.12063223458423],[11.621694989874754,46.12055633160187],[11.621596089146088,46.12041423232654],[11.621260093804711,46.11993147538654],[11.621015742828385,46.11975701088025],[11.620949352969046,46.119724436650394],[11.620284681816411,46.119398304924786],[11.620143182853612,46.11927189376559],[11.620151433496622,46.119069715878815],[11.620283700308411,46.118778749144525],[11.620298157841452,46.1187469445041],[11.620334417974636,46.118630704526105],[11.62033420163621,46.11857574784515],[11.620332427798944,46.11846975707001],[11.620180965823259,46.117972851364506],[11.619974429738507,46.117441823105594],[11.619964566785061,46.11741637175172],[11.619989819855588,46.11731149455807],[11.620085455553271,46.117209854274904],[11.620302536622496,46.11692034509561],[11.620348744618695,46.116302481464224],[11.620363956216215,46.116068544776525],[11.620504141915974,46.1158112370427],[11.620611691542035,46.115824304596586],[11.620666272065442,46.11583112586827],[11.62097161326473,46.11586657745553],[11.621253394529244,46.115901361900775],[11.621333636657699,46.11591393664583],[11.622652823363817,46.115920075737854],[11.622857479476885,46.11592068700135],[11.62326222860371,46.11597100304368],[11.625703437510724,46.116271067519016],[11.625923783337106,46.116287468562966],[11.626054823484303,46.11629516309665],[11.628002810383661,46.11642162133112],[11.6294334223196,46.11645955804602],[11.629936431111512,46.11647393557496],[11.631185616372314,46.116510561257314],[11.63134610601223,46.116529222528484],[11.631654546565828,46.116563869398796],[11.631797251731154,46.11661541184277],[11.632051722465055,46.116905809701194],[11.632943202611683,46.11803450226631],[11.633725328990302,46.11902537936891],[11.635411072279233,46.11910869020008],[11.636461060031639,46.119566407712554],[11.63746770252981,46.12000192835658],[11.638534602976067,46.12051940023739],[11.639178669549395,46.12079992720357],[11.64026285962996,46.121403379409934],[11.64092429670423,46.12177733800277],[11.641923679888983,46.122482364502495],[11.643367077114291,46.12341320511894],[11.645461909107214,46.123463629290995],[11.646872833098296,46.12351103538551],[11.647922471724119,46.12358679512688],[11.647959836346685,46.123588729030175],[11.648656174643625,46.123638450602215],[11.65017003155561,46.123737585234366],[11.651580276912485,46.12373252535508],[11.65269921800142,46.123680627868985],[11.652782978950176,46.12349669489727],[11.652700693716449,46.12337744626194],[11.652008759760594,46.122734240261494],[11.651321655383493,46.12204607194924],[11.65107568923178,46.1217556555968],[11.650270444609452,46.121086960097806],[11.649442888950738,46.120470179254944],[11.649285507106486,46.1203527986369],[11.648904200575409,46.12008266604393],[11.648842155038672,46.12003893303488],[11.648807628083281,46.120015125359025],[11.648942049670662,46.11949698395466],[11.648915753352494,46.11912659405486],[11.648852223154483,46.11879011838563],[11.648675137296117,46.11841317862833],[11.648389171596598,46.11793961238243],[11.648244344764946,46.117558735995196],[11.648175770457263,46.117248496350804],[11.648080490732891,46.11695338100446],[11.648279657754719,46.11611747510424],[11.64840151939212,46.115547781312536],[11.648540573244627,46.115060342351555],[11.648348370549312,46.114342890741796],[11.647717395686069,46.113822796841966],[11.646977604693781,46.11334636431328],[11.64686539804102,46.11327412593942],[11.646308010480377,46.11287053016257],[11.646229843559082,46.11281392671507],[11.645778402535322,46.112442435904455],[11.645447899590108,46.11226856266438],[11.645134493686928,46.11216942537344],[11.644730021464143,46.112104561851616],[11.644249571690107,46.11198776038515],[11.642790574552007,46.11152140411473],[11.642546986115889,46.111410616877976],[11.641673469858617,46.11085453401882],[11.640685435917552,46.1101793975638],[11.640123996858906,46.10987044097267],[11.639932145686014,46.10976481570087],[11.639390050804588,46.109453715419754],[11.6391119832604,46.10916722251176],[11.638994003153563,46.10892486471501],[11.638954113508902,46.108843856245926],[11.638901107394483,46.108736260795595],[11.638872871637792,46.10867662214211],[11.638556526947873,46.10822364543567],[11.638358023703802,46.10813231820388],[11.638231775044233,46.10807591977952],[11.637416511833166,46.1078638182226],[11.636787420519205,46.107513642984365],[11.636684885098232,46.107456567642295],[11.636617908933387,46.107357583082354],[11.636583610957063,46.107308566708504],[11.636381626461974,46.10645156086406],[11.636328868830399,46.106200316227664],[11.63620898598926,46.105629393457384],[11.63618695985321,46.10552448842453],[11.636113040816953,46.10544275129681],[11.636009482524774,46.105291509238725],[11.635953702833396,46.105210750281834],[11.63590467064079,46.10514004309762],[11.635653450107986,46.10503367268768],[11.63540121172525,46.10501073317545],[11.635352712906366,46.10500565435653],[11.635238603528125,46.104995023782685],[11.635010631960135,46.10493109765037],[11.634832442859453,46.104878540690414],[11.634568325803231,46.10432536823426],[11.634216853332003,46.10418901656427],[11.633996000580025,46.10417165771994],[11.633887795135978,46.10412364633381],[11.63385464438061,46.103704933518834],[11.633810815189388,46.103654914695674],[11.633790680679352,46.10363300632035],[11.633599157477537,46.10342171989367],[11.633338683389212,46.103247395761535],[11.633013515870989,46.10306221176476],[11.63294750158381,46.10297129162061],[11.632955941946834,46.10281927329209],[11.632949096991231,46.102782681875034],[11.632892319879522,46.10251775108051],[11.632882280486552,46.10246787919092],[11.63276297698489,46.102393745564434],[11.632680414902653,46.10236203958646],[11.632310198266595,46.102220032386484],[11.632142088393154,46.10215630959397],[11.632080510383416,46.10213213911484],[11.631847215289087,46.10200920659203],[11.631664433793922,46.10191362981451],[11.631588834736906,46.10187310410517],[11.631543623368046,46.10185982764542],[11.631464807652424,46.10183584784597],[11.630789545470664,46.10163839455426],[11.630423638100739,46.10163686770159],[11.630101988790702,46.101732384185766],[11.62979645374066,46.101838917145514],[11.62937580037936,46.10179004802035],[11.629283151772816,46.10176520156546],[11.628960620753357,46.10167939767655],[11.628891374827626,46.10163782120703],[11.628678752643914,46.101512669319334],[11.62841285442035,46.10133460653017],[11.62801365562777,46.101250926845665],[11.627675323412078,46.100915234585734],[11.627320628472042,46.10047281395934],[11.627074090695526,46.10011872739637],[11.626533096318353,46.09988243496507],[11.625991484892722,46.10001164987619],[11.625535274481223,46.10012048774602],[11.624628117752707,46.10029436642732],[11.624220028598097,46.100205572838654],[11.623235075128584,46.099902224439944],[11.621966096781541,46.09953551270518],[11.621006317022372,46.099369063063236],[11.620381158691714,46.09928670708116],[11.61999696831385,46.0991154857427],[11.618512865442122,46.09883768707611],[11.618565206956243,46.09876002130393],[11.61858090214629,46.09873680642898],[11.618682468140545,46.09858612302833],[11.618726561360335,46.09852416410522],[11.618766355056284,46.09846504260081],[11.618793368002192,46.098425027028874],[11.61882474333237,46.098376321319705],[11.618939381128136,46.098199160814616],[11.618662065563383,46.09779077922913],[11.618523443376974,46.09757724120005],[11.618514369550912,46.09749400339703],[11.618504591086923,46.097417439445564],[11.61849936383091,46.09736826511305],[11.618492623902778,46.0973153704307],[11.618601337408666,46.097095018339715],[11.618769346368952,46.096844883012245],[11.618990802277974,46.09665473737563],[11.619050338603278,46.09644550297287],[11.619049051130872,46.096410488881986],[11.619041966839633,46.0961425107572],[11.61902275070686,46.09609796574624],[11.618975575106155,46.09597303801017],[11.618946519427142,46.09590291403202],[11.618847605172895,46.09567158179897],[11.618792990879182,46.0954686665108],[11.61882612882579,46.095307945506],[11.618973093061932,46.09520885969191],[11.619058171856224,46.09517368074777],[11.619186137391385,46.095122581948694],[11.61929050177786,46.0950823595304],[11.619361949787185,46.09506791065929],[11.61956415079218,46.095028742194174],[11.619729223193852,46.094997874665445],[11.620016112565121,46.094944585314835],[11.620054517104924,46.09485756829928],[11.620072472891735,46.09482290576129],[11.620174304540855,46.094780586795984],[11.620360481526415,46.09470730249827],[11.620454642593401,46.094652050853746],[11.620519978953533,46.09461387021848],[11.620579831507637,46.094581209383364],[11.620684253919046,46.094550250413405],[11.620775132707958,46.09452287289177],[11.620881163513975,46.094489223477154],[11.620918441120583,46.094461922735775],[11.62098285863078,46.09440865550152],[11.620804775009727,46.094236085241214],[11.620547525951324,46.09409328844061],[11.620354672352937,46.0939731055824],[11.620317669142446,46.09385707245705],[11.620485244845236,46.09280868771776],[11.620511430564795,46.0926459115131],[11.62052064490685,46.09259125760821],[11.620545527023943,46.09244528021784],[11.620574846649314,46.09225656721707],[11.620593830504845,46.092112549539856],[11.620441846601736,46.091778040546636],[11.620282456682986,46.09143355491266],[11.620198711354558,46.091018207830764],[11.620253950127074,46.0907453500088],[11.620416773807381,46.090454059815386],[11.620589720428526,46.09028247936401],[11.620624793501701,46.0902592957244],[11.620736921128639,46.09018132642974],[11.620766509079745,46.09016046022975],[11.620815405794428,46.090125520559226],[11.620846629037665,46.090078676330165],[11.620913724077269,46.08996740121265],[11.620947199918529,46.089778541377584],[11.621125625241437,46.08958453101233],[11.621245965161274,46.089379230965115],[11.621239332280602,46.08896842877955],[11.621236996677217,46.08891910174814],[11.621201352646215,46.08880642994773],[11.621155367441812,46.088674725256986],[11.621066694170795,46.08855337778359],[11.620970680687751,46.08842103888286],[11.621047167524592,46.08819309269822],[11.620917305436045,46.087362513255876],[11.620661192192976,46.0870177757305],[11.620486367789294,46.08663655390424],[11.620410652658384,46.08647114341203],[11.620315936863797,46.08626140898738],[11.61985680375621,46.085691742397195],[11.619809706924425,46.08545973881458],[11.619812981098038,46.085232204359706],[11.61981519887813,46.08502979937971],[11.619819202681159,46.084700577883744],[11.619846698154776,46.08360111864451],[11.619972995791258,46.08310779392862],[11.620358246018476,46.08253964207036],[11.620404542734876,46.082469338669966],[11.620469236502764,46.08237164301212],[11.620493795225977,46.08233523575811],[11.620716500518915,46.081778360370606],[11.620664906568544,46.08165931103259],[11.620363753135122,46.08141840139527],[11.62017455534756,46.080636280608665],[11.620450558635023,46.080281710004066],[11.620592753581244,46.07982956804171],[11.620684764463808,46.079706389525874],[11.620794520995004,46.079519849322146],[11.62069766465703,46.07931000483295],[11.620377058036999,46.079006102824735],[11.620319797795458,46.07897063291437],[11.620175041262083,46.07888051245845],[11.620080873513611,46.07882344794661],[11.619953141110315,46.078744424120345],[11.619910460405748,46.07871732133311],[11.619949396509757,46.07855631990376],[11.620044304370763,46.07842850944595],[11.620171353572934,46.07826146169363],[11.620339300107135,46.07805688558705],[11.620368218250865,46.07801946926959],[11.620504516555805,46.077699634955195],[11.620456875687884,46.07754388946712],[11.620417667335257,46.077422325465484],[11.620393903454074,46.07734908219761],[11.620343791568178,46.07718855463934],[11.620446733565224,46.07703176309334],[11.620616249904755,46.07668536368571],[11.620638474119065,46.07664078791028],[11.62066979920381,46.07657691131907],[11.620772779906373,46.076366924318464],[11.621077254884794,46.075713250618314],[11.62092860913138,46.07512005972259],[11.620835308447775,46.07474773096507],[11.620833036448,46.07465819052367],[11.620812165013128,46.073949875401986],[11.620808954515004,46.07388365536211],[11.62070861463451,46.073564437417076],[11.620624622945112,46.07329170666562],[11.620591248345375,46.073183813886615],[11.620586824366308,46.07280634139185],[11.620573810159472,46.07277020206075],[11.62051611775949,46.07260115204819],[11.620456593209454,46.072431008163925],[11.620286409150445,46.071933896403685],[11.620251262296094,46.07177896036413],[11.620227175433557,46.07165951007276],[11.620197289343436,46.07152226546462],[11.620296307105244,46.07123763877644],[11.620306475933152,46.071208407447195],[11.620365722197102,46.07114044403214],[11.620422654235592,46.071074214985074],[11.620599044085358,46.07086838158186],[11.620715729838187,46.070733137603604],[11.621090930147563,46.07029161591044],[11.621124697749858,46.07020070655599],[11.621226931262454,46.069920586494405],[11.621288454951147,46.069475694586984],[11.621317764122244,46.069023246101224],[11.621423784330016,46.0687458452889],[11.621477106241697,46.06861642358082],[11.62154837091677,46.068519702255955],[11.621681276277155,46.06834094249474],[11.621763580539932,46.06823330105478],[11.622023049269488,46.06776850452903],[11.621897603975611,46.067505217241106],[11.621828436688235,46.06735737912211],[11.621579893743352,46.06683928261519],[11.621550263017852,46.06677619358669],[11.621872007034163,46.06630463421349],[11.621911155812072,46.06624481956149],[11.62207040860562,46.06597349373567],[11.622193851990716,46.06567078389116],[11.622333071038396,46.06539496997375],[11.622627577848625,46.06521078953823],[11.622696236836422,46.06510404211723],[11.622883138733597,46.06480728361832],[11.622978929495293,46.06465607113594],[11.623293575605237,46.064251096680565],[11.62355999873979,46.063872463030826],[11.623772791362663,46.063609460841185],[11.623821375025491,46.06354994540601],[11.62379925167482,46.06344525568206],[11.623973364394297,46.062909756951186],[11.624288068011095,46.06251976338105],[11.624294344265811,46.06244976652954],[11.624313235099006,46.06223909589841],[11.624214632665064,46.061932607934494],[11.624040730855578,46.06161512927798],[11.623867108420628,46.06134253075742],[11.623774586971068,46.0611519922679],[11.623773553879928,46.06097990676039],[11.62395000418988,46.06083347750725],[11.623930986688872,46.06035467176518],[11.624181247622609,46.059972334945726],[11.62446849215943,46.05977117658978],[11.624509768880237,46.05970346447047],[11.624562796224089,46.05961992930654],[11.62463246540385,46.05951122498056],[11.624664535333894,46.05945652410377],[11.62475762208076,46.059312181975194],[11.624933101715685,46.05900863035047],[11.624839038887549,46.05855997313496],[11.62471823892027,46.05813757381942],[11.624576078884818,46.05773769052894],[11.62441891744445,46.05752117248125],[11.624229340016857,46.05727480237747],[11.624133531388033,46.05710961776992],[11.624173876308223,46.056990640873835],[11.624478628540249,46.05668173096522],[11.624547741363216,46.056611673572505],[11.62463014172289,46.05653826500147],[11.62472863003617,46.0564493215702],[11.624829567764754,46.05635732096467],[11.624893616164968,46.05629801394427],[11.625089186288447,46.05612085190301],[11.625004778602722,46.055772308674364],[11.62485792098378,46.0554809394393],[11.624724770586965,46.055226645288485],[11.624709600862314,46.0551973819284],[11.624672801444571,46.0551107408792],[11.62463386144793,46.055014694780446],[11.624536511915098,46.05476357218153],[11.624433593732704,46.05462545842103],[11.624205318144679,46.05442683357535],[11.624154496833983,46.05437541882213],[11.624161303607332,46.05403140454989],[11.624234814267034,46.05374686105806],[11.624382889382941,46.05335359885889],[11.624537215302862,46.05310623741278],[11.624661871655306,46.05300499010739],[11.62471984819181,46.05298811018929],[11.624772806485002,46.052970852330404],[11.624824986786285,46.05299657578105],[11.62488598417273,46.05302664728128],[11.624924318529304,46.05313813696277],[11.624966226896086,46.0532598123736],[11.624992032476339,46.05331175399273],[11.625009126356408,46.05334466424558],[11.625071038846745,46.05341518490225],[11.625178808106007,46.05346349205767],[11.62532928909218,46.05346679815419],[11.625501046421126,46.05343636137044],[11.625602771215954,46.05337619865524],[11.625693516259377,46.053274922408846],[11.625778826393711,46.05316617902839],[11.625749745297075,46.05299985047741],[11.625743218786019,46.05296450575545],[11.625759772007571,46.052687356806445],[11.62582900932764,46.05250222036821],[11.62583907810418,46.05247386651774],[11.625898125353226,46.052445210200375],[11.626096239996807,46.05234965114883],[11.626321417066343,46.05226668505954],[11.62656509722468,46.05225165257836],[11.626662001310216,46.052246818439535],[11.62673724679661,46.05222434521],[11.626781828924939,46.05220898195998],[11.626815209527098,46.05217544128172],[11.626811533207263,46.052075687578515],[11.626822543594306,46.052034767847125],[11.62684851101963,46.05195649905672],[11.627103718206452,46.05174927871738],[11.627167942885047,46.05174236961022],[11.627290712555705,46.05173253959208],[11.628357436556197,46.05165114042411],[11.628570226621461,46.05163433122314],[11.628708576882016,46.051623605572885],[11.629029506101732,46.05143050323419],[11.629084299971359,46.05139930958638],[11.629167382394966,46.051370278328484],[11.629343128550614,46.051309114871145],[11.629442860552587,46.051273848836765],[11.629475340107582,46.051260305850725],[11.629589521978064,46.05121323305877],[11.629849720457312,46.0511048577367],[11.629951435951313,46.05106275823169],[11.630072287833466,46.051029467902644],[11.630216497735747,46.050990203189905],[11.630302802887831,46.05096702198395],[11.630434358923141,46.05091136038354],[11.630457066985569,46.05088440984292],[11.630519014281255,46.050814408469314],[11.630596266818243,46.050725959747126],[11.63068759548538,46.050618445710455],[11.630783595991543,46.05050604377092],[11.630868871852165,46.05043036642354],[11.630989367177753,46.05032736465864],[11.631088333541758,46.0502410309893],[11.631142279535005,46.0501928582363],[11.631258576809667,46.050068180430046],[11.63127943544793,46.05004541530508],[11.631320657340387,46.050003334686615],[11.631336356654879,46.04993595181082],[11.631281948657813,46.0498238777528],[11.631209349069039,46.049674474215436],[11.631212677169051,46.04962220484361],[11.631218251639151,46.04956612146904],[11.631229387767103,46.0494869017246],[11.631240300445837,46.049407795133064],[11.631277080297098,46.049364434365465],[11.63132194921438,46.04931696026647],[11.631343011031602,46.049296083273305],[11.631381276227216,46.04928020219947],[11.631814725835063,46.049108674291475],[11.632000885530644,46.048866920727725],[11.631827675503413,46.048460379127555],[11.63162586591199,46.04812343364451],[11.631441651288021,46.04773064048673],[11.631441898257032,46.04752860808188],[11.631511983094214,46.0473004318937],[11.631705656233626,46.04709104913147],[11.632013218555683,46.04672249044168],[11.632011017587784,46.04659121599092],[11.63180307865273,46.04644388469284],[11.631470157149673,46.04628655903385],[11.631178985948381,46.04621935767189],[11.631136480989998,46.04620891237141],[11.631056420637078,46.046177361693395],[11.630933539888836,46.046127007683886],[11.630900970126433,46.04601314866662],[11.631024746815052,46.04583363443246],[11.631307090461606,46.045637200209775],[11.631471380588067,46.04522034301589],[11.631552372973957,46.04485748140998],[11.63171756210066,46.04476052529379],[11.631939452859442,46.0446294848205],[11.632028386417806,46.04451461008777],[11.632177851124903,46.04432409338103],[11.63225114190094,46.04422777370044],[11.632257265239506,46.04389265233131],[11.632223523642201,46.04379808376949],[11.632171571281466,46.043656913880724],[11.632058815591698,46.04358578023792],[11.631770018484206,46.043556585657804],[11.631537753643826,46.043533104730834],[11.631369580908107,46.0434629960889],[11.63127115022287,46.04327384053798],[11.631255080725627,46.04324331974125],[11.631081871746835,46.04286318450081],[11.630851081112123,46.042676004681034],[11.630593471766847,46.042440169123935],[11.630440260728653,46.04237943247403],[11.630308987367535,46.04232615325276],[11.630183187876215,46.04227989521374],[11.630097280661177,46.04227554604122],[11.629865435410316,46.04226673475212],[11.629787826110169,46.04226388549828],[11.62946009783974,46.04230110681213],[11.629126905260382,46.042394435876275],[11.629046078785102,46.04243485411277],[11.628820483583294,46.04254766341752],[11.628303815340109,46.04270371952489],[11.628245739037286,46.042724078739724],[11.628065109015399,46.04278394890148],[11.627992833343482,46.042809051308666],[11.6276973341799,46.04282384981081],[11.627455785931202,46.04276082655375],[11.627208730079298,46.04259909015502],[11.626972414266058,46.042554056548525],[11.626689081597974,46.04255553792423],[11.626494150819019,46.04266227214159],[11.626316652031635,46.042830518592616],[11.62613394577878,46.04285660013567],[11.626073312217846,46.042833920314415],[11.62598360390992,46.04280038815112],[11.625876221256156,46.042732977131514],[11.625817264349452,46.04263567866181],[11.62582273097751,46.04254215273959],[11.625878221526326,46.0423665009503],[11.625887688423994,46.04216807092765],[11.625866671183102,46.04176776226321],[11.625925912213512,46.04165556223005],[11.626092684709093,46.04147607819703],[11.626506684383227,46.041184513590785],[11.62675424049111,46.04082925468325],[11.6268243534166,46.04060482298966],[11.626738431294026,46.04041174135379],[11.626619515214434,46.040230161550824],[11.626432832796993,46.040080832051906],[11.62611615538684,46.03987862173176],[11.626046580091112,46.03964661856867],[11.626357095935013,46.03902565116873],[11.626352241869295,46.0389258316468],[11.626348452250399,46.03888360059109],[11.626284043366288,46.03876759479277],[11.62613204618519,46.03855090765848],[11.626092895103287,46.038449589643186],[11.626073141374636,46.038393575759805],[11.62605378862142,46.038180097661666],[11.626064819728043,46.037933190220066],[11.626132845364308,46.037480141657376],[11.62611391523511,46.0373346246929],[11.626072530824358,46.03725283084256],[11.626001940763159,46.037110627572794],[11.625990307724996,46.03708389858127],[11.625977909204046,46.036992844467285],[11.625969367059469,46.036937968779554],[11.626034005394448,46.03681080519439],[11.626286850958838,46.03650043844022],[11.626362266709204,46.0363209168544],[11.626361111056472,46.03609756425295],[11.626374653449872,46.03596475022228],[11.626378637820492,46.03593552899537],[11.626508010840698,46.03576357634012],[11.626618557366637,46.03556691955808],[11.626661370024564,46.035366257112905],[11.626689629499985,46.03522108874301],[11.626703519933193,46.03510443896722],[11.626816201678153,46.03412886046243],[11.62693477480373,46.03378849299023],[11.627100281017531,46.03360822181318],[11.627135339443331,46.033586094736684],[11.627381051082379,46.03343708614173],[11.627479982232805,46.033358542610884],[11.627530878761597,46.03331922709261],[11.62760147878423,46.03326512116367],[11.627621251064133,46.033226683651925],[11.627665877481785,46.033145246293955],[11.627706541185153,46.033065079168615],[11.62771422630688,46.03303344427792],[11.627726194217717,46.03297413024077],[11.62774330234598,46.032883963509455],[11.627768626921137,46.03275268639803],[11.627769072754871,46.032374815525195],[11.627748016408207,46.03201565030437],[11.627801965410011,46.03183236422975],[11.627946922474013,46.03166651911804],[11.628038635387927,46.03155939856266],[11.628285902019023,46.03139494310674],[11.628460094148814,46.031356335168674],[11.628538419590708,46.03133897501965],[11.628582255230592,46.03126789359573],[11.628616637223903,46.03121703182061],[11.628638159463224,46.03118236110929],[11.628617729759581,46.03086995781669],[11.628614992639553,46.03076292865265],[11.62861843544995,46.030477735652234],[11.628617744293344,46.03044194616368],[11.628616983493625,46.03035503021384],[11.628628485633167,46.030315836879176],[11.6287657225706,46.029913709265074],[11.629029580981594,46.02934894533556],[11.629246014876998,46.029128976818136],[11.629431552606652,46.02893861029854],[11.6295423747341,46.02882650682905],[11.629809346842325,46.028530091496656],[11.630056537093628,46.02840677754321],[11.63011568894025,46.02836565422117],[11.630188105967346,46.02812462020649],[11.630197357322,46.02809545303059],[11.630540853214262,46.02761765167036],[11.630716086478783,46.02730146108925],[11.630785417148049,46.02717611716148],[11.630830170777388,46.02709531999715],[11.630985483643016,46.027009701593656],[11.631453686955059,46.02675159224059],[11.631819430634753,46.0264151837066],[11.6319130913656,46.02614978661314],[11.631943487528533,46.02606360714564],[11.631996649248023,46.02601434928359],[11.632223140196231,46.02580567752696],[11.63277686065425,46.02545816859566],[11.63290899283899,46.02501297638411],[11.632920940012488,46.02497749588456],[11.632938789995304,46.02491583686845],[11.633135791529247,46.024853552557886],[11.633370979110074,46.024882593577544],[11.633465119704057,46.0248937664068],[11.633500954941296,46.024867134406215],[11.633684819022962,46.024731380156176],[11.633787206679804,46.024654459636636],[11.633837138525877,46.024615900635254],[11.633996052176613,46.02449215745931],[11.634099562383195,46.02441163391412],[11.634343697417478,46.024320958821704],[11.634380006654057,46.02430523968113],[11.634707238469442,46.02387710155824],[11.635013887381074,46.0235106902763],[11.635347368041838,46.02315553087107],[11.635680814495704,46.02283030648011],[11.63618584502904,46.02267352624868],[11.636328390514596,46.02265473239845],[11.636444517945622,46.02263968852357],[11.636522900536335,46.022766518965625],[11.637140193897498,46.02374789915671],[11.637163836611867,46.023791878503744],[11.637536553285022,46.024485162272036],[11.637745106148698,46.024772420183226],[11.637816901112975,46.024871308162425],[11.637922439153717,46.025016673690935],[11.638592611755122,46.02583269426159],[11.639117142403448,46.02708630649228],[11.639443735005708,46.02782727554659],[11.639807734183199,46.02869170926592],[11.639882066422794,46.029301549040014],[11.639891713819148,46.03008344399667],[11.64066823126299,46.029818882143324],[11.640713866624509,46.02980340530799],[11.640741351758743,46.0297570430151],[11.64082693458825,46.02961268141738],[11.64103656389567,46.02948189824838],[11.641917777438836,46.029198162947836],[11.642605954452682,46.02894598647887],[11.643274734588541,46.02869572455468],[11.64365575277955,46.028268793111],[11.643907561872513,46.02798639817368],[11.643928040634213,46.027964910327725],[11.644273438385806,46.0274154044348],[11.644315478595317,46.02734365550745],[11.644427577137325,46.02715791244996],[11.64452554435123,46.026992614701506],[11.6446706858259,46.02689542770816],[11.645202467472632,46.026820956978206],[11.645332873496056,46.02677447527548],[11.645412030987613,46.02674626007297],[11.645524924404487,46.0266565486946],[11.645613674424997,46.02650125888601],[11.645670261228606,46.026402249783274],[11.645918054337503,46.025822537073886],[11.646112118512674,46.02526148933459],[11.646327561185236,46.024775282118625],[11.64653219633613,46.02432274156546],[11.646720291148604,46.02391502997638],[11.646759203085733,46.02382921709284],[11.646877076480578,46.02340265785541],[11.64728010345387,46.023197151543144],[11.64770484639757,46.022812078904096],[11.648140300622691,46.022441982685564],[11.648645688974579,46.02196342534138],[11.649478377727496,46.02170578808815],[11.650053161872563,46.021563973072986],[11.650418487610127,46.02143324634904],[11.651267367708202,46.02110453008433],[11.651433921704093,46.021018580436504],[11.651600608321097,46.02085406623384],[11.651643675815034,46.02074934200511],[11.651741555709794,46.01973182541626],[11.65182829330087,46.01903229916932],[11.651893427736217,46.018452482584706],[11.651958298567092,46.018074661896065],[11.65265153568173,46.01763736400078],[11.653565009443007,46.017099166455374],[11.654166905015812,46.016650561478365],[11.654698932835753,46.01627301733773],[11.655279349410414,46.01584311758657],[11.65571457577121,46.01556650860818],[11.656010070024726,46.01540955392892],[11.65623138054198,46.01537234309399],[11.6562947253638,46.015361071724946],[11.656520265127819,46.01533499748008],[11.656702836801614,46.01532761578808],[11.656869230761325,46.01537633589325],[11.657078576194856,46.0154363126918],[11.657250308572387,46.01552243896736],[11.657368384154166,46.0155389522102],[11.65743822267303,46.0155487202524],[11.657647639988419,46.015530132132334],[11.657910786502033,46.015515308407906],[11.65854444175245,46.01545204297669],[11.658872004843458,46.01544099012507],[11.659269377974173,46.01540377510681],[11.65962916976799,46.01537403135519],[11.659994332963121,46.015344292775076],[11.66023060622708,46.01532196019208],[11.660482997026843,46.0152958971225],[11.660735361807985,46.01528854286034],[11.660901846894355,46.015262433424674],[11.661025409917457,46.015206393067444],[11.661143681175824,46.01506054043445],[11.661358759959555,46.014757628696195],[11.661383966887394,46.01465709893385],[11.661401903830713,46.0145855640751],[11.661353681911988,46.01449201527749],[11.66121803022924,46.014429014189666],[11.661063906095155,46.01432726529381],[11.66089222431061,46.01417004828396],[11.660785003856178,46.01400539331518],[11.66077439356511,46.01390064515399],[11.66086053913397,46.01365377170222],[11.660946689322273,46.013440574025466],[11.661075747012761,46.013227392713056],[11.661274600438654,46.01304792058479],[11.661484154670317,46.012894649869004],[11.66170445484514,46.01273762526754],[11.661903264249696,46.012603055534036],[11.662123480673255,46.012517112063556],[11.662380517133794,46.012430622164885],[11.662182370383412,46.01269671560737],[11.662026424929262,46.01291736630907],[11.662165972862821,46.01297728290561],[11.662455842064897,46.01305972502413],[11.66297117593696,46.013175949003035],[11.663395283475573,46.01322478784329],[11.663765738237762,46.0132548941359],[11.664082138629311,46.01365158961951],[11.664312703907159,46.01398464394595],[11.664478877553753,46.014280269518935],[11.66470395805126,46.01471433754738],[11.664891401126095,46.01523442502855],[11.665116516126819,46.01566849139181],[11.665389930615797,46.01611379789836],[11.665475727564418,46.016248514599894],[11.665664252825545,46.016362197732086],[11.666448759971777,46.016948326148864],[11.666649060890524,46.01709793245124],[11.666750579136437,46.01711925000078],[11.667321525173323,46.01723601712858],[11.667630788706614,46.01732470853162],[11.667797945740038,46.01737258212142],[11.667910345251375,46.01740525260816],[11.668043736293567,46.017440994161966],[11.668086955671,46.01745258992201],[11.668220546811504,46.01748843100215],[11.668573256179679,46.01758179145104],[11.66866198761703,46.01760201187016],[11.669113449771508,46.017697496831765],[11.669174392977636,46.01771037368957],[11.669237810035897,46.017746347778704],[11.669409592419495,46.01784892938672],[11.669590503835652,46.01795681654971],[11.669798316483858,46.01804480327707],[11.669971290888517,46.01815208241587],[11.670224203713216,46.01835846167978],[11.670481835325168,46.01855341712327],[11.670801281938951,46.018750099177936],[11.671009115560338,46.0188922302328],[11.671315563597178,46.019087886343726],[11.671616454195515,46.01924729279421],[11.671870081662423,46.019403747562045],[11.672085944115356,46.01954237837968],[11.672289433079323,46.01968489046537],[11.672414238503551,46.01977299647499],[11.672720048487387,46.02028510593854],[11.672788961519995,46.020438645547436],[11.672806905015735,46.020487715703425],[11.67296148132665,46.02074672089613],[11.673139682758867,46.0210426345231],[11.673203224044723,46.02110708875171],[11.673292504147303,46.021193554615806],[11.67345410890268,46.021319473007395],[11.67362658649788,46.02140068602776],[11.673823615163352,46.02149186197268],[11.674103658836191,46.02166392687671],[11.67434419043083,46.0218171058868],[11.674524087500522,46.02194813072192],[11.67482626422212,46.02217559117673],[11.675320989502815,46.02250899747817],[11.675498255704833,46.02266299175062],[11.67566146644722,46.022745142428874],[11.675856149105055,46.022863370866595],[11.676433140664367,46.02308675517017],[11.677467839372193,46.02358008887346],[11.678040325434619,46.02405688221183],[11.678437644185816,46.02436329784715],[11.678855775356602,46.02468575991686],[11.679066600605697,46.02478511240009],[11.67983197401054,46.02517986643988],[11.680591191989864,46.02556646031566],[11.680765112819067,46.02570724984088],[11.681191067582944,46.02607955428261],[11.68180138883217,46.02662993159159],[11.681869355862279,46.02669110611892],[11.681874770797387,46.026777846897296],[11.681885315511218,46.02694674301703],[11.681915955852574,46.02744482036562],[11.681930585838257,46.027945085465404],[11.68186589786205,46.028415787341025],[11.681602959756416,46.02846988433294],[11.681282949146762,46.0284173812913],[11.681096962073392,46.02838645868384],[11.680626390802669,46.02825990078082],[11.680345035376563,46.02824305024194],[11.680145484732252,46.028184216582],[11.67987186078371,46.02820405097879],[11.679415161405974,46.028285352864735],[11.679073283707886,46.028330660785954],[11.6787396498061,46.028366353355125],[11.6785979174461,46.028408820413034],[11.678312357677038,46.02849587057661],[11.677868303947857,46.02864936808172],[11.677598481098572,46.02867209160748],[11.677487943993357,46.02867693319122],[11.677432148480051,46.028675922650756],[11.677315759143292,46.02868087155887],[11.677226529861404,46.02865415397513],[11.677034655244002,46.02858127845492],[11.67677624104348,46.02853750409795],[11.6765087530097,46.028539008015045],[11.676138542858514,46.028566139951685],[11.675854360808215,46.02863105509401],[11.67549024521495,46.02883351684117],[11.67545840754712,46.02885252136435],[11.675041435525491,46.02905316953343],[11.674806019908514,46.02911341698601],[11.674518367863481,46.029132738103065],[11.674389725810384,46.029143917672165],[11.673938540568123,46.029198962113924],[11.67389785533725,46.029204833491434],[11.673448022945374,46.02928603708129],[11.673037643199411,46.0294886873375],[11.672577543110549,46.02985124926989],[11.672275575795847,46.030127081293756],[11.672100586690819,46.03054120319435],[11.672037548569788,46.03094692458662],[11.67193868916656,46.03116228071108],[11.67184623960028,46.03127102995276],[11.67170501286946,46.03135018657838],[11.671468968067986,46.031482487420696],[11.671147898947694,46.0316223090209],[11.670987556160478,46.031738042186866],[11.670899654887936,46.03188740045925],[11.670731401269165,46.03197059284434],[11.670441519028154,46.032002695297145],[11.670363466855731,46.03201670621194],[11.67027618480696,46.03203480674275],[11.670182221151148,46.0321065766993],[11.670008073623729,46.03233638305317],[11.669814328203989,46.03248891236671],[11.669735041709083,46.03267044632447],[11.669745877376236,46.0327875109147],[11.669680727465554,46.032839208742196],[11.669527461569006,46.03295993986838],[11.669452857944842,46.03313616179371],[11.669388355419494,46.0333760286815],[11.669313806626665,46.03348106770865],[11.669232365990771,46.03359557890957],[11.669132558176297,46.03373432056837],[11.6687755114323,46.03403852221564],[11.668706201302058,46.0340707304072],[11.668579531943452,46.03412959305818],[11.668260409996869,46.03415591246972],[11.668075179369733,46.03418675560628],[11.667877213558175,46.03429975847784],[11.667653215282947,46.03451118881934],[11.66762657909231,46.034546444491134],[11.667375944683306,46.03488210298639],[11.667251029567314,46.03502117011211],[11.667174014666612,46.03505414683902],[11.667018795962585,46.03511938174619],[11.666960034348653,46.035142094395844],[11.666805522392828,46.03520180592178],[11.666608464739763,46.035345671025716],[11.666556115058711,46.03544793524802],[11.666505242990873,46.03554731354704],[11.666463677202074,46.035628575898556],[11.666389339515158,46.0357717392102],[11.666294997134557,46.035954906550806],[11.666235753142113,46.036068881171964],[11.6661463777238,46.036156856975865],[11.666183818384974,46.03621403162668],[11.666250322257232,46.036317625393224],[11.666298508211277,46.036456090363856],[11.666354787711768,46.036632749547806],[11.666411570121726,46.0367443998156],[11.666516585373234,46.0368332387574],[11.666747284038284,46.03699394281798],[11.666825966484714,46.03716762870012],[11.66680018780388,46.037303500170154],[11.666726561137764,46.03748403657493],[11.666706578096738,46.03764084226653],[11.666686488089523,46.037790058418835],[11.66670483286424,46.03783246498432],[11.666724152297277,46.03787772088998],[11.666752969279749,46.0379470000254],[11.666901500465476,46.038061522902694],[11.666947646679633,46.038079084765045],[11.667225789984174,46.03818185540229],[11.66747369949152,46.038308714215816],[11.667684076192431,46.03841573601193],[11.667795338462955,46.038472547629105],[11.66813195456817,46.03864430003012],[11.668180467535405,46.038673630227855],[11.668361047146085,46.03878543496001],[11.66863119389811,46.03895365884139],[11.669087449137702,46.03928696618325],[11.669183423238046,46.03935878043939],[11.669214445326288,46.03938472069716],[11.66964386436464,46.03974002316524],[11.670124197838078,46.04010642227108],[11.670345521106306,46.04020385498734],[11.670700752919636,46.04034014491575],[11.67161231973877,46.040680299745325],[11.671781505121368,46.04074343007903],[11.672040812752737,46.04083987462437],[11.672693128103111,46.04103783738049],[11.673226822139679,46.04132931268568],[11.673830039608054,46.041696068244384],[11.6741606840586,46.04189709656424],[11.674316079085985,46.04199157567674],[11.675425775379484,46.04262042967571],[11.675605153936615,46.042722632989765],[11.676023846765913,46.04299170626522],[11.676122758234575,46.043058531506794],[11.67671223469739,46.043443790321845],[11.677298047180447,46.044253317835405],[11.677954398578564,46.045065992905975],[11.678518678224613,46.04569450967697],[11.678680002115513,46.04587510753423],[11.678832170185665,46.04604527757334],[11.679084205242969,46.04598083305897],[11.679174014340841,46.04597818634574],[11.67928848970294,46.04597621021307],[11.679394766007729,46.04597433540608],[11.679547273810327,46.04597166119501],[11.679744235645128,46.04592947782335],[11.679871143172617,46.04588396952788],[11.679911133458571,46.045853855683184],[11.679968915525347,46.04581072617803],[11.680018652564614,46.04577806683073],[11.680089737648567,46.04573082594414],[11.680193426575165,46.0456624119059],[11.680222719753864,46.0456435252332],[11.680454561296497,46.045494044748786],[11.680515689018938,46.045468941195715],[11.68055170763951,46.04545476413157],[11.680630806121169,46.04542352695086],[11.68080974480558,46.0453521940969],[11.681214710854702,46.045251518899356],[11.681341361331636,46.0452334614924],[11.68160651349691,46.04519651986399],[11.681998355410629,46.04509555957782],[11.682085534653826,46.04506074109342],[11.682120160594721,46.04504699226409],[11.68224861345966,46.04499634976845],[11.682282640124308,46.044977488208346],[11.682353747381793,46.04493815782787],[11.682418833653264,46.044900744635605],[11.682483816232372,46.044864368012895],[11.682522254579087,46.044830117005866],[11.682691995182166,46.04467649390485],[11.682767860792673,46.04458550312391],[11.682859240834459,46.04447957764761],[11.68308789765771,46.04437727314286],[11.68334093637691,46.04424229731838],[11.683417390238304,46.044217901398355],[11.683555702006085,46.04417339372701],[11.683597201389142,46.04416013909205],[11.683907883097564,46.04415665139937],[11.684540585534991,46.04414265828585],[11.685003846902319,46.04416795100215],[11.68521369848882,46.0441807279719],[11.685465539500385,46.04418599181767],[11.685502371598403,46.04418682150056],[11.685693596788067,46.04419139045203],[11.685809403165283,46.04419367336723],[11.685883010371096,46.0441861081985],[11.686039604200136,46.044169796767704],[11.68618724821807,46.044154412964424],[11.686316513365156,46.04415274617177],[11.686748175772605,46.04414883533822],[11.686976035261093,46.044144802505706],[11.687205249352573,46.04414066444158],[11.687311375619679,46.044138678673825],[11.687990025462607,46.044192095376886],[11.688267583633442,46.044222908997995],[11.688676557562891,46.044269321755905],[11.688901935389957,46.04430300481592],[11.689018267108644,46.044320439059966],[11.689054191515895,46.04432594409043],[11.689152341702906,46.04434029962485],[11.689350604536935,46.04444644611771],[11.68944695626347,46.044484606299086],[11.689497149895473,46.044504765722756],[11.68953982161102,46.044522169851305],[11.689605332470919,46.04454878200071],[11.689641489862693,46.04457946691055],[11.689685580836883,46.04461707006812],[11.689756224637046,46.04467649813988],[11.68979427057985,46.044708779338734],[11.689846563956275,46.04475167244117],[11.689881165527831,46.04476056469914],[11.690015863580165,46.044792780026235],[11.690135664177108,46.044775746340186],[11.690632920580823,46.04473401408293],[11.690898751887053,46.04471170405598],[11.690990333660244,46.04469518400722],[11.691107630264115,46.044671743146885],[11.691151205973934,46.04463988204829],[11.691202213023502,46.044599813668434],[11.69122175960198,46.044575039696106],[11.691365391023199,46.04437908046961],[11.691494665114721,46.04433894522111],[11.691611793800973,46.04430962228696],[11.69179668893244,46.04428700878412],[11.69190871672653,46.04430349834529],[11.692100016917202,46.04433256439564],[11.692201736287902,46.044348375885065],[11.692904591745165,46.04443125937284],[11.693297868994087,46.04447338404072],[11.693355006352835,46.04447996439074],[11.69342625694092,46.04450275683735],[11.693668150760189,46.04458065889857],[11.69404133702096,46.04467379786423],[11.69423985102536,46.04468993087925],[11.69428716280687,46.04469396045194],[11.694389995337739,46.04470132904538],[11.694651370645945,46.04469067579613],[11.694700532220017,46.044688624833995],[11.695055579633234,46.04469067637338],[11.695165282898179,46.044694953335295],[11.69526339060757,46.04469890799179],[11.69554447183288,46.04471151781144],[11.695767496201725,46.04474579909551],[11.695952369001036,46.04477381781207],[11.69628114089493,46.04481428569698],[11.696522519878181,46.04481317195771],[11.696594052415747,46.04481307617603],[11.697225978024447,46.04480241347611],[11.69758364711907,46.04478519059428],[11.69778939111969,46.044774484107755],[11.697948830211349,46.0447660708727],[11.69810217928131,46.04476525560337],[11.698163967186751,46.044765688761395],[11.698337293544093,46.04479370457019],[11.698380183245826,46.04480061181387],[11.69848643472703,46.04482192161659],[11.698661249184783,46.044857126577845],[11.698885816188831,46.04486476576209],[11.698922867475408,46.0448659153554],[11.698982118814943,46.04486004816799],[11.69907606681661,46.044850750814206],[11.69918590673711,46.044839652108145],[11.699276337279983,46.044831301778196],[11.699336979676778,46.04482562744584],[11.69943736549993,46.04481012021669],[11.699562650090941,46.04479064644692],[11.699684202670298,46.04477161627978],[11.69973527290526,46.04476359291772],[11.699917792480063,46.04469340097723],[11.700071135991324,46.04463563531599],[11.700224749873744,46.044593786967305],[11.700394213133537,46.04454826404262],[11.700519844033353,46.044528913340315],[11.700649159704707,46.04451067245297],[11.70079417641043,46.044514788520694],[11.700874004451261,46.044517933927814],[11.70095312269333,46.04452608421335],[11.701175729721896,46.044551277761634],[11.701232499628833,46.044557961864164],[11.701614170144845,46.04460399563419],[11.702040284926877,46.04467730794411],[11.702215219546414,46.04470752097058],[11.702571854849616,46.04474104254625],[11.702697656480384,46.04475292748815],[11.703175115636109,46.044799955586164],[11.703302575108363,46.04481365205248],[11.703499042414016,46.04483349235689],[11.70368177236092,46.044868046828434],[11.703788939054325,46.04488907531138],[11.704267756821151,46.04501761777439],[11.704736665844708,46.045160537374684],[11.705467945298178,46.045363483084515],[11.705602307545766,46.045407630007254],[11.705636681182794,46.04541915107252],[11.705926173700751,46.04551286123589],[11.705983000899037,46.04553071139852],[11.706075918447208,46.04555989688117],[11.706121721014727,46.04560225858124],[11.706265401075397,46.04573514436104],[11.706399700984393,46.04593220800073],[11.706441252304433,46.04599317830255],[11.706377617599964,46.04602869869533],[11.70629890447981,46.046072224177806],[11.706221478379597,46.04611479204506],[11.706170038136394,46.04614656803356],[11.706009810297425,46.04624359562438],[11.705951566462947,46.0462921325685],[11.705813340990375,46.04640732479124],[11.705757575661643,46.04645445282158],[11.705716278361816,46.04650018319845],[11.705657858575224,46.046564283543105],[11.705615093255217,46.04661095052243],[11.705559354862597,46.046672474319266],[11.705484470084762,46.0467543619233],[11.70537269435087,46.046868023384874],[11.705288580032352,46.04695311498819],[11.70523350457731,46.04700948986151],[11.705037003982763,46.04708561980799],[11.704943686417561,46.047103435227356],[11.704832018046048,46.047124299848626],[11.7047519672841,46.04713888021424],[11.704539866590707,46.04716509674046],[11.70445257335779,46.047176741381186],[11.704393693799016,46.04718512547787],[11.704325039662985,46.047227020804414],[11.704266279108275,46.047263042040576],[11.70421884988506,46.04729232260192],[11.704183787937565,46.0473422169795],[11.704113171040671,46.047445651826216],[11.704116395090653,46.04749227254025],[11.704123681273225,46.047596296675515],[11.704130214854779,46.04767823759137],[11.704133971458596,46.047733513297],[11.704157929963383,46.04783907421816],[11.704211964720844,46.04810378582339],[11.70423457654723,46.04819110734015],[11.704318025129375,46.048372957534944],[11.70435625167354,46.04849944004164],[11.70439508948644,46.048623930622334],[11.704437086582583,46.048753924066055],[11.704418072050212,46.04884852084254],[11.704395924138387,46.04896368353017],[11.704376648006285,46.0490627724022],[11.7043669064852,46.04911649827584],[11.704329746984348,46.0491850538411],[11.7041957088943,46.04943090685127],[11.704157747998948,46.049484278378294],[11.704063169561481,46.04962308679522],[11.703924450616348,46.049827950746185],[11.703896432871197,46.04986897014374],[11.703856280191903,46.04993088914315],[11.703820370447245,46.049986597159304],[11.703789805122321,46.050034269796114],[11.70368873899224,46.05019146583548],[11.703689701265027,46.050248050670945],[11.70369072731801,46.05030512092983],[11.70373486275066,46.05033518767674],[11.703776790714915,46.05036433549734],[11.703816277049317,46.05039322248264],[11.703859090815376,46.05042626637361],[11.703953833433093,46.05049754768364],[11.704087402134888,46.05058368236656],[11.704317381493315,46.05075899934524],[11.70436968481119,46.05079880553291],[11.704386718806044,46.050829935872244],[11.704407945658044,46.050869760534894],[11.704467326062913,46.050982838773905],[11.704492655474475,46.05102558958325],[11.704568970644026,46.051153543514474],[11.704550865171989,46.051190197055085],[11.704532060952399,46.05122995975234],[11.704507355055505,46.05128331542466],[11.704428325975387,46.05135376611004],[11.704253533641362,46.05149565577713],[11.704226616219197,46.051544922563494],[11.704161830959995,46.051663470847444],[11.7041526293721,46.05173511853567],[11.704140991937638,46.05188865213643],[11.704216368159077,46.05212857193516],[11.704229000242696,46.052167816169],[11.704254137137912,46.05219354240986],[11.704308964275205,46.05224081968116],[11.704405042067885,46.05232265822022],[11.70443577726724,46.052356364118936],[11.704520170288998,46.05245013324566],[11.70458399048787,46.05257188727432],[11.704653803511908,46.0529165275023],[11.704638207457503,46.05299535072768],[11.704601785681875,46.053178155331786],[11.70457373620411,46.053241729377476],[11.704507457601496,46.05338691811988],[11.704464090306113,46.05348172337626],[11.704449619047407,46.05351763108719],[11.704419619121158,46.053597203072385],[11.70440955199174,46.05362360534711],[11.704354153057608,46.05376258876607],[11.70436144361869,46.05381087636724],[11.704387894497678,46.05397921685737],[11.704396311150836,46.05401593989863],[11.704381961647199,46.054240683977284],[11.70433391782348,46.05455782964906],[11.704235188124317,46.054716773565886],[11.7041830487801,46.05479984527368],[11.704039940747927,46.054955901066826],[11.703886985934991,46.055128921035376],[11.703839049379908,46.055149275794314],[11.703617120590227,46.05524349153093],[11.70324681336142,46.055301035564725],[11.703176125881862,46.05530714590859],[11.702922031791605,46.05530849715855],[11.7027918472313,46.05530496432575],[11.702731922738375,46.05530353909538],[11.702553057162868,46.055293576744575],[11.70221104104713,46.05526961974483],[11.701903788198774,46.055234587640925],[11.701838040873323,46.05522709196495],[11.701443190907115,46.05522502630562],[11.701254008428608,46.05516512750715],[11.701219837055088,46.05515430869266],[11.700976520027353,46.05512401557727],[11.70072179864817,46.05519209922456],[11.700683620188938,46.05521245502772],[11.700612523779233,46.05525081275658],[11.700469514761602,46.055328585149475],[11.700352312612605,46.05542521284175],[11.700116934146642,46.05561927394291],[11.700037771440797,46.055739413477305],[11.69996682516072,46.05584767142307],[11.699924239287686,46.05591940945938],[11.699789526920302,46.05614554359864],[11.69975600523227,46.056282218252335],[11.699743238827928,46.05633600886954],[11.699689587218446,46.05659809143967],[11.699632350186972,46.05668533810284],[11.69958879474968,46.05675264451764],[11.699542651306253,46.05679999472107],[11.699468370923526,46.0568759028327],[11.699400039944369,46.05692304473322],[11.69931056740673,46.056984773110344],[11.69924463828611,46.05703074927586],[11.699154034201689,46.057105762173464],[11.699073012858609,46.057171796345386],[11.698967240260696,46.057258280606526],[11.698884413968738,46.057320051401824],[11.698839949733951,46.05735302005987],[11.698777343705915,46.05739968608005],[11.698581473065403,46.05754490643549],[11.69842999631729,46.057720783158395],[11.698410695947562,46.057743072833674],[11.698340960060486,46.05787648844366],[11.698228910950238,46.05808952037796],[11.698204301020283,46.05813953582596],[11.698171926851671,46.05820502942817],[11.698020955986154,46.05850044694912],[11.69781347203778,46.05869391714282],[11.697734805097042,46.05883335591171],[11.697630875876536,46.059016851642916],[11.697517820028356,46.05930828212391],[11.697431236769274,46.05954448507519],[11.697413150857814,46.059593176181174],[11.697333494511527,46.05982493026364],[11.69725936586929,46.06001717517826],[11.697153128219782,46.0601826373307],[11.697127349182903,46.06022252115043],[11.697103288245842,46.060259032366965],[11.697069096748637,46.06031174358132],[11.697042025486077,46.06033771325332],[11.696979756206257,46.06039719977446],[11.69693861246659,46.06043855253522],[11.696913967805948,46.06048229958166],[11.696872115204146,46.06056143470662],[11.696850587406107,46.06059687078564],[11.696746477866336,46.06076479346249],[11.696674211121891,46.06088176422809],[11.696655241331722,46.06091127327619],[11.69659075642851,46.061018320695815],[11.696472012476935,46.06109116148924],[11.696352116284558,46.06115620063168],[11.696172065087735,46.061239768047706],[11.696081348342796,46.06129832979323],[11.696027416369915,46.06133320933197],[11.695987448198162,46.06137868417247],[11.69585006204843,46.06153359535212],[11.69576281819346,46.061610757427104],[11.695688694366382,46.06167792782458],[11.695401003935917,46.06182528448129],[11.695367579613388,46.06184348854347],[11.69516011084307,46.06195648441243],[11.695105134478444,46.06198850076039],[11.694822210567837,46.062151418025074],[11.694622566768519,46.06220372351403],[11.69448710359106,46.06221961921395],[11.694355621890374,46.06223504820381],[11.694261490128955,46.062233142878654],[11.693930657719985,46.062224120811436],[11.69383943107664,46.062196390484985],[11.693763266615,46.06217323987605],[11.693724444199201,46.06216250151465],[11.693419465270058,46.062078934545724],[11.693365194432289,46.06207339549144],[11.693195153401687,46.06205869744044],[11.693059221107848,46.062046431512876],[11.692897787493166,46.06204624515431],[11.692672111445889,46.062109237176045],[11.692551826036773,46.0621690161256],[11.692516640993462,46.06218754167637],[11.692349910010654,46.06227512730991],[11.692320784410825,46.062296672774885],[11.69228453081495,46.06232345629472],[11.692185966537089,46.06239799506641],[11.692115348052267,46.0624516948015],[11.691924739690025,46.062519312231366],[11.691707041765998,46.0625401057793],[11.691486637319572,46.06254603248894],[11.691267379095146,46.06255160144183],[11.690926516986321,46.06253861450841],[11.690755598637876,46.062593784475396],[11.690702984873823,46.062610873136315],[11.690639156752063,46.062650798571106],[11.690594688039337,46.0626783025146],[11.690428735058582,46.062701763800796],[11.69017164264458,46.06269959027535],[11.690088704901449,46.06269869953199],[11.690050910597801,46.06272267443546],[11.689978566290065,46.06276858296356],[11.689912475129312,46.062811175963574],[11.68985467576134,46.06287305905295],[11.68975769930055,46.06297753662761],[11.689638436179495,46.06308093683786],[11.689500096264613,46.06316382643276],[11.689399069695126,46.06320395115217],[11.689363842015478,46.063217908923],[11.689314119858746,46.063237610132475],[11.689255239936225,46.06329412159412],[11.68920661260034,46.06334237119067],[11.689066442706302,46.06348629952244],[11.688980738789088,46.06355631863709],[11.68892898549419,46.06359822697835],[11.68887718415992,46.063639946514],[11.688834589436864,46.063673907681775],[11.688771528566232,46.063703995242314],[11.688726588435065,46.06372550434681],[11.688651707771667,46.063759680942646],[11.688612817854096,46.063782795495584],[11.688559809890679,46.06381392437942],[11.688510460021847,46.06384332902129],[11.68841655780215,46.06389871849497],[11.688112735943978,46.064079821403716],[11.68804279001794,46.06412103063281],[11.687923320528842,46.064177886372846],[11.687881749412243,46.06419745543198],[11.687774629122345,46.064248162804624],[11.687689609736244,46.064289281900486],[11.687586635435611,46.064433120654606],[11.687554833840458,46.064480325567416],[11.68749259699532,46.064622419898065],[11.687445394788151,46.06473018766857],[11.687431564611176,46.06476176496972],[11.68722304284104,46.06516239515352],[11.687194784835473,46.065195595360514],[11.686954349448303,46.06547457761519],[11.686889179785451,46.065550325168026],[11.686819171772312,46.06563196578477],[11.68666016860094,46.065816136574796],[11.686497634885438,46.0660025548234],[11.686423243001968,46.06618010157108],[11.68639049528965,46.066259025803916],[11.686392904080959,46.066360136769525],[11.686393910137332,46.06639002479369],[11.686400628415853,46.06655487203606],[11.686402655245779,46.06661210056729],[11.68644017798477,46.06690581116618],[11.686463030650899,46.06700277442263],[11.686476212562502,46.067048783244466],[11.686563870372654,46.067173534423574],[11.686667914431874,46.067322097291154],[11.68679226582251,46.06744560532975],[11.686992938164526,46.067644911910705],[11.68711095991224,46.06776213128012],[11.687309948759744,46.06785999518283],[11.687350626689742,46.067882603455196],[11.687452501737024,46.06793922423894],[11.687460067871426,46.067986091427436],[11.687465284734971,46.068015790351886],[11.687469272341005,46.06805119667612],[11.687481410072149,46.0681656758785],[11.687475860106755,46.068243767829394],[11.687472845373952,46.068292401479944],[11.687483717106767,46.06832742800637],[11.687510652851799,46.068396798144256],[11.68755344014032,46.06853109280402],[11.687590453908772,46.06874653675915],[11.687541475488603,46.06890735890342],[11.687527680955558,46.06895153619074],[11.687517702129607,46.06898428654297],[11.687453721021296,46.06909873596901],[11.687429690241732,46.06914131887513],[11.687386556104633,46.06921771376271],[11.687180218177481,46.06938883736261],[11.687080009648932,46.06944111942988],[11.686896326514525,46.0695369523904],[11.686827341391595,46.069573259005715],[11.686586781460663,46.06970011247762],[11.686527731757602,46.06973195943133],[11.686473223662192,46.06976207942487],[11.686368152739014,46.069851434366925],[11.686272472657615,46.0699331005543],[11.686244755893561,46.06995675884139],[11.686198034407504,46.06999670242907],[11.686099667018668,46.07007219515924],[11.685968965250762,46.070168163096575],[11.68582776966907,46.07027972545772],[11.685638569865231,46.07042374656365],[11.685557207020498,46.07048586192649],[11.685475170447383,46.07058698813799],[11.685442308859132,46.07062764510315],[11.685388121393132,46.0706948034712],[11.685385126995294,46.07073502191518],[11.685378174856348,46.07083491102973],[11.68537568324303,46.07087086127159],[11.685378702509972,46.07091927017365],[11.68538147942027,46.07096002076943],[11.685384001185941,46.070990025256606],[11.685393973777927,46.071095640447865],[11.685430134919747,46.07129780218917],[11.68542717160903,46.07134564160087],[11.685415673794303,46.071524153343645],[11.68530882486905,46.07172773418143],[11.685245495887456,46.07183373882758],[11.685191311470565,46.0719223850272],[11.68515850823027,46.07197604188289],[11.685004377061318,46.072180281251214],[11.68498262075187,46.07220981239785],[11.68490177904758,46.07232068291908],[11.684865706283164,46.072370212367844],[11.684837391469571,46.07244205101742],[11.684802383447426,46.072530874493566],[11.684790761200338,46.07256095584041],[11.684759602372848,46.07272676177141],[11.684752172678042,46.07280244325736],[11.684739212385661,46.07289511014569],[11.684729197025051,46.073015154206104],[11.684669596445787,46.07306159317862],[11.684616298541496,46.0731031217669],[11.684473903197004,46.073161403701796],[11.684325728766837,46.07322502811843],[11.684248971807989,46.073257764352846],[11.68415392789507,46.07335869572004],[11.684143238369275,46.07345260885269],[11.684160690272376,46.07358762067954],[11.684188672162279,46.07367031753682],[11.684223398492353,46.07370232028292],[11.684265973723043,46.07374123282218],[11.684290068656171,46.07376484123503],[11.684343633193054,46.07380003655232],[11.684397261996487,46.07383095775478],[11.684441539058449,46.073894705156064],[11.684475878646559,46.073944957506015],[11.68448845257622,46.0740224873613],[11.684498528368483,46.07408461921974],[11.684478437462687,46.07420520966678],[11.684457302476863,46.074251884820335],[11.684442819818585,46.07428445991043],[11.684404475902333,46.074368666935754],[11.684358064013875,46.074494653476016],[11.684331041874708,46.07456707363528],[11.684314128664303,46.07464980309788],[11.684307451009575,46.074682547559966],[11.684291709310113,46.07475797161067],[11.68427852297899,46.07482529177904],[11.68429647024069,46.07493200577545],[11.684336825335045,46.07497812772668],[11.684375337422797,46.07502365933704],[11.684389406345478,46.07505227727081],[11.684410468158344,46.07509633246854],[11.68445037993648,46.07517784970371],[11.684463603888814,46.075204137434035],[11.684490637060938,46.07525869906443],[11.68451477145221,46.075308556708826],[11.684556440934974,46.07539529433547],[11.684590690922445,46.0754667838311],[11.684597097854288,46.07550279129591],[11.684617752929311,46.075593011018405],[11.684628025490507,46.075623795487374],[11.684591720376687,46.07576841697326],[11.68455167619554,46.07581738709735],[11.684496034909094,46.07588439644185],[11.684412006491533,46.07593017090837],[11.684378825528347,46.07594795914875],[11.68416807206767,46.07601408102444],[11.684125836010539,46.07602953482363],[11.684040945172127,46.076060903143905],[11.68381419918129,46.07613928094837],[11.683531808873317,46.07626617463748],[11.683497563037385,46.07628156288135],[11.683456700440294,46.07633152480686],[11.68339002839341,46.076415201728274],[11.68336811758684,46.076444930587876],[11.68332697641613,46.07652797525805],[11.683283907193031,46.076614920157645],[11.68319739124623,46.07681385839748],[11.683130755787442,46.0768677513682],[11.683100970340554,46.07689157176426],[11.683064506621392,46.07690899930528],[11.682967444439665,46.07695395109548],[11.682791426466107,46.07700333333831],[11.682598035702243,46.07708051391474],[11.682483666334305,46.07722989152058],[11.682464628849434,46.07725477431038],[11.682437039100513,46.077322419007345],[11.68241340838385,46.07738409513833],[11.682390464511043,46.07744761465383],[11.682391006137983,46.07756291110312],[11.682476277174867,46.07769480836785],[11.682602588045391,46.07788004220072],[11.682698746048086,46.0780603704467],[11.68268094883377,46.078108937972964],[11.682635527096588,46.078234944582555],[11.682596376135345,46.07834454164092],[11.682509256293752,46.078488589037164],[11.682403917584514,46.07866305777113],[11.682427262829766,46.07874222765889],[11.682545228921736,46.078796195018185],[11.68259874427161,46.078821014621695],[11.68268570481723,46.078910304680925],[11.682912285072083,46.07904069344953],[11.683028192206894,46.07907919977095],[11.683218329421589,46.079136414204875],[11.683549084105334,46.079202459196125],[11.683672095203631,46.07922681195322],[11.68373245832737,46.079238992623644],[11.683832028052791,46.079258929476104],[11.683883636296715,46.07926947876452],[11.683943152386016,46.079281339905116],[11.684066551541193,46.07932727641288],[11.684272657561282,46.07940400871594],[11.68433220320667,46.07943595645615],[11.684541274147753,46.079548127685634],[11.68479664541046,46.079643346688805],[11.684854264945068,46.07966483125285],[11.684992629459405,46.07972120307351],[11.68519752137561,46.079804679380004],[11.685284936656677,46.07995711294022],[11.68528615874666,46.080021716479024],[11.685287739909834,46.080099977156955],[11.685245852442913,46.08017693852984],[11.6852218157082,46.08021675425666],[11.685194240713784,46.0802629733678],[11.685151102451186,46.08031023069208],[11.685027809518393,46.08044394444289],[11.68497170909066,46.08050442494198],[11.684944308810511,46.08053653147409],[11.684868808006788,46.08058783014561],[11.68481097263762,46.08062746910095],[11.684545163930727,46.08080915077169],[11.684497615154045,46.0808416362488],[11.684403458803718,46.0809059630823],[11.684370091688846,46.080928743799014],[11.684252751773839,46.08100899735586],[11.683981802579698,46.08114694948417],[11.68388854822974,46.08119488983976],[11.683819969784556,46.08123007522287],[11.683731156863706,46.08127740615494],[11.683674387317906,46.08139651619513],[11.683660613520646,46.08147013603382],[11.683573366335489,46.08193642406536],[11.683559778621127,46.08204400769439],[11.683515617758815,46.08237359062264],[11.683505150974375,46.08245190484123],[11.683500111761813,46.082491385458745],[11.68345699774124,46.08255106954975],[11.683424176219194,46.082596160395255],[11.683376428237597,46.0826242109888],[11.683237634548036,46.08270369391019],[11.683199261218768,46.08274251660288],[11.683109723074443,46.08283310824361],[11.6830626417814,46.08288317465445],[11.683003411731635,46.083064115783415],[11.683005239407803,46.08309195303644],[11.683014347807926,46.08320329762158],[11.683044729214519,46.08328240016426],[11.68313208629189,46.08348535780048],[11.68313263327033,46.08353438548867],[11.683132202673379,46.083629330076285],[11.683132601863713,46.08369269465185],[11.683119964583401,46.0837329756718],[11.683053421084113,46.08394506588428],[11.683042082290715,46.08398004025483],[11.683031354489868,46.08401454484261],[11.683020358174689,46.084080495645466],[11.683014928037586,46.08411454006685],[11.683010917679521,46.08414836212508],[11.683005619865112,46.084197319190196],[11.682997299437561,46.08427270363898],[11.682865215079566,46.08455068916135],[11.682853998709119,46.08457861948495],[11.682826614578536,46.084650293430464],[11.682803024558686,46.08471402975111],[11.682668700471146,46.0850940630349],[11.682643983181832,46.085164646429014],[11.682627942572035,46.0852362699105],[11.682627775289456,46.08543177529446],[11.682640213605158,46.085630035803774],[11.682574960933895,46.08576967044829],[11.682449112735071,46.085916379616854],[11.682424531467781,46.08594524480613],[11.682377017005457,46.08600060621614],[11.682329060443319,46.086056482020055],[11.682283374882156,46.086113951576756],[11.6822002047184,46.08621959037276],[11.682115369464922,46.08632653548643],[11.682124969128274,46.086371938465525],[11.682142883035404,46.086456669517275],[11.682148535017253,46.08648340530251],[11.682137388157303,46.08666776385123],[11.682095616182737,46.08677897564498],[11.68202596546078,46.08688207009742],[11.681994440237109,46.086929745625596],[11.6820547315389,46.087156284673],[11.682125491494723,46.0872707727656],[11.682177736975834,46.087355304255624],[11.682223082104674,46.08742867234418],[11.682292337222902,46.08754198959182],[11.68238713809029,46.087689957605406],[11.68244617948803,46.08778323723488],[11.682505496489258,46.08787131433106],[11.682498088078587,46.088062691032135],[11.682416612001477,46.08824223524833],[11.68237086262576,46.08829194242716],[11.682205773992948,46.088474348292344],[11.682186728102671,46.088534231702006],[11.68215627395841,46.088629980252875],[11.682185722046166,46.08870406546625],[11.682226805132958,46.08881296346544],[11.6822520133319,46.08891158837017],[11.682315852849621,46.08916343900408],[11.682342182754446,46.08926702025752],[11.682444734260399,46.0895446114722],[11.682443205492063,46.089599201618626],[11.682439138915445,46.08974437997725],[11.682347148772322,46.08998654045165],[11.68235724269796,46.09001669922201],[11.682398781820563,46.090135154935474],[11.6824097672327,46.09016619642153],[11.682426471086968,46.090211891542765],[11.682437148254165,46.09024169818668],[11.682634925619082,46.09049471429095],[11.682769331684526,46.09066723684702],[11.682864934495424,46.09084627803299],[11.682913858480832,46.09093816052681],[11.682954067579711,46.09101367586268],[11.683056730212751,46.09120648392754],[11.683084605688757,46.09125860844418],[11.683126130310992,46.09133683078688],[11.683199673160658,46.09147536530405],[11.683302694802315,46.091558326299456],[11.683355914916742,46.091602518078986],[11.683426183479945,46.0916614392596],[11.683458665674046,46.091688177365924],[11.683512130306752,46.09176101752861],[11.683641409718577,46.09193544339537],[11.683787431421306,46.09213631361332],[11.683885244017011,46.092269982349876],[11.684129278728726,46.092398469729666],[11.684224329225204,46.09244926377444],[11.684323828616606,46.092504104246],[11.684413101834425,46.09254977937669],[11.684466415252913,46.09263235675183],[11.684510382775404,46.092699494574646],[11.684559400439198,46.092770752951104],[11.684694869200136,46.09290598408949],[11.685027477479968,46.09323676524939],[11.685289241546513,46.093568913060025],[11.685628111127139,46.093736595443424],[11.685753625725143,46.09378116626989],[11.686042511714778,46.093884796527185],[11.686832915330786,46.09411963620868],[11.686902992325644,46.094141249708436],[11.687219994783883,46.09421393047845],[11.687457494405587,46.09436865171285],[11.687549629743074,46.09447383177454],[11.687641056366871,46.0945524506735],[11.68785243492688,46.0946684586543],[11.688068441701331,46.094753808510944],[11.688159254985253,46.094789589746355],[11.68828150195866,46.094807788340134],[11.688361485030967,46.09482008892736],[11.688595254744158,46.09485604044148],[11.688678805058103,46.09486379885928],[11.688722390532794,46.09486792569901],[11.688782564380872,46.094874240689826],[11.68909575675901,46.09490340091177],[11.689381618105692,46.094910774396894],[11.68964360890393,46.09491479222243],[11.690110735088213,46.094899499991975],[11.690343715815628,46.09491460860054],[11.6905623451017,46.09492877941525],[11.691107346272387,46.094990716816255],[11.691288289568947,46.095011947627306],[11.691681942736594,46.09504155133327],[11.691851927105768,46.09502390595275],[11.691924690482738,46.09498271102764],[11.691986700725973,46.094950450534114],[11.692066833385896,46.0949083086869],[11.692166315083341,46.09488814463528],[11.692501950495355,46.09482011486386],[11.692668104489542,46.09478849697585],[11.69282291632952,46.09475903096343],[11.693039393418731,46.094718130112106],[11.69359809190403,46.09466769633313],[11.693958382313387,46.09459273634098],[11.694651409495062,46.09448661258784],[11.695097407093936,46.09445683044316],[11.695168877711808,46.09442182303043],[11.695230102128042,46.0943919644593],[11.695391577130376,46.09431989195657],[11.695665501351721,46.09416585511695],[11.696126782875472,46.09390656460839],[11.696222157720609,46.09382127584584],[11.696372782288554,46.09368686903125],[11.696496612039383,46.093575845321524],[11.696749487680872,46.093308103564134],[11.696962587921437,46.093182266410764],[11.697257089823069,46.09304000399825],[11.697843936417264,46.09277003314488],[11.69789417927465,46.09274714153682],[11.697927732192088,46.09273187878997],[11.69820499704763,46.09259962376663],[11.698283990921025,46.09256156278204],[11.698437958991,46.09248822498257],[11.698510450419974,46.09243367360792],[11.698625425925675,46.09234565698471],[11.699076473137094,46.09210544612776],[11.699478669547588,46.09199294414461],[11.699802575300422,46.09194230082266],[11.69997527294915,46.091915534500885],[11.700091516801614,46.09189732092997],[11.700222173883839,46.091875759412254],[11.700377034602928,46.09185151489012],[11.700506879711968,46.091764254577726],[11.70058766395272,46.09171260920031],[11.700633771201769,46.09168250659709],[11.700830854285119,46.09152708967655],[11.70092062879182,46.09144981206366],[11.701044937789243,46.091343428920545],[11.701196228625419,46.09121426793746],[11.701364058392567,46.09113600985063],[11.70164011638979,46.09100940662098],[11.702140310741093,46.09082733213745],[11.70245062829018,46.09071605445931],[11.703179107099388,46.0905553128055],[11.703456056282086,46.09049420103712],[11.702596849791922,46.09180581045828],[11.701741322481755,46.092869691612385],[11.700907072393672,46.09388491626782],[11.700233378321961,46.094742737218695],[11.699618187340988,46.09545458174794],[11.699211526006188,46.095900466168494],[11.698810079374608,46.09631265828233],[11.69834492036654,46.09691199343654],[11.698077679302797,46.097286524878996],[11.697730239368695,46.09775845125236],[11.697356123898489,46.09828654534657],[11.697158740972919,46.0986497095934],[11.697073895530137,46.09893038393077],[11.696971139352948,46.09911501939587],[11.696913749654327,46.09926498181344],[11.696926137359036,46.09945208008213],[11.696965050967984,46.09959414596037],[11.696929650557868,46.09984882280729],[11.696878306951845,46.10012977427975],[11.696753205023478,46.10058695470263],[11.69664870325276,46.10078739281917],[11.696306229548263,46.10143839572025],[11.696174607388416,46.101695961970314],[11.696038836461334,46.10195619294216],[11.695585181982254,46.102991203701485],[11.695247745913486,46.103782421837906],[11.695207977433395,46.10415314529111],[11.695253583114942,46.1044449138661],[11.695508023778547,46.10523361164623],[11.695803287657053,46.105763854823216],[11.695905266293217,46.10634734063502],[11.696017953836355,46.10692329210236],[11.695908654128354,46.10734297358096],[11.69593732482815,46.10754496766287],[11.696020006397054,46.10776546651844],[11.696453785660871,46.10874802633051],[11.6965589835825,46.10908445311019],[11.696594015366284,46.10939497662517],[11.696560165573331,46.109829301517934],[11.696433167589653,46.11007314524343],[11.69608820390775,46.11062484021162],[11.695566477780936,46.11127086143069],[11.695530139260537,46.111420732005925],[11.69550570110669,46.11170156227428],[11.695377743901288,46.1124507125117],[11.69532139162249,46.1127765919603],[11.695376768847863,46.112952278188644],[11.693741929346624,46.11371157463998],[11.693022414698849,46.11390177417773],[11.692883124983375,46.11393742674303],[11.692780307781394,46.1139361829505],[11.692670554394775,46.11391609703494],[11.692567753417437,46.11390270463838],[11.692447433354387,46.11386915526993],[11.692376539589134,46.113836632383304],[11.692242562281743,46.11379426106531],[11.692148729948245,46.113778022442176],[11.692071309130318,46.11379405811186],[11.691948639209782,46.113840690915175],[11.691811113300666,46.113917442974014],[11.691618870387664,46.1140184878381],[11.691506435590057,46.11407171758764],[11.691311519054922,46.11418429071771],[11.691084085656936,46.1143045420212],[11.690884806021982,46.114396627574294],[11.690685633423215,46.114490977491464],[11.690479249093427,46.114635874746526],[11.690354986086106,46.11471459786993],[11.690162264978678,46.114806490772935],[11.689989652892738,46.114904748388476],[11.689813260372967,46.1149939520172],[11.689701294449689,46.11505632968072],[11.689602979606441,46.115127510541306],[11.689406366186677,46.115208065824994],[11.689282970472116,46.11524096180953],[11.689126448579128,46.1152701390719],[11.688962725068523,46.11528805767039],[11.688864921371293,46.11530656280882],[11.688744808169407,46.11533939893951],[11.688645024994354,46.11538313038941],[11.688565600274657,46.11543780964569],[11.688469848853497,46.11549519706469],[11.688348141827829,46.11556010680304],[11.688310199510356,46.11557071407806],[11.688354068878978,46.11602123404521],[11.688376503430126,46.11624201213104],[11.688567649900023,46.11718072795384],[11.68862308228813,46.11798523841377],[11.688604188382241,46.11833999187996],[11.688596406045688,46.11846111883813],[11.688594973423829,46.1185130019358],[11.688586885615894,46.11864569636628],[11.688579448457773,46.11876490167986],[11.688591517450186,46.11917751887847],[11.688598029162746,46.11944138724515],[11.688541152933785,46.119711110158846],[11.688365843196081,46.11997761086133],[11.68804075089646,46.12035327633817],[11.687802028747377,46.120754777781144],[11.687729246823004,46.12105453305327],[11.687724281364224,46.12108705540173],[11.68767832254786,46.12138787517304],[11.687686387608386,46.12169850250994],[11.68766236483836,46.12203174533482],[11.687562869815391,46.12235404617516],[11.687495634953283,46.12266874749713],[11.687514005401615,46.12292694726129],[11.687596341745335,46.12311000326413],[11.687873549954393,46.12341951336341],[11.688616757614577,46.12413207038058],[11.68892711311953,46.12434692038006],[11.688997206859966,46.124395443752796],[11.689077530179961,46.12445127230144],[11.689153604208407,46.124533314060905],[11.68929945455735,46.124592589656],[11.689351280948886,46.12459140725734],[11.690690169930157,46.124560845640545],[11.691238240942795,46.12454833180094],[11.691511456551643,46.12454209231277],[11.69250786741814,46.12460524483676],[11.69260288980902,46.12461250859529],[11.692787189297636,46.12462699400634],[11.693454373646501,46.12467862626407],[11.693622639033986,46.12469166580527],[11.694342665045575,46.12471232251837],[11.694963640830576,46.124733336049424],[11.697138706812865,46.124768963840076],[11.697553886428741,46.12484579424482],[11.698691208957904,46.125013102318036],[11.70002243174959,46.12519454235483],[11.700153931343797,46.12520574026261],[11.700315509111958,46.1252175365415],[11.700474913196956,46.12523003921982],[11.700901155962402,46.12534049369094],[11.701403075270028,46.12548430932219],[11.701963837205343,46.12558669379858],[11.702098597313173,46.12560857517222],[11.702661044216347,46.125898084167424],[11.70351657650231,46.12645584057634],[11.703868299612084,46.126660194212825],[11.70481959010422,46.12708651468171],[11.704928419163695,46.127217040993166],[11.704963165864365,46.1272531212261],[11.705890238856842,46.12821598046368],[11.706824323874025,46.12911570095017],[11.707078230869078,46.12935727653907],[11.707178201828999,46.12945256654189],[11.70743737115527,46.12944685586578],[11.707748176302182,46.129859764496295],[11.707787707700776,46.129913697288096],[11.708007696203634,46.13020177321862],[11.708360486306294,46.13051838182517],[11.708615948749566,46.130786771953105],[11.70889904424019,46.13113362078787],[11.708970099180528,46.13125309532814],[11.709090916811753,46.131514576245536],[11.709197270080475,46.13196327436434],[11.709249538730187,46.13238224927257],[11.709227826518378,46.13295877609337],[11.709219046149608,46.132998712652594],[11.70920466898813,46.133069935462935],[11.709197105968451,46.133106240237744],[11.70913495177347,46.133404585801735],[11.709175555645395,46.133726309472515],[11.709412704540672,46.134350360139884],[11.709428921074073,46.13438596946786],[11.709443494029054,46.13441533901605],[11.709616028321532,46.13480237297444],[11.709651007569535,46.134860673023674],[11.709685513941215,46.13492875074371],[11.709730996960584,46.13501147652039],[11.70992020257691,46.135292715723494],[11.710240089315482,46.13574410500455],[11.710260478274805,46.135770299672835],[11.71038825434901,46.13591874657262],[11.710493594729481,46.1360413352895],[11.71062592774008,46.136196524982104],[11.710744269260813,46.13634909348735],[11.710875339200971,46.13651860658416],[11.71122333840915,46.13689137419036],[11.71144310933978,46.13707157006093],[11.711630117679574,46.13722277135358],[11.711756701887861,46.13725669811002],[11.711878302359219,46.137289269661835],[11.712011166991259,46.1373293257917],[11.712212840505227,46.137390458980484],[11.712315643622752,46.13742200390877],[11.712365852649635,46.1374477205258],[11.712399276011489,46.1374649585014],[11.712453432990017,46.13749302587292],[11.712519484954074,46.13752716061535],[11.712602250166665,46.13757045697035],[11.7127355558827,46.13766759836518],[11.712851406599786,46.137752831549605],[11.712899053328744,46.13779452710081],[11.713060105408626,46.13793364457983],[11.713197394338508,46.13806355891367],[11.713356321244886,46.13823732353809],[11.71347470587153,46.13837455938529],[11.713585547405595,46.13849793079753],[11.71375472058066,46.13869744583973],[11.713850120301116,46.138809953908215],[11.713917557361647,46.13888948503763],[11.714126308727428,46.139147620088174],[11.714195604121812,46.13923246040211],[11.71426181494012,46.13944306797272],[11.714317170638706,46.13960261520674],[11.714377943642399,46.139770791180496],[11.714001900413741,46.13986602976075],[11.71377141611843,46.13998307977704],[11.71345017545798,46.14018287408298],[11.713354948593844,46.14036670083211],[11.713232659470634,46.14053568672603],[11.713137378194869,46.14071577216105],[11.712945425663294,46.14092246753174],[11.712779293095448,46.14100930517381],[11.71252176724307,46.14111149325788],[11.712091866204151,46.14120697208043],[11.711748428072843,46.14133573179397],[11.711543855553922,46.141437820700894],[11.711491704035213,46.14146458952635],[11.711454366769365,46.14148272080481],[11.711319606220073,46.141550977996836],[11.71095476260034,46.141694825120844],[11.710762874175614,46.141909016275214],[11.710490577876927,46.14216472727104],[11.7101908169677,46.14236068591194],[11.709913060202156,46.14260894933144],[11.709806824640758,46.14277036191167],[11.709583109486783,46.14304082659965],[11.70939569059468,46.143153952458114],[11.709041593165304,46.14329772212089],[11.70881098624051,46.14340353948763],[11.708505128914549,46.14352091076195],[11.708246931328585,46.143551991131645],[11.707768387036507,46.14362893895222],[11.707198993353066,46.143784884272414],[11.706860858898343,46.1439098924742],[11.706619730514664,46.14404194548362],[11.70642358375419,46.144383417196046],[11.706279784688123,46.14455996422424],[11.706102764597858,46.14463558516083],[11.70594229228943,46.14475606747017],[11.70571144757261,46.14483567288573],[11.70545409042851,46.14496031067216],[11.705104709287754,46.14502921163186],[11.704744590884877,46.145069041213034],[11.704592847386904,46.145087934125826],[11.704480671423457,46.14509928636519],[11.703997272125076,46.145239872332226],[11.703498467871759,46.14546288294817],[11.702977980849719,46.1456709946852],[11.701454322537261,46.146310144535335],[11.701207937659742,46.14645718636479],[11.700997007274657,46.14695965982384],[11.700748149391302,46.14743609918885],[11.700511214039196,46.148039737407984],[11.700566498565241,46.14820045561898],[11.700822426881375,46.14851749572271],[11.701181697176153,46.1489463952061],[11.701128436111448,46.14901399464933],[11.700873700517377,46.14911638455427],[11.700650871519796,46.14957650403635],[11.700322491933308,46.15025515092582],[11.699928778428319,46.150978214915064],[11.699379500505342,46.15200323557452],[11.699152259441231,46.15241318929984],[11.698864074103406,46.15293121582825],[11.698274583009413,46.15377253939601],[11.697338335534193,46.15508651961872],[11.69605031627679,46.15684692515652],[11.69585738736128,46.1570919913269],[11.69511599874303,46.158033653161866],[11.694245701815415,46.15925456910825],[11.693447908918747,46.160318839672584],[11.693268875373919,46.16054577881145],[11.69263998414847,46.16133810864845],[11.69172539187366,46.162629761950555],[11.691668611132945,46.16281271879439],[11.691684678976582,46.16292442046375],[11.691692861868116,46.162981305992155],[11.69173891308722,46.16313511192038],[11.691752671513298,46.16328492292274],[11.69197636506384,46.16344381495848],[11.691853621470653,46.16371234310009],[11.692089042905664,46.16381145637605],[11.69268351750319,46.16402558818743],[11.693161708834525,46.16410035981955],[11.693649477589346,46.16425007291036],[11.694582615575325,46.164507948632256],[11.69535458728289,46.16473841406905],[11.695917706399683,46.16489240314276],[11.696660108390112,46.165291037614416],[11.696791979743574,46.16536923749441],[11.69733784160216,46.1656929277728],[11.697557179446907,46.165851561591076],[11.697918334315418,46.166112759685944],[11.698381056153316,46.166486800491995],[11.698760023966448,46.16670674627074],[11.699617896095038,46.16730086082256],[11.699647283774834,46.16748819977362],[11.69949257727296,46.16773404426996],[11.699151941004263,46.16815810455238],[11.698831206794901,46.168342785863054],[11.698298377444504,46.16865684314749],[11.697841109057658,46.16896026414762],[11.697383643093918,46.169274895348615],[11.696858709633505,46.16976864465137],[11.696310933888855,46.17034457033603],[11.69577995263565,46.17087943376259],[11.695227352110601,46.17141790091029],[11.694586607539447,46.172079179538166],[11.693946266007655,46.17271425361014],[11.693468339643625,46.173298175541454],[11.692963519678933,46.17387815896466],[11.692750108127221,46.17408609808299],[11.692458410767678,46.174136272220814],[11.692005760918043,46.174144028493636],[11.691775794790498,46.1740374682794],[11.691417153052498,46.17389250209849],[11.690946338212045,46.17368678786059],[11.690229008319964,46.17340059174594],[11.689501105261566,46.173103083456574],[11.688962668479666,46.172747139514335],[11.688809879050035,46.172657230084404],[11.688509046821435,46.17247793343049],[11.688103810750846,46.172216581128474],[11.687671019767789,46.171992428394475],[11.686922721596003,46.17162364347529],[11.68674728021441,46.171534373886736],[11.686582240946104,46.17135528762966],[11.686308627990424,46.17128581676105],[11.6861215705918,46.17122444270745],[11.685977774951608,46.17108864152221],[11.68581858206344,46.17093771506339],[11.685615694384758,46.17082386972374],[11.685337176226172,46.17072441068019],[11.684919979025073,46.17053779630942],[11.684599206738257,46.17038561558989],[11.684176514962818,46.17020644500949],[11.684019016556654,46.17014560961596],[11.683905987567423,46.17010232057935],[11.683727000412917,46.17003286318068],[11.683568753403572,46.169972037552654],[11.682971869912723,46.169744284630724],[11.682816570239408,46.16961121757414],[11.682407245212012,46.16934693489451],[11.681901161772053,46.1689949537189],[11.681700040781562,46.16877258267187],[11.681595140220397,46.16859586026712],[11.681455877620044,46.16854613455689],[11.681192382345554,46.16851788719639],[11.680999268413977,46.16846772918007],[11.680871377873338,46.16838066832402],[11.680745581422796,46.168255453790735],[11.68045724330694,46.16800692878092],[11.680161930397944,46.16761167179741],[11.680034202356653,46.167378725650174],[11.680033132807926,46.16730018382923],[11.680032368001385,46.167131608542206],[11.680118139724518,46.16698631501006],[11.680187041916469,46.166721127702345],[11.680174136767556,46.166518926163455],[11.68013234914004,46.16646408475954],[11.680097513607706,46.16642061703841],[11.679984176449883,46.16627418952887],[11.679797904806382,46.16613424944909],[11.679649633446942,46.16597592435209],[11.679368286411536,46.1657192284269],[11.679058787828776,46.16553718312278],[11.678937225845925,46.16539400851736],[11.678363946867378,46.164869323808375],[11.677810273338492,46.16463254100843],[11.677738043049407,46.16460247240863],[11.677722733216838,46.16454996700136],[11.677643087504268,46.16447823076127],[11.677567795451566,46.16445510208355],[11.677487283092226,46.164429756490854],[11.677337449405204,46.164393506920455],[11.67724164312726,46.164321652335666],[11.677112355312701,46.16414517057781],[11.677072996488967,46.16409204241712],[11.6770280988972,46.164084654846754],[11.676793354605586,46.164035813624466],[11.676686107306908,46.16401537636191],[11.676585215214136,46.163946019219864],[11.676393555196064,46.163853597219564],[11.675876606469018,46.16346517314258],[11.675422753586174,46.16321835313314],[11.675287410771377,46.16292912264724],[11.67510053763328,46.162826607538065],[11.674961632840992,46.16276922321452],[11.674914897592908,46.162738606216195],[11.674785594974807,46.162651994598264],[11.674363363411993,46.16245032696928],[11.673655498661073,46.162257665585166],[11.673113813694703,46.16211493588044],[11.67272262350012,46.1620082891541],[11.672578547415759,46.161908644183704],[11.672386807161626,46.16177615530972],[11.672209828058403,46.16172984418672],[11.671926121710031,46.16172166118926],[11.67183862622598,46.16168226859727],[11.671750600913299,46.161601077519435],[11.671589664317771,46.161444282899],[11.671397756910396,46.161323021664465],[11.671226626361465,46.16124682297175],[11.670968615900211,46.161214864994975],[11.67089958411784,46.16115443517693],[11.670857917008346,46.161068018370756],[11.670790033907071,46.16093650286741],[11.670717421132679,46.16076377041124],[11.670644349522137,46.16062098331854],[11.670576177211275,46.16050816393352],[11.670389808389332,46.16037571262826],[11.670033028675666,46.160125881827646],[11.669718032951408,46.15995499852788],[11.669269047927886,46.15974562444616],[11.66923008116906,46.15976094473723],[11.668678273509924,46.15997300882003],[11.668299027940446,46.16010850203344],[11.667796365165566,46.160216812040275],[11.667616405609412,46.16035387880462],[11.66744615772525,46.16055462548452],[11.667176094872797,46.160930509809624],[11.666813150410206,46.16138798834943],[11.666453249888436,46.16165835758907],[11.66597615180563,46.161849213660986],[11.665660823773745,46.16192553037438],[11.665501656807804,46.16198035814825],[11.664753042545394,46.16217723105248],[11.664021948887891,46.16242734675315],[11.663951426382928,46.16251469657423],[11.66377365322405,46.16269011303042],[11.663602813850023,46.16286126061216],[11.663427768922096,46.163036621002824],[11.662873727648543,46.1635590019319],[11.662689583139654,46.16374666451445],[11.662480802719113,46.163960435325166],[11.662324565043459,46.16411898378183],[11.661832021113074,46.16456754449594],[11.661662105042932,46.16471216661019],[11.661310758398873,46.16500734321451],[11.661141728731478,46.165176913888935],[11.661064551655153,46.165255911456484],[11.660613075327255,46.16571171135837],[11.660174821465061,46.16609298907132],[11.659668956241152,46.166627043485065],[11.659293012661161,46.16698890745211],[11.658928010828129,46.16733847285161],[11.658875547256786,46.1673891875383],[11.658686489766657,46.16757194280567],[11.658317075495871,46.16773683117215],[11.657221264001555,46.16814182258113],[11.656099555228844,46.16849418852119],[11.655252756136838,46.168834163088384],[11.654993666827501,46.1689443356396],[11.654340339229796,46.16922214431373],[11.653780520099938,46.16948251850508],[11.652314821699534,46.17011185784945],[11.652251244567818,46.170139866415425],[11.651966375565033,46.17026231137932],[11.651235684443451,46.17071937456823],[11.651104375873297,46.170795848599965],[11.650407549615512,46.17120167834431],[11.65011094202268,46.17139437494495],[11.64986992376181,46.171549483361304],[11.649518308167298,46.17177694958095],[11.64906181990555,46.17185544460269],[11.648837387626857,46.17189395590782],[11.64810384666238,46.17204927064564],[11.647636677387524,46.172148182071105],[11.64741685917024,46.17219749128886],[11.646500593848252,46.17240301979538],[11.646072674478388,46.172526165467694],[11.645221667785346,46.17279868082067],[11.644705053827494,46.17304818485908],[11.64423835207737,46.17331522787539],[11.644099660738412,46.17339458191422],[11.643931499063704,46.17348982502262],[11.64320483603119,46.17401046364744],[11.642669159373888,46.17440570634725],[11.641910662872377,46.17489986736286],[11.64145183878331,46.175181148897444],[11.640792860021104,46.175585128060305],[11.640659903859078,46.17565619808799],[11.6402806090421,46.17585894364487],[11.639878246343986,46.17607401698863],[11.63936943994682,46.17631705101902],[11.638872226572376,46.17655454160515],[11.638838485846899,46.17656891708204],[11.638236605704224,46.17682534650901],[11.63754108316477,46.177129234958336],[11.63743788778469,46.17718713945734],[11.636800246009457,46.17754492817336],[11.636353201731962,46.17781378451444],[11.636035473132292,46.17808013403302],[11.635532832001541,46.17843450696334],[11.634840791406896,46.178831975106895],[11.634604652182867,46.17905795104324],[11.634287638657073,46.17928687778837],[11.633744375844694,46.17951737121582],[11.633116313655735,46.180016833644025],[11.633065634133633,46.18005713567877],[11.63336871830778,46.180524056983174],[11.633512336399638,46.180615232016024],[11.63370938535998,46.180729396148],[11.63388464221528,46.180854569494244],[11.634165000046622,46.18111171103574],[11.634200474797751,46.18122431028966],[11.634338482817336,46.18167066570403],[11.634355447448305,46.18173468794797],[11.63442801010587,46.18186474416196],[11.634440309241075,46.181892663412455],[11.634578606780323,46.18201269999516],[11.634612345238493,46.18214828307212],[11.634622984724004,46.18218628776794],[11.634602193750398,46.18241808034405],[11.634801111914538,46.18262168543375],[11.634855935400171,46.18268000027992],[11.634859838646287,46.182715542991],[11.63485872251132,46.182790994210784],[11.634697062872984,46.18306258743531],[11.634641712075718,46.18340630724587],[11.634618601757822,46.183698555211166],[11.63471226066652,46.18377867628169],[11.634745504591251,46.183806055735985],[11.634843921063778,46.18392651493734],[11.634880591623359,46.183995913964175],[11.634940147837295,46.18410890166336],[11.634996169305396,46.184292086064765],[11.635128988229894,46.184481945002496],[11.63523163978314,46.18455407373262],[11.635236380780071,46.18468683061291],[11.635238857761527,46.1847587148628],[11.635245444394341,46.18489548926119],[11.63524233855262,46.184966091023654],[11.635236878199809,46.185069430381624],[11.635233728225188,46.185127862770734],[11.635228810020966,46.18516232368538],[11.635171714547369,46.18523704738091],[11.635116708169749,46.18530402748598],[11.635141504414353,46.18545591029544],[11.635244052219548,46.18551574860644],[11.635292181952856,46.1855454126417],[11.635344472741853,46.18571428490395],[11.635470620535228,46.18587266167924],[11.635590234322374,46.185978802026085],[11.635715793851443,46.18609046724133],[11.635701042254379,46.18620416716249],[11.635581286252735,46.1862666146566],[11.635473599198244,46.18631276732443],[11.635433840234851,46.18633034074908],[11.635386169079448,46.18635022528869],[11.635326441453993,46.18637651092804],[11.635222635898263,46.18642032280879],[11.635229831844514,46.18650042988882],[11.635241672231757,46.18663500756325],[11.635273364012582,46.18698073830234],[11.635280670439398,46.18704055134731],[11.635317030436743,46.18710824819036],[11.63536737554423,46.18720038439553],[11.635378931307613,46.18722971214284],[11.635435155835092,46.1873802650034],[11.635406329565088,46.18752473712147],[11.635383941063878,46.187645469682884],[11.635363122927204,46.18776286555282],[11.635291316344881,46.18780351998801],[11.635248444993852,46.187827492443134],[11.63518798353877,46.18788678511444],[11.635181249979722,46.18795407196326],[11.635229648766073,46.188037011471486],[11.635349779730847,46.18808748414371],[11.635455565950155,46.188260068863066],[11.635425823818409,46.18838217262184],[11.63540272116691,46.18846508023166],[11.635425865284486,46.18850982568956],[11.635496095577201,46.18864559439985],[11.63547650551434,46.188817526157735],[11.635434347162292,46.18897754264834],[11.635388923826078,46.1891571977755],[11.635319367098854,46.18940640689818],[11.635294308369309,46.18949963898806],[11.635272840094952,46.18957516540455],[11.635303291703512,46.189621250785045],[11.635429736181093,46.18981240655859],[11.635442873436707,46.189856714123586],[11.63548324198144,46.18998785335142],[11.635495431142969,46.190030056880126],[11.635458400365817,46.19008903774108],[11.635392189254523,46.19019564159115],[11.635341144145793,46.190280479924446],[11.63528500473515,46.19037028247983],[11.635244901619402,46.19043551293496],[11.634990419165382,46.19060773246878],[11.634925117336413,46.19067083309263],[11.63488623505419,46.19070954519754],[11.634861398645317,46.190783873845234],[11.63483768724623,46.19086189191639],[11.634862156899274,46.19098561986451],[11.635031093497542,46.191159359411024],[11.63516680985665,46.19137769888066],[11.635156801138617,46.191461760636194],[11.635148373911804,46.191553337269035],[11.635142189686253,46.191580602707596],[11.63509851696999,46.19174196350059],[11.635082890249764,46.19180345755296],[11.634969718140551,46.19204568361053],[11.635149544024577,46.192239809779],[11.63518962440093,46.1924993270031],[11.635196092902007,46.1925270773166],[11.635222095136237,46.192576456887835],[11.635280899550198,46.19268095263155],[11.635320359923709,46.1928611822423],[11.635228486115876,46.192997414211746],[11.635204888600107,46.19303216105961],[11.635179276534224,46.1931223924953],[11.635138584230624,46.193277368019515],[11.635124618356688,46.193422722120665],[11.635071272814677,46.19349686954393],[11.635026231650533,46.193558948435495],[11.635008278593276,46.1936181506084],[11.634987173358686,46.19370707648399],[11.634997131549818,46.19380974235537],[11.635009207399278,46.19392430204368],[11.635034910116584,46.19400068443142],[11.635072141292039,46.19410283822743],[11.635089491344765,46.19414605678925],[11.63514441682147,46.194227219350175],[11.635268725745243,46.19440948703672],[11.63549847660352,46.19454900922774],[11.635547087629707,46.19457469014244],[11.635806250062396,46.194706572254816],[11.63584005850243,46.194795820752425],[11.635924094402572,46.19501825786112],[11.635944497536784,46.19506540113244],[11.636042174024801,46.195287320000745],[11.636114706862315,46.195450422479354],[11.636202286270962,46.19592273104362],[11.636362374728018,46.196272262853306],[11.636435299359981,46.19680359392986],[11.636456479059223,46.196957908799],[11.63648188516664,46.19698910116379],[11.636521892140703,46.197040634125706],[11.636576088165045,46.19710777395141],[11.636648351480824,46.197197293933385],[11.636745734853994,46.19731797587444],[11.636771593831776,46.19735106761066],[11.636850846841211,46.19744814939666],[11.637033735243895,46.19765585184518],[11.637098523977842,46.19772742082603],[11.637147481179799,46.19778413731405],[11.63723868012881,46.19788264234636],[11.637284437078653,46.19793255543058],[11.637377530204455,46.19803617746446],[11.63745063434606,46.198118217971704],[11.637563201990135,46.19823373702688],[11.637670139981816,46.19843385399269],[11.637832122564907,46.19871165607378],[11.637916924961434,46.198855627164754],[11.637951275546909,46.19887551694571],[11.638216246140136,46.19899870093744],[11.638327735160672,46.19912050213093],[11.638377587345541,46.19921576781248],[11.638375773943892,46.19933012851652],[11.638376360735608,46.19943793368447],[11.63837628874837,46.19946747022176],[11.638474870409032,46.19967889311225],[11.638501664046517,46.19974270829305],[11.638553446987993,46.199845628256824],[11.638563693308068,46.199878262033565],[11.638611630742513,46.19990809648467],[11.638739924788462,46.199983408079966],[11.638889900439471,46.20007281468457],[11.638952584620366,46.20011116476558],[11.638940278728052,46.200203155188795],[11.638914188011366,46.20040553644274],[11.638886519185746,46.20060501280112],[11.63889295513853,46.20063694522485],[11.638901931768146,46.20067745666116],[11.638968916651196,46.20099283023924],[11.639061080393832,46.20119388205285],[11.639128166391469,46.201340167753365],[11.63912367356083,46.20142770789175],[11.639115528671725,46.201603671483745],[11.639110217018937,46.201738562823515],[11.639104976842368,46.201886497712444],[11.639099161728767,46.202025869383235],[11.639090937141361,46.2021870507168],[11.639059393638533,46.20261079172083],[11.639004330558171,46.202857550015025],[11.638984695566798,46.202945541617304],[11.63890500169658,46.2031285608548],[11.638886507709461,46.20317284346875],[11.638800384343762,46.20337800635316],[11.638725800963769,46.20354350330835],[11.638696583796786,46.203619275804144],[11.638602529830129,46.203845057138246],[11.638492926910665,46.20409847865111],[11.638457017331865,46.20418460581127],[11.638284464048635,46.204563775741526],[11.638299766915894,46.20477530554982],[11.63832281574276,46.20509391797464],[11.638365354172803,46.20512595989553],[11.638659023917766,46.20534715963109],[11.63880339482493,46.20540009468789],[11.638879494521357,46.2054273857251],[11.63912084695371,46.20551648763259],[11.639235259700486,46.2056035345303],[11.639405675406882,46.205731025072],[11.639457060067254,46.20576972681995],[11.639920670454023,46.20621965121007],[11.640419969386876,46.20638650138212],[11.640890431546174,46.20673565416735],[11.64106292456468,46.20687370479105],[11.641348819357514,46.20710305619102],[11.641659889319065,46.207393726865156],[11.642010934186812,46.207663768526416],[11.642125821748758,46.207771894895686],[11.642309616155103,46.20794487115731],[11.642496931106763,46.20836349036153],[11.64251265009187,46.208402075143084],[11.642617180477163,46.20861622328383],[11.642648756426777,46.208680565835344],[11.642716076622941,46.20882632636787],[11.642759447674226,46.20915288124658],[11.642774908367084,46.20926616545018],[11.642754229588375,46.20975000710456],[11.642750702475716,46.20984274788988],[11.642597041117467,46.20988230220782],[11.642370851765355,46.21003154774805],[11.64186707673278,46.21041016137642],[11.641777744966879,46.21063927767317],[11.641715133953431,46.21095573968116],[11.64160916571397,46.21111977787018],[11.641538553451449,46.21123125063232],[11.641508660668272,46.21127477473641],[11.641447633527333,46.21132718926678],[11.641323160938516,46.21143282747314],[11.641218131633702,46.21148242863105],[11.64118118383449,46.21150007488173],[11.640949525572218,46.21160927878058],[11.64088796906203,46.21163834919514],[11.640809714916536,46.211675302889525],[11.640701967861261,46.21172618594594],[11.640307237145892,46.211629535658474],[11.64025659715588,46.21161684897329],[11.640136993078366,46.211588284438385],[11.639946367390149,46.211566279688164],[11.639727980645842,46.21154521758572],[11.639616898942988,46.21153453559919],[11.639480865424614,46.211511786224065],[11.639302774675352,46.21148045618665],[11.639172194956256,46.21145544825228],[11.638939096707706,46.2113975960261],[11.638699912984542,46.21134043830583],[11.638423217752347,46.21124782707487],[11.638096020401434,46.21118338528164],[11.637385502198216,46.211235789119726],[11.637169508728329,46.21124483352691],[11.636902626091002,46.21125713571922],[11.636834216475487,46.21125570404815],[11.636323596383368,46.211260298864325],[11.635385973587368,46.21144393728422],[11.634660719967824,46.21173066732516],[11.633946683262426,46.21198115411392],[11.633520578473334,46.21228798428281],[11.633048972132482,46.21254000865605],[11.632937459466188,46.21259751533662],[11.632761671573313,46.2126356240166],[11.632426753102095,46.212707573972],[11.632346976053617,46.21272377950922],[11.632040672882189,46.21279009536892],[11.631658615685105,46.21293391541418],[11.631025267607404,46.213245509905704],[11.630420862519896,46.21334943428445],[11.629953723904725,46.21361220009741],[11.6295302215755,46.213702943959454],[11.6290035279026,46.21377805923418],[11.628736092258142,46.2139023802737],[11.62859562125357,46.21396648566604],[11.628191839950238,46.21418375560468],[11.627785565379087,46.21436412041949],[11.627248059273281,46.21451148214167],[11.626723518292119,46.21465854683035],[11.62599163799812,46.21508039237275],[11.62552574866856,46.215370097096226],[11.625115364964826,46.2155783615947],[11.625043698020052,46.215612594253294],[11.624950999432969,46.215631078788114],[11.624911191349304,46.21563861051781],[11.624247346035014,46.21575048306428],[11.6238283799835,46.21579512927469],[11.62368482019042,46.215810203273826],[11.623210141486505,46.21585172096298],[11.622433467231053,46.21597959405204],[11.622007372976912,46.21603604640009],[11.621430189031763,46.21608138254998],[11.620809764960109,46.21606682636082],[11.620448349807205,46.21609701463833]]]}}]}
