{"type":"FeatureCollection","metadata":{"code":"024116","referenceDate":"2026-01-01","sourceDbfExportDate":"2026-02-18","upstreamArchiveUrl":"https://www.istat.it/storage/cartografia/confini_amministrativi/non_generalizzati/2026/Limiti01012026.zip","sourceManifestSha256":"70ac8256c4785dc6ed2814c32b6965ae76f9161b51abaa1660059e1c6cbd8ca6","license":"https://creativecommons.org/licenses/by/4.0/","attribution":"Istat, Confini delle unità amministrative a fini statistici al 1° gennaio 2026, versione non generalizzata.","modifications":["Converted from WGS 84 / UTM zone 32N (EPSG:32632) to RFC 7946 WGS 84 geographic coordinates.","Converted from shapefile to per-municipality GeoJSON without geometry simplification."]},"features":[{"type":"Feature","id":"024116","properties":{"code":"024116","name":"Vicenza","alternativeName":null,"regionCode":"05","regionName":"Veneto","territorialUnitCode":"024","territorialUnitName":"Vicenza"},"geometry":{"type":"Polygon","coordinates":[[[11.559859647607139,45.609119281765075],[11.559395037041755,45.6088504092903],[11.55929256519073,45.60879111708154],[11.559026796321964,45.60863733586843],[11.558782042602648,45.60849571522646],[11.558467533486063,45.60831372819185],[11.557957657013135,45.608018691602545],[11.557478532280681,45.60774144408927],[11.557217354219052,45.60759031105316],[11.556910057893385,45.60741301426368],[11.556733717817758,45.60731044491286],[11.556587454687529,45.60722580531997],[11.556524241547026,45.607189225255446],[11.55635965462383,45.60705634360444],[11.556316831314756,45.60702177046847],[11.556193594493436,45.60687638630024],[11.556067160424703,45.606727230991346],[11.55600991406069,45.60665969622118],[11.555976102982845,45.60661869238816],[11.55589748814388,45.60654354303745],[11.555885652955356,45.606493006429254],[11.555871337614835,45.60645991015942],[11.555845132419284,45.606361272686165],[11.555784795909897,45.60620514748137],[11.55574446015327,45.60609849485845],[11.55571387250266,45.606017617509856],[11.555686766952729,45.60594594688543],[11.555676900188189,45.60587372652741],[11.555668450695316,45.60581186806618],[11.555644419514426,45.60574206655432],[11.555635044646886,45.605667489480076],[11.55563773894922,45.605630940313176],[11.555633341920164,45.60558045589244],[11.555619497436307,45.60548275230772],[11.555607229818179,45.605409789081705],[11.55557645130136,45.60515275718673],[11.555564376717351,45.60505002913408],[11.555515393278249,45.60478905717079],[11.555466537106772,45.60452875831479],[11.5554227725935,45.604295588337635],[11.555397451620141,45.60416067971044],[11.555359568674197,45.603958842466845],[11.555323141659656,45.60376477121378],[11.555274234713377,45.603504214142724],[11.555258619751653,45.603378940884774],[11.55523466333987,45.60318676784455],[11.555216160843017,45.603055624745586],[11.555176859363549,45.60290210403677],[11.555173236854156,45.60285315584312],[11.555162061482017,45.60279020708117],[11.555167440259009,45.60275053113577],[11.555170553366642,45.60270642782629],[11.555145193151422,45.60262527577026],[11.55513360278834,45.602468865631145],[11.555121346739815,45.60230347283472],[11.555099168023675,45.60201594944888],[11.555076456680155,45.60159476274683],[11.555055118243285,45.6012603119075],[11.555056330719557,45.60108935646753],[11.555074024221849,45.60099549609565],[11.555086813346962,45.60092764630424],[11.555128734794637,45.600825807822844],[11.55524575332748,45.60068349353056],[11.555464562109934,45.60048197736579],[11.55568907035441,45.60027521152787],[11.555745443221987,45.600225231690665],[11.555788002573674,45.600184096865036],[11.555847303660462,45.60012948153608],[11.555919415083457,45.60006223519204],[11.556010812419148,45.59997889140038],[11.556136880620672,45.59986278294912],[11.556289003394363,45.59972267805379],[11.556411525914863,45.59960983419555],[11.556554068461509,45.599478551270835],[11.556669331417325,45.599377113043595],[11.55682030408704,45.599254192087805],[11.556857821854122,45.599210725053645],[11.55688695204607,45.59915596578651],[11.556910091069863,45.599112650648244],[11.556928315478427,45.59907853854633],[11.556945570477192,45.5990321822775],[11.55708646143786,45.598782501145195],[11.55707495888861,45.59862077936519],[11.55706159869476,45.598432346849044],[11.557047637884331,45.598236621539556],[11.557028772275574,45.597971374024254],[11.557013950786926,45.59776296824166],[11.557004304650249,45.59762732531319],[11.55700327738692,45.59759459490685],[11.556941111683956,45.597541692275456],[11.556908635419974,45.59745238916225],[11.55689258634664,45.59737971951185],[11.556845308292196,45.59727681319669],[11.556820428361366,45.597220328271426],[11.5568031417766,45.59718108422138],[11.55677979025675,45.59712806830724],[11.556758449067884,45.59707961865911],[11.556745804838293,45.59703079691131],[11.55673527586189,45.59698368751642],[11.556723499602526,45.596916889914645],[11.556710813316421,45.59688432429712],[11.556692430611998,45.59684378160599],[11.556687851704012,45.59679662896492],[11.556648057785564,45.596750444980174],[11.556620874702626,45.59672783074182],[11.55634258955195,45.596748870244646],[11.556176940089772,45.596761393279145],[11.556015811078517,45.59676955911602],[11.555899226969931,45.59678238738732],[11.555766752976503,45.59679240195805],[11.555388563600786,45.59682343283555],[11.554969190261652,45.59685888111012],[11.554272176316768,45.59692964080657],[11.553573876272745,45.597006370272005],[11.553427249682725,45.59702517057378],[11.553032231508118,45.59707581900756],[11.552938759510468,45.597035929675364],[11.552916379042104,45.5969572118523],[11.552900232389977,45.596900415564555],[11.552885803551764,45.59684965844326],[11.552867967578392,45.59681810857125],[11.552841333442894,45.59677099350568],[11.552799156734258,45.596740073420804],[11.552712522692065,45.59673246937492],[11.552606975728619,45.5967848218068],[11.552550813972815,45.59681267955012],[11.552281913282709,45.59694605790214],[11.552249033309026,45.59696144956025],[11.552212542614692,45.59697757541336],[11.552124552137325,45.59701755256427],[11.552085924469736,45.59703510332586],[11.552047179897214,45.59705270619401],[11.552002970362569,45.59707279221615],[11.55193522885424,45.597103570149265],[11.551862877812315,45.597136441233516],[11.551818203304713,45.597156738302886],[11.551741945078719,45.597193506834685],[11.55169912098228,45.59721084162166],[11.55163198270784,45.59722394201824],[11.55158694636406,45.59723273010223],[11.551512880192341,45.597240400050175],[11.55148429245092,45.597139923562686],[11.551453213883516,45.597030690600526],[11.551432141541415,45.59695662655513],[11.551417396366576,45.59690480248117],[11.55141685166124,45.59682965498178],[11.551416263460974,45.59674865680051],[11.551415734232114,45.59667568813411],[11.551448277695991,45.59652875230089],[11.551481980408301,45.59638716693903],[11.55152217281017,45.59618667605391],[11.551478600811528,45.596190019872445],[11.551400340739228,45.596188501484946],[11.551306875172761,45.59618782871959],[11.55123150304357,45.596189855141795],[11.551173447881414,45.596193235363415],[11.551076821898832,45.59620277464026],[11.551033186390649,45.596207405073244],[11.550921019733979,45.59621930683941],[11.5508506770825,45.59622525404824],[11.550784991390428,45.59623080732485],[11.550715502208133,45.59623892266265],[11.550645844620254,45.59624705702258],[11.550605427317494,45.596251150030575],[11.550546274874273,45.596257140480816],[11.550488476585464,45.59626299353389],[11.550453806207265,45.5962707115813],[11.550384644314022,45.59628610584381],[11.550349204547727,45.59629730199291],[11.550263546624688,45.59632436384726],[11.550206492911402,45.59634698548559],[11.55015554875572,45.59636745706257],[11.550102955029754,45.59638961177555],[11.550057108687351,45.59640911972768],[11.549995807728964,45.59643614408477],[11.54995413555577,45.59645563977006],[11.54992130004544,45.596471001860934],[11.54989042945829,45.59648544424227],[11.549849742956068,45.59650170896078],[11.549814112774786,45.59651595158756],[11.549755605032361,45.59651543739245],[11.549701444390854,45.59649096940955],[11.54966022122004,45.59644497333014],[11.54962562482301,45.59638271626522],[11.549611339775199,45.59633910963832],[11.549595677386087,45.59628491420205],[11.549559214729694,45.596227221876916],[11.549519345040121,45.59619150724629],[11.5494918601765,45.59616688898996],[11.549458586952628,45.5961229871907],[11.549408598114635,45.59608935903701],[11.54936980979734,45.59607654345727],[11.549322607646971,45.59607048659524],[11.549263015328167,45.59607109720856],[11.549204390367377,45.59609022857801],[11.549165762603343,45.596114943277115],[11.54911576750585,45.5961490929625],[11.54904800934741,45.59621568246664],[11.549028694910238,45.59624260412861],[11.54899010188347,45.596295428610915],[11.548966636661067,45.59632704163062],[11.548932581362418,45.59636815328272],[11.548875704084779,45.59639346526209],[11.548825196656152,45.5964107391832],[11.548788624816554,45.59642186110867],[11.5487376386171,45.59643773789858],[11.548683499105783,45.59645638000965],[11.548642066692896,45.59647209297619],[11.548586098800376,45.59649962489734],[11.548548578742425,45.596517923834554],[11.548494951765427,45.59654244927276],[11.548452292523288,45.596567765889176],[11.548412953815877,45.59659282114302],[11.548380849938843,45.596609400516506],[11.548349978432347,45.59662462560132],[11.548307336280203,45.596646500638805],[11.548264650004532,45.596670516220435],[11.548212742954236,45.596689991289544],[11.548165802738401,45.5967052122409],[11.5481215495514,45.596716148955224],[11.54806004700549,45.59672813313312],[11.548008194023154,45.596729099620894],[11.547969764374649,45.59672468804321],[11.547897499816182,45.59671069735243],[11.547839698694547,45.596698241669436],[11.547791259372248,45.59669632981399],[11.547734203314466,45.596702252216716],[11.5476868536119,45.59671647487943],[11.54763806829771,45.5967415246479],[11.547579705719777,45.59676650637733],[11.547522091209586,45.59677553033311],[11.547475890908565,45.59677266376433],[11.547433543487207,45.59676520702492],[11.547391473006357,45.59675282225707],[11.547336128101527,45.59672846058754],[11.547288813231548,45.59670649765233],[11.54724759023765,45.59668346175385],[11.547206738745718,45.59665979467137],[11.547163496999405,45.59663949153028],[11.54711314772782,45.59661725417995],[11.547070839064308,45.59659603547047],[11.54706983918907,45.596558683169356],[11.547077986364197,45.596521102487934],[11.547079657408231,45.596480694110724],[11.547070233642115,45.59644827156216],[11.547052826550562,45.596410542719184],[11.547021843809029,45.59639572946033],[11.546985270108305,45.59638894574432],[11.546925363749335,45.596402368989864],[11.546855530637586,45.59641930358138],[11.546782635893988,45.596436980616176],[11.546714597288476,45.59645347993828],[11.546673929136636,45.59644294756538],[11.546618570294543,45.59642038878994],[11.546562697525033,45.59639814569052],[11.546513844393873,45.5963773958977],[11.54647825309036,45.5963619471937],[11.546436266732135,45.59634418560508],[11.546378006943794,45.596321693218776],[11.54632353977644,45.59630086963736],[11.546284159528083,45.5962858132213],[11.546246914776368,45.596268646097194],[11.54619695095676,45.59624561754415],[11.546142334502964,45.59622084029634],[11.546095862717562,45.5962023577128],[11.546030798629367,45.596176888996396],[11.545970799195327,45.596153006714694],[11.545937886622445,45.59613988070999],[11.54587992078709,45.596116763133956],[11.545808074123391,45.59608800620037],[11.545728404365963,45.596055920417136],[11.545657787674674,45.596027479805976],[11.545578156225721,45.59599351632184],[11.545467523212507,45.59594459010088],[11.545350539641158,45.59589285478212],[11.545289589620525,45.59587121572152],[11.545226081670302,45.59584866873186],[11.545162575010067,45.595826120777936],[11.54509982812807,45.595803842987536],[11.545006121936561,45.59576472647243],[11.544911124701189,45.595725070686704],[11.544822949293499,45.59568826194299],[11.544783578042539,45.59567182673007],[11.544804935434989,45.59560104800589],[11.544843549934043,45.59547264892636],[11.54489479636865,45.59529090551068],[11.544942383540347,45.595117389689015],[11.54499828272265,45.59491765539276],[11.545065273834458,45.59468264037415],[11.545111945721972,45.59451544208232],[11.545009176947522,45.59449954086816],[11.54466453603818,45.59444604600807],[11.544448941032533,45.594410055370034],[11.544065609350522,45.594336778660285],[11.543616625580475,45.59426211186849],[11.543240262706362,45.59420232827636],[11.542901252315405,45.594150358868944],[11.54269272647693,45.59411839209039],[11.54224156686063,45.59404293483824],[11.541788862087985,45.59397218630614],[11.541376527613146,45.593902603076565],[11.541058910353327,45.59385128340857],[11.540510702788845,45.59376047930204],[11.540217893609363,45.59371838859202],[11.53942423354844,45.59359060989377],[11.539131442508392,45.593541495985235],[11.538827091100936,45.59349144395572],[11.538689838707649,45.59347856409394],[11.538634837173882,45.593481407370376],[11.538395264863524,45.593434381871035],[11.538326148616447,45.59342099829977],[11.538106227572186,45.59337902687307],[11.538011361300358,45.59335080199698],[11.538153447825104,45.59316408426639],[11.538338898101706,45.59292037987588],[11.538532316896685,45.5926662006582],[11.53860636695314,45.592568889718535],[11.538811764721292,45.59236256835581],[11.53901575907799,45.592157654105534],[11.538827652930333,45.592100776261645],[11.53860171664736,45.59203946464067],[11.538396106738134,45.59198997010865],[11.538226266525488,45.59194580162837],[11.537932126724625,45.591871229631835],[11.537755694633576,45.591827285301825],[11.537581596706445,45.59178392069772],[11.537516925013358,45.59175691629622],[11.537455112405489,45.59173110577328],[11.53742542731292,45.59170867577923],[11.537212111918905,45.59154768914599],[11.536737012848855,45.591184343068804],[11.536196636878888,45.5907617818244],[11.535738879657519,45.59040381874853],[11.535315052658863,45.590072382846046],[11.5350580937845,45.589871437571574],[11.534879733549102,45.58973195452988],[11.534710540589506,45.58959964142686],[11.534745468711687,45.58946718158427],[11.534756309741903,45.58933366242505],[11.534742047497936,45.58929353414791],[11.534700752842921,45.58924088775475],[11.534695587279536,45.58916738550716],[11.534692085401899,45.58911755719244],[11.534708795850511,45.589004595096895],[11.53477131749797,45.58894089907828],[11.534808903921778,45.588876663929035],[11.534796988925265,45.58882098983209],[11.534756863413437,45.58878763400036],[11.534711819359066,45.5888768860308],[11.534535789062225,45.58887871672195],[11.534143792495922,45.58888781746161],[11.53372524367185,45.58889779328802],[11.533336697044925,45.58891541619972],[11.5333007260788,45.588911766025944],[11.533259118785994,45.588974833335214],[11.533149527103623,45.58910912946403],[11.533106744773969,45.589164782424646],[11.533015107232131,45.589292017383684],[11.532940278750303,45.58939910376719],[11.532819129443402,45.589539327629915],[11.532790849845277,45.58957406674719],[11.532701522690441,45.58964877699718],[11.532658374401494,45.58968987851904],[11.532588007997726,45.58973584047862],[11.532536697768961,45.589769355910924],[11.532480643681765,45.58982434621741],[11.532481501952782,45.58990529715545],[11.532482751771932,45.58993828390248],[11.532485322804668,45.5900061001509],[11.532486246809565,45.590091274775226],[11.532485233992732,45.5901699044106],[11.53248472712774,45.59020926604415],[11.53247519686841,45.59030294824128],[11.532415165367949,45.59045867955671],[11.532386340538343,45.59053345433799],[11.53236545468347,45.59059220196138],[11.532338125164483,45.59066263020262],[11.532320087477533,45.590705042336204],[11.53220201224264,45.59087324675157],[11.532100811989562,45.590998196122065],[11.532022446887876,45.591085094195535],[11.531925803765654,45.591161890526465],[11.531647174943048,45.591356728567355],[11.531447181094464,45.591483812292594],[11.531332164222217,45.59156379688686],[11.531255751655184,45.591620780774754],[11.531148714345663,45.59170060446055],[11.531086950084044,45.591734805564485],[11.531024681595676,45.59176928514793],[11.530943913122965,45.59181400950002],[11.530716183173386,45.591910157746526],[11.530665177873145,45.59193247531984],[11.530577121379242,45.59196431017851],[11.530408608944285,45.5920572756306],[11.53029658481453,45.592119078000934],[11.53024893965096,45.59213427030445],[11.530194753513694,45.592151550004665],[11.53013354342225,45.59215090831297],[11.530071318753212,45.59215025666894],[11.52998185240655,45.59211473241563],[11.529914731852427,45.592088081314245],[11.529862547194247,45.59206421449961],[11.529215604728623,45.59217034263312],[11.528509627427818,45.59227912838243],[11.52819375438588,45.59232780105925],[11.527777850311367,45.592390823108715],[11.527700376385397,45.59240256306604],[11.527709752704961,45.592480033682904],[11.52770692674822,45.59250603039631],[11.527355098024136,45.59254049009711],[11.526998473069815,45.59257741677942],[11.526957634920867,45.59249999981391],[11.526894296074126,45.592381610713204],[11.527000129859262,45.59221612572343],[11.527083363227609,45.592076580885106],[11.527106547371735,45.59203279100886],[11.527200328079758,45.59185565238796],[11.52721930967145,45.591813838559844],[11.527348828695942,45.59152853472008],[11.527480789694108,45.59122529584899],[11.527568553378417,45.591018975127085],[11.527657022553058,45.590805026427745],[11.527714222620727,45.59066316541137],[11.527755710088499,45.5905602753537],[11.527799696314975,45.59045661886054],[11.527927289104333,45.590155932559675],[11.527982819359295,45.59005826627834],[11.528053233455065,45.589934419939084],[11.528115602283137,45.58986733213035],[11.52820425762688,45.58977375771626],[11.528257584595117,45.58971747163383],[11.528465927131927,45.58955743712935],[11.52869937090591,45.58939218905569],[11.528866833995512,45.589280946365605],[11.528996785453772,45.58919765401165],[11.529140318032276,45.5891056562513],[11.529378958093833,45.58895276457099],[11.52956524331063,45.588833414132445],[11.52974265453984,45.588721355643315],[11.529946410744609,45.588587661131015],[11.530174664129495,45.58843789091982],[11.53046510610921,45.58824731853484],[11.530708420394552,45.58808649032716],[11.530916039042374,45.58794847339705],[11.531175307282323,45.58777612004907],[11.531354763545117,45.587619176172836],[11.531465263391208,45.58752253689128],[11.531615647934684,45.587391015643355],[11.531730446406298,45.587262566062705],[11.531854200658962,45.5871240947736],[11.531920988364186,45.5870493638719],[11.532003485379565,45.58694560049623],[11.532107315616349,45.586807650022116],[11.532193102289162,45.58670849234923],[11.532280110925518,45.586607922225774],[11.532398758591047,45.58647078145825],[11.532492384584454,45.58636256100668],[11.532681462558918,45.586099204867914],[11.532794403702596,45.58594870652188],[11.532947746132464,45.58574437310351],[11.532960861278873,45.5857185845028],[11.533035532406346,45.58557158674789],[11.533184329168487,45.58528287067024],[11.533208348295334,45.58523603478353],[11.533265743978037,45.58512514764262],[11.533214123779576,45.58508380034508],[11.533098926921152,45.58485773838724],[11.532999307831634,45.58470557413819],[11.532954190505292,45.584617375360146],[11.532931865843347,45.58447448381466],[11.532944484057731,45.58439310509869],[11.5329679523757,45.58430500480381],[11.533089456101887,45.58402255788595],[11.533098535179382,45.5839793317334],[11.533088010896693,45.58387416692204],[11.53304852459181,45.58363138310677],[11.53300882478998,45.58340714822337],[11.53299492577615,45.58333446159518],[11.532985859600776,45.58328704474417],[11.532969243698242,45.58323249004772],[11.532956785261998,45.5831915869978],[11.532940437344957,45.58313791566656],[11.532904111020947,45.5830782832536],[11.532863344495313,45.58301136117716],[11.532812555640284,45.58294821240296],[11.532782177991221,45.58291044234083],[11.532746844235513,45.582866509305276],[11.532723288063943,45.58280735502183],[11.532701418791586,45.58274150334094],[11.532683734127126,45.58266740105706],[11.532684384438664,45.58261379094019],[11.53269289916901,45.582581751388695],[11.532703851120235,45.58254054677854],[11.532720665419179,45.582504165456804],[11.53273398947252,45.58247534063972],[11.532753240822332,45.582441700110955],[11.532771947415611,45.58240447119477],[11.532795060966055,45.58236404990015],[11.532822852953421,45.58231906292298],[11.532847577743482,45.58227904062697],[11.532879054436407,45.58222931197786],[11.532908443595444,45.58218748946079],[11.532935322872122,45.58215241949642],[11.532959769960277,45.58210853643177],[11.532987984100638,45.58207401921368],[11.53301481398505,45.582031444246184],[11.533055908822616,45.58198070463773],[11.533080461859784,45.58194470602461],[11.533149150396564,45.58184116801112],[11.533188891852134,45.581776852206865],[11.53324900923804,45.58170896984734],[11.533273115158703,45.581650023615055],[11.533305823354338,45.58160961703692],[11.533495478420203,45.58162483923088],[11.533557419537763,45.58162981585403],[11.534278916529136,45.58166571608951],[11.534583413133678,45.581712714861055],[11.534677664137783,45.58175445894075],[11.534692047068397,45.58172816671514],[11.534726239851535,45.58165140432456],[11.534767597563087,45.58154362951036],[11.533806867364051,45.581397806555074],[11.533307981885294,45.58137208662567],[11.53325829609474,45.5813715671422],[11.533290036449841,45.581552342726056],[11.533174088316235,45.58155214320244],[11.53295668187258,45.58155176885978],[11.532574065989584,45.58155111037848],[11.532294575491429,45.58155183838044],[11.532058775794848,45.581554768689635],[11.531798386010099,45.58155800351653],[11.531586370382279,45.5815606367174],[11.531286980430902,45.58151740702451],[11.530879227844915,45.58145852882401],[11.530755682843287,45.58144068913066],[11.530572076838904,45.581421274166104],[11.53024415387669,45.58138903635417],[11.53015966096082,45.58144087899348],[11.530118131115318,45.581466360902425],[11.52997583250541,45.581553670056785],[11.52990155323841,45.5816620808708],[11.52988145647894,45.58169091862581],[11.529749785011811,45.58189786243627],[11.529661409384394,45.58203242601953],[11.529606047392999,45.582116721866676],[11.529563383643364,45.582181683541684],[11.529526689707875,45.58223090489103],[11.529490032055977,45.58223974255734],[11.529452569082926,45.58224883028515],[11.529412814783873,45.58225847463337],[11.529346616674703,45.58227453220585],[11.529299828491277,45.582285882355556],[11.529173462947757,45.58231653515419],[11.529146406235919,45.58229883697785],[11.529115033598302,45.58227831622718],[11.529055401110462,45.582239308416725],[11.528962442966069,45.582178503474],[11.528804576811886,45.582075239306974],[11.528690592909225,45.582000679820496],[11.528575702001671,45.58192552642842],[11.528537088588477,45.5819002683527],[11.528498204168734,45.58187008902327],[11.528457610732083,45.58182811548756],[11.528431639944156,45.58180053680409],[11.528394308588927,45.58176089611248],[11.528357162638986,45.5817161638385],[11.528332181565439,45.58165468009164],[11.528320940543745,45.58162701369853],[11.528292712676729,45.58155753949516],[11.528280530597943,45.58152755633354],[11.528264833551964,45.581488921673696],[11.528247374114908,45.581445951470194],[11.528234605510374,45.58141452400211],[11.528219087190712,45.5813763282352],[11.528201538456601,45.58133313767258],[11.528190170745006,45.58130515902992],[11.52817341176534,45.58126391142909],[11.52814909591381,45.581231473200894],[11.528127329901336,45.58120243675321],[11.528104211331243,45.58117159671374],[11.528078545704954,45.58113735842143],[11.528042545919696,45.58109364299656],[11.527983870921359,45.58105030725588],[11.527937745280113,45.58101893430174],[11.527882941964258,45.58098165878007],[11.527838499604796,45.58095143036756],[11.527804854521769,45.58092854635544],[11.527758722434868,45.5808971680705],[11.527714525490385,45.58086035521636],[11.52766484354041,45.58081663116872],[11.527641325803645,45.58079593339542],[11.527641352483089,45.58076552413318],[11.527641407871517,45.58070366592758],[11.527641439358423,45.580668938694515],[11.527641485109248,45.58061845638747],[11.527552815265832,45.580314584794905],[11.527628336423286,45.579784097227666],[11.527438204046321,45.579207172681656],[11.527405642818298,45.57917188613239],[11.527265982578031,45.5790112725966],[11.52716536393138,45.57889757830638],[11.527037778761423,45.5788638235246],[11.5269950802928,45.57885475034822],[11.526882117605957,45.578839608402205],[11.526813198743124,45.57880828222655],[11.526694199397578,45.578754193290806],[11.526416655265356,45.57863326150331],[11.526169952887601,45.57853080559491],[11.525918889425265,45.578435203727864],[11.525622873940842,45.578338062852964],[11.525568571844753,45.57832320965707],[11.525406483351778,45.57832679532939],[11.525258347140568,45.57833007125194],[11.525130566473967,45.57833865660244],[11.525080593327862,45.57834201402058],[11.525000723184563,45.57834738014173],[11.524947298237027,45.57835648278846],[11.524897829628197,45.5783852095901],[11.524867929643179,45.578421363415856],[11.5248527877446,45.57847837601576],[11.52487213198259,45.57852961405688],[11.52491028983403,45.578561752256945],[11.52496564385859,45.57860837556122],[11.52498400795716,45.57866450669788],[11.524998915478335,45.578710071288995],[11.524996535807722,45.57878276162603],[11.524979120377276,45.57888307878364],[11.524963461001757,45.5790038887842],[11.524963982111972,45.579120222877776],[11.524971818806192,45.57919784042727],[11.524987944033276,45.579261520857074],[11.525003290781621,45.57932213289846],[11.525016060662542,45.579381076405674],[11.525035800935072,45.579407353490815],[11.525062323160626,45.579442659970056],[11.525090488038952,45.579480152501056],[11.525082605244759,45.57958446776971],[11.525078570089773,45.57963739302707],[11.525060650729863,45.57966083237992],[11.525026033241845,45.57970633298956],[11.524824052137182,45.57961156938097],[11.524418555020565,45.579427471234204],[11.524231769630745,45.579348786007586],[11.523745418076064,45.57914749599834],[11.52354700344148,45.5790653753458],[11.523374027960529,45.578993783315696],[11.523239537208157,45.57893811953577],[11.522951441700659,45.5788188788195],[11.522794504994344,45.57878346183867],[11.5227734873485,45.57888365753173],[11.5227476010686,45.579055614675895],[11.522710269407245,45.57930360113011],[11.522689258734538,45.57939211671901],[11.522673355355565,45.57945910744824],[11.522656356623024,45.579530717479045],[11.522587293569217,45.57967715977348],[11.522518733866596,45.57972487860206],[11.522455509281189,45.57977429324632],[11.522428321864762,45.579795541749114],[11.522317561532702,45.579898260228006],[11.52228576459278,45.57992774760153],[11.52224417579054,45.57998240976073],[11.522215243735024,45.58002165590267],[11.522124911291806,45.58013743094035],[11.522055596966732,45.580226265525454],[11.522002101074586,45.580272633221725],[11.521965984696894,45.58030393785001],[11.521914934260549,45.58034818571296],[11.521895322967962,45.58037961537853],[11.52187905545793,45.58040568388608],[11.521875941845645,45.58045921874669],[11.52183315566111,45.580456923461576],[11.521808874844975,45.58050472588368],[11.521772185611743,45.58054656907755],[11.521751922043697,45.580569249581565],[11.521704504853583,45.580609541187876],[11.521676626683888,45.580629119746064],[11.521645352045415,45.58065108211985],[11.521636822642233,45.580686735145804],[11.521621630247832,45.58072244442973],[11.521602927481675,45.58074591854006],[11.521569774289143,45.58078752784415],[11.521545417295302,45.58081809824105],[11.521530098243039,45.58085536031182],[11.521508304673368,45.58088609821149],[11.521438837011699,45.580922612869806],[11.521384200920709,45.58093336080202],[11.521367667307915,45.581006099000035],[11.521362557591454,45.58103969081885],[11.521303292228328,45.58103199763215],[11.521237318061678,45.5810371046253],[11.521183246003476,45.581048600603836],[11.521171399131122,45.58107707550923],[11.521155036515264,45.58117241454727],[11.521134490916129,45.58120389171411],[11.521119131159708,45.581234500058144],[11.52110718114397,45.581272093622914],[11.52110739176064,45.58132287809641],[11.52106019980186,45.58135880608728],[11.520991958901122,45.581372585218226],[11.520946039387479,45.58141446004231],[11.520926412111773,45.58143885457117],[11.520929761781574,45.58146545108299],[11.52097087593414,45.58151403166019],[11.520980657527149,45.581551009412394],[11.520985732019474,45.58157644808845],[11.52093976807016,45.58161140918829],[11.520901569939086,45.58162863299917],[11.520851408902635,45.58161844774232],[11.520812548148152,45.58158958754417],[11.520765483330193,45.581591665490876],[11.52075775738408,45.581629217055074],[11.52077500758654,45.58166417747443],[11.520781388500456,45.58168925066902],[11.520781374220745,45.58173541980333],[11.520729561866657,45.58177240559926],[11.520677016565495,45.581780056528395],[11.520631428725434,45.581791992297994],[11.52061012975486,45.58181793497727],[11.52061840856565,45.58184588895796],[11.520629294470421,45.58189659704921],[11.520602288933352,45.58193748975396],[11.520554902512584,45.58196233688062],[11.520470456885572,45.58196541012843],[11.520406206317608,45.581970446181806],[11.520374139644753,45.581990807276526],[11.520331008951855,45.58202401695906],[11.52034714431489,45.58206497253073],[11.520369912157232,45.58210112086922],[11.520338415307732,45.58213323750705],[11.520291010713976,45.5821661310727],[11.520252350957074,45.582192955604725],[11.520219484699377,45.58221576102273],[11.52019076592364,45.58223568991206],[11.52014703034796,45.58226624672912],[11.520110006426851,45.58229986429131],[11.52008335945933,45.582343338592466],[11.520067601510496,45.58238021859477],[11.520062139322421,45.582408676658744],[11.520039622161262,45.58243233011746],[11.520000191297205,45.582443654462864],[11.519950237067148,45.58244282636476],[11.519902818045038,45.58243099506017],[11.519851611295419,45.582415215714214],[11.519794902160285,45.58242562428765],[11.519762450807237,45.58246538042427],[11.51975431691085,45.582499419660564],[11.51971681834236,45.582532751431174],[11.519675993310772,45.58256751578353],[11.519634217793582,45.582599861780864],[11.519593698732763,45.58262198980584],[11.51955534158344,45.58264344632259],[11.51952781238764,45.582662841123685],[11.519510510483626,45.582706133351536],[11.51949879308987,45.58274915471233],[11.519488654686615,45.58278638497545],[11.519498471656544,45.58281311423256],[11.519512301153787,45.58285076066835],[11.519550565536797,45.58287267836072],[11.519586020157732,45.58290195800162],[11.519564128683035,45.58294412376733],[11.51952628618612,45.58299343654249],[11.51950052804364,45.58302700059932],[11.519472183951011,45.583063935950506],[11.519449949255085,45.58309290904967],[11.51941748320872,45.58313521453981],[11.519380321871047,45.5831372002756],[11.519301547152068,45.583142831658954],[11.519253269344356,45.58316080031196],[11.519226986179127,45.58318361229088],[11.519182308468428,45.5832257983332],[11.519170621363882,45.58325893480223],[11.519129056940294,45.583267543464466],[11.519087939619844,45.583276060335336],[11.519024611066099,45.58326993991425],[11.518853950255027,45.583251701140654],[11.518756996869136,45.58323097544796],[11.518660256821402,45.58320610622765],[11.518613099827235,45.58319687354583],[11.518562751178592,45.5831870154647],[11.518465053328452,45.58315838401642],[11.518374648945636,45.583136788933],[11.518303470351444,45.583121985924606],[11.518209245052422,45.58309690062889],[11.5181445496676,45.58307967631947],[11.518054796330086,45.58305881731987],[11.517953604743258,45.58303589272521],[11.517860344393993,45.58301537915641],[11.517807208140999,45.58300369107532],[11.517740945768761,45.58298911503576],[11.517698519413617,45.582977478748454],[11.5176483386807,45.582963714552626],[11.517600007380748,45.58295045862169],[11.517546979140299,45.58295135797589],[11.517563901671716,45.58301218826458],[11.517579282948457,45.58306747631279],[11.517594126728902,45.58312083465895],[11.517602727763608,45.58315175123289],[11.517621105085173,45.583194834224834],[11.51764040736988,45.58324008229992],[11.517652687143165,45.58326887087683],[11.517668037158199,45.583304855689235],[11.517682197227382,45.58333805207532],[11.517700103477443,45.58338002929692],[11.517723857332179,45.5834277868241],[11.51774293052798,45.583466132434204],[11.517766664638957,45.58351384808187],[11.517798581149123,45.58357801473172],[11.517810124976982,45.58363193008681],[11.517814470242964,45.583671814754524],[11.51781075336596,45.58373312899036],[11.517799344593127,45.58378233796801],[11.517782261904829,45.58385601664225],[11.517761216345294,45.583946794021294],[11.517748502979648,45.584001630491365],[11.517740905783759,45.58403440207593],[11.517720150553219,45.5841236770477],[11.51769766121141,45.58422041172187],[11.517681556633917,45.58428968253564],[11.517673175138853,45.584325728033726],[11.517632697906455,45.58450351435817],[11.517616023453387,45.584576756441336],[11.517596174142774,45.5846639384362],[11.517579477931875,45.584737269203565],[11.517567103950574,45.58479161840047],[11.517550271901738,45.58488598878974],[11.517537109000813,45.58495978800296],[11.51753035582218,45.584997649119984],[11.51750943225637,45.58505224894987],[11.517498718550485,45.58510356683626],[11.51736859806894,45.58551247432105],[11.517290051925611,45.58576796629202],[11.517213019388135,45.58601853449127],[11.517132741962548,45.58628433213864],[11.51703334259189,45.586641957257505],[11.51695412735164,45.586914772948106],[11.516912001694756,45.58705540967271],[11.51685429154969,45.58725560412239],[11.516844144416636,45.58734403744834],[11.516790551364359,45.58752163817901],[11.516744700028076,45.58758565623204],[11.516701430913372,45.587742542672224],[11.516665274565023,45.5878736378798],[11.51653177728508,45.58835723382937],[11.516487061315853,45.58850403565449],[11.516540149231576,45.58862548650693],[11.516553158076979,45.588654221304914],[11.516433374179993,45.588607010509136],[11.515814758802344,45.58836356396215],[11.515744796173484,45.58833835512423],[11.515681896201388,45.588312373134436],[11.515646305499896,45.58829921278437],[11.515575526235523,45.58827276707488],[11.515242529636474,45.588182841046496],[11.514719704311275,45.58803008820606],[11.513378070185018,45.58755557096946],[11.512997982988908,45.587475814871304],[11.512207806732757,45.58731000297038],[11.511863980692137,45.58723785224574],[11.51143810324239,45.58688717771146],[11.510645614467508,45.58636454292875],[11.50942581365009,45.58713783175455],[11.509338660994315,45.5870815260589],[11.509159655071029,45.58696428136538],[11.50891340947258,45.58683242719759],[11.50859491839975,45.58666165025178],[11.508031611896426,45.586601133372724],[11.507760349095669,45.586571990427075],[11.507551542563576,45.58654955629545],[11.507177348507629,45.586782801899744],[11.507049569028622,45.586807244987526],[11.506755983865416,45.58686312158705],[11.506592629796817,45.586894654193344],[11.506070245106436,45.58653428245133],[11.506003554218465,45.58647947289439],[11.50565170221378,45.58620422249537],[11.505274293706428,45.58592665505189],[11.50505537700711,45.58576725323808],[11.504940264945862,45.58568388988221],[11.504379827457127,45.585278017171206],[11.503857360018912,45.58498794066333],[11.503788325853744,45.58494894943888],[11.503746226338917,45.58494151694316],[11.50333569324056,45.584859863406805],[11.50272537364377,45.5849722572652],[11.502532231135632,45.584873471004215],[11.502460314424221,45.584836687140175],[11.502318803635168,45.58476515573802],[11.501530563688142,45.584101158597086],[11.501781496618174,45.58380466664992],[11.503341407996338,45.58201803127025],[11.503496258802988,45.58184096890022],[11.503563296049146,45.58168435105195],[11.503588780122888,45.581626409733495],[11.50383619551723,45.58104686381962],[11.503943827891094,45.58079013097576],[11.503960494365977,45.58075065263931],[11.503230037925805,45.58037620222254],[11.503112660076225,45.580316085372814],[11.503000487630766,45.58025864283991],[11.50291481367939,45.58021254400878],[11.50271437160935,45.58011189817271],[11.5026400311792,45.580074145001426],[11.502508487625384,45.58000389759691],[11.502280136422721,45.579900298299435],[11.502200871640968,45.579864904867186],[11.503754341047472,45.57796991455133],[11.503062660015624,45.57756596810819],[11.502465651959593,45.57711099838167],[11.501707385717731,45.57677657370295],[11.501268456512804,45.576633735543176],[11.501534195457316,45.5756912342928],[11.501561331811548,45.575581116945536],[11.498451579758388,45.57503864895568],[11.498404349716013,45.57455193475399],[11.498729790013009,45.57408744342266],[11.498786655582352,45.57369014954334],[11.498154500412832,45.57352452490577],[11.498268904802078,45.57299770623648],[11.497674020492315,45.57282338728548],[11.4970466260558,45.57283711160268],[11.496642880569645,45.57298095857301],[11.49603670750997,45.57289520114807],[11.49535610402002,45.57286507447889],[11.495286424176678,45.572871570639116],[11.494845538390356,45.57291223776104],[11.494065408501752,45.57237121455291],[11.493193677209428,45.57178718054665],[11.492715286202523,45.5715921020207],[11.492397523141085,45.57146252240109],[11.492099966702888,45.57138062383046],[11.492060679577817,45.57136972227672],[11.491852605551898,45.57131239803138],[11.491397320098205,45.571142311798496],[11.491402835431874,45.57109461298443],[11.49159138479454,45.56946386443323],[11.4917365187359,45.568208760587],[11.491741371442963,45.56816732752285],[11.491742248095012,45.56813378616859],[11.491808833044118,45.56758685371719],[11.492158219941794,45.56457295144557],[11.492162459141024,45.56453452012979],[11.49218314009473,45.564356298732314],[11.490730982467648,45.56424147386258],[11.490610883940287,45.564231975697716],[11.490488109470773,45.56422226754652],[11.49020900773906,45.563778996491855],[11.489160502369824,45.56211369293361],[11.487721511557497,45.559827477658104],[11.487692768665248,45.55978314660556],[11.487671326208918,45.55975461378914],[11.486668997814647,45.559570425673115],[11.486602032570607,45.55942217454565],[11.486567822749917,45.55935126743109],[11.486558204868764,45.559326268160646],[11.486471375386479,45.55913698738746],[11.486567501514545,45.55872027964553],[11.486521140875174,45.558431706442086],[11.486511116408227,45.55836540951861],[11.486487878255991,45.55821670007238],[11.486479889087772,45.55816861774779],[11.486497000741831,45.558127936785915],[11.486747721633916,45.55753372982574],[11.486791533387896,45.55742589254713],[11.486792334218812,45.55739996964891],[11.486793715963588,45.55732296578731],[11.48679451380826,45.5572591497007],[11.48679417037218,45.55722564841313],[11.48679761985893,45.55696679685952],[11.486873836625978,45.55692925153693],[11.487084300207417,45.556824113413164],[11.487226013006639,45.5567510390371],[11.487399338104494,45.55666565156755],[11.488217065570991,45.556323791415686],[11.488502077330983,45.555939975146295],[11.488707611180162,45.55566318591707],[11.488821726273681,45.55550950950441],[11.489248053277956,45.55442907943109],[11.489587254619774,45.55407275029182],[11.489920727534528,45.55372135530426],[11.490085832059515,45.55361138337954],[11.490256368640509,45.553497187273614],[11.490743476876332,45.55317005687293],[11.49109802635832,45.552930541707006],[11.491253307092256,45.55282769446215],[11.491362897109648,45.552727620052956],[11.491405765257026,45.55268846091504],[11.492225826723816,45.55194280495663],[11.492894779174666,45.55113609942618],[11.493015919152883,45.55103275398461],[11.49314800926753,45.55092354352218],[11.49347524532603,45.55064636130922],[11.493759582618397,45.55041247672339],[11.493918013394143,45.55028203579383],[11.493969694401777,45.550239511128936],[11.495411638802329,45.54982095227777],[11.497491503642967,45.54934341530428],[11.498507817622974,45.54915015418465],[11.498602309202832,45.54912179900209],[11.49866690152215,45.5491024143694],[11.498937780637384,45.549023726722496],[11.499323518183656,45.547611104033116],[11.499805320861089,45.54687779167588],[11.49983953875535,45.54682570667012],[11.49987124415888,45.54675160659091],[11.500025560448588,45.54639857870843],[11.5002422943002,45.54593606190484],[11.500259830651872,45.54589872784834],[11.500276267373977,45.5458634044406],[11.500295292132895,45.54582205384187],[11.500353184634363,45.5456983153492],[11.500471499156292,45.54535910276637],[11.500605467233715,45.54498133339793],[11.500605510948876,45.5449470332997],[11.500607968279411,45.54486006911438],[11.500611111197882,45.54477749960751],[11.500624879779364,45.5447458305733],[11.500622463544278,45.544549271688425],[11.500537830417683,45.544508704536355],[11.50005940773837,45.54427356729717],[11.499823424831122,45.54422454397012],[11.499736935368489,45.544206797155496],[11.499309579747633,45.5441189632646],[11.497412071370896,45.54350340547417],[11.497245503686418,45.5434448660747],[11.49577253681386,45.54292718272989],[11.495582797171952,45.54289033994748],[11.494273737856092,45.54263589795323],[11.49362961142838,45.542587743932785],[11.493155003413042,45.54255336019916],[11.492924070368458,45.54250914137652],[11.492561379171635,45.54243926774209],[11.491276501512957,45.54235029897266],[11.490831234157636,45.54221354159564],[11.490594131953923,45.54214071805997],[11.49051034826833,45.542114984142245],[11.490430521823944,45.54205547856957],[11.490099736667661,45.54180890111062],[11.489684156828956,45.54166361023335],[11.489647389555655,45.54166063964828],[11.489182019030183,45.54162188926658],[11.488819993811934,45.541539794355536],[11.488815476952505,45.54086309370281],[11.48861456324059,45.5403740977109],[11.48845819048386,45.54009602194003],[11.488443222724353,45.54006870544555],[11.488400362477684,45.539991338946194],[11.488353887491959,45.53990947049706],[11.48911038938544,45.53952736707251],[11.489465855260704,45.5393474083717],[11.489698307827457,45.53913266286187],[11.48978319343169,45.53905433360361],[11.489893161727268,45.53895273363477],[11.490733430996652,45.53817661258002],[11.491820186316707,45.53726340126629],[11.491879901979626,45.53721324727176],[11.491928339049156,45.53717391497748],[11.491956255215085,45.53714981241582],[11.491982383418293,45.53712507468399],[11.492049469221998,45.53706450012124],[11.492130346833806,45.53699152229632],[11.492212508492639,45.53691737592612],[11.492297565637069,45.53684050012003],[11.492363271116584,45.53678122467701],[11.492498204783814,45.53665962185832],[11.492848771979778,45.53634323514465],[11.492904444657567,45.5362929906644],[11.493178284881688,45.53602235106738],[11.49340830744005,45.53577041915718],[11.493449029465673,45.53575180001643],[11.493707907699843,45.535495444119036],[11.493735920123916,45.5354703677794],[11.493860730432218,45.53534667113871],[11.494021470817536,45.53518603958102],[11.494182438112569,45.53502896552159],[11.494435415971799,45.5347789567015],[11.494544669020208,45.53468211504866],[11.494636045635714,45.53459988676862],[11.495143348333595,45.53416341366224],[11.495219221926153,45.53409767735497],[11.495536048292283,45.53382317963912],[11.495611086921123,45.53372771674934],[11.495825837590958,45.53345490140977],[11.495889710817638,45.53337370005081],[11.495910583038373,45.53334704743591],[11.495996786072817,45.533237032737276],[11.496028945391021,45.533254822638774],[11.49611872291993,45.53329763902816],[11.49691354474474,45.533694050502746],[11.497196067840642,45.533406232196015],[11.497599787437364,45.5329949444693],[11.49791487972272,45.532880035683434],[11.498357077538499,45.53303238054095],[11.498660524609539,45.533232765894056],[11.499298319667707,45.5328857616477],[11.499939259564513,45.532898730682724],[11.500948887730031,45.532561575582335],[11.501304335435835,45.532398013683334],[11.50172697396218,45.532202459579004],[11.501758651899761,45.532185815193664],[11.501825644569026,45.532151449359475],[11.501898139113036,45.53212017184901],[11.501962134495475,45.53209039024123],[11.502065284351103,45.53203305189063],[11.502398638079448,45.53192045242148],[11.502485619089914,45.53189107129549],[11.502424965978292,45.531861004534555],[11.501933467726293,45.531468309469595],[11.501661546302463,45.53125104691762],[11.501214764371241,45.53090404113523],[11.501360465081193,45.53079542271579],[11.501404495474977,45.530762860021774],[11.501432685592512,45.530740243314916],[11.5014928724071,45.53070007247682],[11.501648603157852,45.53057948999255],[11.500357075110381,45.5298111813513],[11.500232066294958,45.52973572189294],[11.50011428534646,45.529665652369644],[11.499968109542476,45.52957723083022],[11.498129915366633,45.5284827605514],[11.497475503405594,45.528092029471225],[11.49608455150854,45.52726283861041],[11.49590793298493,45.52715731351446],[11.495013654419502,45.526623064041395],[11.49498499288138,45.52660594269841],[11.49494355666199,45.526588717082916],[11.494427604213747,45.52637667831854],[11.4943172860311,45.52631243904841],[11.494254091649955,45.52627592455362],[11.493902385072246,45.5260725868314],[11.493839604903197,45.52603618907472],[11.49372805005922,45.52596541074178],[11.493509858025037,45.52582699758349],[11.49330414828237,45.525696364799906],[11.492754471623867,45.5253475403173],[11.492683965330901,45.525305532728105],[11.492112140206798,45.52496519984865],[11.491883277004565,45.524890108923586],[11.491481655771581,45.524759143070334],[11.49141569158184,45.52473559342807],[11.491016704997877,45.524620944398805],[11.490843705335811,45.524571240987036],[11.490749329795637,45.5245441459813],[11.49069742203139,45.524529686537534],[11.490741382791605,45.52448403084363],[11.490772683750084,45.524451767057826],[11.490814991322527,45.52440881087225],[11.490982601427538,45.52423737057057],[11.49132892715142,45.52382475815543],[11.491465826894936,45.52364456031319],[11.491505855447112,45.52359163431845],[11.491535943149366,45.52355468104527],[11.491576118041772,45.523502490833394],[11.492044378693413,45.522918026571595],[11.492653391789561,45.522283646448464],[11.492676974142103,45.52226103077339],[11.492714575142365,45.52222041524452],[11.494113298041723,45.52076656732551],[11.496560581347419,45.51828906706781],[11.4971259738252,45.51771687901705],[11.49772180511465,45.51711232782109],[11.497878645764004,45.51695324918852],[11.497896734974558,45.51692947802908],[11.497913062980597,45.51690653031273],[11.49793447279421,45.51687664214751],[11.496435598488457,45.51631479298091],[11.496166179764336,45.51623011008004],[11.49608833369034,45.51593533068802],[11.496043786414278,45.51576454096007],[11.496014629294155,45.51570434528269],[11.495849811550208,45.51535547223796],[11.496521261964302,45.51557425870848],[11.496898567201317,45.51571002608193],[11.497179711800918,45.51548109726871],[11.496901149651674,45.51490042548595],[11.496909254906383,45.5142155946408],[11.497305913868948,45.51396504268895],[11.497395238663332,45.51400112253021],[11.497712279191742,45.51413502004976],[11.497924764478032,45.514596744863],[11.497924836082309,45.51517675813718],[11.497976645010581,45.515479414167245],[11.498674275092576,45.51563163590836],[11.49872648247182,45.51564302744996],[11.49905599520975,45.51535002741781],[11.499025119958699,45.51527784623856],[11.498717693801078,45.514559139155125],[11.499003336084469,45.514088762946166],[11.49958851630918,45.51400394148898],[11.499718030013087,45.51409278883643],[11.500275863811146,45.5144755514719],[11.50046118819121,45.514564440286854],[11.500615265598741,45.514638537397204],[11.501150889136936,45.51459080296952],[11.502188160526211,45.51430703675829],[11.502526727477273,45.51414659491689],[11.502773792422351,45.51365511430585],[11.502933344332531,45.513521262719706],[11.50316872593684,45.513322412653444],[11.503629787954686,45.513357740340496],[11.504024304908286,45.513388081818604],[11.504080834296174,45.5133924217374],[11.504187624690388,45.51347230033145],[11.50421914419198,45.51349517511079],[11.504368677139476,45.513604752597765],[11.504610411258652,45.51378585634083],[11.50498047668588,45.514014272580255],[11.505077468301417,45.51407504864954],[11.50541677666599,45.51428460565918],[11.505650408937418,45.514429122057116],[11.506149482823808,45.51466436208233],[11.506435021140891,45.51479894942519],[11.507090811159147,45.51521585705387],[11.507159288030914,45.51526033250294],[11.50760416390342,45.51575440298877],[11.507981043624907,45.51617844067538],[11.508205408299414,45.51615435936527],[11.50837641053613,45.51613348532619],[11.508696181457506,45.51583842025815],[11.509173444898591,45.51591794281776],[11.509256917992351,45.515972915002166],[11.509399875009471,45.51606706273359],[11.509471039730581,45.51611392874954],[11.509542790909375,45.51616185837902],[11.50974625219165,45.51632707179759],[11.510060839432615,45.51658252475374],[11.51019554193854,45.51649855250934],[11.510395244165837,45.5163757010293],[11.510482431412989,45.51632196978551],[11.510414882726998,45.516216661639845],[11.510099265461399,45.515723601828334],[11.509830237212595,45.51530513910225],[11.509796810440092,45.51525313293487],[11.50977254341293,45.515215263483626],[11.510158008404824,45.51501427761277],[11.510259689814314,45.51496060587687],[11.51070094076573,45.51472769176659],[11.511006553861915,45.51456118594561],[11.511335985845038,45.51439198421511],[11.511521694622992,45.51429660075203],[11.51162460304882,45.5142437451148],[11.511774074731846,45.51417492099476],[11.511824074445494,45.514160331577585],[11.511872594088,45.514146173460766],[11.511920019170942,45.51413233464905],[11.511962674333676,45.51412843015041],[11.512020857782954,45.51412310289056],[11.512100348200065,45.51411999091027],[11.512209353484787,45.51413844357065],[11.512277099652673,45.51414991181739],[11.512317269131385,45.51416137843027],[11.512425777223896,45.514194712805185],[11.51255360718599,45.51423398210579],[11.512649050434911,45.51426330211465],[11.512730003414042,45.514287596041065],[11.512793046532256,45.51430333148174],[11.512846287111705,45.51431641125923],[11.512943242265813,45.51434023037727],[11.51302327734087,45.51435989245055],[11.513087682973516,45.51437600369134],[11.513144456276336,45.51438966265185],[11.513337717327092,45.51443714086813],[11.51357454461794,45.51449532154052],[11.513764981791368,45.51454210510366],[11.514124078416948,45.514650864348035],[11.514297547599206,45.51471573068401],[11.514280248331996,45.51476366804075],[11.514263972595318,45.514799378045964],[11.514265401382168,45.51483164399227],[11.514273160113559,45.514878420072655],[11.514283549496918,45.51492642179281],[11.514296677151336,45.51495979016564],[11.51431993194477,45.51501386791395],[11.514344685658916,45.5150574495812],[11.514360451861373,45.515085208756226],[11.514395712663411,45.515111019139944],[11.514425975991474,45.51513317255962],[11.514471651933343,45.51516417317508],[11.514521952648723,45.5151902643324],[11.514624899117404,45.51524225900597],[11.514673665018572,45.51526688879541],[11.51472135430747,45.51529097520073],[11.51479412670634,45.51532772918011],[11.514873592430721,45.51536786415414],[11.514915639126531,45.51538909986683],[11.514965133564964,45.51541409783525],[11.515009739704789,45.51543662551563],[11.515048091501964,45.51545599560917],[11.515105967620567,45.51548522577438],[11.515163842559543,45.51551445683624],[11.515212872156244,45.51553921830389],[11.515254655834969,45.515560321066815],[11.515345266267424,45.515606083479454],[11.515451010762064,45.51565949015986],[11.515549738589398,45.51570935184205],[11.51559192989699,45.51573066062873],[11.515640815797815,45.5157553494678],[11.515676554892073,45.51577339973163],[11.51572586468357,45.51579923765474],[11.515825113064722,45.5158479273643],[11.515922956860475,45.515896440013734],[11.515969434534815,45.515910558502675],[11.51603646016988,45.515926992886534],[11.516135253039959,45.51595121614721],[11.516255528328976,45.515980705914586],[11.516298591469754,45.51599126482418],[11.516356512641535,45.51600683665327],[11.516486626678354,45.516050140463136],[11.516575889103766,45.51607984906558],[11.516702805067302,45.51612208897041],[11.516819997200658,45.51616109203131],[11.5168763878152,45.51617985948142],[11.516936907474577,45.51620000127205],[11.517064825998498,45.516242574219],[11.517141922900322,45.51626823271085],[11.517215031739477,45.51626229826535],[11.517268885833587,45.51625792701389],[11.517335259999925,45.51625253885076],[11.517467635282456,45.516235152911264],[11.51754476159693,45.51622502418591],[11.517654887730403,45.516210559928965],[11.517728230906005,45.516200927670624],[11.517809443085252,45.51619026129096],[11.517927036814426,45.516213425646804],[11.517988705844022,45.51622557361578],[11.518144342057015,45.51625623200162],[11.51830392721382,45.51628766808308],[11.518385041920133,45.5163036462637],[11.518458558777304,45.51631812767154],[11.518506570057022,45.516328661197406],[11.518574016756771,45.51634477695714],[11.51863827081673,45.51636013049902],[11.518753557810612,45.51638767810011],[11.518798113429764,45.51639832465296],[11.518876345912867,45.516417017847836],[11.518940928877363,45.51643245037396],[11.518996554374352,45.51644636127785],[11.519075892326258,45.51647274852022],[11.519123997389272,45.51648901891779],[11.519199064468085,45.51651440936717],[11.519250498872097,45.51653180520805],[11.519296600728767,45.51654739783881],[11.519338153938637,45.516561452605636],[11.519381819606712,45.51657622044309],[11.51941730964889,45.51658822438526],[11.519463074885866,45.51660370286073],[11.519523229612227,45.51662309612696],[11.51956607298687,45.516634758606195],[11.519614549557652,45.516627402200285],[11.519656247184503,45.516614096144814],[11.519732840911363,45.51658659176796],[11.519842817422882,45.5165471007071],[11.519910586127818,45.51652276592244],[11.51997050399186,45.51650124986939],[11.520026217936527,45.51648124338361],[11.520069548339725,45.51646683088379],[11.520139435884529,45.51644358604747],[11.52017597492854,45.51643143242646],[11.520258570643966,45.51640395991719],[11.5203231617494,45.516382476426436],[11.52038858945908,45.51636080520476],[11.520440893003606,45.516343481474784],[11.52049548448271,45.51632437986429],[11.52053382143397,45.51630845271089],[11.520570218779374,45.51629333167697],[11.520609066043273,45.51627719250259],[11.520645291124177,45.51626214275761],[11.520686113096898,45.5162451822461],[11.520733436750238,45.51622529946793],[11.52079104428994,45.516199457585465],[11.520842937218136,45.51617604438576],[11.520888068150423,45.51615202077773],[11.520923878305206,45.51613181428488],[11.520958417132483,45.51611232625196],[11.521001029849758,45.51608828169806],[11.521030033597986,45.51607191599572],[11.521075894582914,45.51604603903396],[11.521127627658508,45.51601684772653],[11.52118403021309,45.51598502211634],[11.521217065913731,45.51596533766904],[11.52125898907417,45.515935579846825],[11.521306456905759,45.51590188571615],[11.521346931718753,45.51587315538871],[11.52137639769072,45.515852239154334],[11.521412677909074,45.51582648635117],[11.52145384577863,45.515798999053665],[11.521480510999396,45.51578119337939],[11.521511886910988,45.515760243024694],[11.521538686418545,45.51574234885863],[11.521579354319849,45.51571519390367],[11.521611877678204,45.51569347737231],[11.521645417494716,45.515680238266846],[11.521693102359905,45.51566370007787],[11.52173935233768,45.51564765803038],[11.521779010856315,45.51563390297054],[11.52181489576092,45.515621456329434],[11.521857304050137,45.51560674757344],[11.521907073590016,45.51558552039337],[11.521947283501987,45.515554541788106],[11.521981181518258,45.515527464237074],[11.522075724067719,45.515451946896846],[11.52213398762895,45.51540540944751],[11.522219621706745,45.51533700717146],[11.522250795103798,45.515297245755484],[11.522304866291165,45.5152144429618],[11.522353882888613,45.51513938039096],[11.522418579087217,45.515040306135134],[11.522464066443677,45.51497064844152],[11.522516616360226,45.51489017357846],[11.522540884108992,45.51485300941437],[11.52255922042914,45.5148249316652],[11.522568820918352,45.51479186762615],[11.52260009217423,45.51468417234511],[11.522632944278904,45.514571030563346],[11.522662647651607,45.514468735559134],[11.522685311328553,45.51439068708217],[11.522708035766897,45.51431242392715],[11.5227200648583,45.514270998041674],[11.52273878312178,45.514240501283325],[11.522785335957312,45.51416465764455],[11.522814322014959,45.51412682476853],[11.522847302923768,45.514086708192856],[11.52288228846329,45.51404415116967],[11.522914991171739,45.51400437196845],[11.522960834430863,45.5139780400671],[11.523046600312467,45.51396969244989],[11.52308856049818,45.513970680531486],[11.523142941231992,45.513971961155704],[11.523207039502267,45.51397347073169],[11.523264593625859,45.513974826077316],[11.523308347638315,45.5139774198589],[11.523370819337865,45.513982094134114],[11.523434994417938,45.5139868954453],[11.523507400014042,45.51399231319324],[11.52358537696662,45.51399814780987],[11.523650474413365,45.51400301772229],[11.52371455832,45.5140078118904],[11.523796511576657,45.51401340903648],[11.523858668829536,45.51401440037959],[11.523925394868598,45.514014719097105],[11.523984991860356,45.51401500276941],[11.524039228377251,45.51401526181133],[11.524133959455458,45.514015713714315],[11.524201820431,45.51401498643261],[11.524258683823493,45.514013521152556],[11.524303345826784,45.51401236975326],[11.524352082216947,45.51401111383821],[11.524410285794698,45.51400961344644],[11.524469834680417,45.51400807787426],[11.524515822838383,45.514006892564645],[11.524564545145692,45.51400563687019],[11.524620069554434,45.51400420552176],[11.524724259978557,45.51400151962851],[11.524778638554501,45.514000118044834],[11.524839788775546,45.51400286746832],[11.524891811008077,45.51400614549421],[11.524976135659763,45.51401145981073],[11.525055265518017,45.51401644610675],[11.52510887877313,45.514020458449494],[11.525187049341094,45.51402906997777],[11.525276802414458,45.51403895815153],[11.525339587232585,45.514045874736766],[11.525431169980678,45.51405596444774],[11.525496380158598,45.51406314773691],[11.525551676717242,45.51406923972839],[11.525660911146504,45.51408127366577],[11.525740541686398,45.5140902053631],[11.525812886220118,45.51409842689073],[11.525879161927621,45.514105958137506],[11.52595645829113,45.5141147415026],[11.526015490292083,45.51412144911308],[11.526073223899697,45.51412800989918],[11.526124065088133,45.514133787043335],[11.526165541792192,45.514138499511475],[11.52621905068218,45.514144580331134],[11.526270195604297,45.514150392094535],[11.526330658501946,45.5141608331038],[11.526407923819614,45.51417552527726],[11.526455946214186,45.51418465641673],[11.526500136017534,45.5141930586438],[11.526538845541412,45.51420041918074],[11.526573888476978,45.51421221656465],[11.526618657801484,45.5142302147651],[11.526663716578657,45.51424832895861],[11.526703805351218,45.51426444504267],[11.526741732493203,45.51427969262944],[11.526777114632333,45.51429391638377],[11.526857507602648,45.51432540918668],[11.526918636219762,45.514349165114865],[11.526966846993151,45.5143679007146],[11.52700761897673,45.51438540306448],[11.527136273061224,45.51446301825258],[11.527209288339002,45.51450706796376],[11.527277720507788,45.51454835218992],[11.527349322708544,45.514591548270595],[11.527398427424028,45.51462117252331],[11.527430107283577,45.51464028471418],[11.527480334495944,45.51467058527774],[11.527529927533417,45.514700503804725],[11.527583860442073,45.5147330410002],[11.527632037039444,45.51476243366625],[11.527669693316119,45.514786654896255],[11.527717396478126,45.514817337987985],[11.527762994310935,45.514846666181334],[11.5277942515543,45.514866770566066],[11.527847508907032,45.51490102563347],[11.527880643510972,45.5149223377979],[11.527910867314821,45.51494177823865],[11.527938917184205,45.51495981940908],[11.527974427473076,45.514982659559415],[11.52801472592849,45.51500857921074],[11.528045968878212,45.51502867484139],[11.528074087399878,45.515046760364505],[11.528111207480752,45.51507063597228],[11.528155664046185,45.515099229575824],[11.528195453798794,45.51512482198144],[11.528230385580134,45.51514729050986],[11.528264780772659,45.51516941266129],[11.528298197832688,45.51519090657452],[11.528329550410241,45.515211072609326],[11.528359761288758,45.51523050331541],[11.528400781265237,45.51525688751663],[11.528445019310405,45.515285340926404],[11.528497520699307,45.515319108361865],[11.528544756746605,45.51534949000845],[11.528587162424122,45.515376764278386],[11.528624214371224,45.51540059532111],[11.528658168285496,45.51542243458684],[11.528686205437904,45.515440466852944],[11.528721729524051,45.51546331546508],[11.528759399887454,45.51548754412256],[11.528797097990015,45.515511791055694],[11.528840226405395,45.515539530788466],[11.528901832752048,45.51557675355326],[11.528958688461296,45.51560116472019],[11.52901254816092,45.51562428934221],[11.529063082865925,45.51564598619125],[11.529099599486125,45.51566166479679],[11.529144031495994,45.51565944004724],[11.529180478033162,45.515657616331545],[11.529259044409592,45.51565514205009],[11.529439358587998,45.51569847731061],[11.529575922905398,45.51574342622192],[11.529686977768444,45.51577997949894],[11.529843296616697,45.51583143030577],[11.529899255648012,45.515849848933826],[11.530003774346632,45.51586789074412],[11.530114849375554,45.5158870653272],[11.53024492727737,45.515909519031794],[11.530366934788946,45.51593587439369],[11.530568625403337,45.515988668733954],[11.530741824167064,45.51605312719544],[11.530864689564147,45.5160988526172],[11.53100871422996,45.51615245294856],[11.531143976027932,45.516208214166774],[11.53125233964672,45.5162581105466],[11.531407113766338,45.516329376425176],[11.531560501178555,45.5164000040514],[11.53173406962509,45.51647992326787],[11.531867037900861,45.51654114874824],[11.53194592128601,45.51657746910892],[11.532018322865314,45.51661080704499],[11.532098814517601,45.516647867536626],[11.532156911774056,45.51670530758819],[11.532245411080423,45.51678681409157],[11.532327828575697,45.51686246600015],[11.532422094080921,45.51694953865017],[11.532458760560072,45.517032041790486],[11.532471776871073,45.517063305145015],[11.53249503457981,45.51725073364665],[11.53249674779764,45.517299540962505],[11.532502261278967,45.51734022044857],[11.532485533464703,45.51743227924651],[11.532478591408735,45.51749224300188],[11.53246329319348,45.51758192255244],[11.53245889073703,45.51767584481596],[11.532439746268132,45.51786000226242],[11.532423152517614,45.51794997517951],[11.532406558720274,45.518039948094035],[11.53239562093667,45.51808101142794],[11.532382169478813,45.5181315116311],[11.532366729289148,45.51818948018445],[11.532372250216557,45.51826943378649],[11.532377339178243,45.518343129395284],[11.532377956058381,45.51840180029824],[11.53237321015588,45.518482797162015],[11.532356807009519,45.51862788322094],[11.532341387312462,45.518711984656825],[11.532320732256213,45.518806219720915],[11.532294932158086,45.518923926266496],[11.532257477856472,45.51897457363399],[11.532222650355628,45.51902167113485],[11.53214372751299,45.51910534037892],[11.532108905312045,45.519158293942816],[11.531999518600875,45.51921812207681],[11.531903258936277,45.519280068597034],[11.532037447004043,45.519377304228286],[11.532189481279808,45.51948747020335],[11.532258339302922,45.51953736607395],[11.5323402913089,45.51958715056686],[11.532441088102894,45.519648383308294],[11.53252443050518,45.5196990126462],[11.532563137243745,45.519718473383435],[11.532614042170927,45.51965466472443],[11.532703562258428,45.51954245290662],[11.532810362819614,45.51941122051928],[11.532855142314684,45.5193574661364],[11.532936909249424,45.51926192635161],[11.532975923346376,45.51921634156388],[11.533019716130648,45.5191651716654],[11.533042476278561,45.51913857740579],[11.533073376712277,45.51910247271413],[11.533101790354793,45.51906927299191],[11.533136769904962,45.51902840071682],[11.533161316006883,45.519003400530686],[11.533186741228462,45.51897750500914],[11.533237052696697,45.518929852084305],[11.533284066962493,45.51889808121012],[11.533311294245259,45.518880240499435],[11.53335183150981,45.518856298602046],[11.533397203868025,45.518830224106885],[11.53346246346168,45.51880793793408],[11.53351734648754,45.518786963063945],[11.533570291384384,45.518785301069016],[11.53365138658035,45.518789433971094],[11.533694408854583,45.51877219044024],[11.533731453244295,45.5187561534224],[11.53377330380331,45.518726620350115],[11.533814585923285,45.51868879352064],[11.533846174347781,45.51865630625293],[11.53387257457305,45.51862068468184],[11.533892452812088,45.5185920011173],[11.533911058315265,45.51855134442529],[11.533932612457008,45.51850424218954],[11.533945322177042,45.51847351872647],[11.533955904027783,45.51844436730696],[11.533969586173544,45.51840667328636],[11.533981841539111,45.51836985435218],[11.533991424928317,45.51833609124539],[11.53399951492741,45.51830756401303],[11.534009336933346,45.51827292788665],[11.534023685119426,45.51820567875159],[11.534042036530463,45.518088130843495],[11.534036448636078,45.51794752923882],[11.534033852623354,45.51785193051046],[11.534029651757724,45.51769728135474],[11.534026419665526,45.51757825476873],[11.53402324682873,45.517461459177085],[11.534019883481422,45.51733759912493],[11.534016722929785,45.51722124701846],[11.534014387689322,45.51713524323269],[11.534013172467832,45.517090511454214],[11.534011307717307,45.5170218246442],[11.534030122078825,45.51699449685027],[11.534087915014217,45.51691055631555],[11.534164455987499,45.5167993857192],[11.534238584340125,45.51669171881082],[11.534296649494234,45.51660738146848],[11.534379245068623,45.51652521158326],[11.53442761173357,45.51647346791228],[11.534470629913628,45.51642744624864],[11.534517788230874,45.51637699584287],[11.534581009950404,45.516279348020014],[11.534642833479758,45.51617720087116],[11.534683332361906,45.51609209488682],[11.53472691310065,45.51599322684259],[11.53479066646208,45.515804546359],[11.534813143153356,45.515743931464705],[11.53483399257049,45.51568770750802],[11.534856705500436,45.515626453669775],[11.534922639115019,45.51546064279714],[11.53494957475808,45.5153948080425],[11.534972884269623,45.51533783273156],[11.534983266095868,45.51531245987297],[11.535004712548542,45.515260041858234],[11.535038106723425,45.51520530803477],[11.53508319851048,45.51513471344904],[11.535154077288842,45.51504097822091],[11.535217660000065,45.51495689140807],[11.535248159291084,45.514916554517576],[11.535323189460977,45.514849143884916],[11.535384267614534,45.51479426768393],[11.535439290653384,45.51479215270566],[11.535500701733438,45.51478979230414],[11.535551642847954,45.51479157546697],[11.535644330693755,45.514794820275704],[11.535703446119532,45.5147935134962],[11.535772714239911,45.51478294119837],[11.535832384563127,45.51462806501589],[11.535887522607009,45.514487241433635],[11.535930866206233,45.51441214060169],[11.535992230820469,45.51431315422686],[11.536050190112846,45.514224092648654],[11.53608465589291,45.514171131355006],[11.536101260261582,45.51412526919874],[11.536125128786658,45.51405934656933],[11.536139950710416,45.51401840809032],[11.536079849998332,45.5138880179202],[11.536012662166243,45.51374225257981],[11.535949734930378,45.51360573225957],[11.535908619091314,45.51351652948532],[11.535924906672273,45.51345370520764],[11.535938224278523,45.51340234070166],[11.535984596331563,45.51331077676154],[11.536024648731757,45.51323169032485],[11.536076519231068,45.513129270189395],[11.536104581057517,45.513083759274586],[11.536223332519715,45.51292617239293],[11.536279755124943,45.51285129750604],[11.536432708801657,45.512648320442814],[11.53659333345267,45.512435161511334],[11.536774595256322,45.512194614670506],[11.536881141581672,45.51205321883739],[11.537075731218756,45.51202459273509],[11.537129868932052,45.51203904003786],[11.537341427694988,45.512092316900805],[11.537807173280349,45.51219736911893],[11.537895887829896,45.512216690271075],[11.538023199322447,45.51223796073719],[11.53817325879007,45.51225985854163],[11.538314311018555,45.51227960709805],[11.538383221178773,45.51228648651741],[11.538461046264613,45.51229425681054],[11.538556061471082,45.512308371431914],[11.538626535093925,45.512318840745905],[11.538731712142722,45.51233586348077],[11.538862329145335,45.51235700369079],[11.538992754425847,45.51242168352979],[11.53910073003004,45.51247523021891],[11.539219392611848,45.51253407577011],[11.53926775109162,45.51255805782748],[11.539343925955812,45.51259583303348],[11.5394006024866,45.512623939809444],[11.539448163436802,45.51264479088892],[11.539517567056189,45.512671384015384],[11.539582977802828,45.51269644659959],[11.539652685035605,45.512722614330634],[11.53969184487125,45.51273618115922],[11.539734790666676,45.51275105984118],[11.539790515777577,45.51277036545126],[11.539842534182627,45.512784060204325],[11.539896935236326,45.51279664607337],[11.539972982170202,45.51281535002673],[11.54004424362093,45.512833545622605],[11.54010198619091,45.51284280128618],[11.540163064273063,45.512851097876],[11.540204607337127,45.512858985707986],[11.540248905583919,45.51286786896406],[11.540293951086579,45.51287642953148],[11.540340608024877,45.51288509374127],[11.54037691957566,45.51289183685071],[11.540414034204192,45.51289872950061],[11.540464587683957,45.51290811796076],[11.54050071650226,45.512915522189616],[11.540555455088393,45.512927011079874],[11.540613871179477,45.51294340209889],[11.540687073852276,45.51296637336658],[11.540759680570538,45.51299876957258],[11.540791574395456,45.51301300001157],[11.540877372239454,45.513043353600494],[11.540948328112444,45.51306868173299],[11.541036067909314,45.51310039077389],[11.541107778889637,45.513126306883876],[11.54120771767113,45.51316782836],[11.541256629350002,45.51318461785032],[11.54133824730321,45.513212634700125],[11.541475349873721,45.513257946248594],[11.541556324996607,45.513284193203106],[11.541622894917278,45.51330493880628],[11.541689516815577,45.5133257003157],[11.541768533170206,45.51335032459736],[11.54184394238452,45.5133783173034],[11.541890881517272,45.513397835519505],[11.541976705774838,45.513433523641055],[11.54205457099573,45.51347842979988],[11.542101356135923,45.51350541070507],[11.542211433546214,45.513568894540974],[11.542286120747434,45.5136119666467],[11.542368228874393,45.51367362666434],[11.542491477556952,45.51376618171222],[11.542569694151824,45.513824918233446],[11.54263270728624,45.51387987615376],[11.542683302570785,45.51392400307215],[11.542755528726321,45.5139869945718],[11.542821836610875,45.51404482511165],[11.542885583206756,45.51410042184503],[11.542927038443674,45.5141327238651],[11.542956289389519,45.514158170534216],[11.543012575431632,45.51419637192426],[11.543070541044782,45.51422848792234],[11.543109836988917,45.51425025969461],[11.54315225883428,45.51427073854377],[11.54321835982658,45.51429558473418],[11.543264113782133,45.51431278305811],[11.543311513928117,45.514330599079734],[11.543357384034854,45.51434565787879],[11.543392118815213,45.51435621928787],[11.54343644663696,45.51436969759053],[11.543507326011298,45.514391248902555],[11.543582056960194,45.51441397182798],[11.543675443123416,45.514442366577775],[11.543760691518408,45.51446828721357],[11.543835222734696,45.51449094871439],[11.54394274302407,45.51452364052983],[11.544000832810092,45.51454290128494],[11.544045444480808,45.51456292414356],[11.54410345712824,45.51458896271548],[11.544150959487693,45.51461028390165],[11.544217653084377,45.51464021822034],[11.544251921834537,45.51465559912803],[11.544293364089803,45.51468295834607],[11.544342229190976,45.514715218017685],[11.54438760791044,45.51474517544114],[11.544444854006628,45.514782968569705],[11.544512684269494,45.5148288447184],[11.544571462057212,45.51487746006395],[11.544600369374516,45.5149018482196],[11.54466200777577,45.514953846336766],[11.544717586054034,45.515016196841536],[11.5447690809346,45.51507396489065],[11.544886148140165,45.51504463943379],[11.545008046373345,45.51501410349906],[11.545042411395062,45.515005494560356],[11.545111519270593,45.51491970381743],[11.545235765209688,45.51454110580409],[11.54526932202349,45.51444479391428],[11.545292541732207,45.51437491246985],[11.545313705161014,45.514311217529524],[11.545339038511058,45.51423497726158],[11.545355230599023,45.514186244341104],[11.545359593573423,45.51414525342275],[11.545363814572646,45.514105599656794],[11.545370217311232,45.51404545627592],[11.545369905157148,45.51399082647031],[11.545368552985227,45.513945213015646],[11.545366010480462,45.513859418359615],[11.545362837756667,45.513752329964255],[11.545359332646074,45.51363406940932],[11.545368988873536,45.513589939638955],[11.545382304701478,45.51353810149764],[11.5453951995733,45.51350772635227],[11.545410358269967,45.513472021486436],[11.54544201186154,45.51341564556854],[11.545529869009789,45.51334959121062],[11.545572649614332,45.513317427172154],[11.545601382681273,45.51329953552785],[11.545699045638635,45.51326167036457],[11.545744016671236,45.513244234789525],[11.545993133502357,45.513147649304294],[11.54625752838068,45.5130514029924],[11.546383126967118,45.51300674286648],[11.546516733060372,45.512959235101434],[11.546622689380923,45.512921559494245],[11.546678448431386,45.51290173248535],[11.546794765339778,45.5128754201149],[11.546901686075103,45.51285123363004],[11.54697458491965,45.51283474339709],[11.54708406818619,45.51283811634755],[11.547236610915478,45.51284281561078],[11.547449865937384,45.51284938591606],[11.547605319006527,45.51285417456213],[11.547762469664985,45.512865511334454],[11.547817671313567,45.51286275360469],[11.547971098401078,45.51276752530976],[11.548201104220691,45.51262476649773],[11.54872627570833,45.512298801004476],[11.549127206763599,45.51204994530814],[11.549408286799128,45.511875478833836],[11.549778363801087,45.5116457687745],[11.550172874611292,45.51140088821263],[11.550423020881306,45.51124561685775],[11.550562851649062,45.511158820553746],[11.550534489790204,45.5110826959274],[11.55051040149686,45.51101804424066],[11.550515642560562,45.51089439554893],[11.55052676205081,45.51066618640853],[11.550542386678085,45.51047933464353],[11.550551920464661,45.51031501411293],[11.550559615583976,45.510189438312665],[11.550567726397476,45.510081643329016],[11.550600459097536,45.50995984401889],[11.550621738424212,45.50991190757999],[11.550660994892283,45.50982347511072],[11.550766087299463,45.50967476627672],[11.550854230727747,45.50955435711216],[11.550907719259568,45.509488284329166],[11.550954464944242,45.50943054075141],[11.551008201584132,45.50936106889705],[11.551065050965008,45.50928314457306],[11.551160888216566,45.50914885339381],[11.551230000823868,45.50904944883284],[11.551293302064536,45.508940153894365],[11.551358131323946,45.50882821890021],[11.551445457069494,45.50873437768441],[11.55150223381041,45.5086733636447],[11.55152844105803,45.50864520068897],[11.551661426368952,45.508539886468924],[11.551793391928086,45.5084523192893],[11.551885213102636,45.508393176154584],[11.552018049588643,45.508312738953],[11.552082663971841,45.50826112675663],[11.552309982175666,45.50807954943772],[11.55251612805883,45.50791488319674],[11.552747131581796,45.507730360187054],[11.552686058310295,45.507690500967584],[11.552681874163916,45.50766026024508],[11.552695171750221,45.507600466283904],[11.552713081778458,45.50757189180496],[11.552768226386798,45.50752313284699],[11.55284231767553,45.50751123163039],[11.552965470533865,45.50749144980756],[11.553001381207874,45.50747066837429],[11.553095406916514,45.50741625912798],[11.553274022979402,45.50731007098069],[11.553395915112741,45.5072332344206],[11.553527048110942,45.50715359145426],[11.553659410361284,45.50707781118759],[11.553835552117187,45.50697294758378],[11.553913588021363,45.50692735567016],[11.554035256617418,45.5068571582605],[11.554100353669199,45.50679784432081],[11.554151315571936,45.506751408785924],[11.554236271377922,45.50665738979257],[11.554285046920075,45.50660340964259],[11.554361347502104,45.50652022912469],[11.554407528592682,45.506469883181026],[11.554457354636043,45.506378507060745],[11.55448707775702,45.50632399542159],[11.554496738680747,45.50626365972786],[11.554514125113066,45.506155069950076],[11.554521220986375,45.50610475516257],[11.554530503673208,45.50603894885251],[11.554543065015533,45.506000555462975],[11.554552544959812,45.505971577950255],[11.554597984122795,45.50591738248052],[11.554671449094931,45.505829760064195],[11.554782757419137,45.50575233253833],[11.554853817509077,45.50570774580964],[11.55498128570385,45.50564075614998],[11.555161876443222,45.50554173983744],[11.55536060210823,45.50542802416381],[11.55548851150194,45.50535700858843],[11.555545169344747,45.505188332708606],[11.55555803474563,45.505150029608934],[11.555592859870414,45.50504634920239],[11.555605676654604,45.50500818940506],[11.555659407522898,45.50484822111111],[11.55568130281049,45.50478303605592],[11.555693252162163,45.50474746193091],[11.555714596880419,45.50470152852177],[11.555728342579954,45.50465171466284],[11.555721576561956,45.50460686066145],[11.555679023731022,45.50452707998714],[11.555642651806934,45.50446956059751],[11.555613271658615,45.50441859692145],[11.55558360618888,45.504372809058],[11.5555421345332,45.50429354600286],[11.555501835857546,45.50421652319468],[11.555477366914614,45.50416975574919],[11.55541293469447,45.504046609641165],[11.555464096510493,45.50403568356136],[11.555546488806467,45.50401721554685],[11.555684199072298,45.50398634835286],[11.555817794547837,45.50395640393632],[11.555887045288042,45.503942317380925],[11.55586415032047,45.50390583293961],[11.555805490048812,45.50378561195104],[11.555735276773543,45.50363713443666],[11.555688304265637,45.503612193972955],[11.555599910022288,45.50356525905743],[11.555468771471764,45.5034927001812],[11.555404402710913,45.50344623452044],[11.555218527768638,45.50331206001866],[11.5550789664238,45.503088212121376],[11.554963504181732,45.50290301533968],[11.554918072859573,45.50283014516124],[11.554692183786935,45.50246782511367],[11.554392932003699,45.501987823472575],[11.554295061073683,45.5018308366202],[11.554179946474592,45.501646189316546],[11.554095051932348,45.50151001454294],[11.55400716011243,45.50136903256931],[11.553990283148767,45.50134195985574],[11.553965707606174,45.50130253949823],[11.5539239695937,45.50123559013319],[11.553905766343817,45.50120638947207],[11.553888636923002,45.50117891193257],[11.553870102611905,45.5011491830959],[11.553844256750107,45.50110629503353],[11.553801322225423,45.501002534649835],[11.553757948292775,45.50089771562655],[11.553725130213065,45.50081840680708],[11.553716081985145,45.5007560188165],[11.553707456291736,45.50069654768874],[11.553697472526178,45.500627710503394],[11.553695917415824,45.50052061294569],[11.553694490952015,45.50042238597146],[11.5536927684868,45.500303721907414],[11.553691525852473,45.50021816012146],[11.553658110367833,45.500113097571074],[11.553618064723054,45.49998718153438],[11.553559398236082,45.49980272272106],[11.553481812242042,45.499558769142176],[11.553464916179514,45.49950564526048],[11.55340323193632,45.499311691795036],[11.55331644527603,45.49903880583427],[11.553259022260708,45.49885824809029],[11.553130048212486,45.498452702203195],[11.553086170518874,45.49831473252637],[11.55303791447894,45.49813065806011],[11.553071883444751,45.49801997016645],[11.553104653122155,45.49791319133724],[11.55312644441334,45.49784218340382],[11.553189596331478,45.497623053291896],[11.553140638732073,45.49738954958419],[11.553064789521159,45.49720703287572],[11.55304226264043,45.49715282597495],[11.552994596888109,45.49704936997408],[11.552961417900407,45.49699175036195],[11.552925512412152,45.49695059745755],[11.552865960501945,45.496887678070465],[11.552826300433853,45.49685805873411],[11.552786220446116,45.49682812472809],[11.552737097167054,45.496791437641846],[11.552679986286199,45.49674878397244],[11.55261789181528,45.49670356112983],[11.552556536325229,45.4966650276871],[11.55246742774624,45.496609065388206],[11.552413517838557,45.496577159557205],[11.552313549824335,45.49652782995903],[11.552216242084622,45.49647981259183],[11.552143095481261,45.49644371815636],[11.552046022387971,45.496395816914884],[11.551985071916612,45.49636467046569],[11.551932159548803,45.49633729495633],[11.551967429666792,45.49631511582892],[11.552008306152189,45.496292690739004],[11.55206577617997,45.496260175977724],[11.552264005333956,45.496147369561065],[11.552493651840116,45.49601851941735],[11.552625880058073,45.49594432743668],[11.552725977203956,45.49588816419675],[11.552835080174928,45.49582694867805],[11.552891810808834,45.49579834128894],[11.55310234769562,45.4956921792501],[11.553253411823478,45.49561600624114],[11.55336745415841,45.49555849987899],[11.553501731922003,45.49549079056636],[11.553591013307498,45.49544576995689],[11.553764314253009,45.495356214392864],[11.553915222168762,45.49527767395762],[11.553982830068112,45.49524248756444],[11.554101582177617,45.495177200593574],[11.554230705507106,45.495106212257554],[11.554100285230597,45.49495731824358],[11.554000508810857,45.494842076594715],[11.553904447479056,45.49472630797815],[11.553842526982804,45.4946453431824],[11.553817568557578,45.49462441006904],[11.55362007391574,45.49445875962617],[11.553204985495972,45.49411429820013],[11.552659741242069,45.493712586582554],[11.552626761810389,45.49367730448623],[11.552571925361155,45.493618640600694],[11.55250299772874,45.49356084984958],[11.5523924930368,45.49346820046304],[11.552078389979977,45.49320484595646],[11.551869654520074,45.493041742688625],[11.551735299123752,45.49291945620408],[11.55163542285998,45.49282855057951],[11.551590375166324,45.49277000046024],[11.551399212161428,45.49252007944604],[11.551319640895015,45.49243270098409],[11.551283433743258,45.4923401911137],[11.551158417815245,45.492086013515134],[11.55099949498359,45.4917575344199],[11.55088771295437,45.49151017088809],[11.550789147311768,45.491292051459325],[11.550650357946216,45.49098318853945],[11.55025349179701,45.49010268529912],[11.550102371811091,45.48977143547683],[11.550030771014143,45.48961448795351],[11.549945629524396,45.489457907660636],[11.54981755315511,45.48922236383179],[11.549669816436415,45.48890910522772],[11.549567352253858,45.488691837754644],[11.549444251629422,45.48840910467498],[11.550294897459194,45.48838882013684],[11.551593987385147,45.48835783131594],[11.552946705538204,45.48832877070988],[11.553758846041067,45.48831686814069],[11.55463843653123,45.4883052443061],[11.55547753679255,45.48829745274032],[11.555530136704556,45.48822803548017],[11.555595238176977,45.4881048580132],[11.555688329622521,45.48792871762421],[11.555733100374306,45.487849135756136],[11.555792868793157,45.48770503973557],[11.555835722894178,45.48759156674426],[11.555893237119575,45.48743725965593],[11.555971323987565,45.487282311876456],[11.556040105469133,45.48718473064346],[11.556129983423881,45.48709522730997],[11.556210083009574,45.48702718593353],[11.5564624355784,45.48683494147101],[11.556781945519882,45.48660257851631],[11.557006572864363,45.48640573396102],[11.557106416220744,45.48630745538867],[11.55730510036807,45.48608877813931],[11.557410932116891,45.486077586836544],[11.55749275351927,45.486064592127654],[11.557730718333291,45.48602955802688],[11.557839181362466,45.48600300515969],[11.557964979056493,45.48598301455672],[11.558053238957465,45.48596941430368],[11.55816658041792,45.48596338638441],[11.558220518193638,45.4859630660593],[11.558299482324557,45.48596463409764],[11.558343377504164,45.485965506419085],[11.55839719649888,45.48596733818291],[11.558543532573648,45.485979606360424],[11.558620316560294,45.48598838627519],[11.558697082549143,45.48599716384127],[11.558745566819443,45.48600625934791],[11.558792179729714,45.486016134887805],[11.55884187808984,45.48602666315005],[11.558878342824444,45.48603506128783],[11.558925548993626,45.48604647799915],[11.558971902545785,45.48605768877148],[11.559023063778694,45.486070479493044],[11.559090924138072,45.48609040111552],[11.559151055052968,45.48610870742241],[11.559203998541891,45.48612832339862],[11.559280364909542,45.486157250839845],[11.559319992064601,45.48617226140104],[11.559360276917534,45.48618927529405],[11.559395185348857,45.48620503521749],[11.559435281488856,45.48622313617139],[11.559503991780725,45.486251046947906],[11.55956786941381,45.48627699484279],[11.559620921310056,45.48629854437397],[11.55965072273893,45.48631297852353],[11.559682550813662,45.48632839246943],[11.5597173908589,45.48634526548799],[11.559758462866444,45.48636515730739],[11.559791272323753,45.48638104698838],[11.559852701766541,45.486410796863005],[11.55990727168154,45.48643813606049],[11.559947396539325,45.4864706976779],[11.559962922461633,45.48649685922737],[11.559973433279056,45.486526859780255],[11.559983105305017,45.48656486509559],[11.559994824951596,45.4866161140086],[11.560002019054075,45.48665128547449],[11.560006124246812,45.48667686331693],[11.560024710200604,45.48679266768208],[11.560033883646199,45.48684982363539],[11.560041817652081,45.48689925636498],[11.56004499340735,45.486932758189596],[11.560044424800386,45.48698288927413],[11.560039695723306,45.48702155419438],[11.560030458082084,45.48705346753559],[11.560016498999966,45.487085903519734],[11.560002635901535,45.48711811411728],[11.559986497905529,45.487155613585266],[11.559971029187382,45.48719249225431],[11.55995723221145,45.487231837592546],[11.559943175803182,45.48727192505298],[11.55988370757388,45.48744151541251],[11.559870636975702,45.48747879125365],[11.559859933685551,45.48752117445115],[11.559853517625543,45.48755407585404],[11.559847620056857,45.48760798816132],[11.559856357495027,45.487693612403596],[11.559863584954341,45.48773711292608],[11.559870035809217,45.48777593038526],[11.559877863037542,45.48782303507826],[11.559885758863047,45.487848924873475],[11.559897035286085,45.487879209802635],[11.559908777999523,45.48791074715602],[11.559919130622553,45.48793855043836],[11.559934183928968,45.48797897974058],[11.559968180478863,45.488055254055745],[11.559988985015414,45.48809486667562],[11.560007317861977,45.48811786611893],[11.56002916273808,45.488142993015785],[11.560055048977945,45.48816826060838],[11.560082378559771,45.48819493513316],[11.560118124980406,45.48822982629873],[11.560151998182894,45.48826288809447],[11.560178995847549,45.48828923969216],[11.560209610111588,45.48831912149159],[11.56024189274254,45.488350631104446],[11.560270055392243,45.48837811951954],[11.560292665313609,45.48840018766813],[11.560311688869596,45.48842362613558],[11.560336363408227,45.488454029976616],[11.560354786535314,45.48847672849513],[11.5603775783278,45.48850481081466],[11.560396025927243,45.48852754028201],[11.560417044836694,45.488553438137714],[11.560436818416493,45.48858359453152],[11.560453318854387,45.488611078042474],[11.56046605772367,45.48864160014879],[11.560477806981654,45.48867615002777],[11.560489897860004,45.488729496851974],[11.560495452135363,45.488775623631355],[11.56049875466303,45.48880717020994],[11.560502166926995,45.48883975397665],[11.560505773207657,45.4888741894586],[11.560505742829248,45.48889971331654],[11.560504717540615,45.488932507334624],[11.560502845192927,45.48899242955702],[11.560501094556455,45.489048459588695],[11.560500201844329,45.48907700832131],[11.560494571358145,45.48914538064335],[11.56048943563041,45.48920772990116],[11.560482785599163,45.48928847486824],[11.560474899620917,45.489351669825545],[11.560468105125464,45.48940611174308],[11.560458031781877,45.48948682997651],[11.560451874180321,45.48952974674944],[11.560435650327864,45.48961207464641],[11.56042278988376,45.48967733085374],[11.560410850480949,45.489737921731994],[11.560399164515152,45.48977483171667],[11.56037797294862,45.48983520885039],[11.56037104159816,45.48987599346206],[11.560369569198626,45.4899131820336],[11.56036866882461,45.48994387774243],[11.560369509490053,45.48997811421616],[11.560371301642226,45.490007339930735],[11.560373314566164,45.490040164812015],[11.560375283290426,45.490072268780594],[11.56037971638163,45.49012584317207],[11.560395006605676,45.49020114260511],[11.560403171903936,45.49024134557205],[11.560411595339161,45.49027564059926],[11.560422360897968,45.490316120089915],[11.560430785811594,45.49034779390518],[11.560434359479821,45.49040044783396],[11.560433349752099,45.490438835799985],[11.560431030094248,45.490484405575835],[11.5604245343752,45.490627719561914],[11.56042246780348,45.49071161387133],[11.560421349613861,45.490757009075516],[11.560420398356538,45.49079564236348],[11.56041934159473,45.49083855363237],[11.560417524957142,45.49091232307851],[11.56041762107539,45.49095446768156],[11.560419191304755,45.49100578124345],[11.560421114292339,45.491068657155836],[11.56042273054533,45.49112149360361],[11.560424194212567,45.49116935575797],[11.560427534082372,45.491278525046184],[11.560429915828962,45.491356401223236],[11.560430796386292,45.491385192812714],[11.560433583425908,45.49142571713227],[11.56043637696809,45.491466356522224],[11.560439371655619,45.491509907819264],[11.560441913566315,45.491546888426164],[11.560445891387452,45.49160472702684],[11.560447047620666,45.491642053758895],[11.560441270512984,45.49173869610249],[11.56043928229262,45.49178564823569],[11.560438435213054,45.491893642244015],[11.560438264471411,45.49192154558066],[11.560439847325224,45.49194866427748],[11.560447880018234,45.49198946339103],[11.560449280579121,45.49202190413993],[11.5604483332716,45.49205184568452],[11.560447340799916,45.49208321854742],[11.560443904353052,45.49211036791366],[11.56044099447659,45.49213981610065],[11.560439295041451,45.492199798325615],[11.560443298273155,45.49225207085208],[11.560446807784277,45.49228445079458],[11.560453883523722,45.49231337346197],[11.560458627965065,45.49234470675823],[11.560461237983036,45.492375623462465],[11.560465212530742,45.49241605723074],[11.560465844646703,45.492447017398696],[11.560464552711387,45.49248499492403],[11.56045667045957,45.492593325846],[11.560450886204007,45.49264975956689],[11.56044218377705,45.49270734699713],[11.5604356060642,45.492749330737226],[11.560414626132374,45.492815383819895],[11.560382723076776,45.492921861860985],[11.560369099239729,45.492979864810515],[11.560368535931728,45.493023892859725],[11.560392442600001,45.493079793848366],[11.560644853211318,45.49309408353263],[11.560989510060024,45.4931116625608],[11.561500724529624,45.49312703259487],[11.561795958602476,45.49313508044811],[11.562449782496097,45.493173874269885],[11.563431279556163,45.4932246350662],[11.564573808038867,45.493284871175746],[11.565248036791274,45.493320155298385],[11.565653381603251,45.49333435905116],[11.565863402642629,45.49334518646824],[11.566212266261644,45.4933786612485],[11.56685445381545,45.4934502931787],[11.567040672648378,45.493469980736016],[11.56719622504383,45.49348642588653],[11.56750370153589,45.493513175464855],[11.567688046778894,45.49357059791352],[11.567758006553735,45.49358927627102],[11.56795644153793,45.493605823331905],[11.568067510827467,45.49361084077895],[11.568173241518169,45.49362386965569],[11.56829778999792,45.493636676689874],[11.568499903104264,45.49365746157212],[11.56859916671739,45.493668179113264],[11.568641797851294,45.4936782662343],[11.568595647865264,45.49385048043472],[11.568504127583646,45.49410813318102],[11.568396962109448,45.49436658791875],[11.568330821340696,45.494512959006215],[11.568340981084901,45.49454360394824],[11.56830207868167,45.494628645772565],[11.56818922858089,45.49487533478671],[11.568086080605289,45.4950902603943],[11.568011116849702,45.49523935102975],[11.567960998075907,45.49531995088044],[11.567891531912819,45.49541483621418],[11.567853731277694,45.49546646730846],[11.567786247537123,45.495533242862706],[11.567624263014853,45.495691885944716],[11.567480351929154,45.49581654838954],[11.567199856182832,45.49605879857369],[11.5670436115688,45.496193205382106],[11.56688898716411,45.49632621724651],[11.566787627973813,45.49641038020562],[11.566694894552032,45.49649317985993],[11.566640494467498,45.49654960250477],[11.566571894554647,45.496630315714214],[11.566514898995523,45.49670623223288],[11.566452703208373,45.49680493267763],[11.566408165374193,45.49689792534225],[11.56639155374092,45.49698299911557],[11.56638434947326,45.497049769704496],[11.566389852404253,45.49711454346692],[11.566401883897912,45.497153967750776],[11.566451860954297,45.49725104639565],[11.566492707409228,45.49732681632382],[11.566552639385293,45.497437984953656],[11.566608520269076,45.49752797369454],[11.566617675268132,45.497573519593516],[11.566644661773225,45.49767840160372],[11.566663835507317,45.49779778031681],[11.566665855322098,45.49792692405927],[11.566665122584135,45.498109657634096],[11.56664994087856,45.49839848388076],[11.566638574191826,45.49866345374341],[11.566648570243757,45.49892893341627],[11.566662953895918,45.49898029988854],[11.566682185716468,45.49904897213567],[11.566683938319855,45.49908754913979],[11.566685704347487,45.49912639317999],[11.566708498464994,45.49917448670036],[11.566764011076883,45.499253964724225],[11.566798992835777,45.49930404800757],[11.566846353483628,45.49934374718928],[11.566916224218065,45.499402314545364],[11.567010093484127,45.49944241704248],[11.567142062551008,45.49950320363673],[11.567239235035002,45.49954573851819],[11.567295728963083,45.49957398410672],[11.56739677740721,45.49964832143244],[11.567829870386285,45.49960825653989],[11.568786012024477,45.49949578756977],[11.569874078147452,45.499367791126126],[11.569952331592047,45.49935858536495],[11.569995959726995,45.49939890734695],[11.570056819560342,45.499455155286846],[11.570120564653386,45.49951815220577],[11.57021086735822,45.499598841747506],[11.57027463484394,45.49965124626407],[11.57030455987797,45.49967051031542],[11.570361825045532,45.49971085094806],[11.570405344979239,45.499747406370524],[11.570460152221113,45.499798558832985],[11.57054243773333,45.49988983952155],[11.570614264995438,45.49996951716985],[11.570698711942502,45.50007126076975],[11.570791885682315,45.50018597845315],[11.570996854233739,45.50043834172884],[11.57111088255038,45.50057873548015],[11.571183802711309,45.50066851549099],[11.57122242708153,45.500716068816224],[11.571272234687092,45.5007587264686],[11.571371443902512,45.500843694401894],[11.571445260613809,45.500906914665684],[11.57149733626907,45.500928964899195],[11.571536307185648,45.50093870762353],[11.571591203683846,45.50094962269148],[11.571634417535387,45.5009450279704],[11.571700752876598,45.50093797436922],[11.571772769820448,45.500848618218285],[11.5718146638747,45.50078403800931],[11.571904473532776,45.500593757283696],[11.571968350748826,45.50045083683096],[11.572004098167543,45.50036452101764],[11.57202194785041,45.50023936375493],[11.572083345305856,45.50007830030657],[11.572095607053564,45.500049238821674],[11.57219193722841,45.499820942526455],[11.572324741456542,45.499586531490486],[11.572416643860404,45.49941051161108],[11.57251483612063,45.49917683799762],[11.572600647053024,45.49904600846605],[11.572772629838697,45.498812797730636],[11.572882858669084,45.498666462914095],[11.572951925062355,45.49856706404406],[11.572937814803728,45.49845963938837],[11.57301651073001,45.498462006203226],[11.57320005778652,45.498473351122136],[11.573342126462997,45.49847887982855],[11.573579151607284,45.49845642042011],[11.573859832672904,45.498346325319815],[11.574358986291275,45.49814379679051],[11.574533367793551,45.49804522092095],[11.57478172809693,45.49790482504063],[11.574907282309466,45.49772708362954],[11.575323647227231,45.49714154929487],[11.575434094514037,45.49698702847106],[11.575601176711192,45.4966880228176],[11.575797391587518,45.496154306229506],[11.575833561243263,45.4960833187265],[11.57587698757544,45.49592614304073],[11.57590648145596,45.49583620001419],[11.575959094706109,45.49572699998896],[11.576003963230473,45.49565847871131],[11.576081023559155,45.49555772733586],[11.576101552437706,45.49551675915591],[11.576174320790267,45.49541451764494],[11.576195330753052,45.495380224748615],[11.576282668389767,45.495278643608884],[11.576354457592089,45.495169009714175],[11.576517830395243,45.49496279784724],[11.576567428373844,45.49489417049227],[11.576702852833725,45.494706590856914],[11.576768215204401,45.49460830656772],[11.57684190382734,45.49449192621716],[11.576924404009992,45.49437304977261],[11.577008586486373,45.49421813012119],[11.577102434953893,45.49406749373213],[11.577215481379165,45.49388041866505],[11.577290464695633,45.493770712043556],[11.577407633444318,45.493637551460886],[11.577433164125546,45.4936089026806],[11.577481113471048,45.49352226364546],[11.577763858170265,45.49312050004621],[11.577863892519494,45.49301517354733],[11.577963934557955,45.492927403808245],[11.578028073581242,45.492826942879745],[11.578082342196476,45.49271770443858],[11.578114108870977,45.49260897327328],[11.578161691204746,45.4924233756986],[11.578190056100933,45.49231022159015],[11.578223387138937,45.49223295868648],[11.578280721959983,45.49212365088847],[11.578326954713035,45.491978588639924],[11.57834367887966,45.49182069183577],[11.578344892730762,45.4916027493649],[11.578360205577932,45.49154248727331],[11.578377496000899,45.491494677009825],[11.578397442793673,45.49145243435315],[11.57841521108658,45.49140612190664],[11.578428214631051,45.49135972445346],[11.578448205216354,45.491313453618226],[11.578469208075294,45.491273460820956],[11.578490870808901,45.49122650681435],[11.57851568344462,45.49117322665186],[11.578533216880713,45.49113682541615],[11.57855241362694,45.49110038750573],[11.57856935404295,45.491074514973505],[11.578598695299654,45.491035071002365],[11.578624194722234,45.49099075319351],[11.578640067347777,45.49095439035696],[11.578666541402146,45.49089801038794],[11.578687665995579,45.49085780326748],[11.578707236324979,45.49081469683113],[11.578726426804414,45.49075621035576],[11.578751479893397,45.49069534111398],[11.578770548513509,45.49065890605878],[11.57878488680807,45.49062257786166],[11.578797485620354,45.49058178831056],[11.57880995656987,45.490541001646356],[11.578820893354019,45.4905002496389],[11.578833492116717,45.49045946008419],[11.57884762538373,45.49042783608695],[11.578868148833829,45.49037766637345],[11.57888547781627,45.490336769949714],[11.578903217415165,45.49030486554351],[11.578920751673294,45.49026846512494],[11.578935445205806,45.49023268966204],[11.578961853684628,45.49018528359274],[11.578977879213678,45.490154660077884],[11.578995129958034,45.49012982011737],[11.579024489619984,45.490089562797856],[11.579043821269245,45.49006124902233],[11.579066663168089,45.49002354499382],[11.57909094383149,45.48998128080134],[11.579106551909424,45.48995482979913],[11.579125387449105,45.48992389343839],[11.57914362137555,45.489894383870876],[11.579163011165665,45.489872781928355],[11.579183735892137,45.48984613969842],[11.579209408894627,45.48981147172033],[11.57923175926327,45.48978130744846],[11.579247661718055,45.48975701728725],[11.579274057951103,45.489717114900564],[11.579291558688427,45.489681138240044],[11.579307215733678,45.48965195240854],[11.579333926184963,45.48961282332004],[11.579351720724949,45.4895836449923],[11.57938353518935,45.48954119070007],[11.579404635933312,45.48951494048985],[11.579432768769227,45.48947980551753],[11.579464307258187,45.48944291123906],[11.579516434754638,45.489395183105536],[11.579554107046622,45.48936375350331],[11.579592352139773,45.489335535209456],[11.579622421377243,45.48931026956069],[11.579661027698132,45.489275532441404],[11.579695813250096,45.489241536947866],[11.57973722080515,45.48919606905925],[11.57976320095029,45.48916528077236],[11.579787536373779,45.48914101508495],[11.57981531575796,45.489115829038056],[11.579853154934474,45.48908114069439],[11.579880952573458,45.48904996835506],[11.579900879270348,45.48902699315342],[11.579924726843357,45.48900132345768],[11.579985867119701,45.488924861793684],[11.580180669726571,45.488750310888946],[11.580298028286817,45.488621642688265],[11.580428248008642,45.488497184286054],[11.580515083354989,45.48840071038284],[11.580638908795851,45.48827639628379],[11.580720680031082,45.48817553515465],[11.580833178280615,45.488046976271356],[11.580936088051242,45.48791863406658],[11.581043855258514,45.48779018193697],[11.581156146548476,45.48765712675611],[11.581274829254927,45.48752392693549],[11.581338751138274,45.48741896921915],[11.581448684958264,45.48726796444982],[11.581531987395156,45.487167068095566],[11.581594896665246,45.48710713873636],[11.581676664561266,45.487006276978015],[11.581738115860032,45.4869508811626],[11.581878326170875,45.48683519551702],[11.58195575671119,45.48677943816474],[11.582072172298094,45.486700295685246],[11.582115140646566,45.48665156824321],[11.582217547457791,45.48653543299381],[11.582319968495657,45.48641928202617],[11.582456857684337,45.48626404075393],[11.582588952008992,45.48610803376668],[11.582649784647733,45.486039148593875],[11.582711233957927,45.48598375228991],[11.582762576178117,45.48593084395945],[11.582783751890247,45.485895857447865],[11.582804753819715,45.4858601214551],[11.582810563362399,45.485823039658996],[11.5828146602283,45.48579688909056],[11.582851565720059,45.48575885617108],[11.582905517311806,45.48570058516563],[11.582951026917305,45.48565272523373],[11.582991793577635,45.48561285864712],[11.583094482810152,45.48552606134937],[11.583210470535219,45.485427888715165],[11.583274703178478,45.48536342691227],[11.583381439906427,45.48526579200026],[11.583426064996809,45.48522507642486],[11.583472328689957,45.485184935835676],[11.583508468102055,45.48515509952245],[11.583556199346328,45.485114061559614],[11.58361241333107,45.485065581935466],[11.583677055583863,45.48500891836247],[11.583732827529285,45.48495995541162],[11.583779314771574,45.484921745816756],[11.58381770316739,45.48489590278532],[11.583867122242383,45.484861279521674],[11.583913578196874,45.4848280960079],[11.583971250102737,45.484791665654306],[11.584017146428737,45.48477369166828],[11.584063491053083,45.48475941965358],[11.584108213138709,45.484752001938276],[11.58418378922434,45.48474630078202],[11.584238656622764,45.48475653803602],[11.584281324648698,45.48474657077763],[11.58433813837976,45.484752304674394],[11.584405653803472,45.484762345515335],[11.584462112376574,45.48478769583303],[11.584468787590202,45.48486727195659],[11.584471890749075,45.4849443185744],[11.584485937587985,45.485013089154876],[11.584506159925242,45.48510895515995],[11.584525880359235,45.48520243637668],[11.58458886010053,45.48522411317273],[11.584729770750052,45.485246064171506],[11.585066579620763,45.48529852913845],[11.585203765817775,45.485319898698485],[11.585371381850342,45.485346008492094],[11.585631827433508,45.48538657690844],[11.585739745835513,45.48534799307897],[11.58612174224465,45.48521141570143],[11.586408957551496,45.4851087249976],[11.586629198364655,45.4850349475733],[11.586723414572436,45.48502504000634],[11.586809589956538,45.4850146133747],[11.586894485519682,45.48499677970339],[11.586937347090625,45.48498777560528],[11.587030107582503,45.48495980635198],[11.587067101889541,45.48494865064422],[11.5871330869876,45.48488662860246],[11.587216159213993,45.48480854617558],[11.587307765080816,45.48471459449515],[11.587423136154786,45.48460812782987],[11.587519279186502,45.48452309154201],[11.58759126764189,45.484429343968785],[11.587693170379003,45.484296641975895],[11.587740505921465,45.4842346192787],[11.587788624924196,45.4841715724544],[11.587833683601536,45.48411253395873],[11.587956642988207,45.484073201979264],[11.58805831116484,45.48406351681756],[11.588312187656157,45.484035629097505],[11.58844704596076,45.48401581885878],[11.588582803094635,45.483969468429905],[11.588684536055611,45.48393473420586],[11.588813657005229,45.483882779459094],[11.588946250543907,45.483829427116056],[11.589180935727024,45.48371350877618],[11.589475686613373,45.483567920091154],[11.589747062161088,45.483433040536056],[11.589925107092636,45.483341345468446],[11.590099153628397,45.48325170853085],[11.590240173466833,45.48317907801074],[11.590224243390344,45.48325011864832],[11.590134189418121,45.483658543145175],[11.589851591896178,45.484206614942586],[11.589726132989849,45.48444901302045],[11.589711112222515,45.4844782542841],[11.589205557544918,45.48489477763744],[11.589152637325913,45.48512523940615],[11.589122926716264,45.48524922126213],[11.589077819039037,45.48544056254125],[11.589279890156156,45.48581775508247],[11.589328837858421,45.48590912149372],[11.58945190327372,45.48594659273303],[11.589527510290392,45.48596925854332],[11.590016663996268,45.486118548965955],[11.590673153691014,45.48620266522423],[11.590752884879816,45.48626308080342],[11.590908540940747,45.48638241035589],[11.590520583612674,45.48706124518765],[11.589938960918593,45.487922026156305],[11.589898118683026,45.487983780894815],[11.589560803165226,45.488567935296295],[11.589512933604905,45.488650885345855],[11.589482623799698,45.488705018135086],[11.589158889340526,45.48945946392698],[11.58894898114958,45.48986961001189],[11.588865255418789,45.49003320099642],[11.588573980774244,45.490614838205545],[11.588536973141741,45.49068873463781],[11.588334692780052,45.49106822365103],[11.588216576925603,45.49128626413383],[11.588170138522129,45.49137121002783],[11.587973184208984,45.49179066757488],[11.58767995004189,45.492094355256654],[11.587181318094245,45.4926637342141],[11.586815112304071,45.49285914334564],[11.586488749060072,45.49303328941102],[11.586150000000254,45.49329878123317],[11.585675646061343,45.4936705444474],[11.58524806884449,45.4939627307264],[11.585080744334979,45.49407725936579],[11.584771011725298,45.49420456548634],[11.584620191926923,45.494267032502435],[11.584567792377953,45.49428879766708],[11.584477779524244,45.494325507724405],[11.584277714046115,45.494549945920305],[11.584066852583442,45.49478487161585],[11.583944734104707,45.49492153195803],[11.583868243569498,45.49500708519196],[11.583777770270308,45.49545975658455],[11.583793175441627,45.495796391020846],[11.583800197880432,45.49594981569],[11.584228005871593,45.49615616078945],[11.584779631601375,45.496026655680694],[11.585818193215982,45.496002947367565],[11.586004275865266,45.49599820543874],[11.586482696585028,45.49604433548887],[11.58659012704915,45.49624161649691],[11.586607440397813,45.49627690260569],[11.586622069725792,45.49630416907157],[11.58671753208286,45.496490763871634],[11.586776438967062,45.49664279299402],[11.586815710838849,45.49669556694888],[11.586840965196783,45.496753370720576],[11.586972834946053,45.49705205512825],[11.58714323797219,45.49733827060322],[11.587193866007972,45.497417684699386],[11.58721505224071,45.49744993321177],[11.587282291881118,45.497570021149635],[11.58731066647501,45.49761430976543],[11.587346900568633,45.497673665715816],[11.58739172441394,45.49772665387486],[11.587536206327659,45.497894402525745],[11.587958557710087,45.49789382854609],[11.588839150113508,45.49755881878134],[11.588957936230798,45.49749761641621],[11.589263486778547,45.49734650712359],[11.589727567010701,45.49711560920534],[11.589840752887772,45.497100808595654],[11.59064361049524,45.496995810339655],[11.590891411791953,45.49706507164492],[11.59122888425882,45.49715932330571],[11.59174582930457,45.49730372758132],[11.592395168257244,45.49738750477118],[11.59251820072016,45.49740331360531],[11.592928984422878,45.497150950507326],[11.593278287522564,45.49643588959123],[11.593166483944518,45.49622737439008],[11.593051547028132,45.4960075787214],[11.592916120582446,45.49575605432361],[11.5925339876774,45.4956021721409],[11.592456763323879,45.495573639327716],[11.59179468639538,45.495304455041094],[11.591262229946096,45.495136519042305],[11.591016025383988,45.4947916225128],[11.591018027928548,45.49469935071347],[11.591024241358255,45.49441282364234],[11.591030113895442,45.49429245917286],[11.591037431988248,45.49414248813978],[11.591331483156457,45.49385677504469],[11.591718532288953,45.49357180589042],[11.59192453104347,45.49341990531455],[11.592061863515887,45.49331812108125],[11.592330375233157,45.493245333043475],[11.592605423514305,45.493170757678755],[11.594089302417709,45.49315504891166],[11.595748477184326,45.49333336062441],[11.596197332582992,45.49328083342078],[11.596825969082472,45.49320708350001],[11.596894158674727,45.49319928804163],[11.597047936641838,45.4930673149728],[11.597191241035057,45.492944329249596],[11.5976083807854,45.492588955668374],[11.598235756431292,45.49194847169942],[11.598402977719076,45.49177876249184],[11.59844112222407,45.4917559544484],[11.598633519833982,45.491648678185946],[11.598665968861607,45.49163003770509],[11.598826347698784,45.491540254937334],[11.599338640348176,45.49125339129586],[11.60004137032307,45.491228385973855],[11.60062619423934,45.49142209190743],[11.600767099728094,45.49137587706961],[11.601067506884458,45.4912793947128],[11.601408061424314,45.49117024544958],[11.60155446901506,45.4913231290864],[11.602039583968411,45.49182193800536],[11.602078103441082,45.49194155403135],[11.602133068555629,45.4921122411726],[11.602353228960434,45.492795922331666],[11.602366938404248,45.49285029356768],[11.602409467771508,45.493018976829504],[11.602481239933567,45.49330377619749],[11.602550193720425,45.49357739264714],[11.60259610960838,45.49375751847113],[11.602636196491943,45.493914496223134],[11.602657314227999,45.493982303965375],[11.60286923375847,45.49466567137951],[11.602935632934676,45.49487993185544],[11.60302258882361,45.495120149526976],[11.603162076842658,45.49550548879381],[11.603316970349441,45.49593337849865],[11.60363066323873,45.496907357692145],[11.603671881123319,45.49711926930286],[11.60376488197303,45.497597392096374],[11.604016664901351,45.498338749513756],[11.604119025314445,45.49861545260999],[11.604270528915615,45.499125066169626],[11.604349360318437,45.49933411025958],[11.604401790094643,45.49947312534294],[11.604411248429097,45.499776108041075],[11.604414573380883,45.49987678269741],[11.604430536248268,45.50039401863832],[11.604441960922818,45.5007599456373],[11.604487591997268,45.5010553826061],[11.604585471120172,45.50151221134881],[11.604659126627576,45.501998846881406],[11.604432326880408,45.50263185677429],[11.603895418501837,45.503202180445264],[11.603677631195637,45.503735969927135],[11.603822715395765,45.50440100136274],[11.604126440493733,45.504880137677624],[11.604803239093046,45.50595384292242],[11.605023613485693,45.506290860000895],[11.605094222778387,45.50671418284314],[11.605129808943666,45.50692752375368],[11.605295559297922,45.50747290087614],[11.605411171520167,45.507605690036556],[11.605620144368,45.507843456091614],[11.605794335963667,45.5079968654379],[11.606127269454177,45.50829094188762],[11.606232132932215,45.50835436872067],[11.60677258441834,45.50868126123468],[11.60713706595217,45.509366030292874],[11.60732293149188,45.50973786025624],[11.607366328563169,45.509825122036354],[11.607383524821024,45.509850982374445],[11.607478421028254,45.51004022511288],[11.607527849374916,45.51013881128527],[11.607540196422553,45.510163454678654],[11.607559765384577,45.51020248096338],[11.608152818569886,45.51113422740826],[11.608678780210743,45.51197715541722],[11.609083427105368,45.512689728544096],[11.60914730317298,45.51279763492624],[11.609594594157798,45.51355647462958],[11.609622887617906,45.51360362007113],[11.60915184355075,45.51390160191639],[11.608198963525604,45.514337433366826],[11.608029564498196,45.51440019543633],[11.606940370798212,45.514807250781786],[11.606275555644933,45.51529555792041],[11.606317955886691,45.515342327182516],[11.606736763658887,45.51580427501884],[11.605501622482183,45.51634046621186],[11.60310959166118,45.517378799351576],[11.603065307498118,45.51739801514295],[11.603140193673518,45.51747732696287],[11.603164073321677,45.517505667472605],[11.603268036974278,45.517629476367006],[11.603761554379544,45.51821479927596],[11.604047474329349,45.5185541400636],[11.60410193855125,45.51861878327604],[11.603988722038817,45.51867987416877],[11.603733611165909,45.51879726576932],[11.603621329130295,45.51884910148393],[11.603410029862019,45.518946479719105],[11.603367806267794,45.51896597717515],[11.603322726970594,45.51898685482586],[11.603067973696348,45.51910536823326],[11.603025471376384,45.519125129353895],[11.602779247872853,45.51923933043142],[11.602722019440375,45.519265814499654],[11.602530455241105,45.519354761511345],[11.60242138660594,45.519405079875],[11.601747453100907,45.51971862495814],[11.601506977356456,45.51982868581125],[11.601138875342457,45.51999923903218],[11.600839719326938,45.52013784907823],[11.60137075392889,45.52075097655861],[11.601728934668097,45.5211645173388],[11.602127945110073,45.521625191199966],[11.601188539783122,45.52208893914005],[11.601230401042203,45.52212235746214],[11.601338718683055,45.52220672521991],[11.601593513405897,45.52240457486237],[11.602811638143258,45.52334721829993],[11.602916102431848,45.52342811871141],[11.603598067233504,45.52394774361295],[11.604934305590312,45.52501540437722],[11.605015426099829,45.52508005179967],[11.60508053116068,45.525131704085624],[11.604062068865664,45.525582114249616],[11.604096804529123,45.52562480152441],[11.604447378096735,45.52605771303574],[11.60452031806632,45.52614027721422],[11.605952120581103,45.52724704851284],[11.606110053354305,45.5273699034638],[11.606138941301325,45.52739121151391],[11.606252174417746,45.52731525172241],[11.606486743747682,45.52715824019689],[11.606532981604671,45.52714740997267],[11.60696774730595,45.527038565340945],[11.607294890501523,45.52705517395493],[11.607596780732003,45.52706988043695],[11.60791724740916,45.527191066024784],[11.608000831906638,45.527222671722065],[11.608524076512504,45.527183712517534],[11.608962241017817,45.526966650542114],[11.609027063425863,45.526956756447376],[11.609394275563982,45.5268937884766],[11.609617462673224,45.52697902490399],[11.60977233289373,45.527038170015544],[11.609778681530113,45.527452079866585],[11.609772549627307,45.527490429476536],[11.609699224800949,45.52794896172471],[11.609653102597019,45.528474336412614],[11.609646512913578,45.52852814712547],[11.609642378584898,45.528571338736505],[11.60960842399852,45.5290137352964],[11.610045105846265,45.52958142504767],[11.610084722898613,45.52963761596313],[11.61012165179605,45.529689017554695],[11.610138323988046,45.52971309994534],[11.61017025514527,45.52975928525341],[11.610410633290837,45.530107060762056],[11.610264351309928,45.53047439113029],[11.610056855891987,45.530695163768335],[11.60994598629431,45.53106674721131],[11.60987640780411,45.53150039524758],[11.609565726233537,45.531705523530896],[11.608789067097842,45.53180428656587],[11.608102058117009,45.53218003207489],[11.607602371745699,45.532452481780105],[11.607647918846267,45.53288349850995],[11.607884703606327,45.53348726400715],[11.607938312844873,45.533623961771056],[11.608046654143159,45.53375143487204],[11.608493648138724,45.53427736106387],[11.6093158959198,45.53438458489909],[11.609245380912744,45.53474624379156],[11.60913127505449,45.535324927907524],[11.608924277914998,45.53583372491951],[11.60834716779314,45.536648017220806],[11.607768377765446,45.53742634080606],[11.607385973730421,45.53802015290896],[11.60654825080901,45.538462338762045],[11.605751721035425,45.53868755109586],[11.60514844481178,45.53921438716605],[11.605061529776917,45.53953366248518],[11.605580838702842,45.53997861970487],[11.606173260403214,45.54032514208839],[11.606481943019705,45.540507267114315],[11.60655513944661,45.54055045347542],[11.607123549210439,45.54065448848051],[11.607643591394865,45.54054359763262],[11.607953200818944,45.540435667738286],[11.60836209603042,45.54029313148567],[11.608599745949716,45.54030795118505],[11.609113643656576,45.540341212934706],[11.609197128222815,45.54034605661727],[11.609367782094813,45.54040825560468],[11.609401366708637,45.54042049560666],[11.610057051957856,45.54065945950309],[11.611023911767653,45.54106940474046],[11.611080448508618,45.54111731234282],[11.611237558526327,45.541274552735196],[11.611276168185801,45.54131340011021],[11.611260808521273,45.5413821419556],[11.611183151032057,45.54172880069615],[11.610978053668173,45.542015560047645],[11.610849334911396,45.54215978025464],[11.610620076415357,45.542416798774],[11.610576197121798,45.542465806732345],[11.610502207754669,45.542787040790586],[11.610581198066404,45.54305365752711],[11.610638020009711,45.54324749492668],[11.610816030857851,45.543495456572096],[11.611087366251255,45.54382229354588],[11.611343829540646,45.54410446750224],[11.611007559463495,45.5443190004539],[11.611039897157385,45.54446387555113],[11.611076902023257,45.54462966176207],[11.61110875707359,45.54477013816955],[11.611135435874356,45.54496080501922],[11.611149154699627,45.54513825205088],[11.61114766637118,45.54530344429633],[11.611146608849564,45.54542078063756],[11.611191854197706,45.54551234947217],[11.6112667311577,45.545663889873936],[11.61130676788319,45.54574491674749],[11.611324417830199,45.54578063674365],[11.611493665467474,45.545865405567824],[11.61171619096712,45.5459768581437],[11.612029844750706,45.546086776054764],[11.612181766846003,45.546128920704085],[11.612328466377392,45.54619632690197],[11.6124756692026,45.54623075168487],[11.612599195720641,45.54624041028468],[11.612778081117618,45.54620292243995],[11.613041316910126,45.54622750229457],[11.613149853395342,45.546278674151935],[11.613302591732573,45.546350687209404],[11.61339636475097,45.54645791622159],[11.613430154460152,45.54649655454441],[11.613489105355706,45.54662116454585],[11.613517766055597,45.54668591221891],[11.613565397179714,45.546823489273706],[11.613592553960062,45.54690193522549],[11.613611105556291,45.547017444525444],[11.613550942419135,45.5470859396292],[11.613528728156668,45.54711123040194],[11.613476643740464,45.547149182959515],[11.613420577731876,45.547190036829846],[11.613272712588358,45.54724610429056],[11.613177979041053,45.547280751153046],[11.613150012247639,45.54733739429897],[11.613109358853936,45.54741973021435],[11.6130650140098,45.54750954152248],[11.613040364715578,45.54755946489323],[11.612972057290042,45.54759877059849],[11.612875826314658,45.54765172937874],[11.612787831012652,45.547695510052066],[11.612635770712195,45.54776320597423],[11.61250968342958,45.54781933929129],[11.612444730082352,45.54783719090055],[11.612381141591465,45.547854667391825],[11.612254547604639,45.54788945930674],[11.612198360167637,45.5479497282987],[11.611983247682703,45.548210667914795],[11.611762284813617,45.54848780095553],[11.611628388319662,45.54865573348035],[11.611528484115214,45.54876246566984],[11.611351478153368,45.54895157021824],[11.611266944987818,45.54904188066327],[11.611161246988608,45.549233953368464],[11.610991240506266,45.54954288628752],[11.610834663999459,45.54982741190183],[11.610750204783495,45.54995545069796],[11.61065213022288,45.55008942656814],[11.610586217540792,45.550220818905416],[11.610537787902084,45.55047811748959],[11.610528387101574,45.55062997610702],[11.610632144521992,45.55073205083489],[11.610784286427961,45.550753856734865],[11.610852919692903,45.55076369429804],[11.610974545694987,45.55076334285859],[11.611291858866757,45.55068421993695],[11.61151075215275,45.55062963833375],[11.611673452929828,45.55063308112812],[11.611824907065355,45.55073817170747],[11.611871409913617,45.55081324009656],[11.611915385678762,45.55088422842335],[11.611913840967487,45.5509854546353],[11.611849177877694,45.55105658470251],[11.611537128940418,45.5512205747008],[11.611357277634248,45.551367209895375],[11.611012982730266,45.55163560857897],[11.610631270192401,45.55193317436828],[11.610615942729778,45.55205176315947],[11.610636388965037,45.552213809957514],[11.610846071131014,45.552294202106864],[11.611100135881841,45.552391609060244],[11.611252251425267,45.552449929297865],[11.611259141029723,45.552486326567426],[11.611151519113786,45.55273927883638],[11.61077581906974,45.553622300904095],[11.61063595597114,45.55393373013313],[11.610490558886731,45.55425582975516],[11.610042690483995,45.5552646533212],[11.610112462295735,45.555282660906926],[11.61023477983388,45.55531516780565],[11.610216123024557,45.555357719205624],[11.610370630013286,45.55539073120036],[11.610723371259883,45.55545197402619],[11.610961609057865,45.555501028618146],[11.611229931832787,45.555564003524744],[11.611317991346665,45.555586646238986],[11.611420231536655,45.55561293042785],[11.611511185236527,45.555636312394874],[11.611603740442604,45.55566010591162],[11.611673495790352,45.55568304378609],[11.611739376541028,45.555704707478995],[11.611790052772779,45.555721371376585],[11.611817138103119,45.55574181363689],[11.611834389773312,45.55577679371812],[11.611838347150192,45.55580964673538],[11.61182806210047,45.555835536425136],[11.61179094551717,45.555928963158145],[11.611766420277506,45.55599539608768],[11.611675576566418,45.55628394542476],[11.611558437189114,45.55677808187375],[11.611633815572256,45.55681488172357],[11.611728797524577,45.55687931682182],[11.611800605548767,45.55693033015666],[11.611872701564995,45.55697787948927],[11.611967954037173,45.55704675569922],[11.612224752701483,45.5571313725272],[11.612448499083103,45.55710353867181],[11.612709327711567,45.55709986645818],[11.612996739345451,45.55709495328928],[11.613168947742128,45.55712548602821],[11.613265289086565,45.55715520343741],[11.613457901030138,45.55723268977164],[11.61371251006774,45.55736408229509],[11.61380141057595,45.55740507261652],[11.614001950009044,45.55743864590464],[11.614247439644574,45.55744688617533],[11.61437833335488,45.55752858910213],[11.614623688539481,45.55770236131728],[11.61459528933542,45.557827585903595],[11.614439528683326,45.55830880642341],[11.614373127210246,45.55855131669784],[11.614382144433037,45.55863797011666],[11.614359978344355,45.55866557141599],[11.61407688909229,45.55882585352432],[11.614083378279792,45.55898698959873],[11.614240330957255,45.55944213060995],[11.614270557441806,45.559579735760344],[11.61429693358296,45.55970375533279],[11.614285105951247,45.55992537144823],[11.61431519555472,45.56042314976465],[11.614311261636193,45.560736026605944],[11.614279703616752,45.56097545697399],[11.614458104520759,45.56096200374024],[11.614681678615723,45.56098956383663],[11.614726466557254,45.56106558746659],[11.614698520653697,45.561335898475676],[11.614697266656595,45.56162971685265],[11.61468562801652,45.5617006969481],[11.614676031626216,45.56202296658975],[11.614668775675607,45.56225765663589],[11.614712061654606,45.56251377757967],[11.614749400993219,45.56275239683422],[11.61481683223801,45.56288829898581],[11.614847108581971,45.56310164975975],[11.614785292239944,45.56331585069272],[11.614375441736467,45.56332411072936],[11.614142389584526,45.563321861549724],[11.614110277968875,45.563443898086796],[11.614107527329425,45.56358862040864],[11.614063440756688,45.56370997341651],[11.613887436770813,45.564026159198534],[11.613899808517033,45.564060799706766],[11.613709163455466,45.564166426629946],[11.613623785531432,45.56422643738621],[11.613547210058861,45.564298109243985],[11.613435559148899,45.564402607648205],[11.61337764127172,45.564453317797216],[11.61334134178163,45.56446638953376],[11.613292310901638,45.56445703275899],[11.613256790741005,45.564430060956575],[11.613062316373851,45.564298353187645],[11.612990427278325,45.56424966575848],[11.612894373107078,45.56416361290211],[11.612709740908956,45.56399820465994],[11.612682119623743,45.5639734588184],[11.612655154796991,45.563909269952255],[11.612617331490299,45.56381923148482],[11.612605343665367,45.563790694771356],[11.612537680331101,45.56370315833877],[11.612223383155884,45.56345791905618],[11.611430600630309,45.56347321657473],[11.610343474916291,45.56349400092562],[11.609986768032385,45.564655156761035],[11.609696722553315,45.565626099603804],[11.609487262195389,45.56636870220642],[11.611505411953614,45.566469904470985],[11.611415265197067,45.56696342255438],[11.611056513454063,45.56711411412105],[11.61070518894399,45.567186876895946],[11.610616780501914,45.56720332223739],[11.610454306799936,45.56721294515855],[11.610185353693849,45.56722402679956],[11.610077115338498,45.56722300823125],[11.6099322050507,45.567239938370435],[11.609820411890105,45.56725299950286],[11.60973426979488,45.567263519961635],[11.60962937213769,45.5672618341179],[11.609563699020555,45.567260667425714],[11.609252891246081,45.56723482746399],[11.60881387709917,45.567188803308845],[11.60822985519429,45.56713758900745],[11.608211603229448,45.56716131913887],[11.608212805908042,45.56721772740849],[11.608225809122175,45.56733369076415],[11.608199813788598,45.567435309701395],[11.6081140963098,45.567456671984885],[11.607763713785387,45.567471194283016],[11.607639047241424,45.567471700830936],[11.607644936024155,45.56741621071547],[11.607639280568453,45.56736323369968],[11.607614139238041,45.56729629986055],[11.607525873774174,45.5671806720774],[11.607416212167372,45.567077410914266],[11.60730911422442,45.56697656282209],[11.607197733354406,45.56687168989297],[11.607102124765525,45.566786146785226],[11.607035187150158,45.56672625575515],[11.606942262245614,45.566643114853804],[11.606861650108224,45.56657098831776],[11.606747656610992,45.56650100116589],[11.6066203249398,45.566434822627315],[11.60649114651261,45.566398706929746],[11.606311258611928,45.56637224237414],[11.606209186557223,45.566359493902354],[11.606061548967785,45.56634313372589],[11.60606175045506,45.566296806226774],[11.606001549293458,45.56629608324225],[11.605953407860907,45.566295543991984],[11.605898201705815,45.56628215744868],[11.605833832851866,45.566258079574],[11.605781974190245,45.56623616533113],[11.605711575719528,45.566213134142174],[11.605659236050299,45.56619694208712],[11.605613859779506,45.56618290438012],[11.60556257134706,45.56617054260233],[11.605527552216026,45.56616210124685],[11.605479712304225,45.56615428194128],[11.605412953377332,45.56614698261724],[11.605368209638872,45.56614284880372],[11.605313899719134,45.5661378324461],[11.605234086808887,45.56614140555132],[11.605163257425648,45.56614332169555],[11.60506260492213,45.566150388358594],[11.604959238810512,45.56615890934098],[11.604840042558923,45.566173198465634],[11.604797254208313,45.56617903545053],[11.604636624851928,45.56622821960108],[11.604473272120522,45.56627823706105],[11.604232547329667,45.56638113631111],[11.60404833026193,45.56645988120824],[11.603843316025765,45.56654751540069],[11.60371946823384,45.56661065006929],[11.603646294751794,45.56664728147096],[11.603401176325166,45.56674516018066],[11.603323460698686,45.566750821903774],[11.603280261540275,45.56674775649496],[11.603185092051103,45.56673210434127],[11.603084375313578,45.566707310060146],[11.60302513756456,45.56669272598482],[11.602948078291812,45.56666619948335],[11.602905465510178,45.56665152971227],[11.60261930461141,45.566617610790544],[11.601961353933028,45.566539654623476],[11.601951705243655,45.566513020351195],[11.601938830799948,45.56648427320864],[11.601920004903413,45.56646012720938],[11.601850794325777,45.566435235718465],[11.60160608495558,45.56635678116453],[11.601180098482843,45.566224315303295],[11.600950785179716,45.56615123509467],[11.599768843614127,45.56578037330998],[11.599351134448007,45.565647666201976],[11.599083168600803,45.56556253210908],[11.598897066152816,45.5655037318011],[11.598780539282174,45.56546086818071],[11.598731093333399,45.56544303726038],[11.598669251714627,45.56542073585614],[11.598627614809413,45.565418173194246],[11.59858086477931,45.565440552230264],[11.598498100899388,45.56543131427063],[11.598198673809238,45.5653978896505],[11.597945243562059,45.5653919774034],[11.597839395907616,45.56540053400321],[11.597801150542518,45.56540751614746],[11.597676839100446,45.56543021149673],[11.597529948134683,45.565482310749445],[11.597311794284956,45.56555968366708],[11.597238172586115,45.565585795148145],[11.597101756227246,45.565617869088925],[11.597000579159513,45.565641658505186],[11.596886359421552,45.565668513299784],[11.59682806892804,45.56569620561531],[11.596800752021755,45.56576350702814],[11.596748500075664,45.565892239974005],[11.596706903934354,45.56596161150424],[11.596633411299386,45.566004687826045],[11.596504984654274,45.56606205002171],[11.596385583318398,45.56611538129113],[11.596358152792538,45.566149293412856],[11.59632415488588,45.56621523715417],[11.596306212616687,45.56625004151681],[11.596279804172276,45.56630126309078],[11.596226136719247,45.56654641443466],[11.596166897568764,45.56681701913932],[11.59616082361134,45.56687969042704],[11.596159962784306,45.56691041760631],[11.596188952976743,45.56700184781599],[11.596190325918757,45.56703719131791],[11.596179226818998,45.56708250825331],[11.596161259143265,45.567167949429624],[11.596148794138186,45.567237096602796],[11.596155829592218,45.567281269325015],[11.596172897365388,45.567346609750146],[11.596207571440647,45.56744635291454],[11.596230750859915,45.567513026033645],[11.596233609046468,45.56755751337981],[11.596235978958674,45.56759438331174],[11.596238173930136,45.567628542459616],[11.596218075613763,45.567778463594685],[11.596206413274377,45.567865467999496],[11.596172915934776,45.568115348841275],[11.596156661344235,45.56820504191793],[11.59614172905909,45.568271434115275],[11.596083969266617,45.56852824403137],[11.596017870759026,45.56878112458632],[11.595872856667443,45.56925080315675],[11.595722064614423,45.569722713768506],[11.595631255488351,45.570006898612895],[11.595588496905469,45.570065488382895],[11.595545736955332,45.570124078167396],[11.595439673665659,45.570232070065686],[11.595358711834352,45.570313407519976],[11.595395535380577,45.570476792699345],[11.595452471986153,45.570675340123806],[11.595570187179112,45.57108583041189],[11.595597193202215,45.571180003491556],[11.595589320689605,45.57126720785998],[11.595552198045995,45.57131963235957],[11.595493082619868,45.5714031114362],[11.595410393349015,45.57151988359288],[11.595365715009775,45.571638900538304],[11.595324535148013,45.571748598200415],[11.595307585461018,45.57179375278976],[11.595339685156183,45.57189839282653],[11.595423538413415,45.57201601691646],[11.595511301335675,45.57213912559346],[11.595546865658292,45.57225810761116],[11.595543820597603,45.57235014296079],[11.595537802833913,45.57253200221757],[11.595563223771514,45.572636064033986],[11.595635562807471,45.572932179710854],[11.595698425864757,45.573189505915614],[11.595740243282878,45.573257332306255],[11.595799110125594,45.573352807924046],[11.59578241976815,45.573423188824854],[11.595648622598057,45.57354567512151],[11.595538901352874,45.57364612081459],[11.59543711787798,45.57373929839276],[11.595399113043177,45.57380253891154],[11.595389628964455,45.57389485924608],[11.59537521251558,45.57403518976599],[11.59532643303145,45.574092299671186],[11.59522649729028,45.57410654768928],[11.595014362459308,45.57410511872467],[11.594945094454054,45.574104651806444],[11.594850891279124,45.57412100778482],[11.594795306226226,45.57413065944141],[11.594724966861405,45.57415620048558],[11.594683610598334,45.57421732604563],[11.5947034087101,45.57425604114972],[11.594748887956245,45.57428669164785],[11.594810898483665,45.57431180959234],[11.594876082100008,45.57432484868618],[11.594951313222383,45.574339897949486],[11.59505049694836,45.57436950127801],[11.595104503946484,45.57441292490007],[11.59506184014384,45.574534580036115],[11.595056432937279,45.57460758290998],[11.595060470996337,45.57467308820842],[11.59512492307532,45.57475914706116],[11.59515900114395,45.57480464930481],[11.595188635068602,45.57484421636776],[11.59520936306898,45.57487189368246],[11.595230461776564,45.57490499928603],[11.59524529975215,45.57494631498349],[11.595263959273543,45.57499826962133],[11.595282027616607,45.57504857607553],[11.595296375898679,45.57508852571584],[11.595314567893457,45.57513917769931],[11.595325756220214,45.575170327599736],[11.595359324127143,45.57519749605002],[11.595396598680104,45.575227665828635],[11.595454966965425,45.57524111247033],[11.595514895804868,45.57523313766944],[11.595751741835462,45.57517731431666],[11.595816005864071,45.57519565118111],[11.595965813495255,45.5754076080819],[11.596058709457827,45.575539042677384],[11.596142308693302,45.57563318245195],[11.596181592553428,45.575677420146356],[11.596286671466498,45.57579574719066],[11.596373785186811,45.57589384479811],[11.596446749889552,45.57597600799482],[11.596515910438544,45.57603673852115],[11.596574124088011,45.57608785629081],[11.596651238407489,45.57615557077152],[11.596681488034124,45.5761968597655],[11.596714584160406,45.57624203372597],[11.59675425142027,45.57629617641061],[11.596777382704488,45.5763393321235],[11.596838344297257,45.57645307154071],[11.596873646103164,45.576518937623256],[11.596869598652065,45.57655601288558],[11.59684726599968,45.576631214581525],[11.596721296095215,45.576786205546775],[11.596599645318504,45.57692527943713],[11.596543570955507,45.57701072318761],[11.596433810888641,45.57717796930059],[11.596284274285129,45.57733444629332],[11.596225946753496,45.57739548039299],[11.5960107522374,45.57759376203144],[11.595904835839487,45.577700736463875],[11.595784156758542,45.577857466601785],[11.595534986116167,45.57805500588059],[11.595473402047409,45.57810037415073],[11.59534457627352,45.57821636513015],[11.595315680204397,45.57824973418025],[11.595159109396219,45.578426222605174],[11.595021745430081,45.5785910668306],[11.594798634169562,45.57872311713952],[11.594719835377084,45.57879406340281],[11.594631826884411,45.5788733001967],[11.594507602503269,45.57904876809107],[11.59433482881613,45.57929281296132],[11.59417252906065,45.57949464431714],[11.594112139332452,45.5795750839261],[11.594069291258498,45.57966788138159],[11.59398688801678,45.57971561936268],[11.593925197793824,45.579733017109575],[11.593612776612284,45.57982112437467],[11.593514329629652,45.57986457740016],[11.593389881414874,45.57993015995726],[11.59336092793003,45.58003633859705],[11.593344997141406,45.58009476084298],[11.593337876751887,45.580167635072186],[11.593332873580275,45.58021882685485],[11.59330950442866,45.58024861967712],[11.593276380498962,45.580290847795176],[11.593215654320119,45.580314972345235],[11.593146542087963,45.580342428766905],[11.593064244606293,45.58034502722973],[11.593008247697012,45.58034679511694],[11.592897167796009,45.58035030285012],[11.592821127973615,45.580380115409355],[11.592773483018773,45.58039879664095],[11.592793441137411,45.58044669591949],[11.592812413524355,45.5804922286679],[11.59287313540612,45.58052199182523],[11.59295567952747,45.5805624495673],[11.593003506156368,45.580585890579],[11.593035636466395,45.58064558212472],[11.592991858839092,45.58074310429221],[11.592925501600316,45.58080227848394],[11.592838759683092,45.580875988975244],[11.592806137435772,45.5809027973304],[11.5927684743625,45.580922328389704],[11.592670679595301,45.580973039721826],[11.59262781337836,45.58099526864193],[11.592496621070927,45.58103547961434],[11.592347402762593,45.58108121604593],[11.592267701205191,45.58108053075985],[11.592179356670188,45.581079771635615],[11.592067914552143,45.58118919021488],[11.592037518489068,45.581301937911455],[11.591954439156053,45.58132077165676],[11.591800276671002,45.58130041051769],[11.591678265489783,45.58128664893289],[11.591520294378524,45.58128125733688],[11.59139826200879,45.58132013305586],[11.591308831157088,45.581406163925664],[11.591309622931906,45.58153711317347],[11.591391064018946,45.58161572339311],[11.591318416035028,45.581689948997585],[11.591247762860785,45.58172313878772],[11.591165355384952,45.5817618502209],[11.591116392397169,45.58178485063503],[11.591118189810922,45.581846705573845],[11.591146567425588,45.58187636125755],[11.59118992055993,45.58190481020802],[11.591293296965018,45.5819311775054],[11.591326098030857,45.581978228336176],[11.591326319646605,45.582010414235974],[11.591326709558368,45.58206669428203],[11.591297761594,45.58217663383064],[11.591269863859251,45.58215651664771],[11.591178657648891,45.58213052477895],[11.590342570247872,45.58188349522049],[11.589278395521722,45.58161069057435],[11.588345811497467,45.5814229222875],[11.588181711755741,45.581383348909014],[11.587963214558549,45.581323223813655],[11.587715009750749,45.581252611131994],[11.587558757930301,45.58124713276973],[11.587432720054775,45.58131886743886],[11.587392232705236,45.58134699835342],[11.587329745374003,45.581390419508864],[11.587167933206594,45.58147311620279],[11.587063497326408,45.581485024202514],[11.586965316209344,45.58147680864239],[11.586853420742118,45.58144072916158],[11.586672075771837,45.58136337846885],[11.586523577261689,45.58130346477946],[11.586234564091832,45.58115087346718],[11.586016214272693,45.58103808528012],[11.585893047739532,45.5809686857597],[11.58577297033042,45.580807495875945],[11.585734943868783,45.58074705822456],[11.585502170701716,45.58051272150916],[11.58541261146597,45.58043899495223],[11.585185702104198,45.58023590651224],[11.584996774996776,45.58008338133307],[11.58471788742415,45.57995567018307],[11.58454194797086,45.57990933780392],[11.58441055427319,45.579902989007785],[11.584311348183022,45.579886924631275],[11.584112470575088,45.57988156847654],[11.58398376435986,45.579897184253525],[11.583926463983461,45.5799086696594],[11.583871513296126,45.579927977890534],[11.583825247393198,45.5799507053054],[11.583765932115249,45.57997255609227],[11.583715296937843,45.579997025967536],[11.583666768522754,45.58002344010212],[11.583619776123989,45.58005131635042],[11.583575071456108,45.580080890635436],[11.583532362498053,45.58011188873153],[11.58349298909493,45.58014328478874],[11.58345385069547,45.58017798704964],[11.583341107881312,45.58025461811867],[11.583280550992303,45.5803009034583],[11.583182850875358,45.580386914351735],[11.583146420889069,45.580428243099846],[11.583086234178491,45.580499364125565],[11.58301580361034,45.58059024946733],[11.582961085764463,45.58068552737719],[11.5829319343731,45.58074033716458],[11.582855316678334,45.580830429867774],[11.58279294153092,45.580946065190965],[11.582739465544305,45.581121536134525],[11.582648068153324,45.581322619102885],[11.582562076408816,45.58151583868725],[11.582518562810384,45.5816179045299],[11.582446239719692,45.58179614378061],[11.58239667614293,45.58193399200982],[11.582370360357785,45.5820477312434],[11.582366988731703,45.5821279171266],[11.582370468293671,45.5821702339815],[11.582372750838035,45.582197635052125],[11.582368131614482,45.58234562804953],[11.582327190454679,45.58239763585586],[11.581967885382483,45.58270500438858],[11.58191667121485,45.58274500728357],[11.581826188677116,45.58281568315273],[11.581741750054745,45.582886360884224],[11.58165280911767,45.58296785177338],[11.581561818610183,45.58308261229578],[11.58151945298939,45.58316259168032],[11.581485789761931,45.58328387780356],[11.58146765049518,45.58334675526906],[11.581461851069085,45.583449499857835],[11.581472884073571,45.58356149418205],[11.581502473232266,45.58366696249622],[11.581544464951627,45.58379605027045],[11.58157845744972,45.583870740268864],[11.581594815137185,45.583908430047536],[11.581625671884604,45.58399999344256],[11.581670081841313,45.58412698501162],[11.581712388387189,45.58425006361077],[11.58170386859185,45.58429972226066],[11.581609598301972,45.58433429706085],[11.58157000921882,45.58434176317551],[11.581515613004962,45.5843656690198],[11.581498036395292,45.584396658783874],[11.581525487757215,45.5844539948144],[11.581574116898372,45.584526825426686],[11.581637989204058,45.584637605020795],[11.58174287599581,45.58474845077241],[11.581790518903157,45.58480764970667],[11.581830984234454,45.58485977400019],[11.581914231876562,45.5849726085716],[11.581982300503359,45.58505081861193],[11.5820608534227,45.58511448050766],[11.58213693803096,45.58516901607702],[11.582262504252116,45.58525708598748],[11.582323090749508,45.58529793195451],[11.58237361337274,45.5853318036977],[11.5824098407716,45.585353037093874],[11.582510794712483,45.58540475955026],[11.58268096448014,45.58548983972113],[11.582845488683484,45.585558037842034],[11.583052666978418,45.58560033556059],[11.583147244466954,45.58560809686118],[11.583248812797489,45.585617319205156],[11.583343836347193,45.58562921169073],[11.583423134544303,45.58563920876414],[11.58359183794285,45.58566716418347],[11.58382345603613,45.58571403896802],[11.583950312625317,45.58574636142515],[11.584028506191551,45.5857769957757],[11.584073089517341,45.58579592422926],[11.584072319338286,45.585825052369245],[11.584071449697344,45.58585793355089],[11.584050355374883,45.585903866971044],[11.583981764642427,45.58605447720441],[11.583919174953229,45.586199012588885],[11.583872417657721,45.58630304254525],[11.583822763092334,45.5864082199967],[11.583786052163111,45.58647700885726],[11.583691123108377,45.58666827114466],[11.583646152863148,45.586763800350916],[11.583628474888652,45.58682828880261],[11.583624908267948,45.58686788378156],[11.583534016009962,45.586976783824426],[11.583514771980575,45.58701277397115],[11.58349987342325,45.58705964720884],[11.583491020632605,45.58708739024691],[11.583457049808155,45.58721030405964],[11.583434247807888,45.5872693268047],[11.58341099861776,45.58735491493091],[11.58339913135318,45.58742035108809],[11.583408229279481,45.587492873799164],[11.583423672052998,45.58758073494757],[11.583426902467613,45.587687414875376],[11.583416902601163,45.587782333524984],[11.583398524544153,45.58784836707341],[11.583381142645257,45.58789979617353],[11.5833746793421,45.5879544904496],[11.58337990601874,45.588037632134736],[11.583373661270533,45.58809988064991],[11.583356200221662,45.588166344396065],[11.5833322661899,45.58821747259632],[11.583312159545848,45.58825141105198],[11.583201797733041,45.58837470319458],[11.583128260292236,45.588451166908946],[11.5830857077473,45.58847652292131],[11.583042902778308,45.58850299987447],[11.582956940646001,45.58856755611225],[11.5828746310119,45.58863728543236],[11.58281331786428,45.588697990348685],[11.582767929358607,45.58872826653583],[11.582737019592328,45.58875624658721],[11.582505782409479,45.58886566005774],[11.582407190851699,45.588912075273],[11.58228862663181,45.588945219892146],[11.582224553010057,45.588962492362505],[11.582234276015887,45.58902538955948],[11.58223936453536,45.58905830696454],[11.582162356481133,45.589547301167],[11.582154097360704,45.589580935431485],[11.582148940791079,45.58962474105373],[11.58201885139744,45.58960587176285],[11.581746271549724,45.589566339315745],[11.581137591277374,45.589457174853656],[11.58084397966927,45.589405002860076],[11.580625291539189,45.58936608472797],[11.580536841137416,45.58935043642691],[11.580460710490986,45.58933701281219],[11.58028990403762,45.58930648545888],[11.580199704223942,45.589289922312524],[11.580140130924946,45.58927931967977],[11.58003749390331,45.58926090241796],[11.579858688934152,45.58922907899231],[11.579768490714905,45.58921257307633],[11.579607575567865,45.58918301923673],[11.579524268141812,45.589169221594666],[11.579467545613992,45.589157848504094],[11.57942018419192,45.58915007857251],[11.57914860930109,45.58910069152979],[11.579135498979877,45.58904616247969],[11.57909717233901,45.589049056314714],[11.578991797889259,45.58905033781227],[11.578871635578501,45.58904974978028],[11.578785165163838,45.58904279283088],[11.578521006641642,45.589013385889],[11.57832249600629,45.58898978575122],[11.578276123515652,45.58898358711713],[11.578174931583582,45.5889700753855],[11.577954102441058,45.58892942725131],[11.577768345035054,45.58887916472398],[11.577635415849741,45.588845891471315],[11.57749945463099,45.58880673494493],[11.577445431865522,45.58878761559311],[11.577360219394704,45.58875792190487],[11.577288875058692,45.58872577639013],[11.577251616602831,45.588710309201474],[11.577217712226101,45.588694876996],[11.577107317839559,45.58864340979329],[11.577071123214353,45.588636250015654],[11.577029307406834,45.58862797945566],[11.57696004354965,45.58859920901676],[11.576895182990178,45.58852056355859],[11.576887397543539,45.58845001168045],[11.576873674040305,45.588411101541496],[11.576854051227345,45.588371697178616],[11.576844388688409,45.588324405291196],[11.576734163807966,45.5882214003841],[11.576560885356935,45.58814961235611],[11.576426152852628,45.588093696336244],[11.576272222837876,45.58803848252299],[11.576136483586463,45.588019402777704],[11.575947437199533,45.58800638724475],[11.57580335665257,45.58793787904986],[11.575702999204061,45.58781173261749],[11.575639265611798,45.587719219907505],[11.575590600906013,45.5876073549142],[11.575505515069677,45.58746478226245],[11.575426909806055,45.58733814394324],[11.575400244294306,45.58725750900725],[11.575341127877781,45.587145068678204],[11.575277590880113,45.587042449305805],[11.575162622143168,45.58689543602303],[11.57510051470332,45.58678958438443],[11.575051359698865,45.58670187225804],[11.575031006328539,45.586666968437456],[11.574985342084956,45.586589758424275],[11.574884433416498,45.586454017630466],[11.5747765183379,45.58628793428521],[11.574683237274531,45.58610839708008],[11.574595520945582,45.58599133657286],[11.57452388322661,45.58590566594538],[11.574481507179545,45.58586317831377],[11.574456840766635,45.58583928917769],[11.574406705733198,45.585789385799686],[11.574337584130276,45.58571196369807],[11.574312024789396,45.585684889347085],[11.574273764217843,45.58564282460135],[11.574221095226047,45.58559558592069],[11.574157994679675,45.58553886206148],[11.573889552163232,45.58539576612287],[11.57378488440428,45.58534297121816],[11.573696074756626,45.58529688552996],[11.573605697305474,45.58526318833068],[11.573541920350422,45.585246992771765],[11.573461035811933,45.585215960034226],[11.573409671171515,45.58519756194667],[11.57332924428264,45.5851719375074],[11.57326302456558,45.58512266442509],[11.573214835794332,45.585052821349166],[11.573202423546697,45.584991623987534],[11.573199139585292,45.58491698824254],[11.573206819413468,45.58480457136508],[11.57321035245805,45.584744454780484],[11.57321243343281,45.584712610317524],[11.573209047964783,45.58467949658689],[11.573198300340463,45.584637884266655],[11.57317991972063,45.58459752323347],[11.573154320664836,45.58455912513395],[11.573055297396946,45.584470896112805],[11.572973789791924,45.58438722288408],[11.57292117085548,45.58432981113803],[11.572902922384241,45.58430357982899],[11.572890263912623,45.584273441138656],[11.572900466717373,45.5842218144707],[11.572923503831422,45.584190152096554],[11.57295308229228,45.5841669825198],[11.572993577616925,45.584161119184834],[11.573054115874301,45.584161825012146],[11.573145779339626,45.58416200928526],[11.573325520818614,45.58417645436184],[11.573336071644421,45.5841464685414],[11.573333908039315,45.58410475184746],[11.57333683512721,45.58405661957819],[11.573342524238383,45.58401562689124],[11.573346635092415,45.58395693655933],[11.573343425857395,45.58384939261662],[11.573355330287216,45.58331402852456],[11.573349077046371,45.58325345923142],[11.573347928665635,45.58314455825201],[11.573354492760036,45.583063683214554],[11.573352403621183,45.58284599178337],[11.573350720077666,45.58280361437573],[11.573342285809284,45.58259156028456],[11.573339474221314,45.58252523636122],[11.57333778848965,45.58240962630224],[11.573335760659791,45.58229811318878],[11.573333727261083,45.58222217286276],[11.573333576952287,45.58217402083752],[11.57334908878842,45.58212618545377],[11.573366828643405,45.58207983994648],[11.573397106606883,45.58200750803413],[11.573419314906316,45.58192689781042],[11.573443560103597,45.58180672648244],[11.57345537864837,45.58174840244995],[11.573482732578409,45.58170500951335],[11.573511554245226,45.581566988273025],[11.573527120232315,45.58149981980358],[11.57308228954149,45.58121093192985],[11.572889778197867,45.58108543776006],[11.572114910747718,45.580692628380426],[11.571746448347533,45.58045570937412],[11.5714369117742,45.580256676452066],[11.571178720315961,45.58005410456809],[11.571137712615064,45.58002197131081],[11.570932868784128,45.57984573647241],[11.570647849689262,45.5795862220774],[11.57047671023816,45.5794666973128],[11.570336867940544,45.57935537160762],[11.570276172877673,45.57940187637767],[11.570229731003172,45.57944531395705],[11.56944899978087,45.58003860439706],[11.56927440157247,45.580173050231],[11.56907930297751,45.580327675126],[11.56905060394826,45.580356063508084],[11.568991185343117,45.58035851047996],[11.56893225183765,45.58036094200422],[11.568937954142507,45.58045328732744],[11.56894061013984,45.58050407343509],[11.568947720795528,45.58063955403021],[11.568949321608967,45.58066735776141],[11.56835329026928,45.580903333618885],[11.568316816627158,45.58091585571879],[11.567762109480856,45.58113708737092],[11.567701281332477,45.58116013487157],[11.566235959041432,45.58174638227756],[11.56539156220213,45.5820744221739],[11.564993376492923,45.582228287440856],[11.564950564025748,45.58224312286597],[11.564896108386536,45.58226341624647],[11.564730259099816,45.58233072933499],[11.56453014437926,45.582413191310216],[11.564478819985432,45.58243399022554],[11.564446143932686,45.58240070428865],[11.564295199224027,45.58224211689872],[11.564225672378946,45.58217126320633],[11.564159242939086,45.58210356682343],[11.564091021597026,45.58213630619738],[11.56402758950287,45.582166744378235],[11.56387757922413,45.582175936322194],[11.56378490618726,45.58218072962278],[11.56374074899602,45.58218039990274],[11.563378295635985,45.5821613842383],[11.563248154585237,45.582188434006355],[11.563173667119253,45.582216843537154],[11.563220262021687,45.582257307206355],[11.563203083548435,45.58247186874696],[11.563250114160022,45.58251941824883],[11.56331104787822,45.58252685144993],[11.563403250951916,45.582524250973535],[11.56347563061745,45.582511110517196],[11.56359574534551,45.58247876521877],[11.56364542896988,45.582472988708865],[11.563692793737152,45.5824861271207],[11.563770650493938,45.58251443902215],[11.563798240259178,45.58254751083494],[11.56381791281279,45.582598445059425],[11.56381272698346,45.58269783551607],[11.56381468912169,45.582784876048535],[11.563818934748157,45.58301880952576],[11.563796814242297,45.58306791266142],[11.563725003441677,45.5831141027706],[11.563676070116152,45.58317503698308],[11.563669428317564,45.583203681162416],[11.563626785022436,45.583387667813824],[11.563528258985947,45.583504194333734],[11.56350967354515,45.58353736695637],[11.563464565131328,45.58359743568318],[11.563463528077362,45.583715373486854],[11.563481434127523,45.58377077870668],[11.563535697875578,45.5838082643697],[11.563576490504168,45.58382371789094],[11.563644210554395,45.58382653033791],[11.563713236930473,45.583822279889226],[11.563782645396612,45.583798218229134],[11.563907527423774,45.583710205784705],[11.563966589850294,45.58369957569477],[11.564019829872233,45.58371458207786],[11.564057283718709,45.58374884456427],[11.564076390307422,45.5838024224916],[11.564062357510128,45.58385504890692],[11.564029310992726,45.58397900103063],[11.564007867596306,45.58409919828664],[11.56402411422749,45.58417444237621],[11.56404710366091,45.58422883231565],[11.564046754388235,45.58427744651173],[11.56402983923978,45.58432823300752],[11.56398038500371,45.58445265893249],[11.563966901914153,45.58449436626023],[11.563966592260655,45.58454387968195],[11.563990944293117,45.58460003836227],[11.564231385705408,45.58475665822648],[11.564303277538695,45.58480194223761],[11.56432834654787,45.584873152707196],[11.564319304524934,45.5849419069627],[11.564250755195705,45.58498485211517],[11.56408538099268,45.58501905443959],[11.563970734363153,45.58504859957971],[11.56392809149067,45.58509402939868],[11.563986711576302,45.58518250677297],[11.564144849708967,45.585277066907096],[11.564196732728522,45.5853279562644],[11.564189791237547,45.585366425678295],[11.564189126354277,45.5854047883172],[11.564041241162876,45.585454035666835],[11.56381274554824,45.58552845572704],[11.563764645502964,45.58557004121932],[11.563761497868612,45.58560630742938],[11.56376376054235,45.58563996781436],[11.563770813837198,45.58574105912589],[11.563730852123307,45.58578502537129],[11.563646565140543,45.58582022341676],[11.563581622674345,45.585829782819346],[11.563430211233968,45.58585478378349],[11.56331630678867,45.585887046151676],[11.563202677648318,45.58595350578546],[11.563130774745243,45.58601971977699],[11.563107865101193,45.58604283248266],[11.563077577295445,45.58609115659884],[11.563085120377469,45.58613076613393],[11.563121416266121,45.586167755266786],[11.563242316659942,45.58620464685487],[11.563307267237137,45.586203868109244],[11.563844501731825,45.586197424506096],[11.563911913113797,45.58621391291008],[11.563941357103012,45.58624115527479],[11.563954058509196,45.5862725280432],[11.5639644703195,45.58629824368791],[11.563960197135566,45.58634514486183],[11.563903230656551,45.586445436265336],[11.563868046079211,45.5866298494872],[11.56385335289135,45.58670128783601],[11.563787680523754,45.58677927266092],[11.563691896129932,45.58684352998878],[11.563498741864786,45.58690907629413],[11.563463651787897,45.586954869197605],[11.563466733238709,45.586994405164496],[11.563579808377595,45.58710946366506],[11.563640088084355,45.58721953464334],[11.563639033833566,45.58726252811437],[11.563615465055006,45.58731933090508],[11.56341469793711,45.587371788389035],[11.56331268390553,45.5874119154127],[11.563239297319052,45.587461267571264],[11.563196092114572,45.58751385215473],[11.56317694669935,45.58753715308889],[11.563098398473747,45.58763275295083],[11.563071890102174,45.58769815653458],[11.563065465549492,45.587754107137336],[11.563107574853765,45.5878217182519],[11.563398071144878,45.58804010267869],[11.563490612527463,45.58816955432892],[11.563571573437114,45.588282810007655],[11.56366994388663,45.58847232414334],[11.563710350599171,45.588667896100546],[11.563682457419507,45.58870914206974],[11.563639427120135,45.58875924486152],[11.56356864781024,45.588787709963796],[11.563502502203063,45.5888085324924],[11.563413554717831,45.58879704511413],[11.563379867261427,45.588784069346914],[11.563345387850832,45.588751482499646],[11.563311003582253,45.58869387835281],[11.563306134428316,45.58858013547533],[11.563308780660073,45.58850833672872],[11.56328365052769,45.58843509227879],[11.563172808383884,45.588337668869485],[11.563090732449052,45.58830890853187],[11.56298030632115,45.58830508687213],[11.562895321525701,45.58832499712159],[11.562822556412065,45.588359934079186],[11.562762176097442,45.58841349632998],[11.562719189897866,45.5884680155606],[11.56269764802487,45.58851665719514],[11.562499223470628,45.58872003529931],[11.562205793802802,45.58889224191419],[11.562170582587225,45.58892455337102],[11.562123345955914,45.58896790190131],[11.562036508022398,45.58905986155613],[11.562006494535487,45.58910609813831],[11.561977808333664,45.58915028866387],[11.561957743833354,45.58921644837928],[11.561946324618141,45.58942430221389],[11.56194021690893,45.58953548040311],[11.561902391517288,45.58969024833621],[11.561812285611392,45.58978175907792],[11.561645909628956,45.58990309271838],[11.561514976593466,45.590002014562295],[11.561470007957734,45.59004742269999],[11.561400350848299,45.59018037113552],[11.561349832060772,45.59022617468529],[11.561267295499007,45.590301106932245],[11.56122786520815,45.590336944891796],[11.561148072816298,45.5904147984727],[11.561085206701463,45.59047661384733],[11.561082025752995,45.59053619012822],[11.5610805309087,45.590582164723344],[11.561079405756505,45.590614317832646],[11.561077311766924,45.590674002044956],[11.561064382326204,45.590702343337234],[11.561036417051788,45.590762154269974],[11.560988268400283,45.590818840903616],[11.560959727434213,45.59084772141771],[11.560905726324068,45.5908805808942],[11.560856938261077,45.59090344462648],[11.560795368642708,45.5909367744635],[11.560763439440047,45.5909549016255],[11.560723361475192,45.590999287941095],[11.560680186454785,45.59104833340481],[11.56064537766955,45.59112610744793],[11.560645523213767,45.5911645526682],[11.560646365977357,45.591228631974936],[11.560721448320868,45.59140445087464],[11.560935657222531,45.591603969643764],[11.560963317413535,45.59164835408892],[11.560952773728369,45.59171326309092],[11.560945802502724,45.59176995939864],[11.5609399094167,45.59180363804123],[11.56092292233058,45.59191627804445],[11.560912115821537,45.59198795011119],[11.560950069076329,45.592117614736885],[11.561045176205164,45.592207292198886],[11.561144984580855,45.59223115650308],[11.561292600641794,45.592235043893176],[11.561410828775093,45.59226929700594],[11.561451626302992,45.59232058840483],[11.561465935408348,45.59238147437811],[11.561420365646585,45.5924788083882],[11.561411376290838,45.592534817303736],[11.561421856374587,45.59261914991473],[11.561459032158234,45.592680466155414],[11.561586724749661,45.59280991728028],[11.561645629496935,45.59283649826861],[11.561744308827407,45.59283133612141],[11.561844337471936,45.59277983351562],[11.56188132675725,45.5927285105226],[11.561933712223448,45.59265901340296],[11.561979721965164,45.592554069631746],[11.562025078818927,45.592525011316155],[11.56209076104638,45.592532172081064],[11.56212572282379,45.5925584773542],[11.562161677627634,45.59268179919287],[11.562151094456967,45.5928998631071],[11.562102682278297,45.593075571309555],[11.562032695975082,45.59317165328981],[11.562023315471427,45.593275377198616],[11.562045323190487,45.59330818671046],[11.562094881735767,45.59335478067498],[11.562748163185194,45.59356694507604],[11.563032396569678,45.593614570271775],[11.563112041631951,45.593646086462634],[11.563158836199316,45.593688241436624],[11.563203702546044,45.5938006478634],[11.563179319815202,45.59402532248652],[11.563129406805157,45.5941398568839],[11.56305876567824,45.59422155232031],[11.562959146520926,45.59431272841532],[11.562944592355077,45.59436093234374],[11.562956764002244,45.5944029636574],[11.5630152836313,45.59443091805659],[11.563129734656357,45.59445668777247],[11.563462993923258,45.59445460489412],[11.56355454743648,45.59446605081571],[11.56362238869925,45.59450638911045],[11.56362943320177,45.594562481888396],[11.563608165499849,45.59460166447372],[11.563510021966188,45.59464257151868],[11.563399685821159,45.59469725669606],[11.563364970716025,45.59472323943693],[11.563343636189758,45.59476152335597],[11.563340976211453,45.5948197062898],[11.563388282781988,45.594943880862836],[11.563421247519909,45.5950298128678],[11.563513957508306,45.59515104523516],[11.563572341659786,45.59525054722653],[11.563569779056953,45.595363119297446],[11.563503795400898,45.59555752467137],[11.563365725967168,45.595856892744536],[11.563364849064799,45.59602907134538],[11.56339769961542,45.59608887103724],[11.563444701307683,45.59613552091108],[11.563558509469487,45.59620954365076],[11.563594115843886,45.59623267908112],[11.56366050805383,45.596275300174604],[11.563688865568688,45.59629383224197],[11.56375239885547,45.5963354166409],[11.563954726271273,45.59646700905452],[11.564081222333702,45.596530859440215],[11.564137285094654,45.59653401803417],[11.56420467850013,45.59652170204159],[11.564388301456265,45.5963968728825],[11.564510334300154,45.59634206623223],[11.564619628831439,45.59631435647058],[11.564731922956131,45.59633073711217],[11.564802268638953,45.59638316370018],[11.564816706833524,45.596446746670345],[11.564764818819404,45.596546024143514],[11.56468009495739,45.59662535819067],[11.564666935655087,45.596651850792924],[11.564570159249993,45.596758252871396],[11.564512904202322,45.59687032172397],[11.564507433469341,45.59691905088176],[11.564522127700803,45.59696012523234],[11.564546371066664,45.59698568489812],[11.564608039507265,45.59700244500442],[11.5647027533352,45.59701277487437],[11.56483984675574,45.59701059506248],[11.564976655757913,45.59700212066385],[11.565153631865904,45.59697474126251],[11.565263226410195,45.59695541952831],[11.565329162944776,45.59694379449313],[11.565426671694558,45.59694520381591],[11.565507726677637,45.59697938608855],[11.565598484020963,45.59704044555373],[11.56563479713662,45.59706240331291],[11.565664856743922,45.59710727093514],[11.565664101780797,45.59714689300652],[11.565635817588177,45.5972233976322],[11.565591419791039,45.597268240947045],[11.565444252911272,45.59735885849769],[11.565344949528841,45.597402495315265],[11.565234426398057,45.59743873046771],[11.565193643626994,45.59745136725763],[11.565118179258057,45.59747493570485],[11.565054984447206,45.59749448574337],[11.565007435270102,45.59750979212085],[11.564943493348693,45.597536974764495],[11.56488765871304,45.59756010562826],[11.564831893023564,45.597591471876584],[11.564789022418259,45.59761555179537],[11.564759862391366,45.59767487195822],[11.56478740713975,45.59771655948898],[11.564864497191245,45.59774813094429],[11.565216611009054,45.59777823235732],[11.565340040202097,45.5977959851051],[11.565539606923938,45.597824689565016],[11.565742893538735,45.597848192014176],[11.565788683079694,45.59785682835673],[11.565830716332924,45.59786249771124],[11.565921297977539,45.5978945033203],[11.56611554429208,45.5979637478589],[11.566185258176725,45.59797498137968],[11.566253173048784,45.597971483495435],[11.566433424908565,45.59796220181854],[11.566476675750977,45.59796631066557],[11.566680028946609,45.59805566962849],[11.566797800330987,45.59813583152064],[11.56684321809225,45.598178015917256],[11.566863481673245,45.59827088072297],[11.566869330322332,45.598342833200455],[11.566862410306653,45.5985260966616],[11.566846608531185,45.59858748430614],[11.566795353433584,45.598644443900334],[11.566751710865715,45.598671528494435],[11.566680923941293,45.59869382175619],[11.566588574372096,45.59869319853202],[11.566529948257111,45.59867291375848],[11.56639606434261,45.598587710412545],[11.56633037727642,45.59854238372391],[11.566227494700895,45.59853569527327],[11.565994760671268,45.598605734022314],[11.565872963531577,45.598690382083504],[11.565855759160453,45.598734873534454],[11.565858433185573,45.59876541737218],[11.565869204173167,45.598804780384754],[11.565968300410804,45.59889706436271],[11.566011582957907,45.598922599930034],[11.566121152518688,45.598987239841755],[11.566173773637528,45.59904456455317],[11.566193716526122,45.59908822194474],[11.56617416825341,45.599221876688446],[11.566146525418649,45.599346713118194],[11.566143290427584,45.599500704723404],[11.566223131906117,45.59959252116137],[11.566376970805251,45.59970427598562],[11.566495569708678,45.59980242368546],[11.566532697479529,45.599857395283045],[11.566538418161906,45.59992657468133],[11.56649875489845,45.60004101864927],[11.566465699088754,45.600141185846276],[11.566362916465538,45.60023926152865],[11.566308504540673,45.60033949650328],[11.56626582620754,45.600443968270135],[11.566182612740196,45.60067176600266],[11.566122360056717,45.600812636471176],[11.566128788518911,45.60087209672553],[11.56612673867146,45.60091188380275],[11.566118125052698,45.600997580291605],[11.56612139141219,45.60109493267527],[11.566209820070366,45.60120914898302],[11.566410341821738,45.60133358203481],[11.566477143850198,45.60137983141893],[11.566543801897504,45.60142432787528],[11.566602000190981,45.601468925372515],[11.566702412280257,45.60153862580716],[11.566750691880975,45.60160106148673],[11.566821003512924,45.60163448162563],[11.566871611947287,45.60168131989845],[11.566920713951443,45.60173622735077],[11.566930956702516,45.601810799339],[11.566947532915608,45.601929772030374],[11.56695547133117,45.60202016224873],[11.566996994355879,45.60208780749004],[11.567019964605677,45.602237468046575],[11.567042480342737,45.602329116478664],[11.567050310132974,45.602363395936194],[11.567054238462486,45.60241477350077],[11.567057462158186,45.60245647086653],[11.567060929530182,45.60250583983652],[11.56708108211375,45.60262634508607],[11.567107024145113,45.60274377947031],[11.567089605946427,45.60287069314818],[11.567080751242711,45.60293155012586],[11.567042383585413,45.6029900193351],[11.566998923227734,45.60304594950217],[11.566914389352682,45.603162882274425],[11.56685057370699,45.60319865472195],[11.566799016186359,45.60322707122115],[11.566513548797607,45.60331604506057],[11.566231786922744,45.60337998459465],[11.566012846818365,45.60341551066798],[11.56575959947171,45.60343573580493],[11.565631729575507,45.60345925098107],[11.565481322039137,45.60347671514268],[11.565100008576554,45.60344772697843],[11.564972941470241,45.60344518124484],[11.564898908428217,45.60346184408168],[11.564848549422727,45.60347317828718],[11.564736762641456,45.6034963923351],[11.564655391355702,45.603511722078856],[11.564566015841768,45.603513950372],[11.564496739719509,45.603505994151156],[11.564412126632861,45.60349716364192],[11.564359090259142,45.603500853685865],[11.564250094602233,45.60351002487269],[11.564171615671917,45.6035324893265],[11.564027576818491,45.603607733637084],[11.563774535600203,45.60376733526511],[11.563474115433152,45.60394962546792],[11.5631863533419,45.60410752919431],[11.563132931669669,45.60414431464822],[11.56283036977529,45.604322299169894],[11.562617373578721,45.604460296594624],[11.562350919221343,45.60466340073959],[11.562248729279712,45.60475660501416],[11.562181509080963,45.60491449243642],[11.56212817881343,45.6051194951471],[11.562103255061512,45.60521182031566],[11.561929883093583,45.6056395670664],[11.561905037673188,45.6057216579207],[11.561859660904462,45.605871571393294],[11.561798276301195,45.606016065318684],[11.561754369762836,45.60606565675853],[11.561703678353611,45.606114638028544],[11.561703774034285,45.60618380610444],[11.561722113903967,45.60621480858457],[11.561761226496547,45.60624156445543],[11.56184168987213,45.606265632682906],[11.56189202551477,45.60627215861467],[11.561941727611584,45.606277557396],[11.561987053606833,45.60628516873085],[11.56202245724211,45.60629094235916],[11.562152208007685,45.6062895399607],[11.562242604458591,45.606288257374516],[11.562362745973267,45.60628628910209],[11.56248653418536,45.60627707663695],[11.56258979047327,45.60626855714064],[11.562789594324908,45.60625165136512],[11.562855711394038,45.60625705120512],[11.562919027534406,45.60628138749362],[11.562956366365604,45.60631687788385],[11.562970942213385,45.606369023750645],[11.562994717419274,45.606493731068774],[11.563030635917057,45.6067039016896],[11.563067042624708,45.60689565308596],[11.563092379204623,45.60703147954244],[11.563096186495423,45.60705907979345],[11.563103471638769,45.60711642186302],[11.563113206635144,45.60718463452186],[11.563106003910347,45.60734299318842],[11.563113178051488,45.60739770131134],[11.563119692651487,45.607444015369694],[11.563122537842466,45.60755946050578],[11.563114375383114,45.60767863801897],[11.563080557290832,45.60775118141168],[11.563016539672287,45.60782242163391],[11.56292851232165,45.607895866041225],[11.562873872358953,45.607950574779295],[11.562496912603141,45.60818088508629],[11.5624567971446,45.608205394605406],[11.562371291726352,45.60823781415774],[11.562209663006556,45.6083510126855],[11.561972052213981,45.60846546157315],[11.561903604165726,45.60850683397269],[11.561694762862095,45.608652589837085],[11.561577129934712,45.60869057050142],[11.561474580227648,45.60873694823743],[11.561396652183648,45.60875721741957],[11.561176372429232,45.60880780962683],[11.561093280769521,45.6088264131159],[11.561006382513886,45.60884706868654],[11.560900754256629,45.60887305896366],[11.560702841095887,45.60892170564739],[11.560606882856709,45.60894207266554],[11.560535572123023,45.60895744833395],[11.560363262801394,45.60899459907952],[11.560174744134102,45.609035244563906],[11.560092171946506,45.609053047172615],[11.56005678565038,45.60906067616079],[11.56002364313858,45.60908139379341],[11.559991818653373,45.60910128706022],[11.559925531263346,45.60910244041071],[11.559859647607139,45.609119281765075]]]}}]}
