{"type":"FeatureCollection","metadata":{"code":"037061","referenceDate":"2026-01-01","sourceDbfExportDate":"2026-02-18","upstreamArchiveUrl":"https://www.istat.it/storage/cartografia/confini_amministrativi/non_generalizzati/2026/Limiti01012026.zip","sourceManifestSha256":"70ac8256c4785dc6ed2814c32b6965ae76f9161b51abaa1660059e1c6cbd8ca6","license":"https://creativecommons.org/licenses/by/4.0/","attribution":"Istat, Confini delle unità amministrative a fini statistici al 1° gennaio 2026, versione non generalizzata.","modifications":["Converted from WGS 84 / UTM zone 32N (EPSG:32632) to RFC 7946 WGS 84 geographic coordinates.","Converted from shapefile to per-municipality GeoJSON without geometry simplification."]},"features":[{"type":"Feature","id":"037061","properties":{"code":"037061","name":"Valsamoggia","alternativeName":null,"regionCode":"08","regionName":"Emilia-Romagna","territorialUnitCode":"237","territorialUnitName":"Bologna"},"geometry":{"type":"Polygon","coordinates":[[[11.178706460091737,44.537386647915255],[11.17917143472694,44.53909555392912],[11.179353066318695,44.539753655603974],[11.179780924952249,44.54130357279825],[11.179795484774438,44.54135673836831],[11.180238194343573,44.54292993853278],[11.180439670521972,44.54364797518076],[11.181091881007132,44.546006557010294],[11.181447717656367,44.54733885946228],[11.181656712752744,44.54814171656984],[11.181676276774914,44.54821017873581],[11.181812761601629,44.5486872539287],[11.181917986825821,44.549060252182635],[11.182112575150203,44.549845656715306],[11.182128129408678,44.54990331047396],[11.182002394714342,44.54994907537083],[11.18188981671584,44.549984386105024],[11.181793670744698,44.550028460832024],[11.181420657773309,44.55015318110462],[11.179418438615295,44.55085648388809],[11.178975520126652,44.55100614973016],[11.17828007312724,44.55124223153794],[11.17766191885519,44.55146164565702],[11.177364505131548,44.55156748703068],[11.176702038141489,44.55180123589582],[11.175182882269318,44.55233713576957],[11.17498280496746,44.552402631349075],[11.174623845290295,44.552523622655],[11.172974480366014,44.553103125696005],[11.172932373876174,44.55311764341219],[11.172543109981957,44.553253054456704],[11.172232466434318,44.55336108144896],[11.171952708473457,44.553456424190564],[11.171645737874588,44.55355961196596],[11.171263705787254,44.55369741257805],[11.170302992002856,44.55401725641205],[11.169625065083848,44.55425971950001],[11.169305590792861,44.55436594108917],[11.169172494241565,44.55441324421162],[11.168313766445072,44.554715669732516],[11.167098825516103,44.55514103609619],[11.167016562139523,44.555170753063805],[11.16672770450792,44.55527417792549],[11.16567417124329,44.555617129870356],[11.165508595393517,44.55567259527221],[11.165380504716383,44.55571947761679],[11.165222056106376,44.55577593092736],[11.165095453052622,44.55582053500605],[11.164358992113465,44.55607812259685],[11.16416525578797,44.55614585562455],[11.163619400354193,44.55633685046718],[11.162391391812962,44.55677255472527],[11.162296622798833,44.556805858601244],[11.1621708293578,44.55685156850926],[11.161548843770172,44.55707658982261],[11.160868176299358,44.55731171652852],[11.160310473721454,44.55750907478418],[11.160182212226516,44.557554386276195],[11.159184037275446,44.55790729296996],[11.15902711178666,44.55796201368055],[11.158983663224493,44.557979139846616],[11.158921597708739,44.558003939818505],[11.15881900589803,44.558038513155175],[11.158246930060804,44.55823106379272],[11.157770734504734,44.558398734885174],[11.157326149682863,44.55854893681146],[11.15706739645166,44.558638783043634],[11.15642975721946,44.55886689446862],[11.155999600682113,44.559024671569986],[11.155547832429221,44.55919356811296],[11.154928596039348,44.55943087352433],[11.154415619447738,44.55962680588907],[11.153986730633326,44.55979749528257],[11.153665374285433,44.55996054951289],[11.15360504005549,44.55996785984533],[11.15342957083862,44.559989742988044],[11.15325758470154,44.56004193735756],[11.153111212358137,44.560085222927505],[11.152998023210111,44.560119404827546],[11.152957959416023,44.560131505373086],[11.151612366292039,44.56056197204647],[11.150010516986796,44.561086724360266],[11.149402005260999,44.56129568018536],[11.148693610802757,44.56152845369816],[11.147832405550064,44.5618108038647],[11.147364666007675,44.56196420773234],[11.14549601079632,44.56257605294187],[11.145373071864496,44.56261546451292],[11.145312360565487,44.56263512359214],[11.14526722889483,44.562649486275305],[11.145148972314768,44.56268659139571],[11.144836809312302,44.5627802348257],[11.144516776738543,44.562894822839525],[11.144015468102035,44.56306685398036],[11.143765606519283,44.56316325129037],[11.14353022028671,44.563226191191355],[11.14349136866225,44.56323986359427],[11.143440179033231,44.56326313655479],[11.143349773306674,44.5633039093567],[11.143252611567412,44.56333724231182],[11.142930835841664,44.56344735913932],[11.142816576358083,44.56348664643927],[11.142247938697261,44.56368973638097],[11.141489536344105,44.563954911391995],[11.14124109140709,44.564047921352554],[11.140897207158389,44.56417812840254],[11.14068200433974,44.564253170396064],[11.140431113492054,44.564340780634716],[11.140339775193505,44.56437267674989],[11.13952179447817,44.56465856672067],[11.13865290480946,44.56495955018867],[11.13837157557838,44.56505707701956],[11.136826532689225,44.56559239838528],[11.134736134361109,44.56632470179281],[11.13462724596826,44.56635992473912],[11.133728970212243,44.566676060899816],[11.133003954020571,44.56693098663473],[11.132555723507915,44.56707101957882],[11.132149896675092,44.56720913349306],[11.132055052910413,44.56724128919154],[11.13175758540703,44.567361061803794],[11.131688293162487,44.567394805239324],[11.131612146313376,44.56741610731869],[11.131585685873125,44.56737793740832],[11.13155754359645,44.56734829726268],[11.131505809898883,44.56731978448059],[11.131464672610356,44.56729738189133],[11.131412146094387,44.567268778539564],[11.131348381907767,44.567234054403045],[11.131305744015382,44.56721083533646],[11.131268087693114,44.567190329335396],[11.131206824094335,44.567156967328536],[11.1311431308451,44.567122282263526],[11.131095958743066,44.56709659375002],[11.131040930884716,44.567066627126884],[11.130956101476173,44.5670204315842],[11.13091241930199,44.566996643998564],[11.130846656457663,44.56696083157265],[11.13073735469056,44.566897699797806],[11.130641175076702,44.56684214799503],[11.130523115549174,44.56677395710723],[11.130441416644679,44.56672676829576],[11.130383290971805,44.56668340491216],[11.130312956121562,44.56663093192602],[11.130214496648936,44.566557477600135],[11.130164653150217,44.56651719956389],[11.130046697464607,44.566421879876245],[11.129827768792117,44.5662449627122],[11.12980084769705,44.56622320714999],[11.129764943421696,44.56619419209838],[11.129731264551685,44.56616697563257],[11.129703122545957,44.566144234542435],[11.12966195057949,44.56611107664496],[11.129618940797203,44.566076765584754],[11.129588426281869,44.56605243566836],[11.129561184253593,44.56603071484362],[11.129528401248157,44.566004576311045],[11.129478438810755,44.565964739512175],[11.129433453221017,44.56592887089162],[11.129400419996836,44.56590253263209],[11.129353553313315,44.56586832582067],[11.129312504988985,44.56584479007426],[11.129278731136774,44.56582551816065],[11.129228481353882,44.565796846123774],[11.12917013187468,44.565763551997165],[11.129102338764167,44.565724868611575],[11.129041504738925,44.56569015694698],[11.128996418788049,44.565664431353454],[11.128949527191196,44.56563767441765],[11.128890402546187,44.56560393817535],[11.128834846785832,44.56557223743755],[11.128778915579346,44.56554032311195],[11.128737727918752,44.56551682126424],[11.128688288233443,44.56548814468501],[11.128637978863065,44.56545112726829],[11.128609370821353,44.565429086888166],[11.128568142564598,44.56539732322998],[11.128523638866366,44.565363037806286],[11.128435670658003,44.565295264059266],[11.128403011741447,44.56527139692082],[11.128367258378747,44.56524555109604],[11.12833048189714,44.565218963621845],[11.128280699128638,44.565182975118134],[11.128249567113356,44.565160468557295],[11.128200476409651,44.565124980259576],[11.128168193345335,44.565101641696],[11.128111616590019,44.565060741063164],[11.128058177649496,44.565022108159845],[11.128020187006609,44.56499464386643],[11.127966684818118,44.56495596528572],[11.127917091314538,44.56492011263262],[11.127863915244648,44.56488167099231],[11.127784139551748,44.56482399789781],[11.127747489080985,44.56479750151109],[11.127706676607563,44.56476799752156],[11.127678288292987,44.5647474742347],[11.127655863564616,44.56472479982631],[11.127571573746101,44.56463956759517],[11.127509393749431,44.564576693321264],[11.127451907598156,44.56451293211756],[11.127407917752663,44.56446414082987],[11.127363165483674,44.56441450309205],[11.127314675720038,44.564360719104684],[11.12727386194713,44.564315449780125],[11.127228184713594,44.564264785832435],[11.127185243815365,44.56421715784154],[11.127115367321398,44.56413965183199],[11.127057605202975,44.56407558498002],[11.126990129294901,44.56400074122006],[11.126927471116163,44.56393124157841],[11.12679641839063,44.56378413336178],[11.126739146411575,44.56371874194609],[11.12669639882019,44.56366993443713],[11.12663364798518,44.563598287455925],[11.12658690046257,44.56353639994206],[11.126560829773295,44.563498279196196],[11.126512955500822,44.56342827526633],[11.12647155777583,44.56336774195746],[11.126426991700487,44.563302573736834],[11.126390201738895,44.56324877847722],[11.12635213487819,44.56319311465984],[11.126316167033501,44.56314052030258],[11.126285946719516,44.56309633076289],[11.126252601962447,44.56304757121426],[11.126224047005252,44.56300581552905],[11.126190564073013,44.562956855078184],[11.126161301588228,44.56291406466108],[11.126110820757892,44.562843136828825],[11.126066939348668,44.56278218689331],[11.125989692284193,44.56267489577677],[11.125972878065479,44.56265154128599],[11.125948732633136,44.562624212767986],[11.125888709330093,44.56255627672293],[11.125812943932905,44.56247052341949],[11.125767717527445,44.562419334631954],[11.125710675531677,44.56235704066951],[11.12566407757194,44.56230974575991],[11.125611415204649,44.56225629619413],[11.12555364560547,44.562197663518724],[11.125492999473304,44.5621361108383],[11.125431079879629,44.56207326476573],[11.125374904560116,44.56201624977664],[11.125320325844346,44.56196085429687],[11.125259688054372,44.56189930943682],[11.125228091123622,44.56186724101732],[11.125205110883416,44.56184391567254],[11.125158193460972,44.56179629700697],[11.125104227630379,44.56174153729361],[11.125037735227526,44.561679930248204],[11.124933749127813,44.561583582643365],[11.124872905033724,44.561527207958655],[11.124816914076984,44.561475329695554],[11.124758836856552,44.56142151868231],[11.124712635558781,44.56137871185125],[11.124647229307346,44.561326438875966],[11.124612965369376,44.56129905531476],[11.124589108101247,44.56127998815213],[11.124555399332861,44.56125304886866],[11.124497893007419,44.56120708899527],[11.124413941020732,44.56113999536872],[11.124356742284629,44.56109428086963],[11.124275685317468,44.56102949913033],[11.124222241478734,44.56098678725272],[11.124181328610584,44.560954089756365],[11.124100674040307,44.56088962809544],[11.124052096495424,44.560850804707606],[11.12400764163732,44.56081506087833],[11.123972506858486,44.560784077012606],[11.123916112023494,44.56073434481316],[11.123842836254196,44.56066972678323],[11.123815429242423,44.56064555714912],[11.123759584115367,44.560591062214634],[11.123714551650863,44.56054711781697],[11.123637995446442,44.56047241123786],[11.12356765410747,44.56040474510412],[11.123502340725427,44.56034261197685],[11.12343800696077,44.560281408555696],[11.12340241565625,44.560247550396134],[11.123380371166837,44.560226579436154],[11.123336725709798,44.56021616958193],[11.123293248466037,44.560180655756724],[11.12324631426028,44.56013578237159],[11.12319370265365,44.56008547980665],[11.123131012665317,44.56002590120184],[11.123044245626733,44.55994491940396],[11.122963127915911,44.55986921058923],[11.122910959495906,44.559820520103656],[11.12285040100992,44.559763998572194],[11.122824105754479,44.559739456924504],[11.122793030698881,44.55971093410973],[11.122760096829557,44.559680706562766],[11.122713637456624,44.55963806395245],[11.122683246425172,44.55961016936804],[11.122620345017582,44.55955243452389],[11.122568733860792,44.559505063190166],[11.122499658145173,44.55944166165598],[11.12244793482904,44.55938739281988],[11.122401437141512,44.55934271442228],[11.122352935909621,44.55929858189522],[11.122309649763967,44.55925928487829],[11.12226258276465,44.55921809288024],[11.122218664856579,44.559181398498275],[11.1221478050953,44.559124420801936],[11.122115988933004,44.5591003264125],[11.122062359803834,44.559064060057146],[11.122018577201343,44.55903558148391],[11.121964105364103,44.55900051457761],[11.121908279761271,44.558964575255885],[11.121839194970674,44.558919413493506],[11.121783907427472,44.55888313461756],[11.121719399110972,44.558841104325666],[11.121674410102843,44.558812127694665],[11.12163810871797,44.55878874670391],[11.121599652873044,44.55876397794034],[11.121535335541283,44.55872255256462],[11.121488874466337,44.55869121214617],[11.121425281981388,44.55864661875415],[11.121326502402972,44.558577351473275],[11.12129481545962,44.55855513147713],[11.12126944457426,44.55853388611805],[11.121178424209585,44.5584600461907],[11.121125593003985,44.558413482784005],[11.12107897167619,44.55836975230189],[11.121040642839414,44.558331903923964],[11.121012644570838,44.558304256113956],[11.120989295727268,44.55828119962716],[11.120956019150151,44.55824572044549],[11.120920418767339,44.558207761018835],[11.120890709078669,44.55817608393535],[11.120856161568303,44.55813889084826],[11.120809474103185,44.558085636813374],[11.120787313974022,44.5580603606855],[11.12076480805228,44.55803256756977],[11.120741399068741,44.55800365780765],[11.120698292138036,44.55795052446425],[11.120670509108127,44.55791645467139],[11.120629374841608,44.55786600972075],[11.12059504975215,44.557825537303046],[11.120558712655908,44.55778877347677],[11.12053632324148,44.55776612129215],[11.120506543607442,44.55773645746941],[11.120469486255079,44.55770014001394],[11.120416533006674,44.55764824184355],[11.120318217606389,44.557551884564184],[11.12028372207897,44.557518077083685],[11.120204089576255,44.55743273119684],[11.120149577876063,44.55737407033942],[11.120112314248335,44.557333968334376],[11.120081265824311,44.557299970739514],[11.120031451172562,44.557241318022974],[11.120006703159829,44.557208629405956],[11.119971925420817,44.55716024838211],[11.119947264208097,44.557124574703344],[11.119912704975091,44.55706993554952],[11.119889957149478,44.55703396975552],[11.119861381831228,44.55699230913969],[11.119839819736425,44.556960872993955],[11.11980045281421,44.556903478279246],[11.119779300984472,44.556873802599505],[11.119754327649796,44.556839269891206],[11.119735835534167,44.556813696782044],[11.119665419236954,44.556724198467556],[11.11963538464228,44.556686689844454],[11.119561732196749,44.55659942926004],[11.119535910656879,44.55657134995601],[11.119493643675005,44.55652457343748],[11.11944464740545,44.556470079734105],[11.119404232276976,44.5564255797498],[11.119360657067798,44.556375918751925],[11.119330790511322,44.55634188280193],[11.119307429459084,44.556315259389116],[11.119270772762126,44.556271829304414],[11.119232341162379,44.55622629405594],[11.119210329554564,44.556200214532126],[11.11917969517999,44.55616298969603],[11.119144286891036,44.55611926001792],[11.119096953861266,44.55604310851955],[11.119078297798888,44.55600312169858],[11.119062900185668,44.5559661838639],[11.119040206486833,44.555911741905206],[11.119020085184324,44.55586347383982],[11.118988377032624,44.555788585206805],[11.118959945164168,44.55572143194092],[11.118934620388664,44.555661620173744],[11.118908584917316,44.555600126415506],[11.118884336993013,44.55553778924594],[11.11887048621458,44.55550218115403],[11.118855120488034,44.55546268057743],[11.118840588191514,44.555432229174265],[11.118824722057916,44.55540252722822],[11.118791867234645,44.555343414238955],[11.118774751520325,44.55531442327018],[11.118734893951753,44.55525063107986],[11.11868836332011,44.5551905133144],[11.118624834954375,44.555128373018704],[11.118588805476794,44.55509618602575],[11.118551038744975,44.55506525380335],[11.118463676047718,44.554993699749765],[11.118380860641965,44.55492965488133],[11.118320964049639,44.554883333783025],[11.118261247636138,44.55483715244986],[11.118185318179487,44.55478107834371],[11.11809503753681,44.554714407100015],[11.118020145497388,44.55465908605193],[11.11796017922638,44.554614784421396],[11.117929339181943,44.5545925252566],[11.117868136305189,44.55454835274838],[11.117834806164117,44.55452429603471],[11.117783709984355,44.55449168158833],[11.117698571287358,44.554433936974554],[11.1175890998491,44.554352235090775],[11.117515725727316,44.554299650228536],[11.117431008362272,44.554241739153525],[11.11733636193213,44.554185067263354],[11.117266977751832,44.55414961657255],[11.11722315077022,44.55412814542511],[11.117141536757588,44.55408815913041],[11.117087234357603,44.554063140745804],[11.116969153077898,44.55400873604983],[11.116915072309936,44.553983818802614],[11.116810213547746,44.55393645360144],[11.116677800104483,44.553876640055975],[11.116645304489012,44.5538619616579],[11.116554044335803,44.55381808284243],[11.116476975626279,44.55378102764767],[11.116413237174877,44.553750380846594],[11.116322001142063,44.55370649779632],[11.11619613136979,44.553645904298435],[11.1161084514137,44.553603694447105],[11.115986952604988,44.5535475227624],[11.11586412106509,44.55349073556837],[11.11578135253139,44.55345247027089],[11.115714086010765,44.553419920510024],[11.115673769681964,44.55340041107266],[11.115634247580466,44.55337853274093],[11.115583753955116,44.55334896789591],[11.115535701729488,44.553317807551345],[11.115507176526158,44.55329562816471],[11.115468713267324,44.55326572150344],[11.115422899177634,44.55323009939517],[11.115392194863347,44.55320511105742],[11.115359900115019,44.55317882880913],[11.115325918929726,44.55315117430527],[11.11528573228237,44.55311765529009],[11.115249343135925,44.55308459434747],[11.115225829819593,44.55306302602497],[11.11520234908372,44.5530414877025],[11.11517775883963,44.55301893284036],[11.115152687980984,44.55299593495041],[11.11511912482926,44.55296514876082],[11.115088799241523,44.552937331930394],[11.115056462924679,44.5529076708151],[11.115034128335543,44.552887183424474],[11.114968077918684,44.55282642106582],[11.1149385502842,44.55279918357893],[11.114902823830956,44.55276622818023],[11.114872986283867,44.55273870563559],[11.114834080356886,44.55270281667381],[11.114794006809813,44.552664723002124],[11.114764743126027,44.552636321954225],[11.114731144317725,44.55260116918124],[11.114703001096741,44.55256755200122],[11.114681672760435,44.55253990689375],[11.114663130543368,44.55251316264195],[11.114630782551274,44.55246572072075],[11.114607727791826,44.55243153122842],[11.114581044875939,44.55238831367664],[11.114554736481315,44.552345702253696],[11.114534554551962,44.55231407567002],[11.114512475540767,44.55228023088662],[11.114474208169417,44.552221568871545],[11.114454525327085,44.55218832067576],[11.114434234247543,44.55215228755536],[11.114413760189104,44.55211592922774],[11.114399744865814,44.55209104113375],[11.11438449565592,44.55206396126775],[11.114369177797343,44.55203675843609],[11.114348132159378,44.551999946151355],[11.11432704627341,44.55196327324695],[11.11430468646977,44.55192365039522],[11.114275077785909,44.551873020253744],[11.11425256570155,44.55183718577615],[11.11423073466358,44.55180277368493],[11.114200543902689,44.55175518725594],[11.114169441802401,44.55171379163225],[11.114134195646656,44.55166688306975],[11.114110613603533,44.55163549852327],[11.114078176887483,44.55159653036472],[11.114046643186194,44.55155864738477],[11.11399165119258,44.55148945495422],[11.11396333324247,44.55144709215969],[11.113945267718579,44.55141826477582],[11.113923007207843,44.551377372450496],[11.11390650797582,44.55134430557287],[11.113882777215524,44.55129674347905],[11.113860689792968,44.551242967111676],[11.113831267857455,44.55117132868137],[11.113815482083213,44.551132893872456],[11.113799320721487,44.551092986899164],[11.113776347131486,44.551034968723464],[11.113749589141664,44.5509673906019],[11.113726802703532,44.55090984428366],[11.11371174842693,44.55087182353539],[11.113702665143167,44.55084571871758],[11.113685352913462,44.55080500300084],[11.113673448047615,44.550761750180435],[11.113663308323238,44.550720480345085],[11.11365218299668,44.55067236522468],[11.113641988893425,44.550631678857584],[11.113619943946718,44.55057064740965],[11.113603953123691,44.55053978839532],[11.11356825511605,44.550487738564975],[11.113548688877637,44.550463694936184],[11.11351313115206,44.5504253227416],[11.113482346200733,44.55039592142798],[11.113444862324558,44.550361165178124],[11.113393030101726,44.55031785565238],[11.113328742188951,44.55026464702601],[11.113284839151472,44.55022958103057],[11.113235479374302,44.55019046855882],[11.113187682488045,44.55015269011954],[11.1131205567349,44.550100406249136],[11.113088303024089,44.550075284811136],[11.11305975178926,44.550053045864985],[11.113008634572141,44.55001323121578],[11.112950759797155,44.54996657725315],[11.112880696557871,44.54990968069341],[11.112834376512156,44.5498720656251],[11.112793237102874,44.549838658772536],[11.112765616277953,44.54981606673827],[11.11272248402975,44.54978036418371],[11.112687930473118,44.54975176160029],[11.112635935440485,44.549708723014284],[11.112580725694137,44.549663021525895],[11.112548257934435,44.54963614659929],[11.112466566467267,44.54956376543674],[11.112433756470788,44.54953421405427],[11.112386996411788,44.54949068507582],[11.11234788564842,44.549454249881414],[11.112299684457234,44.54940919639483],[11.11225245273564,44.54936504771022],[11.112200242667143,44.54931270698009],[11.112167402887449,44.54927978462109],[11.112111488914778,44.5492248620302],[11.112074020738605,44.54918858180313],[11.112021297505342,44.5491364890505],[11.111993953804216,44.54910855949767],[11.111958112981105,44.54907194934153],[11.111935857528533,44.549047939875024],[11.111907438942449,44.549009609750065],[11.11189326463041,44.54897937046806],[11.111876731072321,44.54893082585801],[11.111869583261068,44.54889067803558],[11.111870171568153,44.54885707148743],[11.111873662164957,44.548793757795536],[11.111877399718102,44.54875985622288],[11.11188182809332,44.548727476803],[11.111888174453192,44.54869612420153],[11.111894670308006,44.54866531978928],[11.111904201546954,44.548630655653085],[11.111917055903184,44.54858968048007],[11.111940563796141,44.54852606489791],[11.111957979532345,44.548482280269006],[11.111971804026092,44.548447522298936],[11.111991521877108,44.54839794965701],[11.112019100218472,44.548334452308815],[11.1120355784024,44.54828111081338],[11.112044946134509,44.54824711587615],[11.112047722299566,44.54822057184975],[11.112049826169578,44.54818863333697],[11.112042844629027,44.54813669182168],[11.112018237485,44.54807599462161],[11.111992517852649,44.54804185837729],[11.111964843759662,44.548011010000266],[11.111911239966176,44.54796426207869],[11.11185290723587,44.547929192377566],[11.111796076077814,44.54790430914945],[11.11174893881733,44.547889524775975],[11.111648960107502,44.547863850648],[11.111601359252354,44.54785180525813],[11.11153233532504,44.54783369856651],[11.111461396220678,44.547814849435284],[11.111349643881695,44.54778515710497],[11.111286115569397,44.54776827740162],[11.111199508822724,44.54774467553614],[11.111133947105163,44.54772656759448],[11.110984706544095,44.5476821620995],[11.110899309083491,44.547654604435806],[11.1108243892237,44.547627454351634],[11.11077919144158,44.5476110762772],[11.110718961163371,44.54758658755122],[11.110603414926864,44.547531116544214],[11.11057238340056,44.54751532092413],[11.11046154501563,44.54745206376588],[11.110361157402492,44.547375478608025],[11.110323694446913,44.54734680124192],[11.110266400239578,44.54730294395542],[11.110201276924652,44.54725309342322],[11.110024207256721,44.54712922070403],[11.10997673323386,44.54709742522079],[11.109918745106334,44.54707068450669],[11.10988450374351,44.54706007676755],[11.109763397974609,44.547034924673866],[11.10969247661001,44.547021958170916],[11.109537081751435,44.54699810927068],[11.109413079730073,44.54697982614477],[11.109281101547497,44.54695290467405],[11.109227082689191,44.546935036094276],[11.10919095441614,44.54691247522696],[11.10916928951121,44.546885591493464],[11.109146822686855,44.54685665108677],[11.109128278162972,44.54682059012412],[11.10909337867425,44.54675272735131],[11.109073155637024,44.54671553786151],[11.109045040634793,44.54666433857072],[11.109020167785424,44.54661904175996],[11.10898801840404,44.5465604961908],[11.108951958488143,44.546494827121805],[11.108937747485056,44.54646894806747],[11.108911078651456,44.546421044864005],[11.108865631286065,44.54633940942429],[11.108828260124783,44.54627228271754],[11.10878213181487,44.54618942377223],[11.108753683464974,44.54613734561296],[11.108721371047265,44.546065034490056],[11.108681608296216,44.54597605142698],[11.108646608315963,44.54590325067016],[11.10861168502468,44.54584016942886],[11.108579784918458,44.54578397059667],[11.10854610432547,44.54572772271679],[11.108490776109091,44.54563626148828],[11.108442388450962,44.54555840272476],[11.108382381350907,44.545491586786596],[11.108337871643638,44.545457419512516],[11.108261153202854,44.545401858319316],[11.108229958621697,44.54537926634751],[11.108130946697285,44.545310161913584],[11.107994951889607,44.54521524399767],[11.107919601351226,44.54516414958268],[11.10784706733379,44.545111111680704],[11.107821427131137,44.545088519671815],[11.107804488956933,44.54506368380295],[11.10779279888702,44.54503434789267],[11.10778634479347,44.54499529429306],[11.107780902364283,44.54492864542755],[11.107776196847425,44.5448710062037],[11.107776785510266,44.54483668034497],[11.107782306973702,44.54471055811406],[11.107786255925932,44.5446572747773],[11.107788581289768,44.54460054823524],[11.107791376138534,44.544532382496094],[11.107793027563972,44.544465182233935],[11.107791074429386,44.54438701860639],[11.107785446565448,44.544308012667],[11.107774646857864,44.54426372239302],[11.107757564878684,44.544216971577455],[11.107743272126923,44.54418583278773],[11.10772112583271,44.544137580215455],[11.107696889284323,44.544084776732454],[11.107679727453364,44.54404738822274],[11.107658022457162,44.54399908247715],[11.10763800109097,44.54395452311184],[11.107619531960621,44.543913418170256],[11.107605719463983,44.54388267651027],[11.107591527864185,44.54385109200703],[11.107573057511265,44.54380998617957],[11.10754712048875,44.54374469511704],[11.107522706585703,44.54368323712132],[11.107508863273814,44.543642745362],[11.107473687628941,44.543538942698646],[11.107454410587511,44.543480364299455],[11.107429607093334,44.543396666385625],[11.107414331597585,44.543337276802255],[11.107400205982012,44.543275670269445],[11.107386191839284,44.54319915436303],[11.107384446428787,44.54314127231252],[11.107383443422634,44.54310804082891],[11.107388183379976,44.543006839450186],[11.107393482057871,44.54289370478544],[11.107419942965844,44.54275993634933],[11.107445463065028,44.54266263927842],[11.107455615582907,44.54262393357298],[11.107477545969145,44.54254032180978],[11.107493184393684,44.542483552950465],[11.107509663764308,44.542424136219914],[11.107531396602285,44.54232828912984],[11.107537321087245,44.54227110902102],[11.107534960053513,44.542207019370856],[11.107520641900166,44.54215911557089],[11.107488292394892,44.54212148704585],[11.107446252898585,44.54209359269065],[11.107408179850172,44.54206967354589],[11.107375824150221,44.542039403783974],[11.10730897752965,44.54196413316789],[11.107242071750425,44.54188920660064],[11.107219348887533,44.54186376260421],[11.107109230881367,44.54174045984762],[11.107063455586013,44.541689919975354],[11.107021516375703,44.54164361520296],[11.106847637233711,44.54145151486182],[11.106708208608,44.54129337891426],[11.106632971201751,44.5412029214899],[11.106570189752357,44.54112129793992],[11.106530656874236,44.54106989905137],[11.106505259624678,44.54104731215112],[11.106486705404281,44.54101356905985],[11.106451682379687,44.5409686830961],[11.106426823008542,44.540936822631835],[11.106398200972773,44.54090013960142],[11.106358609240917,44.540849159455455],[11.106324068591979,44.54080354254691],[11.106297000436554,44.54077402565743],[11.106252029899336,44.54070824009266],[11.10621748520915,44.54066254130213],[11.106196027957944,44.54063415512091],[11.10616442180498,44.54058696979538],[11.106135813103844,44.54054426014509],[11.106113616871667,44.54051112253198],[11.106084288452713,44.54046733683739],[11.106048819082458,44.54041438459421],[11.10600858948637,44.540360812552585],[11.105968702506571,44.540307698707565],[11.105934294218777,44.54026573426998],[11.105903419893094,44.54022807987167],[11.10584153346025,44.54016699311673],[11.105817128262096,44.54014449669135],[11.105775045473969,44.54010570492338],[11.105748390367852,44.54008287817783],[11.10566557211058,44.54001849626934],[11.105613991974776,44.53998461765407],[11.105560986314863,44.539954594991194],[11.105483243525049,44.53991792821466],[11.105415999209642,44.53989017745115],[11.105363006836173,44.539866907262905],[11.105318396120808,44.53984369764302],[11.105281049375355,44.53982275053024],[11.105217391608765,44.53978536830101],[11.105181003749522,44.539763922736896],[11.105113734258552,44.53972956348693],[11.105071251052301,44.53970813575545],[11.105019687132978,44.539682127499546],[11.104970866824333,44.53965750273915],[11.10491487351365,44.53962925974946],[11.104857250791152,44.53960019513271],[11.104803625545983,44.539573147178395],[11.104743619624722,44.53954288048936],[11.104688602176182,44.53951512984133],[11.104656148674122,44.53949876103444],[11.104618734719146,44.53947680935761],[11.104590250080921,44.53944612173029],[11.10459161871696,44.53940205512474],[11.104610742946821,44.53938047995906],[11.104651143634516,44.539365370695066],[11.104697114417094,44.53935306205019],[11.104743508275448,44.53934121191896],[11.104788711260925,44.53932963849666],[11.104838980466223,44.53931676890979],[11.10488358474778,44.53930534872849],[11.104945748634576,44.53928943388617],[11.104983207571891,44.53927984329227],[11.105036885319395,44.53926610054085],[11.105097976478994,44.53925045926719],[11.105202630369849,44.53922366533108],[11.105251806815676,44.53921107498633],[11.105305338492002,44.53919736901186],[11.105379496855454,44.53917849506529],[11.105417653258153,44.53916905171152],[11.105476903914193,44.539154386744556],[11.105533432338467,44.53914039673026],[11.105598614662046,44.539125050639505],[11.105650698947196,44.5391135174061],[11.105727999950817,44.539096698168024],[11.105782128020834,44.53908588879308],[11.105867349202255,44.53906887025518],[11.105943056950933,44.539055448114674],[11.106070152606623,44.53903314219227],[11.106107900647075,44.539026516737145],[11.106187822718553,44.5390127520126],[11.106248893934662,44.53900264615845],[11.106317359995135,44.538991315428696],[11.106379961443867,44.538980956207816],[11.106432133637602,44.53897232161729],[11.106475380676743,44.53896516515674],[11.10659197317493,44.53894613942458],[11.10669816595824,44.53892885572226],[11.106783733557398,44.53891492878489],[11.106854015603549,44.53890348949943],[11.106911566177308,44.53889412255381],[11.106971663277527,44.53888434127711],[11.107036090098928,44.53887385528124],[11.107111193564052,44.53886163095455],[11.107234401249036,44.53884238974302],[11.107442389069774,44.538809908893526],[11.107586145077851,44.53878745847954],[11.10762622204025,44.53878119914341],[11.107727230004516,44.53876410202819],[11.107876540600515,44.53873719056253],[11.107965339720732,44.5387205005072],[11.108084443846804,44.538695029661],[11.10815713336403,44.53867637458578],[11.108230456238612,44.53865312456957],[11.108287681855003,44.53863347931674],[11.108373941987141,44.538599360079836],[11.108418449572634,44.538577207460435],[11.108458163209189,44.538557439912715],[11.108503901040628,44.53853024741718],[11.108551714316302,44.53850022758038],[11.108611543724269,44.538455859882255],[11.108644218504898,44.538431630076374],[11.108708440049659,44.538390522049184],[11.108755139818125,44.5383611132615],[11.108794457634671,44.5383363519904],[11.108825673094932,44.53831803855726],[11.10886673937341,44.538293944461806],[11.108919138543246,44.538266665658696],[11.109002625960677,44.538232821328286],[11.109147677342698,44.53819460855578],[11.109199674938276,44.53818772241961],[11.109237467667123,44.538184554783264],[11.109277131415979,44.538181229230645],[11.109345762078762,44.53817679859821],[11.10938525621104,44.53817424856081],[11.109440146432876,44.53818214237195],[11.109485349556419,44.53819174018512],[11.109530371428052,44.53819004762907],[11.109601218281774,44.53818738360409],[11.109757574876458,44.53818150537167],[11.109824368951012,44.538178291326915],[11.10993430313847,44.538173002486786],[11.110093334506118,44.53816535037119],[11.110237870618597,44.53815839539196],[11.110381810263426,44.53815019179875],[11.110469218358368,44.53814520991873],[11.110518392800152,44.538142407614],[11.110694539173704,44.53813236857045],[11.1107741653198,44.5381290418603],[11.110897072065466,44.53812390745316],[11.110993511714286,44.53811987809374],[11.111079826565367,44.53811627264543],[11.111180650236163,44.538110501989074],[11.111264068091538,44.53810572832817],[11.111375709109623,44.53809776698582],[11.11146174284507,44.53808972999034],[11.11156115320074,44.53808020766658],[11.111682318107539,44.53806794760213],[11.11176569526678,44.53805951028881],[11.111863040733954,44.53804966039413],[11.111848788150871,44.53799615270799],[11.11191821839336,44.537988052501476],[11.11199047503174,44.537979621786384],[11.112082410192448,44.537968895016675],[11.112189042794844,44.53795645314075],[11.112292624145837,44.53794418195293],[11.112373523318237,44.537934927599466],[11.112444447464206,44.537926652689244],[11.11238839185889,44.537879689208175],[11.112345337444673,44.537843618596405],[11.112284565051127,44.53779270559336],[11.112234546847498,44.53775080049495],[11.112174698806683,44.5377006607543],[11.112177525969775,44.53765650044616],[11.112181365238216,44.53759650843014],[11.112184971762954,44.53754017395509],[11.11218998048906,44.5374619148291],[11.112193318756272,44.537409752597135],[11.112202271315747,44.537280101453604],[11.112210062317773,44.537175931915876],[11.11221693201104,44.5370840841105],[11.112224956265958,44.536976794469645],[11.112365466491603,44.536973738266134],[11.112470318727821,44.536971457840586],[11.112543579082038,44.536969864546],[11.11258795409909,44.53696889935631],[11.11269636956117,44.53689511482974],[11.112777486587824,44.53683990892917],[11.112849656832383,44.5367907922309],[11.112946524462973,44.53672486705109],[11.1130182863115,44.53667626374754],[11.113072493119894,44.536639586019376],[11.113117212549835,44.53660939376257],[11.113155197159992,44.53658481230511],[11.113191206186661,44.53656184645127],[11.113217881110183,44.536544834804616],[11.113281214522118,44.53650444193292],[11.113314350312375,44.53648420028404],[11.113349107898737,44.53646296803098],[11.113386069727241,44.53644038869204],[11.113445730730426,44.53640394291207],[11.113478798777098,44.53638409318008],[11.113536018747373,44.53635073270512],[11.113571341045958,44.53633133635306],[11.113648219136063,44.53629346620217],[11.11368953998122,44.53627427384405],[11.11373872099289,44.536253755705175],[11.113773818658682,44.53624112796797],[11.11383024626191,44.5362231979884],[11.113870250082952,44.53621251575742],[11.113923891653487,44.53619863895318],[11.113979429473241,44.53618547782357],[11.11403345603377,44.53617267594582],[11.114094447379422,44.53615822273592],[11.114146504619372,44.5361458875948],[11.114210977695791,44.53613060912992],[11.11429642137026,44.536110361757416],[11.114340398994022,44.5360990989231],[11.114323603827915,44.536069382856155],[11.11430439890016,44.53603540549397],[11.114284248491472,44.535999752258114],[11.11426130239602,44.53595915527647],[11.11424602286282,44.53593211999693],[11.1141316316429,44.535729728286725],[11.114088636418368,44.53565365527544],[11.114030573198226,44.53555092292752],[11.113994156141356,44.53550910792164],[11.113944677307916,44.53544550011491],[11.113899061309361,44.535366346268994],[11.113859996554627,44.5352985610612],[11.113831656720452,44.53524937999488],[11.113776443926428,44.53515346368207],[11.113730241625172,44.5350730161502],[11.113685075142365,44.53499437243826],[11.113647652832487,44.534929214298764],[11.11359708256571,44.534841160297354],[11.113577556871771,44.53480716443758],[11.113550692143026,44.534758734708994],[11.113510578240026,44.53468641980666],[11.113473510179226,44.534619596777745],[11.113449559441289,44.53457642188511],[11.113396953465623,44.53448221441817],[11.113354194305156,44.53440680293351],[11.113307098113971,44.534323740320566],[11.11326867216075,44.534255969181025],[11.1132280190546,44.534182472216],[11.113183710470745,44.53410172382073],[11.113138047760627,44.53401850586329],[11.113105681335005,44.53397216922401],[11.113066590209739,44.53390245406885],[11.113032709943681,44.53384203121925],[11.113007739814535,44.53379807476876],[11.112988603376733,44.53376483411432],[11.112964281726208,44.5337225887408],[11.11289714135117,44.53360596449133],[11.11286581612472,44.53355155302245],[11.112843446928789,44.53350986925671],[11.112831014609574,44.53346638112411],[11.112890151975776,44.533428788482375],[11.112954386617483,44.53340187753013],[11.112987456015217,44.5333842983525],[11.1129888501061,44.53335380879586],[11.112978062889914,44.53331982393845],[11.112956573404697,44.533258237261684],[11.112942493484196,44.533222227449606],[11.112924967904824,44.533170744793296],[11.112910026494921,44.53312525322256],[11.11289560417643,44.53308134189409],[11.112882522788999,44.533041515413935],[11.112866765045425,44.53299318243322],[11.112854603801118,44.53295554994814],[11.112837842390007,44.53291189706248],[11.112811158859094,44.532876471587635],[11.112780154178932,44.532841277319164],[11.112761515419017,44.53281865133015],[11.112740615492907,44.532792837966106],[11.112711389933784,44.5327526161342],[11.112676482238015,44.532701546933986],[11.112648445796582,44.53266242929994],[11.112628323864223,44.532634356279424],[11.112587601447641,44.53257753938968],[11.112564540968856,44.53254536515394],[11.11254060479902,44.532511771209485],[11.11251552277814,44.53247582988976],[11.112473452895541,44.53241536574789],[11.1124509703235,44.532383054758945],[11.112421816625538,44.532341154343655],[11.112395574293883,44.53230343665523],[11.112371394610086,44.53226901984452],[11.112343670797294,44.53222959116138],[11.112315505196255,44.53218953416454],[11.11228683544208,44.5321487599819],[11.11226379414576,44.532115992959724],[11.11223971926234,44.53208175513242],[11.112206898828205,44.53203492428045],[11.112174879569235,44.53198863405386],[11.112143325460734,44.531948210282486],[11.112124851374945,44.53192552892451],[11.112104574745942,44.53190419708598],[11.1120782638537,44.5318794694832],[11.112017941259609,44.531825323249386],[11.111987385191895,44.53179700741802],[11.111957818799276,44.531770060564405],[11.11192361633377,44.53174277814639],[11.111888162824208,44.53171458889635],[11.111857314668878,44.531690061308495],[11.111825638525893,44.53166487563699],[11.111792055268703,44.53163619713104],[11.11175908758902,44.53160804378089],[11.111732834112097,44.531584861674936],[11.111698484507093,44.53155120539689],[11.111669307681828,44.53151278109956],[11.111651526441328,44.53148488606877],[11.11163184047495,44.53144806331692],[11.111619820045274,44.53142306768065],[11.11160863972523,44.531396488258075],[11.111597198373701,44.53136474169145],[11.111583401061049,44.53132488418044],[11.111576442304619,44.5312987317154],[11.111566060501753,44.53125970318217],[11.111559859687553,44.53122854477717],[11.111553129468241,44.5311883809993],[11.111547474489463,44.531145791849184],[11.111543612513442,44.53111262582533],[11.11153966282275,44.5310787043082],[11.111536783776025,44.53104585139804],[11.111534173361228,44.53101607779647],[11.11153133953053,44.53098374439758],[11.111529323645556,44.530940092254546],[11.111525094483449,44.5308484757906],[11.111524773087847,44.53081719693498],[11.111526810107808,44.530744622022844],[11.111528248604,44.53069834925991],[11.111530981322556,44.53063582904337],[11.111535412105964,44.53060566233354],[11.111543513820456,44.53056194549088],[11.111550888167924,44.530524811269714],[11.111560082711422,44.53049029823716],[11.111574332955895,44.53045279556943],[11.111590540081112,44.53042322757305],[11.111607775522192,44.53039477667751],[11.111630761058136,44.53035970696961],[11.111651073208401,44.530330375424455],[11.111673576582472,44.53029787945586],[11.11169468017333,44.5302635656499],[11.11171568507552,44.53022941211042],[11.111731132343635,44.53020351138805],[11.111745539014773,44.5301793575036],[11.1117641021496,44.53014572175591],[11.111780961710586,44.530107051775765],[11.111800535220745,44.53005917238367],[11.111811608880242,44.53002258008679],[11.111815588044374,44.52999085707218],[11.111805449204509,44.529956875396245],[11.111794082207142,44.52992516077639],[11.111779556615632,44.529884785600714],[11.111761180835195,44.52983371187696],[11.111745773300393,44.52979292538855],[11.111735829714718,44.529766605775635],[11.11172387215176,44.529734949785336],[11.111713008573805,44.529706192188755],[11.111702096337703,44.52967730675439],[11.11167493745361,44.52960541230364],[11.111664437139583,44.52957761575807],[11.111644394657848,44.529523042936724],[11.11161920180713,44.52946396326456],[11.111591110988327,44.52938668359074],[11.111580660681035,44.529357935440885],[11.111560903145044,44.52930358149639],[11.111545902665696,44.52926231481406],[11.111521651828811,44.529197815256374],[11.111511258392742,44.52917039482578],[11.111495983523469,44.5291301000863],[11.111482959594145,44.52909574411588],[11.111471200253538,44.52906472451178],[11.111455737577836,44.529023932697186],[11.11145212681563,44.528985767390935],[11.111488837075074,44.528976426164796],[11.111524157278264,44.52896462953018],[11.111512296278843,44.52893375675125],[11.111496737181966,44.52889325660729],[11.111476592334068,44.528840819251435],[11.111460380374183,44.52879861978929],[11.111447630292682,44.528765430882046],[11.111435815205224,44.528734676979106],[11.111417514503087,44.52868712360513],[11.111395906188463,44.52863137874978],[11.111375714905487,44.52857928793116],[11.111347195707165,44.52851217550272],[11.111306332004638,44.52851474254471],[11.11126166326589,44.528510014941745],[11.11124057665596,44.52846556582767],[11.111228751656908,44.52843505515429],[11.111215511282856,44.528392472107505],[11.11118599197234,44.528350366549965],[11.111148815081012,44.52831913454795],[11.111105941805283,44.52828311767756],[11.111075685386005,44.528257700271475],[11.111041949336837,44.528229359249046],[11.111007852672508,44.528201381386225],[11.110982910518771,44.52818110698203],[11.110955375262721,44.528158725306255],[11.110917528391301,44.528127961145884],[11.110874707957372,44.52809315495551],[11.11082978847677,44.52805740988057],[11.110788547264143,44.528025382358486],[11.110760874456872,44.528003891731494],[11.110725739663952,44.527976606368846],[11.110686110584272,44.52794583006827],[11.110645887256878,44.52791459300571],[11.110591471095246,44.52787165931017],[11.11054831237182,44.52783681423693],[11.110513232178368,44.52780849160336],[11.110455985490546,44.52776227201812],[11.110429606166615,44.52773568175178],[11.110403582986716,44.52770038121533],[11.110380460276582,44.52767092373651],[11.11035446975704,44.52763781470942],[11.110326396226487,44.527602050613176],[11.110298529896335,44.52756655185647],[11.110265567166511,44.52752388672802],[11.110210837401468,44.527477095643725],[11.11014623519859,44.527490168620076],[11.110118197931321,44.5274619533531],[11.11008102420954,44.52741377360918],[11.110061735414696,44.52738561449266],[11.110038762115126,44.52735049426818],[11.110011229298431,44.527308402097965],[11.109984764796506,44.5272679430473],[11.109968505849725,44.527240776715445],[11.109942914743229,44.5271980166613],[11.109926558116204,44.52717068828174],[11.109898971392475,44.52712455492717],[11.109878640064808,44.52709038242594],[11.10985719670407,44.52705433993334],[11.109839792872803,44.52702508814014],[11.109812557651153,44.52697931017071],[11.10978493262604,44.52693287770945],[11.109748028300341,44.5268708478269],[11.109723409814341,44.526829467845516],[11.109702960717254,44.526795094929895],[11.109684769066178,44.52674858714611],[11.109722879823993,44.52673700687434],[11.109748726549292,44.526716077199055],[11.109726595872035,44.52668385636738],[11.109701910137856,44.526651589120895],[11.109670138359235,44.52661005953568],[11.109639635877985,44.52657018816548],[11.109613375896705,44.52653586409493],[11.109591491604506,44.5265064546862],[11.109571050117827,44.526476817855105],[11.109542150929496,44.526434921862716],[11.109514470783243,44.526394791247256],[11.109497292202459,44.52636988527701],[11.109477850773692,44.52634169826845],[11.109460362830411,44.52631634427932],[11.109443988689543,44.52629329236976],[11.109419511288966,44.52626096539469],[11.10940036204093,44.52623567540156],[11.109383368135543,44.526213232704784],[11.109361753051601,44.52618468522355],[11.10934261575758,44.526159411204155],[11.109325226709691,44.526136444647754],[11.10929350924727,44.5260945565485],[11.109267333918872,44.52605998596163],[11.10924745111294,44.5260344862313],[11.109229377463366,44.52601130814428],[11.109205661489455,44.52598089360363],[11.109184064664882,44.52595319559264],[11.109165973905682,44.52592999530494],[11.109137315007851,44.5258932406347],[11.109094609854155,44.52583899688855],[11.109062971625594,44.52580061916115],[11.10904367544873,44.52577721155679],[11.109018589942465,44.525746781764894],[11.108993549202006,44.52571640605603],[11.10894580901288,44.525658493093005],[11.108924051921344,44.52563210066354],[11.10889310610213,44.52559456083971],[11.10886171422313,44.52555648099049],[11.108841120584586,44.52553149936189],[11.108810969756261,44.525494923409255],[11.108788736739655,44.52546866037882],[11.108764155312702,44.525439637322314],[11.10868396637072,44.5253204786665],[11.108741593678541,44.52529283415476],[11.108714189655464,44.52526000922336],[11.108682030967936,44.52522149065698],[11.10865639415829,44.52518972058014],[11.108633480974326,44.5251608548347],[11.108613002945622,44.52513505989642],[11.10858666470961,44.52510187945256],[11.108551477748467,44.52505755340644],[11.108509253427762,44.52500436105541],[11.108480369653911,44.52496797587194],[11.108438183806415,44.52491399775915],[11.10839049377846,44.52485297684266],[11.108323639277401,44.52476743482605],[11.108302556774238,44.52473743509],[11.108274001983863,44.52469680266655],[11.108241540640476,44.524651344078784],[11.108141993028442,44.52467949956775],[11.108058944710315,44.52469528236433],[11.107985702051355,44.52470611628332],[11.107739154275874,44.524742586108786],[11.107629623466297,44.524753548702954],[11.107417251159484,44.524774802738236],[11.10725327882434,44.52479121269035],[11.107057514285822,44.524809381314164],[11.10675571891437,44.524836544523154],[11.106641251079177,44.52484600922129],[11.10647432640893,44.52485981047235],[11.106410152178714,44.5248651159254],[11.106317775327149,44.524872753898016],[11.106181534422623,44.524886099336406],[11.106084515777551,44.5248956034633],[11.105938847236422,44.524909871544686],[11.105836884028959,44.52491986008328],[11.105680436043427,44.5249351837128],[11.105533604878422,44.52494956634718],[11.105418231276191,44.52496086684268],[11.105309852424593,44.52497148277269],[11.105149911780876,44.52498714826218],[11.105008034767543,44.525003557171814],[11.104902940363768,44.52501602790204],[11.104789615779223,44.52502947490669],[11.104708677891477,44.52504012810264],[11.104606656419291,44.52505857272943],[11.104489393916964,44.52507977122271],[11.104439734959481,44.52508989264532],[11.104236566489742,44.52513129710203],[11.104155669311927,44.52514654676749],[11.104120133607308,44.52515324604304],[11.104057341696292,44.52516389382793],[11.103995530184072,44.525172343087625],[11.103953384113076,44.525174224426955],[11.103912862611269,44.525176034400026],[11.103818613860238,44.52517452132431],[11.103707487278411,44.52517241802242],[11.103538873216175,44.525168666790485],[11.103377193340407,44.52516593628123],[11.103259812940774,44.525164546434816],[11.103198086100027,44.525163814682465],[11.1030321859727,44.52516952301852],[11.102940316626599,44.52517593806154],[11.102864418700637,44.52518195531491],[11.102738940130454,44.52519699434432],[11.102615384354905,44.52521850217937],[11.102495840346956,44.52524140881885],[11.10240125711889,44.525262217201764],[11.102313880987541,44.52528404421803],[11.102262705251416,44.52529682857637],[11.1021987108778,44.52531618045904],[11.102069350146415,44.52535529918973],[11.101970248739931,44.5253884528065],[11.101801473203471,44.525445748403364],[11.101688671154088,44.525482895475015],[11.101507048777894,44.525542703886096],[11.10133015461106,44.52560095576032],[11.101168367377099,44.52565423268144],[11.101024704741647,44.52570449035222],[11.100938573625085,44.52573462077808],[11.100761888064326,44.525796431147945],[11.100585200831922,44.52585824037426],[11.100525334778318,44.52587918263336],[11.100415092675814,44.525917608322004],[11.100360849026227,44.525936515101485],[11.100176306788072,44.526000838583485],[11.10007118142284,44.52604253047043],[11.099954841221345,44.52609593203006],[11.099834926624755,44.5261525843236],[11.099740324301667,44.52620423274977],[11.099665083977118,44.52625090038195],[11.099584803162372,44.5263014120336],[11.099531296923033,44.52633507807111],[11.099475789718438,44.52637088118018],[11.099408660770925,44.52641418195662],[11.099274726652125,44.526506195182286],[11.099192273215955,44.526562840345],[11.099109630664074,44.526619235052515],[11.09895791824836,44.52672276137766],[11.098874374264293,44.526781119742225],[11.09871161409883,44.526894801184774],[11.09858225264493,44.526984896608894],[11.098533822058943,44.527018323033005],[11.098408432090622,44.52710229553073],[11.098312160910334,44.527168208300886],[11.098231688726795,44.527223304818776],[11.098195728782597,44.52724792515383],[11.098105800357345,44.52730705477592],[11.098029962328495,44.5273569183165],[11.097963227013043,44.5274007979707],[11.097908407094842,44.52743872759266],[11.09786438704852,44.527469184658294],[11.097800979631248,44.52751308498757],[11.097705895475897,44.527579148280196],[11.097643111020524,44.5276233710698],[11.097557745931026,44.52768810783374],[11.09745043137753,44.527776571644246],[11.097419254009216,44.527804690489084],[11.097379316793276,44.52784172615377],[11.09735189409225,44.527868041206304],[11.097277690291738,44.527944815300934],[11.097232581580869,44.52799148593681],[11.097155539245096,44.528067409137925],[11.09709966798357,44.528120396467756],[11.097026159223331,44.52818973051189],[11.096981677493499,44.5282316856896],[11.096921173891257,44.52828875335668],[11.096807179020045,44.52839627165208],[11.096759890462266,44.52843854026845],[11.096695232554016,44.528484398496076],[11.096651145260239,44.52851316114143],[11.096563778617492,44.52856343077975],[11.096523264788301,44.5285847087365],[11.096483436836202,44.52860276106788],[11.096441266531373,44.52862164772424],[11.096404882748795,44.528637552687755],[11.096328827495286,44.52866745678924],[11.096259721423033,44.52869426959658],[11.096141577724943,44.52873945851745],[11.096103968284865,44.52875326668479],[11.09601295548738,44.52878667982204],[11.095899407642023,44.52882836583965],[11.095715529442367,44.528895872106894],[11.095643958262373,44.528922147326476],[11.09555282567601,44.52895560370674],[11.095473249942735,44.5289848174421],[11.09531963263656,44.52903894978013],[11.095246298647336,44.529064297430075],[11.095072057338957,44.529124559680405],[11.094969327170851,44.529160092855406],[11.094897781424724,44.529183305367035],[11.094795791527192,44.529216395009456],[11.094661847861518,44.52925945151664],[11.094554746494707,44.529293056947296],[11.094385110038312,44.529346160347515],[11.094249152865945,44.52938663896313],[11.094132622226574,44.52942133252911],[11.0939977193803,44.529461496221096],[11.093841906712028,44.52950789221891],[11.093672726346561,44.52955827102027],[11.093532276866018,44.52960009332488],[11.093459341180665,44.52962181168921],[11.093363023962798,44.52965148308444],[11.093201897130719,44.529701119345],[11.093095270331384,44.52973396568952],[11.092857932987727,44.529807730156506],[11.092775619077873,44.529833405581996],[11.092648351990025,44.52987310271134],[11.092584165794083,44.52989312429898],[11.092532009994116,44.52990939183881],[11.092429824910376,44.529942094030446],[11.092342020697545,44.52991417847665],[11.092227315660574,44.52988770562366],[11.092124682922078,44.529873438564884],[11.091979989553955,44.529860344564156],[11.091920924609182,44.52985651776933],[11.091790848119352,44.52985488963485],[11.09174953525284,44.52985775678586],[11.091609308551794,44.52986877666796],[11.091533321280382,44.52987872303962],[11.09140401312258,44.52990646655864],[11.091357961012536,44.52992175480018],[11.091322393719112,44.529938380493675],[11.091283462079222,44.529956580235364],[11.091199097033865,44.530017831519004],[11.091152370645947,44.53006132805948],[11.091113239390602,44.53011097645549],[11.091038961078537,44.53020422252932],[11.091011124655514,44.530239165383726],[11.090970617815277,44.53029001555955],[11.090946133291254,44.53032075312622],[11.09091854612414,44.530355384404885],[11.09089298935476,44.53038630004309],[11.090853865695149,44.53043114444082],[11.090815114146453,44.53047028248696],[11.090788732316083,44.53049692619069],[11.090753210076384,44.53053124631948],[11.09071951116525,44.53055961656136],[11.0906847993909,44.53058883897899],[11.090659664765894,44.53060999975782],[11.09061051493981,44.53064699378836],[11.090552519205362,44.5306906469316],[11.090446476269396,44.530754636176766],[11.090300279351837,44.53083836043891],[11.0901927162373,44.53089048039357],[11.09008412240165,44.53094309895319],[11.089931394410367,44.5310070682508],[11.089761667676616,44.53107440307255],[11.089638853147767,44.531120383749304],[11.089515232964244,44.53115521135998],[11.089434579593902,44.53117793354765],[11.089384056285342,44.5311901447226],[11.089313644067165,44.53119996417639],[11.08925263538713,44.53120847177493],[11.089211927856939,44.53121414833228],[11.089157762446153,44.531212430673094],[11.08910359028024,44.53120974983759],[11.089059053023849,44.531207545357006],[11.088999782247157,44.5312046120712],[11.088954962557603,44.53120239291234],[11.088902447086527,44.5311997941996],[11.08884931633458,44.53119716440829],[11.088793587097978,44.531194405684644],[11.088729024843492,44.531191210770416],[11.088684110615603,44.531188986932946],[11.088628834042847,44.53118625135615],[11.088543043238941,44.531176845829094],[11.088458895906658,44.53113663221065],[11.088392217503854,44.531103673732495],[11.088324059417893,44.53106998426601],[11.088041031029377,44.53093008661391],[11.087955663216373,44.53088789007356],[11.087854815744015,44.53082682901072],[11.087763146766141,44.530771323838856],[11.08769861632543,44.53072171054111],[11.087637822168714,44.53066782378671],[11.087544709104165,44.53057031097364],[11.087523005299266,44.530544664315954],[11.08747028630927,44.530478839156636],[11.087401186707902,44.53039256166727],[11.087360025175158,44.53032321579466],[11.08732448678666,44.530263342223684],[11.087271471381804,44.530174026595965],[11.087226291572996,44.53009654109878],[11.087193709357859,44.53004031979428],[11.087158199411327,44.52997904845067],[11.087090803703715,44.52986275927403],[11.087028048262734,44.5297845101902],[11.086953378838984,44.529691402265],[11.0868870568109,44.529608705313024],[11.086853141737523,44.529566415433635],[11.086824110758121,44.52953148138908],[11.086746224539388,44.5294377551311],[11.086699683844504,44.529381748304566],[11.08666046014503,44.529334547269464],[11.086602804989605,44.52926516677786],[11.086522143587315,44.529172930595074],[11.08644836257029,44.529100775769656],[11.086375253286432,44.52902927661003],[11.086333105130377,44.52898806069498],[11.086267011983178,44.52892342463949],[11.086194209690127,44.52885222763939],[11.086137453815915,44.52879672323432],[11.086014628668172,44.52869059015333],[11.085952923103532,44.52863793088044],[11.085867467184055,44.52856500140673],[11.085828993049917,44.528532167984544],[11.085768885677956,44.52848087120801],[11.08569939749319,44.52842156964776],[11.085623454241217,44.52835675756403],[11.08557214200627,44.52830991472404],[11.0855449267702,44.52827493367242],[11.085514560665393,44.52825716636508],[11.08545892071953,44.52828301993805],[11.08539984899439,44.52830912522441],[11.085336992222754,44.52833690297492],[11.085236418386454,44.52838900944318],[11.085183515579262,44.528416418945326],[11.085105534034888,44.52845682073609],[11.085041651139875,44.52848991867615],[11.08499423034039,44.52851588748787],[11.084911298469322,44.52856798566213],[11.08485394092111,44.5286040179997],[11.08481753881131,44.52862863138766],[11.084760504673648,44.52866822819004],[11.084727622578912,44.5286955590635],[11.084693930889788,44.52872474933677],[11.08462053880468,44.52878833502305],[11.084573474848277,44.52883567283713],[11.084498466893326,44.52891111822116],[11.084446302579394,44.52896358604323],[11.084408534838127,44.5290015741391],[11.084342947267235,44.52906159437507],[11.084269222157564,44.52912906061719],[11.084191559054013,44.529194059078954],[11.084098650489308,44.529269155794964],[11.083984933497332,44.52936034175348],[11.08389978477062,44.529420983477316],[11.083813263746041,44.529482603556886],[11.083757379643917,44.5295224822488],[11.083680314046221,44.529574341912365],[11.083623467655741,44.52960933440389],[11.083575529202756,44.52963586392728],[11.083535130682542,44.52965276532103],[11.083461280292095,44.529679042984284],[11.083416596710878,44.52969069391774],[11.083320861459553,44.52971565677934],[11.083229476692079,44.529737862812205],[11.083150962778054,44.529756716332095],[11.083023449945392,44.52978733622594],[11.082835985723776,44.52983235193958],[11.08277306458072,44.52984746103705],[11.082696034035983,44.529865957687946],[11.08248443849423,44.529916767770295],[11.082334592229468,44.5299527492869],[11.082202460651468,44.52999017382196],[11.082036263337665,44.5300372463392],[11.081894315178888,44.530075951456],[11.08175396971928,44.53011407801503],[11.081716715218633,44.530124157807066],[11.081667957883022,44.530137349755],[11.08155020340961,44.5301681123604],[11.081465572138416,44.53019022175213],[11.081361279289192,44.53021746809691],[11.08125224981296,44.530246426559074],[11.08116192255701,44.530270418470856],[11.080996113033502,44.530314573673685],[11.080938498500279,44.53033001085135],[11.080818707916215,44.53036210798407],[11.080724624502981,44.53038764533127],[11.080668441691904,44.53040289603287],[11.080594965061348,44.53042283982497],[11.080500271695655,44.53044676944187],[11.080412357384736,44.530468985594005],[11.080364354905294,44.5304808434528],[11.080285239458565,44.530500388354945],[11.080239990325769,44.53051156671143],[11.0800520870696,44.53055218899479],[11.079958538280316,44.5305728239755],[11.079884470918971,44.530589161741894],[11.079760184912136,44.530615777876314],[11.079687951990001,44.53063083164069],[11.079604429311914,44.53064823722237],[11.079502262750445,44.53067028016389],[11.079382318545045,44.530696158713724],[11.079328170843704,44.530709307399775],[11.079290946481416,44.53071834695423],[11.07924669594297,44.530729091710924],[11.079170004915746,44.53074771483449],[11.07910933636242,44.53076393321427],[11.07905322691451,44.530778933313094],[11.078994066763704,44.53079474785495],[11.078912643292249,44.530816514255775],[11.078845732425933,44.53083440090839],[11.078753738846654,44.53086523619553],[11.078666042196321,44.53089463108419],[11.078604156861875,44.53091822104308],[11.078479807426927,44.53096562205698],[11.078419350630352,44.53099088109051],[11.07836333957468,44.53101428205183],[11.078275686424728,44.5310515972042],[11.078188439777598,44.53108873834195],[11.078152413155966,44.53110396929144],[11.07811284408004,44.5311206970196],[11.078076430573056,44.531136091632014],[11.077972547724194,44.531179766995564],[11.077891942156192,44.53121365503677],[11.077838321827997,44.53123595622603],[11.077770782604228,44.531264046386504],[11.07771344901561,44.531287892417666],[11.077676353110114,44.53130332092733],[11.077654737883913,44.53127764467266],[11.077626736372512,44.53124438474118],[11.077580599404332,44.531189582203446],[11.077526928996717,44.531125831349],[11.077480738347514,44.53107096492816],[11.07743794067969,44.531020128412415],[11.077362184741782,44.53093299638648],[11.077241704783923,44.53079442358626],[11.077096900944227,44.53062787120319],[11.076963966092565,44.53047095061057],[11.076873020502962,44.53036157197181],[11.07675373453987,44.53021810743401],[11.076678256401417,44.53012733105147],[11.07658428577429,44.53001864278278],[11.076454033110934,44.52986798809246],[11.076292956393226,44.52968168281918],[11.076155268820232,44.529522426904634],[11.076034016386426,44.52938114536711],[11.075957861725541,44.52929241087581],[11.075857436291884,44.529175395857564],[11.0757430909256,44.52904215914182],[11.075660515993269,44.52894594301231],[11.07561780350356,44.52889617375146],[11.075565717345151,44.5288354828274],[11.07547175398111,44.52872599405796],[11.075342795738024,44.52856761193628],[11.075302149033819,44.52852429135157],[11.07521149890719,44.52843212339196],[11.07515725829142,44.52838462599102],[11.075101842932963,44.52834380641516],[11.075125004596662,44.528294285414106],[11.07515996482114,44.528244558951776],[11.07518053287028,44.528207586048595],[11.075197942409764,44.52817629085743],[11.075215045149296,44.5281350128906],[11.075231912595399,44.52809430365902],[11.075243704165606,44.52806233455874],[11.07525898742938,44.52800377771869],[11.075267059125954,44.52796175374573],[11.075277952261247,44.52789677054809],[11.07528724086352,44.527833772773945],[11.075292754624806,44.527796087720716],[11.075298395278795,44.527761301888305],[11.075292249620839,44.52770775649198],[11.07524545653685,44.5276942488849],[11.075248788486252,44.5276608256977],[11.075246635989735,44.52762237163973],[11.075237488950732,44.527569535283604],[11.075227918399136,44.52753347300966],[11.075217484997262,44.52749575824286],[11.07520767982632,44.52746113254032],[11.07519753941778,44.52742532369095],[11.075186828362988,44.52738744381905],[11.075175232569757,44.52734640932272],[11.075172418576722,44.527311367555896],[11.075216207887335,44.52729165719737],[11.075210180212565,44.52724876328904],[11.0752011182569,44.52721596330004],[11.075192815710304,44.52718594210347],[11.075168964868258,44.52710405253893],[11.075149047085205,44.52703705194939],[11.075129435012755,44.52697107479268],[11.0751123728585,44.52691367844679],[11.07510167504104,44.52687634387897],[11.075087619733994,44.52682728327083],[11.075074124850142,44.52678018223669],[11.075060628332217,44.52673618801737],[11.075046947983987,44.52669272198724],[11.075036020930222,44.526658001423684],[11.075021968843934,44.526613351106505],[11.07501221123854,44.526587285062156],[11.074998306168085,44.52655013931314],[11.074985765332766,44.52651809753149],[11.07497183601654,44.52648547691157],[11.074957905426887,44.52645285541264],[11.074946322406888,44.52642719434498],[11.074923869166996,44.52638329177343],[11.074913651923088,44.5263505883756],[11.074962948573946,44.526329134148696],[11.07495159785505,44.52630356428626],[11.074938471655527,44.52627399534028],[11.074922947561364,44.526239024318286],[11.074903134922621,44.52620069315421],[11.074874665941582,44.526150220896554],[11.074847149249589,44.52610143821203],[11.074827383988145,44.5260663164898],[11.07481393988442,44.52604242762661],[11.07478344990254,44.526013285856045],[11.074728280977595,44.526025545266144],[11.074686339593757,44.526034865300986],[11.074639859643534,44.526045195961146],[11.074604417465247,44.52604014499006],[11.074590525155974,44.526010010158714],[11.074578822922755,44.52598172876909],[11.074561976547123,44.52594101737767],[11.074546556119616,44.52590374696244],[11.074528470910845,44.52586004221534],[11.074514650209998,44.52582664083991],[11.074498600709143,44.525787848710465],[11.074480105345032,44.5257431521223],[11.074465483542436,44.52570781443958],[11.074453737294158,44.52567942400414],[11.074442369709814,44.52565195125099],[11.074428896026756,44.5256193889001],[11.074412391177969,44.52557950041544],[11.074400895559362,44.52555171669461],[11.074385486396903,44.52551447395854],[11.074374643390115,44.525488270031616],[11.074355781946787,44.52544268521705],[11.074340030183485,44.52540461686145],[11.074324154309377,44.5253668802526],[11.074310525729425,44.52533448814843],[11.074294042540673,44.525295311354746],[11.074280838659078,44.525263927920705],[11.074269227665456,44.52523632903364],[11.074255698161089,44.52520417369033],[11.074243431639925,44.525175017562134],[11.074229698695376,44.52514237707194],[11.074218846470869,44.52511658291317],[11.07419904145674,44.52506950908274],[11.074181392864952,44.525027559946125],[11.074168267468039,44.524996363225526],[11.074150245106388,44.5249535260185],[11.074124549641255,44.52489245215875],[11.074108800551171,44.5248550175004],[11.074095119991302,44.52482250117637],[11.074083105176145,44.524793943628694],[11.074068565668457,44.524759385817944],[11.074052613218244,44.52472146690602],[11.074035145016092,44.52467994929156],[11.074019396077075,44.52464251551708],[11.074004049870815,44.52460603949979],[11.073987517442397,44.5245681932318],[11.073975337655884,44.524541260032],[11.073960384402799,44.524508195146915],[11.073947549133688,44.524479811833565],[11.073935445910257,44.524453049187414],[11.073916117328764,44.52441030858922],[11.073885818946264,44.524343309067916],[11.073861342293378,44.5242891872964],[11.073827989206917,44.52421543190059],[11.073796761107639,44.52414637684929],[11.073773446701061,44.524094823985834],[11.07376063894331,44.52406650136731],[11.073730620253311,44.523997905065414],[11.073702417063071,44.523931884724334],[11.073675466779195,44.52386879266207],[11.073649473233628,44.52380794286136],[11.073625853990121,44.52375265043074],[11.073603192756714,44.523699601140876],[11.073581282200742,44.52364830721751],[11.073562870093504,44.52360520690996],[11.073542583176357,44.52355771408434],[11.073529128133224,44.5235262153819],[11.073516799791635,44.5234973528741],[11.073498095432003,44.5234535673655],[11.0734758516376,44.52340149444762],[11.073457232366906,44.523357906343165],[11.073432947869142,44.523301055001376],[11.073412244007693,44.52325258664137],[11.07340174794592,44.52322801387979],[11.073383168611732,44.52318451956377],[11.073350552601621,44.523108165089255],[11.073320185987972,44.523037075872246],[11.073280446100656,44.52294404204009],[11.07324732944537,44.52286651458672],[11.073228626763012,44.52282272899895],[11.073214297872937,44.522789183634316],[11.073194179044235,44.5227420847016],[11.073153251096361,44.52264626809274],[11.07312432314329,44.52257854396396],[11.073096498709113,44.522513405134355],[11.073069673370515,44.52245060412957],[11.07304305540976,44.522388290892955],[11.073019313774061,44.5223327070624],[11.072994404437953,44.52227439234148],[11.072965819870866,44.522230418833225],[11.072912791379363,44.52224056611222],[11.072826651121694,44.52225704919776],[11.0727430118237,44.52227305378817],[11.07264756359801,44.522291317190145],[11.07261264574513,44.52229799903782],[11.072481994583105,44.52232299882778],[11.072433440482829,44.52233228953736],[11.072308188641655,44.52235625574766],[11.072191837116376,44.52237851903289],[11.072129446687045,44.52239045633651],[11.072090706556656,44.5223978690885],[11.072020141887846,44.52241137169828],[11.071951917775875,44.52242452029752],[11.071888582616278,44.52243675279448],[11.071818639752145,44.522450262900485],[11.071732705557459,44.52246686115452],[11.071663439971548,44.52248023914074],[11.07152012198049,44.522507920883],[11.071423275514626,44.52252662635067],[11.07137416550266,44.52253611214874],[11.071323133244531,44.52254596859725],[11.071093457870088,44.52259032828249],[11.070988076171698,44.522610682646004],[11.070897075965355,44.52262825802186],[11.070773064365671,44.522652209951865],[11.07064534068723,44.52267687815926],[11.070526861798824,44.52269976079678],[11.07037901332493,44.52272831549684],[11.070222509714826,44.52275854208631],[11.070119237848369,44.52277694704182],[11.070034604263736,44.522792029606364],[11.06994884774563,44.52280731341985],[11.069865613349167,44.522822146326156],[11.069789949350396,44.52283563107704],[11.069721848214895,44.522847767824146],[11.069589293497122,44.52287139080694],[11.069549495676545,44.522878483372494],[11.069460377572911,44.5228943652096],[11.06940208631368,44.522904752994855],[11.06932193536095,44.52291903717226],[11.069248229331947,44.52293217188461],[11.069183212891957,44.52294375815894],[11.069014222313742,44.52297387361112],[11.068918377534136,44.52299095363895],[11.068836546908535,44.52300553619101],[11.068770966349897,44.523017223378886],[11.068624960574162,44.52304324239872],[11.068489600051974,44.52306736327118],[11.068403563807404,44.52308269510351],[11.068274648162083,44.52310566816087],[11.068159464064456,44.52312619389283],[11.068099490403839,44.52313688066656],[11.068005044360104,44.52315371042492],[11.067968097262447,44.52316029437011],[11.068001851144873,44.52322512178353],[11.06803409822536,44.52328705244422],[11.068057584177872,44.52333215663873],[11.068080562577471,44.52337628784117],[11.068111122135608,44.523434977511414],[11.068146118375513,44.523502186961956],[11.068182184074258,44.52357145122058],[11.06822797382857,44.523659390699784],[11.068245144032094,44.52369236666636],[11.068269825256623,44.52373976642334],[11.068292038419443,44.52378242691882],[11.068334119488187,44.523863241383545],[11.068368208988726,44.52392870988585],[11.068387450543666,44.523965663450866],[11.06840316272884,44.52399583899888],[11.068421154266309,44.5240315350388],[11.068433225243885,44.52405913159587],[11.068454961671266,44.52410882900481],[11.068475005648239,44.52415465355686],[11.068488603495519,44.524185744250694],[11.068506025449306,44.52422557377509],[11.068527269106186,44.524274144872464],[11.068539612618187,44.52430236305842],[11.068552992805603,44.52433295534388],[11.068574289889911,44.52438164699838],[11.068587861754681,44.52441267603223],[11.06860230720544,44.5244457022112],[11.068618747574183,44.52448328715537],[11.06863065319747,44.52451050857753],[11.06864447156032,44.52454210029974],[11.06866992165452,44.5246002846194],[11.068687998514518,44.52464161467895],[11.068708698715549,44.52468893792709],[11.068736638378008,44.52475281716013],[11.068764651124905,44.52481584431807],[11.06880984264744,44.524917256834556],[11.06886236987098,44.525035129940925],[11.068892577490882,44.52510291656194],[11.068909017641598,44.52513980916632],[11.068930433923517,44.52518786930797],[11.068953970421965,44.525240683991925],[11.068971609543484,44.525280266433306],[11.068993649651752,44.52533264909531],[11.069006521965134,44.525363242424156],[11.069036691263806,44.52543494761755],[11.069073932958682,44.52552345936617],[11.06908580779713,44.52555168238019],[11.069100999850399,44.52558818435598],[11.06911713397485,44.52562694600628],[11.069132635480122,44.52566418958249],[11.069146388873595,44.52569723543065],[11.069170887316313,44.52575609316284],[11.069210308473396,44.52585080684455],[11.06924334166924,44.52593055428324],[11.069268470679882,44.52599122088336],[11.069290122428788,44.52604349528814],[11.06931361804238,44.5261002168475],[11.069347829625373,44.526182812013474],[11.069364689162079,44.52622644707224],[11.06938114968749,44.52626904866342],[11.069402444118984,44.52632416173031],[11.069427928249356,44.526390118967456],[11.069445159089314,44.52643471145784],[11.069465542788587,44.52648364995169],[11.069488308657569,44.526538305105014],[11.06957810740438,44.526753894022384],[11.069597545089428,44.526800562085995],[11.069629381440302,44.52687391766559],[11.069664348943014,44.52695448514773],[11.069700121083638,44.52703691056559],[11.069738987400505,44.527126462126844],[11.069787472265052,44.52723817827098],[11.069815618005945,44.5273046777263],[11.069843274839718,44.527370021105355],[11.06986116789581,44.52741229416105],[11.069878048845583,44.52745217827642],[11.069904245917229,44.52751407401351],[11.069819635006965,44.527533081121476],[11.069711989744523,44.52755726271603],[11.069631513823701,44.52757533947709],[11.069490268890478,44.52760706824177],[11.069363059259159,44.527636264779524],[11.069226740434546,44.52766755192694],[11.069035198980181,44.52771151245864],[11.068997621665819,44.52772013643489],[11.068923057661419,44.527735939537564],[11.068847845311428,44.52775187947614],[11.068745438647653,44.52777358314747],[11.068631297754862,44.527797772494644],[11.068444145171382,44.527837436605935],[11.068381019069612,44.527851387353834],[11.068212539095292,44.527888622389426],[11.068135903056913,44.52790555902697],[11.06801943922506,44.52793129777249],[11.067941331388289,44.52794697537271],[11.067752440928727,44.527984890919974],[11.067538955382327,44.52802774205388],[11.067411569151135,44.528054490913924],[11.067341523791004,44.528069199266355],[11.06716499610065,44.528106266094426],[11.067071085755712,44.5281259850999],[11.066940002391286,44.52815350167291],[11.066810701549555,44.5281806446279],[11.06661246573707,44.52822472678271],[11.066563379755054,44.528236044793495],[11.066469238533903,44.52825775164873],[11.066324424576678,44.52829114265031],[11.066217179651666,44.52831587095897],[11.066069667432382,44.528348699196584],[11.065949178682352,44.52837551335349],[11.065899408053326,44.52838658869508],[11.065849637436525,44.52839766491501],[11.065773647288786,44.52841457657418],[11.065674722749929,44.52843659078808],[11.065564638792164,44.5284610889711],[11.06543449796447,44.52849013970367],[11.065359860038832,44.528506825866096],[11.06526624670316,44.52852775515938],[11.065103276904557,44.52856418912299],[11.065039186938531,44.52857825988563],[11.064910868260215,44.52860643082004],[11.064858471998917,44.52861793310523],[11.064641044057264,44.528664947186854],[11.06452968690418,44.52868798557306],[11.06434668091364,44.52872580977272],[11.06422432292214,44.528750876999],[11.064062555677216,44.52878401799908],[11.063958390800243,44.528805357547284],[11.06383705314729,44.52883231355608],[11.063690318035972,44.52886491310724],[11.06358418312665,44.52888849175309],[11.063549264332858,44.528896249347405],[11.063500031907234,44.52890897668819],[11.063415837743019,44.52893074160233],[11.063370633413461,44.528942426507584],[11.063338101471315,44.528881756487834],[11.063282871190863,44.528778752482694],[11.063246805310218,44.52871005749464],[11.063222883150498,44.528662433207806],[11.063187779624917,44.52859254687299],[11.063138523591824,44.52849448526889],[11.063095428244644,44.52841435436155],[11.063067064413973,44.52836161402196],[11.063043910599184,44.52831856171916],[11.063017277589278,44.5282690373163],[11.062990947138838,44.528220738090816],[11.062971052582428,44.52818594435125],[11.0629559468461,44.52815988929432],[11.06293469415986,44.5281295430516],[11.062910569432843,44.52809530647543],[11.062887595551848,44.52806358062177],[11.062859269101535,44.528024505453004],[11.062833526393522,44.52798899542319],[11.062808416828958,44.52795616121457],[11.062779362152483,44.52791934082309],[11.06275822125803,44.527892547641265],[11.062729866143902,44.52785661215332],[11.062704012893954,44.527823848073886],[11.062682375403796,44.527796425567594],[11.062662087056886,44.527770679267405],[11.06262251914201,44.5277200614854],[11.062596703305559,44.52768703473015],[11.062570341887332,44.52765331112377],[11.062548082067854,44.52762483302988],[11.06250820805409,44.52756963842859],[11.062474503413771,44.52752090333632],[11.062446943711878,44.52747576178164],[11.062427984612537,44.52744470601593],[11.06240249363887,44.52739438751046],[11.06238040206407,44.527350777523054],[11.062364561171409,44.52731696644591],[11.062346018424543,44.52727492180856],[11.062330999535412,44.527240866311786],[11.062313560698316,44.527201322447205],[11.062297596614258,44.52716512430293],[11.062277598919245,44.52711587056912],[11.062259726610318,44.52707185214543],[11.062246457728374,44.527039169426025],[11.06223649680979,44.52701463549624],[11.062220350128015,44.526974865717314],[11.06220344923924,44.52693372946502],[11.062189953168035,44.52690088339421],[11.062174160609821,44.5268624449936],[11.062152477070994,44.526809669271906],[11.062135332559334,44.52676793873789],[11.062124524117063,44.52674163849674],[11.062110534500624,44.5267077849398],[11.062097257811,44.526675660501574],[11.062080406371411,44.52663488613952],[11.062067125594007,44.52660275186839],[11.062065814807854,44.526571353867105],[11.062025854547425,44.52656413535126],[11.061976305554499,44.52654919835076],[11.061941800871077,44.52658384676033],[11.061915629057891,44.52663744902051],[11.061896699585468,44.52667728607964],[11.061884570694007,44.526705638168984],[11.061869476151053,44.52674092358255],[11.061857033384953,44.52677001054564],[11.06184415935442,44.52680010728212],[11.061827662679256,44.52683866884074],[11.061812255350542,44.5268746855022],[11.0618002124621,44.526902837972],[11.061787213902063,44.52693322323219],[11.061775293011916,44.526961089014655],[11.061764575462186,44.52698614496793],[11.06175367182217,44.527011633703395],[11.061736390306539,44.527052029741164],[11.06172511696272,44.52707838309519],[11.06171181022343,44.52710948781532],[11.06169924292758,44.52713886599106],[11.061683721561216,44.52717515026881],[11.061667070735533,44.527214520315994],[11.061652133832307,44.52724996489775],[11.061638286217923,44.52728282677485],[11.06162660199638,44.52731055592878],[11.06161421286985,44.52733995698436],[11.061600915570194,44.52737151074821],[11.061585792918681,44.52740739980068],[11.061572097288714,44.52743989882167],[11.061557515756574,44.52747450423495],[11.061540566388175,44.52751472679479],[11.061519610692896,44.52756445548854],[11.06150429972598,44.52760078815535],[11.061487637218836,44.52764033303471],[11.061467639681648,44.52768861480849],[11.061452200789756,44.52772610300683],[11.061436744473955,44.52776363292929],[11.061414755143268,44.52781702810723],[11.061395087551023,44.52786478446118],[11.061379043518057,44.527903742891745],[11.061366239271814,44.52793483219309],[11.061353054935163,44.52796684841833],[11.061341635886937,44.52799457455295],[11.061326946426728,44.52803019467181],[11.061316322966023,44.52805546674249],[11.061297416197885,44.52810025109654],[11.061287009928801,44.528124902566766],[11.061271313420287,44.52816208660141],[11.061256160288444,44.528197978857186],[11.061242283698315,44.528230852007965],[11.061229048136957,44.52826220475271],[11.061217544174427,44.5282894534701],[11.061201647827637,44.5283271110364],[11.061181642150506,44.52837449714655],[11.061166456490673,44.52841046919919],[11.061145046468296,44.5284609640365],[11.061126255127258,44.5285052817431],[11.06111131748831,44.52854050929882],[11.061097570636951,44.528572926358635],[11.061084559299731,44.5286036115477],[11.061072736526848,44.528631494384086],[11.061062184730426,44.52865637802465],[11.061039878276036,44.52870900732837],[11.061027400609381,44.52873851884381],[11.061016986035783,44.52876315513266],[11.06100053473477,44.52880206954262],[11.06098361763776,44.528842086170876],[11.060968342843678,44.528878213747724],[11.060955362354244,44.52890892087025],[11.060934860300156,44.528960655131975],[11.060889908343238,44.529060204970065],[11.060844918445108,44.52916225098588],[11.060703120367814,44.5291628083593],[11.060661644703591,44.529276866914614],[11.060619706549813,44.529392196860876],[11.060592550514807,44.52946117134062],[11.060537771586285,44.52960030444016],[11.060504179012456,44.529675051380224],[11.060470934120689,44.52974902501589],[11.060432965054918,44.52984338469123],[11.060387776823868,44.52995568891938],[11.060351137002263,44.53004674403994],[11.06030942093306,44.53015098859145],[11.060255320875456,44.530278217799484],[11.06022262693395,44.53035209408897],[11.060170230359756,44.5304989802253],[11.060138182628645,44.53058272874497],[11.060098059054047,44.53068757735483],[11.060057109522106,44.53079538199126],[11.060005945848967,44.53090191249912],[11.059981839008076,44.530968384001305],[11.059943597365065,44.531073829673836],[11.059915272800179,44.531143294093475],[11.059874617222965,44.53124299914663],[11.05983915939829,44.53133167678792],[11.059789829678019,44.53145504851021],[11.059749508390295,44.53155418032141],[11.05969212100785,44.53167973015006],[11.059668469825363,44.53174097457099],[11.059654516414602,44.53177710602581],[11.059615637009474,44.53187580935766],[11.059601793224452,44.53190462874501],[11.059583138716283,44.531943465646314],[11.059567049633978,44.53197696185562],[11.059551358729092,44.53200815162437],[11.059530390400825,44.5320498300552],[11.059515710841817,44.53207918485675],[11.059501061455354,44.532109360145924],[11.0594771279533,44.53216014413509],[11.059461336347903,44.532198475641074],[11.059443878284732,44.532241124226985],[11.059427472002104,44.532284333602234],[11.059412548268005,44.53232390080177],[11.059397137673693,44.532364759646796],[11.059379650329078,44.532408722224154],[11.059363533749458,44.53244872775236],[11.059343070051435,44.53249951574053],[11.059329369826925,44.53253352158054],[11.059317219179615,44.532563679679804],[11.059296041326308,44.5326182031007],[11.059283750095236,44.5326509789766],[11.059268451633994,44.532691774562274],[11.0592577097524,44.532719661104274],[11.05924235767886,44.53275351037468],[11.059210354361703,44.53278674982257],[11.059142512312588,44.532777278420575],[11.059103283624735,44.53277035898453],[11.059056785446236,44.53276508487607],[11.059030543179377,44.532789450972125],[11.059015308050645,44.532822016137494],[11.058988788234632,44.532878820765056],[11.05897320498602,44.532912615651135],[11.058944757144515,44.53296353495371],[11.058915392644444,44.53300423216491],[11.058888576531432,44.53303792442897],[11.058864413425074,44.53306743666597],[11.058838011086406,44.53309947938835],[11.058812268954966,44.533130721574125],[11.05879006442269,44.533157670555354],[11.058765263684926,44.53318777043349],[11.058737715819243,44.53322120307932],[11.058715637601205,44.53324741695933],[11.058693581908575,44.533269985291],[11.058667975555576,44.53329604942163],[11.058639705811494,44.53332482273021],[11.058618732267977,44.53334617149228],[11.05858950748565,44.53337591718117],[11.058557681712816,44.53340814315427],[11.058530801596861,44.53343663750645],[11.058497074962185,44.533472783242885],[11.058473697740183,44.53349860637923],[11.05843660358015,44.53353569686727],[11.058380929474234,44.53358534871545],[11.058364077744846,44.53361091373619],[11.058337324131509,44.533628681008466],[11.058321505997348,44.53365354049225],[11.058272135526739,44.533678353999576],[11.05822392039277,44.53372213306085],[11.058163694221466,44.533777804957886],[11.058121484660393,44.533816823183784],[11.058078031407264,44.533857730945364],[11.058040984131019,44.53389716562528],[11.057994873626532,44.53394624786906],[11.057944895756712,44.534004201611474],[11.057914332113796,44.53404090503218],[11.0578933562053,44.53406609509471],[11.057854939960961,44.534112228888716],[11.057796560331898,44.53418171594585],[11.057763596549007,44.534213817264884],[11.057724249945759,44.53423390536676],[11.057669991744069,44.53424379133502],[11.057611825962331,44.53424343616943],[11.057555912593054,44.53423777838283],[11.057506986714431,44.53422717916995],[11.057362118944415,44.53419482213865],[11.057251932304858,44.53417021236412],[11.057169904777036,44.53415189111935],[11.057075178524526,44.53413301720255],[11.056970755404198,44.534112805488654],[11.056889239954575,44.534099192157996],[11.056838642189106,44.534091611630394],[11.056783113602908,44.534083292577094],[11.05671446908868,44.5340734749883],[11.056650530661065,44.534066126607215],[11.056563955087496,44.53405617731642],[11.0565134349329,44.5340510133346],[11.056366449671579,44.53403852672502],[11.056286891224321,44.53403215988655],[11.056210057338689,44.53402631918517],[11.056151204578224,44.53402195960454],[11.05607699506541,44.5335815178551],[11.056058979004904,44.53339629228919],[11.056020828055077,44.533027885962284],[11.05603441510686,44.532967222367056],[11.055973320003483,44.53292969801982],[11.05605432711698,44.53246012114216],[11.056028043121998,44.531713374406976],[11.055862203991788,44.53115821441445],[11.055623405623153,44.53058635458532],[11.054269563219913,44.53089564988545],[11.053377645386743,44.53109940504685],[11.053233642927692,44.53111998838568],[11.053159247045889,44.53090631353659],[11.052582721855376,44.529250186074364],[11.052905437195756,44.529179134755985],[11.056035746241768,44.52849035428045],[11.055823546313322,44.52795852178033],[11.055807381254352,44.52792616054329],[11.055604891364299,44.52752070548403],[11.054986579325492,44.52628263799146],[11.054968416592633,44.526241790748806],[11.055092552484863,44.52619746654127],[11.055188882247894,44.5261630711527],[11.055270663266162,44.52613387010517],[11.05533815410493,44.52610977145012],[11.055425617201088,44.52607854144638],[11.055489043864153,44.52605589416608],[11.055573602037896,44.5260376404439],[11.05570311755562,44.52600968081631],[11.05580163390857,44.52598841360164],[11.055896805483888,44.5259678682233],[11.055987367096911,44.52594831774546],[11.056041867677687,44.525936552968695],[11.056126005837097,44.525918389224664],[11.056260561696691,44.525898891533004],[11.05634673686392,44.52588640487085],[11.056551701842137,44.525856706266396],[11.056673955299301,44.52583132055049],[11.056754005855748,44.525814698299584],[11.056840156690397,44.525796808358386],[11.056927285708769,44.525778716175545],[11.057026434214993,44.52575812791104],[11.05714130488099,44.52573398203168],[11.057232798152127,44.52571475137403],[11.057327992713315,44.525694742741],[11.057425810470992,44.5256741817109],[11.05751992429443,44.52565439855286],[11.057610645315028,44.52563533005206],[11.057684723310885,44.52561975826007],[11.057730654725777,44.52561010608246],[11.057774952605536,44.525599415624455],[11.05776376636247,44.52557154452267],[11.057743848836395,44.525524048537385],[11.057721234474291,44.525470119302426],[11.057707946991428,44.525438432965345],[11.05768976181733,44.525395064935296],[11.057671777331711,44.52535217762346],[11.057656099450801,44.5253147898203],[11.057628820394184,44.525271619890525],[11.057607826804466,44.525241123928524],[11.057589833206045,44.52521498425574],[11.057562472196206,44.52517523766487],[11.057541521043893,44.52514480124258],[11.057516481082988,44.525108426585874],[11.057493146755345,44.5250745302023],[11.05749905784542,44.52500592488485],[11.057502955967271,44.52496066981138],[11.057505743753202,44.52492830392832],[11.057509943361278,44.524879567526625],[11.057512937475337,44.52483637232842],[11.05751511085613,44.52480160392704],[11.057518023601087,44.52475502612673],[11.05752111024949,44.52470566789756],[11.057523652972906,44.5246649853493],[11.057526002037617,44.52462741578027],[11.057528451591503,44.52458823293902],[11.057531281793374,44.52454295659634],[11.057533087597134,44.52451408160151],[11.057534774026626,44.5244871056005],[11.057537148063792,44.524449137666345],[11.057539182238322,44.5244165990084],[11.057541200605176,44.52438432621111],[11.057543218621959,44.52435204351709],[11.057545223960634,44.52431997261191],[11.057548339185706,44.524270140328255],[11.057550119995042,44.524241663696266],[11.05755423785298,44.524175813064375],[11.05755767088223,44.524120890397036],[11.057560118904616,44.524081736387934],[11.057563235337593,44.52403190318004],[11.057567362341288,44.52396588403257],[11.057575226910796,44.52388793302898],[11.057578908680608,44.52385143865025],[11.057582197673444,44.523818835061384],[11.057590600676557,44.52373559163926],[11.057599973058615,44.52364267638171],[11.057603620406297,44.523606527419865],[11.057607661778325,44.523566487644786],[11.057616318669226,44.523480700014986],[11.05762078838683,44.523436422207865],[11.05762590227684,44.52338574456195],[11.05763134847459,44.52333178218773],[11.05764919717612,44.523133877341394],[11.057652867467791,44.523086803334316],[11.057655406440027,44.52305423666407],[11.057659862826409,44.5229970746043],[11.05766187060336,44.52297132885733],[11.05766498584261,44.52293136338485],[11.057669786198728,44.52286978296093],[11.057674220036514,44.522812910288124],[11.057679081383078,44.52275056084358],[11.05768751060133,44.52264241129707],[11.057693999610064,44.522559210451774],[11.057814944837464,44.52252975901327],[11.057912780685928,44.52250593559907],[11.05800695077447,44.52248300371753],[11.058107040949436,44.52245862995352],[11.058198391184266,44.52243638523015],[11.058292874218154,44.52241337725057],[11.058390267993154,44.52240737929915],[11.058453908876801,44.522403459963094],[11.058538314259906,44.52239826143018],[11.058643182789483,44.52239180259216],[11.05872849218606,44.5223865480061],[11.058838325471228,44.52237978339904],[11.058938738900526,44.52237359818617],[11.059007748274919,44.52236926123127],[11.059109425610218,44.522363377166286],[11.059108000897034,44.522337873351645],[11.059078897465067,44.52228530735282],[11.059055391244316,44.522242846620614],[11.05903343888331,44.52220319997288],[11.059010431462706,44.52216164399649],[11.058987996882985,44.52211745253221],[11.058961637741547,44.522073517294594],[11.058948229865866,44.522049301795754],[11.058931236471087,44.52201860878428],[11.05890856652943,44.521977662476225],[11.058882261528368,44.52193015311942],[11.05886644684179,44.521901590457155],[11.058850950562242,44.52187360001606],[11.058824617346959,44.52182603713848],[11.058795531928437,44.52177350314735],[11.058774616003843,44.52173572649747],[11.058760270165005,44.52170981379847],[11.058746287302096,44.52168455984271],[11.058731612310918,44.52165805440393],[11.058715811080251,44.521629512182784],[11.058697589708256,44.52159660233645],[11.058677891351039,44.521561021947626],[11.05865485758781,44.5215194177562],[11.05862857175753,44.52147194040087],[11.058605883505289,44.521430961949825],[11.058585800281378,44.521394669177766],[11.058568891320768,44.52136411142571],[11.058547910359449,44.52132619456389],[11.058532162530774,44.52129773417658],[11.058517780170385,44.52127174288104],[11.058497821212883,44.52123390210898],[11.058472898584904,44.521194037924765],[11.058451225487177,44.52115918809889],[11.058430060726172,44.52112515824097],[11.058412541529256,44.5210969908488],[11.058390607101448,44.52106172170107],[11.058364928503996,44.52102043250971],[11.05833808682345,44.52097727373997],[11.058315819058443,44.520941469531905],[11.058297403542776,44.5209118589627],[11.058275191845802,44.5208761446615],[11.058255860002472,44.520845060678376],[11.058236362803093,44.520813711396],[11.058211582081752,44.52077386439923],[11.05819184079699,44.520742121595255],[11.058175240842589,44.52071543112086],[11.058160597649799,44.5206918859798],[11.0581429559917,44.520663520894566],[11.05812500218667,44.52063465278787],[11.058106528147341,44.520604946913714],[11.058079840250079,44.52056203467941],[11.058054096776264,44.52052064125397],[11.058034283081115,44.52047997726895],[11.058001826940636,44.520436594632166],[11.057970916229749,44.52038689222421],[11.057937317843635,44.52033286750166],[11.057903075291657,44.520277807379884],[11.057861747614618,44.52021575481574],[11.057837586359463,44.52017947689435],[11.057809418201813,44.520137182744705],[11.057774093142116,44.52008414246772],[11.057736759389769,44.520028086508766],[11.057698216747019,44.519970215799],[11.057667430185203,44.519923988764546],[11.057636378010555,44.519877364093176],[11.057596346263834,44.51981725693668],[11.057555614451646,44.51975609827718],[11.05752726602842,44.519713532724914],[11.057504674223926,44.5196796112291],[11.057486619405676,44.519652502141604],[11.057464655994183,44.519619522686206],[11.057442738595611,44.519581630588455],[11.057420920299757,44.51954390774937],[11.057402631235869,44.519512287174145],[11.057391434301117,44.519480568498054],[11.057384545265528,44.51945498217001],[11.057376777766525,44.51942613833317],[11.057366374331123,44.5193875066759],[11.057354238014035,44.5193424351888],[11.057322686269778,44.519306873700984],[11.057293687012988,44.519274189346824],[11.05726597314703,44.519242952844635],[11.05723477135724,44.51920778564068],[11.057207424444599,44.519176962932185],[11.057186868736457,44.51915379427665],[11.057157695387422,44.519120914066974],[11.05713913869158,44.51908014534384],[11.05712634117796,44.519052029505154],[11.057115230688154,44.519027621139685],[11.057102746933735,44.51900019644455],[11.057085941595469,44.51895437991615],[11.057071011773191,44.518902540173315],[11.057057331911402,44.518855038757586],[11.057048065754698,44.51882286213428],[11.05702468100883,44.51878130172955],[11.057004153982064,44.51874760940329],[11.056987367482586,44.518720055159456],[11.05696452492782,44.51868256404334],[11.056936327181013,44.51863627935542],[11.056915733457794,44.51860247658206],[11.056895923722214,44.518569962353865],[11.056867557691902,44.518523361988514],[11.05684689000757,44.51848927875374],[11.056829245318099,44.518460181599465],[11.056814913428003,44.51843654694432],[11.056791757150217,44.518398358342026],[11.056766029537528,44.51835593082858],[11.056741771376153,44.51831592733993],[11.056726793007202,44.51829122581004],[11.056711787981875,44.51826648154592],[11.056694506740955,44.51823798279586],[11.05667156841604,44.51820015484618],[11.056656962853381,44.518176069569535],[11.056641316686996,44.51815026733847],[11.056620145579561,44.518115386497755],[11.0565955977795,44.518075406199145],[11.056577614765237,44.51804616295483],[11.056551453109371,44.51800362077408],[11.056532083465989,44.517972123045936],[11.05651724219971,44.51794798708054],[11.05650219680759,44.517923520794156],[11.056485840865646,44.51789692469436],[11.056464843030778,44.51786277891412],[11.056438338524309,44.517819678419784],[11.056423586779504,44.517795688471445],[11.056415740813211,44.51776273449435],[11.05638584646601,44.51773185933834],[11.056358259662316,44.51768352891169],[11.056333756971643,44.51764060029509],[11.056298771051397,44.51757930616257],[11.056262181411565,44.517515200587724],[11.056226618744361,44.517457393617924],[11.056181504479005,44.517384844981216],[11.056145366536406,44.5173268115777],[11.056092900244453,44.51724331133067],[11.056054717823196,44.51718213050258],[11.055995204823475,44.51708676927068],[11.055982813538476,44.517061552013466],[11.055963759792474,44.517018842976626],[11.055950938816235,44.51699010173932],[11.055936480475033,44.51695784386778],[11.055916086731475,44.51691234384447],[11.055898073756195,44.51687164073505],[11.055862209441104,44.51683685688925],[11.055827020833185,44.51680611472887],[11.055815916548104,44.516780709529804],[11.055854248937923,44.51676046385231],[11.055892222171545,44.516740346164376],[11.055942471727862,44.51671349491954],[11.055984142740902,44.516691227412174],[11.056028761816433,44.51666738716158],[11.056067531694195,44.51664666990029],[11.056098130647118,44.51663031929276],[11.056131778914615,44.51661234100758],[11.056167761227785,44.51659314763897],[11.056208242813126,44.516571696399566],[11.05627010002611,44.51654178933184],[11.056352214285665,44.51650346365346],[11.056460049650456,44.51645313239599],[11.056536918643847,44.51641725434172],[11.05662438650144,44.51637643014031],[11.056735222085452,44.51632469868894],[11.05680645705336,44.516291449876306],[11.056750552676693,44.51620424877688],[11.05672963653417,44.51617162390193],[11.056709230284381,44.51613979376835],[11.05669208038476,44.51611304184475],[11.056646700350584,44.51604225817028],[11.056628811824394,44.51600824455203],[11.05660955870806,44.51597163665998],[11.056586215718465,44.5159272503822],[11.056563978566816,44.51588496878979],[11.056529419433694,44.51581925845603],[11.056513103317958,44.51578823416133],[11.05649197332879,44.51574805722104],[11.05646044821657,44.515688112385895],[11.0564343642558,44.51563851793613],[11.056407795933158,44.51558860180944],[11.056358918857168,44.51549693378264],[11.056340152361587,44.51546173768544],[11.056323465760824,44.51543044095463],[11.056302593776762,44.51539129552767],[11.05628756550038,44.5153631090253],[11.056260995349664,44.51531327661915],[11.056230739661807,44.51525653357976],[11.056211499191187,44.51522044933881],[11.056198444497543,44.515195964252996],[11.05617416456331,44.515150427124254],[11.056152095220291,44.51510903548062],[11.056134799965722,44.51507659735091],[11.056117483830354,44.51504034609802],[11.05616038903154,44.5150045911225],[11.056201553384847,44.51498812942244],[11.0562348042217,44.51497483240482],[11.056280012171573,44.51495675480458],[11.056325024018244,44.51493875453971],[11.056373792808133,44.51491925157468],[11.056423306037495,44.51489945159813],[11.056469505240884,44.51488097795911],[11.056522502379218,44.51485978370163],[11.056574996550705,44.51483899279318],[11.05663005714523,44.51481919542753],[11.056677083152415,44.51480262526172],[11.056730804060477,44.514783696424104],[11.056775703603979,44.51476787573047],[11.056811735843558,44.514755180223545],[11.05684661100796,44.51474289176222],[11.056880516813463,44.514730945748035],[11.056919145165345,44.51471733468477],[11.056956522018586,44.514704164777065],[11.056988864331956,44.51469276905027],[11.057038784611398,44.51467517971006],[11.057083543576757,44.51465940914172],[11.057119950981651,44.51464658074128],[11.05715782858492,44.514633234296625],[11.0572105574554,44.51461465530364],[11.057203292762809,44.5145811633388],[11.057176978332523,44.514547473576066],[11.057141553147911,44.51450212397058],[11.057110523284402,44.51446239829744],[11.057083819010437,44.514428210491616],[11.05704693142418,44.514380986759],[11.05701246030177,44.51433685687779],[11.056982810145698,44.514298898725386],[11.056959713560618,44.51426833064863],[11.056931578910532,44.514226456058836],[11.056910797880073,44.51419514945243],[11.056889101362142,44.51416246123375],[11.056865128943793,44.51412634441592],[11.056836534366123,44.51408326633928],[11.056812115629349,44.51404647785518],[11.05679134935234,44.514015193466726],[11.056769931996369,44.51398292601763],[11.05675007978996,44.51395301695438],[11.056731205496325,44.5139245819995],[11.056704489699582,44.51388433196529],[11.056676780202777,44.51384258649025],[11.056646221216399,44.513796986115985],[11.056621084970846,44.51376465059208],[11.056597261116307,44.51373524967232],[11.056576475703823,44.51370960120931],[11.056546660784155,44.513672807241605],[11.056526277837794,44.51364765386389],[11.056496603725897,44.5136110337971],[11.056474879232763,44.51358422469183],[11.05645642723064,44.51356145551556],[11.056430238675551,44.51352913620238],[11.056406617672694,44.513499988161605],[11.056379359892869,44.51346635031056],[11.056345148275033,44.51342413039762],[11.056317969491037,44.513390590137114],[11.056299145349815,44.51336736040292],[11.05627169170662,44.513333480282405],[11.056230126636367,44.513282186727636],[11.056206129612413,44.51325257278047],[11.056177547630437,44.51321730135225],[11.056154847488221,44.513189287204014],[11.056125914344335,44.51315358095992],[11.056103740460278,44.513126219013884],[11.056156720680425,44.51310916281717],[11.05622660783735,44.51308666341352],[11.056280195059205,44.51306941077354],[11.056330470556569,44.5130532251476],[11.056394782920314,44.5130325212392],[11.05642833552198,44.51302171874609],[11.056493697794073,44.51300067627851],[11.056533336370453,44.51298791499559],[11.056582357690843,44.512972132660025],[11.05661666166082,44.512961088810954],[11.056661710654446,44.512946586146604],[11.056725772675522,44.512925961282676],[11.056794798544512,44.51290138034316],[11.056841234067594,44.51288484325025],[11.056884069820857,44.51286958904397],[11.056945444938739,44.51284773229633],[11.057013477765793,44.51282350401226],[11.057072152645919,44.512802608710665],[11.057124167253907,44.51278408583552],[11.05716430268895,44.51276979214201],[11.057221717474023,44.51274934529141],[11.057280390976604,44.51272845080767],[11.057327006414779,44.51271184995736],[11.057379200989926,44.51269326160481],[11.057435355671606,44.512673264077364],[11.057500689217132,44.512649997009426],[11.057551263373341,44.51263198603872],[11.05758546034556,44.51261980769926],[11.057621672760096,44.51260691152932],[11.05766596438212,44.51259085206592],[11.057712887398461,44.51257413118125],[11.057811369227638,44.51253935533603],[11.057871803002328,44.51251783284803],[11.057919965099785,44.512500680825895],[11.05804070684072,44.512474830219986],[11.058069636860491,44.51251299734643],[11.058101167501446,44.51255459438464],[11.058139651714237,44.51260536663659],[11.05816524237238,44.51263912865249],[11.058189365820192,44.51267095454814],[11.058213201600454,44.51270239941343],[11.058241627842172,44.51273990218306],[11.058261771856632,44.51276647657292],[11.05829213643097,44.51280653623039],[11.058321648621341,44.51284546971857],[11.058352625493244,44.51288633665581],[11.058379364308832,44.51292246991007],[11.058411690779357,44.51296657413687],[11.058439106014287,44.513003978050165],[11.058457367406644,44.513028892060376],[11.058483312969399,44.513064289676045],[11.05851624226644,44.51310921574261],[11.058543978766608,44.51314705676461],[11.058562871718866,44.513174396371014],[11.058621256881015,44.51325248898231],[11.058651944797921,44.51329435583202],[11.058685401653033,44.51333999974444],[11.058704225019921,44.51336568140389],[11.058721642114547,44.513389443859225],[11.05874319998039,44.51341885368906],[11.05876174188917,44.51344415150222],[11.058781096614808,44.51347055727774],[11.058802863410573,44.51350025321167],[11.058864641923513,44.51349124385789],[11.05892467602402,44.51347121705088],[11.058978356710703,44.51345330877126],[11.059018284870927,44.51343998864425],[11.059053931482731,44.51342809791191],[11.059092057706085,44.51341537922143],[11.059126879745987,44.5134037617124],[11.059168495358412,44.51338987904466],[11.059219610462035,44.51337282715844],[11.059294678850202,44.513347783718594],[11.059313868577378,44.51337467851999],[11.059330296115522,44.513397701613655],[11.059379086500467,44.51346608205814],[11.059418917965138,44.51352190432825],[11.059460283549265,44.51357987843703],[11.059498152434774,44.51363295158021],[11.059535367562601,44.513685108336894],[11.059573833527384,44.513739018726895],[11.059599089279692,44.51377441412426],[11.059631841757772,44.51376022664693],[11.059668853597557,44.51374419510952],[11.059733120482923,44.513716357389875],[11.059780083516545,44.51369601499414],[11.059837640952535,44.51367108366706],[11.059897669433736,44.513645082331294],[11.059959110596028,44.513618468505484],[11.060016666619799,44.51359353711338],[11.06009435057777,44.513559887190766],[11.060154380084777,44.5135338857011],[11.060216247587682,44.51350730905612],[11.060329170586092,44.51346092717782],[11.060405199470136,44.51342969799949],[11.060465583026748,44.51340489630317],[11.060540447235736,44.51337414628615],[11.060613938455418,44.51334396025628],[11.060696625732565,44.51330999635295],[11.060766205163445,44.513281416673706],[11.060834410362856,44.51325340101342],[11.060891880312997,44.513229795913794],[11.060929458538784,44.51321436051694],[11.060962843641905,44.513200648276694],[11.060889650300004,44.513158553657625],[11.060848677717434,44.51313498897357],[11.06078676894907,44.51309967299714],[11.060744960659015,44.51307695429973],[11.06067856233424,44.51304087305814],[11.060616352463827,44.51296596002654],[11.060570223783552,44.51290390950183],[11.060535546472169,44.512857263672466],[11.060503484345904,44.51280385560039],[11.06047372929143,44.51275428959895],[11.06044104708039,44.51269984839902],[11.060407563013243,44.512644073072416],[11.060376503623068,44.512587017021254],[11.060349523182541,44.51253642052991],[11.06033076875302,44.51250124916351],[11.06030444586906,44.51245188675278],[11.060280097967508,44.51240622657081],[11.060257197054971,44.51236328156016],[11.060240221034025,44.512331445054045],[11.060221779034748,44.51229042714894],[11.060203632050507,44.51225006830816],[11.060184997598483,44.51220862174506],[11.06016285347209,44.51215937204634],[11.060134440606632,44.5120961797148],[11.060103038006105,44.512026334393],[11.06008331029709,44.5119824579338],[11.060048627553885,44.51190532116734],[11.06003544982944,44.51187601153876],[11.06001699601151,44.51184657384537],[11.05998325047718,44.5117927422626],[11.059967649424829,44.51176785341154],[11.059936007584046,44.511717377833655],[11.059904365799179,44.511666902245565],[11.059878596237713,44.51162579412638],[11.059857121856902,44.511591537801294],[11.059832084169011,44.511551595805955],[11.059810742820943,44.5114863726532],[11.059861398355972,44.51146357881108],[11.059911838404666,44.51144088336163],[11.05996456478153,44.511416305606474],[11.06000971743845,44.51139684021884],[11.060057328628409,44.51137541649978],[11.060115083003666,44.511349429068694],[11.060156410008714,44.51133083208583],[11.060186611717938,44.51131724233261],[11.060277445877379,44.51127636986314],[11.06031373713883,44.51126003962544],[11.060365365724422,44.51123680757777],[11.060415854876933,44.51121408851226],[11.060465885756852,44.511191575752214],[11.060499215716842,44.51117657816874],[11.060536278430721,44.51115990084089],[11.060588784926715,44.511136273837806],[11.060638567981528,44.511113872605655],[11.060686990689394,44.51109496100379],[11.060739901371475,44.51107527247223],[11.060800166171191,44.51105284851953],[11.060845624598938,44.51103593401748],[11.060905839625928,44.511013528012235],[11.060956529827104,44.51099466719026],[11.061010426327234,44.510974611436325],[11.061059043849372,44.51095652169721],[11.061121331318393,44.51093334445293],[11.061183669652614,44.51091014825107],[11.061257605316229,44.51088263654628],[11.06132413843661,44.51085788000411],[11.061387512294854,44.510834298588435],[11.061447776588473,44.51081187430223],[11.061511200003094,44.51078827391775],[11.061557545885634,44.510771028016045],[11.061599843445293,44.51075528931219],[11.061633158910151,44.51074289250783],[11.061677766217745,44.51072629463006],[11.061713003276347,44.510705742761814],[11.061701155868038,44.51067029113406],[11.061689659753577,44.51064230261323],[11.061677164283843,44.51061187623022],[11.061664820267833,44.51058181981808],[11.061654210364914,44.510555984914966],[11.061643900551397,44.51053088190413],[11.061633565926233,44.51050571722245],[11.061621402274822,44.51047610047569],[11.061605793775888,44.51044091391089],[11.061578318873291,44.51039520422806],[11.061556081921438,44.51035910295114],[11.061537876542088,44.510329546678086],[11.061519607182394,44.51029988802741],[11.061502888519648,44.510272746406415],[11.061483232559201,44.51024083423062],[11.061464404086118,44.51021026740177],[11.061446209494635,44.510180728923714],[11.06141864667497,44.51013597956425],[11.06139379164844,44.510095627687654],[11.061373074965532,44.51006199534294],[11.06135545296963,44.510033386381956],[11.061336827480499,44.51000314896201],[11.061320263815826,44.50997625928777],[11.061290872901262,44.50992854053719],[11.061271733760977,44.509897470637405],[11.061253227048388,44.50986742371415],[11.061229965680804,44.509829660081444],[11.06120694384505,44.509792730260806],[11.061183341940172,44.50975840185478],[11.061161030158067,44.509726265690674],[11.061143039214018,44.50970035333167],[11.061122622815443,44.509670947638035],[11.061095892246488,44.50963244717753],[11.061076635593484,44.50960471122551],[11.061056960118629,44.50957637155488],[11.061037043498192,44.50954768603307],[11.061016021480548,44.50951740719782],[11.060994515708481,44.509486431287996],[11.060974958366549,44.50945826412041],[11.060950792596893,44.50942345700238],[11.06091867457272,44.509377196287474],[11.060898139159297,44.50934761985066],[11.060877127885862,44.50931735609924],[11.0608452644456,44.50927146167422],[11.060828090263598,44.5092467264638],[11.060811990903817,44.509223537400715],[11.060791919434696,44.50919462776414],[11.060774021591175,44.509168848703005],[11.060753813526265,44.50913824003441],[11.060737974032293,44.509107788376845],[11.06072147191315,44.509076062206326],[11.060704837497576,44.50904408004665],[11.060685109992612,44.509006151682804],[11.060660657926777,44.50895914304787],[11.060637632228467,44.50891487335981],[11.060619355577105,44.508879734809085],[11.060600284124538,44.50884306935604],[11.06057942179641,44.508802958519595],[11.060563475871717,44.50877230169735],[11.060540084585245,44.50872732828171],[11.06052112928787,44.508690885783],[11.060502955372838,44.50865594521577],[11.060480670832419,44.50861310073229],[11.060460034079352,44.508573424227826],[11.06044267601465,44.50854642362072],[11.060424516637003,44.50851817530837],[11.060399615612605,44.50847944090082],[11.060376679291473,44.50844376432299],[11.06035710647958,44.50841331876639],[11.060321896722034,44.50835854860049],[11.060297644046393,44.50832082246349],[11.060275148356064,44.50828582931203],[11.060256166627807,44.50825630303886],[11.060233231774687,44.508220627304624],[11.0602097139319,44.50818404382097],[11.06016719718738,44.508117907345685],[11.060140317308209,44.50807609458908],[11.060115338147503,44.50803723819096],[11.060094591597332,44.5080049646334],[11.060073117121988,44.50797156177713],[11.06003732618473,44.507915884641605],[11.060010885735498,44.507874755323535],[11.059983565588423,44.50783225907285],[11.059957708163411,44.50779203568654],[11.05993082855898,44.50775022197307],[11.059906432659988,44.50771227236799],[11.059878746542442,44.50766920382713],[11.05984923569381,44.5076232972731],[11.059825848811517,44.50758691750329],[11.059822586082527,44.507553442591345],[11.059858474283233,44.50753283902717],[11.059888419814197,44.507517422839825],[11.05992611150797,44.50749801917016],[11.059961520958227,44.50747979009442],[11.059994829813904,44.50746264231117],[11.060036905479876,44.50744098267367],[11.060084349835174,44.5074165568755],[11.060134077650817,44.50739095732599],[11.060177886749976,44.50736840390784],[11.060214147379721,44.507349736271564],[11.060296662301663,44.50730725658366],[11.060384134290432,44.507261471647375],[11.060434849267452,44.50723419047073],[11.060492005140267,44.50720390499287],[11.060543681367827,44.50717652269486],[11.060619964863838,44.507135830623156],[11.06067048375074,44.50710888147548],[11.060723556221019,44.5070805709335],[11.06078868535866,44.50704582824359],[11.060853176004295,44.507011425636705],[11.060922286025447,44.50697455931838],[11.060975621251178,44.50694610797627],[11.061017801140082,44.50692360705204],[11.061055059053166,44.50690373190067],[11.061041079730384,44.506868935348216],[11.061013789463443,44.50684017676491],[11.06096937544351,44.50679337459797],[11.060943513375825,44.5067661224578],[11.060902556594016,44.50672296242401],[11.06087204329875,44.506690810390104],[11.060845121627727,44.50666243942579],[11.060814264680653,44.50662992267225],[11.060782252841689,44.506596190699675],[11.060756756735675,44.50656932262324],[11.060714932742854,44.50652525000599],[11.060757907588993,44.5065036080798],[11.060841681674903,44.506461419455626],[11.06093451239869,44.506414670411324],[11.061035645689532,44.50636374004334],[11.061127962865374,44.506320631760865],[11.061194141815728,44.50629261012986],[11.061267587945624,44.506261510702466],[11.061320682451882,44.50623902866532],[11.061404131299893,44.50620369377698],[11.061476997106302,44.506172839660614],[11.061542068823478,44.5061452861497],[11.061618738525162,44.50611282110958],[11.06165928921165,44.50608684555371],[11.061736937277848,44.50603710748258],[11.061833467800573,44.50597527185223],[11.061913370536399,44.505924088535956],[11.061994598079888,44.50587205659768],[11.062076991702991,44.505819277029836],[11.062144057168448,44.50577622159618],[11.06219693029183,44.505742277436646],[11.062267593549526,44.50573710110442],[11.0623600495173,44.50573032831228],[11.062423776266249,44.50568236088908],[11.062456199655324,44.50565795607854],[11.062507103022627,44.505619641485985],[11.062557620352958,44.50556881662855],[11.0626120069494,44.505514097539375],[11.062645179239318,44.50548072245689],[11.062679124185838,44.50544657088466],[11.062711524963735,44.50541397224192],[11.062753954489095,44.50537128323005],[11.062815670078702,44.50530919083133],[11.062867741868853,44.50525680010372],[11.062912100389676,44.50521217032686],[11.062952215335585,44.50517181062361],[11.062996958830162,44.50512679304693],[11.063042213988417,44.50508497653415],[11.063103585393794,44.50503239874458],[11.063150538209147,44.504992172878765],[11.063197298070921,44.50495211342749],[11.063229391546994,44.5049246183623],[11.063255272191128,44.50490244627339],[11.063287171435247,44.50487511674881],[11.06332572674902,44.504842086208846],[11.063370497252414,44.504803730821166],[11.063418664688983,44.504762464697464],[11.0634688211717,44.50471949442098],[11.063514945598977,44.50467997747649],[11.063553887719959,44.50464661487331],[11.063635364200527,44.50457681242454],[11.06365964127228,44.50455601331679],[11.063697855480862,44.504523274197894],[11.063756462461448,44.504473063292984],[11.063818466325607,44.504419942528514],[11.06386740725244,44.50437801224296],[11.063925186097011,44.504328511222006],[11.063994189921619,44.50426939321819],[11.064027926149327,44.504225058567854],[11.064076272637067,44.504161522789445],[11.064132949125094,44.504087042264445],[11.064174406867288,44.504032560672286],[11.064211302172025,44.50398407356542],[11.064252943699698,44.503929350052054],[11.064288859106071,44.50388215090414],[11.064306757242313,44.50385862847487],[11.06435478641141,44.50380165670915],[11.064395136356415,44.50375379127295],[11.064446153638567,44.50369327422688],[11.064509284546666,44.503618386913416],[11.064544856628073,44.50357618943593],[11.064607498279736,44.503501881679455],[11.064634518329377,44.5034698290172],[11.06466897223644,44.50342895889954],[11.064673826494158,44.503392401565335],[11.064683878361613,44.503316720345794],[11.064701467129767,44.50318761640909],[11.06471307904539,44.50310239482008],[11.064728833448497,44.50298675233372],[11.064749039095249,44.50292684638801],[11.064775569206914,44.502848189766176],[11.064814283624886,44.50273340948789],[11.064854092141289,44.50261538287302],[11.064887754583474,44.50253006763555],[11.064948422875798,44.502376305071614],[11.065042817678753,44.50213706757927],[11.065053726116581,44.50210941772428],[11.065067713982877,44.50207396812625],[11.065103531408113,44.50198318886895],[11.065106041080309,44.50194746614748],[11.065101655639378,44.501896058671406],[11.06509667207287,44.50183761657464],[11.065089947066884,44.50175878626629],[11.065086632476932,44.50171992615587],[11.065093921254958,44.50167498564451],[11.065103261194764,44.501617386376715],[11.065132002594952,44.50144016153557],[11.065143068521426,44.50137191786923],[11.065157783894893,44.50128117099099],[11.065166148995386,44.50122899001199],[11.065176573638956,44.50116396106778],[11.065185712741377,44.50110694789044],[11.065193517152789,44.50105826826133],[11.06520189758986,44.501005988872144],[11.065210477008321,44.500952469824576],[11.065223409251505,44.50089661418222],[11.065236535621654,44.50083991598332],[11.065257115475275,44.500751032769784],[11.065281620943022,44.500645189646185],[11.065292047058369,44.50060015364962],[11.065301833798218,44.50055788581654],[11.065316194546337,44.500495860038995],[11.065329765053812,44.50043724613892],[11.065339168527215,44.50039662911119],[11.065353871910931,44.500333123402164],[11.065363272090577,44.50029252083557],[11.0653370247078,44.500246033560174],[11.065308670834897,44.50019581859423],[11.065273917856471,44.50013426896262],[11.065242510115361,44.500078644640084],[11.065139282558233,44.499960013824],[11.06504475709685,44.49985138315353],[11.064980293781556,44.499777300833145],[11.06494246174741,44.4996999234854],[11.064918152391359,44.49965020242921],[11.064904677308624,44.499622644291975],[11.064847746528299,44.499506202519754],[11.064775232796485,44.49935789062448],[11.064720470222866,44.499298676968635],[11.064610443528474,44.499210641552594],[11.064515501670316,44.499171284036905],[11.064418510960653,44.499118459575655],[11.064363070864767,44.49908457783622],[11.064315883137818,44.499061799217095],[11.064273841277437,44.49904635919],[11.064180476024665,44.499011919821456],[11.064070089982339,44.498958212826274],[11.063959685552561,44.49890394339297],[11.06387927761866,44.498808618946676],[11.063864333912354,44.49876387694212],[11.063850941669712,44.49871854332557],[11.063842916256025,44.49866057925571],[11.063837394379272,44.49862426171721],[11.06383269270487,44.498595360105824],[11.06382353028429,44.49853903705723],[11.063819358670678,44.49851339291026],[11.063814470749577,44.498483347731835],[11.063811662349053,44.49845680388777],[11.063809460449994,44.498426238416826],[11.063809708488217,44.49839619762326],[11.0638114418302,44.49834822198671],[11.063812159602898,44.49830454544959],[11.06381180352082,44.498268078709465],[11.063811743061585,44.49822879691034],[11.063812644496265,44.498196776333685],[11.063812213873286,44.49816564678788],[11.06381171707975,44.4981286856465],[11.063811886338966,44.49809445195919],[11.063816747588005,44.498055056882166],[11.063819922491891,44.498015887645536],[11.063821471570188,44.49798977997866],[11.063825652565704,44.497949358296296],[11.063827131076941,44.497912803474144],[11.063826725040865,44.497867792356274],[11.063827618937742,44.49782179986122],[11.063828853008458,44.49777297169565],[11.063826508543128,44.49773658320916],[11.063824319625837,44.497702606410954],[11.063821144916592,44.49766286505536],[11.06381392730994,44.49761702189168],[11.063799101926326,44.4975673524024],[11.063781346948591,44.497515469010644],[11.063766125257569,44.49747417190714],[11.063756473903458,44.49744155525687],[11.063742833675517,44.49740408178007],[11.063728158084176,44.49736221843781],[11.063718707489937,44.4973341849856],[11.063704760588923,44.49730487971543],[11.063691872866263,44.497277929286604],[11.06368088512697,44.497251781755345],[11.06366510394079,44.49721415881308],[11.063649451078103,44.49717571611172],[11.063639390385033,44.49714942578259],[11.06362995994752,44.49712456357804],[11.063618873495269,44.497095581101256],[11.063608868237793,44.49707054022994],[11.06359404366747,44.497034644692015],[11.063581506510115,44.49700607644539],[11.063567156639017,44.49697571973326],[11.06355048750644,44.49694312097633],[11.063539624674217,44.49691844219929],[11.06352664495958,44.496886812054214],[11.063512613810559,44.496850157647884],[11.063501292106993,44.49682067166307],[11.063479939117205,44.4967890398082],[11.063450642645831,44.49675572038704],[11.063424377083471,44.49672584639471],[11.063397753127907,44.49669280095114],[11.063377183811411,44.49666352079947],[11.063356426041874,44.496639308919924],[11.063327939165093,44.49660893219296],[11.063291977377324,44.496574390000454],[11.06325519354891,44.496537152865855],[11.063224967907066,44.496506474439066],[11.063187476014482,44.49646920146409],[11.063154688601447,44.496437283740164],[11.063126495087054,44.496407515638644],[11.063104738464379,44.49638418511311],[11.063075819531663,44.49635991630027],[11.063048706502606,44.496338098667906],[11.063026644059958,44.496317186353835],[11.06299664275359,44.49628744098364],[11.062972616686604,44.49626370491123],[11.06295096732356,44.49624234218946],[11.06291222680857,44.496207066857586],[11.062874845507643,44.49617445153243],[11.0628439750656,44.49614837508622],[11.06281677628501,44.49612262300454],[11.062781978067513,44.49608895808542],[11.062742123932795,44.496050275520524],[11.062707452070109,44.49601773002101],[11.062681743703086,44.495993898244166],[11.062657692120647,44.49597128609139],[11.062634036072538,44.495949046697774],[11.062592275205624,44.495913927552515],[11.06255860113938,44.49588263604988],[11.062535515553622,44.49585588412216],[11.06250385653926,44.49581695979362],[11.062479911202312,44.49578537187734],[11.06246169723778,44.495759622143424],[11.062435739078852,44.495725561550834],[11.06241715963862,44.495699683372614],[11.062397580678489,44.4956693579504],[11.062366473052228,44.495622594048044],[11.062346807361587,44.49558823791237],[11.062329424934033,44.49555531875764],[11.062314208857746,44.49552448058325],[11.062294778865093,44.49548778220137],[11.062277574672676,44.49545456543312],[11.062255272857032,44.49541104362237],[11.062241263479526,44.49538563922511],[11.06221824573818,44.49533383262835],[11.062199273228119,44.49529027137447],[11.062179125149559,44.495244225023015],[11.062162750487914,44.49520135505284],[11.062126173310983,44.495119524759644],[11.062109647253335,44.495083917224484],[11.062090693721734,44.495040604080174],[11.062069897829051,44.49499469364438],[11.062050246243821,44.49495901381477],[11.062034346970103,44.49493097875039],[11.06201345752242,44.494894328283074],[11.061991078833117,44.49485507144386],[11.061984047639703,44.49482466696333],[11.062017084851652,44.4948016726678],[11.062053539558,44.494778647246335],[11.062100724359563,44.49474884619469],[11.062140001550551,44.494724040363316],[11.062175272555445,44.49470176279423],[11.062208380573777,44.49468085216984],[11.062251191263563,44.49465381374449],[11.06228381815856,44.49463320707457],[11.062315399196253,44.49461326027374],[11.062349025098088,44.494592022461006],[11.062387167647085,44.494567932042344],[11.06243665096078,44.494540047398566],[11.062474510189084,44.494524546063126],[11.062562580409928,44.49448685452916],[11.062594818861038,44.4944710387777],[11.062639392644487,44.49444995779394],[11.062686614934577,44.494430401698985],[11.062730793224047,44.49440805845598],[11.062776036434526,44.49438392153929],[11.062805490484925,44.49436854494934],[11.062840583975886,44.494350519615836],[11.062888144821963,44.49432722933667],[11.062927585881038,44.49430826387025],[11.062964415665496,44.49429068516398],[11.06299607499558,44.49427329080147],[11.063027747879362,44.49425588898313],[11.063056631030426,44.49424066218488],[11.063106934725184,44.494214408103026],[11.063143009047522,44.49419516940434],[11.063177472054463,44.49417714005595],[11.063207665722937,44.49416216321597],[11.06326352794187,44.49413653332357],[11.063321331880463,44.49411275165908],[11.063377928417507,44.49408704722166],[11.063428743602202,44.494063570063076],[11.063478068382313,44.49403959586712],[11.063511528803135,44.49402310057892],[11.06357315574125,44.493992677778216],[11.063618626761532,44.4939668529193],[11.063647869212927,44.49394926979345],[11.063692928058138,44.493923492866834],[11.063735144011911,44.49389977399459],[11.063767528336866,44.493881016819756],[11.063798312739703,44.49386318521786],[11.063841714626212,44.49383661354508],[11.063873174414734,44.49381757056524],[11.063905702503009,44.49379818507026],[11.063935261348792,44.49378051962844],[11.063969629429263,44.493759849487915],[11.064006241447133,44.49373782888886],[11.064051485827722,44.49371061794994],[11.064086188793265,44.49368974546266],[11.064062485979639,44.493659254503704],[11.064042916389838,44.49363408138291],[11.064019246096821,44.493605900798535],[11.063990196550103,44.493573338656155],[11.063968921207973,44.49354648136116],[11.063942486275625,44.493513768408285],[11.063905313036331,44.49347329216083],[11.063882308288726,44.49345245645461],[11.06385161509557,44.49342342510708],[11.063813753803561,44.49338454752847],[11.063778635406088,44.49334708778135],[11.063751413534431,44.49331798105271],[11.063728315384884,44.49329510070824],[11.063706840423366,44.493273951029984],[11.063678257264456,44.49324290541924],[11.063647080330346,44.493208712556246],[11.063623250622063,44.493183132924614],[11.063599020482254,44.49315418814512],[11.063567324250078,44.493113579477786],[11.063528248434027,44.493065861577485],[11.063489611703886,44.49302766499847],[11.063451164979202,44.49299602968109],[11.063428515212314,44.492976226367844],[11.063403237818866,44.492951602824526],[11.063370361523774,44.49291807348137],[11.063341706071608,44.4928873927967],[11.063319256503712,44.49286256598331],[11.063292555659197,44.49282949757692],[11.06326893222713,44.49279388972618],[11.063247432422195,44.492757584500474],[11.063229510582973,44.49272997145708],[11.063200772226663,44.492690945006395],[11.063166862660774,44.49265314542845],[11.063136481170188,44.49262590427395],[11.06309785069109,44.49259542899231],[11.063060446574966,44.49256816437699],[11.06303089638344,44.492550654407076],[11.063001880664075,44.49253399812278],[11.062963487217463,44.492511916154754],[11.062919755358825,44.49248635569436],[11.062870027438903,44.4924566426187],[11.062825373291894,44.492430320059874],[11.062785052764488,44.49240255618738],[11.062746864050325,44.492371901754076],[11.062722645353887,44.49234971484362],[11.06269684881583,44.49232515453632],[11.062666097287616,44.49229300811145],[11.062625445549038,44.49226601178739],[11.062578154969966,44.49224416875141],[11.062524158535501,44.49223007296032],[11.062471898229209,44.49221780932231],[11.062436522667374,44.492197873797274],[11.062391327958355,44.492164412752665],[11.06235207289197,44.49213357488997],[11.062314751305024,44.49209867971726],[11.062279116051153,44.49206819956454],[11.062248427392207,44.49204285606971],[11.06218665149631,44.49201742860216],[11.062128527660805,44.492002800398424],[11.062073717382994,44.49199700510419],[11.062032617648468,44.49199360712323],[11.061985202168515,44.491986440366006],[11.061942854293779,44.4919671860748],[11.061910990557415,44.49195081771673],[11.061874875449615,44.491933868938126],[11.061824725970878,44.491915574737625],[11.061779978547287,44.49190324442259],[11.061721158087064,44.49189432364856],[11.061670433739172,44.49190403700857],[11.061627824310763,44.49192535402799],[11.061558893165111,44.492031880787195],[11.061531653903026,44.49206218572336],[11.061347176154909,44.492091402812086],[11.06125254551617,44.49210845182428],[11.061214661213697,44.49211988762879],[11.061178153060599,44.492128367322984],[11.06113836322482,44.492135696299364],[11.061096791202147,44.49214031253727],[11.061035276709768,44.492141532882364],[11.060986465599617,44.492139090272296],[11.06094221230543,44.49213510874085],[11.06089734598465,44.49212793512622],[11.060854999847011,44.492117826161184],[11.06080757127375,44.49210161151828],[11.060773197735793,44.49208204000079],[11.06074455918367,44.49206481907031],[11.060716113244467,44.492043247290965],[11.0606876784112,44.49202102621509],[11.060658287064923,44.49198350533923],[11.060627472031804,44.4919451990157],[11.06060018746865,44.49191067848319],[11.060574443975998,44.49187531089144],[11.060553521499601,44.4918426623989],[11.060537940135617,44.491818500602676],[11.060512154875921,44.491779267124855],[11.060488725045493,44.49174573840328],[11.060463984430001,44.491712594338296],[11.06043080049159,44.49167408314079],[11.060403077618513,44.491641822925416],[11.060372482440357,44.491606749005],[11.060343473684954,44.491574686631644],[11.060321264538526,44.49155184986388],[11.060293565693472,44.49152394645586],[11.060250854792914,44.491485467588156],[11.060196828598743,44.49143435155408],[11.060168361356444,44.491405553616566],[11.060134881293676,44.49137190818935],[11.060103779499943,44.49134251048664],[11.060069732156828,44.49131203969736],[11.060039733297065,44.49129238811838],[11.059999731541588,44.491268330183985],[11.059958224776354,44.49124678411394],[11.059927209878035,44.49123335004235],[11.059882327678965,44.491223666382716],[11.05981370844405,44.491217358426745],[11.059765821903664,44.4912148256912],[11.059700931807047,44.49121112686742],[11.059625851035301,44.491202938588806],[11.059568580161708,44.49119288412657],[11.059533859493854,44.491186788215835],[11.059484858785531,44.491175220625095],[11.059445883239857,44.491165620198586],[11.059411054240027,44.49115215935983],[11.059364868152596,44.491133013854814],[11.059317395822383,44.49110551819383],[11.059270132548889,44.49107424214258],[11.059217595583787,44.49103674225164],[11.059153762330835,44.490989529690424],[11.059108578740693,44.490953552704326],[11.059079697831983,44.490929559450166],[11.059053897361027,44.490907469602654],[11.05901703097143,44.4908775669894],[11.058980686066553,44.49085122359844],[11.058938961369805,44.49081696308253],[11.058905453819172,44.4907880810735],[11.058881394352518,44.490767570358294],[11.058846646390721,44.490737247774895],[11.058804984108393,44.49069950296942],[11.058781303838476,44.49067307607377],[11.058735813596513,44.49062908673279],[11.058693460899217,44.49059405512224],[11.058670278261546,44.4905725814749],[11.058643563477688,44.490547338196734],[11.058618869105198,44.4905156063022],[11.05858817221733,44.49048184721252],[11.058558293926353,44.490454444510014],[11.058536157937704,44.490434512117304],[11.058506190212482,44.490409999054634],[11.058472566742688,44.490382742179165],[11.058440746183665,44.49035850557668],[11.058410610344309,44.49033546744839],[11.058380232973397,44.490311533404444],[11.058352025380588,44.490288679259216],[11.05832600149722,44.49026358369577],[11.058293671106314,44.49023604147785],[11.058253630518772,44.49021241125087],[11.058220197335643,44.49019323702502],[11.058181924093358,44.490171758947355],[11.058140001956765,44.490149732657315],[11.058108386191563,44.490133597330285],[11.058065955735314,44.490118212408355],[11.058029837514997,44.49010733113005],[11.057995222702154,44.490097607485104],[11.057961339198584,44.49008868718521],[11.057893877885022,44.49007342209691],[11.057841999978537,44.49006272219704],[11.057793165630255,44.490052450856865],[11.0577325155676,44.49004007158222],[11.057683775596448,44.49003287559057],[11.057639867435393,44.49002728408816],[11.057604088222647,44.49002156767145],[11.057562471626978,44.490009291804114],[11.057525723213184,44.48999307506564],[11.057491411076155,44.489975039092705],[11.057457401498503,44.489952553061954],[11.057424394152351,44.489929061372116],[11.05739926114683,44.48990943393892],[11.057363721828807,44.4898807114219],[11.05733696581185,44.48985530743051],[11.057308293553406,44.489826768139686],[11.057282695147462,44.4898001270209],[11.057257098139736,44.48977202294481],[11.057228317495326,44.48973449826777],[11.057195854084132,44.489687092044065],[11.05717864968935,44.4896643571323],[11.057153116316785,44.489633195494946],[11.057123269978195,44.489599444987],[11.057086744789178,44.4895576980452],[11.057048414576606,44.48951662099939],[11.057010964063087,44.48948718378734],[11.056974240141995,44.489470862898116],[11.05692285201544,44.48945701093849],[11.056867818152648,44.48944888728769],[11.056826135173425,44.48944783501688],[11.056782125575182,44.48944163283248],[11.056740212618669,44.48942960327302],[11.05669028495429,44.48941246684881],[11.056634865216056,44.48939211277046],[11.056592656522392,44.48937435201217],[11.056561273662245,44.48935651776458],[11.056531649082284,44.48933925771281],[11.05650415872723,44.48932045847243],[11.056452977040346,44.48928402940292],[11.056398185842621,44.48924122844838],[11.056355899016397,44.48920868129907],[11.056324667816149,44.489184924128615],[11.056292991233128,44.489162664005306],[11.056262447072829,44.4891416708526],[11.056233251269518,44.48912100360916],[11.056205268329501,44.48909727252753],[11.05616984007393,44.48906702709074],[11.05612345184517,44.489024268221804],[11.056085219161929,44.48898847723337],[11.056058465337216,44.488963358281666],[11.056033348729173,44.48894145258476],[11.056008674021031,44.48891998905545],[11.055978974740496,44.48889304157951],[11.055948103317702,44.488863659287645],[11.055918781835045,44.48883121339139],[11.05589553782642,44.48880758595023],[11.055856875974301,44.4887711337171],[11.055820952293484,44.48874084397588],[11.055796378373737,44.48871988183173],[11.055756514811446,44.48868254823954],[11.055720304001653,44.48865306757064],[11.055681756153973,44.488624470715415],[11.055643234616564,44.4885950109218],[11.055616399392857,44.48857425780287],[11.055566493832897,44.488534597718534],[11.055530584269437,44.48850488019734],[11.055495447730081,44.488474254786475],[11.055465025280625,44.488450264052915],[11.055432161821775,44.488427348058316],[11.05538771181522,44.488394516295685],[11.05534905481875,44.48836480766692],[11.055293652164277,44.48832270318256],[11.055264080882468,44.488298557531124],[11.055227527733367,44.48826697895294],[11.055195587638899,44.48823085472021],[11.055176744493084,44.488204073511774],[11.055156205219031,44.48816065627142],[11.055149570786517,44.488127492090655],[11.055145227458334,44.488074557413135],[11.055140443058676,44.48803240861826],[11.05513980872338,44.48798914711546],[11.055141419798938,44.48795503057212],[11.055144235019906,44.487921718793956],[11.055157023351251,44.48785092870999],[11.055166575429055,44.4878083030787],[11.055178071549449,44.48775797401431],[11.055194123659689,44.48771014128662],[11.055209040298905,44.48766446171869],[11.055230031547012,44.48762283741052],[11.055255788619693,44.48758520819501],[11.055280796920837,44.48755175436714],[11.055310759465577,44.48751223000058],[11.05533475152615,44.48748647189518],[11.055365773826972,44.487458786695164],[11.055409671303257,44.487431166779125],[11.05547504771211,44.48739847067724],[11.055522147865927,44.487376173927224],[11.05555544768566,44.4873603761506],[11.05559930346418,44.48733930542267],[11.055635246442382,44.487320922192374],[11.055687358629035,44.48729198481991],[11.055723615031301,44.48726845721892],[11.055763068347275,44.48724013665999],[11.055800451870166,44.48720817308353],[11.055822209065166,44.487173510107034],[11.055833605552445,44.4871472782972],[11.055843503773785,44.48709669705245],[11.055835913750304,44.48704643792026],[11.055827744171864,44.487015760934526],[11.055822958514973,44.48697637869168],[11.055825856323114,44.48692041209401],[11.05584144817603,44.486863259935284],[11.055854564897553,44.486823246532836],[11.055865649686902,44.48679616328113],[11.055877514185012,44.48676804238902],[11.055901246882417,44.48671874246017],[11.055922206578828,44.486673881242446],[11.05594129687479,44.4866374135246],[11.055960269803453,44.48660662497388],[11.05598735175733,44.486568037256674],[11.05602090030426,44.486523439958624],[11.056044495055298,44.4864970244616],[11.056079785025913,44.4864553900589],[11.056103699816541,44.486421908024695],[11.056126830623388,44.486396428136274],[11.056149723703513,44.486371877994614],[11.056180384314612,44.486338687674085],[11.056205271036577,44.48631185906095],[11.056241351399814,44.486273039898116],[11.056274656407748,44.48623454799104],[11.056310864642684,44.48618752600872],[11.056338655205835,44.48614546033143],[11.056349179615529,44.486120297481094],[11.056360091665226,44.48608569739451],[11.05637139873472,44.486028631334726],[11.056371141133297,44.4859860580434],[11.056364187713797,44.48594196867648],[11.056359102928788,44.48591415571401],[11.056352842406998,44.485885844476336],[11.05632723448775,44.48580877507237],[11.05629279941601,44.4857316611882],[11.05626517246999,44.485685986990255],[11.05622815801966,44.485629333902914],[11.056195607326702,44.4855863663304],[11.056158252282145,44.48554234734141],[11.056127497819702,44.4855045419161],[11.056102892868998,44.48547314093676],[11.056074833941373,44.48543613680029],[11.0560551926142,44.4854099948821],[11.056030824288717,44.48537637857959],[11.05600271942908,44.485331443935436],[11.055985096736329,44.48529095597276],[11.055977919079668,44.48525897645139],[11.05597310426363,44.48523135936561],[11.055968224033238,44.485199518523466],[11.055965750104868,44.48517138034224],[11.05596410291436,44.4851336655799],[11.055963217163765,44.48509228203758],[11.05596315482378,44.485054254251565],[11.055946497123486,44.48501008933443],[11.055903846124622,44.48498021603136],[11.055862541428931,44.48495916625376],[11.0557991919346,44.48492784890037],[11.055748173844968,44.484900103178994],[11.055694421069912,44.484874088365956],[11.05565505856479,44.4848570223163],[11.055597188226812,44.48483589980301],[11.055533973803293,44.48481815583591],[11.055466549864565,44.484791555211],[11.055413607581027,44.4847579625635],[11.05538391240306,44.48472988050849],[11.055353488292914,44.484696118304946],[11.055323707634932,44.48466259388223],[11.05528825968136,44.48463445241819],[11.055248739066245,44.48460997720819],[11.055207235511132,44.48459155773915],[11.055157827442704,44.48457784037679],[11.055113344799476,44.48456819264746],[11.055064073768111,44.484558590580875],[11.054996120960396,44.484544272482545],[11.054940808903298,44.484530665796555],[11.05489688305074,44.484521222223556],[11.054853010296988,44.48451314697807],[11.054812080839179,44.484505805572255],[11.05476760772906,44.48449631868342],[11.054714735617583,44.484480354298405],[11.054680959017796,44.48446369873027],[11.054649526997071,44.484447451089316],[11.054601887865722,44.48442246906845],[11.054552255856054,44.48438839872445],[11.054522222587021,44.48436624985947],[11.05448885076012,44.484335654478386],[11.05446657247856,44.484314856881895],[11.05443313752221,44.48428142319042],[11.05441072560344,44.484253379969296],[11.054385181268511,44.484216958544],[11.054352598827831,44.48416779539528],[11.054322089266405,44.48412516235762],[11.054297591320053,44.4840897438822],[11.054281470820019,44.48406635162271],[11.054262584545178,44.48404280296562],[11.054240250037692,44.48401581342537],[11.054212930614261,44.48398738942745],[11.054182645925925,44.483956779820794],[11.054148288290365,44.48392316638763],[11.054116108234558,44.483895735483884],[11.054081341660346,44.48386773712702],[11.054045593337387,44.48384189814834],[11.054017885651449,44.48382322193563],[11.053967442584515,44.48379941001984],[11.053914232735654,44.48378494127312],[11.053858988872404,44.48377378695089],[11.053815891621678,44.483766217706204],[11.0537695207388,44.48375803123641],[11.05373300820369,44.483733952417076],[11.053704381403312,44.48371108393087],[11.053683273199274,44.48366914855791],[11.053661510593772,44.483612329197136],[11.053648747707644,44.48356771486287],[11.05363860486463,44.48353028341228],[11.053632234383953,44.483496070065556],[11.053639205456086,44.483449866499804],[11.05364603868876,44.48340403542095],[11.053644234843246,44.48336639815354],[11.053637650378224,44.483336764693384],[11.05362804857061,44.483310555192766],[11.05360869754396,44.4832773684634],[11.053571043532592,44.48323017785804],[11.053555565432095,44.48320310986613],[11.053540744370503,44.4831742673385],[11.05352456678672,44.4831451116094],[11.053509062359415,44.48311471220999],[11.053496775313274,44.4830709652526],[11.053490541315407,44.483014514737974],[11.053486399999962,44.48297132707276],[11.053471446784906,44.48291384773593],[11.053460690277054,44.48287698276556],[11.05343832672204,44.48283849902341],[11.053417592996459,44.482812021583236],[11.053388280719203,44.482783363145806],[11.0533520385934,44.48275507060589],[11.053312212569583,44.48272853320466],[11.05328229189104,44.48271199152254],[11.053229750401767,44.48268489234224],[11.05318617171665,44.48266522567481],[11.053153229550837,44.48264872659271],[11.053108296288217,44.4826233171683],[11.053065178429488,44.48260172910773],[11.053017244062628,44.48258102887675],[11.052943978304937,44.482555017940015],[11.052868867873203,44.48252782476947],[11.052822310113898,44.482510229019056],[11.052777715041325,44.48249369988256],[11.052712202229696,44.482470598589316],[11.052670317457897,44.482456695363176],[11.052619463249194,44.48244022018148],[11.052573978966894,44.4824224645885],[11.052528322885724,44.48240228405557],[11.05248467982412,44.4823822032549],[11.052423343444179,44.48235286441018],[11.052381659572456,44.48233030773543],[11.052346686663116,44.48231057336803],[11.052302095088764,44.482281120700904],[11.052236141952474,44.48224107778928],[11.05220275831634,44.48221882468105],[11.05215822267756,44.482187664052304],[11.052130613923747,44.482167035626624],[11.052101359974257,44.48214517639644],[11.052058856349333,44.482111858184005],[11.052019943489436,44.48208016971285],[11.051987200116757,44.48205225137869],[11.05196440675348,44.48203037682496],[11.05194317458983,44.48200877129438],[11.051914880061856,44.481972418536024],[11.051895751841913,44.48193797793819],[11.051880406756263,44.48189437308357],[11.05186752020581,44.48184571497557],[11.051858055683114,44.48180363030668],[11.051843349556005,44.48176253830153],[11.051823389634814,44.48171143975791],[11.051781581087058,44.48165980839159],[11.051748557277936,44.481632022864154],[11.051717441208272,44.48160452713824],[11.051671564780833,44.4815611423261],[11.051611116577956,44.481507532179556],[11.051573074529914,44.48146813155131],[11.051539031755926,44.48143993394661],[11.051495458336943,44.48140233238405],[11.051450866075532,44.48136264069442],[11.051388648689212,44.48130984634713],[11.051360433175857,44.48127533306613],[11.051337886817787,44.48124341420692],[11.051318804775653,44.481210847927365],[11.051302759762663,44.481156082394435],[11.05129381731948,44.481120230721245],[11.051277768400979,44.48107485860436],[11.051266180206255,44.481037462798625],[11.051257515640803,44.4810089990939],[11.051249550880621,44.480982741964944],[11.051238906873666,44.48095244307488],[11.051217026910322,44.48089734213287],[11.051189185351506,44.48084529125519],[11.051173603700489,44.48082034851124],[11.051152085614104,44.48078668983487],[11.051131695035844,44.48075893733328],[11.05111462037521,44.48073617033309],[11.051084262387853,44.48070043150093],[11.051026476496672,44.48064592605926],[11.05099633951102,44.48061731512148],[11.050962878888553,44.4805844651232],[11.050921548862128,44.480550998457815],[11.050824846228146,44.48048214499282],[11.050762464664231,44.480442922018995],[11.050708355642673,44.48039410755426],[11.050682859157323,44.48033991681195],[11.05066766099847,44.480291817727945],[11.050659597472938,44.48026183433668],[11.050651449860304,44.480227298020964],[11.05064451035502,44.480194295660866],[11.050640397202834,44.4801564729379],[11.050633222059224,44.48010217637006],[11.050630041870848,44.480053047581805],[11.050618881405581,44.47998951476683],[11.050606192399645,44.47994149844204],[11.050584410883005,44.479885266670536],[11.050566209075685,44.47983480430943],[11.0505528802038,44.47980322658284],[11.05053234313551,44.47974019706397],[11.050515902197702,44.47968066531962],[11.050508789505784,44.4796409933037],[11.050503035650834,44.47958458438514],[11.050499076450548,44.47948210374266],[11.050502295917852,44.47942609542502],[11.050505299658543,44.479385678149114],[11.050515119771516,44.479320313674215],[11.05054036309382,44.47923261392606],[11.050564915724278,44.4791748711527],[11.050615452176034,44.479076836705296],[11.050645006136971,44.479026541092864],[11.050667276149612,44.47899606507484],[11.050723022753735,44.4789204850038],[11.050767566878815,44.47886848238165],[11.050813034922674,44.47881489488579],[11.05090097151213,44.47872784060302],[11.050940638965946,44.478679818255756],[11.050991706069825,44.478600040457344],[11.051008448298152,44.47856594558429],[11.051025057194904,44.47853271105542],[11.051055283208461,44.47846720140279],[11.05108320251419,44.478417964941094],[11.051108559978577,44.47837284188944],[11.051143942329146,44.47832063820434],[11.051176667784652,44.47827123524905],[11.051213926226849,44.47821717029969],[11.051250756373125,44.47818145321062],[11.051278986932596,44.47815574220686],[11.051311332873214,44.47812669199663],[11.051337748511319,44.4781038746262],[11.051362938812611,44.47808211637017],[11.051392952364507,44.47805504451197],[11.051423374959242,44.47802733871228],[11.051456324746626,44.47800382503721],[11.0514969770917,44.47797481457534],[11.051542501501823,44.47794791049499],[11.051572373173782,44.47793013906532],[11.05160328592807,44.47791139824098],[11.051631679511434,44.47789418361212],[11.051665599010741,44.47787190111666],[11.051694997872442,44.47785258879689],[11.05172686503023,44.47782814832119],[11.051757734708692,44.47780316039654],[11.051809020706035,44.47776740930265],[11.051834875279358,44.47774986664337],[11.05185962476432,44.477728957945835],[11.051891357274439,44.47770215124901],[11.051918485304975,44.477680620920836],[11.051947400283195,44.4776569086392],[11.051978659600463,44.47762442615525],[11.05201457603963,44.47758605505584],[11.052033676166545,44.477550773412574],[11.05198879941455,44.47751874286688],[11.05194774589792,44.47749318760865],[11.051913957799117,44.477472155223],[11.051881038683097,44.47745166357291],[11.051829533261017,44.47741960175153],[11.051773737087796,44.477384869411075],[11.051702487189052,44.47734051275288],[11.051667305884754,44.47731861406889],[11.051628445642992,44.47729442459311],[11.051601077276906,44.47727738825733],[11.051572980128663,44.477259899574264],[11.05151813162952,44.47722575685648],[11.051475209514148,44.47719903855263],[11.051440809862763,44.47717762449924],[11.05138803234921,44.4771447705952],[11.05134441621114,44.47711761998137],[11.051314118474886,44.477098759158906],[11.051275241809906,44.47707455905369],[11.051195852162456,44.477025138493595],[11.051134222165432,44.476986773652726],[11.051161513671163,44.47694386199259],[11.051181241503661,44.47691991614046],[11.05120415549114,44.47688226413667],[11.051219492437562,44.47685454943651],[11.05124805010019,44.47680665365075],[11.051280193418501,44.47675573426594],[11.051305650310795,44.47671235948673],[11.051327141532099,44.476671930497815],[11.051343316111359,44.47664354353728],[11.0513623227431,44.476605411644165],[11.051375067370447,44.47656738055869],[11.05139019646728,44.47651339985942],[11.051398078975035,44.47647795706683],[11.051403855420995,44.476446892289076],[11.051410006783458,44.47639900924028],[11.051409319218259,44.47633896316737],[11.05140553505097,44.47630174131668],[11.051400320124596,44.47626484586176],[11.051386508054055,44.4762145189913],[11.051375146141883,44.47618093172141],[11.051366092024361,44.476145744627054],[11.051349734115773,44.47609370347733],[11.051325072788822,44.47603704011473],[11.051305732037036,44.47599298658057],[11.051291978519027,44.47596039835219],[11.05127725551911,44.47592622957149],[11.051255776940632,44.47588894571431],[11.05122414468512,44.47583916225552],[11.051203418688733,44.47580709810314],[11.05118506291107,44.4757836825149],[11.051162298494203,44.47575512639639],[11.05113643786453,44.47572353889242],[11.05111609882004,44.47569806490864],[11.05109822876695,44.47567555524828],[11.051074001257811,44.475639116574385],[11.051052921565384,44.47560405906698],[11.051032885904405,44.47556739833447],[11.05101259821232,44.47552483639173],[11.050999211518592,44.47549901242388],[11.050978767910406,44.475460001217414],[11.050962962161794,44.47541953919036],[11.050946557951534,44.47538223523587],[11.050934564156778,44.47535109178298],[11.050917355267124,44.47531062974738],[11.050897157802623,44.47527580483413],[11.050881559225424,44.47525094065489],[11.050861610719114,44.47522113833923],[11.050843267689734,44.47519373519367],[11.050824067547246,44.47516505106054],[11.050796906645116,44.475124474286154],[11.0507743697182,44.47509080680069],[11.050758901951427,44.47506769937088],[11.050740878777582,44.47504077390477],[11.050722923266934,44.47501394895022],[11.050705396335754,44.47498776448498],[11.05068569832275,44.47495538108108],[11.050663469791925,44.47490858487874],[11.050638331019272,44.474855665129354],[11.050616355102783,44.47480940183763],[11.050595784271074,44.47476609858168],[11.050575293532898,44.47472296313288],[11.050561680522454,44.47469081161505],[11.050570169773218,44.47464206556715],[11.050578852283452,44.474601169054225],[11.050585004060384,44.474572196084075],[11.050593572238503,44.47453184088156],[11.050600330481144,44.47450000948105],[11.050612248760707,44.47444387998873],[11.050621608116636,44.47439980238342],[11.050626966539946,44.47437456355265],[11.050635884290458,44.47433255998455],[11.050643758522911,44.47429547529827],[11.050652251214359,44.474255479750774],[11.050663581138357,44.47420211832904],[11.050673220881585,44.47415671499365],[11.050680602942014,44.474121948322605],[11.050686016418464,44.474096451923785],[11.050697804882597,44.47404092792813],[11.05071084849233,44.47397949275548],[11.050720268211705,44.47393513227199],[11.050736674677909,44.473857858654696],[11.050744671832215,44.47382019468129],[11.050754830520583,44.47377234499878],[11.050763601455586,44.47373103635755],[11.050770283174158,44.47370007597334],[11.05078206423248,44.47364764630822],[11.050790938574622,44.47360814173748],[11.050798093430116,44.473576295994576],[11.05080722253332,44.473535666016524],[11.050814614035753,44.47349887626935],[11.05081952076184,44.47346860855932],[11.050824121432306,44.47342856497129],[11.050826391176534,44.473387915062574],[11.050832957950298,44.47332360373307],[11.050833272922983,44.47328375326177],[11.050837489632029,44.47323921074454],[11.05083892342509,44.47318995311558],[11.050839580300067,44.47315480128507],[11.050839489272633,44.47312927231417],[11.05083115771646,44.473091681077925],[11.050828319558226,44.47303518463395],[11.05082199300663,44.47297888499053],[11.050814789021917,44.47292782894459],[11.050806954480281,44.472878404700836],[11.050804497095655,44.472833959560354],[11.050798570453894,44.47279359461819],[11.050794617361325,44.47276448624586],[11.050790110327535,44.47272430376407],[11.050787302263643,44.47268054282059],[11.050785501914962,44.47264638130392],[11.050783840212777,44.47261865328932],[11.050781531267374,44.47258318111983],[11.050779495897844,44.47255372320617],[11.050775129187903,44.47249813017039],[11.050765833625881,44.4724515724994],[11.05075725476145,44.47242080610196],[11.05074181404651,44.47237383035402],[11.050728350341085,44.47233562638291],[11.050717289683774,44.472303569467286],[11.05070849763307,44.47227802122842],[11.050695769991478,44.472247978436215],[11.050683730124717,44.472219946183884],[11.050668253459056,44.47218435851981],[11.050645140220148,44.4721341319702],[11.050622555988147,44.47208830991241],[11.050624987154311,44.47205728903339],[11.050678738319244,44.47204504777083],[11.050742103304577,44.47203343593413],[11.0507919063001,44.47202430933128],[11.05084350944684,44.472014852382806],[11.050879130828456,44.47200832477592],[11.050918433765473,44.472001122444496],[11.050967026163987,44.471992217370804],[11.051015568602702,44.47198332217658],[11.051059041514568,44.47197535528193],[11.051116629789975,44.47196480219637],[11.051164927296604,44.47195595095053],[11.05120875869701,44.47194791814077],[11.05124772383497,44.471939725171694],[11.051253981666578,44.471911534379316],[11.051257459327477,44.471879208205735],[11.05126035513989,44.471852307578885],[11.051263718872201,44.47182103586137],[11.051267355093534,44.47178724300757],[11.05127183924742,44.47174557200547],[11.051276002682306,44.47170687583882],[11.051280339709242,44.471666567779515],[11.05128477054118,44.471625384777504],[11.05128913705071,44.47158480610821],[11.051293145100214,44.47154756035775],[11.051297393976602,44.47150807402197],[11.05130542950383,44.47143338411188],[11.051227482167718,44.47142292808489],[11.051189052950988,44.471417773094124],[11.051148987903153,44.4714123990062],[11.05107573973953,44.47140257326158],[11.051019692635066,44.47139505463079],[11.050940045131238,44.47138437057405],[11.050890905283955,44.471377779307794],[11.05077796486288,44.47136262919935],[11.050703444768592,44.47135263250557],[11.050621941745977,44.47134169977214],[11.050566192885658,44.47133422147508],[11.050519551572766,44.47132282817356],[11.050518332513677,44.471253713321936],[11.050519182643553,44.471177125117975],[11.050520271753117,44.47107889655306],[11.050520862210453,44.47102561907053],[11.050521967078621,44.470925902082264],[11.0505229978105,44.47083296992078],[11.050523989832929,44.4707434909695],[11.050525150935375,44.47063884671669],[11.050525573276467,44.47060058236886],[11.050526225561788,44.47054185536791],[11.050526782708582,44.47049168259312],[11.050527328430373,44.470442403986326],[11.050527643682134,44.47041393194321],[11.05047189204914,44.47036471195824],[11.05040033855137,44.47031532200137],[11.050363055927377,44.47028939592928],[11.05033345592485,44.47026711929135],[11.050285789587166,44.47023124358544],[11.05025013358041,44.47020476881201],[11.050214271893937,44.47018031791567],[11.050178816877368,44.47015663663406],[11.050144924285728,44.47013323247485],[11.050108748297552,44.470107666358835],[11.050074655716946,44.47008084746306],[11.050047898417846,44.47005935695222],[11.050015912037978,44.47003452041442],[11.04997413076339,44.47000229391142],[11.04994162320544,44.46997682572174],[11.049903813328214,44.469944878088704],[11.049871584105748,44.46991759084709],[11.0498271690151,44.4698847876947],[11.049791257718459,44.46985995044061],[11.049748129795764,44.469834391087794],[11.049712027076382,44.4698129539456],[11.049671254837289,44.469788351565896],[11.04964220694094,44.46977030238279],[11.049613238256441,44.46975200149645],[11.049583001801476,44.46973268085466],[11.04954911117018,44.46970863639283],[11.049521686822846,44.46968887453741],[11.049474505334826,44.469652275874566],[11.049439300734596,44.46962416596242],[11.049410232208299,44.469600279770525],[11.049367811247823,44.469560535607734],[11.049338945823092,44.46952926897872],[11.049319854853245,44.469507002397116],[11.049294109346237,44.46947611458296],[11.04926672604489,44.4694381611699],[11.049240703816634,44.46939886353131],[11.049223687422792,44.46936657845609],[11.049210578768873,44.469331751110964],[11.049204063824943,44.46930197563921],[11.049195930590908,44.469264147532],[11.049188247372879,44.46922473678298],[11.04918403877616,44.46919063195064],[11.049177716758438,44.469145966227835],[11.049170565358349,44.469107632551726],[11.049162960323734,44.469075087620155],[11.049152978944885,44.46904490712317],[11.04914300427902,44.469015205445814],[11.049133245692722,44.46898614537944],[11.049120305693782,44.46895541390259],[11.04910292848691,44.46891910029388],[11.049076625579767,44.46887626330762],[11.049060244465425,44.46884893896876],[11.049036124599693,44.46881042547833],[11.04900910751935,44.468773007386254],[11.048974543148013,44.468723331684174],[11.048951407956041,44.468691719942605],[11.048932051031496,44.46866590111764],[11.048912749740726,44.46863994715131],[11.048894736097013,44.468615688680075],[11.048872344624932,44.468589123966545],[11.048847241614865,44.46856048238209],[11.048825143084883,44.468537976199784],[11.04879871373482,44.46851138130223],[11.048768831353067,44.4684800940613],[11.04874164646837,44.468451487111174],[11.048713358696261,44.46842172059742],[11.04869034955166,44.468397978459706],[11.048660986642947,44.468368060174676],[11.048629655498921,44.46833582120476],[11.048608296846268,44.46831167582418],[11.048582420250133,44.46827776980495],[11.048561896543838,44.46824281345141],[11.048545312936117,44.46821022881729],[11.048525882885766,44.46816847743618],[11.048514773158828,44.468133988648425],[11.048508900846722,44.46810467153917],[11.048504055936075,44.46807453565937],[11.048497386668146,44.46804565237234],[11.048492754918923,44.468016721723586],[11.048492976675979,44.46798662637326],[11.0484914503554,44.46795159202213],[11.048489921187247,44.4679226921305],[11.048489014949775,44.46787372494859],[11.048483884744924,44.467827493838605],[11.048470477612723,44.467788388292085],[11.04844164411761,44.467747610449436],[11.048398636401703,44.46771392622489],[11.04836368103278,44.46769307033998],[11.048301257880695,44.46766942487211],[11.048252772375793,44.467662141923626],[11.048198075770962,44.46765433839447],[11.04814349208245,44.467643257647616],[11.04810158715941,44.46763239326196],[11.048050192310832,44.4676164055357],[11.048015791032196,44.467601788346855],[11.047984075729877,44.46758672144827],[11.047958629908544,44.46756676347154],[11.047932950919696,44.467543625432484],[11.047913252771327,44.46751349037559],[11.04789720190225,44.46748156318399],[11.047880120191547,44.467439106069385],[11.04786940452154,44.46739372773692],[11.047863767444596,44.46735606451122],[11.047857460471159,44.46732361773581],[11.047850178603888,44.46729298717685],[11.047842875273668,44.46726443841615],[11.047840038642311,44.46723876330832],[11.047837890866678,44.46721175605527],[11.047835095893273,44.467182347699],[11.04780218152619,44.46715168174854],[11.047764626644646,44.46712557154011],[11.047727248389908,44.46709958598899],[11.047688260759024,44.46707247965112],[11.047650882873048,44.46704628700704],[11.047613217606772,44.467016836942236],[11.047578476826537,44.46698775393975],[11.047538771299692,44.466952194327845],[11.047498498324838,44.46690594342144],[11.047478610625106,44.46687368255745],[11.047463930178528,44.466846096112796],[11.047453037214943,44.4668155509913],[11.047446756729544,44.46677303244406],[11.047445953970273,44.46673674002883],[11.047447624787813,44.46669227205519],[11.047448171740905,44.46665463564539],[11.047449577064176,44.46662407343372],[11.047451444779242,44.466593755904334],[11.047454587699594,44.46655000604966],[11.047457806818151,44.46650261145311],[11.047460200474434,44.46646382289441],[11.047463418292978,44.46643476132995],[11.047466341878536,44.466406956411106],[11.047468419617024,44.46636718682601],[11.047470202502721,44.466335630250356],[11.04747312620505,44.46629359302899],[11.047477254328578,44.46625375066191],[11.047480261113023,44.46621506003794],[11.047481498652902,44.46618541640298],[11.047480911149508,44.466151900144844],[11.047476042733628,44.46612362368204],[11.047471032621843,44.46609510578799],[11.047466256699254,44.46606390180226],[11.047461899422146,44.4660383061659],[11.04745426003001,44.46600064010868],[11.04743428969179,44.465946413330684],[11.047411951517958,44.4659135220957],[11.047386261525512,44.465874726702964],[11.047350440275203,44.46582881452803],[11.047300939073338,44.46581994061076],[11.047250660695676,44.46580983644067],[11.047211258920239,44.46580191842159],[11.047141139138034,44.46578782619883],[11.04706191024629,44.46577190406996],[11.04701435519733,44.46576234694258],[11.046950345430067,44.46574948284797],[11.046895179580794,44.465739887472154],[11.046857484925221,44.46573354659942],[11.046775968153835,44.46571550195035],[11.046703721210891,44.465701401679155],[11.046640062341272,44.46569048019512],[11.046571941777746,44.465682108983216],[11.046528938261694,44.46567209915485],[11.046493935398262,44.46566425238069],[11.046457974543666,44.465657986528974],[11.04640256738275,44.46564842404858],[11.046348560372934,44.46563931988823],[11.046293857167822,44.46563018676804],[11.046239092469788,44.46562242312768],[11.046197136024407,44.46561715501316],[11.046130834537141,44.46560921097146],[11.046085439817688,44.46560333103669],[11.046042551522975,44.46559794542565],[11.045972861899463,44.46559175901152],[11.045911136864323,44.46558753195207],[11.045867253214734,44.4655870471532],[11.045826895672825,44.46558716895078],[11.045764567885966,44.46558828578721],[11.045671806198982,44.465591964493576],[11.045621857564692,44.46559434308379],[11.045581673498434,44.46559727141592],[11.045524807555097,44.46560848757251],[11.045424158398053,44.46562342657478],[11.04535931043291,44.46563276095277],[11.045296456354178,44.46564238547085],[11.045220432810362,44.46565857113645],[11.045181652793072,44.46566678664428],[11.045103862537092,44.46569199573445],[11.045051844433283,44.46570635677138],[11.044982416758241,44.465723327998155],[11.044928479964558,44.46573296724161],[11.044846110906587,44.46573765648565],[11.04477593663756,44.46573141680256],[11.04469271769994,44.4657175297686],[11.04462480236875,44.46570235671164],[11.044575142587236,44.46569004273481],[11.044511352095585,44.46566745587535],[11.04445757971181,44.46565141817246],[11.044413141583993,44.46563883506872],[11.044363022393616,44.46562279402305],[11.044295687301178,44.46559931803169],[11.044250265378645,44.46558336387931],[11.04420222620603,44.46556690830825],[11.04415388624371,44.46554536529871],[11.044103131565404,44.46552098375065],[11.044010016258195,44.46548961378707],[11.043962347381552,44.46547202165162],[11.043910685272385,44.46545603323642],[11.043862502878644,44.465441375215846],[11.043826264709674,44.465430826432545],[11.043776615711392,44.46541873788097],[11.043716012080123,44.4654021487151],[11.043619846196682,44.46537647230421],[11.043543411339789,44.46535840099796],[11.04347426830655,44.465342934136245],[11.043402909587208,44.46532636805213],[11.043342980492266,44.465312999469646],[11.043272266061223,44.465299547495704],[11.043217647995224,44.46528825613911],[11.043160608989867,44.465277225044716],[11.043104741060603,44.465267473849345],[11.043029228315344,44.46525276259389],[11.042941139811965,44.46523385240989],[11.04287537671674,44.46522153325242],[11.04282737828335,44.465213035622504],[11.042781251092816,44.465204915913],[11.04271739375251,44.465192629185616],[11.04267274735082,44.4651833522043],[11.042611074730281,44.465170590601005],[11.042556405688968,44.46515995703348],[11.042494968625471,44.46514814453467],[11.042424666984495,44.465135198701745],[11.042348945257102,44.465119423918864],[11.042310919584061,44.46510962234052],[11.042267955440446,44.46509887018124],[11.042228333827568,44.46509103179457],[11.04213439618953,44.4650703134481],[11.042086048289534,44.46505752028623],[11.04204692863861,44.46504684332257],[11.041992920286235,44.4650329432064],[11.04191234070233,44.46501185342255],[11.041838192834566,44.46499015611123],[11.041765753867278,44.464963603665616],[11.04172463412386,44.46495014722815],[11.041661109942194,44.46492933833544],[11.04161676017433,44.46491543457068],[11.041543862758274,44.46489281804197],[11.041506041613195,44.46488072586203],[11.041456615070532,44.464866084568655],[11.041380908633421,44.464843302999235],[11.041336159282013,44.46483160021775],[11.041287391416294,44.46481919053665],[11.04122640079146,44.46480206410439],[11.041189351033836,44.46479193771262],[11.041152573379842,44.46478182715022],[11.041025590426647,44.464749888080945],[11.040983746687726,44.46473938278661],[11.04091299809952,44.4647225710664],[11.040876148894085,44.46471415599427],[11.04081188345014,44.46469792422643],[11.040760911841593,44.464684858706505],[11.040694595323309,44.46466654880984],[11.040637095875633,44.4646538537881],[11.040548406102713,44.464630700544056],[11.040507500123377,44.46461932306168],[11.04046029530634,44.4646061945869],[11.040422821896222,44.46459577212753],[11.040381014684064,44.46458414422748],[11.04033000036913,44.464569955745944],[11.040283458272082,44.46455701161244],[11.04024760214381,44.46454703823511],[11.040192452110537,44.464531699235835],[11.040111885786454,44.46450929175174],[11.040076686011982,44.46449950104969],[11.040031765072923,44.4644870076872],[11.039977691618871,44.464471968041465],[11.039929528594207,44.46445857198352],[11.0398811751973,44.464445123490066],[11.03982919633581,44.46443066573293],[11.039777127390542,44.46441618345377],[11.039736693948377,44.46440493769357],[11.039697594656426,44.464394062400515],[11.039651340965026,44.46438119748111],[11.039589052089964,44.46436387369978],[11.039538200588378,44.464349728768646],[11.039494713033443,44.46433763361369],[11.03942632850563,44.4643186135995],[11.039380691869162,44.46430592030173],[11.03932657429848,44.46429086763074],[11.039274122234302,44.464276278531266],[11.03923912078799,44.46426654344531],[11.039200021675667,44.46425566797814],[11.039165260175311,44.46424599970484],[11.039130353929016,44.46423628989308],[11.039078131737044,44.46422176501792],[11.038990668251198,44.46419743721869],[11.038932293312763,44.46418120092069],[11.038893671610046,44.46417045816421],[11.038860292574627,44.46416117383017],[11.038810512847622,44.464147328128426],[11.03876177659157,44.46413377256284],[11.038713658549037,44.464120388691185],[11.03863154462798,44.46409754865853],[11.038583142281224,44.464084085183195],[11.038541844797928,44.46407259785062],[11.038474614745201,44.464053897852175],[11.038425311235917,44.46404018482108],[11.038389266588108,44.464030158407716],[11.038335193954092,44.464015117967115],[11.038300760214938,44.46400553990664],[11.0382435344314,44.463989622139806],[11.038191273169193,44.46397464832251],[11.038140181727293,44.46395626319591],[11.038097069376002,44.46394290403752],[11.038051391259959,44.46392979682482],[11.038008514490365,44.4639178234384],[11.037954478711354,44.463903330421076],[11.03790291403042,44.46389052358159],[11.03786758408462,44.46388235319836],[11.037826260974963,44.46387283044421],[11.03778888416754,44.46386425363978],[11.037712792908223,44.463847457867],[11.037644366951525,44.46383321073262],[11.037579249257302,44.463816493602955],[11.037520583440607,44.4638039420601],[11.03746058563758,44.46379108025853],[11.037375883579745,44.46377129059547],[11.037303516978342,44.46375636275487],[11.0372392747572,44.46374406361927],[11.037168867292467,44.46373261897482],[11.037097080911206,44.46372175525466],[11.03703506237066,44.46371013654083],[11.036981898025344,44.463698674014545],[11.036913998222698,44.46368172615863],[11.036863753624065,44.463669886490266],[11.036823647801974,44.463660691858955],[11.036787370412528,44.46365292245676],[11.036747815846574,44.46364454080773],[11.036705528636238,44.46363446857856],[11.036667636192332,44.46362591230811],[11.036622252256768,44.46361676494673],[11.036574034842602,44.46360732871024],[11.036527228930291,44.463597777249085],[11.036479098640088,44.463585676431045],[11.036423684555656,44.46357024488774],[11.03635773234874,44.4635513461953],[11.036309095576074,44.46353740339177],[11.036263893846623,44.46352532227146],[11.036217048175766,44.463512599754196],[11.036151954669505,44.46349388098553],[11.036087005265928,44.463473593146645],[11.036023682473095,44.46345341040287],[11.035980018425578,44.46343912760537],[11.035901261110336,44.46341287135432],[11.035860731736529,44.463397776389904],[11.03581784680748,44.46338149455022],[11.035776157759802,44.46336406603798],[11.035728785677508,44.46334404164432],[11.03568696462197,44.46332567107386],[11.035637636982248,44.46330421227554],[11.035585833715569,44.4632821620064],[11.035522222838004,44.463255163702904],[11.03546404947225,44.463231435418685],[11.035409633516448,44.46321092338975],[11.035364253404872,44.46319424023042],[11.03533039458279,44.463181934018706],[11.035274964832158,44.463163391775396],[11.035194609753656,44.4631361390144],[11.035146776150354,44.463117870922076],[11.035100301054982,44.46309774565219],[11.03506016176794,44.46308268576152],[11.035007819562452,44.463063961416076],[11.034929420579136,44.46303395389752],[11.034865318943535,44.46300902288221],[11.03480141570768,44.4629840477828],[11.034756340989462,44.46296684578619],[11.034711947018184,44.46295027713064],[11.034655060093073,44.4629320423376],[11.034600582170466,44.46291512128756],[11.034560390339863,44.46290273864841],[11.034498746502763,44.46288688602598],[11.034457438543056,44.46287588174137],[11.034409394561116,44.46286182133113],[11.034365259234141,44.46284646869259],[11.034331273542412,44.462834406615634],[11.034284422227874,44.46281754938042],[11.034233134124705,44.46280255730623],[11.034193534288255,44.46279128932258],[11.034139258182554,44.4627726071361],[11.03409674014067,44.46275940512361],[11.034057699893092,44.462747344791545],[11.034011853303884,44.46273042002939],[11.03397627890052,44.46271731123195],[11.033925510276731,44.462698740208594],[11.033886919804901,44.46268500541236],[11.033844439816434,44.4626702172587],[11.0337768566404,44.46264665303583],[11.03373134234656,44.46263147325927],[11.033684351930123,44.46261592184029],[11.033626304999398,44.46259684384006],[11.033585650491585,44.462583179916415],[11.033504497062168,44.46255757956625],[11.033441171983103,44.46253832630081],[11.033375317751492,44.462516612602755],[11.033330852456661,44.46250187852084],[11.033245500324176,44.46247616100577],[11.03319868721669,44.46246270384912],[11.033164079070957,44.462452686209915],[11.03309166133396,44.46243034200927],[11.033029093585172,44.46241279903852],[11.032991557531991,44.462398574323345],[11.032944066507836,44.46238057738654],[11.032905578331262,44.46237006609025],[11.032861812956657,44.46235857652614],[11.032808523006779,44.46234278490643],[11.032740395338962,44.46232071340134],[11.032658418847484,44.462293652465405],[11.032594225164774,44.462270834733715],[11.03252247152617,44.46224468552553],[11.032440842471923,44.46221795854827],[11.032391705075936,44.462201847038216],[11.032327210674778,44.46218046413196],[11.03226125033921,44.46215824122664],[11.032193111394646,44.46213681058417],[11.032119444947332,44.46211131635252],[11.032057317103243,44.462092267874596],[11.031972922592383,44.46206343004278],[11.031888735540788,44.4620320551065],[11.031835590308646,44.46201425916332],[11.031772742329771,44.461993144630554],[11.031730363416438,44.46197732668459],[11.03167951959842,44.461961621544724],[11.031632558189798,44.46194814297584],[11.031597347066521,44.4619371786066],[11.031535992608001,44.4619186355359],[11.031483598257841,44.46190396169529],[11.031416619996033,44.46188122165412],[11.03134997900054,44.46185849087736],[11.031303649595909,44.46184199133733],[11.031249953688366,44.46182197225712],[11.031183382360394,44.4617946865955],[11.031108315720505,44.46176232237857],[11.031055947465756,44.46174382714587],[11.031004754582279,44.461725911458046],[11.030946159172723,44.46170394388927],[11.030899059745877,44.46168951949214],[11.030826817420003,44.46166609131],[11.030755563338742,44.46164321087157],[11.030701633942988,44.46162645284959],[11.030634401755679,44.461604854801],[11.030594795296965,44.46159230100239],[11.030544720739776,44.46157639441824],[11.030469620839071,44.461551535892895],[11.030415485904296,44.46152949772652],[11.030381668402764,44.461516367363174],[11.030322938804963,44.461497115262844],[11.030255138290414,44.461477716544856],[11.030190567971392,44.46145928305022],[11.030131309577152,44.46144196142278],[11.030075257884054,44.46142568917402],[11.030033110255252,44.461413254186],[11.029997804991615,44.461402130748105],[11.029965295517869,44.46139137261315],[11.029919878546716,44.46137520829056],[11.02986347122889,44.46135636119616],[11.029813837922866,44.461338775550566],[11.029776708424778,44.46132481352639],[11.029734617998049,44.46131032570336],[11.029682141384152,44.461293648502384],[11.029626339357561,44.46127760836416],[11.02958011065756,44.46126224606918],[11.029513600894282,44.46124173734251],[11.029445831220798,44.461222776924174],[11.02940052978738,44.46120957581854],[11.029346578569015,44.46119372501086],[11.029301994548554,44.461183087677256],[11.029259354664648,44.46117276147396],[11.029217463260741,44.461159802175956],[11.029164626139456,44.461142689112854],[11.029110795763895,44.461125642292195],[11.029057246021498,44.46110780542619],[11.029002245837763,44.461090408434124],[11.028954220592986,44.461076663181586],[11.028900923045168,44.46106290987081],[11.028832872680878,44.461044652682446],[11.028776134661042,44.4610302825497],[11.028729334621712,44.461018336670314],[11.028678810374652,44.46100614815447],[11.028615829781625,44.46099231739076],[11.028534847790246,44.46097135762578],[11.028474963689774,44.460954887102055],[11.028428963749754,44.46094226608825],[11.028360983937578,44.460924876121645],[11.02828590152462,44.46090221339501],[11.028220826989312,44.46087840414597],[11.028170183516675,44.46086164146718],[11.028128615678217,44.46084821148288],[11.028077802954417,44.46083244026227],[11.02798619003117,44.46080333337911],[11.027918160554545,44.46078010850184],[11.027866944782707,44.460761842504965],[11.027789029276564,44.460735110150324],[11.027718447741885,44.46071176393098],[11.027643819772186,44.460686708803465],[11.027597881885193,44.46066835345359],[11.027526180835391,44.46064091457848],[11.027471893718598,44.460622666035356],[11.027404576667678,44.460599202232615],[11.027322567606362,44.46056481346013],[11.027238911094523,44.46052607948485],[11.027173308116303,44.46047074807874],[11.02705982097764,44.460375028285135],[11.027020992871568,44.4603422799446],[11.026996912894305,44.460321969817194],[11.026952970240627,44.46028490635099],[11.02686704629914,44.460209696636895],[11.026804480132501,44.460149908799266],[11.026711359742537,44.46006092209878],[11.026560220112374,44.45991649144719],[11.02644624448338,44.459807574590926],[11.02638053837016,44.4597447849415],[11.026302084597798,44.459669813119866],[11.026193027778474,44.459565594526026],[11.026148128625014,44.45952268878298],[11.026089032279943,44.459466214068854],[11.026035137313038,44.45941471012352],[11.025928099074584,44.45931242073348],[11.025865160377107,44.45925227257279],[11.025798801599421,44.45918885677393],[11.02571088424107,44.45910484002283],[11.025634401639486,44.45903174942785],[11.025537720324955,44.45893935530044],[11.025443147863218,44.458848976286504],[11.02537603864254,44.458784842533426],[11.025345340111942,44.45875550545112],[11.025256952125714,44.4586710357556],[11.025156851873101,44.45857537365964],[11.025069968466113,44.458492340962735],[11.024978913803714,44.45840532197657],[11.024886452905271,44.45831695945065],[11.024783868379501,44.45821892116303],[11.024688220595474,44.45812751087047],[11.02462631406336,44.45806834750712],[11.024549410421113,44.45799485131512],[11.024483054515011,44.45793143468562],[11.024352075968727,44.45780625857745],[11.02429368638621,44.45775045548766],[11.02423098119403,44.4576905273351],[11.024150379052514,44.45761349627389],[11.024058673261274,44.457525850694104],[11.023984630859653,44.45745508791601],[11.023914433652644,44.457387997535804],[11.023814713482565,44.45729269301082],[11.02372436583785,44.457206345575216],[11.023633642770019,44.45711963831213],[11.023582630241487,44.45707030575683],[11.02344069081171,44.456932566966145],[11.0233589234786,44.4568532188918],[11.023256532261533,44.4567538577878],[11.0231694214693,44.4566693232991],[11.023097355674937,44.456599390064916],[11.022988012649439,44.456493281059124],[11.022871022870664,44.45637975058591],[11.022810446085003,44.456311377231046],[11.022783268063678,44.45627901069187],[11.02273908611707,44.4562281901289],[11.022702956946727,44.45619606227702],[11.02267190475423,44.45616470332512],[11.022647725357796,44.45613923549369],[11.022597242311951,44.456088697553845],[11.022562398247304,44.456054759859875],[11.022523043035738,44.45601594339594],[11.022472632836312,44.4559597918426],[11.022417970600102,44.455904588845286],[11.022386622752947,44.45587284883656],[11.022332380396104,44.45581880780721],[11.022302552801186,44.45578875765659],[11.022262988378138,44.45574987818699],[11.02222394675354,44.45571474445895],[11.022195944146551,44.45568974936679],[11.022161633152436,44.455660316047194],[11.022138473316463,44.45564044771628],[11.022113619877123,44.45562019975443],[11.022065053689985,44.45558063159352],[11.022033387025525,44.45555431854279],[11.022002754912913,44.45552877219434],[11.021969293816959,44.455501269242184],[11.021924842558336,44.45546842426503],[11.021874345108515,44.455429922830085],[11.021833710377939,44.45539301124212],[11.02178988155452,44.455352558732436],[11.021752660486797,44.45532179400937],[11.021725431447061,44.455299753283505],[11.02169558145598,44.45527559201749],[11.02166238998172,44.455245622868425],[11.021595457135382,44.455184388889805],[11.021551883332712,44.455146071707425],[11.021523759019484,44.455120629369134],[11.02149620289523,44.45509354928],[11.021463776397791,44.455061411287346],[11.021427317882836,44.45502279432598],[11.021403591144969,44.45499686447646],[11.021367147185941,44.45495593535072],[11.021313424457826,44.45490313149868],[11.021279560715055,44.454870023201714],[11.021242832220404,44.45483457540014],[11.02121403040373,44.45480693842243],[11.021157559386697,44.45475181184422],[11.02111578899144,44.45471437993979],[11.021082366125,44.454684971980726],[11.02105218415731,44.45465623585893],[11.021024992390428,44.45462943008744],[11.021003627435524,44.454607243970905],[11.02096740808103,44.45456949408498],[11.020912319035169,44.454510255705905],[11.02087732361586,44.454470235257986],[11.020794369094144,44.454376601071495],[11.020734351688752,44.45432001019484],[11.020682685335654,44.45427664766159],[11.020629717118295,44.45422509320291],[11.020571510845121,44.454171916410054],[11.020480163076908,44.454077498752476],[11.02044261412547,44.45403838671396],[11.020399105959592,44.45399336182795],[11.020358643806526,44.453952796965936],[11.02032942377454,44.45393363507885],[11.020297990581382,44.45391302150315],[11.020255172896738,44.45388166931212],[11.020207725934691,44.4538433508212],[11.020174171315352,44.4538141033698],[11.020115826956772,44.453765280677835],[11.020054992821464,44.45372010307805],[11.020032294732225,44.45369943930885],[11.019994334519051,44.45366489605299],[11.019957398862418,44.45363148700036],[11.019922824774463,44.45360000504063],[11.019883572436374,44.45356374348953],[11.019859647287705,44.453537307270764],[11.019827083531045,44.453501464829905],[11.019795093293443,44.453469568910286],[11.01976460776007,44.4534357828084],[11.019732511896454,44.45340246181507],[11.019699047823744,44.45337145169604],[11.019673525238836,44.45334373650697],[11.019650642668894,44.45331793269408],[11.019616258838376,44.45328397513881],[11.01958486571458,44.453248283870835],[11.019558415615565,44.45321626557727],[11.019522809844624,44.4531824430414],[11.019488486540153,44.45314852308769],[11.019462115382199,44.453121015517105],[11.019440723577699,44.45310013136403],[11.019414508452577,44.453077148469156],[11.019391832212882,44.4530570315465],[11.019354286599304,44.45302129328731],[11.019326819508565,44.45299316407774],[11.019296506710852,44.4529611285145],[11.01926138430564,44.45292578669711],[11.019231916223417,44.45289590312134],[11.019204174475083,44.45286749605503],[11.019176113441544,44.45283795668993],[11.019151114652097,44.45281222351036],[11.019123658280595,44.45278779056103],[11.019093571879774,44.45276100400182],[11.019071395171185,44.45273936483007],[11.01903735805567,44.45270501745124],[11.019001960472576,44.45266642324949],[11.018974825062909,44.45263587356957],[11.018950117634002,44.4526097273714],[11.01891559358109,44.45257783999551],[11.018879516172625,44.45254435059165],[11.018843618672907,44.452511229805616],[11.018806000493788,44.45247734089557],[11.018773048161263,44.45244699935288],[11.01873509754485,44.45241268866987],[11.0187042596005,44.4523888834778],[11.018673269728714,44.45236471725528],[11.01864316976323,44.45233675866624],[11.018601082231044,44.452296554105295],[11.018571327776604,44.45226592729599],[11.018550973193491,44.452244887794066],[11.0185272433692,44.452219198659805],[11.018494908433436,44.45218349492741],[11.018466893007657,44.452150042913715],[11.018447366602505,44.45212815960469],[11.018418725894382,44.45209731410564],[11.018386521909418,44.45206387490143],[11.018354130097574,44.452032023479944],[11.018303121626165,44.451986814374976],[11.01826791732584,44.451952453184795],[11.018225833651801,44.451913037949446],[11.018195173834949,44.451884794748764],[11.018162664507974,44.45185481610602],[11.018139135594517,44.451833416715914],[11.018092299708732,44.451793045621784],[11.018046709826482,44.45175264978375],[11.01800171919637,44.45171187962715],[11.017968928088994,44.451681669138246],[11.017941066119414,44.45165655976469],[11.017904826390755,44.45162405330778],[11.017863450438364,44.45158951658422],[11.017832576999355,44.45156443880124],[11.017801584062573,44.451539795250376],[11.017774075929145,44.45151787553347],[11.017749298841506,44.45149796015591],[11.017724304552214,44.45147786855778],[11.01766737271089,44.45143285297135],[11.0176361298622,44.45140383218676],[11.017595417727334,44.451362833213075],[11.01756588949567,44.451330972372546],[11.0175381207028,44.451301405825724],[11.017508578560983,44.451270088077436],[11.017482351901538,44.451240702228155],[11.017448965270505,44.45120314692009],[11.017422250166499,44.451174831103586],[11.017400910141925,44.45115124754228],[11.017372123581708,44.45111828962248],[11.01734627339498,44.451093664008646],[11.017323698916186,44.45107386716558],[11.01730115325158,44.451052643784195],[11.017268916710034,44.45101979270852],[11.017239871773283,44.45098816001302],[11.017220133366076,44.450966920325754],[11.017193793327369,44.4509408764065],[11.017168866579208,44.450917076187146],[11.017141164401922,44.45089209703126],[11.017128020385503,44.45086752866488],[11.017095751157008,44.45084770229586],[11.017031690132463,44.45078336744655],[11.016989425532968,44.450740838214706],[11.016942031909014,44.45069673948019],[11.01690569508003,44.45066510227411],[11.016882752336818,44.450645624240835],[11.016824060941099,44.45059618478256],[11.016795679078916,44.45057251843524],[11.016765547127907,44.450546935714456],[11.016732384297862,44.450518922682676],[11.01668397244547,44.45047874988923],[11.016614538133425,44.450420110280334],[11.016566635087063,44.45037393896502],[11.016517014665718,44.45032705524013],[11.016492898523254,44.450303749205126],[11.016438606943865,44.4502443865036],[11.016376797711008,44.4501804004259],[11.016340866262434,44.45014252061975],[11.016290969693335,44.45008336651382],[11.016236235616027,44.450019204995925],[11.016211783941,44.44999428614319],[11.016192744842206,44.44997099571773],[11.016164898894669,44.44993819822883],[11.016126755655357,44.44989732080637],[11.016105629839704,44.449873541457606],[11.016076931194307,44.44983889814936],[11.016051989809428,44.44980186309551],[11.01603033822395,44.449776535552246],[11.015983443725545,44.44972483743634],[11.015952928424088,44.44969287566278],[11.01591413566927,44.449649476280904],[11.015877164474823,44.449608097335215],[11.015827660308288,44.449548120449606],[11.01578249647442,44.449493418106236],[11.015755801124522,44.44945386799365],[11.015726958193195,44.449395732838994],[11.015707985132636,44.4493465530473],[11.015678848352765,44.44928907936289],[11.01565095015168,44.44924941181893],[11.015610112202332,44.449202551794464],[11.015585494214184,44.449162552643436],[11.015555296905104,44.449103580695784],[11.015532735863685,44.44905797796053],[11.015510179600046,44.449027673397204],[11.01548137346352,44.44898937134023],[11.015455164787545,44.4489635164486],[11.015407853726062,44.44891746652414],[11.015381907071147,44.44888698771279],[11.01535634839905,44.44886460806377],[11.01532665226819,44.44883751111301],[11.015291549603111,44.44879770326767],[11.015256506648646,44.4487590818114],[11.015227642954343,44.44872870666796],[11.015185476036228,44.448685865335754],[11.015152047443719,44.448652849232765],[11.015116215518013,44.44861872499471],[11.015086060904116,44.44859137229351],[11.015041334209982,44.448552625493065],[11.01500522565045,44.44852309747109],[11.01497288694566,44.4484992916321],[11.014937918015306,44.448473992743196],[11.014903111124317,44.44844587674449],[11.01487632667573,44.448424021868455],[11.014838894078691,44.44839721076251],[11.014809803018025,44.44837662094108],[11.014763863789156,44.448344887813406],[11.014707338177642,44.44829552066019],[11.014670749621667,44.44825893209253],[11.014607916475766,44.44819925918302],[11.014559832957744,44.4481564373896],[11.014523096548041,44.44812537543032],[11.014481095912613,44.44808953498843],[11.01443795093697,44.448048263595155],[11.014391040065647,44.4480033900337],[11.014348166758323,44.44796054914592],[11.014291681175543,44.447903625122876],[11.014238286252725,44.44784875317456],[11.014200201678587,44.4478096115762],[11.014153474706124,44.447769820288165],[11.014122659546285,44.44774307765952],[11.01408995916054,44.44771486933181],[11.014050314476693,44.44768159434604],[11.01401958483703,44.447656495871534],[11.013975062086862,44.44762082486777],[11.013920942369754,44.44757874306587],[11.013880921116696,44.447547669517675],[11.013834710929316,44.44751511254313],[11.013807123259802,44.44749630008354],[11.013771370572462,44.44747284670306],[11.013737921176315,44.4474500774031],[11.013706681729378,44.447425057155684],[11.013679028555165,44.447402910324755],[11.013617474968273,44.447363187653345],[11.013553840620428,44.44732577842407],[11.013517004517272,44.44730385202018],[11.013452344781241,44.447264284867806],[11.013382823483525,44.447220934955006],[11.013344890083701,44.44719728132403],[11.013288105002601,44.44716187309769],[11.013183312558958,44.447109465325646],[11.013092346865951,44.447069087029085],[11.01300900663329,44.44703209336456],[11.012857713126012,44.4469620667467],[11.012806886093905,44.44692769928164],[11.01270642098342,44.44685976616908],[11.012667742564272,44.44683665300232],[11.012556255763997,44.446790183797596],[11.012482023438505,44.44676400797624],[11.01244381874508,44.44674908423028],[11.012397630992833,44.44673104220667],[11.012353846980258,44.44671393909034],[11.012313013093301,44.44669718097954],[11.012204688063276,44.44665025148274],[11.012159947647985,44.4466256425015],[11.01211839440106,44.446600522698304],[11.012054334590998,44.44656179672983],[11.012025194243236,44.44654418064747],[11.011954759460354,44.44651797987184],[11.011875980500678,44.44648374084357],[11.011818682016385,44.446445082854694],[11.011772948164664,44.44641389495613],[11.011742130196714,44.44639668017217],[11.011626078346994,44.446360505840765],[11.011552533686025,44.446320691727415],[11.011489144545571,44.446287826977134],[11.011401048834342,44.44624319250661],[11.011351071369926,44.44621789763514],[11.01130592219074,44.44619186769146],[11.011173237440131,44.446125428079604],[11.011091319776787,44.446078472580936],[11.011022057546077,44.446046092734],[11.010977796885745,44.446025400908425],[11.010905391779229,44.445986468373206],[11.010854301914147,44.4459507920687],[11.010816506623781,44.445927776150015],[11.010728211746814,44.44588419167707],[11.010645187760867,44.445843209717964],[11.010549836564962,44.445796142893535],[11.010475878978918,44.44575963483856],[11.010389100779701,44.44571679942636],[11.01032344898459,44.44568439249058],[11.01023640636217,44.44564142567679],[11.01018060705249,44.44561388129114],[11.010114836046938,44.44559114342147],[11.01005170425836,44.44556448789325],[11.009984092249306,44.445539990823974],[11.009925485813788,44.445508164537394],[11.009859164738584,44.44546758927126],[11.00982668261215,44.445451837390095],[11.00972606548546,44.4454025614832],[11.00966735427639,44.44537082333319],[11.009611517554134,44.44533872846647],[11.009577710316634,44.44532138115409],[11.009531261596592,44.4452985657305],[11.00948977505668,44.445278188206686],[11.009444658367572,44.44525602810631],[11.009393764025848,44.44523102849284],[11.009349723675522,44.44520939677529],[11.009306441082048,44.44519743769938],[11.009250349474243,44.44518193999862],[11.009162600646194,44.44515769417973],[11.009065838922064,44.44513095919854],[11.009000734414967,44.445112970478895],[11.008944052996322,44.44509730925357],[11.00886276348338,44.4450748482158],[11.008805739576763,44.44505909211748],[11.008708128286004,44.445032859725586],[11.008588124394695,44.445000775124974],[11.00849630908435,44.44497622581965],[11.008448037280258,44.444963446714205],[11.0083805408412,44.444947084190254],[11.008256816917731,44.444919493101374],[11.008201212569428,44.444905509568265],[11.00816712903184,44.4448977545616],[11.00810604264849,44.44488515388829],[11.008069122829685,44.44487857407357],[11.008010202760667,44.44486864235716],[11.007936325356251,44.44485390244538],[11.007767633181322,44.444824616015616],[11.007646199404546,44.444804944170095],[11.007598225142736,44.44479739183638],[11.007524163743357,44.44478699599025],[11.007333949440735,44.44475762550344],[11.007218265681479,44.44473917460381],[11.007173898954651,44.44473131289612],[11.007106438169641,44.44471854106417],[11.007066958587583,44.4447109679136],[11.00702669626414,44.444700611372824],[11.00696805386649,44.4446850907675],[11.006906716828992,44.44467121187403],[11.00682827363587,44.4446575507983],[11.006754072494184,44.444644643356625],[11.006704948898898,44.44463610884838],[11.006594304849118,44.44461688543362],[11.006480630303239,44.444598999853206],[11.00643105605514,44.444591101534485],[11.006375932841003,44.44458105453483],[11.006319452753088,44.44457076037117],[11.006249285982,44.444559546234274],[11.006161784868336,44.44454313239379],[11.006034439784726,44.44451766953722],[11.005956762341059,44.444501586187414],[11.005913845455325,44.44449340952998],[11.00578596915065,44.444468868601604],[11.00568952388351,44.44445001515119],[11.005575930286632,44.44442335232283],[11.005425864127641,44.44438490810143],[11.005362259316735,44.4443657377153],[11.005239444183285,44.44433752420704],[11.005108327595522,44.444307403742066],[11.004932042705653,44.4442669066659],[11.004825622088457,44.44424245872914],[11.004642189945276,44.44420031947722],[11.00436710554259,44.44413712467988],[11.004220880119039,44.44410353141616],[11.004018920527983,44.44405713492158],[11.003860994356543,44.444020853105364],[11.003674474230426,44.4439780021633],[11.003564077802677,44.44395268744075],[11.003387289956796,44.44391318529535],[11.00313146442253,44.44385602258676],[11.002964711702651,44.44381876274681],[11.002867933672261,44.44379713811535],[11.002598164160412,44.443736859011786],[11.002544247039074,44.44372481111188],[11.00246434240731,44.44370935682127],[11.002363922770886,44.44368993467044],[11.002128745642505,44.443644447781615],[11.002000401940878,44.443619624514554],[11.001784880148335,44.443577939805905],[11.001609672523472,44.4435440518848],[11.001492867527418,44.443521459185995],[11.001318798754875,44.4434877912252],[11.001166666911228,44.44345836498913],[11.001085189277973,44.44344260510246],[11.000847733259622,44.443396675667195],[11.000616830383372,44.4433520128233],[11.000393617887262,44.44330883705747],[11.000246472386722,44.44328037464409],[11.000144561788256,44.44326019342341],[11.000028085453565,44.443234052705876],[10.999851277248716,44.44319437257788],[10.999762083346347,44.443174603861536],[10.999679624617942,44.44315632769577],[10.999577922531456,44.44313384842982],[10.999442057962494,44.443103332854534],[10.999347991077865,44.44308220331782],[10.999213904987018,44.443052131669035],[10.999068239795632,44.44301950687585],[10.998986699311203,44.44300124383991],[10.998922650820885,44.442986901268235],[10.998854068893447,44.44297154330011],[10.998737380376976,44.44294541127928],[10.998564296081094,44.442906650657974],[10.998507829280404,44.442894005386854],[10.998387385148362,44.44286703217443],[10.998303216306114,44.442848183564294],[10.998148054421367,44.44281567159151],[10.998034185116907,44.442792927640795],[10.997877042397572,44.4427615392893],[10.99778231299051,44.44274261761057],[10.997630131637099,44.442712219728726],[10.997519463827208,44.44269011425722],[10.997067994758197,44.442599933910564],[10.996764345998038,44.44253927929603],[10.996491835831481,44.44248484400187],[10.996095833476199,44.44240573908733],[10.995731458342766,44.44233294992447],[10.995357897136708,44.44225832513866],[10.994790648149387,44.44214500469221],[10.994383919674108,44.44206374952929],[10.994121860815316,44.44201139558383],[10.9936607872551,44.44191928085776],[10.993382672568568,44.44186371702514],[10.993115777171305,44.44181039369204],[10.99301701588524,44.44179066157195],[10.992905055806247,44.44176829239156],[10.992731691842424,44.44173365552642],[10.992637893036296,44.44171491498867],[10.992535093575723,44.441697113784635],[10.992307089295483,44.44165308842581],[10.992256429203792,44.441638699339784],[10.992178024619497,44.44162303340718],[10.992130389025917,44.44161351596731],[10.99202005416861,44.44159147136621],[10.99192441867861,44.44157236256615],[10.991844350516201,44.44155636441905],[10.991779387865622,44.441543385084124],[10.991725449050998,44.44153260722406],[10.991672350398806,44.44152199833762],[10.99158378389949,44.441504301799554],[10.991479676806645,44.441483500247315],[10.991388430712755,44.441465268721636],[10.991333061087387,44.44145420503836],[10.991254521649264,44.441438512913884],[10.991151846983149,44.44141799667302],[10.99107346195583,44.4414023341406],[10.991007531731869,44.4413891605758],[10.990952316623131,44.44137812822324],[10.990877703287984,44.441363219031665],[10.990824016575523,44.441352491265356],[10.990780744384251,44.44132987837708],[10.990751274246916,44.44130842834101],[10.990712809300886,44.44128043261967],[10.990649615736517,44.4412343953987],[10.990613357236255,44.44120528175032],[10.990582794482483,44.44117992554352],[10.990543481297442,44.441139013077844],[10.990514076518807,44.44109632267533],[10.990478161039967,44.44104781749347],[10.990445370003577,44.441002506904255],[10.990423780127283,44.44097361281311],[10.99040024198696,44.44094363004524],[10.990381567032523,44.440917312117506],[10.990360669565911,44.44088656669212],[10.990339194487401,44.44085046842454],[10.990323585528648,44.44082488477533],[10.990304777690769,44.440794282066],[10.990280051168703,44.44075542622259],[10.990261275897177,44.44071934299543],[10.990243523161787,44.44068406298671],[10.990227524248462,44.44064947351961],[10.990216501152208,44.44060658505345],[10.990209326170367,44.44055719527981],[10.9902296765126,44.440505863664754],[10.990225164943197,44.440373573825575],[10.990217526038249,44.44014864130435],[10.99020988725305,44.43992370967291],[10.990434110877882,44.43954170556767],[10.99047540659862,44.43918536637579],[10.990623966834775,44.43893521737834],[10.990776108008577,44.438743507093854],[10.990925429554947,44.43851583766382],[10.991104656885145,44.43838217577421],[10.991233918637585,44.4383033877283],[10.991386666668205,44.43812967953618],[10.991610237951235,44.43772967089445],[10.991827829914342,44.43719921160404],[10.991837221750247,44.4366903968086],[10.991826367117099,44.43637099197592],[10.991999011604003,44.43604388803377],[10.992049317221396,44.43595297969652],[10.992277948845512,44.435701432271635],[10.992641423609715,44.43558254648242],[10.993387610955509,44.43507888364133],[10.9936023611733,44.43493097197137],[10.993655603646872,44.43483112596131],[10.994077052496776,44.43429262171022],[10.994251322511996,44.43387545430196],[10.994247043887716,44.43374969368881],[10.994596898100985,44.433045671753675],[10.995327675393082,44.431768023220506],[10.995310570020353,44.431588280547004],[10.995266697132013,44.4314990174479],[10.995264094377857,44.431422547992874],[10.995262562821216,44.43137755039982],[10.995400603976902,44.43128060951987],[10.995504720650997,44.43120227491904],[10.995586531075931,44.43116033734341],[10.995676107860696,44.43102371748637],[10.995697060643478,44.43094683630467],[10.995775042702116,44.43079242441237],[10.995796275011882,44.43072453473362],[10.9958765538641,44.43063760025741],[10.99606011621196,44.43037833435227],[10.996192741530063,44.43019096671078],[10.996461802436178,44.429745129318114],[10.99666571930112,44.42954002601886],[10.997756826949912,44.42959559840478],[10.998886536773409,44.429653142144275],[10.999787860359325,44.42969587836663],[11.000224533880967,44.42968847852589],[11.000594401567186,44.42972225657166],[11.001020059696021,44.429723812640034],[11.001615018603454,44.42976288801321],[11.002104597243612,44.42977870865531],[11.003511120147992,44.42982418066388],[11.004945622630043,44.429844023735086],[11.0056796534894,44.42986264105411],[11.006130716528977,44.42987271107255],[11.006603459056434,44.429873400985734],[11.006823808846686,44.42988754078514],[11.007049326623932,44.42991508707766],[11.00720543791057,44.42997985946446],[11.007348566576638,44.429986341365314],[11.007478530693216,44.429975058133046],[11.007702662634046,44.42996211979958],[11.007881250470595,44.429994988330535],[11.008119960103997,44.43004029333087],[11.008313101907245,44.43013142553039],[11.008363219464803,44.430153774555684],[11.00846370937177,44.43016538399494],[11.008799064164466,44.430194974711654],[11.009439110373414,44.430174695668136],[11.010203487536636,44.43011623394307],[11.01101109207111,44.43021905181457],[11.012047179646103,44.43038985491784],[11.01263888485616,44.43042443236724],[11.01328684425241,44.43026895699065],[11.013603260872424,44.43020249621141],[11.014659714547145,44.430231243449896],[11.014884155649511,44.43022728196072],[11.015275434017882,44.43023387309343],[11.015512422498873,44.430229689795674],[11.015859747294025,44.430243249590355],[11.016213033886714,44.430280337862364],[11.016628636633564,44.430264000633194],[11.017053986975835,44.43025648699334],[11.017372150068192,44.43019234632028],[11.017738172388457,44.43014986935609],[11.018089940478832,44.430058120161775],[11.018455186149273,44.42999316225382],[11.018998093947904,44.42993404003048],[11.019541467107356,44.429888421860774],[11.020381638194756,44.429842047219665],[11.020723195305138,44.42977298457245],[11.021053884129161,44.42975363449618],[11.021196107541362,44.42973310331517],[11.021419303771975,44.42969314376772],[11.021526020158472,44.42969125433458],[11.021686696795093,44.42966267058848],[11.022187415405444,44.42966287436649],[11.022476847699746,44.429575387340165],[11.022905410385158,44.429342729923604],[11.02338825763515,44.42913611880774],[11.025070701082313,44.42924132544694],[11.025840204819186,44.42924117034373],[11.02655293030513,44.429143008754124],[11.026885647627216,44.429137102632815],[11.027500706400398,44.429211694309124],[11.028059451388888,44.42920177073653],[11.028334921755576,44.42908435417255],[11.02916462739978,44.42878152622829],[11.029521275052371,44.428514113004475],[11.029949500047762,44.42822741254703],[11.03032278184503,44.42789668297116],[11.030912619220372,44.427787165391535],[11.032055683150682,44.42746522709269],[11.034301005125604,44.426912091917785],[11.034857859182333,44.426803140714185],[11.035359926913676,44.42665465756923],[11.036012537721632,44.4263189285182],[11.036182668769179,44.42619884393481],[11.036512499383528,44.42638200289993],[11.036621064498588,44.426470594054265],[11.036782404708534,44.42660225430389],[11.03708731280146,44.426835375610985],[11.037692115761379,44.427112667181014],[11.038064668562168,44.427259067198854],[11.038233093882637,44.427082987948936],[11.038300887996982,44.427074808663775],[11.038328429969054,44.427054529902215],[11.038839935929298,44.42667812044056],[11.039202209510263,44.42625752852432],[11.039501064365053,44.42582007188791],[11.039711569425853,44.4253931919606],[11.039942930962384,44.42482188653966],[11.040123943555297,44.42448472083038],[11.040226083755439,44.42429466960767],[11.040459654274906,44.42378634258955],[11.040550377597544,44.42350563427833],[11.0407926824892,44.423249227394834],[11.041488863272967,44.422678624642344],[11.04209840262403,44.42214557546756],[11.042648933314327,44.421721605048134],[11.042896899764111,44.42150633650491],[11.043168970450004,44.4209762719052],[11.043495951614394,44.420339044849115],[11.043677475653563,44.42046083814748],[11.043714056014549,44.420494016486266],[11.043799095193865,44.42057118432566],[11.04397375295604,44.42067160246365],[11.044052821887766,44.420688182454974],[11.044597520671003,44.420142765737],[11.045304287574545,44.41929286283941],[11.045464205550195,44.41911672167079],[11.045670121735139,44.41889010791194],[11.046290245298906,44.41821279387707],[11.04660961329423,44.417859339330086],[11.046757378535192,44.417695768595934],[11.047136794355312,44.41727484368323],[11.047372919770792,44.41699872202176],[11.047402366778345,44.41696425910087],[11.047590734113543,44.41674004783577],[11.047978461038413,44.41631204252221],[11.048121348874302,44.41615433452542],[11.048166648362873,44.41610736402947],[11.047762575886791,44.41572859309376],[11.047003305282043,44.41543162969319],[11.047134349047486,44.41513058227369],[11.047184995360789,44.41501425740916],[11.047593721994842,44.414219188436014],[11.047956606780811,44.41359600195532],[11.048087138369475,44.413332585858385],[11.048563452695298,44.41075839627287],[11.048587708871844,44.410627294483625],[11.04888343557193,44.40925698619796],[11.048889061391677,44.409231000576675],[11.048832400220077,44.40918249421764],[11.048980031730856,44.408869265832415],[11.049214241557573,44.40856346178404],[11.049202770023784,44.40823507590089],[11.049264268447327,44.40797289724306],[11.04929140245631,44.40776084049954],[11.049416101909058,44.40733098209489],[11.049558045943177,44.406900814868784],[11.049346068066383,44.40631493422062],[11.049106805076136,44.40598163843936],[11.04915902724977,44.405814133394856],[11.048137071396356,44.40521119138058],[11.047641163063016,44.40491860063856],[11.046612032953814,44.40426183628902],[11.045607674989476,44.40368566954202],[11.045324206697657,44.403524202589516],[11.045086545400121,44.403370910888064],[11.044366803478207,44.40294266609858],[11.044141064424423,44.402771165148394],[11.043775240354528,44.40258865558845],[11.04350197261888,44.40240448921282],[11.043230430636733,44.40222478996458],[11.042934433404076,44.40206354033865],[11.042615364230734,44.40187119399255],[11.042480783571618,44.40179191427265],[11.042296464561106,44.40168333248407],[11.042036374444798,44.401516940446456],[11.041941786643823,44.40146011156859],[11.041855192246768,44.40131761266463],[11.041819771561169,44.4012462430357],[11.041806264943228,44.40121947363463],[11.041709798205439,44.401108656276854],[11.041660391450877,44.40104202186657],[11.041491919885953,44.40084697837798],[11.040617332299634,44.39980030124158],[11.040387862188103,44.39952081474751],[11.040239807843793,44.399280381733035],[11.04010680034138,44.39911171336411],[11.039507658524329,44.39835718805199],[11.038938339697129,44.39764715058551],[11.03857401118526,44.39714500332485],[11.038151190304422,44.39663038318652],[11.037883175413429,44.39629116927307],[11.037795004607444,44.396182096416766],[11.037430091371826,44.395706966777524],[11.037236858122634,44.395476351261806],[11.037140567006354,44.395370025471244],[11.037039749289686,44.395133261100355],[11.037049974811065,44.395065559792194],[11.037007185303741,44.39482774205826],[11.03697833812274,44.394675226057004],[11.036891148269643,44.39451473372939],[11.036854632010796,44.39445686545043],[11.0366071237955,44.3943352420384],[11.036559294741329,44.39426857629773],[11.03655508037773,44.39414711154169],[11.036447032525592,44.39406350714178],[11.036216151584052,44.394058627559886],[11.036060719626635,44.39392186478898],[11.035995959593631,44.393864498087],[11.035969924508953,44.39379292767548],[11.035920529357416,44.39372628958694],[11.035848095306365,44.393628553526646],[11.03577360933319,44.39347233427318],[11.035700552139906,44.39335661361106],[11.035683928639967,44.39323986873119],[11.03564460530117,44.39310103427085],[11.035603071158413,44.392899202788215],[11.03560640019779,44.392678574024295],[11.035654285810969,44.392385135979],[11.035680842823192,44.392155097501245],[11.035669610657873,44.39183120287787],[11.035720282101067,44.39175378316768],[11.035682173972697,44.39169594286899],[11.035587295219058,44.391630115546306],[11.03553993989045,44.39157693874202],[11.035490858965012,44.39151929220054],[11.0354878950169,44.39143381340519],[11.035428940871611,44.39136284861192],[11.035414061003957,44.39129559496399],[11.03540074841406,44.39122831427405],[11.035306782826092,44.39118948142009],[11.035221188767784,44.39107396588374],[11.035219161167568,44.391015482272095],[11.035013265213374,44.390735564322775],[11.03489207062388,44.39058919228571],[11.034819617227935,44.39049145586547],[11.03467285674634,44.390286998747996],[11.034514042897769,44.39000624172741],[11.034452563615032,44.389908309515114],[11.034342344865038,44.389761740398676],[11.034236222278027,44.389507055117896],[11.034087129745222,44.38923512162746],[11.034003081849281,44.38911957759274],[11.03394085189996,44.38899916415387],[11.03380975504946,44.388884458094296],[11.033676001986592,44.38873828951424],[11.03366238059055,44.388662016729334],[11.033612845336497,44.38854585766512],[11.033517794526569,44.388475533865986],[11.03338687431422,44.38841034657882],[11.033221581724566,44.388305246188324],[11.033103174241557,44.38823983754987],[11.03304500657355,44.388191367997166],[11.032888688265434,44.38802760554436],[11.032851686121637,44.387956228717336],[11.032824721164602,44.38785768107798],[11.032758194291961,44.38777495613098],[11.03270338249088,44.38770681052421],[11.032641156130856,44.387586377377076],[11.032685245255506,44.38750006077543],[11.032736783337638,44.38746473915497],[11.032581875826184,44.38684921295624],[11.032519879054089,44.386707923426755],[11.032638883177844,44.38652410292828],[11.032635456329219,44.38642511817416],[11.032598636932176,44.386358254682186],[11.032608840111775,44.386290554975886],[11.032648544368406,44.3861908203816],[11.032677586472191,44.386100272057504],[11.032544309121622,44.38596760946922],[11.032541817571394,44.38589563616851],[11.032629986819858,44.38576802779321],[11.032650849303971,44.38569114094605],[11.032661545588468,44.38563692760172],[11.032590026781307,44.38561119070326],[11.032494382669206,44.38552286203393],[11.032399831444431,44.38546602532526],[11.032338672539236,44.385377101569894],[11.032314392502476,44.385309996768314],[11.03227583545809,44.3851936596549],[11.032273032486126,44.38511267740831],[11.032176458559082,44.384997372907215],[11.032160648782313,44.384903125202314],[11.032157223555963,44.384804158385094],[11.032149205286716,44.38474546888761],[11.03197041295594,44.38460378465094],[11.031902593180737,44.384610633637166],[11.031697062546025,44.38438472492668],[11.031401483357548,44.3841874290087],[11.031164727547457,44.38401158021209],[11.03084189523102,44.38375174824132],[11.030724005201478,44.38365481726872],[11.030650465803621,44.383570593456085],[11.030577278034599,44.38345035494942],[11.030469399548092,44.3833262346368],[11.030242065153168,44.38310521058438],[11.030169033633843,44.38298948571933],[11.030142698778214,44.382908921806354],[11.030157009875923,44.38282315359479],[11.030181935971736,44.38269790672794],[11.030206471619685,44.382574695121036],[11.030224059414584,44.38244834354348],[11.030219859854837,44.38232687715774],[11.030094506034088,44.38201400892319],[11.03008766321908,44.381816074033026],[11.030081909143965,44.38164963039388],[11.02987036166433,44.381435227271126],[11.0296661582807,44.38119787205785],[11.02927388240877,44.380880749209375],[11.02899936374532,44.38065606249613],[11.02893949718788,44.38055809849714],[11.028769403713852,44.38035856565655],[11.028648726519302,44.38018064890065],[11.02842751172852,44.38000001947956],[11.028134788950535,44.379883697300215],[11.027980500967804,44.37977839457481],[11.027849116926598,44.37965467299503],[11.027735992520572,44.379422633243365],[11.027661547304186,44.379266406695386],[11.027551844012164,44.37908829295952],[11.027430383049424,44.378932902044546],[11.027156670321217,44.37868570215881],[11.026918357687926,44.37850987111199],[11.02667868936026,44.3782485516119],[11.026476459477298,44.378117085846924],[11.026333346783371,44.377971092504986],[11.026099005562681,44.377727672880226],[11.025806225153458,44.377291729824705],[11.025587446678408,44.376998527593],[11.025352244140203,44.376548066659964],[11.024988167734069,44.37604586970656],[11.024804466270693,44.37580101624618],[11.024484891167848,44.37537506796901],[11.024416115906469,44.375292146471544],[11.023447170193508,44.37412417196618],[11.023146539874155,44.373823399138836],[11.02300793793489,44.37380785930518],[11.022938960479733,44.373809081429314],[11.022811949024172,44.37381133167528],[11.022660037175601,44.37377351575026],[11.022600762811205,44.373738557329666],[11.022516743693298,44.37366800984659],[11.022398267476806,44.3735530848023],[11.02237365190635,44.37352201104969],[11.022354145245467,44.37331978302301],[11.022350273549016,44.373207327548585],[11.022359096832108,44.373121639375654],[11.02231417764808,44.371794542450125],[11.02233877705202,44.370002564715],[11.022292392859056,44.368153322872644],[11.02229700547942,44.36760407693227],[11.022306417894557,44.36687468638959],[11.022244277436346,44.365889984223685],[11.022236535810233,44.365665053169415],[11.02226419523986,44.36482731283715],[11.022217826723486,44.36398188612392],[11.022217418004871,44.363846756813466],[11.02221335436862,44.36230292738243],[11.022228498399278,44.361739981218975],[11.02221595916243,44.36137559961869],[11.022253060654794,44.36113186047283],[11.022312141580562,44.36084272608794],[11.02235459953417,44.36052689477733],[11.022368185884485,44.3604049091863],[11.02240726598214,44.36005325697896],[11.022526296052709,44.35896913537424],[11.022535029552467,44.35888963712265],[11.02256500717912,44.358438970177104],[11.022564715496353,44.35806535516407],[11.022562238615427,44.35799338196564],[11.022625160488067,44.35781670446395],[11.022689499679354,44.35768052706382],[11.023001136364874,44.35766600856846],[11.023308591243145,44.35753002269046],[11.023318026810495,44.357439824685514],[11.023281212220132,44.35737295867915],[11.023316911249653,44.35729355058777],[11.023505443524922,44.35718892251729],[11.023661146190195,44.35710964722993],[11.023761824496814,44.356981823457794],[11.023916286394861,44.35686654236393],[11.023995307292731,44.3568381304944],[11.024236285037208,44.356685324772464],[11.024250910135581,44.35660853169123],[11.02422791828428,44.35644239179757],[11.024223270422969,44.35630743742622],[11.024021933942624,44.35610845057677],[11.023874062904158,44.355867990420926],[11.023651598842779,44.35555683413477],[11.023505725826727,44.3554198839204],[11.023504486923402,44.35538389732549],[11.023534503176686,44.355207802410355],[11.023629450710768,44.35491353363517],[11.023636754878435,44.35484221353194],[11.023655267429993,44.35466099728971],[11.023670194443083,44.35454820835792],[11.023861592010798,44.35450428977261],[11.024139883663167,44.354386831357694],[11.024225960046213,44.35433578180504],[11.024382556401493,44.35428350080587],[11.024676218577163,44.354111746273205],[11.024812482804577,44.3539697754653],[11.02491532432858,44.35390493196266],[11.025163852673469,44.35369796802615],[11.02526501439297,44.35358363041428],[11.025385413101736,44.35348246650113],[11.0254492937021,44.35328777549609],[11.02546141077009,44.3531390266928],[11.025502282091576,44.35282320309519],[11.025648822579768,44.352478493696104],[11.025609061840248,44.35232614759456],[11.025442086761698,44.35207703082817],[11.02543650545295,44.35191508182282],[11.025486227918648,44.35181067278113],[11.025550236373789,44.3516204772111],[11.025648292856943,44.35141618233729],[11.02597221389033,44.35112234683411],[11.026178080252048,44.35095214706299],[11.026362176392851,44.35069680019596],[11.026334476683607,44.350620757017765],[11.026310213104754,44.35060192068563],[11.02610287702786,44.350440855638176],[11.025971872183849,44.350339086028555],[11.02589605943611,44.35018739857402],[11.026060767145523,44.34986938903528],[11.026322091681434,44.34976123002855],[11.026460203174503,44.34967324671144],[11.02677323876088,44.34956416258733],[11.027050864130409,44.349473702891785],[11.02729909494161,44.34953231457746],[11.027333760553736,44.349548016683876],[11.02758589050351,44.34966225986256],[11.027711087172959,44.34970054385615],[11.027751581763017,44.34973173070146],[11.027836742165972,44.34979732259852],[11.028035145795855,44.34991084082374],[11.028087174203723,44.34991891501114],[11.028400829024765,44.34982782826986],[11.028751313089813,44.349758582533],[11.029168571284671,44.34962512840402],[11.029461729978191,44.34943985537537],[11.029705303575005,44.34936350859822],[11.030084522289105,44.34912719847897],[11.030525644496993,44.348867275586755],[11.031389220791235,44.34839727951536],[11.032028756527302,44.34807079995031],[11.03261519446771,44.34770475474697],[11.033289835051495,44.34735063288133],[11.033825309365618,44.34705300744403],[11.034169352884287,44.34684432231502],[11.034479866159188,44.34666322676592],[11.034861229117714,44.346489884062564],[11.035104072925465,44.34637771020827],[11.035398393984941,44.34624176272812],[11.035745264802559,44.346069013019715],[11.036092402102552,44.345859129853636],[11.036184756343093,44.34569516109071],[11.03621281955308,44.345644868707424],[11.036301456378018,44.345487435569545],[11.036344326506793,44.34538989063661],[11.036356916745179,44.34536132880162],[11.036415775453012,44.345098260830014],[11.036548563485402,44.344857327471495],[11.036696266986834,44.34454859049262],[11.036845346923073,44.344280355879334],[11.037055600128634,44.343785960819964],[11.03738281249161,44.34304639665787],[11.037604247987048,44.34258847759222],[11.037709350718085,44.34258196456421],[11.037808094365126,44.34258077396941],[11.037959053033669,44.342582006684005],[11.03810216642112,44.342582273689814],[11.038237808163357,44.342582654987964],[11.038330542953585,44.342588890505645],[11.038436639465619,44.342595992950464],[11.038542016116072,44.34258229360896],[11.038641528329604,44.342558004417796],[11.039024103385582,44.34262376191924],[11.039356003946253,44.3426988678961],[11.039891353895959,44.3424456693255],[11.040253158724985,44.34227488794055],[11.040661626829543,44.34211623370338],[11.040744846646172,44.34205117375734],[11.040831093047041,44.341983790940354],[11.040924337196943,44.34195961269218],[11.041809053016733,44.341877971941145],[11.041991465145582,44.34187649687929],[11.042425733300409,44.34189612878565],[11.043179479026135,44.34193083463662],[11.043227737381656,44.34193305183663],[11.043436768464849,44.341924240662266],[11.043630137461442,44.34191572743834],[11.043772567470214,44.34190049309084],[11.044047285999527,44.34187110840036],[11.044189271360228,44.341855936410084],[11.044317554504005,44.341854459801],[11.044397468355411,44.3418769107638],[11.044723497119811,44.34184411913492],[11.044851413009544,44.34184889376469],[11.045071708377016,44.341861783544],[11.045177549788793,44.3418615658904],[11.045775505421945,44.34174057809971],[11.045958000034599,44.3417356120234],[11.046261184506088,44.3417509943511],[11.046625027804058,44.34175236503867],[11.046977182591277,44.341733108868645],[11.047151468483065,44.34173955238617],[11.047356425618332,44.341883858760525],[11.047414667257382,44.34191262817648],[11.047504842948497,44.34195828409827],[11.047566982547439,44.342008925229344],[11.047593601361797,44.34203038866555],[11.04764079079536,44.34212464377522],[11.047640340402157,44.342201739467896],[11.047654920508489,44.34223748660454],[11.047734759408698,44.342301323470835],[11.047854163293195,44.34235263355961],[11.047970559120799,44.34238543004494],[11.048041790320115,44.34240496782391],[11.04870616567615,44.34252528425278],[11.048852176177956,44.34253053637602],[11.04947998741832,44.34227620623673],[11.049597831073068,44.34226057587208],[11.050122492684768,44.34208460879095],[11.050552013374602,44.34187771452861],[11.050777070110087,44.341856229511336],[11.050883348798937,44.34184642960404],[11.050945878040098,44.34181831325717],[11.051150475959863,44.34172740957173],[11.051401779769364,44.34171671884726],[11.051553390209715,44.34165715097359],[11.051667446630846,44.34173556254137],[11.0518347229061,44.34172075664571],[11.05200356433399,44.34170590437049],[11.052203743564657,44.341601028394344],[11.052262882989458,44.34156563494734],[11.05242091317907,44.341510468150375],[11.05260761047933,44.341513306870986],[11.052991875919417,44.34156097338547],[11.053181779430338,44.34158794411612],[11.053279484241637,44.34160193307838],[11.053299810857258,44.3417124148626],[11.053349327703689,44.34176047545738],[11.053541338422697,44.34189263184256],[11.053633368482823,44.34192361096682],[11.053691914319538,44.341938874664685],[11.053742570338597,44.341952584114665],[11.05379762486951,44.34193472793479],[11.054368036520714,44.34187888938717],[11.054468505365856,44.341860192347944],[11.054897732505681,44.34177989737999],[11.055151571947405,44.34170723851505],[11.05556026244996,44.34164585922569],[11.056156684500042,44.34157209958889],[11.05654640932152,44.3415510128531],[11.05683225120434,44.341541365301175],[11.056954853768723,44.3414378784442],[11.057169789556083,44.3412168111025],[11.057348207906506,44.341049869148286],[11.057653587533453,44.34079171533224],[11.058142218760453,44.34032659471676],[11.058340643806446,44.34028361692935],[11.058627060601346,44.3402458188781],[11.058989150930614,44.34022016965636],[11.059312076913004,44.34023966001869],[11.059497379912035,44.340269524703174],[11.059585756931194,44.34030843789817],[11.05964359021933,44.340257871009115],[11.059763289975903,44.34007172269049],[11.05986468786181,44.339899972243195],[11.059996876429185,44.33971245410327],[11.060091496881203,44.339615663547775],[11.060218943447868,44.33962798549357],[11.060644444958912,44.33948751889277],[11.060916969923495,44.33938919490143],[11.060956776929864,44.33933897161886],[11.060918964800976,44.33924455273484],[11.06085175277935,44.33916080527774],[11.061156155944058,44.33896569747803],[11.06128226042343,44.33885032380804],[11.061380898735097,44.338957694255726],[11.061459219976545,44.3390226742931],[11.061775980093302,44.3387997588635],[11.061935056496212,44.33868548611053],[11.062696750519297,44.33854118901004],[11.063347984165402,44.33842137840525],[11.064270018810154,44.33819990608148],[11.064830913698376,44.33809748329405],[11.065113368961839,44.33803666904306],[11.065180287121553,44.33802196345109],[11.065620157826888,44.33757736650429],[11.065677127442514,44.337547074841034],[11.065739467009662,44.33749192460609],[11.065806405041776,44.33747777106065],[11.065863066494474,44.33748406518695],[11.065841228300355,44.33755422775536],[11.065825860735085,44.337697434758944],[11.065835773324673,44.33784578952871],[11.065843144848715,44.337899124871846],[11.06585915503186,44.337953411261424],[11.066113843784786,44.33783850914759],[11.066555711583675,44.337584074379855],[11.066813330474467,44.33744155279608],[11.067027297326204,44.33730544405875],[11.067129246669172,44.33726196658075],[11.067208396395054,44.33723859189614],[11.06734000521631,44.33721369655426],[11.067467187558352,44.337196769493836],[11.06774190155498,44.33716083319014],[11.06801544612537,44.33713674082532],[11.068250367221342,44.33712911140292],[11.06853729213277,44.33715092392987],[11.068679659759963,44.337186603045446],[11.068836205842961,44.33726817359653],[11.069107535918905,44.337448371384504],[11.069147301535079,44.3374650928431],[11.069198236474243,44.33746416978643],[11.069247468308648,44.33743740883594],[11.069378153286586,44.33734106430881],[11.069650541648041,44.33710598780749],[11.069736032339435,44.33712920042191],[11.070382711367758,44.336302162493595],[11.07045143354419,44.33624971453079],[11.07052861355266,44.336215680594165],[11.070893163475592,44.33610384499924],[11.071010075675675,44.336040401665116],[11.071073819738885,44.335958210931736],[11.071082313765102,44.33588716494721],[11.071085148317168,44.33576782148479],[11.071053261267481,44.33561874127256],[11.071138952185658,44.33551421250133],[11.071193612436952,44.3354637152956],[11.071471297427115,44.33531237630699],[11.071886255441312,44.334985801174774],[11.071987685039673,44.33494964718179],[11.07213177514119,44.33494533616627],[11.072514110889045,44.33496090931752],[11.072624680821061,44.33489475795445],[11.072783867489202,44.33451769418454],[11.072814560999515,44.33436521052779],[11.07278839439421,44.33417887582056],[11.07279836633101,44.334106122932],[11.072964446283603,44.333835836103894],[11.073161804898474,44.333852496573726],[11.073270309583652,44.33388373334238],[11.073455892570538,44.33394450765459],[11.073543696772688,44.33394459034501],[11.0739037996955,44.33395269052481],[11.074012681908973,44.33397209990601],[11.07416127381607,44.334028474595975],[11.074395684384779,44.33411817415665],[11.074692987057492,44.334234314249834],[11.074855099845935,44.334318578009444],[11.075021438150634,44.334411210304374],[11.075115729444649,44.33446182203963],[11.07520922309924,44.33451246799986],[11.075339279254932,44.3345545385274],[11.075474175769884,44.33457797328078],[11.07565226486975,44.33458205523708],[11.075738960820862,44.3345951006595],[11.075835091196156,44.33449769787017],[11.075905760570347,44.334368123538106],[11.07595867117292,44.33417867368878],[11.075951472511997,44.33410791174648],[11.075972344726953,44.334010753573885],[11.076061449566724,44.333848208665515],[11.076091678812933,44.33372724248628],[11.076238078822799,44.333566477117365],[11.076422950637006,44.33318499610857],[11.076416817015492,44.33301124037106],[11.076568427583119,44.33270857611921],[11.076659981366072,44.33243796112919],[11.076745048605847,44.3320273366645],[11.076847646471613,44.331758197849524],[11.077011523287602,44.33151495544581],[11.077030809617991,44.331461725534716],[11.077033967197751,44.331173579048425],[11.077073931612125,44.33086282306571],[11.077089699958085,44.33059863777399],[11.077116655986204,44.33047380377262],[11.077140313366773,44.330345065821135],[11.07717248606382,44.33027921083804],[11.077244947347783,44.33004495128093],[11.077266594467535,44.32999167746867],[11.07733268346039,44.329931954818534],[11.077669635317717,44.32972889127502],[11.077501970680451,44.32948716383633],[11.077728010892134,44.32936208048912],[11.077803396695117,44.329276872394985],[11.078000674473467,44.32920294209631],[11.078418486368426,44.329092381744985],[11.078653612242082,44.32904645070949],[11.07878894385661,44.32903893448569],[11.078879720511635,44.329056401963804],[11.079043564658638,44.32910124539096],[11.079246124060806,44.32915495358666],[11.079348456871731,44.329166586172455],[11.0794765174173,44.32915245481929],[11.079736970307337,44.32911450404621],[11.07986195761395,44.3291021054681],[11.079949933563086,44.32910725050607],[11.080295232384264,44.32920673688645],[11.080423311945756,44.32921566850353],[11.080624578954874,44.3292103040473],[11.080786178955751,44.329191614099464],[11.081008479244277,44.329159979784514],[11.08114430689856,44.329121495455695],[11.081090002714634,44.329071283390604],[11.08137801978896,44.32832780760785],[11.08145068099994,44.32805471152107],[11.081479505359345,44.32789438649378],[11.081465808661203,44.32764086043797],[11.081402718054369,44.32734154965329],[11.081306367580847,44.326767128489315],[11.08126473848876,44.32663227746731],[11.081182370381132,44.32640871043027],[11.081131696949207,44.326372500928954],[11.080604477564467,44.32620374314369],[11.080893988866068,44.32587886888316],[11.08096346040482,44.3258264008666],[11.08109749141508,44.3257373011144],[11.081105806357419,44.32568482321839],[11.081062246556792,44.32558321338787],[11.08128202308702,44.32530349168052],[11.081443852402701,44.325158754965045],[11.081646692389036,44.32517644513978],[11.08181693608879,44.325224542211664],[11.082105237828808,44.32528680390443],[11.082193588918836,44.325302634860606],[11.082335695043852,44.32530932702402],[11.082830205110332,44.325240947056805],[11.083411866734416,44.325242705810595],[11.083859176799642,44.32525760908971],[11.084345416563613,44.32524255690974],[11.08481726964028,44.32548545021046],[11.085052664440806,44.325625205468725],[11.085278299606994,44.32531273287743],[11.08541694206817,44.32524380653567],[11.085619666952772,44.325345880824116],[11.085806051831574,44.32542968577999],[11.085893102886915,44.324988652180885],[11.086528383086355,44.324822868235046],[11.08668380215013,44.32469623702112],[11.08688906222879,44.32462721674559],[11.087000786123612,44.32446200076904],[11.087094792406715,44.324438913289846],[11.087179539236546,44.32428656286336],[11.087257766384743,44.32423785799726],[11.087351722073814,44.324080858377556],[11.08760785463718,44.32409755377577],[11.087727290236845,44.324105514397026],[11.087868150678384,44.324055111085755],[11.08802675884594,44.323952610367314],[11.088164923504124,44.32389213318586],[11.08838412091975,44.323774456011684],[11.088372850040923,44.32372176502871],[11.088434645217228,44.32369644410131],[11.088518124981464,44.323640912664004],[11.088752242952289,44.323435752167356],[11.08920304459423,44.32335041664867],[11.089322600973633,44.323317843469404],[11.08941075479952,44.32319581363579],[11.089537428953497,44.3230989655841],[11.08956500039213,44.32303713630343],[11.089834470783963,44.322812187431545],[11.089962349477437,44.3227051949537],[11.090462005883888,44.32234043994716],[11.090523438653554,44.32230498371065],[11.090754446585956,44.32218822908289],[11.09093798105996,44.32217022865442],[11.091280955172666,44.32227142061574],[11.091420347866102,44.32195883720037],[11.091555537444812,44.32179318778692],[11.091730564711698,44.3216898274489],[11.09187324481361,44.32158031094358],[11.09203556675932,44.32142878538628],[11.09214243576164,44.321282219844846],[11.092214787316829,44.321222372864256],[11.092313871273229,44.32116598192105],[11.092477804560634,44.32108081862358],[11.092661417094945,44.320998687585664],[11.0927989250506,44.32092077648817],[11.093533269630049,44.32039021023015],[11.093813112337761,44.32025903798039],[11.093944083545297,44.32019529341778],[11.094146922793124,44.32008129829655],[11.09445749449186,44.319976572116126],[11.094569429780814,44.31995088446759],[11.094722331126443,44.3197100746362],[11.094798329478868,44.31962146971259],[11.094848998306533,44.319591851606944],[11.094980427601337,44.31947464660927],[11.095033967512173,44.31943765552203],[11.095108798715245,44.31936031906843],[11.09515215996468,44.319279061310176],[11.095207292390969,44.31915483028092],[11.095302801429991,44.319019164686125],[11.095401294894822,44.3189464453069],[11.095478877827015,44.31890169344987],[11.095662028301955,44.31878523546374],[11.095781755620227,44.31871384016445],[11.095846992258412,44.318631056147936],[11.095895088893451,44.318550835634014],[11.09596674616099,44.31847243241438],[11.096261549665527,44.31821156617076],[11.096362236458093,44.318111813328926],[11.096466771802325,44.31803280613291],[11.096621459273214,44.317952305344754],[11.0966851290762,44.31793594386466],[11.096795647969456,44.31789228243109],[11.09700219370221,44.31775007661647],[11.0971732285019,44.3176231451141],[11.097529921959051,44.317428103827154],[11.097652022977252,44.31731388858263],[11.097733796442176,44.317254989435334],[11.097921351650793,44.31717445559697],[11.097982821211085,44.31713956723021],[11.098060775969053,44.31706217052513],[11.098115539107338,44.31697170465042],[11.098146267081912,44.316931738099385],[11.098159161507951,44.31687637306377],[11.09827506464288,44.31676339549444],[11.098366082033975,44.31674483436373],[11.098679783990839,44.31675088679473],[11.098808076300587,44.31681042415942],[11.0988763470077,44.316834484331615],[11.098967518128843,44.31684182471256],[11.09911563696286,44.316819962549516],[11.099225780840648,44.31678755201964],[11.09938303165367,44.316714320571904],[11.099522847319726,44.316634661866075],[11.099674819588945,44.316501328579704],[11.099881073951643,44.31635124989372],[11.099972505844224,44.31632198626528],[11.1000257189077,44.31627600137974],[11.100281590755245,44.31602316005121],[11.100367865259264,44.31589328321706],[11.100414768061011,44.31577987659534],[11.100469384716538,44.315597703767246],[11.100476101887903,44.315456346971054],[11.10049263324331,44.31528272794169],[11.100445545237301,44.315061346038696],[11.100426446843308,44.314767984527066],[11.100493886893382,44.3146586996791],[11.100603049435774,44.31457735282285],[11.100731541093705,44.314510844358715],[11.100897058306215,44.3143615141995],[11.101086959745297,44.314237031321504],[11.101254501312297,44.31414448853403],[11.101310742218857,44.31409562581852],[11.101378628159194,44.31402123451744],[11.101436272201543,44.31392394654371],[11.101439656187079,44.31382092846162],[11.10136538394371,44.31354095423715],[11.101366071011284,44.3134717258042],[11.10148884507705,44.31331136335625],[11.101686271704326,44.31308996201282],[11.101740987005668,44.31304227052367],[11.101844887985905,44.31298913704961],[11.10191066633115,44.312943491640425],[11.101950474052876,44.3128954847943],[11.101985225293582,44.31283744820514],[11.102083825492697,44.31263589730186],[11.102140858729179,44.312587019580704],[11.102212013271817,44.31256037638512],[11.102338847363725,44.31251303399637],[11.102595604941028,44.3123079996505],[11.102872614787417,44.31205531590315],[11.103000349566805,44.3118363391334],[11.10300955018555,44.31176470405228],[11.103131463177208,44.311711257449005],[11.103512067372208,44.31177006885569],[11.103730715343724,44.31157305335074],[11.104377655235107,44.31169504390544],[11.104617981931371,44.31184084505726],[11.10477710955758,44.311908251160894],[11.10491859785033,44.31211719751274],[11.105020594937551,44.312142328406146],[11.105245283055392,44.3121803903066],[11.105372297153805,44.31218199248383],[11.10550288092967,44.31241477618172],[11.10575220506305,44.31248389279245],[11.106199613783017,44.31257017057056],[11.106409217508364,44.31251453026699],[11.10657441693466,44.31240063566697],[11.106633814501572,44.31226507304856],[11.106809904223578,44.31217066823188],[11.107164235568725,44.312261462235774],[11.107509306656606,44.31220333778842],[11.107568322356677,44.31227594497956],[11.107774586980085,44.312455573439244],[11.108123710570199,44.312444629238854],[11.10812661138077,44.312635313879866],[11.108142664652235,44.31284264413965],[11.108145222478933,44.31291406251482],[11.108384001996283,44.31297324433832],[11.108650406239766,44.312928370000584],[11.10947299223212,44.312964377468326],[11.110415475782267,44.31291375393169],[11.110694674107886,44.31300651623254],[11.111163515553427,44.313253301721744],[11.111217257640426,44.31317802272524],[11.111979640377339,44.312781303611175],[11.112223978216411,44.31282068352722],[11.112463950213739,44.312913024688285],[11.112596041579794,44.31294658856616],[11.11270562894139,44.312877595795214],[11.112768998661686,44.312743634638856],[11.11273984156387,44.31252080151301],[11.112782326310832,44.31246036872694],[11.112828940517195,44.31238353372449],[11.11304918050486,44.312406461228605],[11.113115860725541,44.31245193312317],[11.113174669081369,44.31258363331097],[11.11327123863629,44.31267637601683],[11.113409226977582,44.312852742097476],[11.113464382153413,44.31303572881108],[11.113487311704743,44.31321592063014],[11.113483889086861,44.31340447323117],[11.11344195650203,44.31352396920392],[11.11324998368666,44.31374304098336],[11.113252486867632,44.31381276230074],[11.11349041454076,44.313825800536186],[11.113602070456407,44.31385804717179],[11.113956896895667,44.31391844332942],[11.114137214933116,44.31387684613684],[11.114397902900484,44.31376004676602],[11.114342123658846,44.31395294319496],[11.114800096421005,44.31409244153737],[11.114952479886824,44.31414533858162],[11.11508092185267,44.31423016911937],[11.115387692100628,44.314523821955504],[11.11544974547497,44.31481133355368],[11.11551670997025,44.31532267943693],[11.11627009661715,44.31487152314699],[11.116634440123468,44.31473930031528],[11.117080065384942,44.314556599090665],[11.117296838463192,44.3147438892849],[11.11732112169987,44.3148092804645],[11.117302946953599,44.31491369771188],[11.117265586540446,44.31496448510322],[11.11717564946487,44.31499146795152],[11.117135826081798,44.31503946327008],[11.117140843640328,44.31509114295372],[11.117148805201056,44.31511688123684],[11.117149269263166,44.31515118611525],[11.1171345180715,44.315198732732405],[11.11711653657533,44.315243520450544],[11.117039445169981,44.31530065053912],[11.117005733015658,44.31538793259361],[11.117003321529857,44.31545155006657],[11.116980683040918,44.315518935747086],[11.117009110463274,44.315699577617806],[11.117008104325558,44.3157586892104],[11.1170844941022,44.315877671592574],[11.117150233031351,44.31596255594251],[11.117262460405254,44.31603192065497],[11.117335157104076,44.31611385527979],[11.117297978159872,44.316148304529584],[11.117201797561552,44.31619736293575],[11.11704333196078,44.31623686364731],[11.116870303828298,44.31630703676832],[11.116797339634825,44.31634832616944],[11.116745133873406,44.31640051306102],[11.116710604555964,44.31663859445713],[11.116801922477892,44.316737054645884],[11.11695952206999,44.31686974179337],[11.117021139561563,44.31690573340069],[11.117594023179747,44.31697050156211],[11.11861981919607,44.31735997738697],[11.119043508615011,44.317503469893346],[11.119325589532714,44.31754550832832],[11.119527498419206,44.317580590586275],[11.119826122687776,44.31853889464265],[11.120195580974,44.319200493565965],[11.120357524273,44.31951821007913],[11.120427558353995,44.31963507636711],[11.120503690392134,44.3199425673087],[11.120598516440321,44.32022494955174],[11.12103751788767,44.32070633404044],[11.121088985055533,44.32089441972275],[11.12118237040126,44.32100635299479],[11.121171826994715,44.321083637545776],[11.121292096828002,44.321354298307625],[11.121334281481685,44.321415963697135],[11.121590534833969,44.3216970409584],[11.121817170781569,44.32206982544074],[11.122037282749572,44.322392653276665],[11.122036640885982,44.32250518996206],[11.1219902223824,44.32265235608996],[11.12186319018967,44.32282463840859],[11.121777769351763,44.32293369908834],[11.12169894807367,44.32313884505761],[11.121640472435244,44.323255849584065],[11.121587238338412,44.32343127696625],[11.121540654655021,44.32392221682255],[11.121448173113611,44.32405279558826],[11.121099890950163,44.32469734000501],[11.121101939074826,44.32488523627664],[11.121169194572843,44.32503309278993],[11.121627404588313,44.32567559451014],[11.12161724982648,44.32593741474478],[11.121344405511135,44.32676174366933],[11.120953452483487,44.327071716353025],[11.120719829806205,44.327353469364404],[11.120870580293984,44.32762074446211],[11.120966353148422,44.32773375789273],[11.120805791974297,44.327911160467245],[11.120958677001962,44.32799890440967],[11.120947827840784,44.3280463807433],[11.120889094887326,44.32809080060753],[11.120760354101462,44.32843416000619],[11.120598544731434,44.32868531778751],[11.120523689135714,44.328935965980016],[11.120448352449278,44.32915118788744],[11.12055940825712,44.32938319096799],[11.120755020176299,44.32950390043371],[11.121085811446253,44.32952533860964],[11.121254243501356,44.32958748003666],[11.121349387003322,44.32974775978102],[11.12143571523407,44.33077189822065],[11.121622996638092,44.33109590807913],[11.121854174321397,44.33137630868805],[11.121899544679653,44.33159153619529],[11.122144530157904,44.3317113445453],[11.122357307175738,44.33198140964928],[11.122441743332258,44.33212669607225],[11.122569480282488,44.33219126833243],[11.122686149478241,44.33236128930989],[11.122827213385094,44.33248975868269],[11.122916755024406,44.33256011108544],[11.122967903021314,44.332652011657316],[11.123169428677718,44.33274109794263],[11.123185671942737,44.332886527406046],[11.12336891501936,44.33299003913865],[11.123440032139657,44.3331355724942],[11.123554227829528,44.33321558865295],[11.12360024533118,44.33340436477086],[11.12373659873932,44.3336420871141],[11.123925609313732,44.333665580647306],[11.123751255330294,44.333830303124266],[11.123648718464528,44.33392166964264],[11.123963079299225,44.33461636105247],[11.12378156358921,44.33469175478122],[11.12400400174707,44.334925075585275],[11.124076673054214,44.3349833511916],[11.124228092271043,44.33516002442467],[11.12441175099227,44.33533948985724],[11.124299470553995,44.335400100020266],[11.124204091242943,44.335472767318414],[11.124157126176021,44.33553946434428],[11.124003975683035,44.33572744491363],[11.12393266271368,44.335792916657276],[11.123899661472542,44.33589986023017],[11.124003945331898,44.33590017010094],[11.124281759148124,44.336103199169294],[11.124564206797423,44.33630499886898],[11.124642495316925,44.336345192734555],[11.124891251185412,44.33645983651723],[11.124950455250431,44.33651500593148],[11.125004535237336,44.336644537686546],[11.125132148367486,44.336747958315094],[11.124962973840566,44.33683944091886],[11.125247921382295,44.33724039336156],[11.125395974352461,44.33741036021122],[11.125628923842955,44.33773856538417],[11.125697567792173,44.33796742567594],[11.125735133434857,44.33813889716652],[11.125770988253867,44.33832841334026],[11.12571475846571,44.33857309551621],[11.125701798588528,44.33867011623948],[11.125661513651705,44.33896572127097],[11.12563789410139,44.3390713661778],[11.125619171339274,44.339485841820064],[11.125501226855405,44.33975813027178],[11.125395769378805,44.339921017044595],[11.125222397693921,44.34009136360843],[11.125074266716041,44.3401796340569],[11.125079106941808,44.340270147449445],[11.125495705783472,44.340646687148855],[11.12596782768356,44.34097550824698],[11.126605628901283,44.34144190341561],[11.126658437277282,44.3415360021688],[11.127029816685324,44.34187569354155],[11.127285940310434,44.34208529508177],[11.12743530908037,44.3422046036849],[11.127791882836561,44.34250338502374],[11.127736767411005,44.342626630787855],[11.127669840454745,44.34281411655952],[11.127696085103866,44.34293234671904],[11.127577444209962,44.34299082697411],[11.127382548133253,44.34308674192896],[11.126684111047235,44.34337320232671],[11.12626525805108,44.3435205577664],[11.126281775551574,44.343651912735],[11.1263220931279,44.34372600049625],[11.126462676930112,44.3438195890529],[11.126967543158264,44.34381695243782],[11.127195401264428,44.343916787184746],[11.127296257941428,44.343995941514734],[11.127363631891503,44.34410271276359],[11.127392785494528,44.34417138409354],[11.127388390088441,44.34428848997315],[11.12738696836666,44.34455241414955],[11.12783762920422,44.34482872932019],[11.12820256730477,44.34516291266671],[11.12812848011104,44.345369098602504],[11.128236462394343,44.34549312522423],[11.127867742667608,44.34559622327409],[11.12812899902906,44.345968329613356],[11.128155588023228,44.34609669485741],[11.128098812115256,44.34617426890974],[11.127968703191572,44.346413580401325],[11.127694802099297,44.346840132674245],[11.12757682972479,44.34696049746639],[11.127323751363338,44.34713963269048],[11.126913479458569,44.3475028836001],[11.126489426472103,44.348005942237236],[11.126028385597058,44.34828854752418],[11.125850411413774,44.34837625103895],[11.127021812579306,44.34837300089969],[11.128033451775028,44.348722698919765],[11.12895583453695,44.34898853912532],[11.129173005005367,44.3490531295573],[11.129262801088943,44.3491077216152],[11.129400289634663,44.34913666640904],[11.130775905569637,44.349553818004864],[11.131553454444935,44.349782386458934],[11.131811324083023,44.34982257695713],[11.131797443668283,44.34974237534629],[11.131808909646141,44.349669571633726],[11.131929404519427,44.349575612862665],[11.131980647850378,44.34949644412653],[11.131962062750274,44.349394942414925],[11.13179791307277,44.34925789945906],[11.131757571647796,44.34905384782847],[11.131781737518457,44.34900669456199],[11.131935022863196,44.348865420569716],[11.132085633723992,44.34867242476745],[11.13222653309991,44.348406448807665],[11.13226233928895,44.34818296151772],[11.13222788959285,44.34783814010929],[11.13226578408512,44.347758648838465],[11.1323957882143,44.34764649734082],[11.132539707843376,44.347463194962806],[11.133401672422126,44.34762040510416],[11.133882127806803,44.347722273651435],[11.13411851459531,44.347840502478626],[11.134570583319737,44.348046443609405],[11.13662760410181,44.34863534356123],[11.137820143159514,44.34899843961523],[11.138043311911604,44.34905447781113],[11.138118835500237,44.34908287721258],[11.13817212160776,44.34910326728743],[11.138917216513617,44.34921535053274],[11.138858833882523,44.349334592568844],[11.138774605777158,44.34954154691046],[11.138805894602259,44.34973339304802],[11.138802652256125,44.35001084821279],[11.13869434585868,44.350137239089264],[11.13909888911196,44.35028608424551],[11.13969449434182,44.35034074597666],[11.140343045694435,44.350428188783],[11.14092997183512,44.3505888023082],[11.141133590086014,44.35062491951943],[11.141562766567922,44.350631509710155],[11.141520713453332,44.35070376274804],[11.141475581753461,44.350756363675096],[11.141424031561288,44.3508479329647],[11.141413595366357,44.35094940573812],[11.141433209669145,44.351035677231565],[11.141581039420934,44.3511330759433],[11.142067687287621,44.3508656725439],[11.14224931838595,44.35074973959802],[11.1425443758305,44.350734062281525],[11.14272132280676,44.35068348590742],[11.142907516529549,44.35069348752561],[11.143094476102851,44.3507237370736],[11.143254031909432,44.35069092924363],[11.143459817299538,44.35074276552712],[11.143909783203117,44.35073881583293],[11.144110840118108,44.35076879989928],[11.14429242011536,44.35078115370502],[11.144466791790736,44.3508318829176],[11.144953021984108,44.3509189748243],[11.145080737107012,44.35095933151047],[11.145211951591895,44.350987823230675],[11.145339645713303,44.35106981258046],[11.145503703065215,44.351117377766535],[11.145653728997232,44.3511241275215],[11.14588603618742,44.35128011316944],[11.146039102212695,44.351370087498694],[11.146281074385776,44.35146849510658],[11.14680971413876,44.35149231500376],[11.14694801360531,44.35147903894756],[11.14724787390741,44.35140136398768],[11.147868098628738,44.35152868035968],[11.148287391498949,44.351693532967815],[11.148517901069383,44.35169256971769],[11.1486442657196,44.35173801909635],[11.14877583302955,44.35184076687618],[11.14896558271529,44.351861386102094],[11.149090868372923,44.35192092216908],[11.149247262611716,44.351973125802296],[11.149438911291902,44.351959947990075],[11.149380309213115,44.35215910833301],[11.149175980428522,44.35236101096253],[11.149090207060171,44.35248191621236],[11.149143885283246,44.352663217910646],[11.149290521177415,44.35294179599814],[11.149214706038505,44.353141833030904],[11.149262268057182,44.353434095845714],[11.149079822837514,44.35359225854974],[11.149100191757247,44.353805695205494],[11.149074405266598,44.35400143416969],[11.14908782000191,44.35417504909688],[11.149233406958842,44.35453241330827],[11.14926745186357,44.354648242516916],[11.149407594280277,44.35474913106519],[11.149435457584763,44.354932042095434],[11.14949543136071,44.355071019927905],[11.149577156869736,44.35526866274809],[11.14958394046853,44.35538950380038],[11.149351674348313,44.355686462894425],[11.149302060642896,44.35580893732037],[11.149422065329123,44.356023873312196],[11.149425355625269,44.35611384112006],[11.149141930563102,44.35623395046785],[11.149107864815512,44.35643941518392],[11.149034385713255,44.35653195337086],[11.148870799478878,44.356690332376324],[11.148590947264301,44.35690827668796],[11.148550919930557,44.35705758144563],[11.148402332699783,44.3571335198167],[11.14803920879395,44.35721913561524],[11.147700458569156,44.35741342453226],[11.147631925887355,44.357469860285725],[11.147597679218531,44.35752002793743],[11.147537878467073,44.357621306149426],[11.147187224680646,44.35783383022157],[11.146885430510546,44.35794530001302],[11.146550222023041,44.358108009127456],[11.146264708171776,44.35817134475397],[11.145867567363306,44.35842074799721],[11.145714725242485,44.35850915157019],[11.145623249484219,44.3586031511061],[11.145015088586469,44.358830077419064],[11.144841573450211,44.358845708821576],[11.144770956025464,44.35895282991764],[11.144660286745667,44.35901455411081],[11.144492901605021,44.35907002422469],[11.144224858501184,44.35933276072155],[11.144131302846652,44.35934801468767],[11.144061651760016,44.35941684002328],[11.143895121798078,44.35947399022479],[11.143769026023346,44.35954332249055],[11.143656215954364,44.35961126361761],[11.143471886579425,44.35969688201376],[11.143258109787224,44.35977066326154],[11.142908728708115,44.3598250477364],[11.142740918044131,44.35995423631258],[11.142467105903624,44.3600809160208],[11.142105112542188,44.36024131118941],[11.141908696949974,44.36040367032959],[11.141829733154745,44.36051824832808],[11.141730387453284,44.36065459563616],[11.141654271483157,44.36084733092306],[11.141567393202024,44.36095980739547],[11.140543993318245,44.36167389360144],[11.140250301412898,44.361749738215856],[11.140105211624604,44.36181433499363],[11.139975564312373,44.36198050869567],[11.139722132430652,44.36204265492919],[11.139095596922791,44.36206789121235],[11.138479976310668,44.362026545659596],[11.138303928613945,44.36199551168903],[11.138150513197452,44.361938739567236],[11.137767796676576,44.36176754110366],[11.137672575853715,44.361801405407085],[11.13784716586714,44.36200856399531],[11.137913805072204,44.36211591321977],[11.137976626346685,44.362247524388906],[11.13764731515758,44.36242248738333],[11.137516689592351,44.36249696789913],[11.13738435673626,44.36248143164076],[11.136911364711755,44.36242615126725],[11.136552291984254,44.36239744077738],[11.136166607640176,44.362230791182704],[11.135445286387393,44.36184872559275],[11.13544113830856,44.36134634219304],[11.135408586685937,44.361249047478445],[11.13533995718913,44.36117379743173],[11.135243251225768,44.36110246377651],[11.134795189848765,44.3607726787178],[11.134741675253744,44.36063807207529],[11.134909282248138,44.360178053696735],[11.134863608597577,44.36008662821759],[11.13454182436197,44.35995084164731],[11.134182140413028,44.35972182297529],[11.134100519469703,44.359827999796835],[11.133997352194582,44.35981641403327],[11.133907697317431,44.35980966310776],[11.133758159129643,44.35981695657868],[11.133362305189609,44.359801288742766],[11.13325863201099,44.35981897173864],[11.133169717453837,44.359853838912656],[11.133043627889066,44.35992371378562],[11.132872732189677,44.36001241942956],[11.13271611960011,44.36010594729318],[11.132537069554425,44.360207195294514],[11.132436574945244,44.36026927125809],[11.132284579551191,44.36033850288388],[11.132222965271186,44.36034809818235],[11.132117092047581,44.36034837921839],[11.132026278861815,44.360330955830186],[11.13194603952547,44.36030319418172],[11.131884951596968,44.360262130663315],[11.13181911819579,44.36019866314302],[11.13165448825594,44.36002729795202],[11.131471438237268,44.3598461554589],[11.131264344832685,44.35967165720492],[11.131131766750608,44.35958467209322],[11.131033260905829,44.359549931483244],[11.13087896326398,44.35953369118679],[11.130719067072736,44.35953667529376],[11.13045822590311,44.359567429464036],[11.130298560214603,44.35964130027257],[11.13010135443585,44.359761451475336],[11.129951941002771,44.35981543961606],[11.129814202694169,44.35984557294001],[11.129625294516487,44.35986993186749],[11.129476651448847,44.35990194630481],[11.12932734184605,44.36000208090505],[11.12915715876403,44.360175175175804],[11.129044617502991,44.36031625623822],[11.128981013149161,44.36044405304178],[11.128893705316608,44.36058859134163],[11.128828103876167,44.36066127779292],[11.128717086380352,44.36073593722554],[11.12854339746701,44.36081231682225],[11.128377313231898,44.36086099144505],[11.128160600736015,44.36089766531744],[11.127714197585991,44.36100219267829],[11.127653049907945,44.36098139149209],[11.127546543604442,44.3609209283477],[11.127119347468597,44.3607758378826],[11.12643687800233,44.36053422263934],[11.125946688314539,44.360447125702855],[11.125713433201545,44.3604385443241],[11.12491125848905,44.36046472374502],[11.123997960137663,44.36058412080513],[11.123886527807597,44.36058281949838],[11.123667421856013,44.360531194861636],[11.123411053101677,44.36046899762931],[11.123180448079214,44.36042490608563],[11.122968055171171,44.360385527805384],[11.122804759875487,44.36033791521117],[11.122239650126641,44.36023982363861],[11.122065249375098,44.360209878226286],[11.121810850356471,44.36000640946063],[11.12163271058103,44.359894945954366],[11.121146957747374,44.36032202419989],[11.121032432672303,44.36040798851884],[11.120753258236526,44.360343977179106],[11.120475185977345,44.360223656520375],[11.120095350101048,44.35999946635154],[11.119778658439985,44.359743127565665],[11.119611281515958,44.35969053560375],[11.119398321215845,44.35967874306194],[11.118942429584697,44.35973840548273],[11.118471564285063,44.35981691127753],[11.118370600087347,44.35980077090334],[11.117999297350625,44.35955277947115],[11.117666242093327,44.359277064537565],[11.117595725555361,44.359235043779265],[11.117451297214886,44.35921014054041],[11.116864571847316,44.359273365250566],[11.116210765801203,44.359172370622375],[11.115445852023722,44.35903463787449],[11.114536230258333,44.358951888148695],[11.11302765817357,44.358853225312934],[11.112624808312603,44.35886068013359],[11.11256370832447,44.358840994411736],[11.11238021051695,44.358841569831185],[11.112269133858714,44.35882786094303],[11.112199358495173,44.358817441851265],[11.111333950770954,44.35868817473534],[11.1108697483399,44.358646681623355],[11.110684707590721,44.35862646657385],[11.110493067977515,44.35857488051853],[11.110154942945812,44.358480727380446],[11.10982603487839,44.35838913436747],[11.109690877149065,44.358359567490744],[11.10946638468766,44.358332758358664],[11.109348312524586,44.35833019799565],[11.10930191275461,44.35832919883181],[11.109228560143759,44.358327602829796],[11.109147841264786,44.35833204599191],[11.108892536557557,44.35834608163471],[11.108758301664388,44.358365368293164],[11.108502166400925,44.35840263841766],[11.108371617391228,44.35842162878201],[11.108157118981369,44.35845485043289],[11.107383086754858,44.35845621533218],[11.106414747068465,44.35841893770152],[11.106308192727608,44.3584000872035],[11.106174233305724,44.35842617725661],[11.105973509073415,44.358755673055654],[11.105651618171219,44.359293330417984],[11.105743026800738,44.35937154981568],[11.105870440428532,44.35946878787361],[11.105790929904567,44.35972289982696],[11.105897180932796,44.36025883826644],[11.10593818224345,44.36054956100612],[11.105942025829048,44.360788054268696],[11.105941577387677,44.3609067823909],[11.105843134555544,44.36159561932525],[11.105687752816744,44.3625122694591],[11.105483769945918,44.363649242338475],[11.10529259364121,44.364530542378716],[11.10514790005144,44.36522078483641],[11.105075108305154,44.365618811405916],[11.104942557928641,44.36653841147524],[11.104853167166391,44.36708640796544],[11.104808295090203,44.36719133350622],[11.10440436621609,44.36813393275225],[11.104200157000355,44.36863060609712],[11.104005426494748,44.36893127942239],[11.103774421607568,44.36922755043251],[11.103609953931125,44.36945396955154],[11.103301403264625,44.36988390207338],[11.102925394856678,44.370358976495545],[11.10269390901927,44.370728967094834],[11.102464781117424,44.371143385722746],[11.102225633531821,44.371606921165835],[11.102124876089759,44.37183834270179],[11.102064727190722,44.37210839826253],[11.101796790274019,44.372293391933184],[11.101543313226317,44.37240046084335],[11.101282295807774,44.3725374995727],[11.101097632530703,44.372594347497696],[11.101198342852385,44.372669009644596],[11.101458706734759,44.372842029839155],[11.10139630732813,44.37293940362697],[11.101233101059627,44.37331150955664],[11.101191448077012,44.37348444524504],[11.101133674087482,44.373558097864645],[11.100818049144593,44.37381430549119],[11.10054997389073,44.374061175728144],[11.100457861006477,44.3741838388771],[11.100378538058948,44.37429109248297],[11.100311661941962,44.374373337822334],[11.100240090841767,44.37443429959539],[11.100126980109204,44.37449602541355],[11.099879932112332,44.3745416490335],[11.099735888359135,44.374593802648945],[11.099673221898593,44.37463997979374],[11.099638045473357,44.37468788225931],[11.09961041148742,44.37477054797497],[11.099614044004065,44.37493758080201],[11.099704561459324,44.37551660691839],[11.099740078007322,44.375698244640716],[11.099753912395617,44.375888174734264],[11.09975518158196,44.37605526809679],[11.099723106749778,44.37623309829437],[11.099693442547665,44.376390620702416],[11.099674767431122,44.37650463136485],[11.09964498138977,44.376791017193916],[11.099589448225746,44.377036796826005],[11.099495931664292,44.37727427751781],[11.099396895160229,44.37744434063061],[11.099234839172217,44.37769545206656],[11.099111364423653,44.37797229508751],[11.099103663188691,44.37804165088646],[11.099486882644774,44.3786225955041],[11.099505662538443,44.378686948581645],[11.09949639634892,44.378735516970025],[11.099437310791332,44.37886039245291],[11.099395629187072,44.37898887579426],[11.09939438491339,44.379085677555345],[11.099422267540355,44.37918533597861],[11.099453551868573,44.37922694590027],[11.099721775784626,44.37944370573433],[11.100031119174607,44.37971315985658],[11.100197144653206,44.379792263453254],[11.100278416266757,44.37984928915435],[11.100420039006615,44.37996990205068],[11.100595863799338,44.38021367448618],[11.100716112904811,44.380329627888685],[11.1010128118539,44.38057455073933],[11.101099920403868,44.38066242445354],[11.101209277134444,44.380736927369824],[11.101591925025097,44.38092794010462],[11.101938183142229,44.38115450631325],[11.102106147822713,44.38128759341133],[11.102232816719367,44.38140680123037],[11.102280646338683,44.38147174248067],[11.102331782137167,44.381563633832585],[11.102374712715083,44.381666942312116],[11.102389238192316,44.38174376192845],[11.102393575261479,44.381887162752],[11.102362562939195,44.382116746170226],[11.102392690509559,44.38216907004952],[11.102624853511397,44.38273646855583],[11.102695932206677,44.38279368021641],[11.1028832305193,44.38289713127722],[11.102936339709624,44.38295579819842],[11.102970295044013,44.38300582052971],[11.103079957753874,44.383307632180404],[11.10311067260478,44.38337628145731],[11.103382249834013,44.38364192237707],[11.103457377062401,44.38372382016938],[11.1034930006134,44.383776615064825],[11.103615385603257,44.384039380858525],[11.103724712758407,44.384287176042555],[11.103768960464476,44.38436177057833],[11.10396048642824,44.38456079538984],[11.103979132682912,44.384621222224446],[11.103995070011555,44.38478185110212],[11.104020318666041,44.38482921298725],[11.104109029341387,44.38489622062166],[11.104248288275087,44.384939797775],[11.10435660833793,44.384907976100685],[11.104445118797738,44.38490409491592],[11.10483146425091,44.38493467759019],[11.105021730799923,44.38496717813056],[11.105118718204183,44.38500252361307],[11.105275320827237,44.38508066902906],[11.105378302319966,44.38515191120685],[11.105478471280964,44.38523220251643],[11.105637730954728,44.38534068365081],[11.105747399856327,44.3853957574386],[11.106104746500094,44.3855397697503],[11.106411573235535,44.385715849052545],[11.10664003190646,44.385872555560326],[11.10691763275481,44.386042995947946],[11.107304741322766,44.38633461187014],[11.107394419165574,44.38645056958682],[11.107534370598703,44.38661115769605],[11.107856132386143,44.38691861912964],[11.107881413357855,44.387054885384856],[11.108014563279038,44.38776925815474],[11.108191274251444,44.38928126275063],[11.108237818091599,44.38968158587908],[11.108334996641105,44.3903555624403],[11.108374411872576,44.39070986717066],[11.10850694353779,44.391013517794256],[11.1084744634254,44.391245361428325],[11.108541757872183,44.39143655068353],[11.108501383830799,44.39164549305057],[11.108436485136927,44.39184812093076],[11.108459128739831,44.392041829998576],[11.108447740830293,44.39209660597834],[11.108378252020723,44.39243327951342],[11.108347709120089,44.392522177624315],[11.108084452656456,44.39275210477149],[11.107895516373878,44.3928225402959],[11.107698706365785,44.39300173634282],[11.107716340325274,44.393055984578126],[11.10785457461882,44.393212677719674],[11.10788956513617,44.39331273737808],[11.107779083008067,44.39342619421317],[11.107669146572889,44.39359926787601],[11.107632035797986,44.393723742553775],[11.107399134420112,44.39385970420148],[11.107233864664861,44.394283627743576],[11.106942736148351,44.39459060078735],[11.106848245517497,44.394712740934075],[11.106613958705422,44.394787975085855],[11.106482524367696,44.39499632808037],[11.106140547486179,44.39506678162649],[11.10587011284857,44.394965994037754],[11.105174418148769,44.39513017796011],[11.10509179228562,44.39507992843074],[11.104962312938442,44.395167275505806],[11.10458400799089,44.39518776449785],[11.104472419464463,44.39509641698978],[11.104211501703936,44.39508603299576],[11.104125752002302,44.39505835441008],[11.103991245879282,44.39513679477808],[11.1037997059409,44.3952224816261],[11.103698198612726,44.39523727725137],[11.10363251685721,44.39524355780688],[11.103545485669262,44.395267673597814],[11.103475976123176,44.39525543931518],[11.10337528140571,44.395292178283626],[11.10330764343039,44.39528837200167],[11.103248506082057,44.3953237744984],[11.103150468136855,44.395325580479636],[11.103097889965182,44.39534738315892],[11.102935180882337,44.39551580118602],[11.102742447076393,44.39563357062993],[11.102615337227434,44.395678115550936],[11.102553821203319,44.39569161999667],[11.102208532764946,44.395823444950224],[11.102071908377717,44.395777581511574],[11.101973361131472,44.395786715992266],[11.101877585431543,44.39578565776996],[11.101690102461914,44.39583186496107],[11.101554841799866,44.39589007366392],[11.101473086963129,44.39590789596148],[11.101126182060373,44.395994740857844],[11.101015062537,44.39606935688797],[11.100918843801407,44.396055934439104],[11.100847164891341,44.39607076832263],[11.100692945484118,44.396190628157775],[11.100459944048021,44.39625907755513],[11.10009003306538,44.39638290449913],[11.099834355363283,44.396584538625625],[11.09937102854296,44.39670727962365],[11.099276455572204,44.396652195030164],[11.099079031417299,44.396837562408656],[11.099027724670226,44.39691728870929],[11.09898888508466,44.39708172759279],[11.098947667976171,44.397136508111416],[11.098881086873348,44.39727164255744],[11.098798568643177,44.397355870417385],[11.098742786321925,44.39746436790559],[11.098729877882834,44.39756363268646],[11.098698286716717,44.39762443005469],[11.098621034612476,44.397812087145375],[11.098579875315917,44.397868542774134],[11.098518202567735,44.397920877660376],[11.098415777670683,44.39793177645714],[11.098208455988827,44.397884367389054],[11.098091740645721,44.39793433934943],[11.098001375248408,44.39801928160308],[11.097898542710857,44.39808419128953],[11.09785698545577,44.398128836065624],[11.09783392796194,44.39823055501052],[11.097769930118927,44.3982840557545],[11.097687179642405,44.39831876387177],[11.097588392891419,44.398343644764665],[11.09745870143709,44.39840399426328],[11.097404823091447,44.39841116082996],[11.097237683115049,44.39839004167637],[11.097083089459899,44.39841201933873],[11.097023659275415,44.3984401209498],[11.096903661555192,44.398486778651666],[11.09682925825636,44.39849094767935],[11.096689916282132,44.39854470797694],[11.096612097074988,44.398584965874086],[11.096392135472833,44.398689156859845],[11.096293098621276,44.39868478140497],[11.096190584771032,44.398758698143624],[11.096124315700488,44.39894670463998],[11.096047390866334,44.39905671429105],[11.095846848555771,44.39913298400844],[11.09566390307228,44.39928432115231],[11.095469102867929,44.39927945201567],[11.095288842085791,44.3993086467814],[11.094981362265264,44.39945608332311],[11.094818735401892,44.399638564875914],[11.094761689651289,44.399777468725084],[11.094678785439921,44.3998735185621],[11.09440629801108,44.39995672968007],[11.094346640618813,44.40006640250627],[11.094221372871479,44.40018461601747],[11.094156978571613,44.400271882277465],[11.093945657077915,44.400353969467865],[11.093790901628426,44.40039394031484],[11.093656777715195,44.4004622414631],[11.093597960545607,44.40059555318677],[11.093244139599859,44.400819787307874],[11.093141457174111,44.40088918770383],[11.0929713162278,44.40093843774044],[11.09259929846237,44.401114069931204],[11.092529556555439,44.40118341969151],[11.09244754945707,44.401304784261136],[11.092256384134116,44.40142363251338],[11.09211391697239,44.40154439065554],[11.091825735191088,44.40162845485557],[11.091598196141291,44.401674254882806],[11.091531702433683,44.40179081791187],[11.091356230033934,44.40186662045566],[11.090466157404023,44.402261590533186],[11.090268371721118,44.4024373981557],[11.090336926349083,44.40268764896632],[11.090198175035324,44.40289049476157],[11.090060841012948,44.403001052570865],[11.09000236925635,44.403078638125294],[11.08997422252867,44.40319169480006],[11.08953977227504,44.40335605223179],[11.089415821707172,44.40338028013619],[11.088951561078623,44.40350129881967],[11.088602532414662,44.40366241252546],[11.08844281251179,44.40376210376012],[11.088504471483166,44.40395222913972],[11.088717292080881,44.40435233735509],[11.088868917206087,44.404753564778474],[11.089050568683527,44.40498317978834],[11.08929789081212,44.405117636626606],[11.089580864424635,44.405261561313566],[11.08977586709476,44.40540372129508],[11.090499568623873,44.40586649131392],[11.09100763242205,44.40615933999434],[11.091251330248436,44.40623589033753],[11.091794313820197,44.40640712884115],[11.09213583771355,44.40671764492369],[11.092433050312398,44.406952456939706],[11.092811946723108,44.407122198113],[11.093127183927189,44.40728971197894],[11.093823272262014,44.407835676865254],[11.094024821068276,44.40800630573683],[11.094093972164687,44.408073816485164],[11.094480127017508,44.408446525956755],[11.094683527918898,44.408581222181134],[11.095137666328865,44.408791760095845],[11.095543420267422,44.40905326104978],[11.095746499148646,44.40917951761293],[11.095894336870977,44.40934054634126],[11.09632266593041,44.409640458843214],[11.096682701317093,44.409655216498535],[11.096893247528122,44.40977008676361],[11.097375581699147,44.41030756489567],[11.097531717059939,44.4104155435113],[11.09760579138075,44.41046708444171],[11.097893290575755,44.4108455396836],[11.098132862969715,44.41095985627181],[11.09820725619252,44.411020383769646],[11.098687735273257,44.41133002232509],[11.09896188059676,44.41157648824706],[11.099263214713766,44.411727370397756],[11.09951286230197,44.41192533399409],[11.09995611634331,44.41231273931351],[11.100196832794678,44.412546320190664],[11.100514275029873,44.41277399032109],[11.100694302494695,44.412868580873614],[11.10090832848543,44.413036258027056],[11.101116254485147,44.41334020692063],[11.101314043118327,44.413536319226544],[11.101517436413477,44.413669859927516],[11.101866877009277,44.41391437913082],[11.102349901844184,44.41418400204272],[11.102754639940443,44.41456873043141],[11.103025856022908,44.41477641075212],[11.103223418380116,44.41494438766019],[11.103450973417182,44.415269358355424],[11.103681161391538,44.41551494359642],[11.1037362281463,44.415584268090164],[11.103762497724956,44.41576944892704],[11.103799463369512,44.416121568140426],[11.103825180081401,44.41614894417364],[11.103891758486942,44.4162211434919],[11.103961521276705,44.416393170152446],[11.104302432850409,44.41681505925282],[11.10433124169042,44.416917501356835],[11.104402789069296,44.417051790553195],[11.104251780957537,44.41728470940893],[11.104399929796024,44.417431635493834],[11.104427837550187,44.41766238198835],[11.104429745774162,44.41780300526194],[11.104618403439453,44.41802853881613],[11.10475961272493,44.418288134390856],[11.104952420722983,44.41860699493557],[11.104963989759643,44.4186669800955],[11.105443426196473,44.41936034698863],[11.105870187088879,44.41991907642061],[11.10618047630073,44.420230143812155],[11.106333691453067,44.420430442760185],[11.106536156577727,44.42064670208836],[11.106585428898011,44.420925433413956],[11.106920515013208,44.42131423425315],[11.10730785395517,44.4216936448969],[11.107464190891369,44.42191469982243],[11.107617427854917,44.42207166744031],[11.107826695653777,44.42234519561395],[11.107931616154241,44.4224462306075],[11.108056042178697,44.42256602620703],[11.108259846839093,44.42270968772074],[11.108562452938216,44.422980919226184],[11.108847075475513,44.42316696806327],[11.109141199231884,44.42342037807999],[11.109607237542258,44.42380393106497],[11.109973034211967,44.424062781866084],[11.11052195588187,44.42441387317582],[11.11096384426434,44.42467127901957],[11.111165213945851,44.42479132299493],[11.111484581507549,44.425004287181075],[11.11160405209094,44.42511686840578],[11.111876352144488,44.42511238548732],[11.112059847532228,44.425128129058855],[11.112318711663344,44.42540410374606],[11.112909887270753,44.42586073714684],[11.11321432676622,44.426028967295075],[11.113268520063556,44.42609492901267],[11.11336749637109,44.42613979845993],[11.1136754227977,44.4264047409881],[11.114061236417049,44.42689160924523],[11.114081474915789,44.426952003636224],[11.114393353499365,44.42673862042086],[11.114529079428186,44.42669165408498],[11.114812000404894,44.426415770906964],[11.115040479878415,44.42617635183019],[11.115123357199042,44.42599250720745],[11.115187091712142,44.425909187563946],[11.11521331319754,44.42587437175174],[11.115242292882353,44.42582825775329],[11.115256358515994,44.42563051383084],[11.115332596783817,44.42539389575255],[11.115376082720234,44.425336265865624],[11.115446697881437,44.425269688751555],[11.115482889334098,44.425184612394055],[11.11550090514393,44.42509706936719],[11.115363781332475,44.424886915791426],[11.115371230227215,44.42478887605301],[11.11553085854947,44.424664397079],[11.115714484633882,44.42461821894191],[11.115813235073055,44.42454941509575],[11.115909751473355,44.42459095822256],[11.116194589210629,44.424608173130046],[11.116392331830632,44.42460450770079],[11.116558086493177,44.42462844576619],[11.116767857691451,44.4246543880571],[11.117578822464733,44.42458645316492],[11.118216021404272,44.424554941235044],[11.118679636380838,44.424608232344035],[11.11890365349933,44.424571993833474],[11.119315179118798,44.424575049799316],[11.119581734299741,44.424520577579365],[11.119852666091402,44.42452174301901],[11.120027142000149,44.42449402763692],[11.120303571565607,44.42448468098862],[11.120628524277992,44.42450340670139],[11.120923821410825,44.424397197291434],[11.121189900320063,44.424893585890416],[11.12143308596985,44.42530036857605],[11.121370110337157,44.42549116719545],[11.12178153922291,44.42557805013388],[11.122193561827178,44.42565929746128],[11.122614505185174,44.425748803076225],[11.123018198143965,44.42583864591908],[11.12355519883435,44.425967069208504],[11.12369236089193,44.426046674773545],[11.123837194952436,44.42612217266374],[11.123993199866401,44.426180040517714],[11.124246660740223,44.426522501498255],[11.124488608148255,44.42680776051011],[11.124913176173582,44.427191470474376],[11.12539401489076,44.42756795274653],[11.125769416392485,44.42789462527188],[11.126007443586765,44.428114686211025],[11.126829475211713,44.42832948743823],[11.126760098913689,44.428515909521984],[11.126558696458439,44.42889497192135],[11.126425406798862,44.42898691256731],[11.126492269928193,44.429033494942665],[11.126214126729025,44.429548450338146],[11.126099759919283,44.42966422843577],[11.126221289194568,44.42983245469224],[11.12631224139522,44.43002319256779],[11.126320716057212,44.43010574431284],[11.1269899712354,44.43154046491533],[11.127282872140652,44.43214605932995],[11.127440091576844,44.43249703468789],[11.127450222696881,44.432625133386615],[11.127530291488531,44.432926917767176],[11.127549042088223,44.433032342790206],[11.12752904655011,44.43319533375027],[11.127380068236628,44.43346143231458],[11.127048414800658,44.43401676876324],[11.126997161374323,44.43411901832701],[11.127634474400763,44.43434740073495],[11.127662921258391,44.43441719061921],[11.127731125793282,44.434586981460704],[11.127795890431198,44.43487891014993],[11.127825498692799,44.43493745018677],[11.127895971777846,44.43521295503563],[11.12793477711257,44.43537315304824],[11.127952125005661,44.435505063013764],[11.127969619225647,44.43566228400854],[11.127952257225415,44.43589779386731],[11.127926470285248,44.436247128690184],[11.127886690368378,44.436752574325666],[11.127855712688193,44.43693770948722],[11.127833736987135,44.437046163019296],[11.127590390211735,44.43717841390159],[11.127451695056957,44.43751183822498],[11.12731658692896,44.43774843645244],[11.126917836079835,44.438338209897516],[11.126747245168069,44.43857152257361],[11.126764388712479,44.43874112260482],[11.126725759218179,44.438802057561205],[11.126697992533868,44.438880786522574],[11.126436815757156,44.43969138262248],[11.126343182911992,44.43994575445128],[11.126261382613908,44.44011551917321],[11.126158356770032,44.44052311498183],[11.126120831667123,44.44070105232373],[11.126120246392455,44.44081472929328],[11.126132374251453,44.44086738159524],[11.126292365146154,44.441185691529284],[11.126374448565333,44.4414137257471],[11.126386806711404,44.44162449322478],[11.126370385134333,44.4416698232861],[11.126300178620728,44.44181236131551],[11.126286166477277,44.4419673477588],[11.12626026804328,44.442033098628585],[11.126169903242351,44.44214000307301],[11.126095062939084,44.44224210169586],[11.126081803659678,44.442309312354254],[11.126040250837999,44.442701142782234],[11.125995598796681,44.44305082722368],[11.12593322922641,44.44317183139722],[11.125791582074736,44.44340178298004],[11.125742659390392,44.44356923896076],[11.125554004385528,44.44406283476016],[11.125480595707279,44.44437759906573],[11.125399549143186,44.444784784742424],[11.125348586028217,44.44480881634568],[11.125265710646081,44.44486268538118],[11.125170813794616,44.44495335600604],[11.12512857477056,44.445022784963655],[11.125117352175199,44.44510288271507],[11.125158534473691,44.445242792869166],[11.125495858247973,44.446010734460515],[11.125579457945644,44.4461712234882],[11.12568793607221,44.44630368485214],[11.125809961750457,44.44642013107141],[11.125942471294223,44.44660839883237],[11.126167485704721,44.44696487821658],[11.126285546735161,44.447123029713126],[11.126628109052609,44.44751557752147],[11.127012184722037,44.44781789400479],[11.127325483024537,44.44805288444096],[11.12757771682561,44.44842347590281],[11.127903079127277,44.44905490120725],[11.128214115424184,44.44966015262955],[11.128360400752957,44.449902752870415],[11.128376091843185,44.45003188002925],[11.128430672805775,44.450300969580105],[11.128441983995549,44.450481941923236],[11.128401710793108,44.451146639545435],[11.128201527998975,44.45121451534759],[11.12711022295641,44.45148973042688],[11.126648162461807,44.44968882617502],[11.123994246913918,44.45023786556743],[11.123912728410758,44.4502427743266],[11.12295136369486,44.45044014208925],[11.121916578754897,44.450671501032524],[11.121931518182187,44.45082314701663],[11.122164282982055,44.45135108719498],[11.122364777046712,44.451876271472074],[11.121618266470534,44.45208595189439],[11.121425041713417,44.452129496330436],[11.120965344701954,44.452125094194315],[11.120583067617023,44.45215468941478],[11.119774700917711,44.45226142684509],[11.119754175668062,44.45234507091096],[11.120358167503744,44.45234287026899],[11.120343692526804,44.45337505807642],[11.120364447943494,44.45360141464508],[11.120375775001149,44.454174567826215],[11.120396934583935,44.45488987496099],[11.120402456857004,44.45543275094846],[11.120151225637452,44.4556754237222],[11.119975627909238,44.45625033289345],[11.119332795156016,44.456200393431295],[11.11903854786211,44.45618784183754],[11.118275567154457,44.45629203011308],[11.118003529507174,44.45632913927669],[11.11701265901651,44.45647412713523],[11.115858989056859,44.45663617230146],[11.115762844928987,44.45664977278435],[11.115090393042928,44.45674880951366],[11.114893754944633,44.456777715561984],[11.11486034125164,44.456983707751476],[11.114548245171942,44.457765852035415],[11.114881639173902,44.45909609896032],[11.115022729813074,44.45938166216559],[11.115260930792731,44.45986376445203],[11.115767933161239,44.46092568052973],[11.116427934571954,44.46196677248174],[11.11748114165192,44.4640287413956],[11.117591518499808,44.46423080408172],[11.117915374637862,44.46460458613476],[11.118020236649809,44.46481026352631],[11.118239996313056,44.46571601037065],[11.118218017048955,44.465846401120714],[11.118245794057554,44.46678777345913],[11.118530661157308,44.466753988920466],[11.12001701520487,44.4665770502072],[11.121643918496085,44.46634614358666],[11.121708621032402,44.466007336438516],[11.121694216582181,44.46576117102681],[11.122185189141165,44.465736853697415],[11.122735652378614,44.46566549932993],[11.12297936907356,44.465632862209546],[11.123304053190688,44.46558851604258],[11.123995975359538,44.46549161107421],[11.124570490360599,44.465382729274474],[11.125424780496248,44.46522081792269],[11.125699723924383,44.46533652806928],[11.126126361001036,44.46551607547541],[11.126415772887187,44.46563787031164],[11.12691085820304,44.465642480578694],[11.127362082097672,44.46564668075092],[11.127495197434508,44.46553131241349],[11.127691152254247,44.46536148073515],[11.127939698168689,44.46532589187744],[11.128490121115602,44.46542365585892],[11.128769509162177,44.465476574086125],[11.129155474071677,44.46554967669008],[11.129287788613935,44.4657098067374],[11.12960218651988,44.46571295781066],[11.129787219751021,44.46604083239972],[11.129874305531164,44.4661951426312],[11.129835128458938,44.46639615360075],[11.129777101470937,44.466693899435235],[11.129755399896165,44.46681705536403],[11.129746821564295,44.466911762085296],[11.129730280282285,44.467160531992455],[11.129798359769735,44.46744918408619],[11.129820196080301,44.46754260139622],[11.129873869500008,44.467696287140626],[11.129879393891347,44.46754704805333],[11.129916784203497,44.467430435131625],[11.130017550734282,44.4672625652779],[11.130109454823552,44.467153951355],[11.13023277844276,44.46708805923337],[11.130444954527098,44.46700308702703],[11.130518913416685,44.46698369347077],[11.130627867080975,44.466955221206085],[11.130786811032692,44.466939883371296],[11.131084822247676,44.46692418035918],[11.131293221229114,44.46692930624347],[11.131725948772655,44.466976394447336],[11.13201338468442,44.46691705798913],[11.133265435312085,44.46673387347562],[11.133377300984618,44.46669914855094],[11.133652807284248,44.466691179419364],[11.13414501190011,44.46672248515525],[11.134707904065472,44.46679579589085],[11.135414809095556,44.46689624142454],[11.135567248546128,44.46689676421934],[11.135790968680332,44.466847573113405],[11.136006184583303,44.466782176570355],[11.136122391384458,44.46703881848785],[11.13620874119936,44.46727295957083],[11.136363422215343,44.46778715728267],[11.136551082963672,44.467826402635886],[11.136771193659548,44.46886264219367],[11.136960385709168,44.46915957325725],[11.136106176712639,44.47135305678706],[11.135623975403638,44.47148979216559],[11.135246492972314,44.47156719137197],[11.135240472986824,44.471747344147566],[11.134894170425257,44.47199070244764],[11.134977140802821,44.472240100333785],[11.134245529832066,44.472562677225234],[11.134139115897513,44.472898325876116],[11.13403396439506,44.47311748279278],[11.133933446808502,44.47318407622255],[11.133806829165398,44.4732241287687],[11.133614330980336,44.47324686428238],[11.132988795191718,44.47309481125783],[11.13265849591011,44.47319551043396],[11.132367680421565,44.47338774912339],[11.132203465235566,44.47356130542557],[11.132224654037675,44.47394857133974],[11.132181410460523,44.474055724416615],[11.132107013974741,44.474170781120414],[11.132066230096568,44.4742373628473],[11.131937265698463,44.474407458806446],[11.132045225023841,44.47469632688512],[11.13212254048887,44.47507131648746],[11.132092521509872,44.475260913536175],[11.132037823479578,44.47529119539417],[11.13179332536686,44.47565530653309],[11.131773228909966,44.47581547764499],[11.13176820290719,44.47623813441864],[11.131709069046199,44.4763191270533],[11.131607014356328,44.4764088127542],[11.131512643116103,44.47644995585402],[11.131355067898971,44.4765035456401],[11.131122215113983,44.476539955396234],[11.130998579350983,44.47655465264982],[11.130910119256303,44.476585563253714],[11.130862310781154,44.47663258598338],[11.13083598153478,44.476707913593536],[11.130830090174655,44.47675051507937],[11.130940881948103,44.477085733504445],[11.131072318892384,44.47728527847934],[11.131216418563687,44.477594860149395],[11.13124337883329,44.47777441489276],[11.131263260020859,44.478061554483176],[11.131329004405982,44.47824825795947],[11.131373076997658,44.47870320324441],[11.131349135719413,44.478800980339834],[11.13124074785328,44.47893186201633],[11.131131849880301,44.47909256621837],[11.131087250480293,44.479313945166076],[11.131063785506498,44.479575472927095],[11.131059309377633,44.479798370645334],[11.131070973107706,44.48005360071032],[11.131077722546905,44.48019580987627],[11.131035170936183,44.4803440284971],[11.130989933336933,44.48052605618896],[11.131000622055058,44.48069015012845],[11.131064137755471,44.480815554980346],[11.131137145931657,44.4808997216152],[11.131236890784738,44.48100588395059],[11.131320164918433,44.48111237259009],[11.131436190152591,44.48127730244835],[11.13158037851186,44.48171911328017],[11.131701601129457,44.48196162316752],[11.13183016394699,44.48218933687695],[11.131918645197509,44.482353104256134],[11.131983767877893,44.48243629315233],[11.132114088886649,44.482561593140495],[11.132256755469077,44.48265963292011],[11.132497611153013,44.48275528482398],[11.13260489661248,44.48280955079032],[11.132678238598022,44.4829027091976],[11.132740519184873,44.48305909166527],[11.132806832586166,44.48317489234903],[11.133170312210652,44.48355183547166],[11.133347602776352,44.48369312460817],[11.133458723911103,44.483744498464944],[11.133582583965032,44.48377931688755],[11.133756999261301,44.48382050853757],[11.13463304081346,44.48389865943217],[11.13481773515588,44.48394133625215],[11.135168620614484,44.484079947964304],[11.13534521247688,44.48418072354362],[11.135473801170592,44.484280165913376],[11.13551693303704,44.48438513272522],[11.135587813092695,44.48447553276995],[11.13569244155883,44.4845641581081],[11.135864811877877,44.48474324012606],[11.135964172702845,44.48488148537981],[11.136089461085078,44.48514865720451],[11.136176037588886,44.48528094586156],[11.136282061776143,44.48538586088005],[11.136390566569865,44.48547328860152],[11.136588813033747,44.48554273750173],[11.136638352483029,44.48558681536321],[11.13665109276964,44.4856338496822],[11.136622904314093,44.48570189508912],[11.136613905985376,44.4857566373771],[11.136650113138474,44.48580096474691],[11.136720339263478,44.48587336206231],[11.136837379049565,44.48606472599973],[11.136903296346903,44.48625536862864],[11.136946977848424,44.48641827263612],[11.137160140808536,44.48659489387961],[11.137216339564215,44.48667037489107],[11.137488619261822,44.48691622626383],[11.13766663303476,44.48709855600043],[11.137912866479304,44.48744843764528],[11.137972244834119,44.4875030239727],[11.138031615145836,44.4875362238014],[11.138209812241536,44.48757341174286],[11.138325573074871,44.487622443267384],[11.138461927898971,44.48771834365972],[11.138559918100285,44.4877969690178],[11.138623213858788,44.48787344080416],[11.138658356897416,44.48795267079359],[11.13865756429126,44.48803876956286],[11.138632143232098,44.48807469987959],[11.138592015857,44.48815928573884],[11.138608692108498,44.48820679884938],[11.138691763148213,44.488242947436284],[11.13895434437389,44.48826616217633],[11.139078367963846,44.48832628599025],[11.139157594006134,44.4883861417481],[11.139663007396333,44.48885943123093],[11.14051022401641,44.48889924791456],[11.140745433446689,44.48894716265301],[11.140912227827899,44.48901605042358],[11.141114237654365,44.489123105780344],[11.14123884240188,44.48926369430922],[11.141338778295607,44.4894171158976],[11.141419958190546,44.48950842546902],[11.141533443875362,44.48962388887367],[11.14190416409009,44.48995958987765],[11.142124722970827,44.49020864923964],[11.142300500497758,44.490351078903764],[11.142574796525441,44.490586186829766],[11.1426841216954,44.49069555135744],[11.142845196036347,44.490929409374274],[11.142889522063623,44.491066431673296],[11.142880739126293,44.49112735695965],[11.142823600998426,44.491154341653726],[11.14277555624752,44.4912160119567],[11.142796946242706,44.491263437756984],[11.142813878995444,44.49133963403566],[11.1427436645539,44.49148274033968],[11.146195259983585,44.491977169132255],[11.14589300186816,44.492458309394976],[11.145791096959046,44.492723544841915],[11.145752048923075,44.493030372886345],[11.146077604195531,44.49309877440047],[11.14645257034938,44.49317756227687],[11.14689387225338,44.493270310478835],[11.147745389111263,44.4934493033382],[11.147852944192127,44.49347192901586],[11.147558406676511,44.494527948255985],[11.147288309143994,44.49547885700245],[11.147098686825544,44.49600908212457],[11.147699663014333,44.497111273071134],[11.14773357980357,44.49718339674878],[11.14852538524146,44.49859743960123],[11.148685702708104,44.49886725788939],[11.148729073106974,44.498940230519246],[11.148917305330036,44.49905654817874],[11.149023056027243,44.499131642336565],[11.149547690654396,44.49945935027644],[11.150237181067766,44.4998880470459],[11.15066106219897,44.5001698400358],[11.151065196150574,44.500469997906734],[11.151393405132382,44.50071531531152],[11.151730304673796,44.50087607941286],[11.152300143775589,44.501043145371305],[11.152955043339501,44.50121421030763],[11.153669692937497,44.50127838811138],[11.154381296213984,44.50132348120243],[11.155111554372475,44.50136370019413],[11.156175139589584,44.501424076348464],[11.157085811985334,44.50145244957822],[11.157440124985987,44.50144575436317],[11.157920113771727,44.50141418869445],[11.157987066143331,44.5014104411192],[11.15824173348749,44.50139625073618],[11.158536774548569,44.50139933582823],[11.158662470226464,44.50140063672891],[11.159315354574362,44.50238926132221],[11.16044946299044,44.504123300623924],[11.162556230753221,44.507388456408385],[11.165344577084005,44.50692768069901],[11.165622038295956,44.507562149664885],[11.165661249777022,44.50762329951566],[11.165673979055958,44.50764837241477],[11.1657455479396,44.50779965808362],[11.166426994928278,44.5092129001156],[11.166649648022355,44.509170968240156],[11.16677484361142,44.509147391934754],[11.168650053779333,44.50879427864255],[11.168807488596482,44.50876243637997],[11.169537415012506,44.508614802269854],[11.16979971697551,44.50852285310369],[11.169923954506425,44.508479299508686],[11.170058279750599,44.5084322077645],[11.17025729756488,44.50832617227791],[11.170996547001966,44.5079324216511],[11.171177350387563,44.507836086419694],[11.171357392629224,44.507740138984936],[11.17175614838631,44.50751829511201],[11.171791919150234,44.50749840580384],[11.172017834116597,44.507378764884855],[11.172160042717563,44.50729110085921],[11.172886129588196,44.50687780519902],[11.173381685374267,44.50660842681996],[11.173692286057396,44.506503468604755],[11.173923091689373,44.506451819150875],[11.174153794986994,44.50641816555117],[11.174811005071641,44.506330810727654],[11.176178479115753,44.50616635684952],[11.176300052105889,44.506264730577485],[11.17639388204442,44.50639854240799],[11.176744930624423,44.507160452506305],[11.176766424749426,44.50721446060586],[11.17679495534449,44.50728614524908],[11.176836548612997,44.50735763752227],[11.176882410715743,44.50743646651065],[11.176922673891093,44.50754598492905],[11.176935593119515,44.507892890883255],[11.17696960231924,44.50802502689436],[11.177059699387623,44.508142597537265],[11.177410070602981,44.50906317533017],[11.177938172731016,44.50971029287644],[11.178026159682142,44.50996124023052],[11.17826649677174,44.51073481269806],[11.178603867353223,44.511094094034185],[11.178780156111742,44.51133043150133],[11.178839011463248,44.51147503479836],[11.178827708814532,44.511783575383824],[11.178841035298483,44.51190880440078],[11.178879845618194,44.5120008937764],[11.179087952292347,44.512204542761275],[11.179182037337164,44.51232373161029],[11.179404296148062,44.512801122250366],[11.179483529112305,44.51300831099446],[11.179626362603422,44.51337976718548],[11.17963166394339,44.513437613761646],[11.179503702308551,44.513738830746036],[11.179488165107436,44.513849399940774],[11.179494735497036,44.51425776732812],[11.179447553383888,44.514426335674735],[11.179435706640534,44.514635878938776],[11.17941439522219,44.51472343522713],[11.1793533610948,44.514751873697094],[11.179053737801974,44.51500622899175],[11.17932157158982,44.514917857876306],[11.179428022638913,44.515080649346025],[11.179304020833152,44.51512307983287],[11.179287053952407,44.51516539443682],[11.179394844268678,44.515326232913836],[11.179240792152182,44.51538466021405],[11.179195048000539,44.51556321904459],[11.179101233517004,44.51564152449149],[11.17903333822968,44.51580261435138],[11.179022940555686,44.516177547669976],[11.178976495622894,44.51659817466619],[11.178894223180833,44.516775284335395],[11.178844802354009,44.51705250844144],[11.179052233731205,44.5171954001469],[11.17912862670101,44.51726145946299],[11.179220897553025,44.5173953029907],[11.179434074612399,44.517586464135825],[11.179626258297198,44.51774258887172],[11.179746372159771,44.51788434477779],[11.179827106701818,44.5180245856346],[11.179891627015964,44.5182157809056],[11.180099731292387,44.51900853088631],[11.18016735341618,44.519156063690474],[11.180276041472402,44.51939171614603],[11.18044759911071,44.51985880759944],[11.180618569024357,44.52054142066335],[11.180674548765836,44.520714213455825],[11.180781836959692,44.52095466707228],[11.180916566247944,44.52119291917162],[11.181124851606537,44.521590113197966],[11.181130427273875,44.52165527437693],[11.181165364799678,44.52189598546875],[11.181149169463152,44.522157364806255],[11.18104551473214,44.522329832167294],[11.180891846055108,44.52242729574746],[11.180700313660772,44.52260536936216],[11.180541768143643,44.522782831491284],[11.180485736824137,44.52286211149323],[11.180376588671079,44.523077439035106],[11.1795786548398,44.52405758623611],[11.178408769878292,44.52546068842521],[11.178546537139955,44.525912396231085],[11.178605897691536,44.52610678014271],[11.178777575339637,44.526639727768334],[11.17896929920136,44.527183521364755],[11.179120383133373,44.52747998253023],[11.179530881255271,44.52813156730352],[11.179879996433762,44.52869825820149],[11.180124931323773,44.5291065525181],[11.18052614778478,44.529740888140445],[11.180798282448892,44.53016162328534],[11.181037757453794,44.53055034836142],[11.18130623889928,44.53108422770795],[11.181325810183145,44.53112435533807],[11.181900570555861,44.53229663562875],[11.182081955478795,44.53262514683694],[11.182231386030958,44.532877165319896],[11.182280861383472,44.53295892779812],[11.182400368351004,44.533168208589686],[11.182477553604166,44.53336028604752],[11.182633968435319,44.53365155120392],[11.182985207796166,44.53423056277385],[11.183212174889825,44.534536241425506],[11.183401968126889,44.53477343700961],[11.182774290442453,44.534880519642144],[11.182523308062185,44.53492134462454],[11.182423993736036,44.53493729266025],[11.182255876970329,44.53496414265509],[11.181416618865072,44.535093275339236],[11.181044472619615,44.535154409245166],[11.180259466049304,44.53528359522829],[11.178877917754438,44.535510808975495],[11.178206012108486,44.535613660168266],[11.178452653830858,44.536488416346714],[11.178706460091737,44.537386647915255]]]}}]}
