{"type":"FeatureCollection","metadata":{"code":"038001","referenceDate":"2026-01-01","sourceDbfExportDate":"2026-02-18","upstreamArchiveUrl":"https://www.istat.it/storage/cartografia/confini_amministrativi/non_generalizzati/2026/Limiti01012026.zip","sourceManifestSha256":"70ac8256c4785dc6ed2814c32b6965ae76f9161b51abaa1660059e1c6cbd8ca6","license":"https://creativecommons.org/licenses/by/4.0/","attribution":"Istat, Confini delle unità amministrative a fini statistici al 1° gennaio 2026, versione non generalizzata.","modifications":["Converted from WGS 84 / UTM zone 32N (EPSG:32632) to RFC 7946 WGS 84 geographic coordinates.","Converted from shapefile to per-municipality GeoJSON without geometry simplification."]},"features":[{"type":"Feature","id":"038001","properties":{"code":"038001","name":"Argenta","alternativeName":null,"regionCode":"08","regionName":"Emilia-Romagna","territorialUnitCode":"038","territorialUnitName":"Ferrara"},"geometry":{"type":"Polygon","coordinates":[[[11.712608079300036,44.72817546946234],[11.712172890307722,44.728320841109024],[11.711514385160434,44.7282644771876],[11.711120819170944,44.72821980770936],[11.710752072185656,44.728165552299885],[11.710434199872113,44.72811908247241],[11.710117589699847,44.7280996110417],[11.70958191179765,44.72798629924745],[11.70905712546324,44.727818707481795],[11.708658103684071,44.72765714324425],[11.708325109413387,44.72755701023352],[11.707846190344469,44.727577389641176],[11.707423206501177,44.72771345761591],[11.707151934259873,44.72783690865419],[11.707007998779693,44.728023849999815],[11.706536493597088,44.72777218097054],[11.706453459613572,44.727716425039695],[11.706283082331325,44.72764161293719],[11.705994783904298,44.727475516868736],[11.705668445240896,44.72723795734487],[11.705176610761578,44.726814979151555],[11.705106486985931,44.726786959121775],[11.705051144699507,44.726789192741684],[11.704930342045596,44.72681852988132],[11.704833672713212,44.726839073153364],[11.70477595892355,44.72683703006271],[11.704681885179808,44.72680957649612],[11.704051499801317,44.72660019838045],[11.704009995191957,44.726586396490994],[11.703929640865832,44.726559723612716],[11.703881208838613,44.72653430456004],[11.703757592513336,44.72646948054138],[11.703459785472445,44.72631326181749],[11.70339752602689,44.72627694250488],[11.70325184404005,44.726204157810635],[11.702864655501909,44.72596620769494],[11.702825311953761,44.72594660085014],[11.702782509352875,44.72592844965652],[11.703040681194278,44.72573921482632],[11.703082962347649,44.72563961259051],[11.702358276307198,44.72538312534805],[11.702307127216272,44.72530965110988],[11.70127123299246,44.72499931924134],[11.701704363259097,44.72454151921133],[11.701969151585885,44.7238302720663],[11.70237715895291,44.723508070159546],[11.70353618453208,44.72284171997501],[11.705099662665262,44.72153716388959],[11.70445744080971,44.72092537123865],[11.702601659314505,44.71959643246928],[11.701295204156715,44.71924101903645],[11.70106891255302,44.71908857267323],[11.69994963748461,44.718486890168194],[11.699541746996875,44.718296776452334],[11.699378664906394,44.718258121683625],[11.699165889309118,44.71823772470124],[11.699150683848579,44.71744524955577],[11.698868151748364,44.716217862206015],[11.698891552913514,44.716168375181425],[11.698954824354571,44.71610388101039],[11.699033353368533,44.71605615457331],[11.699195710036806,44.715858307771015],[11.699470819620663,44.715649794325024],[11.699981643878132,44.7153753058115],[11.700385728755203,44.71517533454246],[11.700863837526388,44.71498753020569],[11.701227826940304,44.71491389022034],[11.701371838377138,44.714897318358176],[11.70144333090143,44.7148903894455],[11.701819527272713,44.71485681577965],[11.702564225701702,44.71485268005672],[11.703221148248515,44.71487374995909],[11.704164899401606,44.71502811597656],[11.706047174755755,44.71564702163987],[11.706841970281017,44.715933095007586],[11.707338805759475,44.715962621971464],[11.707847616003132,44.71588602750501],[11.708538334762551,44.715402980571476],[11.70912180486406,44.7145135600415],[11.709135159864596,44.714261168725486],[11.70914820895177,44.713906612522784],[11.708959721930622,44.713481917201236],[11.708273467114669,44.71206437565167],[11.708152818633426,44.711665676238695],[11.706409556870057,44.70937107426706],[11.706272686619197,44.70913993953336],[11.705999801396823,44.708507827659965],[11.705962861702007,44.708388407939886],[11.705934679451472,44.70829338557989],[11.705811165994637,44.70692394414362],[11.705714903669106,44.70633637113565],[11.705622515263645,44.70589654606766],[11.705496947597588,44.70479546907834],[11.704933421897488,44.70429387594351],[11.704169937773488,44.70369355858058],[11.702531218562145,44.70296223483939],[11.701052703515757,44.7025211482426],[11.698572590430581,44.70211558388845],[11.697501797910112,44.7019977057652],[11.696465956559333,44.701883665758544],[11.69538889374752,44.70180848412293],[11.693984608130354,44.70117214744445],[11.693795073600233,44.701086259148234],[11.692715352787696,44.6999985378705],[11.691906892329904,44.69903908958461],[11.691639991911144,44.69800223112351],[11.69164702389695,44.69797662390455],[11.691613436148668,44.697755035227075],[11.69155161426551,44.69761021867434],[11.691443778060659,44.697388830817076],[11.691150936505506,44.69679142640963],[11.691121014387315,44.696722056364244],[11.691015278801057,44.69645676117871],[11.690974184127139,44.69638993841663],[11.690744740220355,44.69584850502021],[11.690542845683902,44.69538890603621],[11.69041826789599,44.695073151894576],[11.690359929532898,44.694927715080205],[11.689965970700351,44.694015050559535],[11.68980988242671,44.6936429683551],[11.689768435550507,44.69354628831965],[11.68958978705419,44.69307483813187],[11.689508728948928,44.692726492500896],[11.68948754495399,44.69261176414532],[11.689490655772042,44.69254165117379],[11.689503004556581,44.69246676623551],[11.689534148367171,44.69238693901437],[11.689607015604546,44.692215736430356],[11.689693556605159,44.69203178386343],[11.690297773869606,44.69085154745039],[11.690634904902492,44.690313008714995],[11.690688749685922,44.690228857783055],[11.691024325134977,44.689746391140524],[11.69138414401467,44.6892735657644],[11.691562885466979,44.68902980550213],[11.691641081547642,44.688939835954166],[11.691686728908543,44.6888992311497],[11.69184342470131,44.68879496430226],[11.692519790430081,44.688316919082325],[11.693198847553939,44.687829714885055],[11.693600106848775,44.68753442640018],[11.693720526525698,44.68743326192299],[11.693797667563567,44.687354616370435],[11.694086565397312,44.6868902233538],[11.694300226495168,44.686545063366815],[11.694558353138028,44.686134509150314],[11.69486056087292,44.68575339073593],[11.695530446385712,44.68489808499053],[11.696203911453024,44.68401896327339],[11.6962655718346,44.68394156577476],[11.696313515688251,44.68380806045492],[11.696381401757977,44.68363990039002],[11.696529501433332,44.68333033718478],[11.697543758010092,44.681735488643625],[11.697875706858056,44.68080041762332],[11.69806427490534,44.68000376278876],[11.698065594734983,44.67976066469666],[11.698032420490698,44.67853715440631],[11.697655979254518,44.67715522377832],[11.697426542323297,44.67636748989707],[11.697319190343158,44.67614613421071],[11.697222412275009,44.67594663369913],[11.6971078091855,44.67571042430693],[11.697081642047332,44.67562763445282],[11.696975465278873,44.67529185280978],[11.696867670188745,44.675050319439514],[11.696755546104743,44.67485298790278],[11.696563951713122,44.674545671220756],[11.696250469904884,44.67454703723673],[11.695918002833109,44.67454851328447],[11.695530592864456,44.67459381752625],[11.695061639248351,44.67458793065921],[11.69429761541749,44.67457095869914],[11.693469757495011,44.67454418667412],[11.692617891652858,44.674511190922054],[11.691968306247926,44.67451317545794],[11.691970083541051,44.674917399711184],[11.69198227586325,44.675283168839336],[11.69200244511217,44.67578659955664],[11.692019117162765,44.676215573554536],[11.692027443279233,44.67663454926999],[11.692036109933179,44.67688967209793],[11.692044807975646,44.67697421921736],[11.692064841651492,44.6770652839873],[11.69211852371816,44.67723234296197],[11.692198487282935,44.677489194875115],[11.692270058564953,44.677701037781816],[11.692320762939259,44.677803785944555],[11.692377898178,44.6779097942467],[11.69252097229675,44.678126717143],[11.692652247622355,44.67832702989313],[11.692730553470183,44.67844490858983],[11.69277580405214,44.67853312945323],[11.692818769334979,44.678640559340856],[11.692844291183594,44.678712301526154],[11.692865108358808,44.67882025398834],[11.692873122835985,44.678925133568995],[11.692856258464337,44.67903851141517],[11.692821207716442,44.67917152750607],[11.69255228189397,44.679963137924325],[11.69251801983766,44.680078049655584],[11.692506250404227,44.680166453649484],[11.692508435864951,44.68028166677527],[11.692511197488829,44.680409256185925],[11.69254236314801,44.68080848184329],[11.692551674555665,44.6810094034702],[11.692550696977511,44.6812274939816],[11.69252074400942,44.68164056853736],[11.69251215619638,44.6818656227155],[11.692510261023129,44.68206339953497],[11.692503665703677,44.68229743960729],[11.692510042982223,44.682414417281166],[11.69249737940304,44.68277286206153],[11.692493694500998,44.68303402941672],[11.692485450194592,44.68319626094825],[11.69246564643587,44.683313744653056],[11.692393234525683,44.683486506723284],[11.69232563209162,44.68362762830551],[11.692235870649494,44.68380078065609],[11.69160305555271,44.68481496400684],[11.691085605036198,44.685358283831164],[11.690193768768015,44.68629753689665],[11.689578829802615,44.68660909689838],[11.688379987443753,44.68657432663118],[11.688333940114179,44.686669934616],[11.688313739588525,44.686710915421024],[11.688065201982052,44.68720290301876],[11.687352660101794,44.68867802512823],[11.68727629299349,44.688809376360894],[11.68722250668649,44.688933872632546],[11.686925599829909,44.6895039220632],[11.686811622566134,44.69000954231616],[11.686495973045664,44.69198395991449],[11.686356901078408,44.692540861299065],[11.68600086613466,44.69396707673445],[11.685954538792611,44.69419322172064],[11.685724629082042,44.69538602504483],[11.685709394152903,44.69545928503542],[11.685546460960822,44.69633633255238],[11.685503804721343,44.69653988966985],[11.685490700027108,44.69658071104987],[11.685474087145638,44.69663060376697],[11.682496377022991,44.696547588087796],[11.679717759097114,44.696458439035794],[11.679108882615353,44.69680127185223],[11.678362021818812,44.6971916310551],[11.678047763357112,44.69735493090335],[11.677710206864557,44.69755833258805],[11.67742332444408,44.69771495234853],[11.67723979104579,44.69781680407648],[11.67691753772861,44.697998495477975],[11.67673849243739,44.698097918531964],[11.676653914024275,44.69815563630919],[11.677155201661902,44.69847129238054],[11.677410470343753,44.69863016202542],[11.677460690394197,44.698664824653726],[11.677279084315424,44.698780477637804],[11.677400915684018,44.69886635418181],[11.676572320754792,44.699446072782976],[11.674967435939253,44.70053833669222],[11.673146935439409,44.701826758634226],[11.669555610499602,44.70440238963905],[11.669252310047854,44.704502441414185],[11.66932632258294,44.704560110995295],[11.66958178414745,44.70475452103663],[11.669649400801449,44.704804304578076],[11.66977878920777,44.704995984586745],[11.669847718172548,44.70511419066067],[11.66995880412182,44.70530471331903],[11.670001229870381,44.70538852945902],[11.670130464000627,44.70559559665941],[11.668713004859635,44.70607432548975],[11.667387857860962,44.706152869430596],[11.66716807411528,44.70611772177285],[11.66679077663707,44.70598081702396],[11.666400197052921,44.70579163991751],[11.666202345167903,44.705687394102966],[11.666104983019208,44.70563611225674],[11.665953699175228,44.70544254225465],[11.665679398042684,44.705034737431426],[11.665641855253783,44.70501826602685],[11.66542066551598,44.70482175581101],[11.66515676064803,44.70472522728365],[11.66506850146189,44.70468693111111],[11.664830552874799,44.70458365703574],[11.664258016801153,44.70388915670738],[11.664139726816318,44.70374455522326],[11.664042149003052,44.70303048523908],[11.664018572647619,44.70279447713358],[11.664042238975975,44.7019204995276],[11.663694644210613,44.70157378416439],[11.663645790663406,44.701564296291394],[11.663622639359156,44.70153468346891],[11.663547807725681,44.70146937732721],[11.6634893330029,44.70143613634035],[11.663102799525136,44.701373696489284],[11.662620500178324,44.701322707972],[11.66254586717616,44.70130177150974],[11.6624838709055,44.7012638373497],[11.662148148230072,44.700986347826074],[11.66206606089144,44.70094886318114],[11.661876925103845,44.70089267403221],[11.660527830608862,44.70039211053803],[11.66047553245767,44.69952899113385],[11.659557407272825,44.69842222612988],[11.65934317866006,44.69835354707418],[11.6592655139968,44.698249365591245],[11.65889876427793,44.69782872819774],[11.658630390528868,44.697556902302395],[11.658397564141728,44.69739413063151],[11.658241501335416,44.697324313353754],[11.658133281607796,44.697275913392424],[11.657628630306734,44.697113552807274],[11.65746876365795,44.6970278205706],[11.657368375858802,44.69695342523701],[11.65718445820612,44.69681712948657],[11.657127348182172,44.69678186302857],[11.656879068945502,44.696550679490215],[11.656658607631591,44.69636357395283],[11.656357848274247,44.696162628885524],[11.655926064848272,44.695950242153636],[11.655793761096108,44.69588495848739],[11.655350368174604,44.69566620233067],[11.654888170535456,44.695440734066224],[11.654811277788802,44.695556193843736],[11.654735078772267,44.69566604700559],[11.65399538993828,44.69646666995785],[11.653241789380216,44.69726705781294],[11.653085383002612,44.697440235847125],[11.65259426812435,44.69796597150311],[11.65249912033088,44.69806783290577],[11.651584907425839,44.69905901723933],[11.651275950793611,44.699393956703915],[11.65122033323596,44.69945425695056],[11.648625502030457,44.698386722829156],[11.648476334566515,44.698548902165584],[11.64839267877538,44.6998683629618],[11.646716086535282,44.700423987535466],[11.64669010779,44.70048484412736],[11.646308540908642,44.70049369138695],[11.645299055920068,44.70039555877727],[11.644945268407733,44.70027375731922],[11.644920392676374,44.70030187542646],[11.642872476611505,44.700522730715036],[11.642022234308026,44.70120470078877],[11.640492032750897,44.70177551188907],[11.637840803288453,44.70182739172015],[11.635965725140583,44.70190332225303],[11.634076665730882,44.70212363975585],[11.633396111706721,44.70198281133054],[11.631197093425367,44.70119310724823],[11.630328999535077,44.70131671327782],[11.630033496774843,44.70097488180013],[11.629926489360075,44.70077533719203],[11.629523782453928,44.699990207331005],[11.629221545940732,44.69941815477028],[11.629141946486309,44.699245560991926],[11.629111877524814,44.69920637622294],[11.629003458927846,44.69905663057903],[11.628600411547332,44.69826285929519],[11.628367675175383,44.69783647481228],[11.62806704667942,44.6972303289931],[11.627862028224314,44.6968507787467],[11.627782488300326,44.69660218880258],[11.627409837649314,44.69553571953694],[11.627127037911034,44.69475642989292],[11.627081677079882,44.69469703891613],[11.62701165217771,44.69465978784808],[11.626959553704136,44.694639434635626],[11.626916116771357,44.69462312211818],[11.626675770580848,44.694594121131566],[11.625765610498783,44.69447690208859],[11.625661726344036,44.69444476019179],[11.625617315963996,44.694406936075296],[11.625571149328822,44.694330269615506],[11.62549983867524,44.694262848083085],[11.625403863411217,44.69421756249785],[11.625325954813365,44.69419343345108],[11.624896272857862,44.694129919152275],[11.624329681238569,44.69407331533824],[11.624238659363929,44.6940632398918],[11.623989364190988,44.69404321534659],[11.623645378128309,44.6940291651616],[11.622893382898726,44.69401188105137],[11.621919671180313,44.69399972086343],[11.619910036716968,44.69396285007716],[11.61943188705738,44.693954078774816],[11.619204135282889,44.69393943140869],[11.617630397750439,44.69391255690295],[11.61727163644847,44.69390780435142],[11.617211356303732,44.6938962441042],[11.617150518268346,44.69387171710204],[11.61712301510583,44.693829206963585],[11.617105101646848,44.693804488718825],[11.61685736677901,44.693462807407954],[11.616711090529874,44.69324923732391],[11.615618538357833,44.69165406537381],[11.614990327788089,44.690736790964536],[11.614566848788343,44.69012298271195],[11.61515985797041,44.68936402857635],[11.615789902169555,44.68878953224846],[11.616881204906598,44.68779426606634],[11.617851460916832,44.68680088097075],[11.617897462659558,44.686753700663246],[11.617942705970997,44.68670764141717],[11.618542303419341,44.686100286379535],[11.618800024032677,44.685850766037774],[11.618945457617054,44.68571150296306],[11.619742482121085,44.68494796344894],[11.620600725035562,44.68412573361993],[11.620711137998555,44.68401990577144],[11.621163060081933,44.683579708545516],[11.622982735008144,44.681807201169384],[11.62352255781828,44.681294631061846],[11.6252564372963,44.67964796246314],[11.625636494056327,44.67928712003624],[11.627787678683047,44.67728495300169],[11.628223419466826,44.676879461849886],[11.630794868122727,44.67433560508537],[11.631955488232252,44.673219573451604],[11.632459477089132,44.672945145764245],[11.632678870254828,44.67272508527609],[11.632902468889407,44.67250838603512],[11.633312523619132,44.67210900869034],[11.633842658089875,44.67159321607128],[11.635732135970661,44.66972156570396],[11.63608829073646,44.669369017107634],[11.636657167236484,44.66880392075418],[11.63731529705616,44.668156300742886],[11.637918231833043,44.66756115070445],[11.637956256900779,44.667495578351755],[11.638805020782335,44.66665336892377],[11.638908397464359,44.66656884319471],[11.638949887796983,44.66652831408736],[11.639540268070139,44.66595162945655],[11.639588607495318,44.66590385507279],[11.64009108057976,44.665407195062805],[11.64060940365034,44.66489389256659],[11.640658832164473,44.66484491681963],[11.64151544833712,44.663995777812424],[11.64253250809475,44.66299097245181],[11.64268722202095,44.66282143112861],[11.643053698654041,44.66245510716032],[11.643691495292348,44.66183098471417],[11.644215526764812,44.661341169908866],[11.644605442217161,44.66097035301159],[11.644641811039692,44.66088567868148],[11.64519494766808,44.66035973096228],[11.645851204381039,44.659727296772225],[11.646261395731951,44.65931717608351],[11.64667150710621,44.658905949365426],[11.647121502873706,44.65847015412164],[11.647219941201696,44.658363784003406],[11.648013324191588,44.657592554190586],[11.648436673631583,44.65717819435198],[11.648495320484587,44.65711606577565],[11.648567807349869,44.65702830319666],[11.649059069132175,44.65673782522877],[11.648809117779853,44.65646013021062],[11.648433022357235,44.65604229940396],[11.648413086763902,44.65602025165869],[11.648455486553367,44.6559990232687],[11.648531774353176,44.65596067458928],[11.648591156054849,44.6559317340495],[11.648847807405494,44.655803671625506],[11.648954184514182,44.65575057524617],[11.649194653322022,44.6556307781943],[11.649795125911856,44.65533269269068],[11.65007953999455,44.655191059129315],[11.650281374056398,44.6550879190826],[11.650550508074263,44.654957314155425],[11.650903018236598,44.654787658041734],[11.651098681455874,44.65468801685054],[11.651370702781234,44.65455116640206],[11.65106222540438,44.654226644510615],[11.651237876489683,44.65412720326021],[11.651527506405948,44.65394493884147],[11.651832416680168,44.653734166496996],[11.652305225724547,44.653316393182635],[11.652695749940762,44.65297873836865],[11.652774824972354,44.65290954572537],[11.65283976226112,44.65285271598924],[11.653205704895186,44.65256345486654],[11.653074340803718,44.65241403770552],[11.653003079492285,44.65232059794026],[11.653090579972263,44.65228650202477],[11.653183007658871,44.65225621922245],[11.653365200549088,44.652206961027034],[11.653494887461953,44.652164565092995],[11.653589591513278,44.652115109845965],[11.653699271898821,44.65201408922792],[11.654003802692745,44.651709366831405],[11.654245999831334,44.651489370438284],[11.654437730228308,44.651269423816046],[11.6547891260933,44.65091685287263],[11.6549141469662,44.65079142354859],[11.655781859377269,44.64992615375439],[11.655993831462155,44.64970066151954],[11.656066601679473,44.64963707681869],[11.656606755895282,44.649119873371816],[11.656649676842735,44.64908328257586],[11.656746197053115,44.649056275691365],[11.657065276739567,44.64874278012728],[11.657704323962836,44.64811855003715],[11.658091513864711,44.647743823066776],[11.65837014121598,44.64747682235915],[11.658562434455321,44.647269225718304],[11.65861529188723,44.64716337625305],[11.658638683278431,44.647021660920856],[11.658526192882098,44.64676804821651],[11.658418443004793,44.64647879987389],[11.658519500935393,44.64644879782684],[11.658605838031876,44.64642322388035],[11.658781353679558,44.64636623998547],[11.65929320243443,44.646235886795104],[11.659517980778753,44.64617072034739],[11.659733514377512,44.64607511768151],[11.65985565558744,44.646005880565916],[11.659936756426713,44.6459355148908],[11.659998914241822,44.64588156264665],[11.660558793408816,44.645319928301895],[11.661209302390695,44.6446717934255],[11.661453793352873,44.64443426887477],[11.661586438326351,44.644292058495466],[11.661695700220458,44.64417489952124],[11.662099761651225,44.64379074941931],[11.662882329936878,44.64303262863142],[11.663790650086705,44.64212977029903],[11.665451182930612,44.64049646470836],[11.666059198873537,44.63990386652182],[11.667424810321432,44.63856155073885],[11.66794415555038,44.63804642037074],[11.668488820237737,44.637534051681676],[11.669446261519123,44.636589493906484],[11.66959563505733,44.63642733325257],[11.669655530074678,44.636375858350966],[11.670071479581747,44.63597845884977],[11.671575647444552,44.6344995151567],[11.672062780971247,44.63402280552354],[11.672541479193784,44.63355132633804],[11.672800329723792,44.63330224192909],[11.672891577569828,44.63319601141559],[11.67302254122741,44.63299319954755],[11.673212162815233,44.63291899433235],[11.673345839498326,44.63284440142852],[11.673574475986241,44.6326409988222],[11.673760710413555,44.632475720327804],[11.673999813908107,44.63226133181101],[11.674050371101398,44.63228098864243],[11.674167494608357,44.63232606854176],[11.674538417956938,44.63247604350681],[11.675063513369574,44.6327574518649],[11.676196132261339,44.633381309024124],[11.676460569740335,44.63352815087596],[11.676852587022802,44.63374231641863],[11.676925935922148,44.63369277181442],[11.676969185071387,44.6336563222457],[11.67702437454824,44.6336055065757],[11.677204645025686,44.63344768129883],[11.677323198608912,44.633335736567965],[11.677428885075313,44.63325224578733],[11.677473193265667,44.633221947706694],[11.677525107821177,44.633185847376794],[11.677566152167785,44.63315309076467],[11.677957161179103,44.632848808058775],[11.678160376425362,44.63265836381637],[11.678647143505273,44.63226096795744],[11.67896618376735,44.63205373481259],[11.679519377645455,44.631815137868045],[11.679902800918889,44.631689098862516],[11.67994520077152,44.631685854443226],[11.68060178524724,44.631587727122806],[11.680664564194498,44.63159974802242],[11.680812198014394,44.63162273732376],[11.68105786797766,44.63165352679282],[11.68119742435256,44.6316384479686],[11.681522514100433,44.6315795929709],[11.681928225275076,44.63150986355082],[11.68200031432515,44.63151829084307],[11.68218800967195,44.6315729696043],[11.682507363551068,44.631715114720336],[11.682809690599692,44.6317097043155],[11.683029922236138,44.63170115299178],[11.68308494276393,44.63173249309232],[11.68318577367153,44.63178301688908],[11.683410596007144,44.63189137512478],[11.683573566651827,44.631973623844296],[11.683844075974754,44.63211580732574],[11.683960874182969,44.63217100707164],[11.684130475385357,44.63226041798516],[11.684331755946413,44.63216565842903],[11.684541932322341,44.63205831730778],[11.684696634902975,44.63197193833931],[11.684748977767551,44.63194128007733],[11.684790924353342,44.63191383984271],[11.685078498193054,44.63173343129546],[11.685513712084111,44.63146605371662],[11.685926900150323,44.631216652938015],[11.686334773680514,44.63097187423451],[11.687119204550854,44.63050327450348],[11.68757544409521,44.63023091438623],[11.688180516896335,44.62987176861682],[11.688204416205467,44.62984307056578],[11.688494980638701,44.62970287303976],[11.688637913792103,44.62962467183738],[11.688649127047547,44.62952650865861],[11.688651338168434,44.62942068497785],[11.688668818963304,44.62932180249024],[11.688838682962526,44.629263228220715],[11.689148496042469,44.62916477684881],[11.6895782499045,44.629035935538475],[11.689699658496664,44.629003243125645],[11.689818721754708,44.62897119731581],[11.690141376540009,44.628877492712775],[11.69031877176459,44.628828878987385],[11.690603389629892,44.628747333485734],[11.690714947355309,44.62871488213233],[11.690777642091312,44.62871621543335],[11.69087281845013,44.628746605021995],[11.69092045581527,44.62875447879607],[11.691293521460482,44.62888293212436],[11.691334386785229,44.628896913289076],[11.691457001794365,44.62892468200806],[11.691709593763516,44.62900255585285],[11.69182169308676,44.629041561391254],[11.692044219435841,44.62913421073246],[11.692286892826619,44.62923595388757],[11.692524742390324,44.62933611428249],[11.693098082649659,44.62958589858656],[11.693370143880593,44.62971001092465],[11.693527751424801,44.62977887653873],[11.693745439331163,44.62988570474584],[11.69387733035648,44.62994335944669],[11.693987605507399,44.62999365076916],[11.694015425501485,44.63010101443639],[11.694032855170333,44.630154051884894],[11.694083848508551,44.63035371537499],[11.694109510876062,44.63048251688202],[11.694140727111327,44.63069726885232],[11.69419715520724,44.63113310812524],[11.694220502459968,44.63121189035774],[11.69429622155976,44.63145204782973],[11.69436277998408,44.63168115684754],[11.694452649721624,44.632022252285125],[11.694498345039596,44.63219278201709],[11.694544055669997,44.63239707025108],[11.694782255158644,44.632385775485425],[11.694861821380968,44.63279298058746],[11.694960702291988,44.6333285363072],[11.695007031904328,44.63352941671297],[11.69511842575556,44.63406299961507],[11.695231113361997,44.634607778665995],[11.69534669865044,44.63516375558953],[11.695460555929785,44.63571639817777],[11.69555669606309,44.6363285307892],[11.69558597820618,44.63651858486902],[11.695644996757954,44.636823224446395],[11.695656353986491,44.63691634041196],[11.695706109269969,44.63720773840412],[11.695882643157136,44.63720806695128],[11.696074240574386,44.637208701044734],[11.69637099176777,44.63720329184479],[11.697095735483613,44.63718109555981],[11.697223153956323,44.6371758345717],[11.697677734356498,44.637156646035784],[11.697861326655826,44.637139363494185],[11.69828064117332,44.637107510765375],[11.698513962396133,44.63709187276281],[11.699043552713274,44.63707597527449],[11.69972078638381,44.63706613343487],[11.70037477694099,44.6370472860288],[11.701200516229681,44.63701142815106],[11.701571704386804,44.636995322224124],[11.702193336734316,44.636958665682464],[11.70226601658842,44.63694569814397],[11.702617904812799,44.63692104972896],[11.703462355362065,44.63686391709499],[11.70381349607664,44.63684040619058],[11.704186950400308,44.63682198926627],[11.704307063713179,44.63681182422115],[11.704437524627052,44.636804805933274],[11.704492277701604,44.63679561696518],[11.70457104131954,44.6367780053058],[11.704666059975898,44.63677068336724],[11.704709958078372,44.63676571618679],[11.704995857494154,44.63672910905658],[11.705217665523831,44.636703036305924],[11.70543653630954,44.636682102884166],[11.705701520424446,44.636652737966315],[11.706246159989076,44.636587500767284],[11.707163951667948,44.636480777398525],[11.707387813331215,44.63648221514583],[11.707841227844343,44.636472028694115],[11.708077441716007,44.63646810187588],[11.708550995126803,44.63645011580245],[11.70900958864595,44.63643248286684],[11.709337163333766,44.63639375119212],[11.7100022637626,44.63630931945583],[11.710132407202549,44.63629498326603],[11.710288365771568,44.63627663997328],[11.710458918828099,44.63625065073527],[11.710571216931083,44.63624236074281],[11.710681758350335,44.63623016662827],[11.710818115770287,44.63621398511662],[11.711050722963785,44.63618314601913],[11.711724573921748,44.6361513915475],[11.711964416156222,44.636140622287755],[11.712155747223024,44.63613775175895],[11.712736861088617,44.636128457654124],[11.713398554429705,44.63612340240314],[11.713888544051198,44.63612019485544],[11.71440511076684,44.63609553871841],[11.714731355065485,44.63607878084503],[11.715317030719815,44.63606597297942],[11.715900330674966,44.636053217739395],[11.716510430505162,44.63603982070087],[11.717036184797507,44.63602673334277],[11.71811074222933,44.635987078605915],[11.718876625913339,44.6359688349972],[11.719546456284974,44.63595287429109],[11.720536629528002,44.635928721834475],[11.72130062174874,44.63590373994747],[11.721789950127425,44.63588644710016],[11.722271922361712,44.63586370474602],[11.722918987103498,44.63583250501716],[11.723299254713357,44.635808240025554],[11.723359590035328,44.63578430695436],[11.723374990140236,44.635827256127804],[11.723408990759706,44.63596428713285],[11.723447150875426,44.636089410465274],[11.72370561269374,44.63610632434517],[11.724034467840896,44.63612828761052],[11.724188616008313,44.636138675240204],[11.724284237262019,44.6361448369061],[11.724363323439087,44.63615082066555],[11.724436944799693,44.636158060124295],[11.724607272950298,44.63617705879052],[11.724669432279715,44.63617557478233],[11.724717738597827,44.63619750443738],[11.724927883042145,44.636343261309584],[11.724762084575051,44.6363703028824],[11.724684929294117,44.636388461746236],[11.724558214543308,44.63642524490516],[11.724497240549951,44.6364525859459],[11.724371227878054,44.63652141224623],[11.724247107152074,44.63654631483424],[11.724110046025652,44.63656450252788],[11.7240344235752,44.63658177544026],[11.723945011397731,44.636624415707],[11.723900744207665,44.63667217202574],[11.723874986834742,44.63671106123419],[11.723862720178571,44.63675186013364],[11.72385558578926,44.63681842012689],[11.723899462763733,44.63726748643591],[11.723919694220566,44.637480180352064],[11.723932072475726,44.63761047854809],[11.723992259760744,44.63820600376564],[11.724039451225055,44.63869214085684],[11.724074836619812,44.63907726876394],[11.724080141772822,44.63913089521538],[11.724094288637518,44.63927427928738],[11.724115992100431,44.63945156500841],[11.724083649488533,44.63948439801006],[11.724045865907362,44.639519057818],[11.724003690597497,44.639543700187104],[11.724224066603481,44.639807393419275],[11.724333440022638,44.640005632347126],[11.724414199734545,44.64016519143731],[11.724443699692577,44.640239874739095],[11.724462998625393,44.64029850369253],[11.724488716651509,44.64041040838712],[11.724512105078695,44.64053925711013],[11.724522126375145,44.64063579230202],[11.724522931045888,44.640804008227825],[11.724518434489719,44.640960532414304],[11.72449584448938,44.64113435805914],[11.724460517589304,44.64142327499672],[11.72441548232309,44.64167304287126],[11.724375064849585,44.6418703760962],[11.724326805974686,44.642068450133344],[11.724267783865221,44.64228872071338],[11.724118931009995,44.64274520843903],[11.724021140798667,44.64299623534985],[11.723952706457222,44.64316720935352],[11.723861336277762,44.64338714539136],[11.723770147901616,44.64361100473731],[11.723728767694347,44.643720013371194],[11.723707654593472,44.643790852643626],[11.723656719164778,44.64391528076476],[11.72361847054866,44.64400734420819],[11.723573221567484,44.64411814025265],[11.723487851581538,44.64433116840237],[11.723442313951635,44.64443634840964],[11.723346101516677,44.64467044862345],[11.723259667036281,44.64487787641983],[11.723188987383523,44.64505172573904],[11.72312736653057,44.645200043346954],[11.723084568243287,44.645312477647465],[11.7230370410093,44.645442447013785],[11.72299973807863,44.645554750158055],[11.722980680221738,44.64561877407437],[11.722960981140272,44.64568620627222],[11.722948494270087,44.64573939931381],[11.722928310506012,44.645813018681544],[11.722921746390332,44.64585817984622],[11.722910621095942,44.645906841921864],[11.722874731829375,44.6461839524192],[11.72286976254342,44.64627972004687],[11.722873117240976,44.64633478480098],[11.722884625596162,44.64639525897978],[11.722898739122938,44.64642755486189],[11.722915175750478,44.646458670921305],[11.722929801635976,44.64648477896305],[11.722958605740931,44.64652797096389],[11.722979499322213,44.64655335780491],[11.723007697560925,44.64658306882685],[11.723043307143149,44.64661992101442],[11.723070521088852,44.64664571067663],[11.723107202444316,44.646671273531396],[11.723166574331188,44.64671093366803],[11.723218403507,44.64674007986646],[11.723328919255717,44.64679483717565],[11.72339272122242,44.64682762441343],[11.72347791169736,44.646862723434886],[11.723613423424231,44.646911830937675],[11.723926220357928,44.64699382003943],[11.72438264505233,44.64711345649133],[11.724607711501536,44.647173349586105],[11.724771390485099,44.64721839025278],[11.725063786812976,44.647302559341924],[11.726086525251523,44.64759883966715],[11.726260122865153,44.64765376440394],[11.726445614483188,44.64771009986806],[11.72665497504153,44.64777093487631],[11.726808310884072,44.64781397184356],[11.726971261487938,44.6478770215398],[11.727218001465886,44.648012350687026],[11.727357110782316,44.64812156284865],[11.727456994922198,44.64821762811957],[11.72753192086265,44.648303061171774],[11.727600841449696,44.64839424166459],[11.727709936672506,44.64856941973972],[11.727739927737792,44.64878870765067],[11.727738255938808,44.648870882314704],[11.727723906068352,44.64896799961767],[11.727687437757014,44.64908140958301],[11.727641428681995,44.64917590857954],[11.727514086343332,44.649434945480806],[11.727459154738632,44.64955779267381],[11.727305823545732,44.64983490958551],[11.726810325910499,44.65069802589501],[11.72673249480427,44.650836611318816],[11.726669495173525,44.65095641453406],[11.726626030363118,44.65107094644124],[11.726529591353449,44.65133374231069],[11.72647676870271,44.6515859463955],[11.72654104226691,44.65230122776653],[11.72655871673957,44.65245947177878],[11.726602494943638,44.652586136675346],[11.726734344415181,44.652910439468705],[11.726932048665137,44.65319266341254],[11.727017848514947,44.65330822071425],[11.727151508193714,44.65345187478176],[11.727328453832449,44.653611362834845],[11.72762522661347,44.65385521220367],[11.727798069098661,44.65401087166463],[11.72791603953586,44.654122837992084],[11.72803642243899,44.65421898343087],[11.728198375011745,44.6540924532889],[11.728245184324319,44.65404828418421],[11.728337854666314,44.653990648560885],[11.728442947375997,44.653945934907014],[11.72870425167802,44.653836736641885],[11.72901501694325,44.65370607456528],[11.729478359471228,44.653518334582664],[11.729611783267291,44.65346422078732],[11.729722532861222,44.653414023259415],[11.729749109359135,44.65339257326166],[11.72978750499918,44.65337083964915],[11.72987600614984,44.653324843496826],[11.72992907298638,44.65329711712851],[11.729973094319718,44.65327749856678],[11.73006890153441,44.653236397612304],[11.730172418004674,44.65319171916704],[11.730424807698382,44.65307708934592],[11.730598491069005,44.65299922354373],[11.73087499547047,44.65287839287359],[11.731224067267377,44.65272486850809],[11.731659177181834,44.65253188616944],[11.73174315937337,44.652499205864395],[11.732089896574685,44.65236319476509],[11.73226682971652,44.65228694555755],[11.732313170808242,44.65226669890322],[11.732365806824816,44.65224630151585],[11.732416146528207,44.652227655125095],[11.732651414035187,44.65215170376678],[11.733157716340468,44.651989339303015],[11.733731046088765,44.65182820545859],[11.733976866652,44.65175872962233],[11.734054424721716,44.651715241158726],[11.734093042803803,44.651664794094806],[11.734162869545834,44.65149040767438],[11.734339420004707,44.65105405900584],[11.734397308850182,44.65091089410506],[11.734464489730993,44.650747244956165],[11.734563230202944,44.65050011342012],[11.734614710112378,44.650371722672375],[11.734789602012459,44.64993373584969],[11.734792136621978,44.64987065780244],[11.735105193389511,44.64910247802909],[11.735110728821708,44.64906942649023],[11.735133931982547,44.64901006617593],[11.73515371615704,44.64896121431441],[11.735211091863297,44.64882368412518],[11.735256962562271,44.64871004730563],[11.7353226140759,44.648546987004124],[11.735343787601423,44.64849472862759],[11.735398966897625,44.64837749455519],[11.735463815625687,44.64841589170223],[11.735610903843536,44.64849282356281],[11.735641581198308,44.64850840495427],[11.73575836829116,44.64856187456244],[11.736204523857765,44.648763844482055],[11.73631482515076,44.64879665379697],[11.736487133263674,44.64884034722393],[11.73656572570068,44.648860688570714],[11.736790567519005,44.648923649866354],[11.736957223454025,44.648964675695986],[11.737213343651527,44.64904743477156],[11.737269269262304,44.64906353364077],[11.737310335751195,44.649082238573925],[11.737450000275535,44.64911882295725],[11.737620121129092,44.649166511960665],[11.738009834762293,44.64927419861383],[11.738233453635129,44.64933634917933],[11.738317182938975,44.64935712690955],[11.738386165796127,44.649365870294076],[11.73842857413588,44.649362603011724],[11.738501074613746,44.64934567185561],[11.73865427856372,44.649268286071305],[11.739014196446279,44.64909480558998],[11.739111695282832,44.64905645794691],[11.739184147630816,44.649021515619566],[11.739318836907511,44.64895301662659],[11.739469581056625,44.64888213986671],[11.739622782525354,44.64882981086381],[11.739765703544386,44.648785303032184],[11.740027108655678,44.64871263755605],[11.740391690100266,44.64860485869223],[11.740510609477319,44.648553054614396],[11.740960620272785,44.648435332771214],[11.741578083938473,44.64827477743887],[11.742155258188674,44.64816301180446],[11.742233487596547,44.648150438188885],[11.742314893055289,44.64813836074995],[11.742570786306112,44.64809957797804],[11.742840972431312,44.64807957029764],[11.743418952975983,44.64801787153544],[11.743739202137691,44.64817389011714],[11.74402158670158,44.648312270702725],[11.744288662452545,44.648443128158675],[11.744810579529805,44.648696710144556],[11.74497611228628,44.64876417043848],[11.745156205010636,44.64883917081528],[11.745216446613073,44.648879923812885],[11.745412377760873,44.64897310922446],[11.745490887627351,44.64901679487908],[11.74554323919375,44.64904029637424],[11.74557899959927,44.64906307170583],[11.745703732186275,44.649100576851644],[11.746078348885838,44.64927273992016],[11.74639015916123,44.64941658305577],[11.746573134637082,44.6495022056937],[11.746618417356933,44.649526428661204],[11.746746159586154,44.64959424313753],[11.746935881869158,44.64968982504004],[11.746994982477254,44.649705843610136],[11.747218378110931,44.649746612143204],[11.74734362252015,44.64977848030447],[11.747470465508226,44.649810308042],[11.747751842041543,44.649877243912265],[11.748155287265801,44.64997499663149],[11.748571483527892,44.65007581309724],[11.748802719042805,44.650131564950115],[11.749017912301746,44.65018208800419],[11.74912740819092,44.650214322753186],[11.749247854019556,44.65024462637572],[11.7497398263461,44.650363875543164],[11.750089589914516,44.65044320600407],[11.750544573168966,44.65054758083784],[11.750727911231728,44.65059043322409],[11.751058555547182,44.6506657230725],[11.751317480861168,44.65072362184776],[11.751726888288253,44.65081391726338],[11.751942739896416,44.650861588575495],[11.752087566715055,44.65089072871724],[11.752746462676988,44.651039698134056],[11.752992614452662,44.651094527130766],[11.753213217691194,44.65114265305696],[11.753390158010486,44.651183959459026],[11.753542852578228,44.651212337177306],[11.753610281265635,44.65122140231535],[11.75373782926754,44.65121889633378],[11.753975013840556,44.6510843196779],[11.75439381883129,44.65084015871322],[11.75510397539258,44.6504241020638],[11.755315679920434,44.650300830717725],[11.755353263699796,44.65027910808963],[11.755403009063315,44.6502475241273],[11.755595269786783,44.65012979093481],[11.755736450212732,44.65004874480172],[11.756315037344937,44.64970055287285],[11.75664628394623,44.64950519795535],[11.756994411671794,44.64930042020704],[11.757230381836477,44.64915743989444],[11.757347979140494,44.649077514275575],[11.7573814802652,44.64905251554035],[11.757445679746304,44.64901045921066],[11.75765558898468,44.64888272840713],[11.757951325340182,44.648703401197714],[11.758024300667431,44.64866338124224],[11.758071962158658,44.64863804008351],[11.758140936380936,44.64859699325832],[11.75831488766401,44.64849206988617],[11.758629318359366,44.64830836224587],[11.759279429113358,44.64792356198689],[11.759716379121446,44.64766430395182],[11.759818768552204,44.647596561807426],[11.760008795167929,44.64748167849431],[11.76028699747459,44.64731515828001],[11.760987198383436,44.64689030867256],[11.761653521883112,44.6464994608022],[11.762209821439791,44.64616473883379],[11.76255972551455,44.645948084539384],[11.767041152705925,44.64328286521172],[11.767148537956613,44.64326663999623],[11.76747542672975,44.64321721610052],[11.767697365128518,44.6430284082558],[11.768662197939165,44.64278444639106],[11.771857873878984,44.64079895200222],[11.772470064363144,44.64124263741644],[11.772760619925164,44.64141898586277],[11.77549475423024,44.643242447253854],[11.776609065501132,44.64396759342913],[11.77710134710907,44.64351562341081],[11.77725736910316,44.64354840488906],[11.778067611323499,44.642757865007596],[11.778328117505511,44.64176069849232],[11.778990596524475,44.642166565025256],[11.779087684635517,44.64205448462918],[11.78108063263578,44.640189146885106],[11.781239367892113,44.640295567160756],[11.784655965247163,44.63757007024028],[11.783699439205945,44.63691430928245],[11.78667790114577,44.63686018259557],[11.788131456135481,44.636622686311085],[11.78940471836462,44.63638957936093],[11.79075590881117,44.63615455161032],[11.791315848168711,44.63604915199256],[11.791521273269346,44.63604412722573],[11.791749279503712,44.635983977404614],[11.792538829674807,44.635835805401065],[11.793737520700319,44.63564160589008],[11.794705647599669,44.63547105314141],[11.794987318702132,44.63544558844033],[11.795138062864405,44.635368757627525],[11.79536779158263,44.63534456509782],[11.799956988560632,44.63459007533345],[11.800288057253148,44.63452682066483],[11.796782516358741,44.632154037045474],[11.796073587464884,44.632207971014246],[11.795455702042908,44.63227037963864],[11.795217930901416,44.63229082450222],[11.793674109598882,44.63242568860393],[11.793436749883458,44.63244640505378],[11.793303946386176,44.63245417222673],[11.793184074454322,44.632468352899224],[11.792853729606831,44.632497253131135],[11.79264885765177,44.63251351340617],[11.790794423464723,44.63268603579787],[11.791968439117984,44.632422714304006],[11.792294250196045,44.632348333319484],[11.794469274664491,44.631730764041464],[11.795681149532815,44.63135393690328],[11.797308499211207,44.6309005237985],[11.798501065503094,44.63053256524761],[11.801657340836293,44.62977657612444],[11.801983343828319,44.62969862748519],[11.802281298919944,44.629627363123376],[11.801926523133021,44.62940837396315],[11.801289043125546,44.62901479451145],[11.801422639438831,44.62889572846494],[11.801523961141726,44.62880538800575],[11.801813433449524,44.62855016005627],[11.802485492117645,44.62799296435618],[11.804255848641516,44.62652092509896],[11.80475558436455,44.625969629177675],[11.803623978154272,44.625408898472934],[11.804828812404446,44.62418706393645],[11.805485626572125,44.62436057629784],[11.805768055952559,44.624040822998104],[11.80592421572297,44.624060620137485],[11.806398931567553,44.62356390933021],[11.805482160301924,44.623130067404915],[11.804652693665634,44.62273972258877],[11.80396907019188,44.622433565992395],[11.803576708788839,44.62225303160363],[11.800706963963153,44.62099791594239],[11.800333316990322,44.620829281210355],[11.797106192220893,44.61937972742319],[11.796497314184348,44.61911894632731],[11.794880389033281,44.61837199174231],[11.794752223737472,44.61832785903306],[11.793765922827557,44.618195591534416],[11.793235682415752,44.6181286848132],[11.792697802888965,44.61808277875938],[11.791226632681203,44.61799796617829],[11.791397958923712,44.61762168760104],[11.79141012787599,44.617596077062224],[11.791450132669855,44.61747750947512],[11.791515199021765,44.61737239595929],[11.79169292368038,44.61738266745414],[11.791718581373631,44.61735897660558],[11.791721413589299,44.61731952551885],[11.791736612073098,44.617225754047425],[11.79176043585936,44.61708244573987],[11.791777551438795,44.616979425130594],[11.791797837785303,44.61682701011911],[11.791951648102708,44.61673266714244],[11.792091771018386,44.61666509792144],[11.792147758506456,44.616633343284285],[11.792175754913746,44.6165932782988],[11.792225630171425,44.61649978181489],[11.79238912938068,44.61622964758834],[11.79243098990732,44.61619936377532],[11.792633586402916,44.61587370008273],[11.792840792494626,44.6155462253594],[11.793157595214828,44.61505629542665],[11.793742093533174,44.61413726138736],[11.794033019926491,44.613683397578626],[11.794433497470916,44.61305017155563],[11.794468541194455,44.61299249220803],[11.794495652280602,44.61295019771826],[11.794545828798967,44.61287918615506],[11.79433779762249,44.61279539601751],[11.794213563927526,44.61275116639222],[11.793711073964442,44.61255530017263],[11.793172450994865,44.61234482840848],[11.793078801930132,44.61229732289382],[11.792851309179147,44.612201618166665],[11.792569914024849,44.61208304169442],[11.7924576236959,44.61204076668619],[11.792228670584693,44.61194791689207],[11.791850396726703,44.61179568500825],[11.791682684091404,44.61173170005748],[11.791629981942846,44.6117166724466],[11.791575007546077,44.611687081421216],[11.791244721747606,44.61155056032246],[11.790892154395053,44.61140896118201],[11.790680619430827,44.6113336753624],[11.790680240652827,44.61137531525559],[11.790464598314472,44.61129675718093],[11.790319784549151,44.611233334695704],[11.79005807448866,44.61113058841002],[11.789923343014761,44.61108043420644],[11.789787462200417,44.61102298899994],[11.789621379973267,44.61095953280003],[11.789477904215138,44.610907325015276],[11.789419920841263,44.61088117878803],[11.789007220271863,44.61071740782627],[11.788947476300146,44.61068680589237],[11.788770191536853,44.61060336144853],[11.788752421609336,44.61056104065467],[11.788707759971167,44.61046760697118],[11.78867850834127,44.610382793695166],[11.788611370647153,44.61021452050732],[11.78854233761304,44.61003952919455],[11.788478327864071,44.609886924664494],[11.788457216531432,44.60982442379178],[11.788367181750775,44.6095891956079],[11.78819335721828,44.60913375905099],[11.788167099653585,44.60906238596224],[11.788122620587275,44.608956004834646],[11.788093021538536,44.60886389894066],[11.78804349621224,44.60873457694381],[11.78794513934122,44.608423573338335],[11.787790736435932,44.60792940507107],[11.787721349294895,44.607845572852376],[11.787460301161591,44.607624642598026],[11.787129869346645,44.60731932542025],[11.78699895030145,44.60718411725431],[11.786918080987746,44.60710731223762],[11.786647457780443,44.606850607059066],[11.786441620675694,44.60664746355092],[11.786390757517752,44.606621123908084],[11.78632515256834,44.60658334563554],[11.786154764163095,44.60644627968714],[11.786094192737558,44.60639825520287],[11.78598906686995,44.60630797456074],[11.785571330477556,44.6059721504094],[11.785506781440501,44.60590733600983],[11.785416185729483,44.60582459077317],[11.78536494894869,44.60579038719546],[11.785330825552572,44.60576870865536],[11.785274882758142,44.60571072214304],[11.785296745546779,44.60564914873028],[11.785324947136454,44.60559611871645],[11.78533850098562,44.60556709998688],[11.785353383851616,44.60553240701885],[11.78536563420333,44.60550849024779],[11.78540736430756,44.605425889349156],[11.785421004056161,44.605348472547355],[11.785460577521876,44.60527042276149],[11.785487260038257,44.60521912583312],[11.785504516238534,44.60518439382046],[11.785547764258622,44.60510063051837],[11.785572210026041,44.6050522086147],[11.785628370392786,44.60494167387117],[11.785677289366095,44.60484483025234],[11.785748468710494,44.60470299211074],[11.785842790862686,44.604517833011904],[11.785912558575882,44.60437940331904],[11.785968317310617,44.604261024514514],[11.786018858788577,44.60416469297877],[11.786070680499439,44.60406272617433],[11.786124628964625,44.60395561926981],[11.786175676231865,44.60385422406902],[11.786248290514273,44.603708976467686],[11.786292786109511,44.603618435113404],[11.786335843439055,44.60353073130231],[11.786380004797062,44.60344132157146],[11.78640361251877,44.60339966903704],[11.786441483693396,44.603335450324536],[11.786481562348992,44.603267804501876],[11.786499006348386,44.60323754823715],[11.78654473036683,44.603155973779266],[11.78665950039212,44.60293768190116],[11.786738213236918,44.60278834020481],[11.786756320970913,44.60275526434507],[11.786800648237842,44.60271085517061],[11.786882930613046,44.60261996248562],[11.786928398842262,44.60256595675115],[11.786962762064626,44.60252741463767],[11.787108496325825,44.602363513892236],[11.787199748350206,44.6022459465726],[11.78722219580149,44.60220487404687],[11.787294621645923,44.60194091574278],[11.787416521785282,44.60146026040001],[11.78747874722613,44.601213420690826],[11.787526930351063,44.60096974438803],[11.78756764226953,44.600767328495195],[11.787633711202902,44.60041967505904],[11.7876820460462,44.600162499462996],[11.787719554451694,44.60000854064199],[11.787833634472966,44.599578148908456],[11.787899081468714,44.599333479911806],[11.787968319383028,44.59910166010971],[11.787965555408622,44.5990600978324],[11.78799991013476,44.59888989818931],[11.788062098516193,44.598510848823175],[11.788266127711251,44.59763996268976],[11.788354659683318,44.59730132852201],[11.788372984549168,44.597223796814355],[11.788400070489555,44.59713142933695],[11.78844579677134,44.59695138391561],[11.788507878707257,44.596702297307274],[11.788657484240463,44.59612588535567],[11.788694044014338,44.59595225745579],[11.788771629462543,44.59563190329176],[11.788828757179896,44.59539418423573],[11.78889292461686,44.59510623703537],[11.788923495487252,44.595004217388336],[11.788960916806282,44.59484856323156],[11.789003179423197,44.594678740689545],[11.789037160204915,44.59451644128531],[11.78907278127245,44.59438896449759],[11.789101627350117,44.594250979122194],[11.789128201051886,44.594148485445615],[11.789147900981494,44.5940501046115],[11.78920172427765,44.59387493107942],[11.789219464362468,44.59380135834853],[11.789273333844351,44.593610419533505],[11.789295787807877,44.59353673157558],[11.789338742807356,44.59336519680453],[11.78937671790068,44.59331926378752],[11.789409077764319,44.59317274817301],[11.789416520252757,44.59313093732841],[11.789449856350538,44.593021529167835],[11.789521620167365,44.59269456846397],[11.789556017532632,44.59257444126496],[11.789606092300595,44.59230483384818],[11.789601184481981,44.59223518784979],[11.789396201222285,44.59222950521676],[11.788896166823298,44.592196150470315],[11.787149079694188,44.592199451938434],[11.785687909398206,44.59217211111754],[11.785650912851253,44.5913982452134],[11.785652484447102,44.5900472879777],[11.785677993335687,44.589675325732856],[11.7856470964905,44.58901215558579],[11.78566453351995,44.58659346720351],[11.785623622642595,44.58504551627886],[11.78292185158313,44.58496908112606],[11.77934394043428,44.584878471188176],[11.778782401659997,44.58464345185243],[11.778294979559918,44.58439425338895],[11.777662571215169,44.58410920157873],[11.776926170393399,44.58375633989733],[11.775535407979412,44.583102608906714],[11.774528363068981,44.582620710951915],[11.774211417457703,44.582478764213604],[11.773936763047882,44.58239821594657],[11.773471193689588,44.58225988046003],[11.772283198981699,44.582375951798575],[11.770799361262657,44.582561658089105],[11.769598403801739,44.58265382755058],[11.768586941689321,44.58277344867966],[11.766660786392842,44.58296251075262],[11.766221825791757,44.58303616930544],[11.765989089577214,44.58302606506286],[11.765342337292681,44.58268613006561],[11.764097102439182,44.58207657535765],[11.763213564986643,44.581623665961615],[11.76100511161063,44.5805231197511],[11.760345286981574,44.5801931365951],[11.7591820548612,44.5796113370813],[11.755102228164068,44.579770100034594],[11.751258372464612,44.579942164981574],[11.749624026073427,44.58002488087025],[11.749079451670289,44.580029002998856],[11.748994570066486,44.579948339610745],[11.748369430869747,44.57998026650034],[11.747447631960352,44.579998515802146],[11.747089934590159,44.5800088224856],[11.746761757839113,44.580011099475996],[11.746532364148651,44.58000480188795],[11.746184741758556,44.579995154249495],[11.74558474068006,44.57995949460044],[11.745812121593325,44.57977231821641],[11.746086369788184,44.5795277187755],[11.74644232958433,44.57921199383612],[11.746815768922222,44.57886764696009],[11.748604999184604,44.577195138999755],[11.74905073389622,44.57679842736063],[11.750156695732844,44.57579558753619],[11.750487340768679,44.575496170905105],[11.751213360500952,44.57483387898475],[11.751866737358602,44.574234101363395],[11.752566375827461,44.573597179145665],[11.75288942268271,44.57329603921865],[11.752913068693355,44.573271465641156],[11.753047999266444,44.573145540895105],[11.75372104514232,44.5733791268954],[11.754573668851668,44.573682080321],[11.75556704415544,44.574031131554236],[11.755803170022272,44.57413064957038],[11.756704939921752,44.574390197736165],[11.758022677856454,44.57472351939538],[11.7597470765036,44.57509986940035],[11.761282399050351,44.57537274710138],[11.763597447852247,44.575803405117306],[11.763414655090472,44.57550717630318],[11.762972447784938,44.57479059006166],[11.762515390156711,44.574065711957765],[11.762061539189814,44.573424603908855],[11.760611139490948,44.5713700106054],[11.759625499530436,44.56996923233373],[11.75941531279423,44.56971942584497],[11.759389123212664,44.56968848031972],[11.75926690636846,44.56954409416499],[11.759224669795449,44.56935096511916],[11.759211710096707,44.56930910561788],[11.761015307987389,44.56949955983973],[11.760014136921422,44.568934682227656],[11.761431264485827,44.56841261049833],[11.761694418436605,44.56831563951159],[11.762537378354518,44.56801673010967],[11.763918655544712,44.56768339236822],[11.76533323511576,44.5673390896909],[11.765517593583048,44.567276674575034],[11.766643525950878,44.56698662259782],[11.766814726679518,44.56694591235635],[11.767412325951042,44.5668340757169],[11.76788352401729,44.566762452019475],[11.768366591324119,44.5667428309419],[11.768613108965308,44.56656302354563],[11.769096742751204,44.56622268892945],[11.76976338588145,44.565775530541806],[11.770308233211573,44.56541515827629],[11.771818507375448,44.56461890694619],[11.772294928480555,44.56435976397344],[11.772352237108334,44.5643234891549],[11.772800881489967,44.5641089183395],[11.773116529488487,44.56394482955055],[11.773577343278063,44.563704638788586],[11.773469173281722,44.563927871614474],[11.773629001277103,44.56445906202352],[11.773706004623072,44.56467155583626],[11.774113782975725,44.566080084569926],[11.774166064830807,44.56623580368322],[11.774183444118261,44.566319775511836],[11.775464751729054,44.566071444105006],[11.775808573548783,44.5661432540923],[11.775884532122038,44.56614365625905],[11.775935938771028,44.5661651847426],[11.776445771319395,44.56637616280671],[11.776989726205477,44.56659333378932],[11.777104472811468,44.56663921419113],[11.777835207495512,44.566943817393486],[11.77792108190836,44.56697885860101],[11.778444244855292,44.567287956594974],[11.779075242131757,44.56766251355571],[11.77941621035838,44.56786464741645],[11.780610635798192,44.5685585438114],[11.780699153214123,44.56855807321791],[11.780817807846509,44.56855405765411],[11.780972310344923,44.56854242020217],[11.781232654452646,44.568522008616775],[11.78150599215707,44.56849340801591],[11.781780821024551,44.568463072552284],[11.782546304394918,44.568340316020446],[11.78415389485194,44.568281989255134],[11.784599329613028,44.56800048667104],[11.784634453350792,44.567978243458],[11.78466706896174,44.56795213366965],[11.784795860213949,44.567847145542245],[11.785688184524444,44.56729873693873],[11.78575870734478,44.56727080669425],[11.78648810730253,44.56698236564433],[11.786921049923807,44.56681119938494],[11.787769172778606,44.566475113196965],[11.788067739227442,44.56633250204441],[11.78879060817123,44.566059968163295],[11.788919012372082,44.566009170504415],[11.789555008367149,44.565799999218854],[11.789677409629242,44.56575978666629],[11.790425618141711,44.56550306504645],[11.790583461002292,44.565351659119294],[11.790680520580153,44.56525813422599],[11.791036210599126,44.56487865235795],[11.791166725681293,44.56474435600601],[11.791192946325797,44.56471670378627],[11.791490947744336,44.56440864608474],[11.791558117237248,44.56433919758454],[11.791755473473883,44.56413801763451],[11.791890372742767,44.56398962429873],[11.791680141061486,44.56348492733392],[11.791652026529693,44.5633910894146],[11.791548275695064,44.563065045310175],[11.791501076838335,44.56292879462474],[11.79146791018432,44.562832942148944],[11.791414421197867,44.562636183210905],[11.791180175821872,44.56178670008888],[11.79093368871584,44.56087897825348],[11.790678278391745,44.55994898135432],[11.79067883892885,44.55989494846127],[11.790296249462072,44.5584774368676],[11.789891814998581,44.55699742257182],[11.7897180895828,44.55632649270383],[11.789672187371606,44.5561565753723],[11.789561664782168,44.555754163903764],[11.78944221597706,44.55532947605246],[11.78942248523812,44.5552373302724],[11.789336835251131,44.55483692040407],[11.789211385991724,44.554385369750946],[11.789194843335915,44.55434333288481],[11.789817319652084,44.554467002284035],[11.79127211050244,44.55486152569106],[11.793614462454846,44.55539837625428],[11.798847015647091,44.55634144105306],[11.80034521721329,44.5566017797784],[11.802094526472247,44.5568469175822],[11.804440108875216,44.55718539770185],[11.806229345772946,44.557474495830995],[11.807983439248543,44.557818468639965],[11.810287048650267,44.55806783385078],[11.812459249442643,44.55846443915817],[11.814565545104644,44.558799611308686],[11.817247363354225,44.55905752038599],[11.818750049023002,44.55940753332988],[11.821186022023166,44.55978844080038],[11.82258265241528,44.55998979911437],[11.824064418146065,44.560203399651925],[11.826227632133513,44.56041093130688],[11.826298916890028,44.56045686264754],[11.827912381618647,44.56072825277518],[11.829821770757132,44.56114459567015],[11.831861939264543,44.56158940486059],[11.831994536158602,44.56161478631458],[11.833397587036746,44.56084435153455],[11.834186710961534,44.560443445357635],[11.83441129187405,44.56046246143675],[11.834996723046904,44.56047253316391],[11.835389543463732,44.56041356574949],[11.837857091549726,44.55950352620378],[11.839824540784095,44.55874732714517],[11.840044904665945,44.55868033770204],[11.840363008894375,44.558500220255425],[11.843820354734738,44.55619394886522],[11.844403153738245,44.55579811221511],[11.844532214845202,44.5556898809099],[11.845113766268334,44.555202253951805],[11.84559345463598,44.554809001571286],[11.846051789524772,44.554330159582335],[11.846258161719433,44.5544678031778],[11.846371916820662,44.55454366175802],[11.846783291864261,44.55486550350443],[11.847654447376856,44.5552681116612],[11.84811557093675,44.55555181604026],[11.848641236305838,44.55574778738254],[11.849150901234852,44.55596876934943],[11.849585857879104,44.55606860422086],[11.84989691663261,44.556097747543866],[11.850824972343066,44.556431264217395],[11.853448536852607,44.55731281389782],[11.854971651364124,44.55785282503816],[11.856084687088387,44.55827391168439],[11.856397590597751,44.55833988307292],[11.85648170466527,44.55830088566743],[11.856549818965133,44.5582868833652],[11.856775598332781,44.55833042093535],[11.857176227972504,44.55843110408795],[11.858261403232495,44.558809835281245],[11.858822064600748,44.55901718031964],[11.859771006323259,44.55942390448781],[11.860315129327237,44.55964397283251],[11.860322358130652,44.559791397440144],[11.860440632996522,44.56097539718567],[11.860723340099435,44.56323152673516],[11.86073599337648,44.56348950830158],[11.86090855827103,44.5636758385601],[11.861175378910206,44.56385364595156],[11.861394224010066,44.56410645940774],[11.861581750737129,44.5644215623872],[11.861713491202206,44.56465196472043],[11.861752374241586,44.56509378692032],[11.86173006783078,44.56534034946606],[11.861635397850282,44.56551492377232],[11.861441231884337,44.56576579476706],[11.861382153222506,44.5659640890698],[11.86142796755295,44.56619662723896],[11.861527158770544,44.56646475673926],[11.861639984282785,44.56674790059587],[11.861862322722736,44.56689607032008],[11.862176784895764,44.56699273893183],[11.862238740907353,44.567028076070336],[11.86243409155725,44.56715234492281],[11.86258740569607,44.567296086875956],[11.862641687833374,44.56735007216883],[11.862712826407474,44.567397495828224],[11.862774783216041,44.567432833553],[11.86290699888254,44.56749717987426],[11.863094979578767,44.567646209106734],[11.863157841837968,44.56769997888505],[11.863222814915721,44.567796764189566],[11.863295762335596,44.56788103315174],[11.86327362119297,44.56795537349256],[11.863174428891316,44.568037822697505],[11.86307794905327,44.56817555159582],[11.863043497057475,44.568437776253624],[11.863144820321036,44.5690994396158],[11.863565126014164,44.569949911911586],[11.86408856310438,44.57079777534511],[11.86448070269163,44.571249185677125],[11.8650891782751,44.57172591480333],[11.86566450605895,44.5722280694569],[11.865885844261673,44.57253001860507],[11.865929871810701,44.57272570678633],[11.866010074863484,44.57295739815644],[11.866409339691751,44.57337787047704],[11.86690748091625,44.57370977444958],[11.867580504598301,44.57409875129991],[11.868072035901275,44.57429550894932],[11.868597305252448,44.574479101084215],[11.869107814314729,44.574712268218576],[11.869374268446085,44.575056126641876],[11.86957543130798,44.57529707124294],[11.86997108304313,44.57564381814069],[11.870337211724916,44.57608972246649],[11.87080559754379,44.57686513617458],[11.870812445176217,44.57717862973651],[11.870825150561583,44.5774366101595],[11.870507044389486,44.57761681226833],[11.870598434013818,44.57772520803312],[11.870776956503601,44.57785602351697],[11.870905138272509,44.57801270157642],[11.87164010871659,44.578609208329304],[11.871905627673694,44.578584075166816],[11.872471632915786,44.57854523492229],[11.872942459117864,44.57849245319063],[11.872991827073426,44.57853527444557],[11.874934214174667,44.57756812924395],[11.875181748464295,44.57760689686112],[11.87535249683762,44.577633266857006],[11.877485369735032,44.577962935014696],[11.8789961131455,44.57820390790924],[11.880275144467321,44.57839024102041],[11.880644284886744,44.578444015938764],[11.88073421885225,44.57845711642502],[11.8827467181346,44.578910430776936],[11.883930450904748,44.57915959575634],[11.884949282948103,44.57938588041002],[11.886751120387911,44.57990746539778],[11.888966318885682,44.580382551865306],[11.893146615953018,44.58136592741817],[11.893344632411017,44.58140591183036],[11.89579189498337,44.58187498038766],[11.897777682353611,44.582292680814284],[11.897898159499896,44.58230214917604],[11.89811890722811,44.582211301192075],[11.89837833482148,44.582210799797394],[11.899015315121147,44.5822114342555],[11.900077954600768,44.582184432817996],[11.901276955573756,44.58222525014558],[11.90221147705348,44.58229652803794],[11.90277955371363,44.582353373673584],[11.903412644243163,44.58263400782979],[11.903995415681832,44.58280692774898],[11.90531764486195,44.583199217242374],[11.905449457883806,44.583219643814616],[11.907463057432116,44.58353167192014],[11.909581525730193,44.58382876804357],[11.910400124418413,44.58402306873036],[11.911025230812735,44.58401462676349],[11.912130590415968,44.58417652595852],[11.912560641069494,44.58425830227049],[11.913590892817163,44.584454140204016],[11.91459663233308,44.58461855802873],[11.916676329368002,44.584981261239584],[11.917682679969943,44.585157528346414],[11.918166663024637,44.585261026275646],[11.918724527721094,44.58538032759656],[11.91931104891868,44.58547225767605],[11.920218966403551,44.58567476700532],[11.921820763074237,44.586120901176926],[11.922698462049166,44.58638356677499],[11.923272138990631,44.58664393062106],[11.924010368197502,44.58681329211102],[11.924449267563096,44.58691458311965],[11.926229155663227,44.58723805873597],[11.927610110698067,44.58751143490848],[11.927754811288176,44.58741830435325],[11.928657444234174,44.58751396673059],[11.929242183671347,44.58757023465108],[11.930042656608215,44.58763494027322],[11.930661951177965,44.58770012264819],[11.93207990151954,44.587794395541614],[11.933547386892581,44.58788144118959],[11.934927689414286,44.588120414722496],[11.936171331448804,44.588388614985845],[11.936239636497078,44.58840336513584],[11.936301163273091,44.58841665122502],[11.937294618560221,44.58866435228135],[11.938926838011492,44.58905004126201],[11.94032092255345,44.589328990858775],[11.941109735268103,44.589474999177426],[11.941264746327372,44.589620709151255],[11.941468163925562,44.58965506826596],[11.9434180030536,44.58984786057616],[11.945046927487066,44.5899228678479],[11.945770463555585,44.59000006320194],[11.94626977007776,44.589918126060965],[11.946986801338488,44.58995901474264],[11.947520570571825,44.58999273968185],[11.948240579393413,44.59009296385156],[11.94916287624375,44.59024734078092],[11.949567397510561,44.59035570976],[11.95025482632524,44.59046861856395],[11.95067657075368,44.590588412461194],[11.95115113158956,44.59076624114729],[11.951854861285023,44.59087279963534],[11.954319084004776,44.59133781398096],[11.954456851296424,44.591363777664775],[11.954691732715112,44.591405226914915],[11.955737525942828,44.59169892363002],[11.955709126812753,44.591794719065156],[11.956550250032144,44.59198677730277],[11.956724125342186,44.59213673425469],[11.957397376405234,44.59229751517611],[11.957835165578874,44.592404974531185],[11.958221916115589,44.592489990838565],[11.958675676597384,44.59258515966461],[11.958730898351682,44.592605389402884],[11.958774871846874,44.592621447386556],[11.96006743042417,44.59309364168131],[11.960241269750775,44.59313701219839],[11.9603799788258,44.593172001577386],[11.9632434077285,44.59373684351163],[11.963834270278294,44.593876071107566],[11.966099808324199,44.594409834596206],[11.967125962491515,44.59454927155259],[11.96943644603227,44.594863195885736],[11.972646383729368,44.5953017472001],[11.975440867478628,44.59549897421845],[11.977202971955277,44.59558803448686],[11.977908385207426,44.59543635443415],[11.978751494766929,44.595464458659954],[11.979279402074255,44.59550078850337],[11.980234000482179,44.59565126779474],[11.980657961220688,44.59575525009928],[11.981157398432297,44.59587774030602],[11.983144988035741,44.59633948016127],[11.983403150574476,44.59638495354724],[11.983888134003111,44.59647038405924],[11.98456000364284,44.59657809105979],[11.98512679088194,44.59668856024124],[11.985726034449907,44.59674804850759],[11.987387567338123,44.59700526333451],[11.988098295158082,44.59718711639835],[11.989235747358439,44.597483084069985],[11.989875185942529,44.597641737207304],[11.991004120003417,44.59789231243259],[11.991187784116736,44.597933076226155],[11.991613199862332,44.598022164338566],[11.99256024846776,44.598250799571574],[11.992643050007961,44.598270789171174],[11.99326525787948,44.59841714398137],[11.99456012312998,44.59872168722022],[11.995378555531206,44.59895077994653],[11.997221341957605,44.599556488517834],[11.997653239447526,44.599661792411936],[11.99797049335487,44.59971425153342],[11.999238023601684,44.59992388235429],[11.99981363307838,44.60001909532367],[12.000662727123617,44.60011378649964],[12.001466992984435,44.60020030514049],[12.001536976039695,44.60020782946438],[12.001725176287527,44.60020737818579],[12.002196519302286,44.600202572401265],[12.00245184054434,44.600054463247226],[12.002516820373769,44.600044493767285],[12.003200718360397,44.59993958552348],[12.003884741537826,44.59985813996924],[12.00554269382391,44.599291063371815],[12.005643667240417,44.59919900383499],[12.005743829660418,44.59910879035208],[12.005903229432972,44.598964343418245],[12.006103880298756,44.59879818058061],[12.006150378713134,44.59876120445571],[12.006371732178772,44.59857926551201],[12.00668303022167,44.598158669892],[12.007004220019589,44.59749990601293],[12.00721699732555,44.59689156513127],[12.00728195425816,44.59642989381377],[12.00730196239179,44.596367124055874],[12.007358382376397,44.59618995387282],[12.007433149826513,44.595918345862756],[12.00739379046974,44.59558630509507],[12.007357406369309,44.59549229702341],[12.007214494452095,44.59512312457378],[12.007094321339046,44.59491251837041],[12.00685591187168,44.5944947735591],[12.006750779828188,44.594310559008996],[12.006624768406532,44.594057774229455],[12.006548642009555,44.593905077744736],[12.006113409141381,44.59303207859776],[12.006032737290559,44.5928702470449],[12.005918821189644,44.592659713262776],[12.005787364960486,44.59241675119225],[12.005661806119095,44.592134546172254],[12.005669284173047,44.59184885750359],[12.005676733482371,44.591563148875764],[12.005713697683987,44.59141943790256],[12.005764225726896,44.59130907275041],[12.005853361655754,44.59111439239672],[12.00588695278414,44.59106682565899],[12.006184307484515,44.59064569629109],[12.006493930938179,44.5901934331079],[12.006645502669214,44.58993278139248],[12.006840510915767,44.58959742278436],[12.006931462197503,44.589450021058894],[12.007188719061492,44.5890331162752],[12.007497512332415,44.58856500005299],[12.007602032626412,44.588261672580764],[12.007651935173831,44.588116826788315],[12.007719679517022,44.58797473804348],[12.00791228790088,44.587570670638385],[12.007982138800632,44.587204039933134],[12.008012578910384,44.58693358173949],[12.00799827176642,44.586812847949396],[12.007973251520232,44.58660154084696],[12.008009404987273,44.58644198910583],[12.007790429325238,44.586119237134625],[12.007411901749201,44.58574772081042],[12.007087702945899,44.58542954743829],[12.005988746561027,44.58450458618495],[12.00589568933515,44.58441800663297],[12.005631154812534,44.584171930201876],[12.005516746659387,44.58406548449328],[12.005203088229441,44.58377370573837],[12.005019382586477,44.58354563293569],[12.004792712010016,44.58326419073653],[12.004728378898276,44.58317775676149],[12.004618725585372,44.58303040318312],[12.004423482444857,44.58276804599229],[12.00441009025496,44.58250825550819],[12.004919785657687,44.58206741682295],[12.00531396600871,44.58172647594299],[12.005513155806705,44.58155417846352],[12.00653206512776,44.581135796346054],[12.006641469742362,44.58109085178985],[12.007397405367419,44.58085413355022],[12.007491736452165,44.580848152615346],[12.010117434256978,44.580681253672],[12.011857998734245,44.580722032418485],[12.013617991650372,44.58074783521054],[12.014548080254075,44.58075217683471],[12.014811516453568,44.58078724641846],[12.015177344605673,44.58083595817846],[12.015224532386549,44.58082731850951],[12.015935601687456,44.58067122753479],[12.016694993345583,44.58049812833013],[12.018453703128642,44.58016354423779],[12.020310683179613,44.57978130912332],[12.02124171765162,44.57957450088713],[12.022167195248059,44.57939007983736],[12.023797716351215,44.579013803503685],[12.02505595942682,44.5785033273587],[12.026150677602972,44.57775412293142],[12.02703337001461,44.5768034695091],[12.02716088157116,44.57586383010748],[12.0271314292402,44.57481135584938],[12.027079952362335,44.574713641942616],[12.027118071739475,44.57424415293788],[12.027081075983277,44.573940999954054],[12.026571098243982,44.573133373636175],[12.026266151868295,44.572586421170286],[12.025273020603027,44.571076899007984],[12.02498658977433,44.57047622623349],[12.025150993026312,44.569954846083824],[12.02562067910635,44.569577417462405],[12.026313854266922,44.569406967626584],[12.02715729304104,44.56926294914484],[12.027556185180098,44.56916112319699],[12.027828396831723,44.56907786605564],[12.028763105139097,44.56905305973544],[12.029807974959404,44.569101353275514],[12.030344587201238,44.569193557138405],[12.030965007676,44.56925222737311],[12.032395131751384,44.56922516408674],[12.033937126948095,44.56903741234563],[12.034673994264827,44.56824635911861],[12.034960613999681,44.56697839717242],[12.034930687185161,44.56693560798844],[12.034916982728307,44.56657221485488],[12.034740364431979,44.566218758619854],[12.034594993102816,44.56595872183421],[12.034132664742362,44.56568826853668],[12.033165170025413,44.56533699557238],[12.032526522361053,44.56520422589524],[12.032384574767557,44.565147391303974],[12.029860566328566,44.564557260011355],[12.02883772085625,44.56401728084288],[12.028152531860528,44.56343230732274],[12.028187159825674,44.563347722636884],[12.028043948971645,44.56319217316391],[12.027983465294998,44.56304298325842],[12.02800098707336,44.56287286329902],[12.028043879864683,44.56268322621627],[12.028207670047168,44.56228304255652],[12.028236877022486,44.56182986458329],[12.028264102479774,44.56133903704615],[12.028260634989019,44.56127239866067],[12.028239645158312,44.560868420425486],[12.028253284746953,44.560623014470885],[12.028087476754207,44.56047661968521],[12.028321514475987,44.56041384475745],[12.030253875034319,44.55977092504787],[12.03037490309995,44.55967331428972],[12.032438838087074,44.55916836676243],[12.033412183823478,44.55886135636923],[12.033451632495867,44.55884893490753],[12.034222884162014,44.558607868096495],[12.036018083942098,44.55826304513856],[12.03879155733753,44.55760406995426],[12.040549906560402,44.55727815006735],[12.042931177846178,44.55658450133391],[12.044940839698159,44.55600875968192],[12.045612006366246,44.55567576195277],[12.047358558357736,44.55480990929327],[12.048646532901007,44.553677223048005],[12.05073381377792,44.55218105904038],[12.051995976279452,44.55153514935786],[12.052609855485587,44.55122165458235],[12.055376547104405,44.550202348095716],[12.056636197361703,44.54967216325155],[12.057413322249504,44.54934505186804],[12.05772920269276,44.549212083109],[12.059542820589586,44.548506305881446],[12.061521359298833,44.548066136942424],[12.063386309809914,44.54807008498542],[12.063460174991821,44.54806810190468],[12.063833767354506,44.548080581791325],[12.064168937401977,44.54809381407077],[12.066052009600174,44.54942622654481],[12.066744059648336,44.54997933672402],[12.067223422157927,44.55056603603863],[12.067411832654399,44.55081196962911],[12.067632913861658,44.55130800580531],[12.067840389449053,44.55191594912382],[12.067904973933691,44.552402253732765],[12.067937619880817,44.552652374278125],[12.067800875667473,44.55300865493704],[12.067645832104356,44.553412645078126],[12.067647838219766,44.55349197898285],[12.067603596072402,44.55408733167605],[12.067508239910767,44.55538622452199],[12.067086333981397,44.55718003722103],[12.067703094349218,44.55861282985479],[12.069199108037695,44.56000397704632],[12.071142030304117,44.56055485832497],[12.072655822235724,44.56084718172038],[12.073890164849937,44.561093013439915],[12.074389554640067,44.56114941600749],[12.074694533076832,44.56118386166011],[12.074849101009617,44.56120089897868],[12.075055495175368,44.56122365490816],[12.075991182815637,44.561297458472154],[12.077053508996977,44.561250821516104],[12.078316877025225,44.56122574119971],[12.07932422183912,44.56122556939445],[12.079737327133797,44.561108039570556],[12.080094992496736,44.56091492076567],[12.080178278658456,44.5608688857018],[12.080416423798257,44.56073986921391],[12.081114872182,44.56028323040524],[12.081823896958108,44.55979563942805],[12.08208096644782,44.55960668790684],[12.083839742537672,44.5583139648285],[12.08415883837026,44.558095196970264],[12.084552677272633,44.557900680353484],[12.085037219431157,44.55780002415703],[12.085428073058257,44.55778069835137],[12.085745796797937,44.5577677186813],[12.086471463439823,44.557826908879356],[12.086673472880994,44.55785807790206],[12.087002385298586,44.55790885952051],[12.09037933250022,44.55877621557059],[12.090902695877292,44.55894590926387],[12.091277895524245,44.55909334206228],[12.092066567440353,44.55918580089242],[12.092724171191259,44.559115452266454],[12.093157462026044,44.55897236295557],[12.093578494297553,44.558829605253],[12.094129893832681,44.55860451099344],[12.094511032259355,44.55840154772779],[12.094986719466373,44.55813473381626],[12.095275739789559,44.55781167988007],[12.09564338548399,44.55735514871181],[12.095928321099267,44.55649372012803],[12.096002174176743,44.55580876171381],[12.096022491511778,44.55503769924764],[12.095812879038254,44.55385696015769],[12.095790142446152,44.553428533610465],[12.0958350285181,44.553120860023895],[12.096083618991006,44.55272885929266],[12.096458679987643,44.552412224143865],[12.097031655946674,44.552134003781326],[12.09797381351128,44.55188952733242],[12.09855629681529,44.55179052415769],[12.099758311828337,44.55182793559277],[12.100723659027562,44.55202058675795],[12.101168041507023,44.552139872215314],[12.101878940754164,44.55233067312245],[12.102514178184041,44.55253230245408],[12.103534348489742,44.55306492589649],[12.103597824344194,44.553106987110546],[12.10366036855672,44.55313155853119],[12.10383292991021,44.55315311835757],[12.104620631734916,44.55322800165121],[12.105220257142824,44.553220442345676],[12.10562740907604,44.55319702702198],[12.106696740548026,44.55267852950037],[12.107996549800687,44.551553847528126],[12.108869332284112,44.550449784261126],[12.109772743371584,44.548975792856346],[12.110054872645778,44.54847593920656],[12.110370382486728,44.54790623706444],[12.111120774615822,44.547813752683204],[12.112896683612346,44.547594259884846],[12.114136003784997,44.54722738071111],[12.114450474929491,44.547173247094435],[12.114759623767378,44.54711844497977],[12.115087113642275,44.54706182244504],[12.115454352127161,44.5469978704939],[12.115700787939826,44.54695504089405],[12.115947962404784,44.5469120708573],[12.116246821283568,44.54685949113177],[12.116558416017586,44.546805622004285],[12.116811967199347,44.54676087078783],[12.116954233226664,44.54673649503743],[12.117017208399927,44.54672560934114],[12.11716108402948,44.54671305725242],[12.11732067106204,44.54669962381712],[12.117481604127416,44.546686079562136],[12.117806280430742,44.54665893158732],[12.11816946378303,44.546628481567595],[12.118364457101999,44.54661191129786],[12.118542855643915,44.54659630198874],[12.11883120693439,44.54657227476884],[12.119179113072924,44.54654265322451],[12.119482676583173,44.546516659183006],[12.11968650249315,44.54649961560873],[12.119752996234535,44.54649281832288],[12.119921560647025,44.546474635474084],[12.120171581421069,44.546446405429926],[12.120362896858323,44.54642664192782],[12.1205347654671,44.54640709486841],[12.120812768513387,44.546376973729856],[12.1210414026226,44.54635243436122],[12.12121087487761,44.546334152752415],[12.121548230117712,44.54629774928849],[12.121811340370897,44.54626860389728],[12.122095189601085,44.54623810811989],[12.122477618293454,44.5461963373618],[12.122790248916804,44.546162727796485],[12.122903079921452,44.54615055627327],[12.123137222338055,44.54611983211605],[12.123896389502969,44.54602208104659],[12.124384301274116,44.54595905635402],[12.124853510473056,44.54589861773273],[12.125540224045047,44.54580945132562],[12.125991035126253,44.545750913668094],[12.12658744886603,44.545734572343754],[12.12707819204117,44.54572112307713],[12.127502445752942,44.545709495089056],[12.12761752687865,44.54570634066155],[12.127948871469803,44.54569725770182],[12.12854273309103,44.54568097610046],[12.129132061462837,44.54568937072427],[12.129670300988174,44.54569696973548],[12.130013588555723,44.54570139350376],[12.130129985973632,44.545702856480176],[12.130306870749589,44.545705040147595],[12.130482588979833,44.54570833403563],[12.13063340211981,44.5457095625488],[12.130722139342204,44.54571122209096],[12.130834406819066,44.545749456418974],[12.130869333854989,44.54575877520525],[12.131107574272685,44.545842935328366],[12.131434011083838,44.545954993728955],[12.131789247990463,44.54607608144003],[12.132158439431299,44.546202935429335],[12.132588435547648,44.546461759771084],[12.132796274150593,44.54658773992753],[12.132935083348025,44.54667010788525],[12.133176685226696,44.546816321360744],[12.133349328676589,44.54692003890746],[12.13346502635143,44.54698887828107],[12.133745560463902,44.547158624072],[12.13387983027269,44.547245514124434],[12.134036152391198,44.54734686564686],[12.134259991879013,44.54749138970719],[12.134570949205033,44.54769405590435],[12.13485489396018,44.54787795156871],[12.134997695003982,44.54797044306708],[12.135144913285762,44.548079134393284],[12.135253970392583,44.54816108276905],[12.135387674856986,44.548259199972975],[12.13558716725097,44.548406713062356],[12.135659415596654,44.5484606541929],[12.135798337526726,44.548564658243606],[12.136052884842957,44.54875185698561],[12.136649699941113,44.54919437523685],[12.137159402743139,44.54972055839537],[12.137545923867512,44.55011961227719],[12.137796031662761,44.55037817245564],[12.1382157155528,44.55062573226396],[12.138277101331559,44.55066201606583],[12.138413915639857,44.55074406395763],[12.138537937584928,44.550819059078556],[12.138979625289231,44.55108380766218],[12.139058672341326,44.5511043820826],[12.139440143096836,44.551206415863426],[12.139622175078484,44.55125510472277],[12.140262721475477,44.55142475723352],[12.140685755603945,44.551539379695484],[12.140757774186358,44.55155600978991],[12.141152596590969,44.55166179430341],[12.141278697678677,44.551695708798086],[12.141488698182593,44.5516676118995],[12.141586622990598,44.55165400928577],[12.141893145060884,44.551611439237796],[12.142036688198969,44.55159259109431],[12.142189310054858,44.551572276525555],[12.142326067325223,44.55155670452093],[12.14283877580968,44.55148863991602],[12.143078751092318,44.551457086630904],[12.14328918355323,44.55131905956669],[12.143555820527636,44.55114661852967],[12.143701451347608,44.551052435301415],[12.144031171338458,44.55083656757886],[12.144392335872128,44.550601676277296],[12.144626177285513,44.55032102546853],[12.144838713723765,44.55006736996568],[12.145500420200054,44.54927669044173],[12.14553948481284,44.54922870642219],[12.145724749577859,44.549043170637276],[12.146040673857057,44.54872649477114],[12.146246881682284,44.54852000190166],[12.146351615819235,44.54841411452486],[12.146436546280208,44.54834222703729],[12.146673416107129,44.54814458794241],[12.146866643607579,44.54798320201982],[12.14706172606988,44.54782035302528],[12.147294646230266,44.54762464815791],[12.1473530309312,44.54757533207143],[12.147518786391409,44.54758529680119],[12.147638865472976,44.54759971632201],[12.147705382799476,44.547607232109854],[12.14785702117683,44.54762456987366],[12.147949483664648,44.54763851403842],[12.148121521068568,44.5476630811386],[12.148275546345065,44.54768575753765],[12.148440454241667,44.547710335425904],[12.148568043133725,44.54772935133019],[12.148726914406947,44.54775247404862],[12.14894946481899,44.5477861940393],[12.149144878922076,44.54781476237856],[12.149282373517076,44.547835532327504],[12.14943810235901,44.5478584536108],[12.149675646325827,44.54789302315776],[12.149913236798012,44.54792870542383],[12.1502009569111,44.54796548422465],[12.150448351131052,44.54799694803943],[12.150645688159454,44.54802146723502],[12.150866564131412,44.548050390014296],[12.151047430907639,44.548072920085545],[12.151250489453682,44.54809880163035],[12.151411483550081,44.54811914144124],[12.15159678531836,44.54814310646279],[12.151783374455572,44.548166989709],[12.1518906870722,44.548180180170085],[12.152040311918393,44.54820130218252],[12.15228127941143,44.54823666655279],[12.152489498892233,44.54826666414463],[12.152696959805747,44.548295712755596],[12.152852270146694,44.548318226818424],[12.15304270158121,44.54834616904401],[12.153369124364051,44.548393240354905],[12.153781130578484,44.54845202314361],[12.153785891740432,44.54925324584715],[12.153770646787953,44.55081992844376],[12.153504435610078,44.553347946680304],[12.153286615892132,44.556072673685094],[12.152926712613196,44.55919742150583],[12.152746854185386,44.56172290154293],[12.152726285829157,44.56201169248605],[12.152472638296961,44.56477341195578],[12.15223726409967,44.56717453748737],[12.15214918044284,44.56880639316351],[12.152104980273334,44.56894483860844],[12.151546061932324,44.57069552750765],[12.150803672584738,44.57280456428076],[12.150052125888472,44.575210939828935],[12.149440233758078,44.577406390270845],[12.148473793677889,44.579800671877166],[12.147762699649924,44.5822599139791],[12.14724848766493,44.5836958659407],[12.147262285904102,44.583861065121894],[12.147280461769304,44.58407865169831],[12.146510865619797,44.58567031848484],[12.1459635927661,44.586785491358],[12.145341942723894,44.58805214220846],[12.144334000569009,44.59015045985336],[12.143322594629886,44.592185828047434],[12.142391945554927,44.59431800399921],[12.141134635058313,44.596936289652895],[12.139845310185923,44.599663461878194],[12.138367651702671,44.602638868149455],[12.136825470037458,44.60605712634705],[12.135447689355997,44.60902074974221],[12.134514091485707,44.611107915818536],[12.127902479869567,44.612603694202974],[12.120785150920938,44.614310969108146],[12.10209870980458,44.618646526687684],[12.099694037271394,44.61917098914803],[12.098967853309757,44.61926272807432],[12.09867121106665,44.619341434918816],[12.098627634207379,44.619352998051745],[12.098159809041567,44.61947372190115],[12.094941085884704,44.6203352868067],[12.090864940154374,44.6211929629587],[12.08795115875753,44.621865997259896],[12.084843500350832,44.622688264193414],[12.082680968800627,44.623268836910746],[12.07991373569986,44.62385669676195],[12.077733771262515,44.62434761999204],[12.077063381625795,44.62452774123343],[12.074045128955786,44.625392304990605],[12.06366382969167,44.627855270142575],[12.063592050835828,44.62787229701741],[12.061196330891054,44.62843842397059],[12.040332845969578,44.63326334645855],[12.039818182843794,44.63338552241381],[12.024029052391807,44.637132570443505],[12.018575460767435,44.63842316181022],[12.01269170546047,44.63981646250567],[12.008208116024027,44.64087342529732],[12.004972961818124,44.6416359240579],[11.995601865074288,44.643866035114506],[11.992123559764574,44.64469354598196],[11.98781959968306,44.645714269735116],[11.975631072759635,44.64854844874703],[11.974996362957725,44.64869599138613],[11.958687601207465,44.652526877803496],[11.958534305922637,44.65256285749881],[11.958453207422275,44.6525908085013],[11.963323080433156,44.658677152877345],[11.961784057312638,44.65867210757074],[11.958082806354321,44.6585610575526],[11.955402350463558,44.6584324681992],[11.953482225675025,44.658374163502],[11.952060862069068,44.658248905889096],[11.951212143321563,44.658378879253625],[11.945558328799981,44.658065859079244],[11.943066107897723,44.657964566353854],[11.941223264442632,44.65788963463101],[11.938013781422708,44.65777427071224],[11.935195279908534,44.65765775689636],[11.932751462554842,44.657468527045076],[11.930515585284407,44.657399938058546],[11.929604377818324,44.65733939435506],[11.928756541233401,44.657283060303705],[11.92737379721744,44.6572264387418],[11.926999792223626,44.657211122495696],[11.925597052318443,44.65715707000216],[11.923926649510431,44.65704686082285],[11.921741171972196,44.65697680814865],[11.919905210405386,44.656834753428285],[11.918349079534288,44.6567395330901],[11.917250954754087,44.65672258955831],[11.91473526291339,44.6566068434965],[11.912955563552709,44.656580257164364],[11.911412301575897,44.657070694190914],[11.91120497722346,44.657136584531074],[11.911105713459051,44.65716760113377],[11.909168099840667,44.65700997271886],[11.90722239848654,44.656690459439055],[11.90594613559734,44.656137827630744],[11.904602879176363,44.65550585684925],[11.90272208270856,44.65471650996137],[11.900150876600875,44.65348555227597],[11.89870960971334,44.65316208791227],[11.896838729681185,44.65307456848275],[11.893472048849826,44.65308797229584],[11.891524695769625,44.65298429277421],[11.88964195277268,44.653419079784044],[11.887482173967726,44.65413440955896],[11.88704761925529,44.65428548972252],[11.886739107502537,44.65439275048129],[11.885265134460193,44.65493415928382],[11.884125675094328,44.65484592920789],[11.882098028180286,44.65414098110124],[11.880077648684972,44.65332777557539],[11.87944493465597,44.65287751760342],[11.878770413827562,44.652397502095766],[11.877768956728477,44.65178361978445],[11.877284527984056,44.65167879959921],[11.876276574866656,44.65144314768296],[11.875758361684085,44.65142020250025],[11.875132895388282,44.651394971788896],[11.874658995506927,44.651375870796016],[11.872595352661108,44.65172492514935],[11.870821401779251,44.65206663838676],[11.869237884471625,44.652178477786464],[11.867670667455545,44.652109852491364],[11.86692309194031,44.652038611333616],[11.866481699876607,44.651527574471544],[11.865961658208423,44.65095547593591],[11.86437347271274,44.650716295686394],[11.863378231722615,44.65099333882771],[11.86201040504547,44.65138773820634],[11.860733586559002,44.651581794766734],[11.859069377109302,44.651335430562646],[11.858151649384283,44.650881298112346],[11.857741973113535,44.650243400247795],[11.85696436391912,44.649560693523576],[11.85485345640526,44.64894735216247],[11.852856724434204,44.64937538714142],[11.85221926637816,44.649539847506624],[11.851849480102782,44.649634265855],[11.851880746380305,44.64977638121128],[11.851886679271942,44.64980339387989],[11.852008283531204,44.65033280493857],[11.852379366220665,44.65172788482577],[11.8528044042985,44.65319362853184],[11.853012600540449,44.654037687925175],[11.853038361882126,44.6541421145271],[11.851118603337156,44.654307020684925],[11.847847177959707,44.654721804573306],[11.845384122213774,44.65516134492326],[11.843580282991036,44.65541335144946],[11.842365267238865,44.655326585458866],[11.841960444051958,44.65526915407928],[11.840840894785593,44.65510348259784],[11.839768868866123,44.65510315516791],[11.838404836419064,44.65583926958624],[11.837183641248249,44.65640077856907],[11.835621950212698,44.65722278285988],[11.834832712660964,44.657715788653434],[11.835938797184793,44.65854724971663],[11.836455560343115,44.659056540195785],[11.835185708195674,44.65888105727684],[11.833576267522789,44.65898404907401],[11.832676448900363,44.659216640461494],[11.831919609318621,44.65941226904058],[11.83178670917382,44.659451573604386],[11.83001664875741,44.65996360799669],[11.828795257330707,44.66052501462221],[11.827761061201219,44.661045780191635],[11.827060643583758,44.66170229525741],[11.826591319668005,44.6623552013334],[11.82655335498585,44.662408022055175],[11.824713928708542,44.66028083226049],[11.825988105226804,44.65934325412334],[11.82418827622767,44.65760537737443],[11.824107713568512,44.65755335266155],[11.823961146030493,44.657489464987634],[11.823811639448676,44.65734911927245],[11.823726810325644,44.657225184848414],[11.823595664539848,44.65713842278931],[11.823338602054863,44.65710127202768],[11.823170166347163,44.65707691884131],[11.823035472121486,44.65711175823017],[11.822846425594614,44.65717945189403],[11.8226177891696,44.65724362511746],[11.822458177867338,44.65725207134718],[11.82215687749334,44.65731354235204],[11.821862498316401,44.65733881590378],[11.82165353832233,44.65732148959907],[11.821482177689509,44.65721768868571],[11.821258196005571,44.65702068111299],[11.821225483187694,44.65700395691507],[11.820997926739233,44.65688758822494],[11.820685702113726,44.65688629019357],[11.820526867039764,44.65689473343612],[11.820343721644283,44.656921752221194],[11.820146341520413,44.65698064954109],[11.820028426799649,44.657019570072386],[11.819743733378361,44.65709861906443],[11.819573890778264,44.65720100127832],[11.819401902102076,44.65733212037377],[11.819279559362307,44.65747468979075],[11.819094574666762,44.65765929362507],[11.818933946323975,44.65774429062116],[11.818868669631751,44.657844925958074],[11.818265839873336,44.65876003961063],[11.817719120487897,44.65997083224136],[11.8173442924219,44.66061438856013],[11.817191726979424,44.660876328127415],[11.816964725125459,44.66126611946145],[11.816927339711212,44.66133171138832],[11.815938242793075,44.66200429316655],[11.814519495574256,44.663182566145636],[11.812940812533034,44.664445810727706],[11.812275771377774,44.66481955863497],[11.811973165142719,44.66498962712569],[11.811491521934029,44.66525571702835],[11.810533101936008,44.66552237442139],[11.8089929365023,44.665497281277084],[11.808442103429167,44.6656307296666],[11.807172555763728,44.665938210354156],[11.805767466834403,44.66635986129345],[11.804756000488661,44.66657377388739],[11.803689386926692,44.666690009596714],[11.802402902418594,44.66669460027288],[11.80081141598571,44.66665264318815],[11.799139011709627,44.66687822785035],[11.798233121178043,44.66687793303376],[11.796924350283202,44.66687850986115],[11.795960192517263,44.66687964392759],[11.794484285178843,44.66624062806489],[11.793251804042864,44.6657936815372],[11.791666050101163,44.66560742915788],[11.790978959997735,44.66627239317389],[11.790638334831566,44.666879378319344],[11.790185152090208,44.66740808550077],[11.78980152575755,44.66785856086813],[11.788468055805463,44.6689714268646],[11.787287938062217,44.669846477812754],[11.786847806734,44.67026491200343],[11.786770521331514,44.670338385727796],[11.785985621321114,44.67108456799934],[11.784889383136747,44.67188553392759],[11.78325312317384,44.67324877597568],[11.7822196356682,44.6742912344606],[11.781684040852667,44.673908181185354],[11.78115674313805,44.67345290197448],[11.781065495219813,44.673374122903645],[11.780631353185907,44.67275453929249],[11.78011752087646,44.673073143042465],[11.778625348015572,44.673775654870255],[11.776658797488384,44.67483176269741],[11.775478174561796,44.675454639346604],[11.774396805741153,44.67604356289262],[11.773349604796229,44.67655515318585],[11.772661839134859,44.67693195033961],[11.772468382777227,44.67657682364562],[11.772442793138547,44.675798518772815],[11.772057553069086,44.67590236451238],[11.77122052577447,44.67607573537425],[11.770561531933534,44.67626277271877],[11.769385083150778,44.676462382639905],[11.768887512796871,44.676330412079395],[11.767943360189765,44.67584468737062],[11.767077651911833,44.67594671127469],[11.765495947557232,44.67636314977085],[11.765137239884307,44.67545360803411],[11.764475746669019,44.675604664223336],[11.763947096959855,44.6756804816627],[11.763935034011944,44.675787361170414],[11.763928790035118,44.67584295132034],[11.76392309303235,44.67588776145973],[11.76393553988233,44.67611736458832],[11.763977312717797,44.67623338829],[11.764156452859462,44.676368576202734],[11.764261971439588,44.676465043949065],[11.764432304083842,44.67656444002625],[11.764617795885492,44.676667984169306],[11.764683944917481,44.676821119644615],[11.764656820490835,44.67704061927409],[11.764529967356983,44.677180030474375],[11.764422265327255,44.67729836593776],[11.76427870807816,44.67734686567828],[11.764023851715292,44.67739354452196],[11.763808511785433,44.677425769520866],[11.763633280921644,44.67748851197994],[11.76339922890213,44.677773254864604],[11.76322611379251,44.677930488595266],[11.763100413832172,44.67807306068594],[11.76303862066411,44.678182595299965],[11.762843573249421,44.678425867866515],[11.762678620692231,44.6786054143067],[11.762545259878257,44.678752669682886],[11.762285845579282,44.67900201676203],[11.762041340010173,44.67918346981324],[11.761843046257903,44.6792422890458],[11.761730676716969,44.67926751872055],[11.761630959593049,44.67930776403097],[11.761588313696713,44.67932496506185],[11.761436368521641,44.67934665457207],[11.761308173522846,44.67935425495229],[11.761246957354414,44.67936023459817],[11.76112116996907,44.67953431466719],[11.760486682434415,44.680503904896845],[11.759947604976599,44.681606213223894],[11.759838340799977,44.681770322774696],[11.759299987984969,44.682578805814366],[11.759088565563319,44.6828963064313],[11.758495690469303,44.68341476856618],[11.75786162661977,44.68388020466341],[11.757419753546872,44.68465607409488],[11.757237547071826,44.68518326340469],[11.757158066737384,44.68541326232122],[11.757132099788342,44.68549123112871],[11.756306976294812,44.685637196022135],[11.756244998316946,44.68592676467829],[11.755574602283252,44.68615899305814],[11.754243045462282,44.68678529334788],[11.753090964423293,44.68748825831588],[11.752591203254303,44.68786039827386],[11.751419752536098,44.68788864757392],[11.748879555796282,44.68830994808393],[11.746523285487118,44.68861867234233],[11.746572855027416,44.68898807235572],[11.746580512317324,44.68904506074352],[11.745428777554539,44.68920772915877],[11.745365382701841,44.68921824933015],[11.745732908098287,44.69056874658443],[11.746232024396186,44.69203310023897],[11.746807374336235,44.69377468842242],[11.7475037517103,44.69540532220778],[11.746579027470599,44.695850682701554],[11.746366135650637,44.69612099738274],[11.746331585020435,44.69616485978078],[11.745637885886069,44.69701661713993],[11.74482108353664,44.69814354578807],[11.74394746148889,44.69895880002939],[11.743746727962598,44.699146111603525],[11.742799130684533,44.7001771485161],[11.74207208538239,44.70088734652917],[11.742020555876351,44.700947753046115],[11.742332722883495,44.70124163406376],[11.742825556490843,44.701658439193224],[11.743305632062867,44.70206445083862],[11.743388369134818,44.70210033001961],[11.743869805761975,44.70230909001055],[11.74405307058951,44.70238856947574],[11.744282254375655,44.702464739777916],[11.744886645925087,44.70266561083453],[11.7454734281214,44.70279552235059],[11.745945367041983,44.70264913889426],[11.74647219787524,44.702312382789856],[11.746809817833366,44.702201123306885],[11.746943704889954,44.70215700780868],[11.747290574654091,44.70204517406365],[11.747629500555057,44.701935890019676],[11.747983498066471,44.70182176251515],[11.748211076998716,44.701748398791494],[11.748806263885653,44.701623247931636],[11.74897920894418,44.70158043081806],[11.749061814686248,44.701559985380435],[11.74935354400623,44.70147390220437],[11.749536742890129,44.70145638028141],[11.749822418365763,44.7013707721444],[11.750159612885737,44.701872825689044],[11.75028095597186,44.702366102531435],[11.750009863040159,44.70250808916726],[11.749940050752269,44.70258851436864],[11.749479124010865,44.7027908529772],[11.74911044648237,44.7031311041786],[11.748647504835105,44.7034843265115],[11.748025701000621,44.70393141683257],[11.747527846229554,44.704330497472014],[11.747225828733459,44.704616841592916],[11.747094111806138,44.7050341152249],[11.746837666638495,44.70573344612504],[11.746438865456673,44.7058420676166],[11.745841236010348,44.706000493130034],[11.745305315657376,44.70625081253578],[11.745211351180131,44.70629472013854],[11.745010861687083,44.70642804575761],[11.744551256501612,44.7067336975723],[11.743911954435614,44.70681208658737],[11.743210513804197,44.70692797209669],[11.742751635655269,44.70710104068609],[11.74188125621988,44.707365005482195],[11.740760796940432,44.70767999114253],[11.739331033802022,44.70812842244776],[11.73819043131088,44.708551904393225],[11.737198148654711,44.7089087836476],[11.736440034197152,44.70941307994151],[11.735603135400574,44.70986975714287],[11.734956351176574,44.71032637241462],[11.734647073080279,44.71071187927955],[11.7343652963451,44.711429801308455],[11.7338254254762,44.712279937365],[11.732974831555302,44.7129664774016],[11.73191862282687,44.71357690486551],[11.731272540024321,44.71378141068873],[11.73095386917794,44.713717009859806],[11.730464256683826,44.71404380555156],[11.730293223993598,44.714416976929506],[11.730217374953046,44.7149376136993],[11.730307387378593,44.71550590402783],[11.730320082344054,44.715775676329706],[11.730363909765682,44.71617071746346],[11.73039346667315,44.716530093635],[11.729715683384743,44.716330250772536],[11.728810551815195,44.71614485608167],[11.727864630999374,44.715897413342894],[11.727022934111881,44.71570147236364],[11.72635871716326,44.715537291678785],[11.725288582392343,44.715302141065095],[11.725419215539096,44.715946825257255],[11.725501264869072,44.71689255653735],[11.725438538817036,44.71795385849402],[11.725460506929386,44.7184214541425],[11.724446539097627,44.71885976832891],[11.721997328862752,44.71963837872332],[11.720223629957555,44.72028382102428],[11.718995173976616,44.72072719807929],[11.717418204065524,44.721277884070204],[11.715717810019513,44.721890002719036],[11.715496359219642,44.721980780209044],[11.714706024539641,44.722299821946194],[11.714751698400878,44.72238669561604],[11.714821047600347,44.722518618699105],[11.714886876614857,44.72264382157446],[11.714923951563547,44.72271436258697],[11.714987225488585,44.72283468574693],[11.71517418195619,44.72319024710187],[11.715378031092332,44.724142489771296],[11.715400436982405,44.72424711829195],[11.715543673245694,44.72490154169868],[11.715690559690438,44.725572545675945],[11.715743944673429,44.725785340768596],[11.715955456281375,44.726628494977255],[11.716115560185244,44.72711430175686],[11.71602698901838,44.72734695736776],[11.715064492393866,44.727270838870595],[11.714810547882955,44.727240873835775],[11.71479035712733,44.728141569288226],[11.713109269914822,44.728091541920314],[11.712608079300036,44.72817546946234]]]}}]}
