{"type":"FeatureCollection","metadata":{"code":"051035","referenceDate":"2026-01-01","sourceDbfExportDate":"2026-02-18","upstreamArchiveUrl":"https://www.istat.it/storage/cartografia/confini_amministrativi/non_generalizzati/2026/Limiti01012026.zip","sourceManifestSha256":"70ac8256c4785dc6ed2814c32b6965ae76f9161b51abaa1660059e1c6cbd8ca6","license":"https://creativecommons.org/licenses/by/4.0/","attribution":"Istat, Confini delle unità amministrative a fini statistici al 1° gennaio 2026, versione non generalizzata.","modifications":["Converted from WGS 84 / UTM zone 32N (EPSG:32632) to RFC 7946 WGS 84 geographic coordinates.","Converted from shapefile to per-municipality GeoJSON without geometry simplification."]},"features":[{"type":"Feature","id":"051035","properties":{"code":"051035","name":"Sestino","alternativeName":null,"regionCode":"09","regionName":"Toscana","territorialUnitCode":"051","territorialUnitName":"Arezzo"},"geometry":{"type":"Polygon","coordinates":[[[12.281428400020856,43.76498485337307],[12.2812482080494,43.76492700959367],[12.280797259315982,43.764858940723],[12.28058564543493,43.76485924766572],[12.280137344998328,43.76485989646912],[12.28000758080039,43.76485808304335],[12.279504846713968,43.764851057651576],[12.279386014286525,43.76485037092436],[12.27876467328218,43.76484678051968],[12.278721956976257,43.76484653341117],[12.278143349202592,43.76484349865166],[12.277926663560233,43.76484236080853],[12.277678044682267,43.76477297198552],[12.277515874674215,43.76472771000865],[12.277019937407795,43.76458929243382],[12.276883459998238,43.76452145116171],[12.27654905547675,43.76435521995664],[12.276360703478861,43.76426159057406],[12.276246072080038,43.764224084634854],[12.276183619041316,43.76420365048308],[12.275914642221124,43.76405786972903],[12.275513127294877,43.763840254692646],[12.27520760768207,43.76371504325321],[12.27515611139484,43.763693544250835],[12.27512510154233,43.76368059853554],[12.275066384574128,43.76365608526779],[12.274997711097155,43.76362743698383],[12.274912592053857,43.76359188853879],[12.274357437343786,43.76336468889927],[12.273713968266371,43.76335308401981],[12.273587289929498,43.763350799352764],[12.273093835779404,43.76337134726287],[12.27289320194049,43.76337970173235],[12.272467920863715,43.763283653537364],[12.272327209376005,43.763251874452415],[12.271986761987069,43.76313558726655],[12.271835901271288,43.7630840572306],[12.271403143754178,43.76293623641563],[12.271202310473667,43.762855556114005],[12.270859250918221,43.76271773711779],[12.27069189968997,43.76265050637336],[12.270567319864803,43.76260129818033],[12.269932526338126,43.762350554907755],[12.269799324697775,43.76229794018834],[12.269714318069461,43.76226436173177],[12.269681103279613,43.762254480253],[12.269633955447127,43.76224042863374],[12.26943869797293,43.76218234480946],[12.269267464016806,43.762131359649096],[12.269122289262576,43.762088129830225],[12.268969310381609,43.76204261046938],[12.26890593082566,43.762030934679615],[12.268631901776327,43.76198059945547],[12.268358347312288,43.761930439052854],[12.268261432286456,43.761912490602946],[12.268164752906085,43.76189505841323],[12.268078343967051,43.761879282260914],[12.267941799633011,43.76185789874187],[12.267716371971806,43.76182262900709],[12.267615841192196,43.761806915459864],[12.267432657226898,43.76177836889166],[12.267378563081229,43.76176989186249],[12.26732683010049,43.76176181900665],[12.267054188169425,43.76171929560899],[12.266952510477935,43.76164624025217],[12.266052882424512,43.76099999413753],[12.265908718001368,43.76090126864037],[12.265355332176986,43.760547967642616],[12.265323973653159,43.76053644272539],[12.26477698145201,43.76033492624379],[12.264444218491732,43.76030175226928],[12.264215438069202,43.76027895720132],[12.264073781861429,43.76020947670801],[12.26402412057656,43.7601857071883],[12.26373254393441,43.760043187818795],[12.263519285004948,43.75993834946584],[12.263390579485582,43.75987250617606],[12.263220559494272,43.75978521392178],[12.26295316684051,43.75964786963978],[12.262888474381105,43.75961464093475],[12.262441177971743,43.75946986814738],[12.262320814676215,43.75944083811231],[12.262024000800784,43.75936924928467],[12.261890502170031,43.75933705130433],[12.26169677109324,43.75937963252517],[12.261325853439958,43.75946121977416],[12.261083086621827,43.759522657925494],[12.26044446051387,43.759684275429564],[12.259859098280536,43.759857355766684],[12.259769700866682,43.759883794702965],[12.259249355354305,43.76006620302539],[12.259210500335548,43.76007982310301],[12.258781291109704,43.76018210612823],[12.258637035688821,43.76022772569244],[12.258280593528724,43.76034044716347],[12.258165962638587,43.76037973052377],[12.258026786609523,43.76042742546586],[12.25770743022723,43.76053686576692],[12.257414467000599,43.760589077519505],[12.257166100499889,43.76063333945463],[12.256797991320182,43.76067425514146],[12.256621267286818,43.76069389752798],[12.256328326610117,43.760599604154216],[12.25617008764092,43.76054915776001],[12.256001852435805,43.760495522766846],[12.255859646330228,43.760445540644426],[12.255634607322268,43.7603664458955],[12.255535743683337,43.760305159126275],[12.255092265348534,43.76003028314222],[12.254893342089352,43.75991263592447],[12.254693662356091,43.7597945624588],[12.254367481044817,43.75958775627562],[12.254250600981983,43.7595136517048],[12.254211247390035,43.75948870087796],[12.254077208796623,43.75939606312406],[12.25391175596812,43.75926315406396],[12.253791062625325,43.75915402072073],[12.253600668119711,43.75898186198891],[12.253308436192771,43.75871761690512],[12.252947554129246,43.7583912904971],[12.252825816708572,43.75828120810491],[12.252710024392037,43.758176502210766],[12.252547263375748,43.75809560904307],[12.252300952576931,43.75792067353215],[12.252224287015304,43.757866225124054],[12.252190304372375,43.757849162300715],[12.252063077779244,43.75778528705552],[12.251783182434208,43.7575771828915],[12.251657576731835,43.75750934551102],[12.251624831482953,43.757491661165005],[12.251539116177115,43.75741754042832],[12.251463555952078,43.7573522021036],[12.251312470210394,43.757257469788314],[12.25105844624933,43.75703962383089],[12.251009456583292,43.7570103167938],[12.250965024300568,43.75698373580096],[12.25090760553247,43.75694938561969],[12.250751392413758,43.75680841379594],[12.250625524678059,43.75670082616947],[12.250470540703345,43.75654764746323],[12.250357266040359,43.75643569186928],[12.250302344275019,43.75638141092105],[12.250351723680069,43.75633263007552],[12.250593253642066,43.756094021885914],[12.250762152146969,43.755927164527044],[12.25094466519516,43.755814018903635],[12.251115107271215,43.75570835448727],[12.251218637412698,43.75564423562908],[12.251402332297948,43.75551706186485],[12.251625851351674,43.7553623786149],[12.252114612932903,43.755213410033214],[12.252478779597295,43.75508599525483],[12.252565639863587,43.75505058604492],[12.252929931619565,43.754902081547655],[12.25343303660749,43.754788711669484],[12.253910362150135,43.754658067772475],[12.254386222476622,43.75450045388741],[12.254886515508343,43.754135067600075],[12.255209405272081,43.7539052843246],[12.2550754787218,43.7536975279766],[12.254798544169423,43.753434506073695],[12.254661336978572,43.75330419148967],[12.25461722387103,43.753278411300435],[12.254530614040426,43.75322779605358],[12.254205973416894,43.75303807302419],[12.253891742441654,43.752898828043506],[12.253785956825581,43.752851951272426],[12.25369055732858,43.75280967619498],[12.253258895691935,43.752680784906524],[12.253098767783412,43.75263297099374],[12.252629570511735,43.75252756308318],[12.252476378880123,43.75249314740568],[12.252003312506142,43.75246200333596],[12.251902999453073,43.75245546107402],[12.251384035567199,43.752448111794706],[12.251272177176766,43.75244641648911],[12.251074087141134,43.75237834031849],[12.250752464675552,43.752268211063075],[12.25039896125979,43.75214716452782],[12.250120928981094,43.75205225317563],[12.249644447060502,43.751889543706085],[12.249487172934867,43.75183876333306],[12.248857115065828,43.75163533929665],[12.248692615870898,43.751582213688216],[12.248581002276378,43.751546174848784],[12.24832079256066,43.751508108133976],[12.248246110568367,43.751497182611274],[12.24807456461052,43.75148639813192],[12.248027794244353,43.75148365467704],[12.247912472149947,43.751476423964306],[12.24781477749956,43.7514703519095],[12.24775071232198,43.75146639868912],[12.24767981519876,43.751459149202184],[12.247380362457317,43.75142840613051],[12.247063349317163,43.75139592346647],[12.24698238606175,43.751379660352455],[12.246793250037156,43.75134186562126],[12.246703694778489,43.751323792094425],[12.246636370296804,43.75131106271908],[12.246576674834799,43.7512995361871],[12.246423578141693,43.75126992008885],[12.245961110210365,43.751201953927335],[12.245910273893271,43.75119448324273],[12.245189555851217,43.75118796145687],[12.244612697843301,43.75111432421353],[12.244111888481905,43.75101151439767],[12.243629707676957,43.75105222351118],[12.242783253763063,43.75115772524171],[12.242507045290887,43.75119215000997],[12.241948998605661,43.751207997642815],[12.241393642674007,43.75141733354824],[12.241349083217264,43.75159502554309],[12.241308756151057,43.751755839597756],[12.24129017941884,43.75182991639615],[12.241276366795107,43.75185729668749],[12.241225671230705,43.75195779240931],[12.241228569498467,43.752241310105994],[12.241213545191433,43.75230923315052],[12.241162437105594,43.75254029320964],[12.24116966243469,43.752760632831176],[12.241172021684877,43.75283262433958],[12.241281544627297,43.75322490499511],[12.241309713736877,43.753360268787056],[12.241351457599544,43.75353878244781],[12.241343520588908,43.75365601771281],[12.241326416726395,43.75390862329933],[12.241284490160877,43.7541078563966],[12.2412597128906,43.754225597629016],[12.240930747919274,43.754387339482825],[12.240896064795868,43.75440439118896],[12.240663291956459,43.754517100745474],[12.240613822391056,43.75454106429986],[12.24019052978121,43.75474190213425],[12.239773715125567,43.7549700532317],[12.239709685519616,43.75502162567827],[12.23957446091919,43.75513034781581],[12.239541534049469,43.755156636138224],[12.239242220284366,43.755363267458584],[12.239123500924059,43.75542185162679],[12.238913135982946,43.7555256587154],[12.238758275827102,43.75560207681522],[12.238517230835827,43.75569569385511],[12.23830813686141,43.75577690251721],[12.237895207589927,43.75594166706503],[12.237753418027284,43.75600871257646],[12.237591942131086,43.756085314899735],[12.237305161084135,43.75625198583116],[12.237233652859052,43.75629354483591],[12.236992210258204,43.75648045356843],[12.23670359829276,43.75661337306951],[12.236325609629997,43.75678745284707],[12.23609733217635,43.75688762097825],[12.235930781583344,43.756960703159024],[12.235755310816984,43.75703770042128],[12.235489537237454,43.75713443375212],[12.23535012095825,43.7571851752516],[12.235006946555185,43.757297473249274],[12.234880823772395,43.75736285585319],[12.234722192017122,43.75744509060096],[12.234276643679808,43.75767606050042],[12.234039210546463,43.75779914326416],[12.233970149135038,43.75783236412697],[12.233772173609577,43.75792216187493],[12.233671305076934,43.75796791472681],[12.233362012584944,43.7581082026427],[12.233064683133753,43.75823604518968],[12.233020497344132,43.75825504359239],[12.2326931278922,43.75838269321043],[12.23263245838977,43.75840459715342],[12.232456116544567,43.75846826037562],[12.232228114998435,43.75855057300309],[12.231846739549185,43.75868547602379],[12.231240654689389,43.75889982854775],[12.230998822322551,43.75898540037756],[12.230625901216463,43.75908147751891],[12.230511423927894,43.75911097012141],[12.23045731830599,43.759125917639416],[12.230014038087774,43.75925271917753],[12.22973346318977,43.759332975823895],[12.229663344408618,43.759353372742765],[12.229532103186463,43.75939265422913],[12.229402573278689,43.75943142349315],[12.228992285579219,43.759554222270275],[12.228788809661237,43.75956767706501],[12.228619678488133,43.759578860241895],[12.228554262319117,43.75958306349155],[12.228169150470741,43.75959430651573],[12.228089328324812,43.75959663628335],[12.227780271293096,43.759442179909385],[12.227648430904729,43.759376289317196],[12.227529064902999,43.75924128536966],[12.227320168796384,43.759005020657526],[12.22725966842678,43.758936593583414],[12.227180353376651,43.75882017701859],[12.227068641329845,43.75866152975769],[12.226995108298093,43.75856404914652],[12.226960829137623,43.75851860709121],[12.226862631203703,43.7583984384322],[12.22680303756211,43.75832550906151],[12.226608403698929,43.75813241930012],[12.226535061602986,43.75789395185634],[12.226372973723386,43.75768024821617],[12.226200485968569,43.75763510101576],[12.22603985465859,43.757593092008065],[12.225999509992334,43.75758487755103],[12.225671377999497,43.75754022239296],[12.22557443506161,43.75754240655545],[12.225420731278113,43.757545869998836],[12.225217857839832,43.757479883628214],[12.22499883737739,43.75730488144167],[12.224937096640828,43.75727343932471],[12.224663605584333,43.75713428643386],[12.224370651886586,43.75690434983422],[12.224296652825824,43.75687948560173],[12.224218009141671,43.75685276636086],[12.224043509451816,43.756794146195155],[12.223786161784524,43.75671670374995],[12.223733379026456,43.75670427772528],[12.223665386813865,43.756689617937276],[12.22343909917698,43.75664083024756],[12.223267406702496,43.756607634974195],[12.223114104541754,43.75652178601119],[12.223027496367584,43.756473734266166],[12.222748767992108,43.756497020987375],[12.222584434003855,43.75650543083057],[12.222488958199275,43.75651031784965],[12.222323503952673,43.75657001810645],[12.222196854153278,43.75662209835851],[12.222089554330937,43.756707598116556],[12.222039772638167,43.75669340930766],[12.221998968202103,43.75666706303102],[12.221856398427725,43.756475642467215],[12.221782399701217,43.75632075957419],[12.221727302223044,43.75620543752289],[12.221549871549778,43.756052888656974],[12.221493477180694,43.75607248546287],[12.221160910525578,43.7563126318728],[12.220922572358758,43.75648473297066],[12.220883645344513,43.756512840882785],[12.220565864034327,43.75679708419562],[12.220395161504515,43.756949769535105],[12.220208076917624,43.757117103995434],[12.219966171544312,43.757195279031365],[12.219780743683907,43.75725520126595],[12.21934787378813,43.75724696546965],[12.219208778027486,43.75724431947741],[12.218846208355536,43.75720052287143],[12.218724856917484,43.75721061173866],[12.218518504601343,43.757227767484515],[12.218247645942826,43.75738845694354],[12.218161040071323,43.757462922332344],[12.218119263424128,43.75749884252292],[12.217879560787015,43.75770493962983],[12.21751629320576,43.757877234967964],[12.217353044222039,43.7579358548073],[12.217162747543622,43.75800423710216],[12.216907812218427,43.75803551827642],[12.216679855250057,43.75806341977846],[12.216555728913384,43.75806796738058],[12.216123808535693,43.75808752798611],[12.215538467828376,43.75805899891077],[12.21542860239603,43.75805012493873],[12.214877264673005,43.758005593120515],[12.214326723719783,43.75793106163549],[12.214151055253057,43.757885397801424],[12.214107477665785,43.75787403526546],[12.213608687982884,43.7577442003613],[12.21289402587979,43.757620262464734],[12.212143603441138,43.75752433502034],[12.211330687828427,43.75742115795112],[12.210675641554745,43.757250513021646],[12.210135670377952,43.75725762525307],[12.209721783278562,43.75718279821648],[12.20931065306654,43.75707281275504],[12.209197828520287,43.75643085669825],[12.209120920819151,43.75599326002706],[12.209149545491108,43.75583983479283],[12.20920301592806,43.75555429770771],[12.209247846274852,43.75526043322924],[12.209282271888613,43.755103495683926],[12.209292502823955,43.75505645233998],[12.209319381136801,43.75493078639508],[12.209326702206804,43.75490188359459],[12.209343603218903,43.754824891555785],[12.209381325592707,43.754655754611306],[12.209409180256635,43.75453069952799],[12.209472632262184,43.75415122339467],[12.209505944573177,43.753896115693735],[12.209522193222979,43.753771695625886],[12.209557848028057,43.75346092055596],[12.209570899241657,43.75334717640082],[12.209581730140101,43.753027258536875],[12.209592963804157,43.75254076972145],[12.2095891772892,43.75234459944386],[12.209583323319851,43.75204136274956],[12.209535061177933,43.75157455285533],[12.209465416550527,43.75128840851478],[12.209420629449541,43.751192149388636],[12.209349639037262,43.75103957303379],[12.209328485547282,43.750959129157835],[12.20926973200165,43.750735710461896],[12.209198141182949,43.750512632737426],[12.209115103191294,43.7502538834083],[12.20908294756952,43.75017290689813],[12.209057836689846,43.75010967230534],[12.209017383801779,43.75000722208009],[12.208980196880164,43.74987954110641],[12.208840103966292,43.749640391707345],[12.208588990198386,43.74938635547908],[12.208491282121596,43.74927205950038],[12.208334392017868,43.749230701749646],[12.208259808105991,43.74921104016012],[12.207915150277737,43.74909467907318],[12.207545850670469,43.7490223230453],[12.207292300495054,43.748972627695835],[12.207168050166462,43.748972101467004],[12.206823441242316,43.748972292106004],[12.20654078282809,43.74892573995738],[12.206309714629265,43.748887685209986],[12.206090690892939,43.74880620300916],[12.205892826771827,43.74873263977051],[12.20576959359818,43.74868677446462],[12.205386539460783,43.74854897554195],[12.20500837879284,43.74841554050401],[12.204582273001543,43.74825643732003],[12.20441865995406,43.74818506765182],[12.204183354229155,43.74808306917852],[12.203759155748426,43.747901403877954],[12.203261384590355,43.74770829614777],[12.203107266901373,43.74765265522062],[12.203051656321415,43.74763257768591],[12.202625049099627,43.74747855905485],[12.202329856983399,43.747397068629915],[12.202062549328176,43.747323274734896],[12.201444337337854,43.74718769494858],[12.201329023372164,43.74714751342297],[12.201288420530974,43.74713340206815],[12.2012055824577,43.74710449401519],[12.201073504168143,43.74705840341844],[12.200931767524315,43.74702595510453],[12.20078293240956,43.746982615363244],[12.200594605521529,43.74692777694212],[12.200287768310671,43.74684067356931],[12.200134016032905,43.74679693690296],[12.199964345851349,43.7467203565067],[12.199660238206748,43.74658255398795],[12.199539736482134,43.746496018570284],[12.199309354467484,43.74630411648007],[12.199106647123811,43.74606915641212],[12.198963707754727,43.745848071047554],[12.1989408430637,43.74581270841473],[12.198858094301288,43.74570203822952],[12.198784491418671,43.745603602912865],[12.198704513027995,43.745513977601654],[12.198596934094333,43.74541313035269],[12.198382790972728,43.745216123939045],[12.198208259317967,43.745160141537525],[12.198008483424724,43.745096061610575],[12.197866715896408,43.7449784806731],[12.197665261072732,43.74481139287016],[12.197878437264416,43.74452800258159],[12.197903774972403,43.74449431930943],[12.198067565819423,43.74431113546495],[12.198061358695266,43.744072988769325],[12.198105612069003,43.743859909179754],[12.198118264357685,43.743620513072145],[12.198119515022022,43.74359392555246],[12.198141614956725,43.74334121635011],[12.198199141084716,43.743168530921324],[12.198233953527971,43.74306403153514],[12.19849143370225,43.74282723714572],[12.19855737361668,43.742708339155925],[12.19860048079003,43.74263061355002],[12.198687436595979,43.742500007693266],[12.198771510790701,43.74237373204875],[12.198906260879967,43.74226909042193],[12.198934074248564,43.74224763244492],[12.199127817578832,43.74209815439574],[12.199242057300301,43.74203758281044],[12.199282573971113,43.742016536792356],[12.199468655435094,43.74191983133206],[12.199720081424417,43.741788773643734],[12.199887231386707,43.741711730907596],[12.200156082499708,43.74158778449644],[12.200188014741324,43.74156829233308],[12.200411758214264,43.74143354335642],[12.200649731312504,43.741290284003135],[12.200591298343344,43.74076899751992],[12.200586553093421,43.740724792943546],[12.200585571303025,43.740655360099765],[12.200583879232436,43.740526801866636],[12.200558904077425,43.7403204281167],[12.200501114010827,43.74018564907881],[12.200471564743227,43.74007978927839],[12.200351534318125,43.739750034673904],[12.200292617693266,43.73964392295508],[12.200273752922644,43.73957215078842],[12.200199895887197,43.739486004809834],[12.200066505915848,43.739342213613945],[12.200042998721623,43.739311344711865],[12.19989746836842,43.73906501206846],[12.199743109700648,43.73873655642809],[12.199712879662803,43.738623894591825],[12.199700814767382,43.738579333278835],[12.199644893490454,43.73837434055748],[12.199637882812587,43.73834359630587],[12.199592138684716,43.73814173511129],[12.199568146049819,43.73799081182019],[12.1995501036152,43.73787731772967],[12.199509778473999,43.737761405815505],[12.199463736454057,43.7376500584875],[12.199354902940948,43.73750472930404],[12.199242861155655,43.73735473706744],[12.198894902377338,43.737116666764784],[12.198581044655912,43.73695569325731],[12.198495965299745,43.736911996813696],[12.198387169866432,43.736860226934255],[12.198129685490647,43.73673769089594],[12.197748982052278,43.736540667280785],[12.197692342976488,43.7365113541878],[12.197585049113613,43.73643331579072],[12.197364561369534,43.736272944572725],[12.197108387026455,43.736067345645836],[12.197013222688604,43.73598462478377],[12.1968205902515,43.735792999111894],[12.19664792931951,43.73554207648876],[12.196462466886155,43.735217815491964],[12.196433897471701,43.73516241940613],[12.196410970427493,43.735117752144895],[12.196256502620336,43.73481843647065],[12.196198937718524,43.7346714763628],[12.19613615409258,43.73451119427234],[12.196079383083061,43.73424628849965],[12.196032934328535,43.73400089921478],[12.196015744061459,43.73377628355395],[12.196002338471434,43.733601112496075],[12.195993141425634,43.733326754951015],[12.195989677460314,43.73322338871416],[12.195995183673643,43.732971086437246],[12.195986437191161,43.7328767813198],[12.195966034620625,43.73265678959355],[12.195829062214262,43.732431023056506],[12.195641423461412,43.732121179938076],[12.19538176133228,43.73199338745442],[12.195191628706128,43.731899683543446],[12.19501835598067,43.73189584035015],[12.194832690897007,43.73189172150462],[12.194632657386748,43.7319243227713],[12.194503623676033,43.731567792746475],[12.194349408777779,43.731138651345745],[12.194292420557412,43.73090647401921],[12.194236516335716,43.73067494247977],[12.194128552311314,43.73022780123098],[12.194094004287022,43.73008471663903],[12.194072687076195,43.73002169202195],[12.193991882858139,43.729781462819865],[12.193931810702527,43.72960307803259],[12.193877093719959,43.729334502287465],[12.19386075057619,43.72925427183058],[12.19381867237902,43.72904774171148],[12.193785907856814,43.72888687601029],[12.193774493714722,43.72883082288924],[12.193737767648049,43.72865051280111],[12.19370326784783,43.72848114876734],[12.193696443958947,43.72844773930194],[12.193639490243104,43.728304013554045],[12.193620036931922,43.72825371779383],[12.193561884705783,43.728090461344344],[12.193533525869205,43.728029192024934],[12.193520367463725,43.72799514581474],[12.19346538522786,43.72785256857239],[12.193363423020228,43.727593532969294],[12.193345792618038,43.727548720506924],[12.193299041265897,43.72744067024138],[12.193288221205957,43.72741477682291],[12.193152589311849,43.72710398087674],[12.193139731461272,43.72707445757621],[12.193041025284959,43.72684615431555],[12.192975399075248,43.7267292304702],[12.192959392124582,43.726701956901216],[12.192933987880295,43.72665945411981],[12.192872286271376,43.7265478026434],[12.192686968242922,43.72621950560523],[12.192656372421775,43.726162407706326],[12.192588449973963,43.72603925271682],[12.192557187422123,43.72601937329447],[12.192519075790718,43.72599480466785],[12.192491247376347,43.72597677212397],[12.192337247901063,43.72587954383637],[12.192200259744144,43.72579230880483],[12.191920021037152,43.725614189597536],[12.191856114685566,43.725573325563836],[12.191834755444438,43.72554867105414],[12.191667117856957,43.72534492500749],[12.191559053826682,43.72521356938928],[12.191495992085397,43.72513691229916],[12.191365041164499,43.72497771422291],[12.191298070915519,43.72489650884836],[12.191123386283063,43.72464084057761],[12.191000021602779,43.72446010031292],[12.190886187901516,43.72429257512035],[12.190858691584724,43.72425345434225],[12.190772803595362,43.72412746724429],[12.190643210621941,43.72407819588606],[12.190602752754609,43.72406083449367],[12.190509372088753,43.72402665803139],[12.190360763425518,43.72397085278353],[12.19030077250428,43.723948627855805],[12.190252824447182,43.72393099663758],[12.189999947076377,43.72383388072858],[12.1898027634609,43.723636076582146],[12.189768641626022,43.72360116870372],[12.18963359409026,43.72346678360988],[12.189602779960167,43.723436135483304],[12.189525716517096,43.72336066608789],[12.189595015293367,43.72328477083753],[12.189647550775444,43.72322486462281],[12.189717186630878,43.723148028939306],[12.190126694941563,43.722687355859044],[12.190181163558023,43.722626047592335],[12.190537626281069,43.722225145184936],[12.190647786245943,43.72210120478895],[12.1907344775621,43.72200370647412],[12.190766022269358,43.72195396492129],[12.190828610892579,43.72185503598199],[12.190881406488673,43.72177233544316],[12.190910134892835,43.721727537040614],[12.190989126427972,43.721603689429166],[12.191067436461502,43.72148082956396],[12.191177759085521,43.72130782325486],[12.191339363212558,43.72105444794102],[12.191470439395998,43.72084897246802],[12.19161680394117,43.72061955735991],[12.191734736565577,43.72039117989343],[12.191905924779771,43.72005967340612],[12.191970602971168,43.71993442455004],[12.192059240061802,43.71976277625099],[12.192207857291779,43.719475305245496],[12.192258149379992,43.7193764959894],[12.192266656913516,43.71934572070345],[12.192334424622663,43.71902364573419],[12.192350441804358,43.71895962552714],[12.192357593173849,43.71892325837576],[12.192441007899433,43.71856985279755],[12.192445486664079,43.718529493563835],[12.19246848183775,43.7184259670676],[12.192432578267436,43.71828673614363],[12.192395434531548,43.71812292931541],[12.192341930737923,43.717932924644366],[12.192275420191683,43.71767477644223],[12.192217091793053,43.717451384534215],[12.19228536942127,43.71733679200361],[12.192317516904232,43.717281851742385],[12.192359727072247,43.71721533818279],[12.192454191976571,43.7170486566905],[12.19262020855934,43.71676506972335],[12.192650405224654,43.716713489928836],[12.192866763798417,43.71634408440892],[12.192931580131825,43.716298418628156],[12.193262683909621,43.71606376783698],[12.193373517574114,43.71598598663309],[12.19340813723154,43.71596039616144],[12.193545593032116,43.715859533918284],[12.193580676278351,43.7158380899612],[12.19399121209048,43.715547360293726],[12.194141663130061,43.71541257216051],[12.19418829133879,43.71537084741049],[12.194285340181887,43.71528308901296],[12.194543329357987,43.71505326094995],[12.194700067334567,43.714911957853225],[12.194733850710698,43.71488536849956],[12.194845743322778,43.714784465425346],[12.195010578891845,43.71463790608045],[12.195166150383955,43.71449821236182],[12.195231196602318,43.71444158180128],[12.195329526591435,43.71435740599628],[12.195353237964472,43.71433688654355],[12.195375082775255,43.714315299307124],[12.195788930618518,43.71397578863021],[12.195921402137886,43.713865691463],[12.196103164163986,43.713714623294265],[12.196329040025725,43.71357362995934],[12.196435910965107,43.71350712171749],[12.196518903599282,43.713455699744486],[12.196568952920419,43.71342411592164],[12.196614705563537,43.71339555143081],[12.196665839141394,43.713363608590576],[12.196848552976004,43.713249943885174],[12.196953597729173,43.71318382391029],[12.197040898363468,43.71313119964373],[12.197118392333998,43.713099808717445],[12.197266102229793,43.71303330955165],[12.197727984542798,43.71283415546809],[12.198180827728665,43.712639081801065],[12.1983372626422,43.71258634423665],[12.198386284840723,43.71257056400212],[12.1984463236278,43.712550625342445],[12.198945335246272,43.7123841248218],[12.19919482754913,43.71230092003871],[12.199241838985513,43.712285241690225],[12.199335496077849,43.71223760097694],[12.199552208139478,43.7121263123781],[12.199669284441166,43.71206619020728],[12.199734188317045,43.71203285985555],[12.199887494983845,43.711953532792755],[12.199958857726052,43.71191588878883],[12.200033715778494,43.71187850421648],[12.200099454560597,43.71184254019658],[12.200148232054218,43.71181778165101],[12.200275451774033,43.71170094807634],[12.200340311827635,43.711641293802444],[12.200388021048767,43.71159739432733],[12.200418925776617,43.71156908600858],[12.200460751108894,43.71153088575833],[12.200759874359985,43.71125234595077],[12.20080968737451,43.711133903762985],[12.200852356240821,43.71102625422325],[12.200988932334734,43.71067849431092],[12.201053152999537,43.710514990748266],[12.201100166443359,43.71039543756989],[12.201167778340745,43.710223541407935],[12.201178520218837,43.71019623029955],[12.201297853584482,43.70994212605503],[12.201345986194772,43.70983795687877],[12.201379502267233,43.7097684875288],[12.20151294897961,43.70948460051873],[12.201660140657742,43.709308962028025],[12.20174245547207,43.70920909307801],[12.201871029897623,43.70905586070816],[12.201897962367823,43.70902364158659],[12.201977158577774,43.708850359497],[12.202106373243353,43.70856763483273],[12.202135716102893,43.70850256246221],[12.202147411021079,43.70847426027669],[12.202183777218831,43.708394908839345],[12.202220104982418,43.7083146050159],[12.20233145505796,43.7080751468576],[12.202361691295836,43.70802668300999],[12.2025487062087,43.70772693030889],[12.202513127260062,43.706890108627334],[12.202510605562264,43.70683079973086],[12.202499769056914,43.706575885531976],[12.202721959879895,43.705156143403826],[12.202746760427859,43.705003693136426],[12.202887920506782,43.7041367055064],[12.202964975101303,43.70366451284965],[12.202978447853976,43.703569323597996],[12.203136329277084,43.70245254632374],[12.20307921115484,43.70209922745766],[12.203073777358357,43.70206561379802],[12.203052176061076,43.70193741901561],[12.202583509380862,43.702022385058356],[12.202568386727059,43.70199674726371],[12.202544212430372,43.70195357635735],[12.202525798108088,43.701920451874045],[12.202539050156235,43.70185853794546],[12.202557433789258,43.7017777846783],[12.202520352272373,43.70161039219813],[12.202464420389479,43.70148778694459],[12.202478277934489,43.70137936104305],[12.202484638978678,43.701328258007926],[12.202490794580896,43.70128007691251],[12.202509256964486,43.70110643228332],[12.202514053599096,43.70106502739151],[12.202518134819613,43.70103404501156],[12.202610113348275,43.70094933334442],[12.20265306923708,43.70090831042289],[12.202643679703996,43.70087700449766],[12.202590624712562,43.700712218131684],[12.202569858306845,43.70061535751664],[12.202558630483983,43.70056219623703],[12.202585367693246,43.700501838896216],[12.202617499588323,43.7004304470176],[12.202673734171674,43.70030466523866],[12.20275544427321,43.70021777544192],[12.202844601372444,43.7001221334445],[12.20289436006183,43.700042347546876],[12.202946083718368,43.699959453480325],[12.203013234877332,43.699851806843085],[12.203024450839262,43.69948010751081],[12.203112765552534,43.69915801461964],[12.203236256212001,43.69889215646192],[12.203275467213299,43.69883517550887],[12.20328532358088,43.69878629272029],[12.203284360200566,43.69876018217205],[12.203276777187293,43.69856820076121],[12.203410563567788,43.69849407305294],[12.203490723116147,43.69844965802433],[12.203525780873688,43.69841818469972],[12.20366370193433,43.69829426570902],[12.203860799683964,43.698117408611644],[12.204188586448195,43.697861319941275],[12.20476071250089,43.69741359851438],[12.204818981791314,43.697367981844764],[12.204947996533509,43.69726698075678],[12.205157841699421,43.69715794766886],[12.205267657077663,43.69710078215872],[12.205313082466109,43.697076855563616],[12.205373574808467,43.697048507624665],[12.20539405673209,43.697101395365145],[12.20557494542537,43.69756736731328],[12.20561501010472,43.697627111404294],[12.205956050883678,43.698135621806365],[12.206016454386704,43.69822571485175],[12.206153536519503,43.69837942244098],[12.206257940404855,43.698495785078784],[12.206594231670508,43.69876319250588],[12.206739966197597,43.69881311899283],[12.206904273954304,43.698869277069804],[12.207247245798685,43.69888022322558],[12.207354519651108,43.69888364028326],[12.20718250907534,43.69897400242772],[12.206921472023126,43.69903841321373],[12.206698711147103,43.699093379009106],[12.206789930581747,43.69926187874808],[12.206944026342992,43.699546590379725],[12.207035997399727,43.69971591601278],[12.207144754036065,43.699861912461984],[12.207356524017339,43.70014629108345],[12.207618729553237,43.700497950622115],[12.207647482001947,43.700536511789025],[12.207672956439518,43.70055994670635],[12.20793411885776,43.70079180499903],[12.208531627784696,43.70076826466601],[12.20905920807467,43.70077144382112],[12.209118223837011,43.700772000967646],[12.209373043547329,43.700780631028536],[12.209702223909003,43.70072861267756],[12.209759460033768,43.700710718578584],[12.209800770635548,43.70069795835262],[12.209860469240617,43.70067937555339],[12.210260710361059,43.70055535533243],[12.210546253820665,43.7004738338971],[12.210786318625024,43.70040552717193],[12.210894835277529,43.70034620496873],[12.210936681618476,43.70032564228888],[12.210968291713419,43.70031029226124],[12.211032504769282,43.700279594870715],[12.211179744712199,43.700265370525095],[12.211469603475386,43.70023799838159],[12.21154329385423,43.700231183780915],[12.21162600881925,43.70022885735873],[12.211921215938176,43.700220553941364],[12.212285506383301,43.70030278670789],[12.212407755264056,43.70038468107801],[12.212744715764634,43.70037928747967],[12.212965708246925,43.70037573441484],[12.213741639036265,43.70030061612663],[12.21380947623833,43.70029402241777],[12.213884926508788,43.70028661206914],[12.213955803772855,43.70027996692036],[12.21411395811219,43.70026469060728],[12.214670619618428,43.70021109024387],[12.216166786783553,43.69996935081662],[12.216699463446515,43.699883473836366],[12.217890499781767,43.69966246881894],[12.218135548482628,43.69961679629812],[12.218358255673841,43.69957563698742],[12.220296500223789,43.699620025482375],[12.22087978912321,43.699634360825236],[12.221383468057248,43.699646737293406],[12.221671952107602,43.69965382561208],[12.222035804010025,43.69966276330308],[12.222172791824338,43.699666128340624],[12.222440027858093,43.69967028860118],[12.22402333861392,43.6996949214499],[12.224781177920658,43.69972600807263],[12.224850566526664,43.69972879766128],[12.224891099819304,43.699730348500495],[12.225453455090573,43.699753941644296],[12.22703859994325,43.70038402525034],[12.228408488361023,43.70101133525126],[12.228501683958994,43.70105392302595],[12.228936391979179,43.70125634410367],[12.22955716734185,43.70154540239186],[12.229757784589678,43.7016388374766],[12.229978158548665,43.70174142972491],[12.230027855338886,43.7017591856903],[12.23008335232615,43.70177917694126],[12.23039798212576,43.70189206318345],[12.231420698790506,43.702258815363],[12.231877515735308,43.7027343119836],[12.232301668132132,43.70317922068433],[12.233223109838235,43.704620661635566],[12.234154899655346,43.70610032683711],[12.234281579345053,43.706301300223465],[12.2348477208119,43.70736565103173],[12.235429953876272,43.70826748511625],[12.23626246681269,43.70911098131726],[12.236467049186668,43.709318480973394],[12.236670171788964,43.709402755552304],[12.237093518874751,43.70958115547561],[12.237851256666877,43.70990046152137],[12.239201426900902,43.7107714928887],[12.239755365023148,43.71127560808796],[12.240323928885548,43.711793021115305],[12.240918750740851,43.712483895349486],[12.24111842781636,43.71271581033184],[12.241270321526237,43.713266808790785],[12.241349917932471,43.713555543166656],[12.241315449879798,43.71544719930729],[12.24134849879471,43.7156542805502],[12.241357527807747,43.715707326466614],[12.24138689622103,43.71589328239453],[12.241424812944858,43.71613261658133],[12.241431375512109,43.716173697798155],[12.241441414392511,43.716237403751144],[12.241522117389597,43.71674679890807],[12.241672112271543,43.71710337652082],[12.241697946548271,43.717164791027386],[12.242105962285539,43.718134725070364],[12.242639990303772,43.7192809422513],[12.243019938055554,43.71995616641055],[12.243243640112743,43.72035322125192],[12.243292875846686,43.72053023377712],[12.243418291418045,43.72098112687986],[12.24355173481285,43.72146086879799],[12.243753282150523,43.72220235966249],[12.243884586101384,43.722279708506015],[12.244086606842465,43.72240001405111],[12.244306053196532,43.72212772901204],[12.24443563478614,43.72196694590825],[12.244577739732014,43.721541072223275],[12.244905730597052,43.72055808873778],[12.245056572279315,43.72015238467842],[12.24549100523599,43.71898389636904],[12.246090911748707,43.7180394623056],[12.246131647087047,43.71797532977732],[12.247064901637389,43.71715464292161],[12.24731662964631,43.716933273145926],[12.247392701123383,43.71688044900292],[12.247798694104794,43.716598554205255],[12.24798869858231,43.716466299381224],[12.248668523443627,43.71599449579756],[12.24886483528257,43.71576603990995],[12.24924402521921,43.71532470876085],[12.249731181150796,43.71475782271224],[12.250058264104908,43.71440701444955],[12.250091347037117,43.714372045712565],[12.250198344128576,43.71425701075895],[12.250611072689587,43.71381444754255],[12.250877693658566,43.71366869674606],[12.251644754966433,43.713249365765805],[12.251792518880587,43.71316858642318],[12.2530269200601,43.712584227475645],[12.253280823492842,43.71258668193202],[12.254442638271925,43.712597904649456],[12.254628031531881,43.71263662665409],[12.256225333557627,43.71297022996513],[12.256766295688763,43.71300984762291],[12.257994886590415,43.71309981515069],[12.259828071752816,43.71302948549761],[12.261442762404862,43.712821316719726],[12.262799819919339,43.71244042247064],[12.263972923335409,43.71210078392796],[12.264257433161292,43.711872493026],[12.264679846245281,43.71153353259027],[12.264756554059504,43.711471991405105],[12.264945877328168,43.71132009435606],[12.265043320058357,43.71124188378851],[12.265112231635339,43.71111386799812],[12.26526526654712,43.71082957659319],[12.265358343206904,43.7106566688173],[12.265392798365767,43.71059266039739],[12.265717234366322,43.710196241704104],[12.265842015896707,43.71004377533471],[12.266026978546384,43.709817772641046],[12.266486812906562,43.70925589929072],[12.266696375294716,43.70883387335362],[12.266990202941873,43.70824214037034],[12.267355946616082,43.70766447001168],[12.267253181845561,43.70737086724435],[12.267211304041842,43.70736150288706],[12.266436372481571,43.707186601180794],[12.266350346005751,43.70702686413764],[12.266146341569694,43.70664570118314],[12.266189319318862,43.70661690820281],[12.26607605187942,43.706514448569],[12.266006351986322,43.706451331307996],[12.26598930207304,43.706413475748505],[12.26521356701691,43.70474418400354],[12.265195028905188,43.704704273103204],[12.265273510630177,43.70469223678579],[12.265370850226475,43.70467732476173],[12.26540717032096,43.70467181053255],[12.265849561461357,43.70460429731278],[12.265986300028136,43.70456818770117],[12.266458472354344,43.704443685593866],[12.266600065284116,43.704405888707946],[12.266937106862104,43.70431743996818],[12.266969226660956,43.704301557474665],[12.267044185669178,43.704264187307565],[12.267161049930476,43.70420586749391],[12.267238330272807,43.70416769070599],[12.26763944633792,43.70405816456836],[12.26775244208205,43.70399871780451],[12.267765678139677,43.703885912987516],[12.26759760009068,43.70378373866711],[12.267545189163629,43.703751769655305],[12.267487753297551,43.70372082673914],[12.267345782631052,43.70364497246078],[12.267284707641915,43.703590507113],[12.267242211079795,43.7035214577704],[12.267236871105695,43.70342323869979],[12.267272879625585,43.703366221304556],[12.26738549550184,43.70330656068959],[12.267443826618942,43.703290592449164],[12.267498635585165,43.70327571803521],[12.267740366220544,43.70320931004844],[12.267717012624237,43.703177813202224],[12.267972857030976,43.703064900302145],[12.267986093859687,43.702952096326996],[12.267862418379142,43.70281510342726],[12.267701589016674,43.70270728198838],[12.26756549703644,43.70255939897429],[12.267507364161848,43.70249593987344],[12.267083988661174,43.7020363491526],[12.267039271939867,43.70195521958812],[12.266939017542136,43.701773329493136],[12.266847658580351,43.70160763743547],[12.26669862203097,43.70144784320202],[12.266639478872982,43.701384869015726],[12.266606860265425,43.701349925832176],[12.266551638117063,43.70129084319314],[12.266440374075595,43.701171905391156],[12.26637322454169,43.701099772357956],[12.266325981521291,43.70104953397975],[12.266271748904726,43.700991545606676],[12.266213784485679,43.700958281691555],[12.265991735641505,43.70083108632267],[12.265879556208676,43.70076642625819],[12.265862299060927,43.70073906362634],[12.265808084535982,43.700650221085446],[12.265695211624605,43.700419336443304],[12.26560518248303,43.70023566982913],[12.265425457943131,43.69997104014058],[12.264067333478495,43.697971235196434],[12.261805912491079,43.694640996971515],[12.261721099292789,43.69462683743764],[12.260962662462557,43.694622509320546],[12.26028697501831,43.69461868189867],[12.260144668969977,43.694618159682655],[12.260042819745523,43.694640226659445],[12.259712695116301,43.69471273773276],[12.258354446524839,43.69501106317348],[12.25680237735605,43.69499232018831],[12.256460352636989,43.694849459852094],[12.25632866845821,43.6947944560941],[12.256136535153763,43.6947142029674],[12.255673413651607,43.69452075735295],[12.255427155452578,43.69428439728292],[12.25503992715515,43.69391191875528],[12.255017959371507,43.69389078757162],[12.25496545984961,43.69384726846481],[12.254766866120137,43.693682641617684],[12.254251479226712,43.693255398057424],[12.253914956963348,43.69231064480163],[12.253743303793335,43.69189013304327],[12.253599139490712,43.691533208765044],[12.253499737048216,43.69128710291739],[12.253442240746363,43.69092911794106],[12.253331324710485,43.690238521904334],[12.253472169997934,43.689631290856575],[12.252750452224394,43.688904582980406],[12.251650072917572,43.6882876898192],[12.250681857218412,43.68782007913858],[12.250524876778574,43.68773981501777],[12.250463254726379,43.6877083478272],[12.249814215794363,43.68737660776413],[12.248546533088115,43.68710656951947],[12.24786975105729,43.686552892278776],[12.247780695123133,43.686480120588804],[12.247827546399101,43.6858083867011],[12.247829333756792,43.685782904161705],[12.247836583041599,43.68567724108407],[12.24789150418843,43.68534719609343],[12.24800517558159,43.684664080906856],[12.247195670528177,43.68368774266095],[12.246306763476923,43.68284870496548],[12.245416652110233,43.682216770172644],[12.24508240290978,43.6815040285779],[12.245070548961223,43.68147627235142],[12.245178347338916,43.6814743405117],[12.245766904082187,43.681463974974925],[12.246596807140584,43.681440381076165],[12.247197441384216,43.68130625967242],[12.247760428631826,43.68116420255349],[12.248211933577439,43.6810253139841],[12.248672908245448,43.68083213421234],[12.249108622438342,43.68063066801705],[12.249602866126844,43.680364512073574],[12.250069418019772,43.68004512307551],[12.250572150925377,43.679706694638824],[12.250954418248321,43.67943471709104],[12.251337655233225,43.67918071731906],[12.251649486816397,43.67898276966108],[12.251701258593505,43.678969871039826],[12.251743738548075,43.678959468027905],[12.252139096186205,43.67886078624186],[12.252364939848357,43.67886663075734],[12.25263599540854,43.67887364307548],[12.252991431824299,43.678981108597185],[12.253154132980972,43.67903065996647],[12.253395031326026,43.679154412442934],[12.253650704180084,43.67928589413755],[12.254166088675838,43.67964034059224],[12.254707711255762,43.68002104680711],[12.255011082560685,43.680354523180284],[12.255355507920436,43.68075885406016],[12.255811903580604,43.68116899462814],[12.256235524846513,43.68166109792082],[12.256490339840676,43.68201396066453],[12.256684197639563,43.6823865689382],[12.256774096146174,43.68267210871757],[12.256833163640403,43.68307557104224],[12.256941780075019,43.683477619133804],[12.257082202515598,43.683779724165085],[12.257480758213594,43.68364161958688],[12.257874266196081,43.68350518099804],[12.258129842786918,43.68341651670805],[12.258563209806578,43.68317926619029],[12.2586480417541,43.68313643654876],[12.25883126749142,43.68304393013952],[12.258997922422028,43.682959788703556],[12.259378137841962,43.682651894924646],[12.259536070723536,43.68249647473847],[12.259660287689515,43.68237425053561],[12.259907765637422,43.68212359060954],[12.260261819118012,43.68178936506868],[12.260539601234875,43.68142130304078],[12.260732136935365,43.68108268466714],[12.261038585168578,43.680785828531896],[12.261383167881936,43.68050588543504],[12.261779192515151,43.68025811908385],[12.26222298719335,43.67997764602247],[12.262817227622824,43.679726582677205],[12.263135886421631,43.67964108435927],[12.263343000409911,43.67958551204784],[12.263564646267287,43.67951447406089],[12.263867305911797,43.679417470951705],[12.264173894812888,43.67931155756447],[12.26437873566703,43.679240792214486],[12.264676868500112,43.67916477078164],[12.264784694791654,43.67913727536113],[12.26485593205844,43.67911910997553],[12.265392555988065,43.678908950421864],[12.265451128441022,43.67888601134281],[12.26586659747254,43.678680610718395],[12.265996915794004,43.678616182034816],[12.266224295734954,43.678503767541265],[12.266600086535073,43.67830162669832],[12.26675462326717,43.67821849855766],[12.26679332951738,43.67820392672467],[12.267206570889261,43.67804834905207],[12.26755693987668,43.67791644084724],[12.2678135869852,43.67780481527515],[12.267869698590548,43.677780411213234],[12.267981158335143,43.67773323915371],[12.268020000200332,43.677718663023505],[12.268420970986808,43.67756818769788],[12.268552535210354,43.67751881361423],[12.268837883154532,43.67740717808113],[12.269031675893302,43.677392432355035],[12.269313597919199,43.67737098011673],[12.269648485132342,43.67732947451493],[12.269880398233507,43.677300730415475],[12.270263430447507,43.67720759312114],[12.270381160998134,43.677178981351744],[12.270468058048573,43.677157853825584],[12.270598855353,43.677091205756625],[12.270866402876319,43.67695491160249],[12.271013684033877,43.6768724329986],[12.271203127776332,43.67676630914358],[12.271252468683414,43.67673865991517],[12.271469640944199,43.676602084271984],[12.271551455123204,43.6765506099755],[12.271913724277915,43.676369167664845],[12.272073376240344,43.67629902610881],[12.272187639813117,43.67624882460791],[12.272374094505464,43.67616690708273],[12.272678801506666,43.67602693548321],[12.272833972418487,43.67595565452612],[12.273295500724268,43.675961737267215],[12.273479467234703,43.675964160415155],[12.273938646304073,43.67620291877467],[12.27426187463923,43.67643690711224],[12.27435380912045,43.67663688894346],[12.274388512104201,43.67671237616903],[12.27454285669277,43.677041070468675],[12.274572346551597,43.67707873470228],[12.27459682699292,43.677109191371265],[12.274835889775511,43.67741080367956],[12.275295961658738,43.677658701662935],[12.275855121082206,43.6779037551009],[12.27624690593592,43.678036566847155],[12.276683339293989,43.67807806276171],[12.277378888612441,43.67809411432911],[12.277911467527467,43.67807882595352],[12.278003045649982,43.678079746998144],[12.278093784576182,43.678081248466704],[12.278308781465027,43.67808542443385],[12.278423163577692,43.67807880918537],[12.27892707790476,43.67804966454383],[12.278990880932206,43.67804161557163],[12.279296683542526,43.678003037103295],[12.279606650672811,43.67795955473669],[12.28002301586922,43.67790114526013],[12.280221513740157,43.677860945106545],[12.280489257603305,43.67780683482114],[12.28054514697768,43.677809611047124],[12.280839816416634,43.67782484064115],[12.281049049046613,43.67783565405154],[12.28146399911259,43.677896756770785],[12.281611788398763,43.67791851828573],[12.282091095136975,43.67802212669321],[12.282126459609927,43.67802977047979],[12.282509881394896,43.67820330517577],[12.28272661822955,43.678301398556734],[12.282762413991547,43.678317599107345],[12.283275446882499,43.67863146431787],[12.283353248985351,43.67867874723175],[12.283677121143754,43.67893953173392],[12.28379814276726,43.679066617533046],[12.284019348144222,43.679298822125915],[12.284282546057208,43.67950283460738],[12.284433693680072,43.67962010029873],[12.28461088636328,43.67974610067817],[12.284846815206842,43.679914250938936],[12.285096875171224,43.68017715472922],[12.285283536574823,43.68041487210709],[12.285512265896939,43.68074141100312],[12.285958929483582,43.681196725938264],[12.28612426210677,43.68149807800199],[12.286383668821646,43.68193177110409],[12.286480809860688,43.68206284640921],[12.286542558396228,43.68214604062188],[12.286618588109679,43.682231811037795],[12.28674266200652,43.6823716003802],[12.287612550174245,43.68262565770317],[12.288249660657229,43.68270634760939],[12.28909331273342,43.68293413918253],[12.289833945814866,43.68309286708598],[12.290700904961854,43.68329296615044],[12.291198552048641,43.68338378455149],[12.29133999482341,43.683409594041215],[12.291615568899878,43.68349134127164],[12.292197528999377,43.683663972328624],[12.292259754454555,43.683689644594914],[12.292328308345825,43.68371792268043],[12.292452491375943,43.68376915051355],[12.29276870419408,43.68389959336703],[12.292963798777972,43.684021585477225],[12.293154084520593,43.68414056928399],[12.29327591372001,43.68419556716117],[12.293510263579265,43.684301358174054],[12.293353927892822,43.684614756621926],[12.29193401677011,43.68746193364199],[12.291925639452323,43.68750603027745],[12.291846478851674,43.68792243493355],[12.291837704594753,43.68796889196712],[12.291963235258887,43.68797233329141],[12.29212246442973,43.68797669807941],[12.292560629557261,43.68798870786374],[12.292714126790335,43.68799291479184],[12.292956016153406,43.687999668240586],[12.293181416953788,43.687996846338415],[12.293801339442618,43.687989080429944],[12.294059468439613,43.68798584567629],[12.294313441256257,43.687767012820125],[12.29440518491519,43.68768796199345],[12.294853983367767,43.687301253533],[12.294924253286242,43.68724070520235],[12.29499764043535,43.68717903869577],[12.295268211064606,43.68695167848395],[12.295404981937963,43.68683519079682],[12.295552692993956,43.68670938388106],[12.295589819201872,43.68666526751915],[12.295762357090448,43.68646024482575],[12.295861344373758,43.68637185799213],[12.296199125700008,43.68607049934649],[12.296476031653336,43.68593619523408],[12.296553679835707,43.68590163971377],[12.296780926203773,43.68580054304296],[12.297031661583416,43.68588782363386],[12.297210875520063,43.68595018608214],[12.297376278095273,43.68625151943271],[12.297365651256548,43.68632843365569],[12.297303201442126,43.68678039881226],[12.297296344051837,43.68683003489369],[12.297443268859485,43.68724800023139],[12.297486216954033,43.68730678227512],[12.297556142219737,43.68740120808457],[12.29767122114793,43.68755747446941],[12.297815640587498,43.68766584925061],[12.297994707536775,43.687800221316365],[12.298134170997791,43.687813700844934],[12.298568468569533,43.68785567310032],[12.29875592095967,43.68783974543402],[12.299050093374268,43.68781474866013],[12.299320668295069,43.68784224700467],[12.299356539157616,43.687845881414596],[12.299530115926656,43.68785947010561],[12.299440821146495,43.68806912553694],[12.299394789883529,43.688177204241896],[12.299350576257462,43.68828101235765],[12.299246731804779,43.68852490265948],[12.299140031003361,43.68877549642221],[12.299116797604292,43.68884089517147],[12.299066912369984,43.688980283339916],[12.299000202300718,43.68916667586646],[12.298879663033762,43.689435838766265],[12.298847493977682,43.68950767098669],[12.298812301776241,43.689586252983354],[12.298780429833554,43.68968089277058],[12.298709296071298,43.689890936748824],[12.298630810211714,43.690122686660466],[12.29860279812617,43.690344155146676],[12.29857023504325,43.6906016080435],[12.298576678995499,43.690795064004],[12.29858941142031,43.691177260871385],[12.298624602110012,43.69124381221826],[12.298859061500856,43.691687200055625],[12.298880140977136,43.6917270617755],[12.298960620600543,43.69213444795938],[12.298976357595203,43.692214107346864],[12.29900040089577,43.6923358071379],[12.29905526831719,43.69288341864263],[12.299340036300055,43.69355043245976],[12.299660056831101,43.69395533291346],[12.300206037134846,43.69440772145388],[12.300584605911071,43.69452282328281],[12.301204977495043,43.69474797593016],[12.30158974188416,43.694851030730355],[12.301628073754348,43.694861393438394],[12.301871902814616,43.69492679307988],[12.302085693750415,43.694997904673116],[12.302542375633982,43.695150458058244],[12.30262073338239,43.69521546334543],[12.302712488507387,43.69529170971074],[12.30301369427209,43.695541969404665],[12.303568511728788,43.69598508269807],[12.303715597330362,43.696056362824905],[12.304094377390662,43.696239962773156],[12.304774087798258,43.69669746253806],[12.305019518313706,43.696874994576376],[12.305576141378138,43.697687106822805],[12.30573049584121,43.69789054206936],[12.305766701328102,43.69793827367577],[12.305672124694917,43.69798332011431],[12.304870396927159,43.698364842386006],[12.30463427630714,43.698509880645496],[12.304391961883523,43.698662291296294],[12.304101442358933,43.698823753687265],[12.303817134226069,43.69899067167084],[12.30368223048148,43.69906996772106],[12.303107826402222,43.69923063786829],[12.302770303143472,43.69941146321505],[12.302701346712182,43.69952309180694],[12.302543792494513,43.69977814398685],[12.302630579564788,43.69991416104757],[12.302718647587117,43.70005218563382],[12.302771595448284,43.700127157729845],[12.30290869515447,43.700321285877685],[12.303169465625489,43.70042406580283],[12.30331303280562,43.700480650363254],[12.303729970316034,43.700504599493144],[12.303800779314376,43.70052746004688],[12.303859791337379,43.70054584334995],[12.30396372684539,43.70057886342133],[12.30401485482232,43.70076094029974],[12.30404099609282,43.70085572764923],[12.304068422110722,43.70098997614254],[12.304094021593318,43.70111528679855],[12.30415202825273,43.701437718484144],[12.30416330863805,43.70150041956831],[12.304253126638148,43.70180843108254],[12.304281311953861,43.70188413166148],[12.304402366305537,43.702209257353125],[12.304426194130707,43.702330105837966],[12.304471203947607,43.70255839063557],[12.304492875308904,43.70277834036716],[12.304527371778295,43.703128469264094],[12.304532809007497,43.70322734715083],[12.304554559440279,43.703622858639434],[12.30455353082624,43.70367691262601],[12.304545047579978,43.70412241203271],[12.30453866907138,43.70443360792144],[12.304506831474825,43.70455629068009],[12.304475509805346,43.70467698317618],[12.30443626520922,43.70482821181603],[12.30441473029033,43.70490864286975],[12.304372638418853,43.70506285024321],[12.304302124657962,43.7053227683859],[12.30409862257917,43.70588235586562],[12.30411877102889,43.70604659051807],[12.304123306588288,43.70608278211386],[12.304162939047337,43.70640268059009],[12.304379496929922,43.70692760268431],[12.304395786321026,43.7070982143317],[12.304405317531346,43.70719935416329],[12.304409329670289,43.70724457317561],[12.304412684611362,43.707282062082534],[12.304439625401052,43.707569593586115],[12.304488350566766,43.70773023168294],[12.304591224500559,43.70806938530327],[12.30462975241878,43.70817629787431],[12.30479030147082,43.708621807861995],[12.304812783156544,43.70868419451398],[12.304876997099203,43.70890681104807],[12.304923524773116,43.70906811395274],[12.304981477771008,43.70926902016633],[12.304996741722235,43.70931577622971],[12.30506145515489,43.70951427910337],[12.305073531132638,43.70955131836286],[12.305118069505317,43.7096880133731],[12.305206836920012,43.70996023555901],[12.305218472514168,43.709995921751506],[12.305223600438845,43.71040992322417],[12.305224113908299,43.71045140537057],[12.3052251808755,43.710540421408005],[12.3052147080226,43.71082807139997],[12.305213485863455,43.7108603853311],[12.305205820801087,43.71106316746502],[12.305201245098578,43.711310890955936],[12.305193232330023,43.71173947633087],[12.30517739279094,43.711840309684156],[12.305131770943092,43.712127905714034],[12.30511813507897,43.71221363619142],[12.30507338770943,43.71249396553808],[12.305022373784183,43.71283986974757],[12.30501204697219,43.712909179681],[12.305110929102065,43.71294311555426],[12.305264324749569,43.71300277210038],[12.305444830834292,43.71308639539665],[12.305353869573867,43.71327592139127],[12.305205686064868,43.71348365901882],[12.305096923851075,43.71368175173327],[12.304975068362705,43.71362704944761],[12.304965271701155,43.71367842840818],[12.304918042364843,43.713925514675665],[12.304900573038008,43.713986428705624],[12.304772240246768,43.71443391377699],[12.304615308278695,43.71474006383576],[12.30448388842766,43.71496736560604],[12.30439404235179,43.71512292969588],[12.304356028377162,43.715188724675166],[12.304230268586615,43.71539044609904],[12.304193199161078,43.715449905094296],[12.304111404236245,43.71548165613061],[12.304009475473027,43.71557913922284],[12.303811181089175,43.7158603053564],[12.303534719844219,43.71619609134047],[12.303442225793859,43.716315815427784],[12.303423912703733,43.71633959892611],[12.303378288927812,43.71639868752734],[12.303194545838307,43.71649966232877],[12.302963088470715,43.71660764509153],[12.302886259236976,43.71661660026582],[12.302772719738666,43.7166299557186],[12.302726063361575,43.716620614842945],[12.302690281331621,43.71661345150231],[12.302616750199286,43.71662342299794],[12.302501830379025,43.71664553957779],[12.302410655764804,43.716663014108946],[12.302262414269197,43.716702536903966],[12.30216407523465,43.71677818422178],[12.302062501400153,43.71684564019532],[12.302010054685104,43.716880676157786],[12.301906186648264,43.71696080112197],[12.301833029776295,43.71701749187672],[12.301716364136983,43.71714367476338],[12.3016832745224,43.717179398667255],[12.301566634514018,43.71728501178211],[12.301512275548001,43.71736873758863],[12.30151167731659,43.71746681763072],[12.30151144689141,43.71749480646436],[12.301469115852047,43.71767444023629],[12.301456519702016,43.717727208904726],[12.301450072806562,43.717754363719976],[12.301442948844834,43.71781707762866],[12.301410818229922,43.71808270198266],[12.301408808646801,43.71810994006689],[12.301404546695766,43.7181726009268],[12.30140174434283,43.718213735975155],[12.301392448635953,43.71835017474052],[12.301386205457979,43.718485757261014],[12.301385142033682,43.71852786029688],[12.30138313236247,43.71861675008284],[12.30138242922049,43.71864874103026],[12.301361433362393,43.718802357810375],[12.301349764796786,43.71898277952766],[12.301341199054736,43.719061226910604],[12.301327515914853,43.71910605999254],[12.301296985660889,43.719206165093055],[12.301230684160261,43.71927850839712],[12.301210623455168,43.71930094925964],[12.301151537521955,43.719365270853736],[12.301114226496368,43.71941412906643],[12.301104788713397,43.71946784084688],[12.301065488779786,43.71970550921],[12.301036685551638,43.71977478032257],[12.300971952715473,43.719930609560684],[12.300953169050015,43.71997723945534],[12.300967457127632,43.72001899948947],[12.301090006653823,43.7201595077988],[12.301132888537376,43.720206008719856],[12.301324503325223,43.72041463825943],[12.30135406663076,43.720446727317636],[12.30143931213938,43.72058606304364],[12.301463699243962,43.72074741582455],[12.301495902248249,43.72088157960474],[12.30149167190887,43.72097398993501],[12.301424019189705,43.72106809820037],[12.301380341897982,43.72115052019256],[12.301346247575749,43.72120777644578],[12.301222805844436,43.72133286454829],[12.301290804290812,43.72139884792914],[12.30145558130475,43.72155859566628],[12.301511262377396,43.72161259789597],[12.301519312654772,43.721646127369475],[12.30165156275239,43.72188936001915],[12.301781880592637,43.72213493161173],[12.301827696903995,43.72221101406246],[12.301899718708212,43.722319615625956],[12.302021206224026,43.72250385004525],[12.302176822380346,43.722850474147826],[12.302377284972922,43.72333534972856],[12.302455035339857,43.72364821247852],[12.302478594366178,43.72377002407524],[12.30248831324252,43.72382015314405],[12.302499545316074,43.72387845122145],[12.302524922728992,43.72398831149329],[12.302675318573566,43.72446563227028],[12.30276666234008,43.72472790655161],[12.302793264951788,43.72480434180352],[12.302960791607871,43.725141616909724],[12.30310353131221,43.72547960884232],[12.303269825548076,43.72579441095421],[12.303544432326733,43.72627263749951],[12.303842597896866,43.72672767438083],[12.304126523876889,43.72709309081609],[12.304388488700159,43.7273691095007],[12.304816310506974,43.727923927819276],[12.304934521794484,43.72800612080648],[12.305151952771025,43.728157298300474],[12.305606373161256,43.72849076463639],[12.306158400165584,43.72884841345232],[12.306486484073286,43.729029811429086],[12.306529755029496,43.729053735908764],[12.30686342984994,43.72925114522734],[12.307233182961161,43.72942955330562],[12.307578244307036,43.72965633872874],[12.307772619409167,43.7297841628848],[12.308008290547079,43.729947238113134],[12.308318914177823,43.730176819684075],[12.308589541161432,43.73016026340813],[12.309641423992515,43.73009797803831],[12.309455501866841,43.72965320813021],[12.309299203234417,43.729324499160526],[12.309252072778584,43.729199942057924],[12.30911217592087,43.728830364300514],[12.309101329919065,43.72875359726103],[12.309048316552106,43.72837337849687],[12.309052494811256,43.728305670844165],[12.309068267515787,43.72806186464989],[12.30912361071936,43.727853187509766],[12.309200610854688,43.72756285421572],[12.309228586493244,43.7275018601921],[12.309275941290352,43.727398613080375],[12.309401494475505,43.727124877968386],[12.309497493831625,43.72694203196365],[12.30959086089152,43.72676376290766],[12.309768864446804,43.72648400535345],[12.30987669248305,43.72631432101299],[12.310087035084997,43.72602462219481],[12.31011708337149,43.72598323727941],[12.310159272701862,43.72593688529199],[12.31044533326804,43.72562259495471],[12.310489855226804,43.72556278376148],[12.310723311244576,43.72524930761648],[12.310809543832578,43.72515646658458],[12.311109462829197,43.72483356443362],[12.311446852333265,43.72442313712],[12.311770106376075,43.723981608300654],[12.311944561273657,43.72357140384336],[12.312164190689233,43.723051851278235],[12.312391501471694,43.7226716241903],[12.31259005567988,43.72244528553077],[12.31272914088345,43.722307431940635],[12.312823995270318,43.72221341728042],[12.31296433686908,43.72188973201067],[12.312978173377964,43.72185781910196],[12.313034134731357,43.72178932174167],[12.313245632746545,43.72153044488069],[12.313305245631511,43.72142967996493],[12.313484085564554,43.72112738408908],[12.313611367717106,43.72100159059835],[12.313643635810575,43.72096969998364],[12.313688074867056,43.7209257806924],[12.313788659763274,43.72082594125704],[12.314103640012313,43.720506188129626],[12.314131029757649,43.72047838330737],[12.314188468686488,43.720211753566424],[12.31422276119925,43.72005257079031],[12.314228616425945,43.720025391034135],[12.31417392010398,43.71994811102123],[12.31401320443812,43.719721033769154],[12.313951558614288,43.71961028314701],[12.31377895356567,43.71930018130206],[12.313688890735557,43.719167747123976],[12.313535783890496,43.71894260912169],[12.313493134778538,43.718858655245576],[12.313425358101577,43.718725235557315],[12.313283382104716,43.71844575547697],[12.313235762798461,43.7182805778046],[12.313177848154888,43.7180796866933],[12.313081279758011,43.71783490174651],[12.31304616469557,43.717745888013006],[12.313123533971345,43.71738351495622],[12.313144809739029,43.71728386253444],[12.313275677393616,43.71695595000943],[12.31329638608082,43.71692833925722],[12.313380461475317,43.71681624502058],[12.313506927216618,43.7166476323465],[12.313593322908142,43.71646956218643],[12.313632906536432,43.71638797458904],[12.313685255171093,43.71628007808745],[12.313638959093621,43.71614849924956],[12.313593533415872,43.71601939623787],[12.313552768473052,43.71590353770295],[12.313425116781472,43.71561463870863],[12.313416218105207,43.71557438223722],[12.31335688991055,43.71530600764538],[12.31337341113456,43.71512546460482],[12.313387867888174,43.714967488744385],[12.313507897884879,43.714671401835126],[12.313518977831638,43.71464407047237],[12.313641163481549,43.71438393303843],[12.313692708929972,43.71430891455896],[12.313881015561485,43.714034850179885],[12.314135858437028,43.71367632841007],[12.314409966138125,43.713273355880844],[12.3143326286347,43.71294023169682],[12.314281316481008,43.712628860173766],[12.314264919489082,43.71254362768672],[12.314248090348213,43.71245191097904],[12.31423861812921,43.71240026766058],[12.31422870045301,43.7123465791232],[12.314217366132509,43.712285210498955],[12.314267010428837,43.711948407447444],[12.314282843454293,43.71184098356652],[12.31429920744472,43.711740935056476],[12.314316489207854,43.71163522745422],[12.314333923813157,43.711599920109464],[12.314385831978134,43.71149479282858],[12.314398821854786,43.71146848542279],[12.314503852115473,43.711361368549866],[12.314557529350013,43.71130759402478],[12.314572768224528,43.711236520056644],[12.31459454471412,43.71113532941489],[12.314601324555952,43.71104224851837],[12.314635289715751,43.71057556813745],[12.314534423880687,43.71038309192806],[12.314522194842297,43.71035267914309],[12.31445388703581,43.71014234504993],[12.314445197181907,43.71011558658294],[12.314440656809202,43.710081386196975],[12.314387061179842,43.70967772530042],[12.314381492044355,43.70963576423933],[12.314376358318762,43.709594068739676],[12.314339787771065,43.70935787599749],[12.314337708472703,43.70924539720827],[12.314336764414229,43.70919437783865],[12.314332708937814,43.70898015276734],[12.31434001525075,43.70886983511323],[12.314345471700227,43.708786348699846],[12.314473251693284,43.70856469981094],[12.314504077367031,43.70851130685729],[12.314608580452477,43.70836273427595],[12.314768745605713,43.708134491735215],[12.314904050659516,43.70788747683517],[12.314958312038174,43.70752127142779],[12.314958970561372,43.70734676518866],[12.314959724897301,43.70712508979228],[12.314947381330423,43.7069768958817],[12.31492755830464,43.7067388854364],[12.314915037184146,43.70652767462111],[12.314905180236872,43.7063614010433],[12.314897003286834,43.70629241493421],[12.314885821714427,43.70619823304856],[12.31487161374463,43.70607877498726],[12.314858826969923,43.705971106870685],[12.314757710762198,43.70563192146349],[12.314735093018415,43.70555605021303],[12.314607592950496,43.70531173379038],[12.314557553504763,43.7052158465734],[12.31454279646833,43.70518800016485],[12.314430021373,43.7049751961045],[12.314343373866917,43.70474362873908],[12.31427172279883,43.70455213895877],[12.31420626367724,43.704304685066724],[12.314191364966838,43.7042483626415],[12.31417327002404,43.70392027080348],[12.314183465158626,43.70384794952307],[12.314200568624548,43.703726610122004],[12.314217869915034,43.70360386316364],[12.314253629374342,43.70339575239371],[12.314273064423572,43.70328264722364],[12.314392891071314,43.70295021420242],[12.314468180742827,43.7027842688455],[12.31460166906529,43.70248966064412],[12.314709673805757,43.702198590316385],[12.314714606555693,43.70203188907472],[12.314718338196808,43.701905734773796],[12.31467893228573,43.70164128369569],[12.314649266992152,43.70158362535165],[12.314526035247303,43.70134411498702],[12.314380499179341,43.70119445377353],[12.314330197724386,43.70114272701292],[12.314015157195943,43.70081875171518],[12.314137481020747,43.70078337911149],[12.314354287303201,43.70072051286771],[12.314465270587567,43.70068833214762],[12.314773732525897,43.70021651047566],[12.31493598675726,43.7000161206807],[12.315087751034701,43.69982877216875],[12.315149461132323,43.6997684599934],[12.315232013521083,43.69968777860843],[12.315369976541078,43.69954597921981],[12.31546915106891,43.69939097906339],[12.315518104943296,43.69930430634025],[12.315540707250687,43.699261968400926],[12.315575281350604,43.699182815905864],[12.315716857528136,43.6988606653847],[12.315843586488976,43.69851486296411],[12.31595854377341,43.698124385828976],[12.31609803015825,43.697728694525004],[12.316284094436087,43.69727763138496],[12.316587113080018,43.69692220605195],[12.316869088447591,43.69663490416763],[12.31731266982955,43.696351861134985],[12.31772446207768,43.69616883567733],[12.318299290010025,43.69601708202312],[12.318702658281019,43.69590632326076],[12.31890524805638,43.69580046394404],[12.319066709879774,43.695716154455326],[12.319378059434959,43.69555357125317],[12.319766848496142,43.69539852404292],[12.319809023192157,43.69536862773138],[12.320125160899392,43.695144529657604],[12.320389752511998,43.69499206442297],[12.32043743802939,43.69496458616304],[12.320581234755544,43.69483528832898],[12.320638258520436,43.6947840650341],[12.320681824140387,43.69474508594515],[12.320770073848285,43.694664533752274],[12.321102008517947,43.694198498123434],[12.321291290626787,43.69364577155058],[12.321368300660149,43.693398013522106],[12.321369990874834,43.693309983308076],[12.321370798787658,43.693267922546376],[12.321374701480513,43.693064708305464],[12.321326583682056,43.692642956958366],[12.321326527623157,43.69219279675484],[12.321286927936365,43.69181111160253],[12.32127344526295,43.69168115773734],[12.321248384555116,43.6915940037746],[12.321136273770499,43.69120411444269],[12.321073175294561,43.69097572838136],[12.321030522874862,43.69065285314746],[12.320943758056536,43.690205215706996],[12.32090110836579,43.689882340312735],[12.320868860689243,43.689523149176416],[12.320828694562246,43.689245217965016],[12.320723092563115,43.688681086201825],[12.320694322170798,43.68838481599679],[12.320642267203064,43.68811623373525],[12.320404230586812,43.687852866433005],[12.320220002375564,43.687756048900184],[12.320034793029915,43.68765855103576],[12.319982873337596,43.68763113400744],[12.319832922788416,43.687572352049266],[12.319609475903784,43.68748452918592],[12.319513493768369,43.68744680483368],[12.319196224349962,43.687276073014566],[12.319053174099944,43.68719909274222],[12.318859185004538,43.68705617983784],[12.318665194206279,43.68691326394662],[12.31854800204418,43.68677090399079],[12.318422711711445,43.68661870457665],[12.318379282071756,43.686565946071184],[12.3182613441233,43.68633979127944],[12.318215985387637,43.686174551141264],[12.318168173631086,43.68600037626779],[12.318181379361077,43.68572539548439],[12.31818549255027,43.685639744610455],[12.318045257304885,43.68534671279172],[12.318015910667157,43.6852800426416],[12.3179317818881,43.685088917288105],[12.317829277089626,43.68498779612569],[12.317679124011404,43.6848396675236],[12.317603768992656,43.68476532898453],[12.31722126788112,43.68457837134424],[12.317185538329145,43.68456320342202],[12.316903673768579,43.684443545818446],[12.316828784031406,43.68441421064848],[12.316560975024041,43.68430944950492],[12.316363120724743,43.684090115565944],[12.316331818203732,43.683978485265],[12.316270462071374,43.68375968730875],[12.316237661614945,43.683531058455216],[12.316210005077059,43.683338290697655],[12.316212718068806,43.68323333873528],[12.316221882079118,43.68287878091598],[12.316312536727509,43.682498012831836],[12.316456699953562,43.68218771512115],[12.31650672452999,43.681745103842445],[12.316484417705054,43.68134060667494],[12.316563178859584,43.68096918619201],[12.316657786396615,43.680435246757035],[12.316772710906562,43.68004476993788],[12.316870291247854,43.679564763760325],[12.316887113700139,43.67897006136312],[12.316808332942507,43.67866624011176],[12.316353837297315,43.67830121982939],[12.316215418832774,43.67821989857084],[12.316069164591616,43.67813401134705],[12.316039945083341,43.6781168524165],[12.31571892099292,43.67791910073667],[12.315913477014224,43.67787387955743],[12.316192595392542,43.67780632823501],[12.316293040015319,43.67778201822203],[12.316680086047572,43.677688542750346],[12.316806213062769,43.67766634122959],[12.316941641574864,43.677642999646224],[12.317000618380087,43.67763238571291],[12.317048660761092,43.67762396298804],[12.317093736564805,43.677614405575994],[12.317191804739778,43.67759353284755],[12.31753910049953,43.67751953460167],[12.317944332909551,43.677444737697805],[12.318507094956715,43.677302337086196],[12.318875169649173,43.67722861679404],[12.319239769818074,43.677091973164025],[12.319617250452026,43.676963956304164],[12.319930239851134,43.6769054092764],[12.320335567432181,43.67694307042986],[12.321003352818007,43.67690564314242],[12.321104143710661,43.6768524623231],[12.32121313671661,43.67679492832902],[12.321314729216756,43.67673791740911],[12.321388710967291,43.67669638134709],[12.321618983229287,43.6764871615442],[12.321816226553825,43.6763508061804],[12.322061825725743,43.676195177438096],[12.322334366833173,43.6760746370249],[12.322737596423234,43.675963868146425],[12.323000541967337,43.67589776477197],[12.323217117324992,43.675886889775505],[12.323422608737795,43.675903487354134],[12.323524814591531,43.67593523012371],[12.323583471078699,43.67594819006843],[12.323778203160588,43.67601498390637],[12.323946843446896,43.67607272336487],[12.324438783313497,43.676220459188436],[12.324558978747067,43.67623273159551],[12.324790342798883,43.67625635403996],[12.324884401952872,43.67626595778624],[12.324987680142838,43.676276502140034],[12.32530120474798,43.676203473582525],[12.325612335893785,43.67613226501745],[12.325862893974453,43.676066515834705],[12.326078474996617,43.67603765774872],[12.326853727662579,43.67592504011825],[12.32752412852667,43.67573475375563],[12.327645834509653,43.67568025268739],[12.32782014555855,43.67560214852816],[12.327854351156503,43.67558580817027],[12.32795575452157,43.67553736710182],[12.328084086475108,43.675476033407314],[12.328226811754721,43.675407852565975],[12.328720145394,43.675132377511304],[12.329223867572225,43.67482058420025],[12.329522527451072,43.67461380479378],[12.329857800817187,43.674396976963536],[12.33001797810718,43.67425510065849],[12.330141541613855,43.67414565229938],[12.330171246156487,43.674122287593875],[12.330250736169612,43.67405976049116],[12.330545678834985,43.673827755118516],[12.330786387765842,43.673654179717865],[12.330832517546483,43.67362125406516],[12.331169255625927,43.673552980124434],[12.331391482842298,43.67363650265341],[12.331469351411826,43.67366576840055],[12.331847075301727,43.67380773114972],[12.332106082957049,43.67396311929077],[12.332219157188653,43.67403095726718],[12.332261621596707,43.674061232270695],[12.332619496050112,43.67431637965773],[12.332753849691631,43.674460248349384],[12.332782541656972,43.67449113942587],[12.332856852746398,43.674570544819424],[12.333169014052768,43.67483153001863],[12.333281569657627,43.6749317939597],[12.333406342935573,43.6750429408307],[12.333482175546708,43.67511049085387],[12.333648051803177,43.675299264086604],[12.333716441371806,43.67536930279085],[12.33391725925508,43.67557495940576],[12.334063578079176,43.675710836946585],[12.334166360715487,43.67580628589117],[12.3342180437025,43.675854279562756],[12.334267359747997,43.675897390512304],[12.334556979956666,43.67615049133112],[12.334664351179523,43.676243072409065],[12.334699525874173,43.67627341623152],[12.334960832807631,43.67649882583984],[12.335118532877438,43.67662721195327],[12.335177835438305,43.67667706868497],[12.335366384004109,43.67683560035872],[12.335389956870584,43.67685542308496],[12.335612458499362,43.67706500070101],[12.335667460237891,43.6771129390651],[12.335827429063501,43.67725235986977],[12.335947001685264,43.67750538849313],[12.335982683569467,43.67755390916099],[12.336046838896566,43.677641711209084],[12.33619059668123,43.67799801564327],[12.336244269595047,43.678131532894376],[12.336119309653915,43.67838209050808],[12.33598001094749,43.67866141019785],[12.33589582317409,43.67873686229943],[12.33584203594145,43.678788977351175],[12.335714908257334,43.67891224258002],[12.335439525030775,43.679091349169724],[12.335345935640841,43.67915108114373],[12.335197669118308,43.67924580519959],[12.335080272805488,43.679331607246425],[12.334997228580265,43.67939237151327],[12.334738711794936,43.67965201255935],[12.334480691177156,43.67992064182561],[12.334202382492247,43.680270891724426],[12.33398193351495,43.68057443590567],[12.333801783557607,43.68087680212583],[12.333684976421488,43.68123133845931],[12.333636515250038,43.68161291757155],[12.333632011213336,43.681647032916715],[12.33364112936606,43.68200689586603],[12.33368113685588,43.68226096763784],[12.333685454623676,43.68228839165966],[12.333698717585255,43.68237434693419],[12.333809834255058,43.68281226051924],[12.333999677167931,43.68335591386898],[12.33418569122956,43.68377363434542],[12.334304716310678,43.684130286778775],[12.334299763435267,43.68446728064718],[12.33429696416763,43.68466170388419],[12.334281623320136,43.684806210864764],[12.33423190381544,43.685275472070046],[12.33429155158851,43.685556977429954],[12.334333836808451,43.68575583267203],[12.334349248744092,43.685828308369906],[12.334373587322924,43.68615353209103],[12.334397153655859,43.686468425461065],[12.334385072503496,43.686603833941135],[12.334351247226328,43.686982949160694],[12.334351817647526,43.68705496153113],[12.33435538505263,43.68750501558263],[12.334315463465773,43.687615316582495],[12.334194008754102,43.68795088572821],[12.334001297342452,43.68830763861359],[12.333666087798314,43.68894155488407],[12.333575297591398,43.689112487910286],[12.333480063334344,43.689619321057755],[12.333455740051095,43.6897726099084],[12.333415800166351,43.69002650004924],[12.333341101251637,43.69046967988478],[12.33327731503687,43.6908856896683],[12.333270554526754,43.69143508303798],[12.333233535084792,43.69188632448169],[12.333230020458434,43.69205466249048],[12.333226702669938,43.692210639540306],[12.33318755839547,43.69238633528159],[12.333127245881336,43.692654700349024],[12.332915727388793,43.692867948617355],[12.332755821736859,43.69298785286511],[12.332712695804105,43.69302034225575],[12.332653657365066,43.693064665435685],[12.332386674350547,43.69339657431775],[12.332062200722383,43.69385598123371],[12.331847283915677,43.69418659176306],[12.331403051213627,43.694820166676024],[12.331362248288325,43.69487812919148],[12.331344158320878,43.69490352496873],[12.331145901065707,43.69518840928437],[12.330875477952777,43.69568247225652],[12.330572954955015,43.696157177528185],[12.330410171671895,43.69655703485995],[12.330332655417992,43.69674718087179],[12.330318249075065,43.696780175849476],[12.330239805491637,43.69695952959867],[12.330101414096351,43.6972761356334],[12.330089281815113,43.69731391882535],[12.330072631850813,43.697368687020386],[12.329976873266004,43.69767737804076],[12.329939259720879,43.69779856439647],[12.329925463224987,43.69784306753672],[12.329913130653502,43.69788277154735],[12.329895424034122,43.69793986276568],[12.329885503012017,43.69797115400183],[12.329737292010456,43.69848437779358],[12.329704580132253,43.69859765128572],[12.329592668453037,43.69926265235909],[12.329575554356747,43.69937182282097],[12.329553354620769,43.699512640457215],[12.329508034506025,43.69980082363267],[12.329482433062074,43.699963615713266],[12.329419252733787,43.70025357200894],[12.329364961873356,43.700502731785896],[12.329362433492339,43.70070538108504],[12.329356815911408,43.70115570521055],[12.32935355808205,43.70141688986856],[12.329355485285168,43.7016059034066],[12.329358328649896,43.70188474653597],[12.329359156241994,43.701965922062044],[12.329509199507328,43.7024342152095],[12.329673907670054,43.7029155844791],[12.329721349425544,43.70332384731101],[12.32977634242218,43.70383992738537],[12.32979300324622,43.70414171835551],[12.329800001415117,43.70426689026799],[12.32995545621448,43.70486106889386],[12.330008323919223,43.70529993564168],[12.330027327348413,43.7054576859549],[12.330052495533455,43.70578709023171],[12.330072846391994,43.70605507151336],[12.330050960802042,43.70652837713137],[12.330116779814407,43.70704414198259],[12.330182466687582,43.70723643568285],[12.330309371029818,43.707607941017464],[12.330362957228832,43.70771450097649],[12.330444355799543,43.707876366129355],[12.33048898609573,43.7079651167976],[12.330898703551716,43.708151042186294],[12.33107618218217,43.708231580036134],[12.331433221949485,43.70818065536378],[12.331519636147094,43.70815831503636],[12.331786526937561,43.70808931664167],[12.332138532290994,43.70797100494485],[12.33234682592607,43.707880657062425],[12.332491502257348,43.707816651828736],[12.332735797746103,43.707708573876005],[12.332818323273825,43.7076720641863],[12.333163383625562,43.70757195859412],[12.333346035378991,43.7075226803986],[12.333956062259565,43.70735866685739],[12.334098284118552,43.707319571279264],[12.334172982755636,43.707298240896044],[12.334406730597308,43.70721448360154],[12.33448545778221,43.70718667095226],[12.334568239110581,43.70718219696435],[12.334838134506239,43.707167429410795],[12.335077498895707,43.70724431679254],[12.335197446277245,43.707282950169244],[12.335233672857564,43.70729426424005],[12.335289388425728,43.70731322357447],[12.335519231815455,43.707390617732365],[12.336114154881708,43.707571306285786],[12.336565882539233,43.70770585264991],[12.336638254190282,43.70772878209635],[12.336820345202959,43.707786686026964],[12.337009058120433,43.70784676128561],[12.337089411201658,43.70788380387825],[12.33740391203479,43.708028788674454],[12.337720442389305,43.70807267859927],[12.337794778401355,43.70808298582315],[12.337966747934846,43.7081068687492],[12.338228778710588,43.70810507170491],[12.338356344550112,43.70810390783464],[12.338613357705022,43.708100730561014],[12.338898794452723,43.70810158686929],[12.338963142117352,43.70810148594202],[12.339406097465139,43.708100791884625],[12.33958485133844,43.70812221321662],[12.340130769336028,43.70818763265828],[12.340208971762541,43.70818641625614],[12.340787988614386,43.70817740658179],[12.340829487624955,43.70818552509234],[12.341031160657575,43.70822497780832],[12.341427928902363,43.70830273318493],[12.34145864831732,43.70833969558626],[12.3415259426031,43.70842066691188],[12.341552127655124,43.70845215025728],[12.341593191962946,43.708504643000666],[12.341660704863859,43.70857554669684],[12.341772593034378,43.708697790039004],[12.342001641803963,43.70888912703896],[12.342115042808167,43.70898385679427],[12.34218910643861,43.709045725411514],[12.342379912949687,43.7091264433623],[12.342752284301143,43.70928396775546],[12.342825999471579,43.70931515132753],[12.343250157245077,43.70949459425892],[12.343387790256154,43.7095524191519],[12.343574502974315,43.709630884407176],[12.343759226760866,43.70973798576094],[12.344011485873654,43.70988368022596],[12.344626404028267,43.70999156114232],[12.344870806562282,43.70998451481102],[12.344955710792847,43.70998206883384],[12.345017790757398,43.70998028068257],[12.345108103172935,43.70997770945818],[12.34515577739928,43.709937699489444],[12.3452597605894,43.70985079559623],[12.345453945111576,43.709688369028484],[12.345487429111516,43.70966037811515],[12.345511208794798,43.70958052644865],[12.3456164530417,43.70922652149245],[12.345646691454693,43.70913584048066],[12.345696658609667,43.70898800844048],[12.345660993361903,43.70878198028789],[12.345605171574293,43.70845950122835],[12.345575968231127,43.70833431216042],[12.345487747773525,43.707955769199806],[12.345472713348833,43.70789158339633],[12.345498503061634,43.707756653871975],[12.345510473700937,43.7076940896551],[12.345560182072836,43.70743445549006],[12.345568842455155,43.707389185398576],[12.345733625633175,43.707146388790086],[12.345809242135205,43.70703512988912],[12.345939274953562,43.70698954235807],[12.34602075571945,43.70696097751513],[12.34611656929749,43.70692738919547],[12.346284501770619,43.706868535235884],[12.346504301264968,43.70685410716712],[12.346541865103394,43.70685165026263],[12.346779124833025,43.70683603104617],[12.346958930181252,43.70685667712406],[12.347111026231781,43.70686354094364],[12.34721187623454,43.70688555227395],[12.347278418941984,43.70689317552749],[12.34733756728323,43.70690926521878],[12.347420360408224,43.70693180484646],[12.34752535246568,43.70696048202137],[12.347600772257035,43.70698099228356],[12.347715943984364,43.70701209790346],[12.347804269181362,43.7070360001984],[12.347893206455122,43.70706023920556],[12.347996884372591,43.70708851061705],[12.348218939778413,43.707158789623115],[12.348789465658774,43.70733975999512],[12.348850654008988,43.707359167988095],[12.349322160873042,43.707508725814264],[12.34948170112248,43.707547013655706],[12.34951620667387,43.707555278342525],[12.350060261756152,43.707685820029454],[12.350138699122967,43.70770472571533],[12.350729437787818,43.707666846955284],[12.35088678151584,43.70765658056972],[12.351017721112916,43.70764803697301],[12.35127440010626,43.70756949534253],[12.35134695093908,43.707547211991226],[12.351418046473484,43.70752540616941],[12.35160335679457,43.707468617316366],[12.351655316223262,43.70743360799902],[12.35186651631239,43.70729000372576],[12.351942256998369,43.70723738979383],[12.352141438531397,43.70709886366428],[12.352211043789845,43.70705065041786],[12.352354003424919,43.70694788616062],[12.352427811243818,43.7068953898804],[12.352518327679388,43.7067774975166],[12.352539892692551,43.70674937913925],[12.352682346772562,43.70656380019732],[12.352706478901105,43.706324506899584],[12.352709538853404,43.7062941588784],[12.35271330872279,43.70625678277079],[12.352665608839594,43.706118631976146],[12.35258252000556,43.70587798638197],[12.352567134037168,43.70583342635185],[12.352471876377356,43.70553030150471],[12.352441743812815,43.70543354857379],[12.352414348455026,43.70534723827864],[12.352420035633807,43.70498244178413],[12.352438095038968,43.70492479931106],[12.352525168993933,43.70466424323244],[12.352749197386949,43.70452261678501],[12.35298069297653,43.70437626897595],[12.353027303055162,43.7043637082083],[12.353543108247424,43.70422470305135],[12.353639572985495,43.704215987819396],[12.353986093071038,43.70418468106454],[12.354256858001468,43.7041581422554],[12.354535123328693,43.70413086654968],[12.354675135699107,43.70411630451903],[12.35487465630741,43.7040955524529],[12.355469858834063,43.70386182938023],[12.355715802126744,43.703535142788475],[12.355781654738928,43.70344767718061],[12.355943974918722,43.70307827579124],[12.356032638223544,43.702877600545015],[12.356045440920822,43.70285178729958],[12.356163894167363,43.70262165183512],[12.35619447737265,43.70256223251551],[12.3564017997714,43.702358068010106],[12.356478275068042,43.70231656290307],[12.356631350177192,43.70223341022431],[12.356699424461828,43.7021964303018],[12.356793176239727,43.70215296573472],[12.35684903862512,43.702127065845836],[12.356907054408518,43.70210012756303],[12.35724108081296,43.70203991495288],[12.357324790356026,43.70202482551905],[12.357560315754052,43.702130417947046],[12.357682850754735,43.702185352808904],[12.357872407456096,43.702233695081674],[12.358236779451826,43.70232661764742],[12.358381773337412,43.70236893032872],[12.358727238417481,43.70246974601359],[12.359019640378929,43.70262324230827],[12.359328139112165,43.70278518557062],[12.359995535447739,43.702959099188114],[12.360670088737935,43.70325887451255],[12.360881059280546,43.703312505595335],[12.361225556337704,43.703400079453424],[12.361821953152969,43.703634608989866],[12.362433257947188,43.70391371265284],[12.363081471831011,43.70421423398547],[12.363701154124518,43.70442105884327],[12.36434738068266,43.70465860865006],[12.364914742937437,43.70481745063574],[12.365719727489283,43.705230377898815],[12.366064810024735,43.705352359054864],[12.366119030955748,43.70537165886776],[12.366401540957247,43.705471337930874],[12.36654270470051,43.70552122580567],[12.366600649938244,43.70552862310517],[12.366808220879053,43.70555512114967],[12.367230203293431,43.70560898934899],[12.367288246928206,43.7056187152399],[12.368006952929898,43.70573913314146],[12.368579121284792,43.7059833450618],[12.369042553552669,43.70628028064586],[12.369479950756848,43.70655547453059],[12.369754707583,43.70689602475926],[12.369785029193356,43.706933607943974],[12.370102060175318,43.70727537378533],[12.37016066542489,43.70735089902075],[12.37042647712016,43.70769344834638],[12.370504049859838,43.70799726718505],[12.370707557445956,43.708306370429526],[12.370791248386261,43.708387505618425],[12.370824058638147,43.708419336690696],[12.370891744206387,43.70848511752401],[12.371063414434348,43.708651572602506],[12.37132015528794,43.70902204197614],[12.371354486805433,43.709412666995455],[12.37122653680087,43.70975856597401],[12.370929026464369,43.71023551578696],[12.370915052767813,43.71065007431099],[12.371011904454418,43.71102084695419],[12.371025978984335,43.71107405745543],[12.371055616559305,43.711186101147334],[12.371106427190053,43.711378183386394],[12.371033680424823,43.711658455215215],[12.370827890034137,43.71194460425553],[12.370720357030343,43.71209636144178],[12.370632393796575,43.712220471612106],[12.37037779354036,43.71255662883023],[12.370287138406361,43.71267632107335],[12.370250914174392,43.7127273251027],[12.370094067469648,43.71294917364114],[12.37004025630669,43.713006088771756],[12.369971689237738,43.71300074079603],[12.369896740391848,43.713025648393284],[12.369785867624325,43.713062495764994],[12.36963043815772,43.7130961708455],[12.369519880122722,43.71313336789956],[12.369377953926847,43.71309254107674],[12.36924569973762,43.7130581801906],[12.369027078717432,43.71304133922174],[12.368971466460778,43.71303738831133],[12.368692583779026,43.71309428514327],[12.368612520391672,43.71311062585702],[12.368417819406664,43.71324924922905],[12.36836187306289,43.713289081676294],[12.368038466806839,43.713464542472],[12.367984376285914,43.713527564576886],[12.367883542342241,43.7136450513728],[12.368116219642307,43.7137779990146],[12.368337410831007,43.713904270611806],[12.368446912132612,43.713977457797995],[12.368501833771091,43.71401421016545],[12.368698872831438,43.71415244678722],[12.368825113076998,43.71424550596175],[12.368759446788205,43.71429874403594],[12.36872069264818,43.7143315897451],[12.368629825574017,43.71440887261321],[12.368598244860978,43.71443570493659],[12.368530958147842,43.71448783287123],[12.368499373155037,43.714511115312796],[12.368378781775041,43.714601223164046],[12.36828325252419,43.714672499485665],[12.368224333847822,43.714716592557295],[12.368226415158402,43.71474709088015],[12.368376304865606,43.71481919644468],[12.3684871828523,43.71485443839106],[12.368445189955779,43.714902559936505],[12.3683994815504,43.714955810395],[12.368190493573321,43.71510147225987],[12.367911663511594,43.71528992559631],[12.367849087153632,43.71533220237547],[12.367821258169243,43.71535100185684],[12.367377352818293,43.71565219733094],[12.367313271486562,43.71568663946186],[12.367093720015065,43.715804643181336],[12.36703523788248,43.71583607590189],[12.366836595977208,43.715942742316315],[12.366710995338293,43.71601421894813],[12.366502369129954,43.716132941940394],[12.366319347451807,43.71623709323084],[12.36593589096776,43.71648248128354],[12.365558222072615,43.71683123387919],[12.365244086943925,43.71717811346609],[12.365170735523145,43.717243068635824],[12.36492990025414,43.7174563367461],[12.364828666244168,43.717545982868],[12.364695166014512,43.71767599331523],[12.3646117273444,43.7177572504706],[12.364465204000847,43.71789881476186],[12.364339380762843,43.71799422776968],[12.364143992516393,43.71814239311593],[12.363927860358347,43.71830628757251],[12.363741886916538,43.71840806470969],[12.363641967900795,43.718462757346565],[12.36358011324555,43.71849659788695],[12.363478766660883,43.71856676670243],[12.363435282963179,43.718596872506865],[12.363269697286256,43.71871118309616],[12.363143128678114,43.71879855793524],[12.363090129065618,43.718835146252566],[12.362535855483362,43.71910328538811],[12.362041652144393,43.719370203944806],[12.361937232182376,43.71943216270108],[12.36171430095914,43.719564440201026],[12.361586630926464,43.71964019284299],[12.361333374624142,43.719732798340104],[12.36103768226639,43.719840919976654],[12.360724592234623,43.71994535654795],[12.360401133029429,43.72005325039155],[12.360356287129752,43.72006764303747],[12.359868877314078,43.72022194581319],[12.358321911282424,43.72052855203049],[12.357832730074641,43.720632972513414],[12.357283807161679,43.72083367993267],[12.356825438636843,43.72104522808321],[12.35629645451766,43.721353383473435],[12.355862576431791,43.72178028300948],[12.355419996730737,43.722301970698574],[12.3550905030833,43.72267358513752],[12.35502296755887,43.72275029217079],[12.354605681883077,43.72325322690039],[12.35442960032402,43.72338860353313],[12.354207622803207,43.72355926509254],[12.354070047715478,43.72366510285921],[12.35338256965787,43.72424799628512],[12.352725205109898,43.72489752468739],[12.352395662539594,43.72524932200301],[12.351980746673664,43.725572113529374],[12.351533089187559,43.72600390360418],[12.351167673037915,43.726352248808325],[12.350676965570694,43.726875330633725],[12.35017971099661,43.72730857092965],[12.349840392546952,43.72765164444588],[12.349110288252218,43.72819524812986],[12.349046751814916,43.728248650051],[12.348786336142373,43.72846752811707],[12.348749523243686,43.72849846893011],[12.348460988830725,43.728740978008084],[12.348377414028999,43.72882590418486],[12.348241277663027,43.728963586695365],[12.348195866561602,43.72900951238787],[12.348108433832149,43.72909793942416],[12.347756378913102,43.729427894265875],[12.347695876003165,43.729484598003665],[12.347605683246648,43.729558665283534],[12.347196764977774,43.72989447127113],[12.347162694287814,43.72992245013944],[12.347013057090445,43.73006445689688],[12.346702562847582,43.73035911462184],[12.346643855278215,43.730414827935725],[12.346423596257528,43.730626140197145],[12.346338929542787,43.73070736593636],[12.346177285403945,43.73082467920115],[12.34587353945117,43.731045119442655],[12.345827588792638,43.73107117544511],[12.345547051569588,43.73123024923465],[12.345416371700761,43.731297127249675],[12.345224843846376,43.73139514484712],[12.345089862023498,43.73146422288221],[12.34473101260319,43.7317088195514],[12.344662605592198,43.731769379738296],[12.344626696373943,43.73180116966028],[12.344399704881383,43.73200212433686],[12.3441554149249,43.732234394332316],[12.344057751755072,43.73232725219914],[12.344036536950926,43.732351026306944],[12.343777273273552,43.732641574475146],[12.343727447215592,43.73269708738942],[12.343441587020559,43.73301578626694],[12.343277059517776,43.733160435359565],[12.343115788689861,43.73330233109736],[12.343013605854953,43.73339319474492],[12.342858547263125,43.73349415865992],[12.342666148445943,43.73361974557111],[12.342252750914172,43.733764238082614],[12.342203334624681,43.73378154659499],[12.341730713658142,43.733961939078135],[12.341646949029832,43.73403331149061],[12.341555593856677,43.734111150647976],[12.341303961438554,43.734325553620536],[12.341054014992523,43.734534385012964],[12.341018651837992,43.73456404655765],[12.340690618115593,43.73490619984804],[12.340584904528253,43.73503986788699],[12.340469446126418,43.73518585827524],[12.340413635910657,43.7352564244761],[12.340173444152551,43.735502061868786],[12.340096435146291,43.735580816223006],[12.339878341190897,43.73572064509573],[12.339772730502958,43.73578835524949],[12.339409905843437,43.73593401583126],[12.339317159873552,43.73597727102088],[12.339277939309902,43.73599552250428],[12.338771381544985,43.73623178895289],[12.338666945870713,43.736265679072446],[12.338512200323644,43.73631589467844],[12.33828168146781,43.7364576827944],[12.338064217290398,43.736591440509514],[12.337935955187557,43.7366703315131],[12.337700353482752,43.73691174922907],[12.337469733343578,43.737076912868645],[12.337163588363563,43.73729615397465],[12.336540429992759,43.73770150341399],[12.33576810062945,43.73804818616809],[12.335340692135318,43.73817771428818],[12.33469877011498,43.73841252681498],[12.33438381918798,43.73877729479294],[12.334309755754045,43.739288137065685],[12.334438106934513,43.739698533799974],[12.334574723109766,43.73992419467235],[12.334596953682013,43.74009903734591],[12.334590681689411,43.7402694771109],[12.334585790937233,43.740400969050775],[12.334478339123105,43.74081375093074],[12.334332340679907,43.74125917066912],[12.334214090430484,43.74164525793278],[12.334019098479772,43.74204709185984],[12.33380496585224,43.742327941609304],[12.333678935357508,43.74244090291077],[12.333337625732314,43.74274679113007],[12.333041297540564,43.74295676639566],[12.332402984031807,43.7434090652027],[12.332173477929336,43.743572980050274],[12.332068282336824,43.74364811571672],[12.331580837249803,43.74409446265243],[12.331315300850294,43.74440234536605],[12.331166638997189,43.74457471302119],[12.331070745892474,43.74477192846394],[12.331035675606568,43.74484412763135],[12.330962542951044,43.74520713876113],[12.330898885420016,43.74567648695492],[12.330895238216977,43.74570367327943],[12.330792736499278,43.746116281893286],[12.330717828231817,43.746500979383804],[12.33065095670463,43.74658404033074],[12.330554380904037,43.74670399779885],[12.330450613068,43.746832888213106],[12.330350876127094,43.74704295561273],[12.330322741894761,43.74710221175116],[12.330079526280072,43.74750102848204],[12.330009703957286,43.74761551985875],[12.329985574310372,43.747643669994275],[12.329788086978734,43.747874072202315],[12.329714227090125,43.74796183802511],[12.329413832976563,43.74831716159513],[12.329333867116627,43.74842308828059],[12.329079361026539,43.74875454131843],[12.328988724896938,43.74888330947269],[12.328825294428437,43.74911549805136],[12.328713765856257,43.74927394566318],[12.328614639824039,43.74934436353773],[12.328277708422826,43.749583716372136],[12.328233076594316,43.74963379786187],[12.32807583398028,43.74981023975161],[12.32791527579554,43.74999040186746],[12.327686640132214,43.75027174288175],[12.327649982077052,43.75031685153139],[12.32760427280325,43.75037309807585],[12.327500802084401,43.75051907605044],[12.327350580496685,43.75072728276159],[12.32707417098214,43.75100981677611],[12.32676937922815,43.75110563003207],[12.32657730930973,43.75117286536553],[12.326460270241268,43.75121236943286],[12.326145977275788,43.75131857207726],[12.32582271000938,43.75142852313312],[12.325393940759628,43.751558463323605],[12.325237982768627,43.751615738579055],[12.325121830814547,43.751658371967316],[12.3249681374669,43.751714992086434],[12.324760024808558,43.75179656104528],[12.32434795441166,43.751958054397235],[12.32368581382865,43.75211238086564],[12.323125860006789,43.75231774675348],[12.322689220519731,43.752508754168744],[12.322640802668355,43.75252993435565],[12.32219516165645,43.75277223664045],[12.321983984306874,43.7528870567028],[12.32174856090972,43.753015058484486],[12.32159382408889,43.75309454110343],[12.321479152461125,43.75315344246325],[12.32126548346743,43.753263194641875],[12.320990780213878,43.75341925447674],[12.320747686746957,43.75355735474145],[12.320624594538156,43.753628459149965],[12.320388871986317,43.75376462374971],[12.32020607971473,43.753870211382676],[12.319877402487128,43.754100346545606],[12.319789816955602,43.754161671832236],[12.319656045662311,43.75425533539168],[12.319198976942898,43.7545761206572],[12.319094100994375,43.754649806233815],[12.318626879951077,43.754960492825674],[12.318592848704473,43.75497680731727],[12.31851415386376,43.755014533232064],[12.31845574329141,43.755041993743575],[12.317987587435063,43.75526208381701],[12.317731091125127,43.75538266695012],[12.317376081125918,43.755506861991215],[12.317321667685373,43.755525761653466],[12.317244238685442,43.75555291613765],[12.31708527156196,43.75560850485101],[12.316530206244716,43.75567864975419],[12.315846658179185,43.75567149543976],[12.314998914245592,43.75561508532962],[12.314136287226129,43.75551408569918],[12.313610478276805,43.75543931638017],[12.312862939481562,43.755397988459436],[12.312391699772581,43.755411661438615],[12.312297125231014,43.75541686315712],[12.312060116544833,43.75542985130169],[12.31169744192729,43.755449906310176],[12.311154570971318,43.75550156671838],[12.310689779245196,43.75563208762505],[12.310310305859332,43.7557331223145],[12.309695208334796,43.755840987439],[12.308896707737379,43.75610580889826],[12.308780358248605,43.75614439523041],[12.308451110839606,43.75625517893791],[12.30816191195226,43.7563040735885],[12.307832534096093,43.75630011223948],[12.307479264452216,43.75639081238156],[12.307397744214292,43.75641174403418],[12.307127339899829,43.75636825596178],[12.306807383100747,43.75632080775324],[12.306420216675328,43.75628250316771],[12.306043222634607,43.75620338906874],[12.305446428228127,43.755995590919696],[12.304780935261284,43.75578077406941],[12.304337978360406,43.7556315387055],[12.303965223945792,43.755403742585024],[12.303630575194791,43.75525862938968],[12.303507147762717,43.75520542373022],[12.303283192441807,43.755137056154666],[12.303049192796568,43.75506562052226],[12.302551073656643,43.75489999369086],[12.302342944490888,43.75511666706636],[12.302200426963681,43.755259747830365],[12.301998432896928,43.75546514484166],[12.301715647702673,43.75574341825371],[12.301364060689941,43.75601467722834],[12.301093539147624,43.75617555336465],[12.300721260267714,43.75643041953417],[12.300092873058729,43.7569517447482],[12.299719798793765,43.75716960034602],[12.299087236937575,43.75763803954435],[12.298680905349675,43.757928877692365],[12.298128219691309,43.75826895937821],[12.297301650189702,43.75882402111869],[12.297116991635905,43.75889256298294],[12.296928948775205,43.758962524852436],[12.296802625137062,43.7590093611578],[12.295997806242676,43.75950989743719],[12.295207472973113,43.7598208124728],[12.2951307768242,43.759844699540416],[12.294814658734948,43.75994297903192],[12.29471046663818,43.759975285047744],[12.294636923702145,43.759989103408856],[12.294014275561272,43.76026038715896],[12.293338011598701,43.760613013344035],[12.292977292025942,43.76083049140598],[12.292792751239812,43.760926402598365],[12.292727972429384,43.76095964532251],[12.292518337524431,43.76106880688802],[12.292019212182005,43.761254260347954],[12.29175366497654,43.76136025557004],[12.291605914245658,43.76141923073982],[12.291012000935964,43.761688440718885],[12.290375448782433,43.7618598418318],[12.289910065089249,43.761981291023275],[12.289415359755031,43.76224763389628],[12.28909083963118,43.76244605024774],[12.288592676157673,43.76264946656885],[12.288142149717121,43.76281549674708],[12.287662299994313,43.762901339577326],[12.287285759090336,43.76283115548193],[12.286622987245757,43.7627512019485],[12.286195377170174,43.762655472862434],[12.285579264103504,43.762520151762395],[12.285124809717153,43.76241618793063],[12.284575738706852,43.76234195853659],[12.284143187117357,43.76238140696274],[12.2838300652424,43.76256147403363],[12.283587915034898,43.76288269999962],[12.283531854516982,43.762957187158904],[12.283464476614185,43.76313508406692],[12.283411072596145,43.76327577115208],[12.283439029308274,43.76341901794368],[12.28340226309791,43.76356862770617],[12.283479045254156,43.76380950405108],[12.283489085500054,43.764047799102904],[12.283509692514384,43.764105086420294],[12.283527525097767,43.76415471975097],[12.283566146356229,43.76426214204161],[12.283649147013227,43.76447534714061],[12.283731102214158,43.76462128670217],[12.283780955023417,43.76491721240244],[12.28373775493302,43.76491845401808],[12.283219581206895,43.764933356393755],[12.281428400020856,43.76498485337307]]]}}]}
