{"type":"FeatureCollection","metadata":{"code":"052017","referenceDate":"2026-01-01","sourceDbfExportDate":"2026-02-18","upstreamArchiveUrl":"https://www.istat.it/storage/cartografia/confini_amministrativi/non_generalizzati/2026/Limiti01012026.zip","sourceManifestSha256":"70ac8256c4785dc6ed2814c32b6965ae76f9161b51abaa1660059e1c6cbd8ca6","license":"https://creativecommons.org/licenses/by/4.0/","attribution":"Istat, Confini delle unità amministrative a fini statistici al 1° gennaio 2026, versione non generalizzata.","modifications":["Converted from WGS 84 / UTM zone 32N (EPSG:32632) to RFC 7946 WGS 84 geographic coordinates.","Converted from shapefile to per-municipality GeoJSON without geometry simplification."]},"features":[{"type":"Feature","id":"052017","properties":{"code":"052017","name":"Monteroni d'Arbia","alternativeName":null,"regionCode":"09","regionName":"Toscana","territorialUnitCode":"052","territorialUnitName":"Siena"},"geometry":{"type":"Polygon","coordinates":[[[11.347358015227531,43.272171895429764],[11.347318019798166,43.27218887823369],[11.347292040754288,43.272232669569924],[11.347277729619318,43.27225783387988],[11.347240294249106,43.27232559727162],[11.347210627361086,43.272362285259774],[11.347126855612263,43.272435863085086],[11.34706643601916,43.27248094219587],[11.34697053781022,43.27251271026591],[11.346925617281,43.272534451906836],[11.346891532943525,43.27257314028322],[11.34685762227194,43.272618237871036],[11.346839049245842,43.272641082790564],[11.346790166796822,43.27270026050318],[11.346747645224612,43.272743732173794],[11.346711665777526,43.27277236479486],[11.346641468208992,43.27282675842999],[11.346552103153503,43.272892900622395],[11.346512249051308,43.2729051791541],[11.346463850749018,43.27292009658181],[11.346311019463696,43.2729573834124],[11.346193667660806,43.27298521327763],[11.346108247777936,43.27302420305393],[11.346039359642614,43.27306151640654],[11.345975930406068,43.2730953348265],[11.345936686805393,43.273117284640065],[11.345898025918132,43.273139038797815],[11.34586577991889,43.273162836729334],[11.345831453634291,43.27318848988036],[11.345787019276377,43.27322162310793],[11.34570572232228,43.27327671842784],[11.345660903736059,43.27330729599589],[11.345614251082997,43.27333828034727],[11.345573281121807,43.27335706446453],[11.345523123996927,43.27337724721403],[11.345427779523714,43.27341540190975],[11.34535160726142,43.27344266433191],[11.345298635107886,43.27346139472837],[11.345200077910262,43.27349483751502],[11.345138895242393,43.27352480151298],[11.345079094641239,43.2735693788475],[11.34502003689848,43.27361619826466],[11.344969305109437,43.27365408669798],[11.3449422637055,43.273674292993974],[11.34491720036819,43.273694217399836],[11.344888471252808,43.27371706861458],[11.344842868181987,43.27375329137298],[11.344799530613422,43.27378670696311],[11.344756733726108,43.27381944243627],[11.344731658838079,43.27383900506966],[11.344668745505455,43.273892902337934],[11.344640321574882,43.273916100195564],[11.344584246522587,43.27396173179259],[11.344503937969485,43.27402702124313],[11.344461767689888,43.27405987701766],[11.34443292322124,43.274082332497684],[11.344407742677062,43.27410190893185],[11.344361565131257,43.27413778761221],[11.344325554853569,43.274165763707316],[11.344259303273486,43.274213840459645],[11.34420513521948,43.274249363378814],[11.344163940606403,43.274259757888835],[11.344096684189646,43.274276091960715],[11.344002798301,43.2742917672095],[11.343907079450457,43.27430951580806],[11.343798475434685,43.27433261945449],[11.343753833403401,43.27434200488903],[11.343699830609962,43.274353054387454],[11.343650068360336,43.274364173604184],[11.343608074088445,43.27437656522895],[11.34350741724916,43.27442275361269],[11.343382519429193,43.27447834212833],[11.343322930362325,43.274447694083314],[11.343259150076438,43.274413316834334],[11.3431977983526,43.27438034215086],[11.343150355498183,43.27435484218357],[11.343081267659231,43.274320523189836],[11.343026714427559,43.274293479707964],[11.342945717064245,43.27424652510812],[11.34291659783321,43.27422963841421],[11.342689492591505,43.27409886741706],[11.342574503408727,43.27403266118668],[11.342353585900254,43.27390539411758],[11.342225954906922,43.27383227109724],[11.341948972071794,43.27369202515702],[11.341869027537436,43.273651720326036],[11.341776119506472,43.273604029207675],[11.341643394955412,43.27353590093961],[11.341590561529339,43.27350884224963],[11.341451704469767,43.273437730210965],[11.341345540391679,43.27338416486263],[11.341267713817487,43.273345500917124],[11.341194153379137,43.273316086906355],[11.341105583667451,43.27328127063705],[11.34099592535234,43.273236346705964],[11.340953678068798,43.27321964277903],[11.340801379563658,43.27312205370339],[11.340678576025587,43.27304425956612],[11.340545630072311,43.272983147910786],[11.340437663145103,43.27290977427216],[11.34034555208532,43.272834471405076],[11.340304671411173,43.27278654692516],[11.340234760620655,43.27270425247432],[11.340200237556372,43.27265986792827],[11.34017305470623,43.272624921693044],[11.340144593102933,43.272588794162914],[11.3400748166132,43.27250954118039],[11.34004606712814,43.27248239129851],[11.339950193303967,43.272401029661104],[11.339779278644835,43.272248423697356],[11.339714137328679,43.272188133009514],[11.33954478605094,43.27204712541379],[11.339361323195948,43.27186504012872],[11.339301535535624,43.271807609238245],[11.339076306092856,43.27158423663116],[11.338689010023035,43.27120154868292],[11.338564262472536,43.2710766622216],[11.338280502137458,43.2707907057884],[11.338227001545082,43.27078662977914],[11.33816641060414,43.27077289948223],[11.338131275940562,43.27074403833366],[11.338093487096556,43.270712056573316],[11.33804158824197,43.27066869031048],[11.338009548167525,43.270642766037746],[11.337977916318424,43.270617075620734],[11.337936685251863,43.27058378655737],[11.337854912873794,43.270517840782105],[11.337803215616514,43.270475997398705],[11.337779060877578,43.27045641555259],[11.337735685841473,43.27042151438271],[11.337702759326117,43.270395152535315],[11.337646171174288,43.270348117316594],[11.337585304707085,43.27029872940668],[11.337508083983098,43.27023430386654],[11.337055598667844,43.269866502493194],[11.336694376740574,43.26956368754351],[11.336583682937203,43.26946639944495],[11.336307007216739,43.26922364393524],[11.336174569057599,43.26910726605989],[11.335981222999756,43.26894107419352],[11.335568088220542,43.26860512913205],[11.335522760342643,43.268568392323786],[11.335467950641856,43.26855326298562],[11.335411025847288,43.26853441126853],[11.334674505551114,43.26829048400614],[11.333129440587545,43.26777281518745],[11.333065265489553,43.267751243313796],[11.33307020093619,43.267876204707],[11.333077528896082,43.26801514942752],[11.333083731394634,43.2681674613433],[11.333097249823867,43.26846323471965],[11.333097312152889,43.268499107999],[11.333097169135437,43.26853225179221],[11.333095341841554,43.26861863219752],[11.33309476126323,43.26864554950799],[11.333079983088913,43.268697736909736],[11.333056016929673,43.26878218027749],[11.333046593618974,43.26881475889544],[11.333017322903157,43.26892451686943],[11.332975780722204,43.26898774750582],[11.332904927582955,43.26896928320739],[11.332792415250584,43.2689400156563],[11.332362187069148,43.26882824234259],[11.33172377379571,43.268656660291505],[11.33129245331499,43.268540734461766],[11.331240272413725,43.26852575298235],[11.331187638080381,43.26851064205977],[11.331120680486029,43.26849303635768],[11.331066859260401,43.26847888421598],[11.331013269276394,43.2684634298281],[11.330948582310484,43.268443619421625],[11.330913495961838,43.26843138941365],[11.330832900837766,43.268403297052714],[11.330797269648011,43.268390446921735],[11.330734913914633,43.26836039970838],[11.330688208493722,43.26833429870977],[11.330604901671897,43.268285809314264],[11.330518777525098,43.268233880053],[11.33046551466058,43.26820416418025],[11.330390608006534,43.268164553525885],[11.330339661207995,43.26808746607903],[11.330312496495555,43.2680552120418],[11.33024360670235,43.2679978745271],[11.330194128940906,43.26796414293837],[11.330154460058624,43.2679358219334],[11.330087328265044,43.2678873149347],[11.33001772289491,43.26784130745135],[11.32997847404065,43.2678038412558],[11.329835731466575,43.26773595462325],[11.329731955451102,43.26766345509613],[11.329680033499306,43.26762293889468],[11.329625183761703,43.267581254153335],[11.32956128542013,43.26752843727154],[11.32950681911509,43.26748639889797],[11.329454737017057,43.26745204383262],[11.32942151305317,43.26742947190172],[11.329383752793047,43.26740907685915],[11.329273246433592,43.26736302432898],[11.32914483768914,43.26731437492043],[11.329105910908506,43.267299668997225],[11.328982720951453,43.267253515304475],[11.32892206019603,43.26722886029899],[11.328883656082448,43.267213253136525],[11.328828545907754,43.2671906235152],[11.328796058861263,43.26717728281087],[11.328689827855298,43.26712706642177],[11.32855671175403,43.26706354903516],[11.328502996522369,43.26703587640105],[11.328461847636904,43.2670063828814],[11.32836164137118,43.26693006454084],[11.328325387993866,43.26686603197587],[11.32830184992704,43.26682660557585],[11.328285744475016,43.26678343782998],[11.328270295728617,43.266693611305456],[11.3282501054691,43.26651501789783],[11.32817630827172,43.26586099625595],[11.328161966173568,43.265712482038786],[11.328148616409981,43.2655742214129],[11.328179082618554,43.26548660593388],[11.328212679814012,43.26541066187387],[11.328268612164619,43.26540084369514],[11.328346751622446,43.2653979557916],[11.32839721975865,43.26537360528217],[11.32848667309315,43.265306857715174],[11.328539141564384,43.265223079133186],[11.328552619279282,43.26519899840148],[11.328571511841309,43.26516428056074],[11.328589812457274,43.265130841665524],[11.328604370890504,43.26510434289574],[11.328722773560271,43.26487681340237],[11.32876194356093,43.26480170200972],[11.32881550313569,43.26469941902856],[11.328849091905571,43.26463252417969],[11.328936197677455,43.264472902416536],[11.328953735365756,43.2644482211906],[11.32897588006792,43.264421219372686],[11.329020344890226,43.264378567361426],[11.329046984392123,43.26435056814209],[11.329105734734307,43.264296046566805],[11.329135873926056,43.264257080935664],[11.32914847421502,43.26422535182061],[11.329180329049441,43.26416466458241],[11.329215090140458,43.26410096834685],[11.32924111428939,43.26399599110496],[11.329259688174242,43.26390891474371],[11.32928814855733,43.26378415242277],[11.329302399554582,43.263719410831],[11.329315907453305,43.26365805735444],[11.329324950177531,43.263626804086755],[11.329347346042212,43.2635614067178],[11.329364494616524,43.263513132413145],[11.32937788508414,43.263475574951805],[11.329433625993406,43.263322622839134],[11.329473359721183,43.26322345035271],[11.329498029554369,43.26314115793601],[11.329510822053736,43.26309845862966],[11.329585599034164,43.26285210774861],[11.329616684830597,43.26275323837558],[11.329699574538417,43.26248958798484],[11.329719613066526,43.26242810767999],[11.329737195363297,43.26237213127473],[11.329751192553932,43.262320972241696],[11.329778015425985,43.262218789694295],[11.329783221582863,43.26218922811999],[11.32978346869974,43.26215550050183],[11.329782990138545,43.262115023705455],[11.329783671939127,43.26206559558505],[11.329779174561267,43.26198989065571],[11.329775482708174,43.26192774226346],[11.3297699569753,43.26182550215767],[11.329758538498853,43.261720616934575],[11.32974325826328,43.26166790338489],[11.329693252309276,43.26155081227113],[11.3296178402956,43.26137490193606],[11.329590098082095,43.26131301307479],[11.32954103992608,43.26120505535947],[11.32948507357775,43.26107167000466],[11.329439200937909,43.26095981244043],[11.329391768805044,43.26083994676441],[11.32938083272143,43.260732051453026],[11.329372941664346,43.26063315234109],[11.329366577099304,43.26060502137919],[11.329348263994286,43.26053692552582],[11.329336902924451,43.26049443558761],[11.329326171365988,43.260351457471074],[11.329316174502148,43.26028481473796],[11.32929778097256,43.260213475391666],[11.329278526020477,43.260163059582275],[11.329259452220255,43.26012989305871],[11.329241788854082,43.26010641064616],[11.329212856498161,43.26006794608505],[11.32912817414214,43.259948459178425],[11.329075831107472,43.2598776862407],[11.329051907169765,43.259845458577736],[11.328954474207208,43.259751623173784],[11.328817387045095,43.259617339885445],[11.328738158516337,43.25954649852837],[11.328653875832426,43.25946433100237],[11.328565299278154,43.259391130825236],[11.3284259768253,43.2591790448094],[11.328352326190151,43.25908014408687],[11.328294616359356,43.25900172653932],[11.328229208469851,43.25891285155065],[11.328140991405384,43.25879397701615],[11.327883250672178,43.258513777864636],[11.327751898335748,43.258374571841344],[11.327693973437071,43.258310804621246],[11.32759888281634,43.25820660960676],[11.327495874173604,43.25809373895967],[11.327332882778345,43.25790706877647],[11.327292945214218,43.25786097785227],[11.327269287622475,43.257832718843076],[11.327233646461933,43.257790357331366],[11.327167701867014,43.25769375440844],[11.327097041186937,43.25759872682996],[11.327038820476755,43.25751923581324],[11.32699835026976,43.25746451967451],[11.326953187313338,43.25740345831117],[11.326932530333739,43.257371169098114],[11.326914206768054,43.257339075504795],[11.3268849308902,43.25728780071318],[11.326860335015608,43.25723076340986],[11.326831655725643,43.25717648706023],[11.326816054728075,43.25715321710452],[11.326742222759648,43.257075678806444],[11.32670292954741,43.2570315996041],[11.326673956051923,43.257007657220825],[11.326633030702546,43.25697755154479],[11.326602612112186,43.256920684898006],[11.32658713365081,43.256882581561634],[11.326568429907699,43.25683561526815],[11.326556449127681,43.256797127404845],[11.32653944605688,43.25673795008853],[11.326522137240843,43.25667740764756],[11.326526993736577,43.256605710846586],[11.326539416627057,43.25653261839411],[11.326555417290454,43.25646658267875],[11.326586634833124,43.25644540338981],[11.326620936369146,43.25642203723784],[11.32669959321073,43.25637375237314],[11.326727799600336,43.25635188877401],[11.326770677408406,43.25631822909838],[11.326818430517543,43.25628076855132],[11.3268942943624,43.256221007784944],[11.326987147813696,43.256154330800015],[11.327064431177746,43.256106162779865],[11.327156431463797,43.25606990308035],[11.327233827028403,43.2560404317321],[11.327321787726888,43.25599492845156],[11.32735559680724,43.25597630472285],[11.327413354828904,43.25594814962538],[11.327466725813355,43.25592083295746],[11.32751526592913,43.255893311166865],[11.327605842449213,43.25583506116245],[11.32766123727178,43.255794263498046],[11.327685810076375,43.25577152639308],[11.327766271645693,43.25568455882472],[11.327801508104992,43.25564637574231],[11.327824015593366,43.2556212981397],[11.32785396464155,43.25558809487892],[11.32789813245306,43.255558316347226],[11.3279591588516,43.2555268511054],[11.328021030889655,43.255495013845746],[11.328072196851327,43.255468978073196],[11.328131688544497,43.25543733058936],[11.328247748627865,43.25537119749949],[11.328310690986354,43.25531909949355],[11.328355683659419,43.255273224244256],[11.328388449463759,43.255236332076564],[11.328412355750688,43.25520943763196],[11.328452821889348,43.25517909767266],[11.328528201318639,43.25512942411235],[11.328616953567966,43.25510399934002],[11.328730119191151,43.25507338874769],[11.328785047492827,43.255058745604416],[11.328862137962783,43.2550377397368],[11.328914336285896,43.255007814344154],[11.328948645673055,43.25498211343787],[11.328981793845855,43.25496854145415],[11.329033620218024,43.25494769984144],[11.329119823818893,43.254912018561235],[11.329150673543488,43.254898682440135],[11.329202004958436,43.25487630030689],[11.329315171311562,43.25482266261897],[11.329417853478539,43.25478306441148],[11.32950820929873,43.2547473486642],[11.329616197368635,43.25470953575947],[11.329667987926166,43.2546830831566],[11.329771500619197,43.254615565419094],[11.329808815136518,43.25458869819994],[11.329863741364502,43.25455573908871],[11.329923210631575,43.25452503657271],[11.329960131042293,43.25450776683409],[11.33002694267466,43.25447655626675],[11.330061804372239,43.25446002537764],[11.330133301593689,43.25442734971441],[11.330213688954121,43.25440609475902],[11.330281424179761,43.25439202817077],[11.330393205168285,43.25436760934633],[11.330444371677144,43.25435119621545],[11.33053598757534,43.25429594271842],[11.330582992241121,43.25427619365526],[11.330641663697294,43.254246423658394],[11.330683757905316,43.2542178271549],[11.330715757572134,43.254196840591774],[11.330769701700033,43.254150465862715],[11.33080147073399,43.25412082191347],[11.330849020147822,43.25410221507666],[11.330926210423518,43.25408280943549],[11.330977236894208,43.254065706496334],[11.331010183725668,43.254054469223114],[11.331061480247303,43.254021944608134],[11.331112716977971,43.253982560870675],[11.33116622543623,43.25393443451114],[11.331205051376218,43.25388347943243],[11.331230412642329,43.25384837079107],[11.331286370387044,43.253769755652954],[11.331365115851366,43.253645642993064],[11.331413779076005,43.25359639344285],[11.331457499416201,43.253565075733114],[11.331497801495226,43.25355048282739],[11.331566651719308,43.25353080471912],[11.331624258487917,43.253518161255215],[11.33169151407473,43.25349811490382],[11.331741652799435,43.253467617034985],[11.33177252929552,43.25344233375525],[11.331814347594042,43.25340721529904],[11.331848923522228,43.253371254974084],[11.331868260919528,43.25334606834668],[11.331886941550211,43.253312616626765],[11.33181858360858,43.25333211200658],[11.331688624981016,43.253372472143944],[11.331513054654428,43.25342319330055],[11.331450538100041,43.25343981764911],[11.331393824541399,43.253454980202235],[11.331333143816854,43.25347142118307],[11.331252638123166,43.253493148458006],[11.331153296295364,43.25351182552141],[11.331116900713798,43.25351851668627],[11.3310176767424,43.253532084932885],[11.33096653918959,43.25353461141425],[11.33089849174769,43.25353643182344],[11.330861869457655,43.25353805454865],[11.330765325056971,43.2535371999066],[11.3306751877483,43.25352427227024],[11.330543082691147,43.25350075296621],[11.330489745294603,43.25350028424904],[11.330437687566532,43.2535003900053],[11.33038730045901,43.253503600559256],[11.330334297617718,43.25351190136878],[11.330234314617844,43.25354548999347],[11.330140542840617,43.25357572482941],[11.330068909912725,43.25359864898701],[11.330002542524062,43.253609831432954],[11.329889267097318,43.253621812177606],[11.329802926125659,43.253619403562936],[11.329748555007223,43.2536146695532],[11.32970473830081,43.25361092702131],[11.329608904950918,43.25359958409846],[11.329566735633264,43.253589551810926],[11.329496103283043,43.25357269346326],[11.329346268014255,43.25352852986421],[11.329262989114582,43.2535025565264],[11.329123914792097,43.25346421163786],[11.329025385245695,43.25344114202055],[11.328982486487675,43.253437109484615],[11.328927504706494,43.25343577131066],[11.328852087239378,43.25344108839705],[11.3288059408259,43.25345843494941],[11.328780376314025,43.25347599886157],[11.328742942692939,43.25350203078134],[11.328711006066811,43.25353437344114],[11.328687217935205,43.25355853096279],[11.328662127415644,43.25358775467101],[11.328607200017032,43.253650924210575],[11.328566912252521,43.253697161157795],[11.328508756791093,43.25375783379161],[11.328442220979191,43.2538259146628],[11.328380766387786,43.25388649324387],[11.328353834423956,43.25391010693445],[11.328307206751418,43.25393998436215],[11.328227265498711,43.25398532329965],[11.328178716120021,43.25401316883599],[11.328137312833453,43.254036875462916],[11.328091158154333,43.25406058338026],[11.328043314125095,43.254083182140995],[11.327993337217517,43.25410580180002],[11.327951005234688,43.254124893694815],[11.32788149487586,43.2541586206545],[11.327847481935772,43.25417509758196],[11.327802143465844,43.254198538446815],[11.327728332492132,43.25423873326768],[11.327695173740109,43.2542561949294],[11.327624795611607,43.25429356900313],[11.327553390701162,43.25432572437782],[11.327487561240414,43.2543400972162],[11.327439428913294,43.25434715579814],[11.327382174834433,43.254355422925116],[11.327331713881746,43.254362925950176],[11.327181008165892,43.25438539409613],[11.327102691330362,43.25440007221085],[11.327055877996663,43.25440890192855],[11.326996420266587,43.25442012027812],[11.326901488226179,43.2544369201586],[11.326839362805412,43.254448188217395],[11.326786818804992,43.254459222532496],[11.326747009681558,43.25446768897681],[11.326685410464925,43.25448093617714],[11.32659425799106,43.2545003952717],[11.326523772722327,43.25451531701134],[11.326454871852327,43.254529791373166],[11.326383808984648,43.254543393054696],[11.326241135972147,43.254570784803526],[11.326154255525049,43.25459186292807],[11.326099576947954,43.25460530576652],[11.326000036444114,43.25463642083215],[11.325947861126515,43.25465106335817],[11.325893712161276,43.25466625294873],[11.325842379462213,43.2546806378722],[11.32579550842843,43.25469682740119],[11.32571201213254,43.254738688333354],[11.325683130600062,43.254756690900884],[11.325638893086769,43.254788761573884],[11.325590992224516,43.254823625120224],[11.325548216213294,43.25485729579498],[11.325519618081039,43.254879897317544],[11.325489051600965,43.25490664749664],[11.325445295809939,43.254944969834696],[11.325387075812161,43.255019234970206],[11.325346803477101,43.25506758195805],[11.32531604445604,43.25510005458996],[11.32528256429921,43.255128455018976],[11.325250568161643,43.25515506493071],[11.325196834292628,43.2551890708827],[11.325141399089098,43.25522233254347],[11.325036378796916,43.255285390847746],[11.324981630791207,43.25531891038386],[11.324928436842985,43.25535163833562],[11.324891900408236,43.25537749317523],[11.32484538244763,43.255410747145646],[11.324814856132686,43.255443422007374],[11.324768109836155,43.25549828802757],[11.324729199183565,43.25554058148145],[11.324684731352125,43.25560064700019],[11.324653238314069,43.25564650925261],[11.324623972100873,43.25574871337578],[11.324594285115605,43.25578108207668],[11.324530245832749,43.25582941046434],[11.324494262989033,43.25585460921841],[11.324434376067023,43.255895289581716],[11.32434390446656,43.255950519430634],[11.324290586153117,43.25597631185805],[11.32426009782734,43.25599064059125],[11.324203113039072,43.25601727017141],[11.3241682359406,43.2560335906899],[11.324113745722876,43.25605944287441],[11.324053934763333,43.25607904710694],[11.32392028971828,43.25611307765073],[11.323814761331871,43.25614893079065],[11.323757980427352,43.256173675022566],[11.323704981033922,43.25619513596598],[11.323668011991298,43.256207444246655],[11.323588697292454,43.25623392856693],[11.323536932772882,43.2562517455382],[11.323474747854664,43.2562734317673],[11.323386782533042,43.2563050386673],[11.323269922685387,43.256338898431814],[11.323235951079031,43.25634872082619],[11.323072055059585,43.25639393513526],[11.3230189152027,43.256408442851466],[11.32293532909888,43.25643017283464],[11.322829202633011,43.256453018008585],[11.322756819235064,43.2564663786413],[11.322696282778393,43.25647755274129],[11.322589344226653,43.25649893839805],[11.322534348629622,43.25650971441901],[11.322403044094125,43.256546897547],[11.32235475088602,43.25656060777779],[11.322223164990705,43.25658569833844],[11.32215062976362,43.25659844308103],[11.322092829101713,43.256606697952606],[11.322047441348966,43.25661151409861],[11.321978756631928,43.256592618921864],[11.321927115667636,43.25657588884829],[11.321873964778904,43.256572326578656],[11.321782885777875,43.25657160908313],[11.32172428061019,43.256568682451885],[11.321667183687568,43.256565764782216],[11.321590131020631,43.25656107777995],[11.321554381541375,43.25655589962082],[11.321367896428724,43.25652070682343],[11.321320584337926,43.256511032534526],[11.321228881720845,43.256488717118515],[11.321118498101747,43.25645693836455],[11.320965557621845,43.2564189136872],[11.320861723381753,43.256389764226526],[11.32081125926574,43.25637662945594],[11.320738384463432,43.25635816434677],[11.320684188742261,43.25635374842048],[11.320595795031464,43.25635330502659],[11.32052639944123,43.25635141257467],[11.320470201661117,43.25635026699686],[11.320280195813977,43.2563250008007],[11.320051976933032,43.25628758055227],[11.320006044141374,43.256280283657496],[11.319920998531895,43.25626594761423],[11.31982437329505,43.25624286834727],[11.319752405146025,43.25621991361299],[11.319689952869584,43.256205596210336],[11.31964829348494,43.25620458475875],[11.319567596290138,43.256210671854895],[11.319498730882415,43.256212095083086],[11.319401017571268,43.25618708811624],[11.319351583913912,43.25617148984845],[11.319283644824983,43.25616337128593],[11.319205711198455,43.25616044736319],[11.319163726214207,43.2561594576466],[11.319110956536631,43.25616391002268],[11.319060317263528,43.256173499293716],[11.319017851116135,43.2561839123306],[11.318961391283814,43.256198248689465],[11.318900796669205,43.25621533323311],[11.318842787359637,43.25622228057723],[11.318786825185397,43.25621448697441],[11.318711855436735,43.25619137545697],[11.318622238922945,43.25614592789882],[11.318546377524509,43.256103899366565],[11.31851512027771,43.256075616154035],[11.318430093928521,43.25598264559675],[11.318366456206697,43.25591562905759],[11.318282110711602,43.25584684884329],[11.318215714333535,43.25579270026897],[11.318140030809364,43.25572878758411],[11.318086179847475,43.25566293299247],[11.318046781591729,43.25561427336308],[11.317988841237097,43.255549532618595],[11.31791856038745,43.25550101102661],[11.31786224636331,43.25546477164221],[11.3178333925894,43.2554485474981],[11.31779483860086,43.25542449722655],[11.317667912365295,43.25532660648119],[11.3176337772708,43.25529946816992],[11.317576695333438,43.255262201519415],[11.317512956615424,43.25523283591919],[11.317460800877056,43.255225366094976],[11.317411944575442,43.25522563333509],[11.317288472115987,43.25522703201534],[11.317211217723184,43.255224475640624],[11.317123597646987,43.25522155301951],[11.316861722608682,43.25520800065139],[11.316696849115582,43.25519949199697],[11.316636454058049,43.2551962343467],[11.31656392667814,43.25519614885955],[11.316495525909804,43.25519566546957],[11.316400789175908,43.255196187434144],[11.316347598934478,43.2551935940407],[11.316273022554066,43.25518995899449],[11.316149743563331,43.255190448499356],[11.31607825169929,43.255191518578954],[11.315910569953445,43.25517843840341],[11.315832703624109,43.255145215183056],[11.315735056883016,43.25509945887548],[11.315689550773621,43.255079821206124],[11.315572919027169,43.25502860013103],[11.3155223844015,43.255005259049284],[11.31547845235444,43.25498417935421],[11.315441181995812,43.25496393088522],[11.315329940603725,43.254894356026206],[11.315227399426483,43.25484630237132],[11.315134211702222,43.254810648939184],[11.31507821946165,43.254789794386795],[11.315027054696566,43.254787293527016],[11.314971429593944,43.25478369799901],[11.314846275468408,43.25478227644672],[11.314738929145856,43.25478174761789],[11.314688857244063,43.25477362655118],[11.314618483849278,43.25475764697398],[11.314572784081404,43.254746406520574],[11.314475969752053,43.25472472219484],[11.314417022351268,43.25470857872451],[11.314144781763384,43.254687109029234],[11.314066041446903,43.25468016762685],[11.314025597927303,43.254671451605006],[11.313973274702263,43.254652577916325],[11.313821192386433,43.2546046126107],[11.313538523564814,43.25451436389595],[11.313442393020203,43.254480204800416],[11.313352635962463,43.25444830999064],[11.313006976361917,43.25434012933268],[11.312962747079926,43.254326096886444],[11.3126839179785,43.25423763224396],[11.312630119737127,43.25421882378949],[11.312527220772635,43.25417873917625],[11.31245857839238,43.25415039915978],[11.312377023530672,43.25411575076862],[11.312342326111281,43.25409437413886],[11.312240364181367,43.25402592229149],[11.312058559321283,43.25390228987736],[11.311984187848493,43.25385357269553],[11.311916343026855,43.253809444409335],[11.31187308706975,43.25378143529692],[11.31176053528952,43.253709848472305],[11.311716446545862,43.253680923299804],[11.311684737637792,43.25365438964703],[11.311614234200945,43.253578082481596],[11.311575794258562,43.253530190883275],[11.311494567001729,43.25341073426777],[11.311390760604972,43.25325470775178],[11.311242475469536,43.25302728168712],[11.31122433503911,43.2529999036482],[11.311203121825114,43.252967400382325],[11.311188139157036,43.25294149912886],[11.311145558236438,43.25286355031486],[11.31112856885022,43.25283676848382],[11.311076574469132,43.252790965050366],[11.311011776318793,43.252735169974535],[11.310978739411471,43.25271499564033],[11.310927631440475,43.252692291691474],[11.31086936257268,43.252659425306405],[11.310813084492516,43.25263411462716],[11.310738555145143,43.25260059715558],[11.310579842292377,43.25253225165952],[11.310516156695876,43.25249998889202],[11.310462677510028,43.25248164297919],[11.310371651691991,43.252451942365184],[11.310328560285997,43.25243810830078],[11.310270025179433,43.25242056409057],[11.31021768403047,43.25240416339253],[11.310160439912053,43.25238622656794],[11.310052100327422,43.252348505191726],[11.309985114298662,43.25232478989818],[11.30991883695646,43.25230303757731],[11.309832427480353,43.25227060142337],[11.309792082010613,43.25225601475281],[11.309686931190365,43.25221038321813],[11.30959102424545,43.25217077597762],[11.309538948872342,43.25214037881725],[11.30951088869281,43.25212399605563],[11.309435244738578,43.252078816346256],[11.309376924234916,43.25205135727942],[11.309256937137958,43.25200118253778],[11.309202886027718,43.25197775478724],[11.30914814119761,43.251954027674245],[11.308991757523312,43.25188222661155],[11.308838094724276,43.251812689879365],[11.308760739495803,43.251776541308594],[11.308721544693286,43.25175627095882],[11.308659717251688,43.25171983488098],[11.308583521854931,43.251674929560714],[11.30843584754919,43.251586733443304],[11.30840216518796,43.251564662490125],[11.308353721191432,43.25153211418877],[11.308229963056231,43.251455440291046],[11.308115652134754,43.251387730150256],[11.308083476553673,43.25137123472165],[11.307907912957994,43.251282693289255],[11.307729534373179,43.25120006655918],[11.307600909391951,43.25113956456939],[11.307538019576617,43.25111044995506],[11.3074849440155,43.25108698188619],[11.307362673746171,43.25103291636493],[11.30717996357672,43.250950433811575],[11.307023761262647,43.250880890936415],[11.306953800994508,43.25085118121723],[11.306909678884999,43.25083244493466],[11.30687778052978,43.25081691332625],[11.306803884383138,43.25078093133753],[11.306768487665716,43.25076556212429],[11.306709171534385,43.25074067177088],[11.306416362795865,43.250618878036505],[11.306253389226661,43.25055013970787],[11.306018661858845,43.25045113544518],[11.305959658463255,43.25042635544721],[11.305836490278173,43.25037463578581],[11.30571011740395,43.2503393080045],[11.30562799235803,43.25031976545763],[11.305507273415577,43.25028981422082],[11.305458613110838,43.250277480856305],[11.305409488115215,43.25026367024098],[11.305305866379685,43.250234257361726],[11.305195139568799,43.2502018721728],[11.305137555222647,43.25018533623232],[11.305065840132288,43.25016620469314],[11.304946542624565,43.250138619332],[11.304621516800266,43.25005302369038],[11.304483571894977,43.25001425317076],[11.304447499914223,43.249990359923885],[11.304412621552714,43.24996698826506],[11.304355629114111,43.24991512266713],[11.304314083038133,43.24993472843763],[11.304262249969304,43.24995887075281],[11.304219027500952,43.2499835103288],[11.30416168418694,43.250018978429],[11.304082709847025,43.249627557367226],[11.3040286642629,43.24941929968466],[11.30381408420995,43.248955407560594],[11.303401652340801,43.24814433743383],[11.30297939555137,43.24707234320191],[11.302911949708692,43.246263325936845],[11.302721767817001,43.24546578474686],[11.302461664036032,43.24483730851406],[11.302445175407044,43.24479746900472],[11.302071334657608,43.243894149354695],[11.301269522433207,43.24222650906618],[11.300649712427727,43.241185149877666],[11.30050693224467,43.240945252782986],[11.299212821323698,43.23961165269541],[11.29891417075477,43.239394436064295],[11.297636441376627,43.238465102707714],[11.297596881187507,43.23843638801493],[11.297478107444267,43.238349921572],[11.2973890312612,43.23826329770183],[11.296353226602216,43.2372560008853],[11.29551764559179,43.23599418524404],[11.29508457259594,43.23473858862718],[11.295057814197444,43.23466186464874],[11.294936655055299,43.23430938175656],[11.294922836239595,43.234268342149285],[11.294896725374175,43.234164243870204],[11.294643129740958,43.233168189732964],[11.29463168609664,43.233122928938094],[11.294533285086901,43.23273641638692],[11.294428573521577,43.232243287468094],[11.293996842542045,43.23156763114612],[11.293490952549012,43.23088445727829],[11.293482230176714,43.23080715229504],[11.293469280543633,43.23069236718809],[11.293418645086678,43.23024360062735],[11.293413842855923,43.23020103381492],[11.293398711904413,43.230066926055706],[11.293299806708541,43.229974365881986],[11.293265708214573,43.2298039695332],[11.293235516018067,43.22932735318512],[11.29322936138669,43.22902926683507],[11.294174958270627,43.22751428829128],[11.294493867660071,43.227012756677816],[11.294509320951747,43.226988931909446],[11.294557059350813,43.226913670642965],[11.295752698902534,43.22502811047586],[11.297223764585091,43.222980365795266],[11.29774418404403,43.22274030158793],[11.298571781149118,43.22177737280402],[11.299140062567425,43.22124992202369],[11.299223122489362,43.221172827499785],[11.299311683582234,43.22128612765198],[11.30028430913036,43.22030311403077],[11.301214184376384,43.21937072722811],[11.301411420482708,43.21917291605536],[11.303005065218123,43.21768214597485],[11.303337445003509,43.21726208766631],[11.303395082325999,43.217189245288544],[11.303815955068481,43.216657339000655],[11.304718017666856,43.21576575100581],[11.305560602074879,43.21499599187456],[11.30564230605931,43.21491627903963],[11.305915609972901,43.214665052463396],[11.306050697129503,43.21454132041818],[11.30684910918609,43.21384089407701],[11.306946485110451,43.213803512030125],[11.3080868746136,43.213365705821396],[11.308288457869132,43.21324698766742],[11.309495887525646,43.21253588003593],[11.310269292029567,43.211826930566346],[11.311537491954482,43.21085585684899],[11.312583166000314,43.21018640955664],[11.313691679564178,43.20955169743419],[11.315021916472762,43.20892149001156],[11.31585032698042,43.20852506156911],[11.316279345846276,43.20831975398018],[11.31680744485343,43.20801510630452],[11.31684498996397,43.20799289014377],[11.316907898427333,43.2079072065453],[11.317266863394597,43.20741733211341],[11.318132305815912,43.207354767622626],[11.318039062293762,43.20700549327945],[11.317904481438193,43.206656318457156],[11.31765683282709,43.20601377303563],[11.317670048109457,43.20564218162207],[11.317682641411484,43.20528325562824],[11.317686644698377,43.20517576766233],[11.31791433302512,43.20484319973409],[11.318067713997534,43.204619034061395],[11.318211479695728,43.2044087820619],[11.318268149767688,43.20404090708881],[11.318349921777976,43.20351455626112],[11.318782930218328,43.201623893349705],[11.318716033410059,43.20083287790903],[11.318616724537497,43.200685744449686],[11.318558178237945,43.20059900370757],[11.318194435318244,43.20006008596134],[11.318055629019375,43.19988513977032],[11.31801320690419,43.19983181277526],[11.317920848924182,43.19971534598849],[11.317716220110082,43.199457493006996],[11.317545722539643,43.1991815947909],[11.317685830059235,43.19915571661732],[11.31780389849173,43.19913378948363],[11.317866540403076,43.19912215125334],[11.318902369625327,43.19892920795822],[11.319658723457913,43.198751790270315],[11.3196176586331,43.19862196459337],[11.31956387894932,43.19845193779527],[11.319421010901246,43.198000257237496],[11.319649261708355,43.197203254720115],[11.320531316996348,43.19677116249029],[11.320786068334568,43.19670383559655],[11.321100050761443,43.19662080259372],[11.321822938445289,43.19642979521585],[11.322644622235025,43.19624096893208],[11.322725756136895,43.196222273932264],[11.322803226813367,43.196195976219336],[11.322864402778698,43.19617555252028],[11.323637949079028,43.195915929966354],[11.32367389682366,43.19586722813416],[11.323734103256019,43.19578779595674],[11.323792565722052,43.19571053861135],[11.323826003749424,43.19566604952339],[11.323848463706579,43.19563679460788],[11.323881178074577,43.19559344214666],[11.323977086024238,43.1954676009271],[11.32395923733854,43.19540268337538],[11.323853769766624,43.195055912723696],[11.323751291216603,43.19470683013442],[11.323830882863353,43.1942099794246],[11.323598604026186,43.19360241226585],[11.32371884433492,43.193203782025115],[11.324121913836601,43.19279940433828],[11.324065210265491,43.19227831145511],[11.324080239615427,43.19170173471325],[11.324067600029755,43.19104468239399],[11.323788196124932,43.1904920980664],[11.324056669173562,43.19010846343008],[11.324210032650287,43.18961011274782],[11.324460396924115,43.18907377369119],[11.324492842142522,43.18863190640644],[11.324554321516956,43.1883065040389],[11.32504752608652,43.188008340498044],[11.32537746234888,43.18762345381866],[11.325709785627431,43.187301546028074],[11.32597328630756,43.18707108036312],[11.326055428065995,43.18700638017431],[11.326202704925228,43.187056569981145],[11.326249586465353,43.18707254616608],[11.32629153242133,43.18708687320255],[11.326579032166137,43.18718481670083],[11.326698572512253,43.18731418776793],[11.326766200059739,43.18738740883688],[11.326848657808,43.18747651334263],[11.32686213156945,43.187501133393155],[11.32688603350232,43.18754405950974],[11.327030568235676,43.187796795742116],[11.327065672901343,43.18785974904035],[11.327907442322182,43.18911170016853],[11.327981970273095,43.18925079601603],[11.328006370621582,43.189296336492546],[11.328194754543897,43.18964783903532],[11.328221088809888,43.1896970768753],[11.328297456928974,43.189839607095436],[11.328485980313253,43.19019144934507],[11.328556498784783,43.19032306011321],[11.329747662796605,43.19155038609244],[11.33005968449982,43.19179804172178],[11.33052173868343,43.19216490821827],[11.331430370338667,43.192434520704104],[11.332451053984231,43.19273785665475],[11.333504178616117,43.192923467263654],[11.33510524038501,43.193277964099025],[11.335634634752452,43.19328311565337],[11.335699309571805,43.19328381425332],[11.336003950081116,43.193286619706505],[11.336142016202965,43.193291651692334],[11.336238897405243,43.19329518296],[11.336346484304409,43.193299104095644],[11.336536028081994,43.193306006587235],[11.33658279453303,43.193307711729055],[11.336690222246029,43.19331162048633],[11.336827546820977,43.19331663167995],[11.33716919560883,43.193329124492294],[11.337308521138059,43.19333422747266],[11.337375727428245,43.193336664333756],[11.337578172966525,43.193343997399005],[11.33769300781689,43.19334808964869],[11.337837808284474,43.19335163576332],[11.337922046632425,43.193356252484286],[11.337961440284793,43.193357508118964],[11.338062061178835,43.19336099379177],[11.338108839190793,43.193354235829545],[11.338192703991933,43.19334179143517],[11.338933702070038,43.193226728694974],[11.33939550476802,43.193154252441936],[11.340577325312246,43.19307128659792],[11.34063918708822,43.19306694354749],[11.340710046682835,43.19306196876116],[11.34084378792531,43.193052578567375],[11.34151945471616,43.19275054665182],[11.34159363685642,43.19271723427833],[11.341668777632613,43.192683794173405],[11.341835954528495,43.19260906361149],[11.342123524216117,43.19259904257765],[11.34216858264859,43.192597416411544],[11.342211340850488,43.192595979612506],[11.343089538393825,43.19256537442291],[11.34326186743144,43.19258667872163],[11.344276574477535,43.19271212433209],[11.34527241842653,43.192890697688895],[11.346259234281543,43.19306764402801],[11.346477554604125,43.19312519831886],[11.346533783578007,43.1931402863886],[11.346619504666817,43.193162641650574],[11.347303554151829,43.19334335088926],[11.3477364865297,43.19372164394855],[11.347727723742414,43.19380534862439],[11.347722193906568,43.19386444210752],[11.347664683111246,43.19441644362467],[11.347654772197268,43.19446267707041],[11.34758904359862,43.194740114463634],[11.347579617965911,43.19478010336346],[11.347521385074677,43.19502997954067],[11.347513686238779,43.19506291413403],[11.347504972526451,43.19510012859383],[11.347495979590079,43.1951385985814],[11.347487829071474,43.19517339462911],[11.347478609447172,43.1952127895078],[11.347470030566802,43.19524931686973],[11.347460560138183,43.19528955339453],[11.34744267442781,43.19536644448136],[11.347574181330739,43.196228149694385],[11.347787288021474,43.19666184575845],[11.347854737857892,43.1967983138475],[11.347810945541053,43.19715809532512],[11.347732957273834,43.19780062842469],[11.348045011016433,43.19839494576396],[11.348124319774385,43.19854630454182],[11.348144566204725,43.198584547788954],[11.34877897616943,43.19907574107501],[11.348851525936253,43.19908949954876],[11.350068159340545,43.199319391755836],[11.351481546718013,43.19958747301165],[11.35257085027508,43.20006930186288],[11.353242816005674,43.20063232777184],[11.353588270232544,43.2009217719779],[11.354123307046912,43.20171213280287],[11.354387397351674,43.20248928371866],[11.35452193463825,43.20239764387153],[11.354608398824208,43.20233918863416],[11.355310545511315,43.201858763991034],[11.35678411340012,43.20145022384358],[11.358502078150089,43.20131575398045],[11.358561144891056,43.20129587334666],[11.35914205021788,43.20109490762227],[11.359501133112875,43.20097099019907],[11.3595588555507,43.20095179050106],[11.359751268823748,43.20093443757698],[11.359850159738407,43.20092551920585],[11.360364558014188,43.20087958603255],[11.360535125608695,43.20086435393814],[11.361128873307587,43.200811330691145],[11.362220782636987,43.200401596647886],[11.363315595383288,43.19974867834523],[11.3641863659651,43.199521837477825],[11.364704706958166,43.19938680223793],[11.365985209163112,43.199081182348024],[11.366133323384926,43.199064137429275],[11.366439030549923,43.19902793383372],[11.367320803512422,43.19892747852371],[11.367924902674787,43.19863583892715],[11.368128383106052,43.19855979952664],[11.368435021992724,43.1984452979745],[11.368519075889486,43.198413298912904],[11.368848220826946,43.198290797075316],[11.368919739909671,43.198264069185804],[11.3690917442332,43.198260347960975],[11.369565033038421,43.19825069752417],[11.370395461354363,43.198233485315036],[11.37072519701024,43.198230919071065],[11.371785794752581,43.198222661252075],[11.372756577083974,43.1983080821518],[11.373193657846873,43.198346520642616],[11.3742006696935,43.198289598506896],[11.3752832879209,43.1979609712303],[11.375537055590318,43.19788033622807],[11.375631231121396,43.19785063835514],[11.37571436933289,43.19782440136477],[11.375785832649981,43.19780159170604],[11.376012757725814,43.19772971267058],[11.376171334806223,43.19762575132622],[11.376245706476238,43.197576992735705],[11.37632480814052,43.19752513647038],[11.376625751737018,43.197059533777065],[11.376652466753162,43.19701764885303],[11.376708263049979,43.19692699285082],[11.376846661731475,43.1967016598841],[11.376886276151462,43.1966378865847],[11.376915302425266,43.19659116057398],[11.377042623422346,43.19638602193304],[11.37709764703842,43.196315902555874],[11.37741891129473,43.195908648022176],[11.377411190471586,43.19571149322027],[11.377409474164942,43.19566832095733],[11.377391653209063,43.19520688615141],[11.377587486313443,43.19454550702327],[11.378120920184106,43.19402117333267],[11.378653585793275,43.19379399269808],[11.378871898921068,43.19374551279235],[11.379045665462986,43.19370695459829],[11.379097789543295,43.19369524323249],[11.379190446277569,43.193674773707386],[11.379319560638914,43.193692525030485],[11.379471067731735,43.193713329995674],[11.379563994019284,43.19372588227146],[11.379650156505893,43.19373779996685],[11.379723031131393,43.1937476521309],[11.379760980743933,43.19375317431951],[11.380455203616117,43.1939185771568],[11.381245388764237,43.19366801444955],[11.381321928502311,43.19353225663794],[11.381358737388078,43.193466764560135],[11.381381767777519,43.193426645362706],[11.381671309684764,43.192911792680924],[11.382160759973548,43.192523419626404],[11.383336716972982,43.19217249389791],[11.383409957462746,43.19215065541556],[11.383522220182348,43.192117088473104],[11.383707594297196,43.19205508980049],[11.383835374090149,43.19201236586503],[11.383922452852511,43.191982819924384],[11.383994913200013,43.1919585931886],[11.38487129229751,43.19166530995638],[11.384946454193019,43.19159136134081],[11.384967573303722,43.191570742242554],[11.38499011846969,43.191548727445706],[11.385475978871005,43.19106765473414],[11.38582595011911,43.190258977926945],[11.386218405227291,43.18966427098541],[11.386297366230005,43.18954474983226],[11.386313263847867,43.18951923216789],[11.386337243391528,43.189473748109165],[11.386408642886634,43.189333383085376],[11.386631153759943,43.18889604428517],[11.38670541785556,43.18875091003489],[11.386739852531491,43.18868363428644],[11.386765689312801,43.1886327132972],[11.386805831794991,43.188554341259426],[11.387269950288381,43.18815786962372],[11.388506530007717,43.18799698239288],[11.38911955459033,43.18762400668039],[11.389451546212944,43.18667162649715],[11.389536218623572,43.18600354507417],[11.38973366197645,43.1855402126324],[11.389806716801441,43.18536759619447],[11.390502277688192,43.18494784582022],[11.390622923932671,43.18487513417872],[11.390653533940633,43.184856577471585],[11.390780471954841,43.184779973927625],[11.391065080839597,43.18467869171844],[11.391122496287617,43.18465901789085],[11.39119161288022,43.18463387324997],[11.391342945171607,43.184580262845394],[11.391751297885863,43.18443530348406],[11.391801371798612,43.18442429193264],[11.392598040205431,43.18425016512238],[11.392702917082065,43.18422753625864],[11.392752319822522,43.184216172761154],[11.39285042420638,43.18429260571688],[11.392890526340242,43.184323952347164],[11.392954228283926,43.1843738518571],[11.393220885071567,43.184581089296046],[11.393371037887851,43.184698004327466],[11.393421536025206,43.18473684984373],[11.39346177817387,43.18476833200506],[11.394411687936618,43.18544233853119],[11.394845175859745,43.18551429805058],[11.395336620049402,43.18549499986841],[11.395260844660092,43.18533975322603],[11.395243694945272,43.185304991245694],[11.395136007019868,43.18508500764871],[11.394531410519804,43.18441334970583],[11.394025182262085,43.183739629884776],[11.394285467373875,43.18361063667918],[11.394355722171506,43.18357580108786],[11.394419061576302,43.183544330198],[11.394500593861796,43.1835038098674],[11.394559859378774,43.18347448709361],[11.394610790172583,43.18344882709678],[11.394644878761312,43.183431925297135],[11.394688351374311,43.18341066337779],[11.39477331680837,43.18341728585327],[11.394903261744814,43.18342676691329],[11.394959687342569,43.183431332533466],[11.395051727924184,43.18343814157224],[11.395244062261547,43.18345227267125],[11.395305353614399,43.18343052200395],[11.395361186622512,43.183410722523284],[11.395454223316493,43.183376124850206],[11.395490388231833,43.183362200240694],[11.395543254357165,43.18334277527507],[11.395790821840928,43.1832522529861],[11.395973102293922,43.18303212628242],[11.39604879698933,43.18294088894167],[11.39612553693573,43.182932025212125],[11.396247185283094,43.18291795499687],[11.396291243442738,43.18291268532456],[11.396424994974952,43.18289727626069],[11.396452509793459,43.18295853747524],[11.396484944594464,43.183037953568146],[11.396523674189579,43.18313314379962],[11.396534505659025,43.183159765779365],[11.39656260225907,43.183228906131056],[11.396574509610847,43.18325777103657],[11.396589524891365,43.1832957470731],[11.396614676646786,43.183358273351196],[11.396630615202398,43.183396667638775],[11.396687779188024,43.18353971191251],[11.396713109633978,43.1835669997343],[11.396791761184442,43.18365426490423],[11.396814756937653,43.18367801703258],[11.3968390799269,43.18370486942562],[11.396861763752852,43.183730050760424],[11.396970267432504,43.18384901094728],[11.397623358772428,43.18450163054959],[11.397845291340364,43.184200449353625],[11.397869749377392,43.18416691773327],[11.397908863734159,43.18411381407797],[11.397990611192533,43.1840019142569],[11.39802064420185,43.183961717769094],[11.398192283257641,43.183319150294366],[11.398536370018794,43.18310759070526],[11.398829083676706,43.182927615273016],[11.398990804596664,43.18290713230109],[11.399046250373646,43.18290000998278],[11.399086724266681,43.182894842346464],[11.399134783639926,43.1828887258651],[11.399184000710878,43.182882542752616],[11.3992605286131,43.182872708903645],[11.399310958032183,43.18286628419532],[11.399368088201168,43.18285909846393],[11.399414485646501,43.182853182417034],[11.39948494197781,43.18284412233121],[11.399657749440257,43.18282211635475],[11.39980480481154,43.18280341130368],[11.3998452834123,43.18279824149917],[11.400732538282526,43.18251849400592],[11.40145613527304,43.18245827800355],[11.40189066766762,43.18255720087748],[11.401936896312709,43.18254940905794],[11.402095530322546,43.18252349662276],[11.402151631721765,43.18251343893451],[11.402201574789567,43.1825051394711],[11.402714966978344,43.182419928751976],[11.402819407602012,43.18240216209413],[11.402890157224641,43.182410009203416],[11.40320115035179,43.182442635809515],[11.403820505809975,43.18250764194075],[11.404006033450143,43.182528822076684],[11.404562894009612,43.18259239445379],[11.405019925965622,43.18264463305723],[11.40543501042099,43.182887882296974],[11.405978512013622,43.18325462487557],[11.406069361415739,43.18322066878291],[11.406105929329991,43.18320704388679],[11.406441906329045,43.183081490677125],[11.406501120701412,43.18305941395018],[11.406693976731333,43.182987450012746],[11.406819769152598,43.18294263432965],[11.407332341781231,43.182760253062],[11.407439660589617,43.18272210521512],[11.407648092803338,43.18264791001856],[11.40768901824488,43.18263334556071],[11.407935456876446,43.182571190569],[11.408468770031186,43.18243684021692],[11.408854189319802,43.182310095330436],[11.409053342154678,43.1822446579351],[11.409324991263068,43.18215527739883],[11.409410680691147,43.18212708206858],[11.409473893287418,43.182106382751],[11.409756371249536,43.18201352605863],[11.409798605455055,43.18199237724372],[11.40984148834285,43.181971673060296],[11.409909612330834,43.18193877543582],[11.410078589260738,43.18185718374122],[11.410213112668616,43.18179222860321],[11.410456679384223,43.18167461458876],[11.411186065707884,43.181136991355615],[11.411963550393809,43.18057133693424],[11.411951958764455,43.180276221006665],[11.411943860554137,43.18006720511368],[11.41185175575105,43.18002800369877],[11.411784381213502,43.179999279335526],[11.41112005216302,43.17971338818475],[11.41108324806281,43.17969799523998],[11.41100503471116,43.17966411889735],[11.410954282841514,43.179635346089604],[11.410887448340294,43.1795975649982],[11.410729535897502,43.179508183494576],[11.410596428719163,43.17943284327347],[11.410541380379096,43.17940181073743],[11.410513697027609,43.17938596960871],[11.41053136093811,43.17936138289968],[11.410567984692346,43.17930818694993],[11.410592065576772,43.179272862401135],[11.410677153042572,43.17914878673023],[11.410724173267777,43.17909856086585],[11.411243860658908,43.17854255914182],[11.411275102791217,43.17847282841386],[11.411302362073688,43.17841165740514],[11.41156044073104,43.17783355361424],[11.411464339861286,43.17725006009237],[11.411430483296861,43.17720931113254],[11.411301095381228,43.17705195600365],[11.411199711228896,43.176928713657276],[11.411114769077239,43.17682486463099],[11.411085442794379,43.17638488675138],[11.411095122533196,43.17634918502079],[11.411193145556592,43.17600443898019],[11.41130626837256,43.175978227267315],[11.411359350676967,43.17596586240548],[11.411674194073232,43.17589274468281],[11.41174609263361,43.17587613074983],[11.411786116078325,43.17586688647836],[11.411875876697415,43.1758459725458],[11.411921672037904,43.17584536495784],[11.411989477551499,43.1758446298372],[11.412521491489075,43.17583832367647],[11.412725070254703,43.175835990343735],[11.412847259784813,43.175834426840495],[11.412918670482943,43.1758013482102],[11.413379028027324,43.17558915063563],[11.413406335225032,43.17556493531862],[11.413444689601702,43.17553092336885],[11.413878302844445,43.17514640942794],[11.414003534202367,43.17496818286998],[11.414168738965722,43.174736006705224],[11.414227932154306,43.17465279987402],[11.414356065349041,43.17447901380242],[11.414705809412572,43.174003982500054],[11.414721237281226,43.1739373922966],[11.414873627536998,43.17324351043244],[11.415001270979278,43.17273657861115],[11.415350523443175,43.17223396917738],[11.415824818421067,43.17178274271552],[11.415880083359243,43.17166341082078],[11.41600623203849,43.171391727741195],[11.415957995863836,43.171277302800576],[11.415829761678976,43.170972257802084],[11.415562059003612,43.17071675531543],[11.415497403771308,43.17065512705283],[11.415758891940065,43.1704060988681],[11.41633417651614,43.17034931205906],[11.416391666588064,43.170344891660456],[11.416606563122564,43.170328367334726],[11.417303087846145,43.17027480757032],[11.41786104709608,43.17007392247492],[11.418045020493402,43.170067724426474],[11.418541945305256,43.17005120475205],[11.418598187070208,43.170049328148664],[11.418817738279456,43.1699888430784],[11.419377209633273,43.1698349102338],[11.420059330954262,43.16978983053665],[11.420186911306612,43.16978163771631],[11.42026836539031,43.16976247686874],[11.42034353377078,43.16974470150826],[11.420771863703772,43.16964316207309],[11.421094639433623,43.169221961356875],[11.421227979237042,43.16904864166719],[11.42137548544465,43.16869985581641],[11.4215206667592,43.16835771104377],[11.422007234947513,43.1678878292934],[11.42241298176143,43.167591459698905],[11.422659935602256,43.167375716281306],[11.42284532765269,43.167213932986805],[11.422957183367425,43.16711627758428],[11.423038365937465,43.167045386313866],[11.423153190120745,43.1669454797717],[11.423485366485027,43.166713334404946],[11.424167078812141,43.16622165984861],[11.42513288958303,43.16575997351109],[11.425515505053458,43.16563705428394],[11.426213932832685,43.16541288820448],[11.42739186137728,43.165027719728435],[11.428127676500731,43.16466093235893],[11.428460563673505,43.164059583787704],[11.42834442636078,43.16373365969664],[11.428125124001056,43.163117970656735],[11.428100729757595,43.16304974710206],[11.428142703890765,43.162988808809615],[11.428238758411736,43.162849558816546],[11.428554369245383,43.16239180907729],[11.429190757564204,43.162000113520214],[11.429160939356965,43.16185890936802],[11.429139807831959,43.16175891345845],[11.429119763770162,43.16166391434196],[11.429099899144562,43.16156984065294],[11.42856376047724,43.1610769919621],[11.428557971735874,43.16102028062877],[11.42853910374237,43.16083701782535],[11.428521974654235,43.160670596654654],[11.428503716135806,43.16049299180364],[11.428494699670097,43.160342258512095],[11.428485794085931,43.160191528264164],[11.428475260495837,43.16001408529331],[11.4284684364568,43.15987149394428],[11.428584724985916,43.15976787164459],[11.428706060759124,43.15966020894445],[11.429049038211046,43.15935587980703],[11.429854945403548,43.1588975501208],[11.430511228655224,43.15838836927962],[11.430838166707044,43.15818107474607],[11.430901079137037,43.15813921885075],[11.43157059246015,43.15842887670125],[11.432322222805542,43.15877305993085],[11.433012773071294,43.159127542098695],[11.433906392456967,43.15963977451251],[11.434879260507165,43.15997923242597],[11.436139932048773,43.16013246479019],[11.437022142468743,43.16035678071103],[11.43768493671182,43.16063078813435],[11.43849807557622,43.16097361916544],[11.438991472761407,43.161035590843156],[11.439218150905955,43.16106406079373],[11.439388995738216,43.161008776626225],[11.439601554063575,43.16094003315695],[11.439643251066277,43.16092652312241],[11.439729518336655,43.16089854577599],[11.439768514693906,43.160885913608446],[11.44028375421914,43.16071942387231],[11.440802557629896,43.16059155802899],[11.4409932568366,43.16054445577719],[11.441564729758044,43.16076411314187],[11.441652998901017,43.160801655511904],[11.44265328305616,43.1612270928059],[11.442825648495326,43.161299252988414],[11.442940096208886,43.161347279770865],[11.443322524512041,43.16150768287253],[11.444079950657757,43.161223620024124],[11.44413229699125,43.161178979781816],[11.444171365684065,43.16114566799657],[11.44430054688045,43.161035525030265],[11.444805566318506,43.160604824859874],[11.444936048848732,43.16050084200461],[11.445047851097799,43.16041150593518],[11.445100352914803,43.16036959472825],[11.445128409582422,43.16034713235184],[11.445190656094052,43.16029737978568],[11.445486683353788,43.16006147291517],[11.445515440219694,43.160038255315435],[11.44567526566406,43.159910700210496],[11.446619963840917,43.159530530750665],[11.447246755826445,43.159446834987016],[11.447931605066122,43.159727564713485],[11.448514163943132,43.16014729468075],[11.44920547436995,43.160825814247836],[11.449892484069272,43.16139637101398],[11.45040612666173,43.16150231197107],[11.450513345470382,43.1615235434024],[11.45058709608312,43.161483922426434],[11.450800720150339,43.16136137246209],[11.45085910943116,43.16132816655105],[11.451073671689368,43.16120498997887],[11.45110818755979,43.161185381614445],[11.451246187941242,43.16110623716538],[11.45141942827484,43.16111310336124],[11.451965043419325,43.16113449306624],[11.452062346815211,43.1611382611306],[11.452252655998846,43.16117591939964],[11.452326731673294,43.16119065466278],[11.452403898043345,43.16120596469758],[11.452493186916548,43.16122356559723],[11.452511953441794,43.1612483409053],[11.45254757751001,43.16129546257805],[11.4527009822126,43.161498239999744],[11.452895094950868,43.161599137405354],[11.452955217640762,43.16163045853343],[11.452986364953142,43.16164666801211],[11.453266258979372,43.16179225695229],[11.453802997451554,43.161987837167295],[11.454338299105913,43.16214742851246],[11.454507789752109,43.16239276454313],[11.454527962776814,43.1624215774604],[11.454560196283374,43.162466816439235],[11.454652290169548,43.162604457377896],[11.45475698627845,43.162761625435685],[11.454874251204984,43.162937297505266],[11.455116510454108,43.16319209517739],[11.455503493145457,43.16359910320158],[11.455651256704282,43.16379690936121],[11.455723185605375,43.16389136476749],[11.45580970468552,43.16400656870984],[11.455882692974427,43.16410378088318],[11.456023219063693,43.16429026961782],[11.456173825835585,43.16446928418135],[11.456305451741851,43.16462549231697],[11.45636267410059,43.164693948184194],[11.45655678929264,43.16492452077951],[11.456707780092943,43.16510395226581],[11.457540934509002,43.165338103377074],[11.457990353245416,43.16542328478677],[11.458096011984116,43.16544329009732],[11.459102554976091,43.16531359658498],[11.460312387651681,43.16528125436089],[11.460395833892285,43.16527902306163],[11.460481427972658,43.1652749257183],[11.460601606866497,43.16527234596503],[11.460815102190404,43.16509041846706],[11.460931941517941,43.16498972750082],[11.46119624118657,43.16476431639819],[11.461907632292235,43.164188607755165],[11.462042088577721,43.16407979536537],[11.462106194089976,43.16400471317172],[11.462260524514347,43.16382395424071],[11.462308307039569,43.16376728061783],[11.462330254734663,43.163741988581364],[11.462353526828212,43.16371500402852],[11.462379153029142,43.16368519815743],[11.462406577720074,43.163653253750894],[11.4624407843547,43.16361260201272],[11.462474242032181,43.163573730333084],[11.462493651337441,43.163550840347455],[11.462513932523157,43.163527302182345],[11.46253559933196,43.16350194231996],[11.462556343881966,43.16347769183392],[11.462577105802557,43.163453445472115],[11.462598314584357,43.16342859610024],[11.462623747380357,43.16339872770723],[11.46265315310278,43.163363897922764],[11.462664700771887,43.16331881417321],[11.46272038831709,43.16309342426586],[11.462751181364814,43.16296975168183],[11.462833290493814,43.1626406062056],[11.46286476541585,43.1625139555865],[11.462877192635387,43.16197066626898],[11.46288260292141,43.161738588437856],[11.46288716306102,43.16154041385352],[11.463068508419694,43.16128396983933],[11.463236320316154,43.16104666484859],[11.463376416981696,43.16102386080193],[11.463533125641352,43.160998353972424],[11.463602918394542,43.1609869915115],[11.463619409724695,43.16136560966117],[11.4636236773218,43.16146150794491],[11.463581629554126,43.16172316277994],[11.463575820009792,43.16175213228576],[11.463541978423665,43.16195537595719],[11.4635062309202,43.16217598762768],[11.463463801826245,43.16243781628982],[11.463386071809687,43.16291731692326],[11.463370239769603,43.16301510059618],[11.463365765692508,43.16304281133088],[11.46340137570989,43.16318673497541],[11.463422110868814,43.16327035589799],[11.463451826137199,43.16339098186177],[11.4634831100423,43.16351788422492],[11.46391165251296,43.16396715634729],[11.463945589503664,43.16400277627725],[11.464120980800926,43.16419043511011],[11.46414830431583,43.164219763933865],[11.464231264339606,43.16430870690621],[11.464316986867834,43.16440069585866],[11.464337115928442,43.16442225861628],[11.464389987885596,43.16447946599853],[11.464469737457119,43.1645651815152],[11.464539450799048,43.16464037207774],[11.464562291732928,43.16466497742019],[11.464611860793099,43.16471097891917],[11.464771998554115,43.164858710939676],[11.464813839984155,43.16489757464505],[11.464842400050223,43.16492405109848],[11.464886748734337,43.16495117947172],[11.46490941373887,43.164975013266385],[11.464940292186437,43.1650085422979],[11.46496366788863,43.165032153662494],[11.464998857556116,43.16506680621904],[11.46503180352898,43.165098033280465],[11.46507068778105,43.16513425845365],[11.465111837937107,43.165173113538565],[11.465137524439562,43.16519845069427],[11.465235474094571,43.16528914974898],[11.465393216812393,43.16543347216674],[11.465417649459742,43.16548080404283],[11.465519812304587,43.165553264773365],[11.46566990159966,43.16566289804262],[11.465801346491824,43.16572759570353],[11.465922918764893,43.165787432207004],[11.466035243413913,43.1658960164111],[11.466079169680436,43.16593868761245],[11.466146195638764,43.16600383592387],[11.46620736951195,43.166063805089756],[11.466312614694882,43.166166920330234],[11.466374708920688,43.166228903620436],[11.466402055482554,43.16626584361346],[11.466671952319155,43.16644808421933],[11.466825264157293,43.166556409237806],[11.46689202356331,43.16660323013456],[11.467043613055832,43.166709270709376],[11.467213519683991,43.166804650974086],[11.467304039803526,43.16685697560258],[11.467408731464008,43.16691749349812],[11.46747073648825,43.16694847366479],[11.46766193206704,43.167043492002385],[11.467832380925058,43.16712840476429],[11.467894654202059,43.16715940682228],[11.467932030995524,43.16717801424686],[11.468318824107245,43.167370572460825],[11.468408875133942,43.167416186436014],[11.469367388410122,43.167901691388785],[11.470350781231259,43.16880684972492],[11.47041795091902,43.16887015189982],[11.470451294164429,43.168901133771534],[11.470521981801872,43.16896725925437],[11.471188474019518,43.16959311697686],[11.471232664974528,43.16963542206396],[11.471252175834572,43.16966168185937],[11.471483379578801,43.169976157353986],[11.471513464827472,43.17001636847553],[11.47155867846363,43.17007763504043],[11.471584262674162,43.17011181242185],[11.471767017164849,43.17036201573938],[11.47229092446012,43.17084591984652],[11.472421539141678,43.1709578983703],[11.472902331707516,43.17136394626347],[11.473010438874491,43.171520768612275],[11.473047184058961,43.17157518358338],[11.473248062609326,43.17186970857033],[11.473490680529887,43.172224627761715],[11.473550831182836,43.172313208097954],[11.473683699542404,43.17250888060774],[11.47372162855714,43.17256473563511],[11.473852223307345,43.1727570571135],[11.474026972187655,43.17301439827631],[11.47416024860759,43.17320048083063],[11.474336721244164,43.17344673595816],[11.474388461681729,43.17351825734907],[11.474444291679017,43.17359495681242],[11.474479435843527,43.17364390613827],[11.474522007622681,43.17370331164422],[11.474600517301088,43.17381236508208],[11.474736135682956,43.1739974030773],[11.474772919106508,43.17404769358264],[11.474800405396898,43.17408492111203],[11.474819364852031,43.17411082573311],[11.47495093255788,43.174289421238186],[11.47497806475751,43.17432643578262],[11.47505567047469,43.17464202494169],[11.475103016610824,43.17483555708953],[11.475125344165386,43.17492653102074],[11.475110431701001,43.17498010956112],[11.475052196964329,43.17518916969311],[11.475037478784397,43.17524195704396],[11.475013894175174,43.175327329161554],[11.474984347844162,43.175433108825835],[11.474893775727317,43.175757700223066],[11.474878252553546,43.17581429036714],[11.47478122067916,43.175880788134734],[11.474629504265222,43.175981370917015],[11.474435646820544,43.176115332142345],[11.474394812828299,43.17614265052903],[11.47430647289896,43.17620259017979],[11.474202796313127,43.176173557316005],[11.473884692187875,43.17608406661096],[11.473821229201347,43.17606686295901],[11.47365629643918,43.176020816779044],[11.473452687904844,43.17591859558347],[11.473360159077739,43.17587214336301],[11.473200297350534,43.175791884067735],[11.4727257414562,43.17555381169943],[11.472602374214315,43.17549146240243],[11.47257310911183,43.17547689693758],[11.472538872101504,43.17545955130869],[11.472455166700541,43.17541314886482],[11.472362244176216,43.17536187355111],[11.472249477675696,43.175299670133356],[11.472102947786862,43.17521907150964],[11.471949966186221,43.175134743039756],[11.471877556254002,43.17509463217179],[11.471789142627554,43.17504576840224],[11.471681872507267,43.17498647913861],[11.471645237568472,43.174965794966376],[11.471407383302145,43.174872654596406],[11.471317786310514,43.17483786449597],[11.471180140222758,43.17478382525227],[11.471143946741753,43.1747698674707],[11.471054530955476,43.17473416381497],[11.47091124607529,43.174678059867404],[11.4707939388222,43.17463171329473],[11.470750047593986,43.17461497912941],[11.470697927627,43.1745947219971],[11.470557679001242,43.17453908775022],[11.470334492956292,43.17451637834995],[11.469466097078316,43.1744277541355],[11.469374306267913,43.174442807099375],[11.469254890782407,43.1744631720871],[11.469113087472874,43.17448734386818],[11.468843517393509,43.174533168783064],[11.468554080719292,43.17458236185792],[11.46843702347707,43.17467468673287],[11.468334926690458,43.17475530173596],[11.46823746030615,43.17483215825984],[11.468167748230952,43.17488719704722],[11.467982906259891,43.1750322945442],[11.46783956498478,43.17514524042779],[11.467803905321007,43.17517496058489],[11.467866851528292,43.17528593480559],[11.46792139306872,43.17538226576162],[11.467976693780612,43.17547972384607],[11.468019777614312,43.17555501235877],[11.468035812386443,43.17558304591424],[11.468053342521722,43.175613535070056],[11.468239702159238,43.175939778199535],[11.46828663051397,43.175970382770856],[11.468373853927043,43.1760272671329],[11.4689337949169,43.17639265318897],[11.469111859070686,43.176461196231905],[11.469328617032707,43.17654438081207],[11.469450902324844,43.176591581214545],[11.469537522617502,43.176624701934124],[11.469590465327485,43.17664509939115],[11.469909408062763,43.1767681257428],[11.470071481870685,43.17683457612993],[11.470168825801155,43.17687402702069],[11.470224046844159,43.1768960551588],[11.470809259761243,43.177135159377194],[11.471109807640214,43.17747007023748],[11.471325369180283,43.177709982585725],[11.47135156816462,43.17776440538188],[11.471434946335341,43.177937607442146],[11.471565603392017,43.17820902528968],[11.471610782695953,43.1783028753174],[11.471634242595862,43.17835160712712],[11.471378629820812,43.178615369093706],[11.47133240688265,43.178663373101784],[11.47129918042519,43.17869769244881],[11.471220395135534,43.17877906855353],[11.471200182327182,43.17879994598096],[11.471102090655467,43.178787368269056],[11.470857411545987,43.17875544936441],[11.470640310821226,43.178728183525884],[11.470312601016472,43.178686383473035],[11.470240209055843,43.17867727018971],[11.47013348199224,43.17866317099381],[11.469809491825066,43.17864976242527],[11.469623377228357,43.17864192646193],[11.469291912487826,43.1786283266973],[11.469008474817226,43.178616610809016],[11.468782689234729,43.17860723495436],[11.468703884561409,43.17860400297453],[11.468225711663509,43.178584633485116],[11.467859494285522,43.17856986362763],[11.4677762559659,43.17856694910431],[11.467725913586786,43.17856494353493],[11.467542384311177,43.178557042078914],[11.467408262856672,43.178580840684674],[11.467162421175217,43.17862420019733],[11.466780570656415,43.17869186779361],[11.466698286536605,43.17870638396772],[11.466555736296943,43.17873140159859],[11.466548893296155,43.17876696659335],[11.466511288544853,43.17895291809526],[11.466464497246106,43.17918217836544],[11.466453315401674,43.179237283457255],[11.466572704372473,43.17966837870072],[11.46659311114416,43.179744155086276],[11.46669811459234,43.180123979558616],[11.466776863684181,43.180423895609366],[11.46681255651795,43.180562658349345],[11.4668467942382,43.18069907624288],[11.466874319401558,43.18079912755666],[11.46690467274492,43.180908814535606],[11.466936930922374,43.18100781286651],[11.46695982801774,43.18112452014343],[11.46697907199751,43.181174431572366],[11.466991409404592,43.18120598104804],[11.467016886997905,43.1812702836522],[11.467049519489583,43.181353153537856],[11.467076102757582,43.18141997597505],[11.467091557423721,43.181459386432365],[11.46719771070635,43.18172982966507],[11.467220381525914,43.181787490008126],[11.46781198675294,43.182423024443025],[11.468327926781727,43.182779362498586],[11.468566847338044,43.18294376560135],[11.46860933529327,43.18297307650146],[11.468804632700806,43.183220025608534],[11.468959403521815,43.18341572740971],[11.468901826468338,43.18368496620867],[11.468880753688541,43.183778654914654],[11.468866008841248,43.18384999797887],[11.468789544899229,43.183854572655186],[11.468749479338282,43.18385697745025],[11.46870994536502,43.183859535531816],[11.468664213603406,43.183862065335695],[11.468610226442506,43.183864957041585],[11.468237359882316,43.18388767181648],[11.468162666309153,43.18389160096993],[11.467990555852042,43.18388135220694],[11.467372773993064,43.183842853809125],[11.467090239019534,43.183825244783044],[11.466759216103267,43.18389479696713],[11.466714912743829,43.183903983538535],[11.466585779281147,43.183931186149756],[11.466378354421153,43.183975035290466],[11.466314790521693,43.18418296857826],[11.466244501093051,43.18444602779533],[11.466238652188563,43.184611527968094],[11.466235189999642,43.18465100618061],[11.466241050319184,43.18490973690044],[11.466242241797952,43.184996074643166],[11.465685430458636,43.1855303266266],[11.464205444944104,43.186057462553045],[11.462407577580416,43.18633030480414],[11.460996248005866,43.18672986192757],[11.459391804710924,43.18691745514251],[11.458560096649352,43.18734953477455],[11.458406035683605,43.18741793817969],[11.45834111524662,43.18750026246922],[11.458292599731632,43.18755321509799],[11.458227740401862,43.187623461497424],[11.458153398392895,43.18770351656567],[11.457961781262082,43.18790463914743],[11.457915904061881,43.18795294903099],[11.457726252035894,43.1881526360135],[11.457692106061513,43.18819149129445],[11.457530184051919,43.18836213655293],[11.457480438718932,43.18841713402124],[11.457119499212297,43.18881654287356],[11.457098942136222,43.18883781057921],[11.457060839222219,43.18887679122087],[11.456999270349078,43.18894538686219],[11.456911984980977,43.189041275903215],[11.456811244295283,43.18915194634104],[11.456662115455048,43.18933507270547],[11.456526111696103,43.18950208200464],[11.456480470543735,43.1895572204666],[11.456400770207086,43.18965599499805],[11.456499743465152,43.18977583044008],[11.456539150796804,43.18982456303709],[11.456634165101587,43.189940302737995],[11.456814796452747,43.190160337707745],[11.456970985901505,43.190230908314454],[11.457172944832514,43.19032215846515],[11.45780100437519,43.190605928889035],[11.457880121687076,43.19064167598634],[11.457926998827881,43.190658676803615],[11.458425684005231,43.19083952926639],[11.459052220697357,43.19106688503623],[11.459090390248262,43.19108062851563],[11.459235881454195,43.19113357155165],[11.45940350726117,43.19119442845999],[11.459528611930239,43.19123620674462],[11.459564352010338,43.191248040297495],[11.459667506641177,43.19128232273105],[11.459711314755488,43.19129703602064],[11.460301013582615,43.19149475288906],[11.460338721465076,43.19150728400562],[11.460389091906181,43.19152414830936],[11.460485692414476,43.19154610464557],[11.460792673679737,43.19161450909701],[11.460911482304361,43.19164081068917],[11.461013091220337,43.19166379241787],[11.46115793320572,43.19169665577834],[11.461407454240812,43.19175434944686],[11.461540940560049,43.19179042997845],[11.461805748481714,43.1918619969771],[11.462088667420074,43.191938102300355],[11.462178274009686,43.19196286675577],[11.4622582510113,43.19213980415096],[11.462278871725017,43.19218603452294],[11.462324932213688,43.19228873825923],[11.46235930182922,43.192364522519085],[11.46239528305988,43.19244335061318],[11.462446512094193,43.192471245528374],[11.462759622331722,43.192634644367594],[11.46280286703259,43.19264782166851],[11.462862862914205,43.19266628019734],[11.463195777039921,43.19276932617245],[11.463329518686372,43.192946036466665],[11.463438674986573,43.1930904233894],[11.463550987911855,43.193238894049735],[11.463624711018712,43.193336351421195],[11.46388506771042,43.19345899241821],[11.464074818502082,43.19354837372966],[11.464233471893978,43.19362310691202],[11.464264556871003,43.19363740202424],[11.464301783249528,43.19364525638887],[11.464418940959415,43.19367039862738],[11.464642625777783,43.19371773969561],[11.464695027180198,43.193728822601415],[11.464959567812773,43.193784802540534],[11.464893442190514,43.19384587851931],[11.464790777299628,43.19394077331939],[11.464520557190253,43.194190450228774],[11.463534526993948,43.19422970789673],[11.462490627682804,43.19420717454734],[11.461695372628323,43.19462948745807],[11.461792151556393,43.19493069565168],[11.461836064506974,43.19506766281844],[11.462006925461749,43.195329946811185],[11.462229561665161,43.195671473083955],[11.462485611881325,43.19607075014164],[11.462514144181414,43.196114965080234],[11.462639289971746,43.19630965630144],[11.46266285242102,43.19634645879702],[11.462929872407404,43.19669715474311],[11.463013683485523,43.196807118146],[11.463058047948625,43.196844923932595],[11.463242063886897,43.1970022059416],[11.463291025651142,43.19704383934462],[11.463599967415,43.19730772551837],[11.463672051151875,43.19747017111959],[11.463762376083844,43.197673396410615],[11.463670136165012,43.198379919114494],[11.463739883200642,43.198464992920506],[11.463870248726437,43.1986226546374],[11.464080170547483,43.19887656786327],[11.464185702452637,43.19900489642218],[11.464340424693058,43.199191647596514],[11.464323589841976,43.199270678689444],[11.464314317573605,43.19931460942977],[11.464305715511697,43.19935562275706],[11.464300149475674,43.19938208012441],[11.464290072739638,43.199429507439206],[11.46427911380085,43.19948005932912],[11.464247389496949,43.19963059883741],[11.464237017184065,43.19968010169082],[11.464108046665013,43.2001297292382],[11.464087214135859,43.20020595968284],[11.464132671226782,43.200225001854044],[11.464286287612188,43.20029096611562],[11.464655527770052,43.20044825226651],[11.464698731548136,43.200466987115604],[11.464849767851245,43.20053129362428],[11.464904593053546,43.20069862152835],[11.4649149879144,43.20073114945037],[11.464923417604204,43.20075742397368],[11.464934888971849,43.2007930567582],[11.464958813821996,43.20086538886205],[11.464976308110167,43.20091909206201],[11.46499123691208,43.20096441089568],[11.46501060551366,43.201024126329955],[11.465060720575776,43.20117515087037],[11.465182945409724,43.20151949127991],[11.465212989724664,43.20160396235576],[11.46525578823274,43.20168391833074],[11.465276503422704,43.20172199270849],[11.46529129306594,43.20174945729426],[11.465394808741836,43.201941864464736],[11.46540916910709,43.20196911948744],[11.465468562016346,43.202078914163515],[11.465572209077466,43.20227152902688],[11.465623726089959,43.20253337150094],[11.465682175442373,43.20282981358962],[11.465689903642884,43.20287015518399],[11.465696280423227,43.20290179271346],[11.465702442075916,43.202932703737815],[11.465709195106697,43.20296662202889],[11.465721273015426,43.20302669084002],[11.46573756091384,43.20310891472148],[11.46575784732155,43.20321296237337],[11.465814712527765,43.203288024395924],[11.465871155487244,43.20336280645952],[11.466125936587385,43.20369909949555],[11.466215740118589,43.20381775168895],[11.466426873382757,43.20409731427417],[11.466444949462142,43.20412071982901],[11.466490548825801,43.20418155021969],[11.466507766015523,43.20420404505544],[11.466547556839311,43.20425671953298],[11.466602873139912,43.20432927806782],[11.466623055235939,43.20436037369624],[11.466663170808259,43.20442250277378],[11.46686554685686,43.2047377841387],[11.466752433989248,43.204986386760226],[11.466729036688347,43.20503653727888],[11.466609391980558,43.20529812520822],[11.466538292834159,43.205455036955044],[11.466477820129569,43.20565928427255],[11.466468943381411,43.205693190306754],[11.46638655672837,43.20597222672009],[11.46631282163389,43.206190470768114],[11.466194677485113,43.20653958029898],[11.466181215782328,43.20657923986031],[11.466165561196073,43.20662502277393],[11.466144134409902,43.206689241190325],[11.46609201012617,43.207228362797856],[11.466077805852796,43.20743166861943],[11.466068337172388,43.20756437728315],[11.466065847705599,43.20759389461619],[11.466060013500408,43.20766692139176],[11.46605105204794,43.20776311056327],[11.46604488977604,43.20783196915146],[11.466037778131891,43.20791407362626],[11.466033584109109,43.20795770763415],[11.46602749313852,43.20802045711349],[11.466023636994793,43.20804795185708],[11.466019035709138,43.208124418662045],[11.466011638659197,43.20820167330735],[11.465992234716825,43.208420712674275],[11.466025582203887,43.208770929606224],[11.466048135441824,43.208990931485616],[11.466056942891482,43.209082414459026],[11.466060514936366,43.20911862445018],[11.466065772388372,43.20917163419271],[11.46608375228297,43.20935232139128],[11.466087730527855,43.20939378198764],[11.466096753648722,43.20948807682268],[11.46612510040629,43.20953838971104],[11.466144478726127,43.209569172278364],[11.466301857539843,43.20982985264326],[11.466345771243557,43.20990302096473],[11.466371760541202,43.209945749057404],[11.466403867273124,43.20999896386381],[11.466453376423937,43.21008093282458],[11.466585112748172,43.21029939766447],[11.466788118361775,43.21062044237484],[11.466811818201439,43.2106580927509],[11.466854427387744,43.21072574420838],[11.466895295925546,43.210790523940474],[11.467045336459673,43.21102780829795],[11.467180185824533,43.2111935116192],[11.467262721336459,43.211295493464256],[11.467285294995618,43.21132294104167],[11.467328479108565,43.211376071400686],[11.467411321677734,43.211477809696866],[11.467479835213181,43.211562362864235],[11.467498840439324,43.2115852052128],[11.467513680303805,43.21161535163676],[11.467915169312041,43.21244970021977],[11.467972459648161,43.212561673671175],[11.468033451656758,43.21268157193977],[11.468054787515849,43.21272335288418],[11.468075928440964,43.21276478686758],[11.468088635074318,43.21278930930077],[11.468342884101013,43.21328685676],[11.468503178705522,43.21351485315981],[11.468529186214864,43.21355182303879],[11.468891431713256,43.21406737798205],[11.46890057870861,43.21412560164112],[11.46899101595392,43.21470452169879],[11.46915516096837,43.215137243017466],[11.469197672172072,43.21524931166272],[11.46916485467389,43.21540239337461],[11.469150718300206,43.21546912548017],[11.469137661589176,43.21553061272135],[11.469099846844715,43.21570992266352],[11.46909219646011,43.21574638838009],[11.4690844522227,43.21578354854707],[11.469203259965825,43.21610188316493],[11.469267379679808,43.21627320556208],[11.469304575678072,43.216372521013724],[11.469259449051238,43.21680256363104],[11.469251114177855,43.216877908131856],[11.468939501575754,43.21721083241983],[11.468794391830613,43.217365974131],[11.468742972370716,43.21742054874937],[11.468436918938957,43.21805702326522],[11.468288797783034,43.21829378051055],[11.468250104186605,43.218355475329965],[11.46819519938075,43.21844321182595],[11.468077459807217,43.21863102061258],[11.467939571968124,43.21885112109717],[11.46785267623074,43.21897826428144],[11.467531233052384,43.21944858056174],[11.467415108450563,43.219709220388836],[11.467212525874453,43.220164004479194],[11.467160535178538,43.220282114518405],[11.467052794437052,43.22045800368045],[11.466847767811592,43.22079186554216],[11.466651906534057,43.221122335495885],[11.466185320336301,43.22163299359185],[11.466015521340434,43.22181898145483],[11.4652348122047,43.222610174506706],[11.46409899097753,43.22313882775041],[11.4639909192504,43.223548153457216],[11.463922831089056,43.223806335328256],[11.463874492238856,43.22399011837315],[11.46390363976826,43.224051612071705],[11.464237828345928,43.22475664343236],[11.464308731498884,43.2250183054902],[11.464319530745298,43.225056754796924],[11.464335593901914,43.22511717075966],[11.464397088117265,43.22534748570888],[11.464317766799862,43.2258219523069],[11.464270880648899,43.22618759001805],[11.464244574038174,43.22637499339179],[11.464137807837718,43.22716290513517],[11.464018871166893,43.22738446153586],[11.463932262663809,43.227545796118804],[11.463739450274934,43.2279049599887],[11.463703148395117,43.22797339714624],[11.46358803117386,43.228072064243314],[11.463445894866739,43.228194226394905],[11.46303648125962,43.228546613344356],[11.462615429249983,43.22885700718779],[11.462553766217644,43.22890269186157],[11.462454945877898,43.228975543810066],[11.461780507356725,43.22947372233936],[11.460836084420563,43.230178368759034],[11.460043619175648,43.230681646252],[11.459108924932861,43.231016898575945],[11.45805532183569,43.231462531432925],[11.457205119907425,43.232057290462365],[11.45669340725485,43.232806626210966],[11.456050313767067,43.233657827332934],[11.455948950463384,43.23450639231217],[11.455970640292307,43.23504617378349],[11.455902879751612,43.23508961143336],[11.455802848711475,43.2351537351395],[11.455676814056769,43.23523452850173],[11.455418378145602,43.23540019358011],[11.454590352380402,43.235634073657266],[11.453600554635369,43.23582639861442],[11.453522465367591,43.23585281257633],[11.453009424071595,43.2360268333318],[11.452920169884079,43.236057097115314],[11.452919031291747,43.23664238988519],[11.452925282622386,43.23724370999967],[11.45292764091141,43.23747058405814],[11.452545771525468,43.23808205302746],[11.45234686964179,43.23822686430887],[11.452055166926081,43.23843923506256],[11.45292030866882,43.238515219941775],[11.453933167578787,43.238943888839316],[11.45397249726976,43.238960951307774],[11.45448587779078,43.23947207323636],[11.45450597361894,43.23964001300564],[11.454515607583403,43.23972051345478],[11.454560032306603,43.24009176509152],[11.454430620540576,43.24024683580637],[11.454384802814358,43.240286987657164],[11.454303503678133,43.24037415030941],[11.453842328241583,43.24031426699574],[11.453027283573851,43.24025972481127],[11.452055519175252,43.2402895758818],[11.451257627605152,43.240585813995516],[11.450711306362955,43.240552505096375],[11.449952377746197,43.24036167606289],[11.44986053226693,43.2403420593304],[11.449746269166196,43.240317774274914],[11.449557368520495,43.24027730409589],[11.448927536103172,43.24014277331119],[11.44866072215872,43.240230763086856],[11.447997614620363,43.2404485698422],[11.446851482394779,43.24089438690399],[11.446446382735918,43.2407972964114],[11.446281065041106,43.2407578234768],[11.445614313798492,43.24059862210563],[11.444553588330075,43.2402521387618],[11.444471887556643,43.240191217331365],[11.444433010059125,43.240162229368195],[11.443461864748294,43.23943809335642],[11.443055765755789,43.23896063788323],[11.442980473839313,43.2388721156116],[11.442919147970745,43.23880139421169],[11.442793893472889,43.2389564503528],[11.44263392777559,43.23915400673074],[11.442592115991722,43.2392065562113],[11.442512961545214,43.23930536656104],[11.442320706911449,43.23954351440908],[11.442231878317207,43.23973298018917],[11.442218328270705,43.23976139334698],[11.442190682160712,43.239820336502454],[11.442161338948484,43.23985770942981],[11.442103486416768,43.239978565052695],[11.44206006431855,43.2400696479785],[11.442008476744173,43.24017793313455],[11.441951155609043,43.240298725101724],[11.441935602948796,43.24033133553464],[11.441840755016369,43.24053058566204],[11.441626876597963,43.24098098456343],[11.441289037473593,43.24144380322163],[11.441255203523816,43.24149042096605],[11.441068852457853,43.24174606631924],[11.440972482147448,43.24187896207186],[11.440770629863563,43.24208879048657],[11.440513441798965,43.24235563389011],[11.440106787071072,43.242778246539885],[11.439741599466839,43.24334879776536],[11.43961159696825,43.24356316866575],[11.439518597673763,43.24362713797205],[11.43876048149809,43.24414858770588],[11.438238750791722,43.24465494176649],[11.438203149010528,43.24478548116033],[11.438113417907838,43.245114500870336],[11.438097611682466,43.24517241255268],[11.438081937240966,43.245229923436824],[11.43802385508714,43.24544288301327],[11.437582512140862,43.2460263271348],[11.437532408531386,43.24609265415729],[11.437524822904521,43.24617621090606],[11.437518790638881,43.246239210381646],[11.437516139050814,43.246268300929096],[11.437463442343363,43.24683246278733],[11.437415085462877,43.247472786737355],[11.437543163884794,43.24764701453114],[11.437675584232071,43.24782739670357],[11.438295764958038,43.2485525087848],[11.438491185542606,43.248958448256914],[11.438604687611537,43.249194215976104],[11.43808868403578,43.2493233182912],[11.437385083684326,43.2494993516375],[11.436912167826218,43.24999565540921],[11.436925253489985,43.25019899445678],[11.436928477059103,43.2502468847429],[11.436937754365081,43.25032826221935],[11.437387390662392,43.250714858599615],[11.437473568328697,43.25082910236699],[11.43755091152542,43.25093188931274],[11.43757675051713,43.25096616118582],[11.43762562029475,43.25103100734255],[11.437694538348367,43.25112246647492],[11.437761340282725,43.25121111545837],[11.437370262676998,43.25159762667792],[11.437064616921916,43.25196430709369],[11.43644136650652,43.25270692358589],[11.436160303984893,43.25296049474971],[11.435858722571565,43.25323257379422],[11.435600173344401,43.253645012719176],[11.43555762411095,43.253713808910234],[11.43551936588711,43.253774429718035],[11.43549715774119,43.25380996330532],[11.435418546580086,43.253935277959606],[11.435416938591272,43.253992146611],[11.435404241873327,43.25434065381293],[11.435401050081884,43.254425925674084],[11.435399782434738,43.25445966253245],[11.435397685636394,43.2545161670181],[11.435394085485786,43.25461322594544],[11.435390551278823,43.25471011598885],[11.43538352676205,43.254908457554734],[11.435240734167142,43.255343697211906],[11.435588740412507,43.25603860358588],[11.436242585742084,43.25667826758295],[11.436347488647524,43.25678137107031],[11.436370851097559,43.256804313777444],[11.436411750030075,43.25684513062575],[11.43643826301061,43.2568700906445],[11.436486754282047,43.25691911594559],[11.436572233352086,43.25700472746813],[11.436610932874379,43.25704345892891],[11.436639738172543,43.25707007363417],[11.436698281816422,43.257204426981914],[11.436715615017032,43.257244434979114],[11.436739796982868,43.25730044509028],[11.43697936375532,43.257854810529025],[11.436787986229923,43.25814838937677],[11.436687382198357,43.25830248993213],[11.436663151149267,43.2583398046471],[11.436637653729381,43.258378542894874],[11.43657149770336,43.258479939741896],[11.436526587455525,43.25854877306568],[11.436419436647425,43.259568520319014],[11.436362792845157,43.26027028911414],[11.43634491688502,43.260488499028106],[11.436610376552249,43.261266226218034],[11.436526871034893,43.261952317596695],[11.43648335473347,43.26234901435878],[11.43646551257824,43.26251165516816],[11.436461594562006,43.2625481191191],[11.436455011000433,43.26261140027197],[11.436653915923888,43.26300116015897],[11.436818769382427,43.26332372253035],[11.43690997198582,43.26350149722862],[11.436294834790912,43.26384741890495],[11.435867447628025,43.26403795900726],[11.43582132938754,43.26405883813648],[11.435657140655566,43.26413174580515],[11.435570284071929,43.26417040708094],[11.435511428788235,43.26419645750411],[11.43543119984957,43.26423237977885],[11.435338141611654,43.264273691457156],[11.435194306671567,43.264624645807395],[11.435161296312135,43.2647051528941],[11.434949911776254,43.26527466234069],[11.434924993326133,43.265344974467084],[11.434175844605805,43.265637804094816],[11.4334492398138,43.26551514326587],[11.433098430596804,43.26545576745695],[11.43262527067715,43.26537592447344],[11.431897931638849,43.26541606744711],[11.431745233516049,43.26542449473339],[11.431564912525122,43.26543449978984],[11.431475555656636,43.265407179062045],[11.431292472885943,43.2653512022493],[11.430798723399503,43.2652002937494],[11.430619174122977,43.26514533292725],[11.43010558796555,43.264988310631686],[11.429847747997211,43.26494489300742],[11.429336550662152,43.2648593978207],[11.429180462392134,43.264832758539555],[11.429040911201282,43.264809207276826],[11.428730558816554,43.26475654804309],[11.427999401842937,43.2645562737785],[11.427906580411204,43.26453080395033],[11.427794908212332,43.26431666476539],[11.427538777287849,43.263826047616284],[11.42738641406993,43.26353339122855],[11.427004401985347,43.26335016833702],[11.42696119357229,43.26332944226989],[11.426864003874881,43.2632829756407],[11.426214332600109,43.2629694568551],[11.426114087728326,43.26292110951748],[11.425957613486167,43.262845645258345],[11.425595401055984,43.262899451957566],[11.425502721944818,43.26291333078526],[11.424631735274751,43.26304259896588],[11.423839427058496,43.26325749062787],[11.422477982969934,43.26341240446313],[11.420972598059983,43.26358835954436],[11.420193253879704,43.263586852094946],[11.419922304258208,43.263339288431496],[11.41975541004361,43.26318679659064],[11.419490159013508,43.262944434533146],[11.418946350881239,43.2617621698448],[11.418789084406358,43.26141956838879],[11.418455095956096,43.26103449666828],[11.418351242754968,43.26091539462717],[11.41831383377906,43.26087203394122],[11.418266286729024,43.26081719846081],[11.418091552812635,43.26061519116443],[11.41801443998097,43.26055951053113],[11.41760336098944,43.26026447064919],[11.41727898886937,43.2600317804997],[11.417140916235738,43.259932732828716],[11.41708030146138,43.25980274689365],[11.416508248642497,43.25857748224107],[11.416049615279368,43.258028325301396],[11.416000044872511,43.25796900789976],[11.41583577262453,43.25777232072106],[11.41399381468565,43.25667671063683],[11.41352578163256,43.25638029755043],[11.413132716231924,43.25613137571297],[11.413081437339477,43.25609889044281],[11.413008900641534,43.25605294235044],[11.412755541608115,43.25589248006886],[11.412693417513454,43.255875282103716],[11.411485114785341,43.255541110738044],[11.410440874947186,43.25530201307377],[11.410021329492277,43.25493744593997],[11.409612857659438,43.25458236926814],[11.409573212089573,43.254547879599436],[11.409503109773517,43.25448686255935],[11.409318308179424,43.25432621906784],[11.408657330610065,43.253619839805665],[11.408533780925243,43.25348735816125],[11.408119822667754,43.253091163198754],[11.408072105122757,43.25304523300936],[11.407944893038698,43.25292349872151],[11.407886752498609,43.252556278786614],[11.407808619543328,43.25206251618796],[11.407802897965057,43.25202602382516],[11.40779133521016,43.25195319198689],[11.407772399112396,43.25183458772664],[11.407755743346762,43.25172942462396],[11.407739010016238,43.25162463592434],[11.407714906690762,43.25146971849329],[11.407641874582206,43.251300973627465],[11.407527709819474,43.25103909196665],[11.407491381342625,43.25095490326125],[11.407448051016514,43.25085389177151],[11.407391027423571,43.25071885990469],[11.407489669193474,43.250586053540324],[11.407682001594244,43.25032780490438],[11.40782549245664,43.25023103489147],[11.407949290599847,43.25014803178575],[11.408126439538826,43.25002935121107],[11.408662551306893,43.24956785142714],[11.408692996243543,43.249515268393054],[11.408936469455512,43.24909474250083],[11.408973926801172,43.24903004685633],[11.409332751850021,43.24844622138514],[11.409383589083209,43.24798583408496],[11.409396283793098,43.24787086924602],[11.40934175333782,43.24788319893333],[11.409119108877865,43.24793646922174],[11.40890815945242,43.24798695437982],[11.40884469825078,43.24801755333536],[11.408330528507854,43.24833227537533],[11.408026398694462,43.24845839587125],[11.407974644418868,43.2484799587693],[11.407779343846384,43.24856112181872],[11.407634664535289,43.24862135885924],[11.407530646619145,43.24866426449598],[11.407210604832906,43.248768434298015],[11.407154832699852,43.24878723429309],[11.406594312258212,43.24897211138466],[11.406434456771288,43.24902225660334],[11.405888623558432,43.24919405944112],[11.404815958886367,43.249650048733876],[11.404774299774266,43.24966795643471],[11.40452225854631,43.249757486426695],[11.404471546047443,43.249775563714174],[11.403620020410973,43.25007916065834],[11.402589057570356,43.25072210334996],[11.402548186732835,43.25074593194411],[11.40214466605277,43.25098612232323],[11.401846086016823,43.25116313117243],[11.40180515677271,43.251187400132665],[11.401751435987828,43.25121742945685],[11.401502356545654,43.251285844157415],[11.401227374352674,43.251361330393046],[11.401193368634535,43.25137124059178],[11.401117788148918,43.25139198528005],[11.400865815722387,43.251460639436175],[11.400655035192178,43.25156082161446],[11.400565641417469,43.25160390907091],[11.40050505034542,43.25163276385003],[11.400010496912472,43.25186654714992],[11.399934552110432,43.251903253244976],[11.399475468469253,43.252392412303244],[11.399347264123097,43.252518853926794],[11.399325972168795,43.25254091894655],[11.399303164339797,43.25256418992199],[11.399251522775412,43.25261591687498],[11.399167341834925,43.25268806924744],[11.399047275446483,43.252831423424354],[11.39892603016263,43.25305577966689],[11.398877793534393,43.25314504103821],[11.398702810556115,43.25346906560592],[11.39838259928446,43.25390892496185],[11.398216722449643,43.25412087067937],[11.39808219214721,43.254292331287715],[11.39787331775057,43.25451190631816],[11.397851748227582,43.25453684741959],[11.397828298483926,43.25456240782136],[11.397674330032787,43.25472516517554],[11.397628211174446,43.25477706820211],[11.397562682725129,43.25481360289461],[11.397500791744331,43.25486205666139],[11.3974517386798,43.25489011860751],[11.39735850631384,43.25492870991495],[11.39731778319715,43.254945219429466],[11.397210881914564,43.25498112404945],[11.397133594959591,43.255007407952704],[11.3970682586773,43.25501837361795],[11.397008516018479,43.255028323351304],[11.3969725378773,43.25503424967369],[11.396918502609818,43.25503861145198],[11.396795690744606,43.25503797256454],[11.396751657716404,43.255035563217135],[11.396640583038044,43.2550277862947],[11.396590582206692,43.25502068744275],[11.39648718093888,43.25500433419582],[11.396441701202988,43.2549962923145],[11.39634485602688,43.254977265033524],[11.396243795466244,43.25494115952036],[11.396185256137738,43.25492080248794],[11.396139437810291,43.25490513202323],[11.39606550770271,43.25489672281271],[11.396012566895838,43.254890764925435],[11.395900897865436,43.254867418875556],[11.39583991439808,43.25483976996258],[11.39572102340517,43.254785658265725],[11.395628243948332,43.25474633795897],[11.39558750205463,43.25472902118269],[11.395498783203527,43.25469268701758],[11.395451804238524,43.25467295088749],[11.39536318535776,43.25463140289205],[11.39532875624605,43.25461092294691],[11.395262437625332,43.254567402149675],[11.395203382719034,43.25449059098801],[11.395187310040892,43.254466556049564],[11.39515693963122,43.25442077296435],[11.395127075817298,43.25437801187163],[11.395094894263577,43.25433649238181],[11.395060610471072,43.25429439022999],[11.395039407711389,43.254269177840115],[11.395014788251146,43.254246335792836],[11.394970231956583,43.254223715989795],[11.394835270570884,43.254168412891566],[11.394772030846735,43.25414656074502],[11.394706008482913,43.254123110075334],[11.394638257349932,43.254102475172836],[11.394601210341344,43.25408813667593],[11.39454259479995,43.25406089848223],[11.394491657102458,43.25403722809306],[11.394443660017087,43.254011673644484],[11.394403697426982,43.25398652987821],[11.394360821361277,43.25395805253104],[11.394332278458046,43.25393913189266],[11.3943059270394,43.2539215925179],[11.394275042318199,43.25390540505973],[11.394234297104488,43.25388420795601],[11.39420484177662,43.253868909873546],[11.394123295699854,43.25383379846213],[11.394078878763125,43.25381481218603],[11.394022997029518,43.25378590202344],[11.393964688117851,43.25375245501706],[11.393937097824242,43.253712573265084],[11.39391450498628,43.25367406625526],[11.393886986721474,43.253624296371164],[11.3938610576893,43.253573396492534],[11.393834667575254,43.25352138613927],[11.393815479519873,43.253483783873804],[11.393762406292725,43.25338768396423],[11.393737990331903,43.25336265745883],[11.39369945772925,43.253326770304454],[11.393660965162752,43.25329913374756],[11.393628677830389,43.25328351212799],[11.393558645478377,43.253259799881654],[11.393526909792431,43.2532470633352],[11.393459546898013,43.25321432605753],[11.393428388411344,43.25319327462677],[11.393395697656457,43.25315798540756],[11.393354882282775,43.25309209350354],[11.393330369986012,43.253042310075514],[11.393315071367258,43.25300935980999],[11.393298922945363,43.25297223227438],[11.393270426018463,43.25291195681045],[11.393242118691411,43.25284925614022],[11.393222098108225,43.25280466412787],[11.393208201677503,43.25276451895175],[11.393181499317565,43.252723285800364],[11.393168957040512,43.25267679672654],[11.393147424472794,43.25263753442091],[11.393118698768841,43.2525881074637],[11.393093850465252,43.25254416933756],[11.392985354986116,43.25246283355968],[11.39294344309387,43.25246225661691],[11.392889520420168,43.2524615807794],[11.392839371974977,43.25246115187634],[11.392783000138685,43.25246194811095],[11.392728989012165,43.252463322504724],[11.392662246642818,43.25246733861929],[11.392614249927172,43.25248734374245],[11.392520715377938,43.252542203525536],[11.392463327139405,43.252579042180706],[11.39243239351233,43.25259500924492],[11.392374286139587,43.25262088047925],[11.392326314568038,43.25263590293068],[11.392273886340744,43.252652913099084],[11.392211726936162,43.25266833322102],[11.392165637430617,43.252679923441754],[11.39211768516462,43.25270113488987],[11.392095828504077,43.25272416753023],[11.392056940878337,43.25276357767437],[11.392033659901584,43.25281516721402],[11.392013573312177,43.252881483817966],[11.391999352204325,43.25291393625675],[11.391956398417104,43.252972892218544],[11.391914786411688,43.25300332449662],[11.391869955228756,43.25302648298241],[11.391802750418641,43.25303258013749],[11.391756933491633,43.25303685758191],[11.391693506684705,43.253043266419475],[11.391652295021354,43.25304743217549],[11.391606167250949,43.25305591562144],[11.391562354967256,43.25306552115914],[11.391519081676849,43.25307671725286],[11.391457721714524,43.25309240387483],[11.39141479326273,43.25310287508115],[11.391365937891557,43.25311484698431],[11.391317739304363,43.25311537069403],[11.391270285733698,43.253115793261],[11.391235229223003,43.253114630201104],[11.391177656814282,43.25311243434775],[11.391110077342809,43.25310584931049],[11.391047434920983,43.25308298673419],[11.391002044944804,43.25306642012497],[11.390958607924155,43.253050682461456],[11.390862329179393,43.253015224006546],[11.39078994926743,43.25298944046102],[11.390705475041145,43.252957238557684],[11.390653111381091,43.2529366675968],[11.390608671109787,43.25292028266581],[11.39054472816788,43.25289644303725],[11.390477801995127,43.25287122597632],[11.390428045794735,43.25285224636103],[11.390382157207966,43.25283281398686],[11.390344079775636,43.25281086008179],[11.390319645608505,43.252791905653424],[11.390262680459472,43.25274899584681],[11.390133229779382,43.25266502322284],[11.390021321289638,43.25259635555158],[11.389970401829151,43.25257065050247],[11.389921938464378,43.25254711092332],[11.389832950973451,43.25250377357272],[11.38978091522701,43.25247944420336],[11.389725174743482,43.252453431024904],[11.389677942299535,43.25243175199295],[11.389614648907665,43.25240336464656],[11.389545995849687,43.25237705760359],[11.389493008976263,43.25235612005509],[11.389453316234722,43.252340502551974],[11.38937600075783,43.25230713706866],[11.389318409401117,43.25225870768955],[11.389268671854653,43.25221177542686],[11.389205352950547,43.25216754458841],[11.389144920449008,43.25214460686567],[11.38908317026759,43.2521440405766],[11.388969788646982,43.25214288465061],[11.388896813509756,43.25213887639473],[11.388852921154466,43.25213187611386],[11.388817674524564,43.25212567843039],[11.388754463053846,43.252114487821686],[11.388695172808447,43.252074195603406],[11.388618701080174,43.25200306905427],[11.388563515220698,43.25195772789868],[11.388495430235183,43.25193962378734],[11.388455366495029,43.251928807523804],[11.388406833149364,43.25191570553129],[11.388348479050796,43.25189925111327],[11.388287198743177,43.25188234005062],[11.388146151231807,43.25183983495223],[11.388087539948735,43.25182234398597],[11.388007418525719,43.251798432066714],[11.387911226573886,43.25177732559758],[11.387874035457811,43.25177825724473],[11.38778852914628,43.25177856279515],[11.387682897706048,43.251780903934744],[11.387637910694945,43.25178225673641],[11.387572242108716,43.25178410985222],[11.38752146230675,43.25178541430099],[11.387438863312003,43.25178720579905],[11.387367681994048,43.25178886416964],[11.387292485355324,43.25179078732349],[11.387248737356316,43.25179188269228],[11.387205168263126,43.251795507191524],[11.387114573122435,43.251802903954065],[11.38706131768321,43.25180737084036],[11.386976531716778,43.25181451114194],[11.386879090531567,43.25182299519045],[11.386833411800882,43.25182647630371],[11.386747325168596,43.251833243802196],[11.3866810586642,43.25185264817845],[11.386633432908065,43.251866737191556],[11.386542031363101,43.251893131197775],[11.386500675876912,43.25190511374598],[11.386460397550843,43.25191638497343],[11.386417275909805,43.251928565532545],[11.38634384600896,43.25193658665002],[11.386284428100284,43.251944759170804],[11.386246887267015,43.25195045901115],[11.386172527728975,43.25196757385929],[11.386113211688235,43.25198888850332],[11.386052827867383,43.25201144006831],[11.385957247646347,43.25205023406593],[11.38591816059448,43.25206567530067],[11.38587849598521,43.25208194165443],[11.385847922283268,43.25209448323365],[11.385773112403905,43.25212429774626],[11.385707571850508,43.25214770228504],[11.385623793243703,43.25217655221147],[11.38556697760617,43.25218859679378],[11.38548137787852,43.25220595653132],[11.385433525338089,43.25221769067494],[11.385372254066132,43.2522340583005],[11.385311610403953,43.252256341167644],[11.3852748975232,43.25227116898587],[11.385217439509722,43.25229515916876],[11.385172276153543,43.25231443754892],[11.38513870099782,43.25232999763596],[11.385084772165687,43.252355187321136],[11.385043387998465,43.25236878529505],[11.384939747763951,43.25239754571913],[11.384883156348364,43.25242193635219],[11.384846338050322,43.2524380448289],[11.384780428099885,43.25246576235247],[11.384747417458195,43.25247944217705],[11.384663530811727,43.25251302626362],[11.384603752573605,43.25253436147062],[11.38455473450211,43.252550898087804],[11.384494193420418,43.25257266874397],[11.384430646838863,43.25259349988211],[11.384368742965657,43.25261403290272],[11.384330164780003,43.25262687697454],[11.384213241775475,43.25266863849218],[11.384138791403483,43.252695140795836],[11.384059724296456,43.25272218863144],[11.3839739167512,43.25275101392697],[11.383920664983517,43.25276627081363],[11.383863086239767,43.25278122711394],[11.383821547288806,43.25279144139167],[11.383752444474306,43.25280523146069],[11.383715214101676,43.25281268792074],[11.383655985601465,43.25282744980657],[11.383601670014507,43.2528415239616],[11.38352825294682,43.25286058215897],[11.383495316601785,43.25287630492812],[11.38344683116115,43.25289469923931],[11.383381377607897,43.252925113105995],[11.383314647344987,43.25295589480881],[11.38328381142006,43.252970075431996],[11.383253459837485,43.25298385156636],[11.383214321679116,43.252997321021454],[11.383174359568686,43.25301117410937],[11.383136412362788,43.25302413248561],[11.383097856328893,43.25303648405045],[11.383047709611587,43.25305518204594],[11.382963820768339,43.25308657510896],[11.382901705361263,43.25311026861864],[11.382839596949818,43.25313471109862],[11.38280217908735,43.25314797978157],[11.382727588263316,43.25317703858666],[11.382689498814164,43.253190839871365],[11.382633346047072,43.253211579849456],[11.382589170969029,43.25322777788534],[11.382556420586527,43.253240289210936],[11.382511139939218,43.25325767359927],[11.382447431665776,43.25328352234693],[11.382407368477484,43.25329681451037],[11.382335839507341,43.25331456030386],[11.382273505441487,43.253329342965564],[11.382186086372322,43.25334803475173],[11.382098834675853,43.253365618167905],[11.381969525666534,43.25339303153824],[11.381872674960196,43.253411275784714],[11.381796210027304,43.25342527387543],[11.381761961440754,43.253430709166345],[11.381666074069509,43.253444217667166],[11.381579138557997,43.25345705878882],[11.381528385986115,43.2534637139092],[11.381442079385875,43.25347660485559],[11.381405253480361,43.253480424344616],[11.381358826204444,43.253486010539696],[11.381305180427887,43.25349296353419],[11.38122511509635,43.25350473385829],[11.38116846731809,43.2535130171055],[11.381090599366324,43.25352408606394],[11.38104436854383,43.25353095293991],[11.380973201746285,43.253540815260735],[11.380924110249765,43.25354783440634],[11.380857525873573,43.253559494810055],[11.380794460604594,43.253570356154434],[11.380721028413046,43.253597573375544],[11.380686886180078,43.25360950356409],[11.38062895454912,43.25363226142495],[11.380585352154569,43.25364942551927],[11.380551341944122,43.253662974575676],[11.380499032496818,43.253684119707984],[11.380449267387126,43.2537016434745],[11.380400577901979,43.2537179400617],[11.38032372799874,43.25374015971916],[11.380259920123713,43.253756155120236],[11.380217047796377,43.25376781221009],[11.380167069022681,43.25377644234673],[11.380116857654603,43.253784604582904],[11.380052760611651,43.25378341235888],[11.380008384043267,43.25377704725391],[11.37995366976319,43.25376841216751],[11.379878605288335,43.25375893647463],[11.379830004133977,43.25375328593155],[11.379760348865865,43.25374510582299],[11.379724776827032,43.25374380499263],[11.379646497690503,43.253743290412714],[11.37954262297102,43.25374534975606],[11.37946990550617,43.25374912865923],[11.379407325259066,43.25376625417459],[11.379348091567245,43.253794310447226],[11.379310083286741,43.25382907340845],[11.379273955763868,43.25387613117748],[11.379250848396142,43.25390542551103],[11.379220035488098,43.25394518640696],[11.379195495696576,43.25397657610281],[11.379172710383772,43.2540151209416],[11.379131380247617,43.25408624351768],[11.379099226886972,43.254152445209186],[11.379080088488333,43.2541904054021],[11.379056036757472,43.25423723972843],[11.379040688964524,43.25426767545966],[11.379025392658562,43.25429725111622],[11.379003385493284,43.25434265443825],[11.37898413922947,43.254369846029235],[11.378957171530525,43.25440706689229],[11.3789264310551,43.2544537909524],[11.378899818135896,43.25450436125653],[11.378905929571909,43.25454127288847],[11.378936227798285,43.25458339441816],[11.378960200354548,43.25461264549267],[11.378976373841269,43.25464540931024],[11.378987641232952,43.25470883548151],[11.37896937141946,43.25475097894147],[11.378955485391563,43.25477767361048],[11.378935508818342,43.254815217214485],[11.37890498242927,43.25485640462906],[11.378865657212899,43.25487113617619],[11.378826238955744,43.25488537711574],[11.378786171912932,43.25489845919325],[11.37872319860728,43.254916882815145],[11.378686088629006,43.254927447886814],[11.378605477653766,43.25495316893972],[11.378557927100008,43.25496787521595],[11.378507511073176,43.254983782818755],[11.378459072121665,43.25500617281498],[11.378409788008282,43.25503314910584],[11.37835265566076,43.25507984306944],[11.378335191965313,43.25510271326719],[11.378298999567697,43.25515643158194],[11.378279577005184,43.2551991364611],[11.378251888578172,43.255250929244156],[11.378231126921019,43.25528702317074],[11.378208457594232,43.25532616958215],[11.378179728671773,43.25537345307554],[11.378124748851848,43.255449087581006],[11.378162171770152,43.2555119472628],[11.378187944173282,43.255579702649264],[11.378201046989073,43.25561425475106],[11.378212189481664,43.25564379897189],[11.37824381196247,43.255713504521175],[11.378262327552475,43.25575437482193],[11.378277388477056,43.25583759801969],[11.378278334995485,43.25586889764953],[11.378265973154205,43.255912792769294],[11.378239621157194,43.255961202778636],[11.378213231097938,43.256011483746356],[11.378173686033236,43.256085578034416],[11.378141242390079,43.256132701073234],[11.378099606427044,43.25615990171961],[11.37803244292899,43.256181264650586],[11.37796973390986,43.25618420863832],[11.377908365521236,43.256186179266855],[11.377816368728132,43.25619365364711],[11.377774930552587,43.256209990993284],[11.377746041048521,43.25627889500304],[11.377739648463924,43.25631556880698],[11.377730692367805,43.256366486547634],[11.377721309837325,43.25645401253765],[11.377731234977349,43.25653700045047],[11.377740006760646,43.25658650140862],[11.377744028460388,43.2566150925504],[11.377757854853982,43.2566774706425],[11.377771939684195,43.256734461545854],[11.377779599202222,43.256765264095016],[11.377779948763997,43.25681123408113],[11.377768894018699,43.2568422952816],[11.377758394611057,43.25687414090271],[11.377741280879405,43.25692791605265],[11.377745540955312,43.25699601357302],[11.377747510942747,43.25702794472182],[11.377732280726523,43.25707886958533],[11.377704587700354,43.25712563977715],[11.377652711171308,43.25715120196821],[11.37761290895202,43.25716556122578],[11.377571258247581,43.25717990668599],[11.37752958069434,43.25719118946],[11.377490297177657,43.25720210188488],[11.377396658364265,43.2572150648216],[11.377329559606274,43.257225023973014],[11.377202629900058,43.25724381768671],[11.377150283784784,43.257251847428265],[11.377073208693925,43.25726405691195],[11.37702184920738,43.25727721108201],[11.376962768314137,43.257298291885505],[11.376909902755616,43.257316717762706],[11.376852196988137,43.25733062148439],[11.376727341328996,43.25736045842537],[11.376635152024779,43.25738405608217],[11.37659526172768,43.25739423076315],[11.376551370865135,43.25740604181467],[11.376475438455152,43.25742638134765],[11.376431237170781,43.25744031569338],[11.376371252744429,43.25746113944347],[11.37632561336975,43.25747699632282],[11.37628568475081,43.257490305154526],[11.376203778607323,43.257521163119236],[11.376137745605847,43.257545989669],[11.376096909797841,43.257561505310214],[11.376049695338011,43.25757684285684],[11.376002522636535,43.257589739377515],[11.375956794247811,43.257602109731856],[11.37587912693586,43.25761884272364],[11.375840213095916,43.25762774526539],[11.375785900569053,43.257639805007635],[11.375721599530578,43.257660295820195],[11.375681961016415,43.25768657977037],[11.375644678057045,43.257712232188815],[11.37559352141716,43.257746644924616],[11.37555142440846,43.25777313478574],[11.375512656029656,43.25779677137037],[11.375468605059911,43.25782395820639],[11.37540953370092,43.25786197221121],[11.375370645311467,43.25788829089147],[11.375332095474741,43.257914255862865],[11.37530142130625,43.257934385449836],[11.375261329390428,43.25796124773935],[11.375223115242038,43.25798647005651],[11.37518240711502,43.25801380343415],[11.375131423130615,43.258048962425896],[11.375088089014692,43.25807872022938],[11.375026261525656,43.258120669401634],[11.374992793005427,43.25814345916864],[11.374956990085176,43.25816793348181],[11.374927120713178,43.25818776081693],[11.374901851945035,43.25820905660786],[11.37487204159334,43.258225428690956],[11.374799265453737,43.25827888383068],[11.37473977545076,43.25832041061985],[11.374691542131231,43.25835348273362],[11.374651627925932,43.25838147564708],[11.374621596861848,43.25840256774921],[11.374532793244253,43.258469419805465],[11.374451720592853,43.25853096082832],[11.374412535037617,43.25856112834671],[11.374356657271862,43.258603557772304],[11.374323535733883,43.25862844081699],[11.37425577423556,43.25868037960942],[11.374225287840124,43.258703615058614],[11.374191538302101,43.25873167788386],[11.374155319339515,43.25875617859344],[11.374112169923597,43.25878798694933],[11.37408338339643,43.25881581342008],[11.37407157293848,43.25884007287192],[11.374055857848253,43.258871578045444],[11.37402289982524,43.258902449002434],[11.37397436926436,43.25894019296177],[11.373880200333556,43.259011551767756],[11.373796122752521,43.259080700237355],[11.373740897967652,43.25912920714477],[11.373710197410972,43.25915058843558],[11.37366952711212,43.25917966099978],[11.373562881799712,43.25923037172189],[11.373512846764093,43.25925217957025],[11.373443465086858,43.25928208762246],[11.37339597917967,43.25930529577814],[11.373368152642277,43.25932594740155],[11.37333013849743,43.25935512137839],[11.373256165698358,43.25941846267511],[11.373184643708587,43.2594702771976],[11.373154106011363,43.2594916738671],[11.3730935590524,43.25952447955907],[11.373038902866874,43.259539293212626],[11.373002882903712,43.25954886946599],[11.372927325109833,43.259566741621875],[11.372838027378064,43.25958742007067],[11.372790330333778,43.2595959789212],[11.37270805637085,43.25961108196341],[11.372633699922275,43.259624490822944],[11.37255399648597,43.2596381834758],[11.372492389985105,43.25964937284334],[11.372456251875532,43.25965803654948],[11.372386979858177,43.259671700808894],[11.372342153714182,43.25968033496256],[11.372306639049395,43.25968443406153],[11.372261362856069,43.25968982430439],[11.37219761202151,43.25969713037466],[11.372115974111415,43.259708031039345],[11.372042288701163,43.259717724865],[11.372004837269888,43.25972264831923],[11.371925152392482,43.25973190918158],[11.371874851815758,43.25973691368128],[11.371823951266256,43.25973972997906],[11.371718981645628,43.25974549486787],[11.371636192962221,43.259749989162735],[11.371547946818293,43.25975531693918],[11.371468366683773,43.25977111686206],[11.371431265180469,43.25977851802933],[11.371382949862534,43.25978858201349],[11.371336623760392,43.25979920529833],[11.371279700846221,43.25981194643774],[11.371225857679864,43.25982322171954],[11.371189992559158,43.25983067370111],[11.371135705241889,43.25984129904472],[11.371086461158141,43.25985092565289],[11.371010349400933,43.25986540624379],[11.370961334445177,43.259875985192835],[11.370913872102175,43.259887047863955],[11.370847871192538,43.259902635084764],[11.370792378826902,43.25991535441989],[11.370755722142155,43.25992222209944],[11.370676330069408,43.25993459417426],[11.370591039520633,43.259945548779925],[11.370537826869038,43.25995323689682],[11.370454201938788,43.25996568307677],[11.370354953598735,43.25998028096643],[11.370290188851424,43.25999036318002],[11.37021384298267,43.260002122522764],[11.37017400448109,43.26000767203413],[11.370134226151992,43.26001321668248],[11.370040281810663,43.260024553772446],[11.369984222441909,43.260027939909705],[11.369941221590041,43.26003032148548],[11.369897060451112,43.26003048775165],[11.369861610775034,43.26003027083112],[11.369784664313302,43.26003027114469],[11.36974953468063,43.26003036450345],[11.369619150101931,43.26003567639313],[11.369576265696796,43.26003702713822],[11.36945692691671,43.260044551846434],[11.369410744642368,43.26006029295974],[11.369345343841438,43.2600914576504],[11.369302287607747,43.2601110219499],[11.369261461199113,43.260130615659335],[11.369198843458834,43.26015517743838],[11.36916143263102,43.26015706380346],[11.369117853583763,43.26015912119431],[11.369079501548086,43.260159484616615],[11.369022257057551,43.260159764979356],[11.368953242123984,43.26015557280336],[11.368915145226552,43.26014555354202],[11.368844294527593,43.26011938046386],[11.368798019680856,43.26009986729787],[11.36874686256357,43.26007800792557],[11.368705176503738,43.260060005997296],[11.368609313578215,43.26001893218746],[11.368548426110854,43.26001578064923],[11.368481322704305,43.26002456145828],[11.3684395479533,43.26004845691909],[11.368409085525563,43.26006634902988],[11.368362200405564,43.2601048912124],[11.368332810626328,43.260145519201586],[11.368333133725324,43.26020436126731],[11.368374147559672,43.260232381824565],[11.36841703789891,43.26024788907316],[11.368468717143607,43.26026621533257],[11.36854370737114,43.26029178334242],[11.368568461213194,43.2603533157638],[11.368518959172674,43.26040068861928],[11.36844582696772,43.260458799562066],[11.36839706427721,43.26048381672514],[11.368299429821283,43.26053494905958],[11.368267839317905,43.260550255082656],[11.368214133303603,43.2605798073344],[11.36810684980949,43.260636797614666],[11.368025383709579,43.26067165648048],[11.367965390499567,43.260691678231204],[11.36792288382307,43.26068867600619],[11.367829278557974,43.26068515542946],[11.367772608825534,43.26068365393794],[11.367730905327209,43.26068226926987],[11.367648063917931,43.26068633406924],[11.367592322526384,43.26071138285929],[11.367526115866958,43.26074261812329],[11.367488722064609,43.260754424417314],[11.36743782010813,43.2607706109303],[11.367381872790425,43.26077713143557],[11.36732243763926,43.26078374844493],[11.367244044460545,43.26078900934631],[11.3671982983007,43.26079209773755],[11.367104868012609,43.26080739712709],[11.367029116565673,43.26081997672582],[11.366990408999854,43.26082786621665],[11.366943340622992,43.260837306430986],[11.366897516232255,43.260847087343265],[11.366839830903574,43.26087272526737],[11.366783021795078,43.26090123177008],[11.366703498326933,43.26094784228097],[11.366677422346605,43.260977055051],[11.366657426856504,43.26100071601472],[11.366634807870694,43.26104610889566],[11.366626570498502,43.26108378010697],[11.366620709891041,43.26114110240903],[11.366601811945934,43.26118046467904],[11.3665605740431,43.26120954106235],[11.366507841446127,43.26122730567369],[11.366426515277428,43.26123717384701],[11.366363041375715,43.261244151283215],[11.366335946204293,43.2612246552359],[11.366280216210379,43.261183796002136],[11.366258269715654,43.26114929142044],[11.366234807853855,43.261109954128116],[11.366198495496004,43.261067934815635],[11.366156970449712,43.26104747318142],[11.366114885240952,43.26102832513241],[11.366060338740295,43.26100343906027],[11.366024388914456,43.260990582198886],[11.36595851882958,43.26096912871019],[11.365871644392495,43.26096282450631],[11.365819787418388,43.260962866620105],[11.365781992563837,43.260966749754594],[11.365696363317472,43.26098250605634],[11.365638167746383,43.26099180860582],[11.365558943485942,43.26100444107976],[11.365508843527442,43.261011230463595],[11.365382132507952,43.26101112652425],[11.365337968845624,43.26100933807006],[11.365288010505925,43.26100741106138],[11.365224043835681,43.26100420800417],[11.365151224845533,43.261001063783866],[11.365100942630534,43.26100314846225],[11.365022774065755,43.26102109281452],[11.36495864631555,43.26106119504654],[11.364904829264324,43.261108389073634],[11.364874286747115,43.26113516544474],[11.364847814731846,43.26116057091051],[11.364810816632342,43.26120615821071],[11.36476887244018,43.261267190962684],[11.364737506706698,43.26131407269743],[11.364708421222042,43.26135767205057],[11.364677333023854,43.26139778767379],[11.36465348165532,43.261419159934334],[11.364608480004943,43.26145969026807],[11.364549044023349,43.261506878783344],[11.364515672318205,43.261533176020414],[11.364431050104049,43.26158371988886],[11.364403523490262,43.26160289904604],[11.364362983770466,43.26163734561121],[11.364330185516216,43.261665411065344],[11.364280145667987,43.26170826499525],[11.364181670567925,43.26179255836348],[11.364138742131335,43.2618290855923],[11.364074411916066,43.261883789123935],[11.364005114749167,43.26194261839927],[11.363967131327021,43.26197360207527],[11.363933396401105,43.262001127621694],[11.363864468294269,43.262057816985745],[11.36380850825642,43.26210236974982],[11.363787498163708,43.262128025809766],[11.363752081368743,43.26220848305271],[11.363746021103502,43.26226724370254],[11.36374628767613,43.2623013434011],[11.363748546450104,43.262377519057644],[11.36375175350454,43.2624511377239],[11.363751866070952,43.26248539637826],[11.363752728046295,43.262552382411556],[11.363770262846018,43.26260050839415],[11.363822964801612,43.26264545993148],[11.363863608038534,43.262675915493865],[11.363929183328015,43.262729252045766],[11.363959798896131,43.262754074787445],[11.363992571606767,43.262800532328626],[11.364022162830956,43.26284214385423],[11.364045264620506,43.262883369115606],[11.364083816001573,43.262953474624574],[11.364122835693632,43.26302714510278],[11.36415472934648,43.263087932046545],[11.364169849721138,43.26311683620232],[11.364181178404111,43.2631674270409],[11.36420234508536,43.263332603567555],[11.36421056786398,43.26340372157073],[11.36422375556524,43.263509801052116],[11.364232048075378,43.26357307675373],[11.364236276447611,43.263609730945745],[11.36424328356179,43.26367261543191],[11.364246467781566,43.263702603797356],[11.36424842947719,43.263771787507174],[11.364224251117177,43.26380491601389],[11.364139674130612,43.26385171747923],[11.364022880548854,43.26389693309568],[11.363910429256281,43.26391702173594],[11.363797627856004,43.263929055145155],[11.363719280857058,43.263937881045],[11.363648832550895,43.26394622394291],[11.363611212810605,43.26395041698875],[11.363571647874727,43.26395512655844],[11.363533560323324,43.26395945710966],[11.363400852430182,43.26397436970786],[11.363270496155067,43.26398933618974],[11.363192649166868,43.26399806495262],[11.363132627947362,43.264004817060275],[11.363096484670507,43.264008831749734],[11.363029717754097,43.26401603027588],[11.362923502651789,43.26402751970136],[11.362839483127875,43.26403683050885],[11.362799792452035,43.264043228896426],[11.362706815530782,43.264064542737415],[11.36264729915186,43.26408300762364],[11.36261078796838,43.26412875071617],[11.362582611520784,43.264192157977156],[11.36254806762775,43.26423843576356],[11.36248297103937,43.26425594977994],[11.362415939008011,43.26426818317142],[11.36235604518011,43.26427578493682],[11.362278008155394,43.264282257850425],[11.362234473317333,43.26428420275736],[11.362181216438788,43.264287050846605],[11.362127504048292,43.264290322515464],[11.362089302065256,43.264292754163534],[11.36197649722198,43.26430485337852],[11.361906787638775,43.264312785557365],[11.361833100976005,43.26433945115048],[11.361678818620499,43.264401658086456],[11.361587434560379,43.26443840822703],[11.361527595548115,43.26446247080217],[11.36142702091083,43.264498548049644],[11.361296619110211,43.26454159461537],[11.3612324468231,43.26456700171927],[11.361169498221274,43.26459451841037],[11.361103193646102,43.26462363688893],[11.361048514937439,43.26465080624117],[11.361001558331525,43.264673401339216],[11.360953887479344,43.264702698585744],[11.360887743605547,43.264752102780854],[11.360845837426158,43.264784229816],[11.360811804973352,43.26482315989578],[11.36076509324941,43.26487628127529],[11.360740573500863,43.264904782534266],[11.36068385784602,43.26496293129683],[11.360626251809446,43.26500292884414],[11.360576670106568,43.265037722832325],[11.36055053540456,43.265056516653345],[11.360516484790242,43.2650808989367],[11.360472647736971,43.26511194918039],[11.360436251066162,43.265138114986534],[11.36039122627021,43.265171048187725],[11.360351185392403,43.2652008593686],[11.360326388528184,43.26521926805135],[11.36026515384155,43.26526434396321],[11.360201315086151,43.26531893701286],[11.36014614845107,43.265370644341125],[11.3601047540239,43.265408986941935],[11.36001226386986,43.265498979768026],[11.359973517001912,43.26553559829058],[11.359908039291781,43.2655921438016],[11.359819990738986,43.265667194166426],[11.359785124175183,43.2656965904027],[11.359754450507591,43.26572165100529],[11.359643975614734,43.26581111161814],[11.359588040779055,43.26585823608699],[11.35955595652501,43.26589086226206],[11.3594981006235,43.26596655343246],[11.35945248716123,43.26602330821019],[11.359413680038223,43.26606606864779],[11.359362605185282,43.26611516007249],[11.35932889531837,43.266143700310465],[11.359276379190218,43.26618661754749],[11.359206854022851,43.26624390168367],[11.359083670604566,43.26631723275751],[11.358969658324485,43.2663851583361],[11.358929688562593,43.26640893924004],[11.358884861206626,43.26643207030543],[11.358838292291338,43.266455762230166],[11.358805955508194,43.26647287647132],[11.358767624048998,43.266493140693825],[11.358706648284484,43.26650740976989],[11.358664590233253,43.26650450470627],[11.35860670657817,43.26650045212651],[11.358488262494692,43.26648684560849],[11.358442833522057,43.26648158517206],[11.358386691152628,43.2664741893185],[11.358283636321971,43.266458756930255],[11.358212522428651,43.26644820769918],[11.358165929112543,43.26643879952447],[11.358089485483827,43.26641853206812],[11.357958795897538,43.26637804252186],[11.357897364884478,43.2663596596303],[11.357811308939459,43.266334303866415],[11.357757371509535,43.26632111214919],[11.357722683076503,43.2663144107573],[11.357655543280867,43.26630147324776],[11.357621362891923,43.26629510080647],[11.357529615806573,43.266284357146915],[11.357444236479617,43.266281368887284],[11.357348683523204,43.266288883034456],[11.357291214332486,43.26629389837274],[11.35725228231843,43.26630474527492],[11.35718408335212,43.26632204021048],[11.357034631481236,43.26637107439436],[11.3569566811957,43.2664218821611],[11.356893078465848,43.26646313057939],[11.356821483177498,43.26651074221526],[11.356796095980204,43.2665285500162],[11.356736265181395,43.2665652482062],[11.356701378025303,43.26658579910361],[11.356625082690904,43.266627591742854],[11.356532592111567,43.26667772108012],[11.356444200409436,43.26670338789516],[11.356305062140434,43.26673542652527],[11.356140234775426,43.26676871294047],[11.356090962313633,43.26677860830633],[11.355990492723397,43.266805040514264],[11.355821338981066,43.26685014359198],[11.355683275611403,43.26689112119421],[11.355648400365244,43.26690180742653],[11.355612009078438,43.266917303412356],[11.35555855639279,43.266953755218076],[11.355529142004471,43.266974150679665],[11.355469058539562,43.267017265301334],[11.355413915594204,43.267062511146555],[11.355366173089637,43.26710788993564],[11.355287847013418,43.267190506230634],[11.355256670599928,43.2672346693841],[11.355235917429908,43.26725913722237],[11.35522712066963,43.26735977196697],[11.355227347139616,43.26741352145793],[11.355228215088298,43.267471794048035],[11.355233175442853,43.26755150866486],[11.355264636265385,43.26761586724518],[11.355285233822254,43.26765798144035],[11.355299037276762,43.2676866500669],[11.35532895224939,43.26774875070716],[11.355369635218759,43.267831036609046],[11.355383740897627,43.26786070206552],[11.3553979426116,43.267903843022694],[11.35538019005734,43.26795112602767],[11.355295983227355,43.26796031900168],[11.355171646488898,43.267951516231726],[11.35501023476349,43.26792009223238],[11.354932633506241,43.26790497350442],[11.354893611656802,43.267895224354554],[11.354812763550216,43.26787444755438],[11.354774057954549,43.26786273793894],[11.354657460343306,43.2678207946357],[11.354555042006735,43.26778420122448],[11.35448037410421,43.26775832839201],[11.354354836766783,43.2677153749269],[11.354300619744555,43.26770299771613],[11.354218720249836,43.26770249078277],[11.354166515723866,43.26771303367035],[11.354125549414633,43.26773730793687],[11.354090845867486,43.267758889739326],[11.354048271432987,43.26778584612533],[11.354002367464567,43.26781391643768],[11.35392633274073,43.26786051015061],[11.353862933052019,43.267902354181864],[11.353772018242795,43.26796134408813],[11.3537122490758,43.26800090636206],[11.353677333470376,43.268043043583496],[11.353643631669586,43.26808400236816],[11.353612493771303,43.26812569082563],[11.353580978340343,43.26816791109071],[11.35351836820377,43.26824779851533],[11.353466490106841,43.26831275662872],[11.35344632927962,43.26833730739174],[11.353407070489633,43.268393429210285],[11.35337044283154,43.26840340617378],[11.353325703374054,43.268419575707675],[11.353290136285693,43.26843270929601],[11.353231014775362,43.26844539486637],[11.353142607167442,43.26845364804223],[11.353104122651283,43.268474081894865],[11.353069543983127,43.26851072033508],[11.35298741384517,43.26859956050765],[11.352901606554893,43.268695464454474],[11.352871234142048,43.26872922046497],[11.352828581520603,43.268778765931486],[11.352794081392577,43.26881834614297],[11.352753433796478,43.2688588848408],[11.35269880611503,43.26890499757846],[11.352675708879083,43.26892482650316],[11.352634941437241,43.26895890171158],[11.352606479179986,43.268982919023884],[11.35252237007199,43.26905231720326],[11.352437523918256,43.269122642611194],[11.352393198857097,43.26915985146177],[11.352297596961233,43.26922311998246],[11.35226493037899,43.26924439189398],[11.35221765503332,43.2692711057589],[11.35216144479981,43.26930059753864],[11.352113727335393,43.269314591225026],[11.35202709041919,43.26932259371124],[11.351927944203023,43.269301235069655],[11.351827942542423,43.269268128156156],[11.351712541018196,43.26923006417223],[11.3516432334019,43.26920309327117],[11.351611100056916,43.269190455030255],[11.351523400477335,43.26915586303176],[11.35147320263947,43.26914257072793],[11.351422923511288,43.26916098204826],[11.351363646909967,43.26919567880019],[11.351335829668594,43.26921892707857],[11.351303331004416,43.269265970674496],[11.351272288432542,43.269317517027226],[11.35125084618143,43.269354098150416],[11.351168168450263,43.26943819135869],[11.351131053112322,43.26947110952065],[11.351092217464792,43.26950597643949],[11.3510315563876,43.269545755544904],[11.350997942354397,43.26956867813829],[11.350956140450885,43.26958798913049],[11.350895789321674,43.26961723048269],[11.35086303262869,43.26963435651411],[11.350804306399057,43.26966295031981],[11.350760184849623,43.26969255211012],[11.350702787114422,43.26973209736361],[11.350657544530604,43.2697619328621],[11.350616904020997,43.26977473863098],[11.350574240480386,43.26978662343037],[11.350422475519213,43.269820998080164],[11.350325337369814,43.269876896886984],[11.35030805137197,43.26990623225216],[11.350304163121194,43.26995793774163],[11.350312343541285,43.26999320198163],[11.350357986062074,43.270042012747986],[11.350381745279646,43.270066359673045],[11.350418122014705,43.27010753085481],[11.350441213494756,43.27013418396305],[11.350465597753505,43.270204558271615],[11.350477189556827,43.27025442830112],[11.350470041506503,43.270303875028404],[11.350443912229762,43.27036221645142],[11.350417412484179,43.27042143438923],[11.350396639360433,43.270451830116926],[11.350371412889336,43.27048097576879],[11.350332300335214,43.27052532053271],[11.350284560113371,43.270578221950366],[11.350245132078546,43.27061216702164],[11.350196693923037,43.27062988355139],[11.350158100633545,43.27064380771371],[11.350114702874778,43.27065917224882],[11.350062601430642,43.270681727243336],[11.349992526985464,43.270739821133915],[11.349948237940716,43.270779730452304],[11.349915572638213,43.27081061724456],[11.349854035740282,43.270857659399724],[11.34979263882679,43.27088964543191],[11.349731224810375,43.27092147691045],[11.349675567339398,43.270948656434626],[11.349633531178103,43.27096931158108],[11.349537520452792,43.27101826231891],[11.349497318973453,43.271050506827194],[11.349467588400836,43.271074923994874],[11.34939821767923,43.2711315101629],[11.349376209757143,43.27115651145396],[11.349348774674795,43.271192581469506],[11.349316395807978,43.27123518296373],[11.349272709018118,43.2712929394631],[11.349250482361619,43.27132346659628],[11.349214661231612,43.271372523668525],[11.349186333565493,43.27140605749546],[11.34910022529941,43.27151046831836],[11.349062307647815,43.27156252899865],[11.34901923671125,43.27162643881776],[11.348978348461035,43.27169125731878],[11.348944314838132,43.271743483071454],[11.34892328840808,43.27177690103815],[11.348903516457554,43.27180779096158],[11.348883973041849,43.27184638197522],[11.348865941776662,43.27190249559373],[11.348855173878611,43.2719496232675],[11.348836046671819,43.272004028790725],[11.348790617457556,43.27204028917171],[11.348754303393802,43.27206470544297],[11.348662207698498,43.27208605099372],[11.348607454677566,43.272095942273545],[11.348526656059065,43.27211209523],[11.348465848847235,43.27211756459066],[11.348405595364609,43.27212288568101],[11.348327246112477,43.27212964633297],[11.348287256284053,43.27213334547382],[11.348192224559881,43.27214109519208],[11.34812448231176,43.27214935584497],[11.348077609682797,43.27215768396571],[11.3479748095294,43.27217577589534],[11.347881179343297,43.27219100516825],[11.347845240091358,43.2721952224498],[11.34779426448932,43.27219379222959],[11.347717354531818,43.27218674829078],[11.347665611495092,43.27218176811167],[11.347540497156544,43.27216425336417],[11.347493201188328,43.272157506112265],[11.347430934849593,43.2721549326227],[11.347358015227531,43.272171895429764]]]}}]}
