{"type":"FeatureCollection","metadata":{"code":"053018","referenceDate":"2026-01-01","sourceDbfExportDate":"2026-02-18","upstreamArchiveUrl":"https://www.istat.it/storage/cartografia/confini_amministrativi/non_generalizzati/2026/Limiti01012026.zip","sourceManifestSha256":"70ac8256c4785dc6ed2814c32b6965ae76f9161b51abaa1660059e1c6cbd8ca6","license":"https://creativecommons.org/licenses/by/4.0/","attribution":"Istat, Confini delle unità amministrative a fini statistici al 1° gennaio 2026, versione non generalizzata.","modifications":["Converted from WGS 84 / UTM zone 32N (EPSG:32632) to RFC 7946 WGS 84 geographic coordinates.","Converted from shapefile to per-municipality GeoJSON without geometry simplification."]},"features":[{"type":"Feature","id":"053018","properties":{"code":"053018","name":"Orbetello","alternativeName":null,"regionCode":"09","regionName":"Toscana","territorialUnitCode":"053","territorialUnitName":"Grosseto"},"geometry":{"type":"Polygon","coordinates":[[[11.241464684730943,42.60217693724721],[11.241277857727408,42.60240572038102],[11.241242751656001,42.60241023914066],[11.2411747235317,42.602418995248925],[11.240804977578142,42.60247575815722],[11.240659532080857,42.60249886560965],[11.2402226303909,42.602552438035055],[11.23950556538649,42.602611488942394],[11.238629823354787,42.6026646322282],[11.237705678475162,42.602727719767266],[11.237040040525274,42.6028803807547],[11.236847267005814,42.60292459199436],[11.236253292273908,42.60301723869361],[11.235635596997572,42.60312835476164],[11.2354866143494,42.60315480526995],[11.2352659827135,42.60319386552042],[11.235005750183898,42.603239817224214],[11.234866475907262,42.60325787557395],[11.234350510446456,42.60332453204294],[11.234055546311962,42.60334175747335],[11.233681511429552,42.603364599288184],[11.233447548974121,42.60338706474975],[11.232976932042918,42.60343237091564],[11.232918405722032,42.60344221107012],[11.232431671190017,42.603524047013956],[11.232117717683595,42.603564145068475],[11.231849221897555,42.60359843592966],[11.231215796731439,42.603610779150856],[11.23092443590679,42.6035660889473],[11.230799064705245,42.60354685769517],[11.23040637376245,42.603473461345644],[11.22998643245888,42.603319548970596],[11.229429611233774,42.60308725368479],[11.228859007036522,42.60281019914044],[11.228410540332122,42.60253977023448],[11.228038692927148,42.60236690359564],[11.227756799269997,42.602352272955514],[11.227660117905332,42.602347253958804],[11.227161337508143,42.602374965700854],[11.226674736512221,42.60240243845454],[11.226319166150349,42.6024445292664],[11.22612864003764,42.60246608308132],[11.225635019118293,42.6025750934343],[11.225494238864794,42.60260604429461],[11.225451176848873,42.60261532975953],[11.224847567124456,42.60278014383855],[11.224401670174036,42.602923882041374],[11.22367592245711,42.60308205806877],[11.223301505490412,42.60317937919273],[11.223003135834896,42.60329692528278],[11.222916827593824,42.6033309282072],[11.222579850103996,42.60341851418553],[11.222542395706155,42.60342787072722],[11.222477884607924,42.60343033122222],[11.222434852602126,42.60343171386225],[11.221970208512253,42.60344835488951],[11.2215038016704,42.603358347933025],[11.221380467667624,42.60333591232546],[11.221013032142794,42.603268811573486],[11.22051296013577,42.60326049974637],[11.219843310226269,42.60328248752584],[11.219226218524556,42.60341151367478],[11.218778745934447,42.60316804305711],[11.21847936798426,42.60297573087714],[11.218079667192166,42.60270431659823],[11.217918412456847,42.60257773332278],[11.217766196465599,42.602458246423865],[11.217440227713949,42.602203411330876],[11.216820959057763,42.601927238769505],[11.216326696545966,42.60173869414299],[11.21582089394363,42.60156838094588],[11.215400042407005,42.60138741697681],[11.214907717371714,42.60116731067943],[11.214830817992569,42.60113355542438],[11.214681749432753,42.60106812262027],[11.214123407302628,42.60079075704869],[11.213590707879028,42.60054891365764],[11.212992646424388,42.600182258770054],[11.212607717442346,42.5999825799482],[11.212248106700399,42.59980942617812],[11.211923129420589,42.59958157143032],[11.211658102722689,42.599325543410856],[11.2112325015898,42.59900957931026],[11.21087130994966,42.59879142591962],[11.210398268432012,42.59851239512728],[11.21034707838197,42.598466982309446],[11.210020764744067,42.59817748777123],[11.209704485295147,42.59785040386511],[11.20935294032775,42.597560018229856],[11.208904275483254,42.597280510866966],[11.208544690379469,42.59710734479785],[11.208014268437946,42.59692846638413],[11.207577832926296,42.596788114182935],[11.20745948781282,42.59675005502795],[11.207217736610382,42.596692487258245],[11.207126013450395,42.5966705345704],[11.207004693385967,42.59664175535935],[11.206905073701117,42.59663938509943],[11.206816922035447,42.59663797794207],[11.206618147352705,42.59663524791126],[11.20657022449694,42.596634586386294],[11.206496479616645,42.596633455209755],[11.206458999203946,42.596634260195586],[11.206233703327023,42.59664671708036],[11.206170559346978,42.596650264964055],[11.205961772372293,42.59666185036162],[11.204964149466607,42.596843154738075],[11.204405766732068,42.59690793444921],[11.203897054478414,42.5969987719369],[11.203401473746187,42.597116369086834],[11.202967108695729,42.59724179169719],[11.20263303737072,42.59744632922481],[11.201839270517581,42.5978400883005],[11.201406810835906,42.597929166775906],[11.201265927329656,42.59798091245647],[11.200889391372428,42.598119213232195],[11.200243050498358,42.598455816877284],[11.199910231670177,42.59869634303742],[11.199452436764929,42.598849216989294],[11.199029915418516,42.59896539296263],[11.198329453256289,42.5991499373714],[11.198030632864324,42.599317765077444],[11.197828545212241,42.59944769334252],[11.197756488911057,42.59949412359877],[11.19747332621369,42.599760704294006],[11.197348947952229,42.59977659860122],[11.197256044381763,42.59978594097725],[11.19709993037979,42.59980165956311],[11.196889103807987,42.599687313329994],[11.196798890739723,42.59963832954421],[11.196632620501223,42.59953943465498],[11.19658987501406,42.599513949588996],[11.196462484418422,42.5994379031139],[11.196244794998359,42.599350846863906],[11.196054512490988,42.59927463095266],[11.195631834289413,42.599039598006954],[11.195528332227203,42.598993075153494],[11.195247912458093,42.5988668566819],[11.19474282012958,42.5987144457278],[11.194225864223112,42.598571265900425],[11.193437465175146,42.59833422717979],[11.193066366752982,42.59817924229106],[11.192668066853983,42.59794373234471],[11.192569138566757,42.59787250721094],[11.192192902177085,42.59760163133188],[11.191789560776744,42.59722213307047],[11.191682653245982,42.59695402597908],[11.191535394875153,42.59656929332465],[11.191451296673165,42.59626506202147],[11.191253768645975,42.59584560251585],[11.190909452774994,42.595410940584706],[11.190684733204785,42.594910954611244],[11.190489185971966,42.594502666310106],[11.190387187537723,42.5942896971655],[11.190342832652558,42.59419708626253],[11.190019538882355,42.59401416235541],[11.18954998425752,42.59382580595107],[11.189056915937332,42.59367236344985],[11.188306081677649,42.593461585468745],[11.188016297473878,42.593280410012184],[11.18795717968392,42.59324312611652],[11.18754423313797,42.592935836426875],[11.187384052642338,42.59278756677542],[11.187191557671873,42.59260938381437],[11.187047195498131,42.59231497280349],[11.186799733555373,42.591860438093015],[11.186560457788913,42.59163987923137],[11.186271208909107,42.59138425406624],[11.186001177287643,42.59118688322471],[11.185969912401715,42.591164385327524],[11.185465401665473,42.59099440406497],[11.184633759620501,42.590911215337286],[11.183941744796837,42.59092441401555],[11.183732501294534,42.590928404056406],[11.183264726327469,42.590998276859374],[11.183041431979538,42.59103163192697],[11.182517909824872,42.591196566653736],[11.182402530193864,42.59123291575924],[11.18229488008542,42.59131983731528],[11.18177430216047,42.59174016688424],[11.18168102269804,42.59190279976314],[11.181487087604596,42.59224091929758],[11.181455356300926,42.59228428119882],[11.181172998902177,42.59267014140711],[11.181020116036947,42.59278354746628],[11.180662147227931,42.593049079275744],[11.180350813579707,42.59320809320906],[11.180037786730967,42.593319013072616],[11.180001682656709,42.59333180599387],[11.179894841423655,42.59334903685295],[11.179605163608574,42.59339572924102],[11.179547934823297,42.59340469523341],[11.178762804954609,42.593454438866594],[11.177707873198978,42.59360958047166],[11.177038926666805,42.59364931437064],[11.176285718805888,42.593682207762406],[11.175943687283032,42.59369714383779],[11.175746210815193,42.59369527739956],[11.174992724880907,42.59368819358456],[11.174112566197232,42.593745139270055],[11.1740077274056,42.59375192204162],[11.173465765428617,42.59376202878791],[11.173198512142834,42.593767400385616],[11.17303408826544,42.593771117427416],[11.17176820359074,42.5938394382838],[11.17165653357553,42.59384550015832],[11.17100181106361,42.593880985683384],[11.170612681145794,42.5939063711612],[11.169995568673418,42.594035133244034],[11.169687655937086,42.59417529383855],[11.169395632353039,42.5943076495064],[11.168994315200639,42.59468445962697],[11.168748837137452,42.59498627765438],[11.168539545219247,42.59518181523616],[11.168394672160066,42.59531716772964],[11.167977729397899,42.59559521497164],[11.167610273348101,42.59578217051792],[11.167187250802389,42.59599739547047],[11.166190006883037,42.596412487737496],[11.165093123136877,42.59676641885887],[11.164251395625119,42.59709750836599],[11.164102192723657,42.597167542557706],[11.163771651048929,42.597322696058406],[11.163556798081055,42.59742161760105],[11.163394632741415,42.59749628127897],[11.163159783458111,42.59760440849392],[11.162331148684455,42.59796225123499],[11.161478453658082,42.598329547277956],[11.16091093399349,42.59848433910213],[11.160389025041082,42.59854821683232],[11.159671286787956,42.59858876978293],[11.158826030307118,42.59859679912898],[11.158708688504113,42.598597913311956],[11.15866885230864,42.59860065344804],[11.158371430306227,42.59862107098209],[11.15762648003887,42.59867248622435],[11.156850907963415,42.598750762157614],[11.156533236742709,42.59878270829162],[11.156417946638332,42.59879264078699],[11.156335801865454,42.59880020567688],[11.15629332349705,42.5988055080814],[11.156177847934298,42.59881367070708],[11.15547922138322,42.598880643266],[11.15543510912814,42.598882574847906],[11.155265614039266,42.59890727457435],[11.155093213866914,42.59893260144764],[11.154384402187983,42.599030556708676],[11.153620100157424,42.5991349830309],[11.152963874605154,42.59919234751959],[11.15210569590385,42.59926403688804],[11.15171201545119,42.59929692161507],[11.150619739234976,42.59943450064927],[11.150508956307254,42.599448312940304],[11.150364855254768,42.59946629247433],[11.149877631221857,42.59952228579551],[11.149807545173543,42.59953029411776],[11.149709242701228,42.59954163716698],[11.149360951648527,42.59961295590767],[11.14912826169677,42.599660602606214],[11.148682724712266,42.59972409150595],[11.14854604106649,42.599743568529036],[11.147757665645289,42.599857412556474],[11.147090791283281,42.59995996811499],[11.14632615479116,42.6000553477625],[11.14569550961889,42.6001482110209],[11.145076426184513,42.60022284478432],[11.144227749010337,42.60035580436058],[11.143599192803029,42.600424813565844],[11.143535574005115,42.60043179828128],[11.142911450575353,42.60046997794578],[11.142684115064418,42.600483753634734],[11.142258230124524,42.600505228802525],[11.142002089277257,42.60051464854858],[11.141174241489885,42.60053000424089],[11.140235966056771,42.60053853769096],[11.139359829638876,42.600581923408235],[11.138617379343978,42.600613800833855],[11.138033902438075,42.600660716040124],[11.137173943811394,42.60082084952526],[11.136616057280682,42.60090330069596],[11.135402826387866,42.60107001123759],[11.13501301768482,42.601077278986615],[11.134622901493527,42.60107554595178],[11.134196547620071,42.601083492089316],[11.13333830934124,42.600937391038634],[11.13237986130956,42.600712103649414],[11.1315204042968,42.60052999085473],[11.13067313480334,42.60034764483628],[11.129802426940051,42.60019274398192],[11.129114749492173,42.60004343908508],[11.128415201343199,42.59990335494866],[11.127630998762987,42.599782850557084],[11.127176001282297,42.59966523084633],[11.126500582825937,42.59987588750867],[11.12609039445177,42.600000569856945],[11.125363489516438,42.600131128900145],[11.125012675114448,42.60020968043113],[11.124638109641987,42.600306681006394],[11.12381649573763,42.60052003307805],[11.12318703147682,42.60064877215886],[11.122763428008847,42.60073767053563],[11.122653792979674,42.60073970263605],[11.12222743932819,42.6007476050619],[11.121624127144202,42.60056967612984],[11.120998287312315,42.60044619238753],[11.12044584473246,42.6003303505541],[11.119941824021335,42.60020460452465],[11.11927975246645,42.60009078722367],[11.118595148975146,42.60003141318457],[11.117912682302038,42.60003503100603],[11.116696362801177,42.600111549349556],[11.116168902853193,42.60001323547049],[11.115799193158184,42.59989399537541],[11.115466029422796,42.59977407811466],[11.115179765857022,42.59959926338147],[11.114569481418107,42.59921430809126],[11.114082843060608,42.59888109740316],[11.113754642101423,42.598637264688875],[11.113657727581083,42.59856476226948],[11.113502188778247,42.59856087887491],[11.113179387450575,42.59856683557692],[11.112942081012354,42.59857796794903],[11.11288399278908,42.59857228574163],[11.11269365892335,42.598620823091004],[11.112602148041304,42.598618008600575],[11.112289997214285,42.59875884345088],[11.111811558129032,42.5991188669278],[11.111358130805069,42.59921142127647],[11.111215413343754,42.599240378112086],[11.111044274246611,42.599317618659015],[11.11087853276488,42.59929760324607],[11.110768900476739,42.59928442221908],[11.110662850942058,42.599315797632435],[11.110298232924412,42.59942367051302],[11.110138301036496,42.59938882437265],[11.110021948901814,42.59936347434398],[11.109853630735802,42.59942351793854],[11.10947696539358,42.59955811876343],[11.109190397837688,42.59955439161515],[11.10879519362231,42.59949187996477],[11.108664774599438,42.59951004046164],[11.108567399378716,42.59951408462589],[11.108399219119763,42.59949500924151],[11.108306797460306,42.599467103383354],[11.10812714699101,42.599475229148254],[11.108048169151163,42.59947870548467],[11.107931677173308,42.59954830045538],[11.107746982604079,42.599493166864406],[11.107686454190434,42.59950553733567],[11.107625851109312,42.59951565784842],[11.10747076511412,42.59952526573252],[11.10738945103761,42.599553776745175],[11.107317449835662,42.59947860513306],[11.107196781619132,42.59935245536084],[11.106652961102423,42.59889988708811],[11.10643180259015,42.59871590834656],[11.106211580413332,42.59851058942394],[11.105962117885582,42.59834182768081],[11.105795045827454,42.59808600283387],[11.105666744441832,42.59771464851754],[11.105599638279594,42.59744122622025],[11.105473598588691,42.59722742028345],[11.105172995632865,42.59698755617447],[11.104979239668486,42.596899750735695],[11.104838805007692,42.59683610843968],[11.104896838963029,42.59675731428207],[11.104926217377828,42.596717431471944],[11.104973242130722,42.596401129138094],[11.104985359480365,42.59632003064519],[11.104999921268318,42.596221106436694],[11.105026029834367,42.5960492277166],[11.105097066861699,42.59587469781101],[11.105141060484042,42.59576794287292],[11.105057266801035,42.595586453104715],[11.104997303397502,42.595455473142884],[11.104963854471457,42.59539746581776],[11.104909286836119,42.595304050922024],[11.104867396993647,42.595232555811464],[11.104849515421366,42.595208404691256],[11.104710599786314,42.59501942408794],[11.104716354080931,42.59491860226369],[11.104720332981051,42.59484780672012],[11.1047410990272,42.59472669853221],[11.104760631205785,42.594613942834606],[11.104768533779872,42.59456810245944],[11.104789562236034,42.5944686595756],[11.104861949360647,42.59438628230752],[11.105140974916475,42.59406874411494],[11.105223876190173,42.5939743990383],[11.105278092794164,42.593928376359564],[11.105511219082695,42.59373048044259],[11.105652403652769,42.59357708167445],[11.105661269758343,42.59353996937971],[11.105678656827322,42.59346874266483],[11.105730146751624,42.593242121745654],[11.105742559103419,42.59318817203248],[11.105727576238921,42.59307474950242],[11.105701925506976,42.592887757809756],[11.105643724602015,42.59276658211756],[11.105565228175772,42.59260593776074],[11.105498699172072,42.592470153752735],[11.105465865903147,42.59243024741181],[11.10520744688073,42.592120317904175],[11.105084766162568,42.591833733375296],[11.10506418407842,42.59178805901826],[11.105012501916816,42.59167364404396],[11.105052190370284,42.59149715348072],[11.105073267686775,42.5914016980152],[11.105201665866545,42.59122823972953],[11.105539551744902,42.59077177116512],[11.105635736629354,42.590664918242844],[11.105795065771646,42.590487914376375],[11.105862589293269,42.59031557461082],[11.105901681067925,42.590215799331084],[11.10597020818837,42.58986176710086],[11.105979425441564,42.58980908188819],[11.106114300360272,42.58965357062635],[11.106210807890033,42.58964686640155],[11.106290599568242,42.58964132321362],[11.106820888385368,42.589478481620205],[11.106888468539434,42.58939619236457],[11.107201711652879,42.589012213011195],[11.107250322482933,42.58893927777182],[11.107329316044348,42.58882075738238],[11.107301317756217,42.58871321083971],[11.1074067330504,42.588612214670604],[11.107442101697087,42.58848549170551],[11.107461819910043,42.5884130880243],[11.10761164492062,42.58824823793517],[11.107842360840722,42.58819868849127],[11.107886815978317,42.5881889920609],[11.108068681426213,42.58815878032597],[11.10811146101445,42.5880959127216],[11.108161818492004,42.58802198858634],[11.108292209489008,42.58783048057787],[11.108465175656578,42.587629182499064],[11.108534096657385,42.58756487801492],[11.10857667815222,42.587525147387225],[11.108612862990734,42.58749138700592],[11.108619569734376,42.587419221776194],[11.108621994184997,42.58711300239433],[11.108623045164883,42.58698015696024],[11.108544626867461,42.58666452423234],[11.108533312710545,42.586616051214136],[11.108524727132764,42.586583300602896],[11.10837300827577,42.586316945690584],[11.108354087756913,42.58628463836777],[11.10832595409062,42.58624274708955],[11.108260248462894,42.58614725316244],[11.108125949169457,42.586061778491356],[11.108079384953937,42.585934133783866],[11.108000327291679,42.585830105373375],[11.107915725126773,42.58571899188562],[11.10789368639815,42.58569033225498],[11.107847059886362,42.58565887336209],[11.1077261401131,42.58557718540501],[11.107627003635237,42.58551067998871],[11.10736600657693,42.58538912232316],[11.107278278757764,42.58534280800889],[11.107018635251714,42.585206404743595],[11.10696778057586,42.585135689361394],[11.106807431505564,42.58509342302747],[11.106735823762516,42.58495045857192],[11.106592132045625,42.584845039872235],[11.106554686542928,42.584818712948355],[11.106496956181118,42.58472401413011],[11.106435366354138,42.58462279444069],[11.1064608614134,42.584450109630886],[11.106471675332305,42.58437231722537],[11.106479376724756,42.58431503473002],[11.106450625555821,42.584144172501254],[11.106441759981369,42.58409137763469],[11.106416259523575,42.58395671153827],[11.106397422755695,42.583858054540016],[11.106470767110642,42.58377563695326],[11.106395920935105,42.583723004688885],[11.10636386767212,42.583552496722625],[11.106359005184332,42.583525169742316],[11.106285867244036,42.58352712177674],[11.106334794307882,42.58326486690754],[11.106425092008742,42.58332630220848],[11.10648610014441,42.5833251198005],[11.106504034753462,42.58329687824139],[11.106601770669325,42.58314288956836],[11.106615373257725,42.583100868629785],[11.106679490963298,42.58291633115475],[11.10664358894414,42.58275489836724],[11.10673626947143,42.58264513176924],[11.106813503816122,42.58255365968591],[11.106943253489211,42.58246937750241],[11.107013242718363,42.582423912991906],[11.107054974064544,42.58222506989175],[11.10713935721743,42.58191730460037],[11.107211308563109,42.58169098070748],[11.107228715776216,42.58165455847964],[11.107406159879076,42.58128484114883],[11.10744746766135,42.581198763732964],[11.107529781722898,42.58102761578368],[11.10771366154825,42.58106025199116],[11.107748944973684,42.58104510874831],[11.107932875141875,42.58096616620153],[11.10788935420222,42.58084990013097],[11.107894968063016,42.58082278112563],[11.107915553023737,42.5807233456553],[11.108037948780815,42.58064905199369],[11.108146697187538,42.58043102300742],[11.108122923454422,42.58036832764738],[11.108096141397018,42.58029677968165],[11.108103769635537,42.580161561740866],[11.10820795776822,42.58007822228427],[11.10828802582997,42.58001432687097],[11.10833904454639,42.57997488674935],[11.10849241479589,42.579942786434664],[11.108603995788975,42.579909213893856],[11.108769845472072,42.57985888379941],[11.10893550554006,42.57973911043108],[11.109114803691144,42.57960939244653],[11.109136731434065,42.579536946806],[11.109115080685356,42.57943055069536],[11.109194887537402,42.57935397289011],[11.109227020160848,42.579323662975916],[11.109223775157094,42.57922699216214],[11.109221861454964,42.5791706708766],[11.109294328531185,42.579061274432576],[11.10936013837245,42.57899960489757],[11.109364451737472,42.5789609713658],[11.109392362167274,42.57892242913976],[11.109428147803314,42.578874203522396],[11.109450681956918,42.57881975800773],[11.109442454158607,42.57878892255115],[11.109430346883691,42.57874161683844],[11.109422002378126,42.578691962598135],[11.109419346969268,42.57861321663996],[11.109474150322578,42.57856718111531],[11.109505097225346,42.5786017063052],[11.109542182618545,42.57864247161226],[11.10959187888974,42.578670823248416],[11.109666772841905,42.57863342280493],[11.109690141378728,42.57860372625615],[11.109736574803188,42.57853533170608],[11.109767481619734,42.578458218821645],[11.109764001511099,42.578361391150466],[11.109719929659022,42.57831276066417],[11.109785690092687,42.57827552928623],[11.109824689251846,42.578256813921605],[11.109839435045968,42.57815296952192],[11.10990253029759,42.57812704281137],[11.10994711010787,42.57809879251912],[11.109982648388272,42.578075844462774],[11.110090831600509,42.57802001450884],[11.110176080365239,42.577928392472714],[11.110198309941305,42.57786494628652],[11.110197323299792,42.57783569746403],[11.110204634816188,42.57778153226583],[11.11024642049393,42.57775599798563],[11.110317206080877,42.57768715540426],[11.110290422774233,42.5776156070503],[11.110221191124017,42.57756063417382],[11.11021333663735,42.57750279870785],[11.110201396966653,42.57741463144367],[11.11018922831747,42.57732480422891],[11.110230025879392,42.57727002205658],[11.110372659634022,42.57716383379522],[11.110412775039785,42.57708880235481],[11.110402019952314,42.57704622928224],[11.110390560710307,42.576985419179806],[11.110350455513275,42.57695712439176],[11.110306546530586,42.576919662108914],[11.11031366810381,42.576859871225984],[11.110355743948839,42.57688568749758],[11.110447417194985,42.576941829897045],[11.110506320019104,42.57697226280746],[11.110599242618381,42.5770178279296],[11.110698328592346,42.577065529798645],[11.110757612438176,42.57710721209625],[11.110862946715857,42.5770692498671],[11.110904268321123,42.57701850114564],[11.110966398261834,42.576966361201386],[11.111008417897178,42.57695410414709],[11.11104239437185,42.57693823564437],[11.111089299159554,42.57691649245855],[11.111145697911395,42.57687267893235],[11.111209785511873,42.57678594789455],[11.111212153566926,42.57667559105064],[11.111224965122853,42.57658314401291],[11.111239720664283,42.57648157936097],[11.11125985439293,42.576430704176246],[11.111315301610821,42.57629105370842],[11.111420375530026,42.57608174059588],[11.111454829050944,42.57601374088804],[11.111475465305382,42.57591646413953],[11.111474693129987,42.575883007724734],[11.11147331784353,42.57582438919966],[11.111503541515583,42.575727026645886],[11.11152486586588,42.57567075513682],[11.111562145000162,42.57557283924457],[11.111604289199102,42.57545936265178],[11.111615258096306,42.575430064510314],[11.111701299473689,42.57528874033105],[11.111723668091466,42.57525543808952],[11.111793363313858,42.57514994627607],[11.111785571717489,42.57507335814243],[11.11181836486056,42.57505842075628],[11.111856602764567,42.574986188021775],[11.11192027443261,42.57491327917048],[11.111963970945828,42.5748647672913],[11.111999209466486,42.57482608478531],[11.112127605584606,42.574738362752484],[11.112216650758189,42.57466918135091],[11.112213202845455,42.57456315697174],[11.112279539787686,42.574435868383944],[11.112304567725301,42.57438614906719],[11.112382835708424,42.57422300936167],[11.112395641295238,42.57419536754949],[11.11241354815986,42.5741328957561],[11.112425589643015,42.5740912486833],[11.112355890775031,42.57392143651088],[11.112273374833684,42.573863361695786],[11.112212366648443,42.57382052416568],[11.112274596591554,42.57376519020079],[11.112364483327717,42.57372079898089],[11.112447311682796,42.57374475433646],[11.112474008484083,42.57381119605064],[11.112581767239469,42.57384522940829],[11.112646685582027,42.57378324661763],[11.112661213066554,42.573689552029485],[11.112666846761904,42.57365458163973],[11.112696582379845,42.57359033189828],[11.112721253293516,42.573537996747426],[11.112757508854642,42.57345701656216],[11.112847464509146,42.57341483357699],[11.112909820147056,42.57339907585974],[11.112953171256517,42.57338812000227],[11.113098835794073,42.573281873313725],[11.113120301037648,42.57319592754295],[11.113062458616133,42.573145738712824],[11.113053737145906,42.57308581037935],[11.11304808798633,42.57304192132202],[11.113122138528382,42.57297976977586],[11.113102050359716,42.57292610988161],[11.113050229682276,42.57283476317432],[11.112998637078075,42.57275016526108],[11.113011805938244,42.572689137863485],[11.113093774606664,42.57262233853468],[11.113133344225243,42.572590090154044],[11.113271090297939,42.57252000938288],[11.113410508015786,42.57249942730327],[11.113544822478342,42.57257574372051],[11.11367581543896,42.57261576263336],[11.113850075108086,42.57263758204424],[11.113938184072511,42.572612992496786],[11.11401367988662,42.57259185416319],[11.114140848343192,42.57247919361362],[11.114195369774633,42.572380973872725],[11.114191539209575,42.5722666366529],[11.114148401780172,42.5721567819812],[11.11409444023941,42.572097331282976],[11.113995587835058,42.572056381017084],[11.113879687533476,42.572051766259094],[11.113820406629001,42.57201008638415],[11.113769269801349,42.57193898915385],[11.113791569828344,42.57187779224109],[11.11387977428262,42.57178386154913],[11.114008765758383,42.571725198015784],[11.114080775855212,42.57169291425709],[11.114155779261393,42.57169123983489],[11.114195876731962,42.571672374832396],[11.114243536236994,42.57164206955117],[11.11429399209933,42.571602865883804],[11.114358979618775,42.571633184522234],[11.114461017159439,42.57167426568633],[11.1145578489069,42.571654280198935],[11.114647322382345,42.57160309676357],[11.114679589912758,42.5715664800489],[11.114660017063382,42.57153523034438],[11.11460181800074,42.57151838805397],[11.114585001179979,42.57147142104048],[11.114568336487268,42.57142895473481],[11.114616431085599,42.571410056304764],[11.114654135151477,42.57148170645059],[11.114707976975545,42.571505171470356],[11.11479762310596,42.571453987431205],[11.114819085506548,42.57136804228122],[11.11481581563612,42.571271297253695],[11.11477365007224,42.57115884575734],[11.11475182034487,42.57109012461793],[11.114756846114563,42.57096846200795],[11.114811268310683,42.57086391040721],[11.114809821516802,42.570815299829384],[11.114810117905906,42.57077201608149],[11.114837898606561,42.570663041326384],[11.114874600058366,42.57054321982677],[11.114904907431372,42.570463840041214],[11.114901668506102,42.570358783496765],[11.114932573175839,42.570310091532605],[11.114989381523268,42.57023737522494],[11.115034897533276,42.57016874867697],[11.115049439523926,42.5701447765463],[11.11509817788295,42.57006400273417],[11.115127168840058,42.57000956109113],[11.115159101880508,42.56996625231629],[11.11521502528039,42.5699155610427],[11.115253202075994,42.56987372725663],[11.115288375831941,42.569835395225056],[11.115350453673868,42.56976188080752],[11.115420944230125,42.569704592406296],[11.115509317954766,42.56964898181874],[11.115680855277368,42.569560098722526],[11.115760148981709,42.569473085098714],[11.115749749347483,42.56940152345782],[11.115769085885495,42.569286018957584],[11.115823620387784,42.569199147474436],[11.115788765247725,42.56914837053752],[11.115837010805869,42.569043919925086],[11.11587353162846,42.56900405084688],[11.115893082162003,42.56898200685613],[11.115912925771182,42.56885387391455],[11.115910541709475,42.56878279096601],[11.11590940097755,42.56875669324009],[11.115858754176577,42.56866606179133],[11.115855905445777,42.56860198809775],[11.115855095920958,42.568575343937454],[11.115868168621434,42.568494605489164],[11.115879980876171,42.56842177351173],[11.1158876472903,42.56837387709026],[11.115899408583637,42.56829759344162],[11.115881762547918,42.56822004930918],[11.115871458307101,42.56817656334557],[11.115843129797668,42.56813409925312],[11.115804071722762,42.56807804903862],[11.115708952918382,42.567958911667105],[11.115648458998715,42.56788123414368],[11.115670374340343,42.56780878739178],[11.115724251617076,42.56769072491673],[11.115761623940248,42.56762024482889],[11.115792966251298,42.567561132673596],[11.115822923967471,42.5674637729066],[11.115814199021518,42.56737388255967],[11.11574541083566,42.56732562533857],[11.115643139736486,42.567273483042555],[11.115668023883272,42.56719873103627],[11.115674720613212,42.56717159160644],[11.115694810801342,42.56709017421464],[11.115769230954898,42.567039270659116],[11.115804748950243,42.56703135361199],[11.115887540633546,42.56701286999742],[11.115923398102272,42.567004905218084],[11.115987090286241,42.56690692308433],[11.11605580354358,42.56677732979776],[11.116050525821104,42.56663295438461],[11.115975449863168,42.566562690279774],[11.115988006127502,42.56648366242662],[11.116010910859496,42.56644046526134],[11.1160700509572,42.56645990369935],[11.116152824626937,42.56649412521626],[11.116210047492835,42.566475057462384],[11.116216439877219,42.56639389306081],[11.116229224086103,42.566321615802075],[11.116245659429323,42.56626728066701],[11.116243709994041,42.566209992005405],[11.116239347434616,42.566060229853534],[11.116259738422787,42.56596309624569],[11.11632342866907,42.56595516549301],[11.116379002464969,42.56593918900818],[11.116438289380286,42.565921408573004],[11.116568523796468,42.56590816775132],[11.116693114600558,42.565905931027324],[11.1167521353355,42.565933735391944],[11.116835380413056,42.565963715242034],[11.116931942827836,42.565937166115354],[11.11697295565335,42.56588913054421],[11.11718411289411,42.56582894561733],[11.117329981303577,42.565729443670925],[11.117374036322278,42.565591300176216],[11.117502250606178,42.56551013486269],[11.117601173468048,42.56546516543194],[11.11764896104937,42.56545009953487],[11.117697707340382,42.56543474483401],[11.117770565666621,42.565437586936895],[11.11791086402162,42.565435040443894],[11.117992054312818,42.56540427205312],[11.118089982651487,42.565328168750405],[11.118267351520672,42.56525960052527],[11.118355310502393,42.5651589169514],[11.118399878276014,42.565045320877154],[11.11843943654609,42.56500125868134],[11.118521040037779,42.56491013182632],[11.118647442467507,42.5647976965141],[11.118790844350121,42.56470960745281],[11.11900161027004,42.56454811741663],[11.119119623996452,42.56443562065399],[11.119139345906092,42.56441180430134],[11.119207096565919,42.564330503133725],[11.11921898958606,42.56422216070553],[11.119246449989902,42.5640438008173],[11.1192399244017,42.5639538700059],[11.119235029899043,42.563886421226655],[11.119230306620102,42.56374692911349],[11.11913709461634,42.56369237097163],[11.119033379573942,42.56359748436402],[11.11902377199642,42.56349110123514],[11.119094168867678,42.56341400524683],[11.119274883263783,42.563444430373245],[11.1193498818092,42.5634362896037],[11.119417145961881,42.56339868625848],[11.119470277382133,42.56336877372719],[11.119465645735255,42.56334190042959],[11.119451326099284,42.563258811050524],[11.119565154298167,42.563202674059525],[11.119614499332677,42.563189632618965],[11.119654407925541,42.5632302884743],[11.11991006774143,42.563225556826495],[11.119991635211736,42.56320603659655],[11.120096483235615,42.563154567919064],[11.120111024229193,42.56312268494226],[11.120151576365233,42.56307469547632],[11.120242569421528,42.563061811260056],[11.120366516948508,42.5630347531986],[11.120429365154855,42.563002071330445],[11.120452111910168,42.56295437266947],[11.120475393455987,42.56292242418438],[11.120540751480942,42.562873936608156],[11.120572781296067,42.562830568677114],[11.120571881538364,42.56279926598925],[11.120625344364528,42.56276881097461],[11.120710727575567,42.56276723007804],[11.120797541510862,42.562722847705615],[11.120803766262833,42.56265485720123],[11.120844697927682,42.56258199787643],[11.120848125616632,42.56250803825321],[11.120915009045177,42.56251343122558],[11.12095629801589,42.56246931269264],[11.12096757714131,42.562334825692595],[11.12097018084779,42.56230794904595],[11.120979466016998,42.56220859151269],[11.121001376279,42.56212982932074],[11.121024467677103,42.56205001144871],[11.121046376229675,42.56197756465824],[11.121114672610261,42.56194849708586],[11.121151627756108,42.56193291171862],[11.121155249727552,42.56186523504554],[11.121113206603717,42.56179847520091],[11.12115197115461,42.56176849025351],[11.121241369431662,42.56171055181155],[11.121341417313547,42.561690800024685],[11.121385421567425,42.56167272735106],[11.121452355796418,42.5616458595739],[11.121518337032038,42.56161528033664],[11.121531860474535,42.5615655910363],[11.121607948321257,42.56156418165144],[11.121648538833078,42.56159526421808],[11.121696828762069,42.56161515020318],[11.121756506360708,42.56163960519977],[11.121858436550133,42.561676608784005],[11.122062351068006,42.56167283095244],[11.122235371442862,42.56165611732701],[11.12229953259074,42.561557391737985],[11.12234658896759,42.56148966213988],[11.122356552814896,42.561367958000595],[11.122311646754916,42.5613234567842],[11.12221159451223,42.561224309611454],[11.122213061564258,42.56119726668564],[11.122217216005955,42.561120646003175],[11.122307422278805,42.56109421012567],[11.12234566317171,42.56104622398153],[11.122335504768841,42.56100350220864],[11.122326171452116,42.56097156964252],[11.122210655765706,42.56092715652518],[11.122207757079046,42.56084166127673],[11.12219517470691,42.56073901034901],[11.122176162665395,42.56062837382597],[11.122170441708453,42.56045963231379],[11.122274799710636,42.56038340628614],[11.122397622631874,42.560333852850505],[11.122494555359625,42.560318548744185],[11.122507256297428,42.56029129853464],[11.122557008851427,42.56018456577278],[11.122565817507624,42.55999529320284],[11.122548053441074,42.55984028365067],[11.122544191899603,42.55980658552559],[11.12253283285824,42.55956140477343],[11.122495015004281,42.5595238341749],[11.122471422480915,42.55945673199329],[11.12240043417987,42.55940720650759],[11.122419752812881,42.55936988917894],[11.122451507390233,42.55938549398909],[11.122557863869863,42.55940552020225],[11.122627466080647,42.559388553097826],[11.122625351818787,42.55932322136859],[11.12262349888352,42.55927155926811],[11.12260203425739,42.559177402826],[11.122688064798389,42.559101480938814],[11.122693961707657,42.55906907882469],[11.122721386895464,42.558925297019925],[11.12270462480651,42.55881643071365],[11.122699163007674,42.558775019531396],[11.122691835189395,42.55859265311984],[11.122715534001019,42.55848468491052],[11.122726134711664,42.55843667866802],[11.122710528099159,42.55833565972831],[11.122619581744624,42.55826233775266],[11.122546777006125,42.55816919034778],[11.12254403591628,42.55809560520052],[11.122603680944389,42.55805847886853],[11.122601697472618,42.557999982389454],[11.122559692890208,42.55792871879286],[11.1224891442143,42.557869008362545],[11.122465736615828,42.55784933790003],[11.122359338893075,42.55780462625327],[11.12232750002784,42.55777558803677],[11.12229452830958,42.55774227259509],[11.122361548750739,42.557653230425636],[11.122358845676692,42.557573501179576],[11.122444856992587,42.55749627585918],[11.122543978160552,42.55746524401667],[11.122662208397484,42.55744954510225],[11.122598597053868,42.55736967668438],[11.12256496001888,42.557275745782896],[11.122537653069523,42.557249451287646],[11.122505153924072,42.55721832082569],[11.122394070729879,42.55717535299657],[11.122403796020249,42.55714140398677],[11.122421300002435,42.55708029417426],[11.122457886690903,42.55699181588582],[11.12258390082236,42.556921870151754],[11.12284009807145,42.55684495848623],[11.122927371670153,42.556827775345724],[11.123016117331613,42.55685565325609],[11.123119090513411,42.5569274291323],[11.12318195442864,42.556971642213846],[11.123202198112736,42.5570298001993],[11.123301329430904,42.55698969111982],[11.123357929680127,42.5569526208378],[11.123426933162023,42.556922074523335],[11.123514652965476,42.55690468905008],[11.123672215566048,42.556881505931784],[11.123789910110068,42.556850057495964],[11.123960027242852,42.55683789775772],[11.123919472284912,42.55680938272027],[11.123826495911338,42.55676157789001],[11.123767910426306,42.55674015196971],[11.123717508508093,42.556695581169976],[11.123714860654452,42.55662409883787],[11.12369949003065,42.55657933055083],[11.123681921671087,42.55652747805382],[11.123710288094122,42.55647781853642],[11.12374775329033,42.556486285811864],[11.12385758473572,42.55651110834524],[11.123880643151493,42.55656246007993],[11.123940678857517,42.556626634904205],[11.124042861230073,42.5566765193357],[11.124170677405228,42.55667414898004],[11.124248504601548,42.55663443327698],[11.124308147255649,42.55659730700123],[11.124378142395718,42.556596008794486],[11.124497592076779,42.5566163054823],[11.124617805433486,42.556659101911656],[11.124713891919523,42.556619047190864],[11.124772938669095,42.55656383387149],[11.124844903919342,42.55662111942516],[11.12495317354019,42.55667089101411],[11.125124588244805,42.55669697689582],[11.125205163243809,42.55673825683304],[11.125354511502614,42.5567422395718],[11.125410653178884,42.55669166890885],[11.125448865930439,42.55665282977087],[11.125519698383595,42.55667382403928],[11.125521661064186,42.556732383892694],[11.125573867399348,42.556834974565085],[11.125676509737279,42.55689835687216],[11.125845416891881,42.55694024829789],[11.125954440148746,42.556922465557214],[11.126022218516917,42.556855919414666],[11.126037956715368,42.55678133485773],[11.126035271827162,42.556700483312326],[11.12606441617791,42.556663776341935],[11.126200765078323,42.55664782030324],[11.126232186570538,42.55667651308523],[11.12625664745178,42.556770137766584],[11.126227637675738,42.556793662200526],[11.126208100109391,42.5568364234121],[11.12620117257827,42.556924639580856],[11.12623389782237,42.556991570571704],[11.12631470313584,42.557039598484366],[11.126435682720192,42.55710489189736],[11.12655876141645,42.55714576899314],[11.126675045114961,42.55715898101698],[11.126843939334895,42.557110818693076],[11.126921076136496,42.557050853084455],[11.12695865132517,42.5569916211883],[11.126935590236517,42.5569402701363],[11.126982830275722,42.556896617946705],[11.127021627237902,42.55687338524599],[11.12704369458307,42.556895487669244],[11.127084250977182,42.5569240015671],[11.127133402105464,42.55693659664416],[11.127131185105778,42.55687134974647],[11.127218445018336,42.55684046300205],[11.127271709692305,42.556884499100484],[11.127321394791757,42.55691284336885],[11.127391619520367,42.556918292991725],[11.127500946869128,42.55690950838187],[11.12753798621364,42.55683452796085],[11.127563387611573,42.556775521994524],[11.127631928734713,42.556731473862946],[11.127750309074859,42.55672027043628],[11.127827216286088,42.55665355364417],[11.127823239755454,42.55653656015324],[11.127749497869454,42.55642761664089],[11.12783827065359,42.55635167506306],[11.127906277020543,42.5562918775109],[11.127823176164291,42.55617635397525],[11.127827870614174,42.556045692413235],[11.12797499943723,42.555984424892394],[11.128141840484282,42.55596556587293],[11.128197214373737,42.55589249588341],[11.128137634016982,42.55584182271591],[11.128057974901505,42.555827544481176],[11.128046856801578,42.555769216910505],[11.128124221475684,42.55571600019391],[11.128229050179685,42.55566452353154],[11.128320040645011,42.555653827548696],[11.128407068758516,42.555616189367655],[11.128572684759595,42.555561332379014],[11.128661776396882,42.55549440299471],[11.128562880264305,42.55545122996195],[11.128558919114043,42.555424287818354],[11.12856713076904,42.55539711945639],[11.128565600885844,42.55535212252574],[11.128554635407305,42.55529829479157],[11.128605756538066,42.55527933424845],[11.128653835660925,42.5552604302174],[11.128694009175733,42.55527769410287],[11.128767656639901,42.55529433584242],[11.128824253266794,42.555257262930894],[11.128886016941061,42.555193079095915],[11.128948699782065,42.555155892999906],[11.129020510919135,42.55511853809471],[11.129036933749534,42.55506420131191],[11.128962368385821,42.55502056104751],[11.128998273291591,42.55500188405873],[11.129064611154881,42.55498264046613],[11.129114814913999,42.554936680990124],[11.12912545736068,42.55489145779668],[11.12908467188156,42.55485619493088],[11.129047541712046,42.5548388746109],[11.12903961912892,42.554784991258984],[11.129059085033784,42.55473059790582],[11.129015256534249,42.554695391578164],[11.128992118188147,42.55464179104852],[11.128999105448727,42.55457862529915],[11.129005786630488,42.55450645908415],[11.128991471795707,42.55444368928966],[11.128937596008887,42.55438165392357],[11.128865156679554,42.554310959210575],[11.128808238021636,42.554248981238274],[11.128757711727069,42.55419588878474],[11.12875556977765,42.554132892716304],[11.128857506426957,42.554085971854356],[11.128997183427979,42.55407437042044],[11.129136860370432,42.55406276881728],[11.129295408202113,42.55406882673877],[11.129407084681468,42.55403973483014],[11.12944237792716,42.55400305856538],[11.129416808519268,42.55396751292094],[11.129370243331042,42.55394136285662],[11.129353803369051,42.553905647472696],[11.1293769240763,42.5538691975234],[11.129419221729187,42.55385940590826],[11.1294928676832,42.55387604721786],[11.12958203660031,42.55390140422001],[11.129636811643351,42.55390038578898],[11.129714402274914,42.55385391773422],[11.129761866473315,42.55381701416439],[11.12978468073761,42.55377156367668],[11.129857103318336,42.55375220738455],[11.129894537953028,42.55377852613794],[11.129931973867018,42.5538048457556],[11.129980357621093,42.55379494075737],[11.130015650360868,42.55375826342498],[11.130064645208666,42.55376635753486],[11.13011455985003,42.55380145027952],[11.130124607778866,42.553828279175335],[11.130089621221344,42.553873955199954],[11.13006041471366,42.553910519369616],[11.130083859855949,42.553973119234975],[11.130133162290933,42.55399021284797],[11.130166942905959,42.55399858985962],[11.130220187016238,42.55395257425388],[11.130258216612448,42.55390684069316],[11.130297164799872,42.553888105795764],[11.130337337848484,42.553905369117984],[11.130332782704576,42.553950480108334],[11.130347404969045,42.55402224927077],[11.13042166380921,42.55405688908795],[11.130507177705878,42.55406430284329],[11.130604862961247,42.554071491028054],[11.130739372100765,42.55408699935885],[11.13086475190207,42.554102677373436],[11.130995605391,42.554100242906024],[11.131061941648936,42.55408099818818],[11.131165100553554,42.55407007354736],[11.13123356079825,42.554023773451185],[11.131252104324206,42.55394238203043],[11.13124417999405,42.55388849886264],[11.131239298767886,42.55383455816965],[11.131245977347334,42.55376239277405],[11.131262397924589,42.553708055710665],[11.131296770810573,42.55364438024175],[11.1313407538864,42.55359283791789],[11.131289438759808,42.553518444025066],[11.131285170242474,42.553482502437376],[11.131247427658883,42.55344718461558],[11.131192651852293,42.55344820383045],[11.1310733595009,42.55343241290794],[11.131069091115188,42.553396471308815],[11.131115023767826,42.55331457030532],[11.131182869357625,42.553250271165226],[11.131250716056963,42.55318597286468],[11.13132830333407,42.5531395028797],[11.131406504476006,42.55311103282779],[11.131462483599606,42.553055959594076],[11.131534598384667,42.55302760181591],[11.131617066702217,42.553035072325336],[11.131690713421788,42.55305171220947],[11.131767095624493,42.553059295879805],[11.131850178081972,42.55308476529859],[11.131852016634154,42.55313876170136],[11.131812477679993,42.553229549252265],[11.131818891439274,42.553328486768],[11.131884022148961,42.553363295534474],[11.131972883582998,42.553379652044725],[11.132031008856433,42.55338757536272],[11.132084863962092,42.55335955712492],[11.132135983617141,42.55334059503579],[11.132214489853869,42.553321123106485],[11.132269250415664,42.553320089278266],[11.132320354882536,42.55330111298129],[11.132365080542163,42.55327326547165],[11.132422899243428,42.55327218904494],[11.132544928098653,42.55327892145703],[11.1326593381153,42.553240771133446],[11.132701328231008,42.553221978780265],[11.13268169023313,42.553181820797185],[11.132596025272075,42.55316990794814],[11.132585669904138,42.55313408064128],[11.132581400679586,42.553098139115555],[11.132597819969515,42.55304380278426],[11.132638889129698,42.552998011840245],[11.132671749867768,42.55297938948097],[11.132700363744735,42.553014877710446],[11.13272959073618,42.55306836412267],[11.132775542265007,42.55307651374039],[11.132802316844517,42.55305800467158],[11.132840957176255,42.553030270289966],[11.132858295914682,42.55300293166052],[11.132869548490023,42.55297570636154],[11.132856456473144,42.5529489343919],[11.132849144069942,42.552913050444104],[11.132872568913934,42.552885598481204],[11.132909084533491,42.55288491850205],[11.132959437074598,42.552843457196694],[11.133052084678443,42.55279220386277],[11.133044875591942,42.552759319453955],[11.133055413905463,42.55271109637956],[11.133078838615948,42.55268364527717],[11.133089784439182,42.552647420414566],[11.133076385802259,42.55261164892519],[11.133042605588658,42.55260327276203],[11.13300181953306,42.552568012194136],[11.132982336077253,42.552532354007745],[11.13298993107849,42.55248718629982],[11.133025221341477,42.55245050898732],[11.133070867065669,42.5524496589294],[11.13311589957783,42.552430809765106],[11.133107667289405,42.55236792720009],[11.133114956798371,42.55231375991811],[11.133131374195981,42.55225942264089],[11.133093939177531,42.55223310494921],[11.13303428191527,42.55218018442377],[11.133047964160271,42.55213490424865],[11.133104554168007,42.552097829344454],[11.133088420437957,42.55207111404458],[11.133050677744263,42.55203579681272],[11.133010505206661,42.55201853442718],[11.132958467161936,42.55201049824401],[11.132951461377681,42.55198361294194],[11.132949928527763,42.551938616112785],[11.132942003033678,42.55188473217169],[11.132924335388678,42.551813020036995],[11.132907587459654,42.55176830563711],[11.132917920136917,42.551714082594],[11.13296568861373,42.551686177284644],[11.132988806389983,42.55164972575762],[11.133005224994887,42.551595389371315],[11.133020417216352,42.55150505389846],[11.13306179171463,42.55146826326649],[11.133151242130587,42.55141256586203],[11.133159143536739,42.55137639858585],[11.133181954489004,42.55133094747749],[11.133263195471836,42.551302418645044],[11.133330753326133,42.55131917088706],[11.133368189126724,42.55134548939241],[11.133400152206528,42.55138991943057],[11.133461624196041,42.5514067849496],[11.133506962496671,42.551396935191114],[11.133545601480314,42.55136919969388],[11.13360037416784,42.55136817941691],[11.133655454740733,42.55137615863374],[11.133697443314428,42.55135736594389],[11.13373638890027,42.551338630826784],[11.133788425251295,42.55134666669013],[11.133845628724627,42.55132759050123],[11.133853224206845,42.55128242272153],[11.13383921209962,42.551228653133165],[11.133862329201868,42.55119220144209],[11.133914365444253,42.551200237250725],[11.133957580670556,42.55121744263424],[11.133943899261602,42.551262722905804],[11.133978292287113,42.55128909790002],[11.134024243859832,42.55129724702165],[11.134079629929813,42.55131422559775],[11.134071727847282,42.55135039294856],[11.13405165380864,42.55138678798355],[11.134094562466998,42.551394993771034],[11.134153299598118,42.551420915128766],[11.134199863540202,42.55144706237871],[11.134232134041584,42.55150049260874],[11.134206588740144,42.55155499922633],[11.134165213689705,42.55159179118043],[11.134121102325379,42.55163763935808],[11.134156109097441,42.55168201246969],[11.134209067261285,42.551717046728214],[11.134269030550286,42.55177896529447],[11.13431743668484,42.55185911059422],[11.134297694020859,42.55199455549046],[11.134300454956497,42.552075551330674],[11.13430868838938,42.55213843378725],[11.134353438244855,42.55220063578892],[11.134435011451805,42.55227115772708],[11.134533921413267,42.55231433985919],[11.134632831539625,42.55235752280248],[11.134737215396912,42.55238259223449],[11.134848579332767,42.55234449649905],[11.134885709523635,42.552361814942216],[11.13490854386706,42.55240641469672],[11.134940815493074,42.5524598446943],[11.135005026312763,42.55246765307264],[11.135037886047298,42.552449030054476],[11.135051872518927,42.55241274832829],[11.135096904376836,42.5523938983986],[11.135134034663007,42.55241121675892],[11.135194587385834,42.552401082715875],[11.135223509297722,42.552445569824165],[11.135216528484944,42.55250873583083],[11.135213231743649,42.55267989529229],[11.135261638597262,42.55276004016158],[11.135340170462907,42.55283061723935],[11.135480622457877,42.55288653104645],[11.135586449871319,42.55290932147033],[11.135662986971422,42.552921402277015],[11.135713796924835,42.55289343911563],[11.135764251151473,42.552944278521565],[11.135753460305661,42.552985002468844],[11.135785656212855,42.55303618231876],[11.135832916506676,42.553082579524194],[11.135939883382393,42.55309409270668],[11.135995886813383,42.55312906933401],[11.136038719018336,42.55314166767218],[11.138832068100855,42.55383903712336],[11.139425192462262,42.554221090279306],[11.139095571895604,42.554477418819786],[11.138053950715616,42.55392139764946],[11.13795153053595,42.553864775334446],[11.137925111358511,42.55380448393259],[11.135965049757289,42.55329623975716],[11.135565650920874,42.554084886482954],[11.135440116739106,42.55406471477701],[11.135322282293117,42.554359579558685],[11.135638562485374,42.55443698039829],[11.135578648484767,42.5545551648717],[11.135527298727219,42.55456737884796],[11.135447793218852,42.55455760461617],[11.135183246051447,42.554479238871345],[11.135145040288856,42.554430422208696],[11.1350592197931,42.55441401238841],[11.134977900162365,42.554440291746914],[11.134927087421971,42.55446825463251],[11.134839450031759,42.55448789861504],[11.134706473483211,42.554517392800946],[11.134552808411069,42.55456528199073],[11.134405537459822,42.55462205797195],[11.13440098522339,42.55466716905506],[11.134379708073185,42.5547576171543],[11.134374413706661,42.55487028054145],[11.134345642598264,42.555098197441566],[11.134322780592154,42.555231449094016],[11.134306130990687,42.55527903600601],[11.134388447878438,42.55528200380017],[11.134413305278931,42.55520724817499],[11.134535031235579,42.555204979743934],[11.134736033227528,42.555205735400605],[11.13473925534332,42.555300230467275],[11.134750328301259,42.55544635759126],[11.135067661651922,42.55546520713251],[11.135343081106946,42.555505098117756],[11.135489767060708,42.555520373830646],[11.135462891860271,42.555714485945984],[11.135454169671094,42.55554805326517],[11.135264572001367,42.55552457224698],[11.135023241435942,42.55550205614663],[11.134742349496136,42.555480275984465],[11.13473506111139,42.555534442419095],[11.134749382001866,42.55559721225118],[11.134746978057825,42.55570531914304],[11.134762526485073,42.5558040861875],[11.134762552025828,42.55589413729797],[11.134762577571909,42.55598418840711],[11.13498869509387,42.55600698952353],[11.135171592616455,42.55601258539817],[11.13538249426853,42.55603566938397],[11.13560495490146,42.556040526061636],[11.135818898776645,42.556063552518275],[11.135835343007031,42.55609926686706],[11.135761998699033,42.556091629283706],[11.135587923591052,42.55607686460939],[11.135398631241848,42.556062383376336],[11.135154255339494,42.556039924337874],[11.134977442957245,42.556034215008985],[11.134779328065385,42.55602890245059],[11.134811320314917,42.55616338399061],[11.13485783835415,42.55627733296551],[11.134913818977767,42.55649016236734],[11.135076182521518,42.556518653348334],[11.135299105347611,42.55653701077045],[11.135525070312616,42.55655531103764],[11.13596209382927,42.55660119256346],[11.13597534030064,42.55663246389875],[11.135568903687258,42.556590513852875],[11.135342938616121,42.55657221457534],[11.135120015654815,42.55655385724174],[11.134918243271763,42.556530602615005],[11.134953585064766,42.556674026916674],[11.134995628576638,42.556835335876556],[11.135057159674984,42.55703230344317],[11.135179196047602,42.55703903287497],[11.135346881477325,42.55704491203789],[11.13550878739306,42.55705990395904],[11.135834414516507,42.557053832276424],[11.13600210000857,42.55705971047753],[11.136133266325567,42.5570662695269],[11.136134187560012,42.557093267184214],[11.136076672551578,42.5571033450805],[11.135948549428308,42.55709672921546],[11.13578055683174,42.55708185231685],[11.13560404849631,42.55708514354475],[11.13544244948664,42.557079151283446],[11.135226072882217,42.557074179983324],[11.135082426590051,42.557058847286356],[11.135098282908185,42.55716661376933],[11.135130276520204,42.55730109516721],[11.135175671214123,42.55747134681806],[11.135212496412674,42.557479665570085],[11.135346706853973,42.557486168768925],[11.135501606331895,42.55747427557987],[11.135687859693922,42.55748881329023],[11.136031748730662,42.55748240052029],[11.13624508346337,42.55748742702573],[11.136262142534179,42.557541139426625],[11.136130975212371,42.55753458054776],[11.135932548515193,42.557520271474395],[11.135637044863618,42.557516776524835],[11.135384147269507,42.55751248648818],[11.135222777384735,42.557513243583756],[11.135257558184602,42.55755086748326],[11.135277122528555,42.55758877414813],[11.13538573528407,42.55773758623007],[11.135444812617086,42.55786255733654],[11.135509412786936,42.557881613803026],[11.135561531560855,42.557891898606684],[11.135695742907634,42.55789840137558],[11.13585064331725,42.557886507694],[11.136033854660893,42.55790110156232],[11.13638078919005,42.55789463093941],[11.136591082024998,42.5578997135329],[11.136611184826021,42.557953369098584],[11.136480016618078,42.557946810639976],[11.136281588554747,42.55793250220317],[11.135983039664119,42.55792906495258],[11.135730140410026,42.55792477571785],[11.135514221390958,42.557933304309465],[11.135548924635334,42.557968678251214],[11.135817787092957,42.55817303511745],[11.13608609109586,42.558539494354164],[11.136338233378119,42.558789188011936],[11.136379945702942,42.55885144669135],[11.136466925718695,42.558901604423085],[11.13649723390639,42.55898658798915],[11.136542080614367,42.55902421733272],[11.136703211218526,42.559133708617715],[11.136784059056149,42.55918851734258],[11.136845909008239,42.55924521223682],[11.136956447398312,42.5592759272073],[11.137007177821078,42.559301522747745],[11.137227536971825,42.559503609537494],[11.137331268145704,42.55958980728909],[11.137540903782691,42.55976407195641],[11.137793410894615,42.559934959651066],[11.137919015945858,42.560008908493394],[11.138126148497028,42.56013120091413],[11.138523086043422,42.56043463230134],[11.138881072923487,42.560662082134584],[11.139033044794624,42.56074254162508],[11.140269454969996,42.56118771205295],[11.14034927608212,42.56120648223299],[11.140471399140521,42.56121545657543],[11.140569980067514,42.5612399266304],[11.140622989620137,42.56128466451504],[11.140853940174116,42.5613591428382],[11.1410750694524,42.56141354340274],[11.141277706124841,42.561461534436454],[11.141375328070705,42.56146646324686],[11.141492749159692,42.56151604797463],[11.141634749139401,42.56157192602333],[11.141801147533556,42.56161984898727],[11.14203174236864,42.56169282589617],[11.142263159256991,42.56178080049284],[11.142557979886417,42.56185185822252],[11.142812773617651,42.56191015529601],[11.14309140972773,42.561953787314884],[11.143336827412707,42.56200616030839],[11.143574679656915,42.56201521689745],[11.143709516775958,42.5620397089878],[11.144144732510986,42.562031561487416],[11.144341864550377,42.562007610041036],[11.144520946299657,42.56201248068553],[11.14467481538091,42.56203953298247],[11.144817487555773,42.562068233785844],[11.144901730873267,42.56208512502459],[11.145189083044771,42.562113764281705],[11.145441687919359,42.562108920258034],[11.14548388738367,42.56211184984197],[11.145679837626496,42.56212663443446],[11.145860790904107,42.56216376699384],[11.14611030678488,42.56227165646074],[11.146248123501575,42.56234960242532],[11.146338451520394,42.56240074795833],[11.146388484316532,42.56242922324647],[11.146421735532924,42.56244814597177],[11.146651043533279,42.56256316687373],[11.146863898797934,42.56264247477297],[11.147205585807463,42.56274863411614],[11.147722066074117,42.56288978622672],[11.148020142605237,42.56296749478341],[11.148179640414094,42.5630005234225],[11.148362249814333,42.56299709830096],[11.148534308185884,42.56304114828154],[11.148684675826026,42.56307434748572],[11.148848376465487,42.56314106686324],[11.149032038165771,42.563256938444674],[11.149205333825861,42.56333698511963],[11.149415229742013,42.563418595081444],[11.149618496955487,42.563484569911374],[11.149827314139188,42.56352797125332],[11.149931100679302,42.56354173814256],[11.150076479539598,42.56360891673541],[11.15011207405432,42.56361610650096],[11.150244628636703,42.5636425275117],[11.150334145176144,42.56366018924246],[11.150408492638082,42.56366696652047],[11.150581585943756,42.563682613992654],[11.150815473637422,42.56366471425202],[11.151009896361693,42.563608576075424],[11.151089823289476,42.56358519227003],[11.151323771497896,42.56356736689977],[11.151466353177804,42.56355118081819],[11.151618761539313,42.56355507172399],[11.151722473097296,42.56355987729121],[11.15180885281182,42.563592024076264],[11.151990595905966,42.563606619893136],[11.152169421607132,42.56362104240841],[11.152471773397387,42.56365160847103],[11.15263277099495,42.56363957745375],[11.152699264849549,42.563624819858894],[11.152775005495394,42.563609726329595],[11.152870110170491,42.56361451972958],[11.153057157937104,42.56361127654095],[11.153166121139014,42.563593589674134],[11.153298225640768,42.56357102535842],[11.153431569057297,42.56354867623531],[11.153482095186018,42.56354031494505],[11.1535578493546,42.56352328632095],[11.153664022123088,42.56349914336982],[11.153914220213162,42.563442136077626],[11.154055055304891,42.56339738801826],[11.154140161451291,42.56337034761457],[11.154335311372275,42.56329913878218],[11.154419877766106,42.563268281101266],[11.15457125790167,42.56321698176383],[11.154700106449,42.563170932912286],[11.154801832457471,42.56312826956203],[11.154916245758933,42.56309009696168],[11.155055316914975,42.563060464619696],[11.155143432997383,42.563042960107005],[11.155254946993342,42.56302068192083],[11.155368736195651,42.56298849017909],[11.155441871386707,42.562967538289904],[11.155674894043939,42.5629227327819],[11.156177068515364,42.56291327922998],[11.15628890331376,42.562888661644315],[11.156421653743006,42.56285239272105],[11.156505862968583,42.562821540226686],[11.156581718036563,42.56281335804304],[11.156684730826884,42.5627979105096],[11.156787200856348,42.56276671395509],[11.156918942805458,42.562701197355864],[11.15701065502943,42.56262292664604],[11.157145104550594,42.56256882875461],[11.157262971648002,42.562521368310705],[11.157474248691338,42.56237780945466],[11.157552189814206,42.5623380690355],[11.157688174158674,42.562268734465924],[11.157876123230107,42.56219498071104],[11.15801665859063,42.56212220015798],[11.158107922628497,42.56208095120448],[11.158172324298086,42.562051389241326],[11.158229630266392,42.561941003946565],[11.158373496959431,42.56187233860786],[11.158329346021794,42.56182950335995],[11.158322546359573,42.56177757857213],[11.158309500544298,42.56168204299703],[11.158256513043074,42.56158575260117],[11.15815407932848,42.56140722069892],[11.157907257695355,42.56096372329456],[11.15797394797798,42.56092948333099],[11.158020582609009,42.560906658922136],[11.157888180742836,42.56078060295256],[11.157708503443393,42.560603885208984],[11.157615809911157,42.56052469870544],[11.157379023700098,42.56032192708054],[11.15713648902081,42.56009623864399],[11.157096831237311,42.560059298652305],[11.157024251684076,42.5599147790022],[11.156980785870827,42.55982636023437],[11.157088015659202,42.5598344527549],[11.157226061090558,42.56003664257842],[11.157419091195196,42.560159079100885],[11.157581765804238,42.56028433843437],[11.157724616081358,42.5602495644281],[11.15789498656091,42.560184370783624],[11.157999815967662,42.56026694040718],[11.158128326782654,42.560238018415255],[11.158423429874997,42.559964553724015],[11.158690347012682,42.559756907432316],[11.158957650375214,42.559560509776695],[11.159053268145477,42.55941912717917],[11.159121704215162,42.55927820107799],[11.15916076392383,42.55918071524229],[11.159213861977703,42.559145194496644],[11.15925616230645,42.5591158108365],[11.159303461869525,42.55908339360385],[11.159443669233958,42.55899527886684],[11.159555572845852,42.558885118809364],[11.159624593906415,42.55876674037911],[11.159635292318178,42.5587237638018],[11.159618301940363,42.55865074375283],[11.159603607248304,42.55858480625482],[11.159614866233056,42.55853488147745],[11.159640786327193,42.558423910244166],[11.15985035649946,42.55824918864079],[11.15999130888523,42.558097946008],[11.160072482220473,42.55797934802856],[11.160169571465516,42.55788071068726],[11.160369886497135,42.55777116605811],[11.160431869043135,42.557700219878164],[11.160492819224773,42.55762922379765],[11.160560390891145,42.5574762452086],[11.160557053096172,42.55738712394192],[11.160616056353303,42.55740848707414],[11.160732874109849,42.5574378376866],[11.160821440501474,42.55742592518193],[11.160913955585968,42.557400488794045],[11.160947623519778,42.55739120946171],[11.161145458136206,42.55721618099299],[11.161257372269509,42.557106007358236],[11.161310084326676,42.55702661492238],[11.161346657933793,42.55697318831719],[11.161422375315224,42.55685780363893],[11.161547470872254,42.556769764378394],[11.161607447853124,42.55674102151559],[11.161662227647344,42.55671588784992],[11.16177308949287,42.556688026997946],[11.161806175996924,42.55667952653427],[11.161897752951955,42.55667148085759],[11.161948707548207,42.55666746628911],[11.162250769838051,42.55659647629814],[11.162506486605299,42.55650609967705],[11.162619449419287,42.55641774890704],[11.162873099533165,42.556276299485084],[11.162953456342134,42.5562033552025],[11.163058507284877,42.55610860570495],[11.163127016356656,42.55604636443958],[11.163144811069595,42.55602317128237],[11.163241074185745,42.55589679730723],[11.163299352566673,42.55582032007791],[11.163366721012387,42.55573178421582],[11.163415636407684,42.55566730494597],[11.163442444269016,42.555642378188],[11.163533290032188,42.55555845340579],[11.163612820375693,42.55548596192418],[11.163726756074928,42.555431601750655],[11.163910759085159,42.55537419321429],[11.164010881429009,42.555275496207365],[11.164098038189854,42.555185173115994],[11.164155733718053,42.555125533642624],[11.164178646328617,42.55510129266842],[11.164247944062126,42.554965174892594],[11.16429772492989,42.55486612310182],[11.164326711295796,42.55481026521359],[11.164366759327248,42.55469552017656],[11.164399480889324,42.55460315110089],[11.16443195403806,42.5545091306465],[11.164452879929495,42.554433634239466],[11.164474564995013,42.554357726350396],[11.16450094027075,42.554261938114514],[11.164521348622362,42.55418733038417],[11.164509020876897,42.55406433660738],[11.164498305798382,42.553962797043134],[11.164481642119737,42.553897902333574],[11.164460972785957,42.55381600128523],[11.164485277938466,42.553715018322684],[11.16450024156972,42.5535691712977],[11.164524164105005,42.553471534696165],[11.164525168429515,42.553440480968945],[11.164527306023524,42.553361845567046],[11.164530476843067,42.55322568859769],[11.164425719443143,42.55307716914057],[11.164266200263393,42.55305990550006],[11.164175387697531,42.552987329130666],[11.164172432539646,42.55290183611141],[11.164236918602542,42.552766681829716],[11.164238655577911,42.55269797506456],[11.164238880332217,42.5526657527779],[11.164239511449878,42.55256702723428],[11.164239667376162,42.552484963154726],[11.164240441740793,42.552388020640485],[11.16423999577406,42.55232392077515],[11.164160284422293,42.552258267667526],[11.164090430810797,42.55220323363521],[11.164130164173946,42.55203138516213],[11.164123886962315,42.55184977444171],[11.164087214882901,42.55166973848738],[11.164101498565731,42.551496835465485],[11.164108761268317,42.55140267543478],[11.164117618597672,42.55130454277883],[11.164120861168076,42.55127104055402],[11.164139559657684,42.551069906423194],[11.164226154333765,42.550954996905794],[11.164262766127578,42.550907459847906],[11.164406060466174,42.55087064567172],[11.164507537697085,42.55088059782897],[11.16460725247689,42.550858451606494],[11.164735529499652,42.55078173494003],[11.164862986724309,42.55068233771772],[11.164919836083222,42.55068107228952],[11.164963195764045,42.55068087498569],[11.16509942183934,42.55082663610866],[11.165188356285327,42.5509330169285],[11.16528969446477,42.550976345338704],[11.165379862314742,42.55101543174768],[11.165654532227405,42.55103001417482],[11.166028808169004,42.55102293682152],[11.166349400116024,42.55104839196671],[11.16659135281847,42.55100104055867],[11.166817402962563,42.550921717410326],[11.166877100657613,42.550900971022706],[11.166924296992068,42.55088057098066],[11.167033335196932,42.55083325131611],[11.167108385311911,42.55082433539316],[11.167159902043222,42.550818199756186],[11.167248471275803,42.55080850474159],[11.167404466005365,42.55076026469739],[11.16751377299223,42.55072684808149],[11.167622197807507,42.55069374072679],[11.16769337893076,42.55068709672074],[11.167763122335808,42.55068082478169],[11.16791081780275,42.55066848291497],[11.168306897780642,42.550509473179],[11.168351636494588,42.550418373017926],[11.1682531060926,42.55043080323582],[11.168018063873149,42.550432039390586],[11.167959587204253,42.550416829655106],[11.167891864899936,42.55039559838014],[11.167826559353413,42.550356293735064],[11.167880953621093,42.55017000933147],[11.168134612070745,42.55023668618546],[11.168303067864787,42.5500762468975],[11.168634902901184,42.54976261025191],[11.169018742973929,42.54952661437644],[11.169536726657778,42.54913082509212],[11.169938031975176,42.54871580073034],[11.170338590498739,42.54827934492512],[11.170750041738241,42.547878421269836],[11.171338845414027,42.5472954386351],[11.17176836642284,42.54685842964632],[11.172577106594364,42.545928177657224],[11.173172561819246,42.54525928713445],[11.173822246658087,42.544482146953044],[11.175298407332807,42.54273150839204],[11.17586037578367,42.54221334278292],[11.176471357772908,42.541436922649694],[11.17677523020798,42.541002281334066],[11.177221507295576,42.54049345505991],[11.177700703330688,42.539819602254425],[11.178189820498254,42.539283636226166],[11.17837532603681,42.538993139000986],[11.178725908338507,42.538517905341884],[11.178970296168995,42.53818370757712],[11.179423199256995,42.53754925932331],[11.179761083333396,42.53704055920725],[11.180121136978252,42.53652289463219],[11.180310117860419,42.53621828887651],[11.180412287492015,42.53605374159252],[11.180510060942696,42.53589629929967],[11.180549561422959,42.53584681540723],[11.180790352811194,42.53554660134433],[11.180883001826109,42.53540975945166],[11.181145457085375,42.53492569064349],[11.181235637237531,42.53478251074689],[11.181337564059378,42.53462070483946],[11.181400208731922,42.534521303225425],[11.181492519363271,42.53439167777952],[11.181521823770906,42.53434543601188],[11.181624321478411,42.534183735138626],[11.1817180890916,42.534035834411],[11.181851232717289,42.53386690913135],[11.181956598337454,42.53372110343213],[11.18200007944647,42.53356149719251],[11.182013688455543,42.53351303101516],[11.182079113649424,42.53339224440494],[11.182168855985822,42.5332264418906],[11.182258663182294,42.5330605570205],[11.182288248444042,42.5330057718184],[11.182360150378916,42.53289785172665],[11.18243246125125,42.532789304235635],[11.18254215198206,42.5326248917662],[11.182645131080944,42.53246884238825],[11.182751004513058,42.532308301771835],[11.182770716927786,42.53227823129517],[11.182860908276835,42.532149491603874],[11.182927090862865,42.532054547753965],[11.182972753443574,42.5319913422365],[11.183136500257081,42.531764774890256],[11.183282191157428,42.53149615832158],[11.183379763690631,42.531328980866924],[11.183422944532571,42.531254962132614],[11.18348105211973,42.53116726442193],[11.183534961717337,42.531085900858514],[11.183578781426016,42.53101998722409],[11.183631932158024,42.530921048111615],[11.183687636893447,42.53081762879615],[11.183718652958012,42.53075438791648],[11.183793655311618,42.530601486871205],[11.1838913324614,42.53042086392454],[11.183948589811646,42.5303138073689],[11.183963334336106,42.530270034446836],[11.184117140977227,42.52985786140526],[11.184326660684665,42.52941199335804],[11.184474778230346,42.529098688067755],[11.18455356728614,42.528931718309536],[11.184632973165948,42.528763349920105],[11.184684042089215,42.528655329476535],[11.184771478978789,42.52848307603206],[11.184830977449572,42.528365833644905],[11.184958420732734,42.52811454953921],[11.184985906028164,42.52804862274212],[11.185033237259505,42.52793515501001],[11.185095509748075,42.52782252969069],[11.18519930064575,42.527634816179585],[11.185224855332825,42.52759380588784],[11.18538954057851,42.527329513208514],[11.185487689660457,42.527138531896064],[11.185577658915783,42.526963464879756],[11.185668625172465,42.52680090508494],[11.18569226372282,42.52675866150667],[11.185728280647364,42.526683681730916],[11.185749017166392,42.52664051104264],[11.185915172455504,42.52643022110786],[11.185995345007974,42.526317456305456],[11.186039961079992,42.5262545027442],[11.18609705406225,42.526156028424836],[11.186123438422989,42.52611060032097],[11.186172210881836,42.526026921916255],[11.186215462816644,42.52594591985819],[11.186245464883893,42.52588990453053],[11.186308252466294,42.525772094276746],[11.186360568740621,42.52567429003287],[11.186481075420586,42.525377069248904],[11.186512399467489,42.52531408375475],[11.186642984915604,42.525045289126616],[11.186752209334264,42.52486310052852],[11.18681483723581,42.524758632531764],[11.186858700601856,42.524685465735445],[11.187024827835511,42.52440763611459],[11.18727154526866,42.52399814851519],[11.1872946076125,42.523949639829745],[11.187388608434086,42.52375734653097],[11.187440487383316,42.5236522675695],[11.187520442132257,42.52350787033722],[11.187543534679119,42.52346623654266],[11.187672400122523,42.52323359996728],[11.187796133468485,42.52295699129434],[11.187872192809522,42.52278806312047],[11.187898642179363,42.522729610837246],[11.187928304118403,42.522665191531104],[11.187964290061995,42.52258747491529],[11.18800296406688,42.52250236854994],[11.188142491671709,42.52222729576205],[11.188197037340156,42.52213395069365],[11.188323851817715,42.5219179240294],[11.188407359331846,42.521756989449706],[11.188440895986231,42.52169220690917],[11.18852704797541,42.521525335872546],[11.188560424687042,42.52146072114791],[11.188621440176792,42.521360910746886],[11.188845385765088,42.520997511454176],[11.188891307544868,42.52092301406697],[11.18902982945932,42.52070649362082],[11.189153222095108,42.520492513464646],[11.189235056166991,42.52030859367716],[11.18922145313088,42.52018052948117],[11.189294635277555,42.52001028380457],[11.189384672792613,42.519886992677435],[11.18952035997247,42.519587546745065],[11.18953193669661,42.519562377260876],[11.189548242708453,42.519532360792404],[11.189628961881084,42.51938224618663],[11.189622414024328,42.51920030460848],[11.189664871752742,42.519116195152364],[11.189722717046982,42.51902502676734],[11.189748559078346,42.518958165718196],[11.189778181406005,42.51888201550129],[11.189812911106591,42.51878602358244],[11.18984227471387,42.518705259490325],[11.189876532831232,42.51860546103263],[11.1899281949465,42.51845381247973],[11.189943985322161,42.51842574014181],[11.190102960799495,42.51814651533741],[11.190149316025487,42.51799254032226],[11.190149530552306,42.51795972731553],[11.190149884635193,42.51790676324612],[11.190150795079662,42.51777411710035],[11.190207898656093,42.51764470104215],[11.190267844715347,42.517630753831185],[11.1902876657412,42.517605935423305],[11.190348841581127,42.51753155278947],[11.190392124719033,42.51744408901264],[11.190422861216486,42.51738161072832],[11.190442927955448,42.51732007219998],[11.19049387877327,42.51715917685184],[11.190508791613883,42.51705504107117],[11.190516190110541,42.517006123431045],[11.190545679851125,42.51687965317198],[11.19055375585664,42.51684507427499],[11.19061520336695,42.51666608195102],[11.190644618303388,42.51649672367813],[11.190654448293103,42.51645360935038],[11.19066494244689,42.51640734668365],[11.19068512160647,42.51632044080275],[11.190733135548678,42.51620317261084],[11.190770890358529,42.516125517590304],[11.190791581195905,42.51608227567746],[11.190828655221365,42.516002943367525],[11.190859615513185,42.51591196348774],[11.190908688639828,42.51576706118743],[11.190956791042506,42.51558585555832],[11.1909861666833,42.515475283457086],[11.190993203518893,42.51544595106099],[11.191038839398908,42.51525882747448],[11.191052818926636,42.51519938731932],[11.191123009439295,42.51494139978188],[11.191143853009324,42.51475414252024],[11.191185800130762,42.514474179291774],[11.191215870896936,42.51437679825519],[11.191188053790647,42.51427156700931],[11.19121433176772,42.51417276454717],[11.19123399808894,42.51409755360214],[11.191271042463631,42.51397050814408],[11.19127976016726,42.51394107513036],[11.191303340920504,42.513853951853726],[11.191320186179588,42.513791715628145],[11.191388433081219,42.51356925846201],[11.191433808347304,42.51329875800088],[11.191469618652333,42.51310446125225],[11.191487734377048,42.512926262247696],[11.191466415770163,42.512753143807046],[11.191443649325635,42.51262270025112],[11.191438712034778,42.51248144246099],[11.191495521354762,42.512365539231894],[11.191543359945427,42.51225431024009],[11.19155822349163,42.51219828680036],[11.191589163484599,42.51208458675298],[11.19161252035039,42.5119693234788],[11.19159954410831,42.51185925798242],[11.191602690377076,42.5116880983882],[11.191632418774526,42.51149391790838],[11.19162441214672,42.51143576551475],[11.191607880822769,42.51131428359505],[11.191618061917138,42.51126230844815],[11.191623374050884,42.511235190974766],[11.1916940999644,42.51108560007533],[11.191717328693116,42.51096323765257],[11.191730619768093,42.510821151089026],[11.191722290790997,42.510721879550346],[11.191714968661739,42.5106345927839],[11.191673130408876,42.51048230441325],[11.19171647993017,42.510359904612315],[11.191728520917577,42.51032590532525],[11.191743148783349,42.51022206561392],[11.191739877187878,42.5101065661417],[11.19177171386113,42.5100031274857],[11.191782264014106,42.50990872137365],[11.19179709129392,42.50977702359797],[11.19184252798303,42.50958304494504],[11.191886043559002,42.50934807766637],[11.191871781880867,42.50911421502345],[11.1918948705049,42.508900785691445],[11.191904002816928,42.508816454778525],[11.191918084937631,42.50855053037314],[11.191947201799533,42.50831133681554],[11.191955245119196,42.5081941493402],[11.191962151298442,42.50809544175189],[11.191974421448966,42.507920726882965],[11.19198135311133,42.507771982742234],[11.191988936570613,42.50759376533784],[11.19199355775936,42.507486411364205],[11.192001363125687,42.50730813657412],[11.192019547132372,42.506900587634334],[11.192043294628315,42.50653542184484],[11.192065889856986,42.50622430979843],[11.192069613605987,42.50604069279582],[11.192070320744195,42.50600785859711],[11.192074078649442,42.50582936224139],[11.192074855004194,42.50579147475125],[11.192076862474476,42.50569019980248],[11.192078339155884,42.50562297409365],[11.19201293623309,42.50560062908626],[11.191772467311477,42.5055770465152],[11.191770894764618,42.50553205106817],[11.191911471320484,42.505549623152234],[11.192069808846677,42.50554668964891],[11.192100121611654,42.505462714313445],[11.192097919714325,42.505399720340094],[11.192096032352417,42.505345724733786],[11.192046228697293,42.50513955797308],[11.19203026833884,42.505053384710024],[11.191998549203136,42.504882309464804],[11.191990003500758,42.50483670811698],[11.191913831957596,42.50483366302092],[11.191926754746616,42.50476812830767],[11.192093734273454,42.50474508090029],[11.192088679594976,42.5046022781127],[11.192062578948388,42.504438284278365],[11.192035453088831,42.5042656721788],[11.19202810354738,42.504218879053425],[11.192017195972019,42.50403866771292],[11.191991807935977,42.50398784949255],[11.191986544807769,42.50395426321849],[11.191920400364532,42.50395254184038],[11.191837321862232,42.50395036458384],[11.191835277598448,42.50389187021854],[11.191905615367801,42.50389040728529],[11.191973884682346,42.50385319686927],[11.191955348283638,42.50360140525928],[11.191944921670784,42.50345977325877],[11.191948126372292,42.50315128345184],[11.191948407557588,42.50312426220033],[11.19189522370684,42.50287639253805],[11.19188297727227,42.50281932890278],[11.191869853597106,42.50270251213398],[11.191865311490737,42.5026620752341],[11.191845468773076,42.50244433594778],[11.191835634122565,42.502413377522416],[11.191817381504277,42.502355571493545],[11.191805706227626,42.50231906049976],[11.191796668176542,42.5022936575018],[11.191781509075145,42.502251552436775],[11.191873334728339,42.502108100797],[11.19184085998382,42.50196238797955],[11.191890180974923,42.501891781126076],[11.191919724390784,42.50180129078181],[11.192070835010309,42.50134565095842],[11.192081872474807,42.50130280058537],[11.192142999678387,42.501114872771616],[11.192148818560439,42.50102020674194],[11.192174686627764,42.50089588983222],[11.192182682834364,42.50085746521429],[11.192211902754279,42.50067246771812],[11.192211356074262,42.5005462356704],[11.192199928448588,42.50039336616774],[11.192168083000158,42.50026565105016],[11.192199247147663,42.50019976718494],[11.192255808970927,42.500077114177344],[11.192296538394539,42.49993675354999],[11.192283840123979,42.49983558884495],[11.192220399125658,42.49976241110265],[11.192165803576104,42.499680156914735],[11.192112981420669,42.499623710357795],[11.192037883330466,42.49954596296404],[11.192019633847181,42.49952395472973],[11.19193193364875,42.49943023527589],[11.191899019727424,42.49941358480437],[11.191820438017789,42.499373834224805],[11.191553914099915,42.49914704981625],[11.191547748140701,42.49897094764288],[11.191658942365736,42.49894922838641],[11.191630979411153,42.498828122535286],[11.191546482204801,42.498586597893535],[11.191466624167072,42.49847781165869],[11.191137565498394,42.49846384431577],[11.191147447757753,42.49839836778791],[11.191324098848302,42.49840399402292],[11.191463008676239,42.49837432081025],[11.191533591744813,42.49821763002921],[11.1915185793961,42.497787917876934],[11.191494078622702,42.49743493225017],[11.191368410362209,42.497146917220846],[11.191337252317195,42.49695164980624],[11.191365246256929,42.49670797302336],[11.191374553188593,42.496538947422906],[11.191330472256947,42.49640921471884],[11.191183605428055,42.49612385716622],[11.191152628953352,42.496020889623196],[11.191331689423137,42.49574730727494],[11.19148862636666,42.49553718498343],[11.19151205833055,42.495424171355154],[11.19149337468659,42.49523767058791],[11.19146481382852,42.49485549435622],[11.191376787003342,42.494512729097096],[11.19127810362247,42.494482046437476],[11.191286051653664,42.494440189946566],[11.191513665059984,42.49442457915073],[11.191513247292947,42.49432552971719],[11.191528476768232,42.494151888093235],[11.19140581105481,42.49342706188474],[11.19136368241486,42.492743470967966],[11.191341837971834,42.492118025532875],[11.191243444856617,42.49147828500591],[11.191093907388638,42.490506328884834],[11.191072429479132,42.49006548318972],[11.191047707194205,42.48944459423083],[11.190958104004963,42.48870787887245],[11.1907773091231,42.48797290732832],[11.190706634133415,42.4871682906671],[11.190656121890072,42.48685407246597],[11.190483246498468,42.486258530243944],[11.190407116701238,42.48573317952956],[11.190436211653196,42.485521000120464],[11.190352210205301,42.485292972525954],[11.190384821188568,42.48509197713069],[11.190367966837863,42.485002324579774],[11.1903579161394,42.48495080822731],[11.190310122301799,42.484609398458744],[11.19024601127433,42.48452527813326],[11.19014436785041,42.48439193904434],[11.19010485781169,42.48427562707989],[11.19005623042555,42.484132472547714],[11.190056735598874,42.48397261941271],[11.19003936966569,42.483826616797],[11.190017995732667,42.48364691995453],[11.189985778307154,42.483377379016495],[11.189979334842176,42.48332347028566],[11.189954402720707,42.48304478473547],[11.189936185482098,42.48292806474102],[11.189868065429126,42.482491650782684],[11.189821856926885,42.48220983098275],[11.189757530260547,42.48201196106388],[11.189687566992928,42.48160452346149],[11.1896593845809,42.481442823179066],[11.189653917923517,42.48141159815596],[11.189597161360853,42.48126949836488],[11.189568145860887,42.48119700627703],[11.189545219982573,42.4810926855528],[11.189506322631157,42.480915400978596],[11.189495328601112,42.48086515338226],[11.1894214951221,42.48068659132516],[11.189358901660793,42.4805346979945],[11.189280971828888,42.48023901435024],[11.189246730265076,42.4801090924343],[11.189220568585958,42.47988221067841],[11.189197817753499,42.47979034087711],[11.189117911157865,42.479467678886515],[11.189091360196107,42.47934211350977],[11.189037784981794,42.47908873864112],[11.188985908465169,42.4788938658881],[11.188957287922252,42.478786349761464],[11.18885556315813,42.478491120392285],[11.18884416384593,42.47844711844399],[11.18872198703513,42.47799838318456],[11.188695233670062,42.4778998366278],[11.188621839555708,42.47762657905514],[11.18861917262472,42.477550084729685],[11.188615878226276,42.47745559263775],[11.188545738775659,42.47710122577238],[11.188392796548296,42.47665388466055],[11.18830867820523,42.47640784676785],[11.188347089941809,42.47627625750834],[11.188357580009603,42.47624031587877],[11.188262880572765,42.47601540663778],[11.188195491634637,42.475853407401864],[11.188185275667438,42.47574832483125],[11.188145769684708,42.47566514613769],[11.188004920391432,42.4753712907906],[11.187984693323818,42.47531089112708],[11.187896298266773,42.47504692478865],[11.187864506511707,42.47486292446755],[11.187808678140094,42.474539801435775],[11.187756830674806,42.47441471782714],[11.18771238912474,42.47430750342943],[11.187613269197415,42.473967196306646],[11.187584576933258,42.473868686441904],[11.187497579769508,42.47351914237215],[11.187456389401282,42.47335364630049],[11.18742898579207,42.47324354082771],[11.18739071277929,42.47307091983427],[11.187291299274225,42.47262255575571],[11.187219723075112,42.47229973297432],[11.187202224045494,42.4722464961288],[11.187143980800368,42.47207278391462],[11.187085715029998,42.47189865965076],[11.187035441756457,42.47174839549958],[11.186900592743479,42.471344513898266],[11.186826849364575,42.471154560875725],[11.186766130483713,42.47099820754779],[11.186701889812896,42.47083275487209],[11.186528352958357,42.47038580473614],[11.18649971885312,42.47031205720172],[11.186377988770765,42.469938411163234],[11.186240952254614,42.469517779037425],[11.186232987506154,42.469490915013694],[11.186111655284058,42.4690810478706],[11.18610320443985,42.46905251631718],[11.186051129599727,42.468877264693376],[11.185998958026053,42.46870191582724],[11.185946636429685,42.468526685963035],[11.185933761187785,42.468483669074],[11.185921457769163,42.46845015991731],[11.185742688520595,42.46795811941926],[11.185618134483063,42.46769453733796],[11.185536979830816,42.46752257602813],[11.185411633474935,42.467257145608066],[11.185199923071979,42.46680904461735],[11.185141959680625,42.46668632852673],[11.18504995596174,42.466361642319136],[11.184924062480928,42.4659156222624],[11.18497211494987,42.46594718629675],[11.184884912796768,42.465778108944875],[11.184834774121693,42.46560311961193],[11.184812153422731,42.465524281453966],[11.184795079347637,42.4654819163253],[11.184726162881876,42.46531000554663],[11.184657419014144,42.46513814996407],[11.184609199309651,42.46501780257611],[11.184539757158964,42.46484581884434],[11.184469968609614,42.46467376062138],[11.184396692198922,42.464492750898394],[11.184350346109463,42.464378019417744],[11.184321873074706,42.46431213435159],[11.184248045753362,42.46414103280108],[11.18417427223829,42.46396992746964],[11.184158699480792,42.46393384455806],[11.184081392851956,42.46375457923158],[11.184048881336938,42.46367914976514],[11.183856393675143,42.46323255532368],[11.18369855604409,42.46286634821559],[11.183660453373205,42.46278602632653],[11.183448772517615,42.46233979784462],[11.183422126558327,42.46228362599773],[11.183237095970531,42.4618935679474],[11.183075165622677,42.461552201687795],[11.18303183264658,42.461447215415795],[11.182847439672583,42.461000464833454],[11.182762246848576,42.46079405534342],[11.18266305068889,42.460553714738786],[11.182478663202088,42.46010696337825],[11.182467599740919,42.46008015807382],[11.182262790365622,42.45966081141375],[11.182103445445136,42.4593345467865],[11.182044911700523,42.45921469720362],[11.181827035061524,42.45876858339922],[11.181763850596163,42.458639209909926],[11.181576000619208,42.45832309962656],[11.18145304943955,42.458116198610234],[11.181353757779032,42.45794910903223],[11.181317731237975,42.45787775301004],[11.181092566598887,42.45743177554013],[11.180961973302972,42.45717310895602],[11.180858697459195,42.456985964180284],[11.18080218463842,42.456883555735025],[11.180778016565494,42.45683976794033],[11.180611632804393,42.45653832051508],[11.180409652429885,42.45609398234058],[11.180377260802738,42.45602266578154],[11.180206816185017,42.4556476734737],[11.180146744472815,42.45551553366117],[11.180072091353402,42.45535074947734],[11.179963709588787,42.45520203590234],[11.179928195936581,42.455153182145644],[11.17980727976206,42.454997890751265],[11.179679530990304,42.45475717827399],[11.179560062442057,42.45453206750386],[11.179525343935882,42.45445440834357],[11.179500162260362,42.45439803383191],[11.179461306785978,42.45431129489528],[11.179415307088732,42.45420860916855],[11.179176318108745,42.45386645133968],[11.17905061784864,42.453686485344726],[11.178948478920328,42.45342052104405],[11.178892029409443,42.453274374019124],[11.178831422888884,42.45316993331683],[11.178735783110536,42.453005173569196],[11.178681857842113,42.452912262270914],[11.178614807557667,42.45279661613216],[11.178582838075908,42.45274756756112],[11.178477471620486,42.45258590487293],[11.178372048477797,42.452424204436525],[11.178321494092321,42.45234676582249],[11.17827814282344,42.452280562211286],[11.178217236604338,42.45218453516939],[11.178114374409741,42.45202209237865],[11.178073819091752,42.45195784823031],[11.177985355668472,42.45181733611549],[11.177848629799987,42.45164030784033],[11.177622692360902,42.45134742799482],[11.177562551873894,42.45119596429322],[11.177462865873808,42.45094485399118],[11.177285843060766,42.45075047476057],[11.177175224391416,42.45062875396713],[11.17697962676542,42.4503060287832],[11.176911590900408,42.45019250486127],[11.176677445736571,42.449861506177214],[11.176444063801675,42.44953049248978],[11.176384262655622,42.44941681090317],[11.176280537753382,42.449219631922105],[11.17615493581485,42.44898025315044],[11.176055103367004,42.44882197616497],[11.17596391814808,42.44867714647747],[11.175817073216228,42.44845501170348],[11.175778178400064,42.448417796300646],[11.175697852663692,42.448340106841535],[11.175634007486266,42.44826980396533],[11.175511180911041,42.44813662973726],[11.175469979215428,42.44808338073687],[11.175120061874846,42.44763142931761],[11.175004802701228,42.447493037230984],[11.17480897391746,42.44725843729328],[11.174777694687844,42.447195993407746],[11.174639172037658,42.44691945879603],[11.174509572375092,42.44675081825724],[11.174353511449995,42.44654665824586],[11.17425625811166,42.44638511213398],[11.174192150775953,42.446277707640924],[11.174171502291419,42.44624411858887],[11.17399042544389,42.44600422484797],[11.173868794029538,42.44586244758192],[11.173733334805966,42.44570482281124],[11.173485625119731,42.44541945270127],[11.173439442568064,42.44536629652302],[11.173351091321747,42.44517858489909],[11.173198374206072,42.44499684443606],[11.172791341916254,42.4444777540421],[11.172385484144492,42.44399240914199],[11.172095442056271,42.44369172791688],[11.171908133161901,42.44346114157326],[11.171703849222386,42.44317909482047],[11.17110805532218,42.44247446471454],[11.17068344692576,42.442061511920166],[11.170140160751004,42.441468448185006],[11.169736207384732,42.441037089766006],[11.169310762597034,42.44059938364527],[11.169058443920509,42.44033400085902],[11.168618053916056,42.4399033281545],[11.16841482055244,42.43970861396971],[11.167426764149793,42.43876196314835],[11.167015207189044,42.43837351335931],[11.166782182661821,42.43816870266217],[11.16652627759443,42.437943780131654],[11.166126634776141,42.43763615030556],[11.165806652841368,42.43743507708401],[11.165523182006732,42.437323365920975],[11.165291566525712,42.437305229814754],[11.165060414859346,42.437300592565286],[11.164935278196854,42.43719714464074],[11.164869882706617,42.43706330117509],[11.164732766973149,42.436876780365196],[11.16453341882746,42.436736461145976],[11.164361157874904,42.43667667844911],[11.164075835386578,42.43651096627319],[11.163974302669379,42.436386810209235],[11.16390619844354,42.436174220112754],[11.163693156313037,42.43598913104525],[11.16305988782856,42.435584430919825],[11.162939975795599,42.43556214953279],[11.16272036065383,42.43553927895353],[11.16252287736707,42.435452953355735],[11.162436227678874,42.43531950868791],[11.162226054561776,42.43521766262238],[11.161759126110587,42.43507338330226],[11.161526746186816,42.435032740462475],[11.161293746602299,42.43497409894135],[11.161158194093268,42.43483257034081],[11.160934252735707,42.43468370413245],[11.160686322219851,42.43454429436605],[11.160490700319002,42.434511962523956],[11.160244627992746,42.43442654915312],[11.160096057075016,42.43434830252081],[11.159930244865716,42.43438744911925],[11.159783838511034,42.43437219907754],[11.159635886512334,42.43431195007856],[11.159343692455497,42.43429944639343],[11.159001743223579,42.434254110166236],[11.158713204772141,42.43425954678883],[11.158441292771233,42.43412959025222],[11.158319803294129,42.434131878841946],[11.158063748500469,42.43410968571375],[11.157687696232085,42.43404472572287],[11.157128750483645,42.43405520793343],[11.156852611722144,42.4340221280519],[11.156904477602898,42.43389507786182],[11.157401891415002,42.433599793310556],[11.15766486863556,42.43338096484911],[11.157651125529783,42.43325648621252],[11.157647212696162,42.43322142801789],[11.157652798830998,42.43302995980612],[11.157531053894722,42.432847643390254],[11.156898220389746,42.43238452749018],[11.156748864219225,42.43210592187763],[11.156795788444702,42.4319677070668],[11.156803896684433,42.4319382877721],[11.15682549159988,42.43185908397371],[11.15691771411299,42.43180106505261],[11.157125654616909,42.43174987203714],[11.157378148530983,42.43166857309649],[11.157507453922964,42.43163005279026],[11.157748248730352,42.43156030212863],[11.157952163766371,42.431477471789],[11.158051045191304,42.43144909931461],[11.158130696983537,42.4314260590381],[11.158305747641752,42.43137607863078],[11.15842153464958,42.431342748702],[11.158642996274594,42.431297005851285],[11.158772349805176,42.431270342430764],[11.158841224371187,42.431256079661175],[11.158913416292446,42.43124117709738],[11.158965547412198,42.43123408915317],[11.159010503378518,42.431227873029755],[11.159170162420152,42.43120588285466],[11.159236286738702,42.431196814661575],[11.15930129370569,42.43118781251456],[11.15939517402873,42.43117494047786],[11.159499875378335,42.43116056673803],[11.159604623347379,42.431150595666836],[11.159747075544097,42.431137124825334],[11.159824977155875,42.431129801976546],[11.159864516376226,42.43112607135549],[11.159921236417336,42.431120649825154],[11.160000746187876,42.4311159432298],[11.160309499053964,42.431097792984325],[11.1604566777334,42.4310950179182],[11.160910677325848,42.4310861548454],[11.161078153982398,42.4310990663086],[11.161095171066828,42.431141457977056],[11.161115003271895,42.431190666768],[11.161151019500736,42.431354335162624],[11.161155349929,42.431480327332864],[11.161177381962666,42.431502425274665],[11.16142874288569,42.43150653612935],[11.161641825272177,42.43148690722812],[11.161848678821068,42.43140420814348],[11.162078512423252,42.43128280209278],[11.162202816203667,42.4311812375925],[11.16224569068218,42.4311457522945],[11.162303068730337,42.43109838620755],[11.16253930464172,42.430898062029335],[11.162805444441913,42.43068366478901],[11.162987782417698,42.43050686966978],[11.163174318689574,42.43036376616348],[11.163287326837962,42.43029184069803],[11.163576269227232,42.43012203816154],[11.163815747855166,42.43001620505922],[11.163981290441667,42.42999202223064],[11.164058251568575,42.42998088156894],[11.164114512444867,42.4299795019587],[11.164170789161757,42.42997801755893],[11.16430977040389,42.429975237488904],[11.16443282981596,42.429954877791616],[11.164518170466076,42.42993990072133],[11.16464170363347,42.42994729100726],[11.164740372062893,42.42995190808809],[11.16479952125316,42.429951024702795],[11.164860473818406,42.42994998293915],[11.164931210530902,42.429948508625884],[11.165110623078997,42.429935460234915],[11.165246514467334,42.429910379699535],[11.165279435391481,42.4298971698186],[11.165411380368388,42.4298442262031],[11.165508756431086,42.42981110738968],[11.165558567257,42.42979416606454],[11.165779262842063,42.42976072799602],[11.165881295092642,42.42974527680824],[11.166136002449505,42.429706705928595],[11.166487046448674,42.4296858177617],[11.166524199422433,42.429683606850105],[11.167096185078158,42.42972351557706],[11.167666576271232,42.42976359209187],[11.16770437107488,42.42977203015048],[11.168067905518624,42.42985702589034],[11.16833464681639,42.42994653678201],[11.168729478840108,42.43009440458327],[11.168877733280665,42.43019740369549],[11.16893622883668,42.43023804184131],[11.168969226159296,42.43026096722953],[11.169335669056593,42.43048816847894],[11.16951354759694,42.430635838193766],[11.169560415194866,42.43067474651842],[11.169648533971516,42.430747901102215],[11.169876761410979,42.43093269075179],[11.170048846040803,42.431076616830495],[11.170158406818258,42.431168248331154],[11.170190703145304,42.43129217318222],[11.170213700570642,42.43138279658209],[11.170233348986914,42.43140421208197],[11.170336956785237,42.431520577820436],[11.170498975059049,42.4317021176103],[11.170681076543866,42.43196326623147],[11.170721619853936,42.43202330797596],[11.17082780856392,42.43217444192351],[11.170850474773065,42.432206598508834],[11.170950046971983,42.432312797391084],[11.171070341656554,42.43241565245654],[11.171215968834401,42.43248042171329],[11.171272558559421,42.43250547309082],[11.171314515083642,42.432524178280644],[11.17140041758383,42.43254220912001],[11.171443886043027,42.43255139842347],[11.171512532918577,42.43256589198644],[11.171545663171406,42.432572891654864],[11.1715864939923,42.43258152663216],[11.171670299307284,42.43259926651819],[11.171729411036434,42.432611871237114],[11.171787487332471,42.43262427311857],[11.171847590875727,42.43263683646311],[11.171902600313112,42.43264864622956],[11.171998974240719,42.43267774387374],[11.172063319236647,42.432696990653696],[11.172181872733109,42.43273272790851],[11.17221837765497,42.43274376896352],[11.17266906398993,42.432793352635905],[11.172962960836484,42.43282592338986],[11.17328056796678,42.43286112080055],[11.17343344626088,42.43287848396432],[11.17366820102719,42.43282850744306],[11.173691439636427,42.43280652837226],[11.173821232284688,42.432683770077155],[11.173880461898923,42.432597206737036],[11.173920024307515,42.43253792464273],[11.173940100072684,42.432510756286234],[11.17409753850305,42.43241286474606],[11.174156250634079,42.43237530313375],[11.174199025489933,42.43234881707031],[11.17440673939558,42.43221771915173],[11.174667062166344,42.432146477216676],[11.174900592531252,42.43208243787748],[11.17500880801261,42.43206165066061],[11.175070114046052,42.43204940753953],[11.17525071831391,42.432012753500466],[11.175434936322574,42.43199345150125],[11.175702275748304,42.43196547999858],[11.175880567934769,42.43194676169075],[11.17618894859257,42.431859856413],[11.17632537499065,42.43182179560802],[11.176509209540678,42.43174817592262],[11.176557420654914,42.43172822449046],[11.176771206435987,42.431642652596196],[11.176889458896069,42.4316269797984],[11.176951611909413,42.43161840188561],[11.177265791227413,42.431578244012144],[11.177493348043997,42.4315895709909],[11.177789415293201,42.43160431417433],[11.178099758293177,42.43154884571778],[11.17829683442067,42.431513616295845],[11.178683924115978,42.43145174589505],[11.179006429330483,42.431644214363644],[11.179309813056816,42.43194347675168],[11.179409216849342,42.43204178810838],[11.179887992946142,42.43217676642055],[11.179945199101123,42.43218321644224],[11.180366396885752,42.43223070127246],[11.180570523405715,42.43225376435433],[11.180697985902281,42.43222519492635],[11.180874549289916,42.43218385498639],[11.180921016491531,42.43217421907289],[11.181213903699602,42.43212256402803],[11.181368225729738,42.43209456317089],[11.181779398173655,42.432032700188174],[11.182515792612518,42.432234801140034],[11.18267365892139,42.43231734782917],[11.182762424844027,42.43236283425494],[11.182903203012328,42.432435183363864],[11.18298800042423,42.43247721150503],[11.183079154049594,42.43244671243512],[11.1833827091731,42.432344362563924],[11.183881418762814,42.432352867906644],[11.184199773150858,42.43235449909798],[11.184246064151864,42.432355164659576],[11.18459723709116,42.432312205687914],[11.184699042841123,42.43232447054618],[11.184811358480209,42.432338079330044],[11.184987274307229,42.43235957780687],[11.185109333416937,42.432375001485894],[11.185425235357474,42.43238179200053],[11.185535792555784,42.432384359685685],[11.185821410095448,42.432207809712594],[11.186023315502558,42.432125640540576],[11.186193002645576,42.43205663567264],[11.186605436057388,42.43200356379615],[11.18724361107801,42.43187448669631],[11.187841323466857,42.432018760091275],[11.18795225680858,42.43204556797148],[11.188139456206706,42.43209105531664],[11.18839522871247,42.431762444688786],[11.188437595625706,42.431755822501515],[11.188854670006783,42.43169063079451],[11.189045081002854,42.43168228413584],[11.189218803525202,42.43167466847566],[11.189354567929795,42.431609143788435],[11.189529643989191,42.43152464440858],[11.189644205627118,42.4314327245208],[11.18994354750884,42.43119254190194],[11.190243015616158,42.431174233547196],[11.190291487861382,42.4311712699252],[11.190586458961901,42.431153235752035],[11.190989542077062,42.43120856623218],[11.191550392792902,42.43123423347855],[11.191696791308937,42.431211869862416],[11.191900369633649,42.43118250196376],[11.192334219752487,42.431074780128355],[11.192670286093708,42.43095128013877],[11.192715740480372,42.43071115783417],[11.19272161211912,42.430680138074955],[11.192825517153171,42.43017385232339],[11.192693417939495,42.42978464602298],[11.192676512015057,42.42973544351892],[11.192663108863107,42.429699679361086],[11.192606045772093,42.42945762765994],[11.192680341985836,42.42921809796929],[11.192704392243325,42.42914055968425],[11.192784093148642,42.42901989128768],[11.192842946965808,42.42893078587117],[11.192938825901535,42.4288386042756],[11.192995855583899,42.428783786593485],[11.193222317939084,42.428698740204716],[11.193389195462526,42.42856012989218],[11.193590681258751,42.42841218727588],[11.193673503424304,42.42837423694704],[11.193793020770178,42.428319475127296],[11.193877827591217,42.428280614929434],[11.194056587261713,42.42817813359232],[11.194332526008667,42.428073790893215],[11.19439041744214,42.42806329945505],[11.1946103482036,42.428023442895345],[11.19470658551221,42.42799458336309],[11.19499457567841,42.42799641411618],[11.195059165920044,42.42799682200964],[11.195264729985198,42.42796586749242],[11.1954648507953,42.42795302588535],[11.19552908198057,42.42797497318095],[11.195565867377752,42.42798711808576],[11.195602501297088,42.42800063380004],[11.195691214038359,42.42803382157946],[11.195852744115186,42.42809408072092],[11.195930333149985,42.42812235292722],[11.19609884492193,42.42818352253631],[11.196213315188514,42.42822618247632],[11.196293641413009,42.42825572485984],[11.196414738001755,42.42832243164455],[11.196534517194749,42.42838729493682],[11.196758047721438,42.42852259028757],[11.196837384448738,42.42855371459243],[11.197075404715905,42.428647084279355],[11.197149386359415,42.42867717817462],[11.197322289418283,42.42875491632284],[11.197408737303931,42.42879378086524],[11.197454115508162,42.42880965339068],[11.197774846298582,42.42892183879811],[11.198068834760852,42.429007929017686],[11.19820776939852,42.429048611914254],[11.198586551470163,42.42910438370546],[11.198647916041942,42.429121217854714],[11.198680190930473,42.429109910025964],[11.198842218649691,42.42905335550739],[11.199002017178179,42.42899737125914],[11.199051511551547,42.42897965510715],[11.199110383685627,42.42895997857926],[11.199208528104743,42.42892171486346],[11.19928059410052,42.42889279222384],[11.199547052699046,42.428787401425346],[11.199597929072773,42.42876698030542],[11.199691923672203,42.42872898225401],[11.199741465757263,42.428708158930746],[11.199879596726815,42.42864833710603],[11.1999680061673,42.42861004892584],[11.200137793352257,42.42853651702601],[11.20047575227409,42.42831598333513],[11.200535918187741,42.428276722429956],[11.200549282764038,42.42824269555379],[11.200641949940028,42.428006778416986],[11.20059995835521,42.427791457439874],[11.200586397886278,42.42772192613426],[11.200448956234604,42.42754322698732],[11.200362362362506,42.4274309907391],[11.200204343248716,42.42722496607061],[11.200192560330484,42.4271965308857],[11.20010808866237,42.42699267608834],[11.200144825551217,42.42673982248605],[11.200226437724051,42.42655364575344],[11.200237582510583,42.42615029918836],[11.200082357506176,42.425649127518916],[11.199957089872393,42.42528231447617],[11.199944734006662,42.4249290928165],[11.20011689564128,42.4247254189683],[11.200232182943363,42.42467163670884],[11.200288018757158,42.42464558803581],[11.200346372088468,42.4246183653157],[11.200720861492726,42.42444366018307],[11.200944779577158,42.4243514647263],[11.201191165007494,42.42425001732991],[11.201345448333036,42.42417501102783],[11.201545776006233,42.42407755370683],[11.201614503689502,42.42404355887104],[11.201657258871695,42.4240226958285],[11.201814147867465,42.423961460302664],[11.202148470447982,42.42382864639664],[11.202272054044204,42.42379025044555],[11.202288619733894,42.42374265373596],[11.20230254262813,42.42370636456015],[11.202344311250771,42.42359749792343],[11.202496858183835,42.42344147582289],[11.20259056460194,42.423340615196956],[11.20264494789442,42.423249516734565],[11.202693894794798,42.4231675281486],[11.202724525935585,42.42310946236799],[11.202785077875134,42.42299467453412],[11.202888722161681,42.422830585758675],[11.202896295540556,42.42279441858302],[11.202930373889274,42.42263166812112],[11.202986061820573,42.42248651205066],[11.202967569136797,42.422392311878],[11.20297950025859,42.422342552820524],[11.203039155702893,42.42209376021484],[11.20305968193571,42.42189074599738],[11.20308203483767,42.42166968586034],[11.203107300877914,42.421439564304876],[11.203128107643636,42.42125005185417],[11.203158103997655,42.42098832133887],[11.203169999417979,42.420884531470186],[11.203157863827302,42.42053805980255],[11.203149190658703,42.42029057549056],[11.20316030770417,42.42008600138097],[11.203165092415464,42.420031301558474],[11.203170819019372,42.41995373243156],[11.20318027329571,42.41979017474215],[11.20320687048058,42.419636148325736],[11.20327331984334,42.419247978021836],[11.203288007390693,42.4191858492268],[11.203347690008357,42.41893144907628],[11.203515993496879,42.418728626798185],[11.203637747418014,42.41858189451607],[11.203674217711383,42.41853794107983],[11.203819503177069,42.418348294677145],[11.203929646056588,42.418201588187415],[11.203999486691883,42.41810844737114],[11.204327576807538,42.41775993353319],[11.204624905050887,42.41757410691387],[11.204862865307124,42.4173354886164],[11.204984827613037,42.417096112343955],[11.205053138675098,42.41696249763181],[11.205360081284365,42.4167044408847],[11.205625457061846,42.416648666666276],[11.205830589702318,42.416605329969066],[11.206141253848072,42.41656183687586],[11.206278068451047,42.41654268216263],[11.206468349483208,42.41642424249631],[11.206668831772335,42.416297705616294],[11.206705793765188,42.41626395116402],[11.206727246898488,42.41623841293434],[11.206904083306108,42.416026328574056],[11.207204763414296,42.41612333352515],[11.2072728566686,42.416145298962775],[11.207343964484835,42.41618130603889],[11.207384214736729,42.4162016888167],[11.207441402351352,42.41622668744049],[11.207691036716827,42.416200279332095],[11.207954057626559,42.416271100667004],[11.208135797955075,42.41632003505505],[11.20829686401279,42.416386721909035],[11.208416364249329,42.41643619978018],[11.208568917710847,42.41647599720236],[11.20864941332525,42.416496996022346],[11.208954780263566,42.416540639080424],[11.209024094811658,42.416544018900964],[11.209086798168878,42.41655021065061],[11.209177332336399,42.41655717876389],[11.209272487310983,42.416564632254534],[11.20930817342327,42.416567015013264],[11.209398331856084,42.41656259116438],[11.20968958394453,42.41655320868486],[11.209924067349574,42.41654220975365],[11.210248239064676,42.41651569484036],[11.210379007379307,42.41650190831204],[11.210514562465596,42.41648579234676],[11.210791686762917,42.416417408800164],[11.210939279272177,42.41636490520805],[11.210979437551973,42.416350198061814],[11.211065454786885,42.41631755515258],[11.211229598683461,42.41633645527567],[11.211348525030727,42.416352464491275],[11.211479626733997,42.4163681962665],[11.211641316682345,42.41639012664844],[11.21174231449075,42.41641066541682],[11.211782087892459,42.416416541848754],[11.211839274756874,42.41642649656806],[11.211892086139247,42.4164321924215],[11.211959279154087,42.41644215203802],[11.21190545204266,42.41594510537246],[11.211899543500252,42.41589053686214],[11.211878205712617,42.415691772802916],[11.21182452713562,42.415202018444155],[11.211819116697463,42.415151934001464],[11.211811033652047,42.415077094879415],[11.211753526678429,42.41454467561775],[11.211722057843776,42.41425191056965],[11.21167163282925,42.41378278763116],[11.211659168207268,42.41366681804157],[11.211654052216842,42.41361998424782],[11.211643274404034,42.4135189472687],[11.211603466442773,42.413148569758064],[11.211421618044419,42.41287709153841],[11.211036106060329,42.41230626376874],[11.210682870138031,42.41177808827996],[11.210603078752692,42.41165498121121],[11.21042288819559,42.41138346392336],[11.210390744167336,42.41133477132172],[11.210370965047918,42.41130485509454],[11.210239698819782,42.411108003079406],[11.210218988879904,42.41101850971554],[11.21020124046116,42.410948007452845],[11.210186202660596,42.41088963090997],[11.20991294899988,42.409824466658186],[11.209884947488373,42.40971919408511],[11.20987769032709,42.409685563775085],[11.209817967307666,42.40945697326326],[11.209765290338305,42.40925322332258],[11.209752946934112,42.40916115954751],[11.209898122750161,42.40895894398893],[11.209964376717714,42.40886666022723],[11.21005118819652,42.40874341466824],[11.210249867259092,42.40855677176367],[11.211236688376045,42.40936365596637],[11.212459717223439,42.41013108748438],[11.215135979699602,42.411261177680295],[11.218343657801972,42.41250481564097],[11.221663772000465,42.41365087887237],[11.227234250815478,42.41514388166413],[11.2305144334092,42.415880649197995],[11.234241669038019,42.416802082964736],[11.234537214496543,42.41687081842709],[11.234764215689038,42.4169316811314],[11.237202191800097,42.41739290334155],[11.237854519460663,42.417537755979765],[11.238099502482603,42.41759150589864],[11.238435495069748,42.417641225101924],[11.23863445387758,42.417682364030014],[11.238878878776697,42.4177203637653],[11.2389973481376,42.4177178722996],[11.23905491249061,42.41771707611072],[11.239251575599546,42.417755674280784],[11.239360578459939,42.41777673910554],[11.239588877188972,42.417819955922766],[11.23970647891693,42.41784197351051],[11.239823011747497,42.417862948336946],[11.239899037521212,42.417876550647236],[11.240033725357492,42.41790068964698],[11.240132238867814,42.41792202814378],[11.240362969314615,42.417972033652795],[11.240468757838178,42.41799513424739],[11.240505680410797,42.417999931654734],[11.240742532016586,42.41803137458718],[11.240806132927831,42.41803977732763],[11.241043467883639,42.41807103097607],[11.241155451484847,42.41808577074432],[11.241279646732163,42.41810714803688],[11.241354215775228,42.41811999710659],[11.241393970315462,42.418127250428284],[11.241627931152191,42.41816993995631],[11.241709085870273,42.41818478431952],[11.241936808516606,42.41826842744304],[11.242290303536434,42.418297530732524],[11.242479838112471,42.418329842908484],[11.242715157299845,42.418368012640535],[11.242910283611568,42.41838670568614],[11.243166376229306,42.41841095977562],[11.243253714079493,42.41842354951647],[11.243296798829169,42.41842977069844],[11.243343600683176,42.41843644770216],[11.243533783085432,42.41848931642413],[11.243800028535711,42.41854263686177],[11.244017692962391,42.41859690904864],[11.24427354714232,42.41861441039274],[11.244724367264695,42.41864610336602],[11.245068193020675,42.4186596280866],[11.245282355459763,42.418697637934976],[11.245431519866246,42.418724090333164],[11.245646878810307,42.418756997017944],[11.245865889156702,42.41879052063582],[11.245906574620975,42.41879260576606],[11.246147315096575,42.41880454747421],[11.246289020472904,42.41881185006202],[11.24652968204034,42.4188522404873],[11.246633683261319,42.41886953492711],[11.24698864350762,42.41891915691866],[11.24735286048601,42.418993061140505],[11.247767971601855,42.4190457036908],[11.248002815035909,42.41907036379786],[11.248356315369657,42.41909944821424],[11.248611125705718,42.41908769377177],[11.24879819213281,42.419135803296484],[11.248997323807814,42.41918142344777],[11.249200757516002,42.41917743015774],[11.24939037827531,42.419211980511456],[11.24956801466407,42.41925126763134],[11.24981220869292,42.419282494461555],[11.250057662554081,42.419264194405564],[11.250167619896352,42.419297532401195],[11.250322582884987,42.41930825822359],[11.250529627439866,42.419321816063544],[11.2505703171979,42.419324381236656],[11.250756049083884,42.419335812376765],[11.250810555462829,42.419337255043345],[11.25099061796628,42.41934244748728],[11.251090568028564,42.41934541516779],[11.251240297026001,42.419374763922605],[11.25136187862422,42.41939884718928],[11.251503737385246,42.4194271219095],[11.251830961803575,42.41948597935997],[11.252104232578393,42.41948060835374],[11.252350981517989,42.419498270584036],[11.25265638844865,42.41954179605705],[11.252910016257802,42.41958183526025],[11.253265752803202,42.41958834799811],[11.253596472981068,42.419575089594204],[11.253899869991967,42.41956231909452],[11.253960437274035,42.419568935289185],[11.254181975289505,42.419593566173845],[11.254226329526297,42.4195984975054],[11.254501411908151,42.41964508843076],[11.254982282727761,42.41966714337166],[11.255286966029741,42.4196904139779],[11.255560237042232,42.41968503471243],[11.25582544892904,42.41970908000768],[11.25606333245868,42.4197336636953],[11.256357293199754,42.419712115744915],[11.256550654664254,42.41968108361192],[11.256612145813722,42.41968267952621],[11.256656128753773,42.419683826868855],[11.25669664192921,42.41968487863694],[11.256896340220983,42.419746525016],[11.257143334546365,42.41977092699518],[11.257385434458037,42.419743644014034],[11.257631135739317,42.41973204895077],[11.257835369643912,42.4197326082715],[11.257998504324839,42.4197332621608],[11.258075460756386,42.41973358173117],[11.258120386400021,42.41973383461053],[11.258165098169412,42.41974055483848],[11.258288440236635,42.419759618769774],[11.258434184725683,42.41975674608785],[11.258609727396237,42.41973752643588],[11.258768425151871,42.419756911399304],[11.258953398763403,42.419746510664396],[11.259455079521771,42.41973682666668],[11.259522973494574,42.41978480836365],[11.259633332161616,42.419811899412835],[11.25980968279619,42.41981517539892],[11.2600032804414,42.41979109482753],[11.260151252819258,42.41976566260278],[11.260229644219338,42.41974672326308],[11.26034358750382,42.41971909385893],[11.260510718280957,42.419706791264126],[11.260660333550419,42.4197265752242],[11.260719797002938,42.41973333028894],[11.260873901458192,42.41975140532794],[11.261079071905241,42.41972439206989],[11.261254948492377,42.41970116609425],[11.261290581157137,42.41970043944001],[11.261421941432351,42.41969778110076],[11.261708894924599,42.41973492589935],[11.261884111504186,42.419706702302086],[11.262127261701373,42.41970865599637],[11.2624797183165,42.41970844991986],[11.26280355399728,42.419672787449755],[11.263273699633757,42.419649993437524],[11.263779955977457,42.419617478672315],[11.264295986025582,42.41958756288363],[11.264504134355498,42.41957553260333],[11.264744446415659,42.419561628859206],[11.264834387054321,42.41955642000025],[11.265199011723354,42.419535400381534],[11.265314257003139,42.41951271125687],[11.265491670982113,42.41947783416653],[11.265707324330577,42.41948930318679],[11.266030151799473,42.419496452216876],[11.2661882834166,42.41950007869909],[11.266460821982887,42.41947442583484],[11.266616466217384,42.419445182730776],[11.266675122088348,42.419434441551786],[11.266715214639206,42.41943464798831],[11.26677552354409,42.41943503980289],[11.26684536855065,42.41943560223297],[11.266912178597956,42.419436229170046],[11.267124476362463,42.41942527462261],[11.267351632540825,42.4194050202895],[11.267603291653982,42.41933461690292],[11.267658034029884,42.41932745936099],[11.267806943935119,42.41930815836393],[11.267957109535605,42.41934350746559],[11.268121070056315,42.41934026187906],[11.26835733328779,42.419319825271614],[11.268611327495268,42.419285529966174],[11.268737553608831,42.41924700918745],[11.268970943432516,42.41923113089166],[11.269234370458,42.41920565186637],[11.269645926174967,42.419159227336436],[11.270062579565447,42.4190856842508],[11.27026904753268,42.41908159339928],[11.270474458612156,42.41904825660027],[11.270639553234563,42.41899187672708],[11.27067849038706,42.418978702897135],[11.270833147330453,42.41893977486238],[11.270999442457478,42.41894554728328],[11.271243999604376,42.4189024269339],[11.271418560311686,42.41885619194427],[11.271642187703646,42.418822491023654],[11.27185565087724,42.41875972378805],[11.272078952644843,42.41871702401359],[11.272270501742478,42.41863252477304],[11.272429046653372,42.41865154621479],[11.272626890470617,42.418661130198416],[11.272947433625498,42.41861875035038],[11.27325732274712,42.418533806433665],[11.27341228090289,42.418449683656824],[11.273577729815743,42.41840362617613],[11.273772048743803,42.41839977008989],[11.274182293789819,42.418317333850574],[11.274588282444737,42.418201211448284],[11.27505458535045,42.41807263331901],[11.275258689463486,42.41800329156806],[11.275472633089016,42.41795401700081],[11.275657110369934,42.417930091115984],[11.275847788161506,42.41780944669833],[11.276086659944164,42.41772885769701],[11.276175458610117,42.41769904107296],[11.276216577420746,42.41768515112415],[11.276399284667043,42.41763635579257],[11.276508359753473,42.41760706451236],[11.276621618583793,42.41757181130054],[11.276778358204366,42.41752296129496],[11.276933682351507,42.41743870582153],[11.27708773365679,42.417415289518594],[11.277380432548172,42.41735778403157],[11.27772790495688,42.417220300205926],[11.27799717480304,42.417086599889174],[11.27803526597789,42.41706775980295],[11.278145221978262,42.4170226036246],[11.278352896896623,42.416937244988546],[11.278403496251999,42.416916357685594],[11.27851985770684,42.4168555953642],[11.278586652590752,42.41685426703844],[11.278780091716268,42.41674235656894],[11.2787708828958,42.41648814014968],[11.278883566662403,42.41641160567471],[11.279025491315968,42.41621967204903],[11.279116615671574,42.4160512612478],[11.27916721020927,42.4158543900796],[11.27915231492419,42.415694842150394],[11.27917346613824,42.41544002271081],[11.279181739230458,42.415165196470745],[11.279137563249018,42.41495219971057],[11.279154699077164,42.41467044403795],[11.279108711224813,42.414491252493434],[11.279124176013147,42.4143311015206],[11.279221228362795,42.41407477131229],[11.27921118192707,42.413881357687394],[11.279130962667143,42.41376363325475],[11.278959255333659,42.413636471793666],[11.278819212734957,42.41354470175115],[11.278701481974581,42.41348175523281],[11.278649483429364,42.413388233947856],[11.278684611941786,42.4133515138818],[11.278752565008018,42.41329838250533],[11.278832316216045,42.413319308878314],[11.278945075886309,42.41324502416099],[11.278981609129932,42.41316325015121],[11.279008057573797,42.413054660631666],[11.279005123874422,42.41297367161845],[11.279076113444475,42.41292047875192],[11.279067759642336,42.41285760827616],[11.27912695050548,42.41273035671857],[11.279168904440462,42.41263046409307],[11.279227442911111,42.41248521473119],[11.279260390640808,42.41230445385099],[11.279258108655624,42.412241461699274],[11.279304400842651,42.41217750417567],[11.279350368110267,42.41210454683242],[11.279364345737536,42.411987199938984],[11.279355013790195,42.411897332842344],[11.279387533028705,42.411788622451006],[11.279428832737384,42.411670732006556],[11.279446498118338,42.4115713224616],[11.279432072331891,42.411508572797324],[11.27946925724356,42.41144479548213],[11.279500369059818,42.41138113987697],[11.279501122825462,42.41131808732732],[11.279519440063094,42.411236675528315],[11.27955326283134,42.41116396060868],[11.279562146220131,42.41107373112258],[11.279526469105583,42.41101140336037],[11.279509659530376,42.41096671185611],[11.279509435278584,42.410876663564146],[11.279540874000968,42.410822005905224],[11.279535229975867,42.4107500761685],[11.279488387575672,42.41071498661878],[11.279480033751568,42.41065211615357],[11.27948111357108,42.410598062476446],[11.27945281260865,42.410571609405075],[11.279398492741558,42.41058169540396],[11.279355339655947,42.4105645440366],[11.27937159897727,42.41051018838856],[11.279427649445084,42.41046404651011],[11.279458762076358,42.41040039089259],[11.279468053047568,42.410321410002815],[11.279426223251818,42.410256953261495],[11.279427669955538,42.41004530017019],[11.279503646424258,42.40971059280993],[11.279459372118863,42.40957864625311],[11.279605274088796,42.40949694660672],[11.279780861890643,42.40947994503441],[11.279821527379923,42.40926075755399],[11.279835014690526,42.40912991316504],[11.27989385610648,42.40907696149687],[11.280045501920595,42.40898614253254],[11.280128077131609,42.4088336603135],[11.280134106321645,42.4086646914856],[11.280260548368405,42.408632907778795],[11.280327335661202,42.408631578621545],[11.280373868798879,42.40857436897644],[11.280322605914476,42.40850109581495],[11.280341247530137,42.40842868277072],[11.280393709455751,42.408283553682416],[11.280380851888998,42.40818024873876],[11.28029458486771,42.407979346604534],[11.280322089065393,42.407900003154325],[11.280460490248174,42.40794677730049],[11.280559182251961,42.40798758851578],[11.280714675616652,42.40791920460548],[11.280672357076346,42.40784125087132],[11.280759089091898,42.407803502996565],[11.280878360295361,42.40790919232141],[11.28100515286371,42.40813855470096],[11.281106048642007,42.408240106903115],[11.281332423600771,42.40819957843961],[11.281603763688727,42.408142395664775],[11.281710504689734,42.4081537772579],[11.281782446978378,42.40821087948862],[11.281886086834234,42.408136772582104],[11.28204263970284,42.40809763411861],[11.282018877344123,42.407945017029284],[11.281874502447424,42.40781731542679],[11.281860663664514,42.40768701498826],[11.281945518327822,42.40759752273646],[11.281930030588242,42.40750552705847],[11.28192897006464,42.40747628163211],[11.281964354213,42.407363010723984],[11.281982504118933,42.40727709824825],[11.282061677517072,42.40728227542849],[11.282169901456351,42.40725085246397],[11.282274110489459,42.40719249416296],[11.282370191318554,42.407161312882295],[11.282415825207236,42.40707935645511],[11.282491896392301,42.40699904503075],[11.28263876767793,42.40694433832308],[11.282695385078995,42.406913942943504],[11.282693834580934,42.406871199231055],[11.282761532535133,42.40681131562004],[11.282866965657192,42.40678670162638],[11.282964433034447,42.4067937650413],[11.283036049556332,42.40684186761905],[11.283183067593596,42.406874958735344],[11.283410400454645,42.40694472285489],[11.28359024012926,42.406961399961396],[11.283668009138081,42.4070116308623],[11.283717641685653,42.407039908184615],[11.283777539297004,42.40701620182003],[11.283799307454009,42.40686267758269],[11.28376181896427,42.406834157345],[11.283748124986708,42.406791655686774],[11.283794572018946,42.406732195027246],[11.28387950432102,42.40664495204026],[11.28394021675746,42.40664374187017],[11.284046137805168,42.4066326251194],[11.28408323368359,42.406566597622636],[11.284121962589886,42.40654556350207],[11.284192271908049,42.40655766994037],[11.284194640002953,42.40662291075245],[11.28423516544914,42.406651370305276],[11.284311874108104,42.40667235356181],[11.284380876969024,42.40664846535681],[11.284477773770174,42.40663977946435],[11.284596654156953,42.406650917243645],[11.284705270417458,42.40671403952969],[11.284833094662957,42.40672049603969],[11.284970611035288,42.406659218866906],[11.284995808298504,42.406600182386974],[11.284955527614185,42.40657847224955],[11.284896298953209,42.40653687787089],[11.284912633066334,42.406484772177805],[11.28499049861348,42.406453951943426],[11.285078858619528,42.40646119518012],[11.28517755228756,42.40650200238571],[11.285289449615087,42.406571812706005],[11.285410781040152,42.40665044011135],[11.285517273729058,42.40665506999139],[11.28565257191407,42.406616349666635],[11.285738480791096,42.406556101931606],[11.285688030604081,42.406505327476616],[11.285725451522298,42.406448298337274],[11.285819159630243,42.40635187348564],[11.285954059142844,42.40621860529724],[11.286047439667554,42.40611318142567],[11.28621260125436,42.40606035656734],[11.28643985367261,42.40612786403831],[11.28655177408854,42.40603107516254],[11.286577634726045,42.40590673618],[11.286537435715877,42.405887276309684],[11.286449402138352,42.40588903305021],[11.286437924855129,42.405823974059906],[11.286484615054336,42.40577126148702],[11.286523506157792,42.4057547269044],[11.286645082682767,42.40584010214565],[11.286711866715757,42.405838769339375],[11.286760190457095,42.40583105089411],[11.286758637225667,42.40578830639491],[11.286809670768001,42.40577152847952],[11.286910243497786,42.405864076657146],[11.287037248540257,42.40584803364307],[11.287115848065113,42.40583745939433],[11.287184266145356,42.405881120534076],[11.287390933663259,42.40588374900398],[11.287502014463438,42.40593106004376],[11.287572979091683,42.4059611620583],[11.287699738778976,42.40593836918211],[11.287737239314161,42.40588358914106],[11.287791225289158,42.40586450049819],[11.288032747773574,42.40599025476324],[11.288051115986676,42.40607768939805],[11.288184683206683,42.406075022120696],[11.28839298624176,42.406122642049624],[11.288637309534648,42.4061582863239],[11.288793181835606,42.40626773808769],[11.28889984573704,42.40619356534799],[11.289127762553289,42.40619576619062],[11.289386290029883,42.40612080935145],[11.289422560286596,42.40603228322373],[11.289413951858611,42.40596266454012],[11.289550397900152,42.40587213672801],[11.289723680332802,42.40579212844459],[11.289745673440851,42.405728652277816],[11.289875467395683,42.40570579635989],[11.289860227968019,42.40545395245513],[11.289740858065061,42.405429322768946],[11.289668501589356,42.405360977102106],[11.289569235310639,42.40530442671734],[11.289372085801022,42.40531286870886],[11.289336819390465,42.405178493733914],[11.289359221904304,42.405126266164274],[11.289505836997085,42.40506480176331],[11.289677458955294,42.40518969793344],[11.289855493983312,42.40515687265627],[11.28983671431563,42.405058189821915],[11.289909321764448,42.40504998474952],[11.289992435530065,42.40499654281777],[11.290077683043872,42.40491829431998],[11.290160959046256,42.404869352607726],[11.290286978637512,42.404826309590916],[11.290285504938621,42.40478581489493],[11.290229555833777,42.40475091264581],[11.290164990020273,42.40472968974517],[11.290172786865373,42.40469351243658],[11.290233089017953,42.40468105042691],[11.29027361459895,42.40470950784089],[11.290373782363403,42.404790804360985],[11.290426047176155,42.40472447160584],[11.29034630466648,42.40470355218314],[11.290289290056041,42.40463940381657],[11.290317517087479,42.404580304709796],[11.290380199670665,42.40454978430608],[11.290484062785431,42.40456571885108],[11.29055535350159,42.40460481787167],[11.290628119397926,42.40468441060871],[11.290748634619629,42.404740535263734],[11.290759706682673,42.40479434610806],[11.290802362908488,42.404881294720724],[11.29084477357905,42.40496149420027],[11.290757806124171,42.4049925003764],[11.29077100736162,42.40510480263267],[11.290886185074681,42.40526459465999],[11.290998326595352,42.405424448173534],[11.291159212628505,42.405421231196264],[11.291259632205634,42.40542597717857],[11.291340774507924,42.4054018411357],[11.2914628528884,42.405417410519455],[11.291553510294971,42.405404340742905],[11.291558757692219,42.4054650211156],[11.291566958827296,42.40552339197293],[11.291624471614348,42.405517739040015],[11.291638011224288,42.40547244141683],[11.29167862433008,42.40541984918456],[11.291730885019719,42.40543681375722],[11.29177165875248,42.40547201969376],[11.291768045312981,42.40553963130866],[11.291791506659463,42.405599948262996],[11.291793636763517,42.40565843963172],[11.291746705406265,42.40570440515276],[11.291635125958562,42.40572689889683],[11.291654072527821,42.40583008075868],[11.291612884478603,42.40586692509014],[11.291550284373223,42.405899695857755],[11.291558485574772,42.405958066710426],[11.291593924348344,42.40601364057422],[11.291632486452649,42.40598810457524],[11.291691474319288,42.40602294624753],[11.29172396511856,42.4059975316485],[11.291772370202217,42.40599206080326],[11.291797802291464,42.40602307089813],[11.291807810429331,42.406047635471175],[11.291892970914068,42.40605043476],[11.291942196550837,42.406067459940935],[11.292017509983037,42.40613349365894],[11.2920669803546,42.40615726881394],[11.292191851346306,42.406166026624255],[11.292260027344057,42.40620293553142],[11.292361844849893,42.40616262575256],[11.29241607322243,42.40623358372643],[11.292472026062498,42.40626848481402],[11.292542418408356,42.406282835797334],[11.292632091366231,42.40632606838587],[11.292660804300587,42.40636376576109],[11.29270937470649,42.40636279389296],[11.292774188912558,42.40639076439524],[11.292827102370008,42.40650902573958],[11.292858849579616,42.406629961957314],[11.29292481170089,42.40668942727195],[11.293032616314903,42.40673004535522],[11.293122866540033,42.40670572577645],[11.293229687507711,42.40671934727017],[11.293337328351793,42.40675546476091],[11.293331910714546,42.406856882628055],[11.29333239829776,42.40703697922294],[11.293336170909358,42.407140464482005],[11.293264790134534,42.40718241639134],[11.293195296088776,42.407276111329146],[11.293213262007182,42.40735229733773],[11.293144012437958,42.407452741371735],[11.293225156539076,42.40742860395637],[11.293305969251888,42.407478767353524],[11.2933541284243,42.40754984543445],[11.293353716355266,42.407621895676556],[11.293331808361959,42.40768762304441],[11.293234748746103,42.40769181701157],[11.293400145754104,42.407978926784814],[11.293612312671883,42.4081322719121],[11.293914240683051,42.408247799085096],[11.2942322516328,42.40830446858337],[11.294668245702422,42.40834751861791],[11.295235925583519,42.40833614743083],[11.295729925465064,42.40830373722069],[11.296232294345637,42.408250896002805],[11.296522654959164,42.40821580922265],[11.297032652865761,42.40820558614098],[11.29757575857829,42.408174406930335],[11.297723725059157,42.408162462322785],[11.298194949749297,42.40815217770369],[11.29836118473028,42.408147876112835],[11.298424648833961,42.408141459197275],[11.298805230328396,42.408100232417624],[11.299066238530543,42.40807249471252],[11.299410219905656,42.40802922395947],[11.299951451855284,42.40796184973846],[11.300015782767387,42.40795339193894],[11.300088292408503,42.40794378743726],[11.301084874107033,42.407863121887694],[11.301681092576109,42.40780161704636],[11.302287559448425,42.407688123277985],[11.30260079954523,42.40761428950284],[11.303101189276724,42.40759072355167],[11.303643832303957,42.407559552790524],[11.30409720311522,42.407496405506876],[11.304882188837375,42.40736354772239],[11.305388962535108,42.407265550977705],[11.3058195969467,42.407162330250785],[11.306334659800825,42.40703721308869],[11.306603515200692,42.407018267797405],[11.306849462848486,42.40699101727281],[11.307267402268584,42.406943452146535],[11.307381109536749,42.4069303703598],[11.307626732997875,42.40690125698502],[11.307667218896878,42.40689663412599],[11.307846320844792,42.40687593463785],[11.308412945134524,42.40680393048438],[11.308482497526631,42.40677390567905],[11.308522600492065,42.40675669534471],[11.308709013915948,42.40667639384975],[11.308925349489884,42.40661124935387],[11.309079076576966,42.40659919021023],[11.30938880605428,42.40657489306574],[11.309684613755818,42.40654385334504],[11.31028985093841,42.40648034156695],[11.310689969591916,42.406438781349124],[11.310810991712911,42.40642047412613],[11.31089315651261,42.40640820690283],[11.311498973982587,42.40631663076385],[11.311674956451835,42.406290150955726],[11.31197152615425,42.406236889962805],[11.312102744950227,42.40621332362469],[11.312706325406943,42.40610492012228],[11.312776493421838,42.40609231825436],[11.313310516270118,42.40601314571205],[11.313356593449395,42.40600631421303],[11.313930364177176,42.40586669471752],[11.31426613595044,42.40579208137953],[11.314535164321333,42.405780331777656],[11.314686200048529,42.40577183156651],[11.31473673366728,42.40576912038787],[11.314954460749659,42.40575791449099],[11.315080578222293,42.40574506962469],[11.315450799908223,42.405707361295654],[11.31557217906196,42.405640547113286],[11.315680067373371,42.40558115660743],[11.315682305902424,42.40562663521917],[11.315699519219107,42.40598164659682],[11.315724804906235,42.40650235444814],[11.315726768124156,42.406542957716994],[11.315761832204043,42.40726414579422],[11.315764047835522,42.407307544619755],[11.315780350840436,42.407645840553435],[11.31581529171146,42.408227992013224],[11.31584232205946,42.408678355147536],[11.315884524990292,42.40938203275062],[11.315886960171827,42.40942247606999],[11.31588997056842,42.40947220848431],[11.315937446278237,42.41026320419858],[11.315997437720553,42.4128549820885],[11.31599888334771,42.412909339728245],[11.316000157786828,42.412981528702716],[11.316004046125332,42.41306629122938],[11.316008041909347,42.413181471626146],[11.316013432303006,42.41332166048009],[11.31601484291103,42.41335945079712],[11.316025575535425,42.41344047643509],[11.31603007994705,42.41347399961987],[11.31603681482285,42.41352450231482],[11.316052743764562,42.413653155718485],[11.316060587113649,42.41370207627877],[11.316065306446678,42.41373664964165],[11.316102575529412,42.41379639685021],[11.316120951049317,42.41382697495036],[11.316228981293293,42.41400910970422],[11.316358727021283,42.414228309871994],[11.316389108902678,42.414279423215646],[11.316506472329902,42.414826371604114],[11.316337566134674,42.41518999729396],[11.316262498232295,42.41546167324252],[11.316184664345318,42.415913165098964],[11.316172335221964,42.41598354970657],[11.316114815656647,42.415989215134594],[11.315748035123717,42.41601238827238],[11.315056576570948,42.41605227900805],[11.314896522072807,42.41607690956534],[11.31465771711542,42.41611255943589],[11.314173927089723,42.416170266478595],[11.313400337196294,42.41628494742366],[11.313078295915917,42.416323673133306],[11.31283652738621,42.41635522937909],[11.312710950216147,42.41637145954933],[11.312596704571508,42.41639323779146],[11.312480618437663,42.41641560059107],[11.312438067028019,42.416424329165984],[11.312143807720432,42.41648195297103],[11.312050053430628,42.416505382073396],[11.31196728930537,42.41652616329555],[11.311877795987131,42.41654866968077],[11.311647984930476,42.416605625748836],[11.310673584790052,42.41682625575335],[11.308256673797938,42.41726947602107],[11.307860985253892,42.417342770793745],[11.30781284278619,42.41735165529851],[11.30765380581818,42.41738086868639],[11.307610877933584,42.41738877996486],[11.307541452263182,42.41740154655735],[11.307494754097675,42.417409816493254],[11.30704675613535,42.41749113656859],[11.306702944910503,42.41755336250848],[11.30618734461113,42.417646301805405],[11.306109689616248,42.4176605731665],[11.305023639672985,42.4178586007345],[11.305070888010698,42.41790628713257],[11.3051620492994,42.417999785422126],[11.30587144370113,42.4186989264545],[11.30598230092954,42.41880858849891],[11.308163876357641,42.42096523431101],[11.308357437177413,42.42115626783954],[11.308389783599193,42.421187998426575],[11.308415384381297,42.42121287317209],[11.308560939202344,42.42132866320202],[11.308691554368693,42.42143210068555],[11.30887479085733,42.42154880780047],[11.308959160758063,42.4216024840622],[11.309027461710413,42.42164587041557],[11.309089826424819,42.42168541311747],[11.309158939062888,42.42172931794945],[11.309226599998132,42.42177231364219],[11.309859243037344,42.422119761738564],[11.31004013995441,42.422231560292154],[11.310094167795679,42.42226636802363],[11.310273830143364,42.42237752379892],[11.310429291790813,42.422473878956694],[11.31048310353358,42.42250715995284],[11.31061797559443,42.42259073454391],[11.310885846405354,42.42274891479327],[11.311167549748195,42.42291550732372],[11.311516585952555,42.42312236156619],[11.311813904536915,42.42329779226258],[11.311897985391527,42.423347571947886],[11.312134563378777,42.42348757843654],[11.312384547099356,42.42363526467214],[11.312621742284964,42.42377563410501],[11.312690001295806,42.42381592755582],[11.31277159163497,42.423864314207975],[11.313050276256114,42.42402889534857],[11.313373237433304,42.42421986975302],[11.31359667450392,42.42435195806632],[11.31400823423918,42.42459532928239],[11.314087522107114,42.42464219816049],[11.31463136544487,42.42496371532688],[11.314827637500258,42.42507968473835],[11.314909408819252,42.42512794461558],[11.315482322202199,42.42546652526282],[11.315561111001069,42.42551308350208],[11.3174642093797,42.426637659723376],[11.318309143885664,42.427136116112685],[11.318669635503978,42.42734527933715],[11.3189071656834,42.42744185120619],[11.318962151566813,42.427464309712995],[11.319027375151006,42.42749046748121],[11.319107457973042,42.42750189971513],[11.319348697840574,42.42753542046373],[11.3194153220485,42.427544970860836],[11.319480130486133,42.42755360521623],[11.319573132214762,42.42754166973006],[11.319692834724021,42.42752755910208],[11.31987889629685,42.42750454383882],[11.320084330285882,42.42747853884628],[11.320183188835122,42.42746543154145],[11.320663512668759,42.427400674676704],[11.320781588124529,42.42738461739911],[11.321329570001012,42.42730999971132],[11.321387011792131,42.427302488017254],[11.321568249196215,42.42727846370429],[11.321992033069963,42.42721355377024],[11.322235639607038,42.42718834360827],[11.322596062471062,42.4271396077805],[11.322861003521423,42.42710379678684],[11.323201113130976,42.42705790863356],[11.323805818919844,42.4269763276552],[11.323934824308562,42.426958926980284],[11.324144012253802,42.42693062596005],[11.324410974181308,42.42689458487941],[11.32488572194459,42.42683048357886],[11.325016215135314,42.42681280294946],[11.325621342615271,42.426731052546096],[11.325660401762173,42.42672586780398],[11.326068330719322,42.42667071931854],[11.326225524291663,42.42664950636255],[11.32641306864657,42.426624257590916],[11.326831237692923,42.426567711559834],[11.326960528393357,42.42655034761219],[11.327075134499907,42.42653479917714],[11.327434106719155,42.42647935783286],[11.327840059305316,42.42641602313727],[11.327973793923642,42.42639542309907],[11.328039037309274,42.42638504255196],[11.328502672758242,42.42631350025034],[11.32864283867515,42.42629317306278],[11.329207002654,42.426203837942545],[11.329273501838092,42.42619353832607],[11.329375651624634,42.4261804948627],[11.32968166972852,42.42614150957633],[11.32985088610265,42.42612040018558],[11.33003934533121,42.42609653530799],[11.330215829159016,42.426073951997],[11.330453128407996,42.42604341163701],[11.330710729073374,42.42601044420875],[11.330984200490779,42.425975737671614],[11.331061620097334,42.42596614598754],[11.331237317206057,42.425943739205884],[11.331401820995698,42.4259227567342],[11.331655782090175,42.425890365540916],[11.331869853542464,42.42586316225064],[11.332103876766473,42.42583338126076],[11.3322266596004,42.425817672043095],[11.332273243251864,42.42581056323338],[11.332337629540405,42.42580083706471],[11.332408919613568,42.42578943040569],[11.332570165805281,42.425765356211464],[11.33265407789949,42.42575254514846],[11.332878270228475,42.42571790895017],[11.333119163143364,42.42568149407604],[11.333344657001923,42.4256466674652],[11.333479893904746,42.42562602770648],[11.333538870130253,42.42561723413606],[11.333578949791457,42.42561099119947],[11.333689711461577,42.42559423029634],[11.333808142410698,42.42557594785781],[11.334037754471435,42.425540520892014],[11.334083206733892,42.425534216056754],[11.334276114921055,42.4255044226359],[11.334507601209687,42.42546868008027],[11.334690084590228,42.42544038793991],[11.334748144614471,42.42543141520101],[11.335006041361007,42.42539227875461],[11.335010651501173,42.425425890788425],[11.335278581298349,42.42715168963777],[11.335253505695135,42.427458378640004],[11.33527141405183,42.42772758130394],[11.335281024379933,42.42787205843844],[11.335306872596565,42.428240746602505],[11.335308521446194,42.428478544134876],[11.33530976492829,42.42864592299651],[11.335276552988807,42.42906084059477],[11.335217710580713,42.4294402602419],[11.335267184583437,42.42979045615692],[11.335140579813123,42.43029751402308],[11.335119994445698,42.43033066248022],[11.335054337537215,42.4304357760258],[11.334952969835914,42.43059795453745],[11.33485165194329,42.43076001487349],[11.334750294224433,42.43092219479978],[11.334710777552072,42.43098542577345],[11.334609074473349,42.43114765403449],[11.334508224964871,42.43130947578143],[11.334388343621795,42.43146649906439],[11.334277849503186,42.43161162316265],[11.334012556902653,42.43201329934367],[11.333942522740736,42.432178899100535],[11.33388962808884,42.43230397069016],[11.333809796553265,42.432620085603084],[11.333773044702253,42.43276561254115],[11.333690229863565,42.433154523971275],[11.33355849014518,42.433535427445264],[11.333527758997688,42.43360809581592],[11.333412933860064,42.433871586536725],[11.333205299627528,42.434172987565645],[11.333008476617618,42.434438147745254],[11.332978461521021,42.434518608079344],[11.332943452254808,42.43461289148172],[11.332886874573088,42.434764812144316],[11.332875268188632,42.43510724728694],[11.332864664770144,42.43547667789567],[11.332913130127126,42.435799879186746],[11.332947444349923,42.436069336793715],[11.333007723597232,42.43638329214416],[11.333140559398737,42.43668676456807],[11.333157592720076,42.43714568439086],[11.332996870308222,42.437401103979724],[11.332724350183582,42.437919950708476],[11.332777826513535,42.43837812848402],[11.332686120787317,42.43857155644227],[11.332504431956336,42.438954783042824],[11.332484688488476,42.43899641035892],[11.33242827467394,42.43911466828068],[11.332422395151642,42.43919025327468],[11.332403850781015,42.439439353524484],[11.332399923253883,42.43998875209041],[11.332318761896724,42.44042265500785],[11.332704389133438,42.44065794499451],[11.332793570783226,42.440771937208666],[11.332946905429418,42.44096818943232],[11.332904864769917,42.44147333750991],[11.33275594733695,42.44171951096755],[11.332648504414397,42.44191248390145],[11.332482406217771,42.44221136268548],[11.332358116633797,42.442466038594105],[11.332246977180109,42.44274746344046],[11.332007435959722,42.44316124565349],[11.331972757684836,42.44322131712521],[11.331702004559123,42.44346096379059],[11.33145421302904,42.44366412136868],[11.331395373813463,42.443728396330485],[11.331243871042085,42.44389353224427],[11.3311590261529,42.44422845179201],[11.33110962679886,42.44453563416615],[11.33098599498107,42.444808306637334],[11.330876514409495,42.44513472189795],[11.330806485991854,42.44554138110863],[11.330807018783037,42.445883568583916],[11.33091800361963,42.44607020099544],[11.330956089215649,42.44613348882859],[11.33114193946433,42.4463900502176],[11.331419586323232,42.446663561580785],[11.331947248971415,42.44712109358617],[11.332030500881999,42.447398560162],[11.332041188530564,42.44768650908179],[11.33205020404411,42.4478088947164],[11.332065695235897,42.44801920311758],[11.332234001571644,42.44829493899216],[11.33240103750565,42.44853444338687],[11.332417500108065,42.44857662847764],[11.332517339163408,42.44881434889442],[11.332534874071401,42.448856066372116],[11.332533809534663,42.44899254512517],[11.332533040196045,42.44914434575978],[11.33253536574769,42.4492069913995],[11.332544398930766,42.44945029235364],[11.332523981353134,42.44988295807751],[11.332577136225774,42.450332136372694],[11.332582022697844,42.450791301785344],[11.332520476947105,42.45109873267702],[11.332639733463433,42.451690647686966],[11.332818867427356,42.45193014091557],[11.333082390948753,42.45214990470636],[11.33306895636556,42.45219745512418],[11.332912236753183,42.45275509000236],[11.332777412870543,42.45323480366326],[11.33263760204478,42.45373225732009],[11.332505895803429,42.45420086395744],[11.332493560061819,42.45424475469252],[11.332037756116025,42.455866444194506],[11.331785102391672,42.45676532188102],[11.331761158320303,42.456850504750285],[11.331746105020933,42.45690763712869],[11.330977596353188,42.45982412369017],[11.330964161263664,42.45987514896494],[11.330543240429357,42.461472441461375],[11.330430619754129,42.46190324464631],[11.330414972485695,42.46196127681948],[11.330005158343882,42.463516410697274],[11.330053548630039,42.46355737120671],[11.330102744510379,42.46359912848506],[11.330135664473483,42.463626983974244],[11.330229535575791,42.463691646913105],[11.330434922255735,42.46383243573215],[11.330450667100132,42.46394142676054],[11.330471204974856,42.46409288637055],[11.33049029457508,42.464233272843785],[11.330511633092483,42.464391323314864],[11.33052694817192,42.46450517780424],[11.330526064722319,42.464544036386584],[11.330524476896912,42.464617402165594],[11.330517185230123,42.46484580335514],[11.33051557736303,42.464906011045656],[11.330514815454551,42.464938869646794],[11.330508413133737,42.46522335462966],[11.330496857797586,42.465260765238],[11.33048688930542,42.46529367515113],[11.330459367928775,42.465383037737226],[11.330451421282048,42.46541379568223],[11.330412599533835,42.46556848629276],[11.330402186617539,42.46560633471968],[11.330373401423763,42.465712253053724],[11.33036339041337,42.46574860923331],[11.33034693445157,42.46580883168998],[11.330333202422455,42.46585917399088],[11.330305370479332,42.4659923921816],[11.330275887721367,42.46613360279539],[11.330265863541158,42.46616944323101],[11.33025738036507,42.46620020216779],[11.330244162511827,42.46624359093876],[11.330236255896079,42.466274056281],[11.330266897163014,42.46633892647318],[11.330352115641963,42.466516389596016],[11.33042362133856,42.46666574882102],[11.33072872626012,42.46737157064521],[11.33089504901981,42.46770334529614],[11.330928232890821,42.467769499938235],[11.330978867834,42.467870655934234],[11.331008325367101,42.467938130000064],[11.331031175102886,42.46798998831444],[11.331079304500541,42.46809985290213],[11.331135591702608,42.46822825178567],[11.33121750999552,42.46841523147067],[11.331347750032243,42.46871665891589],[11.331483646814146,42.46903117277637],[11.331656689161068,42.46943288386367],[11.33191916004913,42.46994984171643],[11.332079050676997,42.470324804938144],[11.3321135267569,42.47041797928215],[11.332194460738453,42.470636357038956],[11.332204327221522,42.47066315392894],[11.332228084485745,42.47072714068967],[11.332241284268258,42.470762756100314],[11.332326579054547,42.47109421041339],[11.332450012015254,42.47146991529825],[11.332533303204407,42.471747379582695],[11.332704355684765,42.47209509876252],[11.332895036629434,42.47231634528256],[11.33296223679029,42.472441335759015],[11.33303942204942,42.472583358890205],[11.333089904113299,42.47283485966392],[11.333099129876562,42.47287997539245],[11.333050025477515,42.473213706051126],[11.332913527246951,42.473468631190066],[11.332687811431416,42.473941497185656],[11.332616767899419,42.47432116079073],[11.33258954569276,42.474898046651475],[11.332511519484592,42.47515765655379],[11.332486621041829,42.475239843844804],[11.33247803266074,42.47526819524322],[11.332398633170325,42.47553228431503],[11.332386706717665,42.47557157210696],[11.332373629497623,42.4756145934905],[11.33225391731397,42.47601289888926],[11.332259180614901,42.47606684663971],[11.332266804087975,42.47615894390211],[11.332290164172646,42.47641701079241],[11.332586772712805,42.47674780742575],[11.332622789632266,42.47678849546793],[11.332749904524515,42.47695226273466],[11.333108960035137,42.47741792220981],[11.333267540738786,42.4777568880508],[11.333260622392139,42.47784774061293],[11.333249965320716,42.47799052333278],[11.333243115043592,42.478081571719386],[11.33308329896964,42.4783639875965],[11.332900508009145,42.4786828912172],[11.332632286792181,42.47899452893673],[11.332498450407785,42.47932144027607],[11.332416582221658,42.479737345773486],[11.332296237244984,42.48010000222524],[11.332165740564983,42.48051689757578],[11.332010595763764,42.480925288395454],[11.331763665663162,42.48115544430979],[11.33151413583006,42.48134261835069],[11.331479594931421,42.481368345135294],[11.331393037040712,42.48165827277317],[11.331396753727855,42.4820637319929],[11.331461527021709,42.482188210608406],[11.331503970480906,42.48226699361069],[11.331552836103683,42.48235742293574],[11.331832322466521,42.482675919979066],[11.332208065087926,42.482965440906824],[11.332647271191176,42.48332570927882],[11.332765428351976,42.48339271462737],[11.333021847160452,42.483538147477994],[11.33310671428313,42.483586303510066],[11.33321080442612,42.48364722189213],[11.333295901447169,42.48369671037723],[11.333339415439026,42.483720326384564],[11.333405579341377,42.48376052341256],[11.33376783875323,42.48401429371892],[11.33406831178224,42.48424230610962],[11.334172458360381,42.484343743318576],[11.334647849301511,42.48461321505593],[11.334972308387403,42.48483173093218],[11.3352943163709,42.48506605500415],[11.335696102739458,42.485319012369004],[11.336285405043546,42.485737454126706],[11.336380313599193,42.48580484429453],[11.336516662333333,42.48591683223276],[11.336668982133732,42.48604209572236],[11.337265005497928,42.486446424518505],[11.337528024068817,42.486648176159214],[11.337678257888689,42.486793962343015],[11.337755242712406,42.486868668263384],[11.338007783160602,42.487115657870646],[11.338381233613461,42.48734216918709],[11.339116654247945,42.48781343209664],[11.339728829179814,42.488242182383324],[11.340263366527807,42.48854644322125],[11.340725631570782,42.488870187936506],[11.340984571760837,42.489288138457496],[11.341302291118993,42.48965085650391],[11.34168694222955,42.48941372618446],[11.341861298746739,42.48930623872149],[11.342214620727054,42.488992838892294],[11.342558133937503,42.48874267515027],[11.342948259407716,42.48843752653643],[11.343292773564494,42.48821435579952],[11.343598378813489,42.488070038291546],[11.343711033668864,42.488016245108426],[11.343752360497657,42.48800300924962],[11.343802329257148,42.48798797020879],[11.344042722117702,42.487910910380776],[11.34413200784175,42.487882778106126],[11.344493431972802,42.48778455554311],[11.344942597619289,42.487757351075025],[11.345429580573139,42.487765391434856],[11.345806135906956,42.487748675500306],[11.346304603637083,42.4877384655905],[11.346779429712694,42.48774674921255],[11.347241424757769,42.48773728333621],[11.347764544264825,42.48773556714561],[11.34832380166955,42.487724103395905],[11.348701701593544,42.48774337126726],[11.349092770114282,42.48778938260912],[11.349373824000628,42.487902936914246],[11.349514996182085,42.488067481840474],[11.34954807989456,42.48810607863585],[11.349604813823966,42.4881722478888],[11.349651448111858,42.488226695060085],[11.349732754601094,42.4883211778208],[11.349791679789005,42.48838977126033],[11.34986253020777,42.48847239781426],[11.349933899454143,42.48855545493487],[11.349961382405501,42.48859026544152],[11.350092170289347,42.48875613750643],[11.350203514366038,42.488897749348055],[11.35032436543396,42.489051446431574],[11.350364254097054,42.48910222069815],[11.350407238792863,42.489160773169935],[11.350439228095249,42.489204196438706],[11.350521806031361,42.489317156454995],[11.350630867202495,42.48947585528601],[11.350753106685586,42.48964261609391],[11.350825385817418,42.489730469053015],[11.350848323906941,42.489761737201334],[11.350948540210073,42.48987933910543],[11.350995152335294,42.48993410224381],[11.351157745838497,42.49029547374732],[11.351170654392917,42.490477562685165],[11.351174785057712,42.49058779093627],[11.35114151326315,42.490674022539885],[11.351081638744422,42.4908621088678],[11.350712305795676,42.49123439655581],[11.350491543799706,42.49151938167813],[11.35044825928946,42.49157525662258],[11.349995812746217,42.4922464186944],[11.349822461650316,42.49232876970123],[11.349702934604354,42.492429222697396],[11.349663206617222,42.49246261130177],[11.350098676966855,42.492809629764075],[11.350462650953022,42.493086182666985],[11.350511087959985,42.4931229206038],[11.350606297371101,42.49319519055557],[11.35084703697762,42.493410279954055],[11.351116179679847,42.49365074248459],[11.351473521037603,42.493894619538594],[11.351737443158394,42.49407473844152],[11.352423080843424,42.494603496656445],[11.3524832009155,42.49465084959138],[11.352568598132637,42.494716032373645],[11.352495165127023,42.494753294824385],[11.352272067003296,42.49486521682072],[11.352226132622464,42.49485715488609],[11.352138909405046,42.49484364793824],[11.351869667077768,42.49480194760458],[11.35176409064183,42.49478559603265],[11.351589395008636,42.49472241523859],[11.351221334468644,42.49458962001126],[11.351175968794188,42.494605943805986],[11.350717060131101,42.49477106797714],[11.350647229939275,42.49480390489034],[11.350507913104346,42.49486901051474],[11.350274590278678,42.49497826037495],[11.350038487035158,42.495109298186286],[11.349785542657761,42.495249302581044],[11.349743439314256,42.495264055015824],[11.34963186108754,42.4953014722571],[11.34951947190981,42.49533920409628],[11.349459796153054,42.49535942732142],[11.349076872474988,42.495489106965024],[11.348945583692425,42.49553620492603],[11.348868532158361,42.49556384514725],[11.348694965659853,42.4956261298452],[11.348464498651285,42.49570878270503],[11.34811592174735,42.49582399047848],[11.347754509320088,42.49592144984389],[11.347306297199246,42.49597566165044],[11.347046497201042,42.496016309086585],[11.346998381562974,42.4960236850634],[11.346906094243703,42.49603778882139],[11.346790716822465,42.49605261411463],[11.34644304362029,42.49609666609962],[11.346398385266703,42.49610232484987],[11.346093859098604,42.496140016760485],[11.345962329949929,42.49615628237508],[11.345836554522148,42.49618023752752],[11.345790151894013,42.49618907548291],[11.345731364637,42.49616331055271],[11.345592231927704,42.496102340632596],[11.345480391607486,42.49605331363928],[11.345422100707458,42.49602776621706],[11.345266175952155,42.496009441725015],[11.344410699261898,42.495908891001214],[11.343697577827156,42.49587957472958],[11.343496645279492,42.49587131349995],[11.341824137575594,42.495646872900096],[11.341686308552124,42.495620173328575],[11.341390017304954,42.49558795787126],[11.34085527685291,42.49552459482158],[11.340693993854227,42.495523411459956],[11.340540411563564,42.49548375241556],[11.340219215142332,42.49543628367295],[11.34008816702641,42.49542995572319],[11.339711498754594,42.495363357935105],[11.339534854281979,42.495357960683535],[11.339308732150599,42.49533106146744],[11.338848816326298,42.49523464263591],[11.338757223427814,42.49514421015899],[11.33863657421382,42.495090390816486],[11.338254165054229,42.49503291064143],[11.338254380977812,42.49513223651941],[11.338254541826393,42.49520625254691],[11.337912267615364,42.49519884765418],[11.337609094501369,42.49519241061587],[11.33703423301807,42.49519513538663],[11.33657912073398,42.49514588682036],[11.335920901826702,42.49576941079949],[11.335233725401823,42.49643592512201],[11.334912645830698,42.49671524667011],[11.334764251104215,42.49681507666203],[11.334618979565414,42.49691709411212],[11.33417752838026,42.497153470661004],[11.334091629961232,42.49721600626403],[11.333925294911978,42.49729069975262],[11.333835277223706,42.49733152826325],[11.333760013192562,42.49738455716131],[11.333689757927417,42.497411683108645],[11.333599398001962,42.49744659207133],[11.333532133030289,42.49747258628169],[11.333430397785017,42.49751961283798],[11.333386722670621,42.49754018254505],[11.332524556707405,42.49794357625124],[11.331919767580175,42.49820578312184],[11.331808513280228,42.498268219048555],[11.331181015969852,42.498620299823585],[11.331133292445484,42.498647107032276],[11.33094458677033,42.49875291603849],[11.330755842467298,42.49885868499681],[11.33071276521881,42.49888288233135],[11.330675502214847,42.49890785916765],[11.33038922764041,42.49909917497106],[11.329956252894931,42.499402412093275],[11.329707234146474,42.49957681301073],[11.329168095611784,42.49988719792515],[11.32851972604606,42.50028760172524],[11.327159118645666,42.501089695021705],[11.326029315014717,42.50179928558793],[11.325156830996006,42.50242708501312],[11.325089961965034,42.50247574858246],[11.325040144871608,42.50252672523477],[11.324790446205887,42.50278240046728],[11.32471788715335,42.502857104425246],[11.324708135522421,42.50289578883718],[11.324689333363185,42.50297788917904],[11.324662498548701,42.50309225613945],[11.324546181062749,42.50315540193324],[11.324231527221679,42.50325596266652],[11.324200856438107,42.50327945825591],[11.32421471488927,42.50332589882869],[11.324229439404332,42.50336956803056],[11.324242815699582,42.50341153558522],[11.324244048385303,42.50344302343117],[11.324240839563902,42.503526249024],[11.32420347451303,42.50356526406034],[11.324140375156107,42.50363097220446],[11.324090804476082,42.50368223881273],[11.324069729559849,42.50370527041215],[11.323988514419508,42.50379531431904],[11.323948154497096,42.50384074861817],[11.323939655002262,42.50391080874971],[11.323915641535173,42.50412796056434],[11.32389331563793,42.504457590205845],[11.32388359141266,42.50460334600752],[11.323873314168543,42.504771882713875],[11.323859268061515,42.50506267144051],[11.323775727768666,42.505271484418635],[11.323582322019888,42.50563561381031],[11.323324105432155,42.50589299487704],[11.323031068615878,42.50619610851583],[11.322737695653878,42.5064902221031],[11.322395674164289,42.506785322202866],[11.322037821052495,42.50698168486514],[11.321597166052783,42.507242761183996],[11.321248472965427,42.507357889700415],[11.320987762243263,42.50759028874748],[11.320952639186476,42.50762159745195],[11.320152719527414,42.50833463554863],[11.319683218464567,42.50880340690622],[11.31946045990003,42.50903304642202],[11.319176225135136,42.50924591981167],[11.318881821662844,42.50951302963353],[11.318609078403423,42.509707658548734],[11.318335668044757,42.509884290792435],[11.318271155241368,42.50990844813026],[11.317903480362112,42.5100461250994],[11.317411143191784,42.510227184250006],[11.317375128570818,42.51025233952314],[11.317042523496747,42.5104846450997],[11.316853477027648,42.510616682596286],[11.316679353317127,42.510845332956414],[11.316380609870222,42.51099545727258],[11.315997392307388,42.51116529838836],[11.315468552532776,42.51134708816362],[11.314989358548416,42.511554886872],[11.314437593955265,42.51174577121812],[11.313798090962813,42.51194816712548],[11.313731495309257,42.511963880174825],[11.313621063821211,42.51199044829395],[11.313558195002635,42.512005465506014],[11.31321970718145,42.51208592216748],[11.313138155912625,42.512097850338414],[11.312569104864918,42.51218108247939],[11.312505422721019,42.51219039632437],[11.31212229988781,42.51223370925384],[11.311729659977518,42.51227809819086],[11.311533340254341,42.5123291916796],[11.311054510445084,42.512453814270664],[11.310341544026517,42.51259426920162],[11.310056992841629,42.51265866824361],[11.30994143986495,42.512684896652736],[11.309896491051278,42.51269507577882],[11.309774197798951,42.51272277812005],[11.307710512382378,42.51419167164394],[11.307112997237082,42.51461695306879],[11.306376140404112,42.51514139836755],[11.306134577607423,42.515313326826764],[11.306097000082232,42.51534007423165],[11.306010808307695,42.51540138529657],[11.30598062826035,42.51542284626028],[11.305777111845394,42.51556745433411],[11.305555281272643,42.515719258435766],[11.305451767556447,42.515789924756206],[11.305399882887308,42.51582537617082],[11.3038993204381,42.516853834816835],[11.303853364144235,42.51688533096786],[11.303475658907223,42.517138933549305],[11.302312182983904,42.51792010511251],[11.302265298062688,42.51795158237104],[11.30140609953902,42.51852843901992],[11.301074422932283,42.51877824159464],[11.300552080173578,42.519139934509575],[11.300007383698832,42.519556104271906],[11.29965433967529,42.51988737778117],[11.299326610047173,42.520236857559375],[11.29890681137708,42.52073993469708],[11.29831247296538,42.52113901026575],[11.298127839912066,42.5212725285569],[11.298077941339972,42.52130866082557],[11.297992275207456,42.521370563162684],[11.297398711757499,42.52178754511287],[11.296947175126068,42.52208492159886],[11.29647028236565,42.52236446648032],[11.296336733770966,42.52245642431574],[11.295864896575072,42.522782005307434],[11.295377995886206,42.523115948591666],[11.295005339052228,42.52358740843551],[11.294903908339409,42.523715829715265],[11.294575178277755,42.52413160413613],[11.29441171717847,42.52437393445658],[11.29431229553743,42.524521252010054],[11.29427518006082,42.524576268932734],[11.294220037409056,42.52465651300389],[11.293833549494718,42.525227142098004],[11.293651192630545,42.525496377265505],[11.293579110738428,42.52560588224853],[11.293413357679137,42.5258506929225],[11.292726759057743,42.52686471603808],[11.292611768770879,42.527034554162086],[11.29107788189604,42.52904883137113],[11.290322655848964,42.53004052709822],[11.290160541612172,42.53025339802783],[11.290114704505047,42.530326614579444],[11.290086469272158,42.53037194487677],[11.289844521164238,42.53075916370559],[11.289428672947636,42.53142468783806],[11.288779555126036,42.53246350437959],[11.288590314222075,42.532766348446536],[11.288320059698375,42.53319883948719],[11.28811787024282,42.53347988502244],[11.287409873248036,42.5344640007238],[11.287174859028186,42.53479066215654],[11.285951044978802,42.536491660615994],[11.285690752951238,42.536853432225854],[11.285191187647621,42.53754774757037],[11.283195529921112,42.540078451140296],[11.283167057627098,42.54011455500508],[11.283148854698425,42.54013763526237],[11.282971537877323,42.54036243813858],[11.28295314787607,42.54038580215471],[11.282869481853256,42.540491893087406],[11.282825395665137,42.54054822305688],[11.282730273907735,42.5406685497888],[11.282489563194808,42.54055533037016],[11.282342100711874,42.54047722223121],[11.282048754328914,42.540349930119056],[11.282005153700986,42.54033029760967],[11.281769299846411,42.54022785005922],[11.281734072139068,42.54020526353265],[11.28165904577863,42.540152813456075],[11.281610468421958,42.54012017467942],[11.281517809942722,42.540056473459806],[11.281370188387976,42.53995627928457],[11.281297152303257,42.53986878703787],[11.281143476634899,42.53968208318834],[11.281098007918928,42.539613843279604],[11.280973158021128,42.53941699887137],[11.280869731522637,42.53925484344739],[11.280827689273456,42.53927690591605],[11.280717694402869,42.5393349897114],[11.280667412014157,42.53936150898114],[11.280559088589083,42.539418617398695],[11.28052174534135,42.539438238537315],[11.280488107109962,42.53945583897111],[11.280386543206848,42.53950927449737],[11.28006919607907,42.53967601183448],[11.279889125251303,42.53971361891002],[11.279807239830252,42.53973127900177],[11.279685128755892,42.539757465240626],[11.279597902874622,42.53977544400066],[11.279520436990788,42.53978234477021],[11.279278481085075,42.53980270837139],[11.279230601932417,42.53980678416869],[11.279185158771847,42.53981067369171],[11.27891183284633,42.53999621537756],[11.278840156221229,42.54017774268973],[11.278803713337835,42.54027003438075],[11.278709986433471,42.540504515907564],[11.278602175377102,42.540631376418766],[11.278570617912901,42.54066714159496],[11.278467211871599,42.540789509003524],[11.27836796156735,42.54087953614751],[11.278182953237641,42.541046241763134],[11.27813958431321,42.541088536387896],[11.278113089047787,42.54111199330838],[11.277923984917155,42.54129459399019],[11.277740402982563,42.541566385435424],[11.27763381451492,42.541774585332355],[11.277606820280555,42.54182964227307],[11.277523727049019,42.5419967596215],[11.27744234529783,42.54216885876759],[11.277370071097632,42.54231463919188],[11.277318185572694,42.542423568364754],[11.27729762651357,42.54246036442263],[11.277047616142776,42.54291499045955],[11.277022521456603,42.54296045498413],[11.27696205989322,42.54307690902641],[11.27680993473711,42.54336991115971],[11.276772140170598,42.543442703092964],[11.276565853055505,42.543798003328675],[11.276553558865045,42.54382526326801],[11.276393283680891,42.54418063647849],[11.276344301159472,42.54429162011147],[11.276234011966144,42.54467842189235],[11.27621300324799,42.5447322005664],[11.276054144777945,42.54513192538795],[11.276027284613395,42.545186490293325],[11.27588402913802,42.54547750033461],[11.275835234787149,42.54558003943328],[11.275809974685917,42.54563826191718],[11.275736943123327,42.54578659757758],[11.275649567269848,42.545964087927715],[11.275586621056938,42.546092007356464],[11.275567160884119,42.54613222394213],[11.275472736005607,42.54631563733428],[11.275384861541538,42.54648698593642],[11.275362949349818,42.546550457567385],[11.27527921238076,42.5467929927407],[11.27510938880431,42.54728490847442],[11.27514974939253,42.54772535726499],[11.275248017702646,42.54808360989193],[11.275274879293509,42.548162869417915],[11.27532273003436,42.548304062066585],[11.275338101037866,42.54835007667395],[11.27535616220568,42.54840573822027],[11.275371451821242,42.54853189338079],[11.275393526819983,42.54872002789481],[11.275426887647887,42.54879995701666],[11.275526083573999,42.54903262712301],[11.275589555372788,42.5492474778577],[11.275692730721516,42.549596638130794],[11.275716410832029,42.54969522373233],[11.275821966391412,42.5501348566613],[11.275937004853374,42.550590996625516],[11.275964201083054,42.550698871372596],[11.276030461023943,42.550894369189],[11.276079405822353,42.551038776170444],[11.27612791303793,42.551181894176665],[11.276225246533631,42.55148613323516],[11.276265322969564,42.551611408365396],[11.276384204841372,42.5519332293569],[11.276413925502517,42.55201368435341],[11.27649405979357,42.552166971667916],[11.276580301569956,42.55233191899673],[11.276603615341248,42.55237738379267],[11.276689168191044,42.55253951349807],[11.27680514611758,42.55282631474808],[11.276862750613786,42.552968308702866],[11.27701175920367,42.55327140081327],[11.277086350278767,42.55342312381599],[11.277165088840379,42.553718730969564],[11.277185338755258,42.5537934864551],[11.277213071214646,42.55389744823617],[11.277287494850167,42.55416654788772],[11.277339474811855,42.55435462122364],[11.27738054313666,42.55457397485615],[11.277387820108917,42.55461430121778],[11.277430817839418,42.5548393041259],[11.277473589368439,42.55506313543146],[11.277479765829233,42.55509118710147],[11.277505240401608,42.55522482341353],[11.277479590636252,42.55553239641882],[11.27748954009557,42.555604961278775],[11.277496368174987,42.55566374455309],[11.277521890688464,42.55585259151816],[11.2775365685886,42.55596207990945],[11.277546099165876,42.55603447658785],[11.27766052097181,42.55641040491248],[11.277671356243165,42.556446209222536],[11.277568128457325,42.55652251423534],[11.277527175085785,42.556552786358424],[11.277447976203243,42.5566113279949],[11.277411937004416,42.556637967826994],[11.27592364005,42.55773805709963],[11.27586619210164,42.557781559017364],[11.275677601687375,42.55791858567473],[11.275595792595206,42.55797853227221],[11.275477735164563,42.55806504384483],[11.275016373622362,42.5584222807844],[11.274801184176743,42.55858899040421],[11.272194978520968,42.560607250723436],[11.271802780592523,42.56090750369243],[11.271605991071777,42.56105815891569],[11.268994370201153,42.563057147574845],[11.268667265944991,42.56332411200538],[11.268389029558389,42.56355095043939],[11.26761342161661,42.56418327192637],[11.267576642411376,42.564213256126656],[11.267336803389945,42.564408781719],[11.267286692105024,42.56444963605078],[11.26700337422591,42.56468060602655],[11.266900510701364,42.56476446305273],[11.263041777258085,42.56754230535833],[11.26245455230725,42.56814824381089],[11.262211526604503,42.56843396151709],[11.262174087045969,42.56847796726052],[11.261932091183693,42.56886096123364],[11.261457742860769,42.56956551216918],[11.26085678930176,42.570458084861265],[11.259704984366618,42.57229984527975],[11.2594647376818,42.572660047874265],[11.259419121784038,42.57272843609769],[11.2593387835536,42.572848588378704],[11.259314579000769,42.57288471641144],[11.258062080331483,42.5747567045618],[11.257297464328047,42.575899873826145],[11.25719646391765,42.57605040459701],[11.256474682034822,42.576983147000966],[11.255879026687063,42.577697277596016],[11.255529645414805,42.57814540818212],[11.255181233758508,42.578620534063205],[11.254962214146575,42.57896703995189],[11.254878152725961,42.579085761200126],[11.254672404237413,42.57937797519516],[11.254408240971468,42.57982442455627],[11.25444589213564,42.58019289110073],[11.254506924116136,42.580533882778596],[11.254783185309535,42.58129186389344],[11.254794862705333,42.58132316552329],[11.254804654767044,42.5813564881065],[11.25459319027661,42.58134762090914],[11.254487275240287,42.5813434230951],[11.254364751472306,42.581337840244544],[11.254232432788546,42.58129641234301],[11.253798379868384,42.581160174924406],[11.253259039718172,42.581071732004915],[11.253157112274332,42.58123297372092],[11.253086114115302,42.581345286105844],[11.253031149027972,42.5815056911257],[11.252986896709965,42.581635401123734],[11.252890271577945,42.58199750536981],[11.252876624931691,42.58206746379837],[11.252863779943157,42.58213332531968],[11.252849660471561,42.5822055173177],[11.25282855580004,42.58231389704728],[11.252387407705086,42.58258372182358],[11.252009921805062,42.582591145444034],[11.251458203228262,42.58283612542998],[11.251190440084113,42.58318358227434],[11.250933879646732,42.58350380284284],[11.250554572983763,42.583799419608965],[11.250255322667368,42.5839493814991],[11.250209301161618,42.583958323766296],[11.249892270294621,42.584019550613704],[11.249812844907709,42.58401990157547],[11.249733416800277,42.58402044794732],[11.249246551369037,42.58402322935277],[11.248888879245296,42.5839041823318],[11.24841643722914,42.58364330687852],[11.248213472915218,42.58339810360188],[11.248174394383929,42.58335089129728],[11.248192811156477,42.58284624567551],[11.247962922279797,42.58276251597948],[11.247723614151171,42.582675353318315],[11.24767851584618,42.58269199746655],[11.247122521787407,42.58290327208761],[11.246791261288742,42.58317992339233],[11.246586619720523,42.58358916723439],[11.246355384451729,42.58402144431489],[11.246187242607299,42.584344422514334],[11.245973970988084,42.58485289025746],[11.245878916651955,42.58525998262726],[11.245821250315991,42.58537851546192],[11.24580657813866,42.585408616542864],[11.245719784976817,42.585587210336094],[11.245654857647825,42.585727806707],[11.245539117555248,42.58597804652966],[11.245243398450217,42.586226981860065],[11.24474323932909,42.58655196504211],[11.24440009558751,42.58683784745508],[11.244129369840696,42.58710430038189],[11.243860902141632,42.587433743571694],[11.24362573616192,42.58767248311116],[11.243238621729043,42.58775210772998],[11.242765290683732,42.587806403171676],[11.242276232272516,42.587761949742024],[11.242136692057521,42.58775182693399],[11.242029628360193,42.587744085781765],[11.241885242629822,42.587733584758546],[11.24149601742185,42.587709318167185],[11.241444187054318,42.58770611460242],[11.241337354920356,42.5877010554064],[11.241042698288998,42.58768703932483],[11.240951124726884,42.5876601354517],[11.240800679500285,42.587615778796305],[11.240747166438243,42.587600268981674],[11.240611262722982,42.58756067584151],[11.240544884733527,42.58753939678843],[11.240509771773908,42.58752689480097],[11.240189136474486,42.587426335562434],[11.240130881232744,42.587407711486215],[11.239762829400997,42.58735197415278],[11.239577910120582,42.58738565066394],[11.23937584351594,42.58742247809026],[11.23915606178247,42.587750958295246],[11.23912897064608,42.58778750859177],[11.238989676931974,42.587975434630884],[11.238790019409912,42.588244798982124],[11.238570836034677,42.588540522717054],[11.23845167701748,42.58870125698581],[11.23840841637673,42.58875962025595],[11.238377174065697,42.58880176896585],[11.238395397770296,42.588855642691996],[11.23849982744319,42.58916790466531],[11.238660436444844,42.58927670011308],[11.23882467976959,42.58938735588729],[11.238927798755398,42.589428525920134],[11.239210510859573,42.58954142247458],[11.239319229061016,42.589584803298195],[11.239431767624646,42.58975788431652],[11.239486895812924,42.58984267218118],[11.239581267772879,42.59003476876245],[11.239670916542975,42.590217405868415],[11.239684337191324,42.590242619866686],[11.239808853629896,42.590474637263135],[11.239866828799574,42.59058266286553],[11.239813470033692,42.59068270636808],[11.23970198151719,42.59089149282234],[11.23967439072095,42.59094389125984],[11.239633915370707,42.59093331112674],[11.239481519336517,42.59088177871171],[11.239320568414056,42.59082763618607],[11.239305677866977,42.590934858077226],[11.239292949019331,42.59102325385891],[11.239245952769982,42.59135128026603],[11.239239039496546,42.591403975783905],[11.239336937787671,42.591580042843496],[11.239420294680356,42.591726035117254],[11.23943502242366,42.59176646839065],[11.239514895077088,42.59198533262797],[11.239168542975655,42.592523404330855],[11.238994682718937,42.59246123535427],[11.238810501275223,42.59239549743126],[11.23853949272729,42.59233839222421],[11.23838070819938,42.59230467474906],[11.238291181510261,42.59231270476578],[11.23800412516651,42.59233905015145],[11.237818924816166,42.592612820950535],[11.23776962430574,42.59293796686197],[11.237894054422396,42.59334976846191],[11.237895891732844,42.59340633980003],[11.237905185277297,42.5936598034012],[11.237908227648887,42.59374571426234],[11.23760928075121,42.59424683422542],[11.237623131775788,42.59463378206681],[11.237576522996857,42.59475642788696],[11.237478197453115,42.59501528915831],[11.237429376342686,42.595114958291276],[11.237415768199968,42.5951431878305],[11.237296657097422,42.59538758123635],[11.237275386614227,42.59545185675184],[11.237164672671256,42.59578638232605],[11.237215060029824,42.596172616383214],[11.237154540571122,42.59652499647281],[11.23686163829481,42.59685490038812],[11.236490822061523,42.5970512489821],[11.236095891016125,42.59723891351974],[11.235945120391229,42.59730572542992],[11.235731568584216,42.59740048738195],[11.235671638814294,42.597427080678685],[11.23554341159906,42.597483981252495],[11.235443557108919,42.59754808036725],[11.235317091673508,42.59762934482559],[11.235138738907517,42.59774354239786],[11.235125132614451,42.597767026814715],[11.23506458008742,42.59787299785425],[11.234945406849912,42.5980807606691],[11.234908855836059,42.59814473150088],[11.234911756644253,42.598225864332434],[11.2349202155774,42.59846245068175],[11.234922709437278,42.598513075734246],[11.235001712140619,42.59857193677833],[11.235105874898206,42.598648105367936],[11.235137948743372,42.59867156000746],[11.23520991532415,42.59872418619721],[11.235387292563072,42.59876937961624],[11.235495062977153,42.59879674791662],[11.235703166242839,42.59884895758805],[11.236220005785617,42.59872797615685],[11.236330364550469,42.59870230959184],[11.236465595680285,42.598645638767884],[11.23669075451356,42.59855118906045],[11.236928257675277,42.59848242538079],[11.237257990083329,42.598387289814085],[11.237532015864423,42.59832234455038],[11.237632436154804,42.598298661137356],[11.237899531135696,42.598174559686655],[11.237956144648763,42.59814825426183],[11.23830438042484,42.598103715965735],[11.238696231799262,42.598052743503054],[11.239054290288909,42.59818081860397],[11.239403393877872,42.59839911906514],[11.239764678982208,42.598617180197614],[11.240269873084863,42.59876938907583],[11.240663512116125,42.59886974853823],[11.24082128867587,42.59919084356033],[11.240454987621922,42.599513187588805],[11.239932521827923,42.59955942858475],[11.239419977619113,42.59954243812773],[11.238894931954547,42.59951668374796],[11.238675107818432,42.599845163431404],[11.238952747838843,42.60010988786081],[11.239241874106503,42.600347303155644],[11.239330109115297,42.60039180296084],[11.23944729817535,42.600450991188666],[11.239551921224,42.60050339923576],[11.239909028171528,42.600604475663765],[11.240214881827068,42.60058659441824],[11.240438652256758,42.600574165267155],[11.240626714920095,42.60056342039732],[11.241176453773782,42.60059768776466],[11.241541548973979,42.60058153691438],[11.241882340631633,42.60062766381708],[11.241970032525321,42.600639084647526],[11.24220061707243,42.60066992428802],[11.24230087541256,42.60068451716658],[11.242293290057331,42.60078301615001],[11.242290649120424,42.60081748187595],[11.242283229436643,42.600914483661484],[11.242276021059794,42.60100840605503],[11.242064517242467,42.60122866943379],[11.24197611026017,42.601482541267224],[11.241768798562367,42.601819786933305],[11.241464684730943,42.60217693724721]]]}}]}
