{"type":"FeatureCollection","metadata":{"code":"074001","referenceDate":"2026-01-01","sourceDbfExportDate":"2026-02-18","upstreamArchiveUrl":"https://www.istat.it/storage/cartografia/confini_amministrativi/non_generalizzati/2026/Limiti01012026.zip","sourceManifestSha256":"70ac8256c4785dc6ed2814c32b6965ae76f9161b51abaa1660059e1c6cbd8ca6","license":"https://creativecommons.org/licenses/by/4.0/","attribution":"Istat, Confini delle unità amministrative a fini statistici al 1° gennaio 2026, versione non generalizzata.","modifications":["Converted from WGS 84 / UTM zone 32N (EPSG:32632) to RFC 7946 WGS 84 geographic coordinates.","Converted from shapefile to per-municipality GeoJSON without geometry simplification."]},"features":[{"type":"Feature","id":"074001","properties":{"code":"074001","name":"Brindisi","alternativeName":null,"regionCode":"16","regionName":"Puglia","territorialUnitCode":"074","territorialUnitName":"Brindisi"},"geometry":{"type":"MultiPolygon","coordinates":[[[[18.027248919762332,40.642876136442005],[18.027340832429456,40.64292280411576],[18.027379141838175,40.642987266530206],[18.027389836409522,40.64304480024704],[18.02741107091304,40.64307017771579],[18.02751131800246,40.64315669921012],[18.027253559789706,40.64312753200096],[18.027087399462687,40.64307768067526],[18.02700637348098,40.64298065771263],[18.027091230956888,40.64288855944569],[18.027137232041714,40.642857905326856],[18.027248919762332,40.642876136442005]]],[[[18.002550002233004,40.653898088598865],[18.002617153377532,40.653892828488424],[18.002655742947894,40.653894345837216],[18.002730589868097,40.65390194312056],[18.0029123863169,40.65393710452997],[18.003013143183377,40.65398311139283],[18.00317993812522,40.65405990565522],[18.0032342468776,40.65417700218622],[18.003259012145673,40.65422903896651],[18.0033885340524,40.65433580061097],[18.003426237260985,40.65439578553738],[18.003428463198176,40.65452144058149],[18.00339105851125,40.65465929461975],[18.00334533004083,40.6547572916051],[18.003345035168135,40.654820246906155],[18.003408554054182,40.6549187316449],[18.003409142683346,40.65505352577716],[18.003395911070744,40.65510853190541],[18.003366920580483,40.65515575408196],[18.003228884474037,40.65513962587215],[18.003062708660362,40.65508973945454],[18.00298432326819,40.655055489393874],[18.0028864461131,40.65498671499161],[18.002816705183065,40.65495169888283],[18.002596320743734,40.65491510983837],[18.002498870928733,40.6548058907187],[18.002413209067964,40.65471815739069],[18.002384253697848,40.65465749520477],[18.0023722667994,40.65456856426765],[18.002363552841558,40.654461268121715],[18.002356836032696,40.654389850963234],[18.002333678746293,40.65430625386389],[18.00226243485742,40.65417248903371],[18.00224769708113,40.65412874602944],[18.00221811639133,40.65404108483576],[18.002261060753742,40.65396576377847],[18.00245766250009,40.6538918465663],[18.002550002233004,40.653898088598865]]],[[[17.994551973805386,40.65597888933429],[17.994498664100643,40.65608644487785],[17.994466379162297,40.65610339092886],[17.994349824380482,40.65627347592506],[17.994311808585365,40.65640684064623],[17.994274028650224,40.6564537591442],[17.99424611804854,40.65648842189871],[17.994089597815755,40.65657122345739],[17.99398937030571,40.65672895257549],[17.99396154928268,40.65678505779394],[17.99397504937453,40.657000733138446],[17.99392469442916,40.65705770259841],[17.993750494560178,40.65703547803841],[17.993682836730567,40.65701746804583],[17.993642571280052,40.65693606851722],[17.9935932037908,40.656890598928],[17.99347434289875,40.65680535517057],[17.993414502164352,40.65675611828366],[17.99338987211544,40.65672658906294],[17.99336731185621,40.65664738784823],[17.993337744802925,40.656559813735704],[17.993305134879847,40.65644998409781],[17.99327858517767,40.65641272916501],[17.99325050490536,40.656373326541356],[17.993179432998872,40.65628448685238],[17.993061560307044,40.65622796407636],[17.993031427136167,40.65621407127746],[17.993037546135085,40.65615173744827],[17.993047813650428,40.6561180288601],[17.99305999517688,40.656078032653426],[17.993079499034508,40.655982070057476],[17.993085940941114,40.6558557389648],[17.99307883267799,40.65574049309809],[17.993139683702417,40.65570764828489],[17.993187394047283,40.65575778938762],[17.993223690540205,40.65580443672646],[17.99326187430227,40.655868824415315],[17.993363232465033,40.65607223530081],[17.99344203531651,40.656044034191744],[17.99347582553446,40.656031942109955],[17.993558082545462,40.65598496150704],[17.993608795644867,40.65596752615321],[17.993678517098086,40.65584963844844],[17.993729530307156,40.65576915897937],[17.99381411831126,40.65571761404459],[17.99389714265426,40.655657827131705],[17.99392530125093,40.655635817978066],[17.9939510214804,40.655616894972944],[17.994032723146525,40.65558802877646],[17.99405153567888,40.65548758189893],[17.994117478858904,40.65535896963385],[17.994139812254748,40.655317399076914],[17.994172241713493,40.655266791353135],[17.994260780474328,40.65521002148181],[17.99434746085577,40.65525305836931],[17.994387799938693,40.655398257338994],[17.994390267677076,40.655568933334955],[17.994405416902605,40.655647166087526],[17.994494445804634,40.65577209014776],[17.994564336327105,40.65585195382359],[17.994551973805386,40.65597888933429]]],[[[17.99263529325825,40.65697463065312],[17.99271275780568,40.65704502347121],[17.992750050004208,40.65716796793383],[17.99285902452269,40.65725384316053],[17.99288273033801,40.65731941738109],[17.99285084844747,40.6573894044967],[17.992776995879897,40.657476060087575],[17.992668624730356,40.65754758176383],[17.992603109525366,40.65754369809125],[17.992496617572147,40.6574981024709],[17.992398906833674,40.6574743413745],[17.992245825840953,40.65747732184079],[17.99217913529716,40.65746464301773],[17.992125840332616,40.6574418003022],[17.992080829775446,40.657436304450535],[17.99204557580671,40.657382916888885],[17.992026666263055,40.657341712954675],[17.99201658088119,40.65728848300767],[17.992039752053447,40.65724177529869],[17.992153923918938,40.65714731953673],[17.992152336627058,40.65704857270922],[17.992209743978744,40.65694964741372],[17.99236073888658,40.65684333998761],[17.992519491281847,40.656794916980424],[17.99263529325825,40.65697463065312]]],[[[17.99085081064203,40.657374904275734],[17.990912766353283,40.657475868109564],[17.990947773369868,40.65757392903835],[17.990952797419727,40.65764485067999],[17.990965814304086,40.6576938615577],[17.990953806697966,40.65778089401727],[17.990919831600564,40.65782590131929],[17.9908727683329,40.65787484972284],[17.990825779521554,40.657918931866334],[17.990757810727395,40.65796491022849],[17.990617745384526,40.65796890162502],[17.990591774037302,40.657915903462246],[17.990552716335912,40.65781884833717],[17.990492781186717,40.65778492144219],[17.990484728717625,40.65760691490911],[17.990537722519445,40.657489913227714],[17.990618800269097,40.65731392053578],[17.990762740640513,40.6572919072045],[17.99085081064203,40.657374904275734]]],[[[17.99152785935939,40.65773088932944],[17.99154785437995,40.657765851927074],[17.99156332884543,40.657792376688356],[17.99159681757659,40.657813930513896],[17.991585837526422,40.65784537401624],[17.9915338232132,40.65785338682525],[17.9915177828256,40.657882889619636],[17.99151977969669,40.657931916798994],[17.991514827552628,40.65796293286448],[17.991427823829298,40.65796491899427],[17.991391804908652,40.65794892325284],[17.991349759745393,40.657926869467886],[17.991339286309024,40.65789440729879],[17.991376784545086,40.657863851917],[17.991395813968268,40.65780464453906],[17.99141277141952,40.657756926678],[17.99138431483631,40.65771597134216],[17.991361299867854,40.657786898511915],[17.991326774207977,40.6577988705886],[17.991313768143353,40.65777192177981],[17.991328838503303,40.65772290251974],[17.991331794146983,40.65765591712374],[17.99136684704723,40.65764591255492],[17.991423833770188,40.65761390704475],[17.991523785325256,40.6576288747306],[17.99157680553975,40.657649923740486],[17.991578773758352,40.657680850552424],[17.99154431440379,40.65769538751677],[17.99152785935939,40.65773088932944]]],[[[17.82563514013733,40.70308702253974],[17.82582423816512,40.7031516969415],[17.82580476675496,40.703172535316746],[17.825721266435185,40.70321042439357],[17.825727983375312,40.70345581624383],[17.825403374874217,40.70369498004991],[17.8249541884071,40.70384380615126],[17.82469985918354,40.70390623333779],[17.824546686513226,40.7037419585381],[17.82450688639879,40.70363081309094],[17.824388896225653,40.7034019619022],[17.824080684666203,40.703314358321144],[17.824029050451436,40.70321494228049],[17.824215475114862,40.703050718467566],[17.824272199976924,40.703065802522076],[17.824611107298914,40.70300413205713],[17.82477188372272,40.70289656610919],[17.82496117761781,40.7028153555178],[17.82518024493815,40.70276992162873],[17.825389593822354,40.7028394492475],[17.82563514013733,40.70308702253974]]],[[[17.823924744098033,40.7034853126351],[17.824150954809387,40.703709148951845],[17.824118369035006,40.70379711918609],[17.82418924337989,40.70396937159436],[17.824029716866423,40.7040863579053],[17.8238962662924,40.70424911429074],[17.823808601689755,40.70435601477762],[17.823838525945114,40.704529385588614],[17.823687616805653,40.70461715446941],[17.82357604731068,40.70453057296008],[17.82344081711033,40.70436015596745],[17.823369993493664,40.70420381149791],[17.823417798687245,40.70390507953517],[17.823498353523483,40.70381487332276],[17.82345557881668,40.70353097817204],[17.82359285266667,40.703434742827],[17.823746640815227,40.70339498047298],[17.823924744098033,40.7034853126351]]],[[[17.81040090266381,40.70345599793936],[17.810141718522377,40.703573642950055],[17.809888650885593,40.70371901845823],[17.809849951848484,40.70373987906627],[17.80940061546581,40.70399937170732],[17.809298043492465,40.704049578634546],[17.808899258470348,40.70424477682865],[17.808743255627046,40.70432113687779],[17.808637780991642,40.70437276347225],[17.80819240531723,40.70455703673758],[17.808061535992678,40.70461118335437],[17.80766323509804,40.70477597837392],[17.80761258868537,40.704790992408704],[17.80750967331019,40.70482150131896],[17.807047718547448,40.70494640170951],[17.8064922856735,40.70516808603517],[17.806452877363352,40.70518384159639],[17.80623106621482,40.7052705581861],[17.805966868768852,40.70537406901104],[17.80593081019561,40.70538352973389],[17.80560889871844,40.70548029971879],[17.805385888548436,40.705602401420094],[17.80527878714108,40.705681759951396],[17.8052462389479,40.7057091194429],[17.80517213149442,40.70576850167189],[17.804906456334457,40.705974942476736],[17.803179019245338,40.707272386646935],[17.802894335474257,40.7074426630642],[17.802702018904665,40.70750686237384],[17.802430258302053,40.707685109677755],[17.801979811068705,40.70791983760941],[17.801786884941645,40.708071189226175],[17.80114613427889,40.708294189278334],[17.801019394279145,40.708179792505454],[17.800978374719353,40.70814276680437],[17.80095347867777,40.708120294975075],[17.80074673087028,40.70793367960264],[17.799706011745588,40.70699292945675],[17.799464431741015,40.706768697572784],[17.79762135158625,40.705058062986325],[17.79751602669261,40.7049601266008],[17.797478794068372,40.70492552370184],[17.797345766477505,40.704801892896484],[17.796956559465237,40.70444017210413],[17.79675165515898,40.704251169873324],[17.79672129702707,40.70422749691032],[17.796468086906735,40.70398618941681],[17.79492689682801,40.703191719427096],[17.79418831885365,40.702812288466454],[17.793594631676797,40.702505299069095],[17.793505896529773,40.70245970687981],[17.793249482952113,40.70232682308461],[17.7928740903081,40.70231688991337],[17.79282330224147,40.702317895895526],[17.7922427758423,40.70228718481897],[17.792172332739423,40.70228702297754],[17.79201524653477,40.702286662115824],[17.791929773246366,40.70228691736196],[17.791876613230485,40.7022855940959],[17.791269997979274,40.702280919446295],[17.79009353568699,40.70214188668942],[17.789117103099738,40.70197402705772],[17.788936167446654,40.70193892568143],[17.78888855057727,40.70192968788864],[17.788224922850365,40.70179484408931],[17.78800527573923,40.70175423544125],[17.786676481627662,40.7017700705864],[17.78574828400548,40.701832291840276],[17.78505132225815,40.702146562222154],[17.783906381020596,40.70251316619176],[17.78329938779424,40.70268110694876],[17.782417476233913,40.70287014972395],[17.781386362806188,40.70307061978462],[17.78079374431938,40.703302663222075],[17.780248458995636,40.70351310209543],[17.779714722047064,40.703451292130396],[17.77967595576148,40.703447845309014],[17.779525074426513,40.70342932959736],[17.779150373288374,40.70338593455691],[17.77912139046683,40.703345449914416],[17.779062500003487,40.703269501371445],[17.77879721994043,40.70292739281547],[17.778736560422928,40.7022235719623],[17.778730998426457,40.70215903921592],[17.77878231902674,40.70138620012629],[17.77877906168752,40.70060428297241],[17.778773386693437,40.70055952154279],[17.77878311227763,40.700477227266894],[17.778838218753407,40.699844094178225],[17.77885326181387,40.6996491846936],[17.77885373343013,40.69959577551423],[17.778894120294815,40.69894944365288],[17.778735801004096,40.69817782899823],[17.778715160543086,40.69806890578313],[17.778710123681474,40.698027605518234],[17.778702804886272,40.69798585692052],[17.778682086817284,40.69788744643866],[17.778672110963534,40.69785049612851],[17.77862799072589,40.6976523727075],[17.778388518356593,40.69675793635013],[17.778054269471944,40.695839250767335],[17.778015484514036,40.695363745764496],[17.77800564352218,40.69529619820367],[17.777998584774643,40.69520214752344],[17.777993514841786,40.69513630456264],[17.777991641757975,40.69511096310913],[17.77798775431447,40.6950690549271],[17.77795873932523,40.69470373354706],[17.777761381126293,40.69229146430074],[17.777726223344093,40.691865557918746],[17.777686840392118,40.69138843251243],[17.77765152555296,40.690960582184395],[17.777588402631487,40.69019580421401],[17.777580118492924,40.690110997193365],[17.777549641081027,40.690014394754265],[17.77740752163097,40.689545078304015],[17.777296756429607,40.68917929552049],[17.777156911148648,40.68872449580459],[17.777148318958368,40.68869481289313],[17.777119377905457,40.68859388648431],[17.77710324904802,40.68853604236466],[17.77705282594474,40.68837374028771],[17.777041598666628,40.68833369855361],[17.77702330918628,40.68826873458007],[17.77657955125989,40.68681072328175],[17.776861224840452,40.68590330949494],[17.776816321205796,40.68536268709075],[17.77670710527996,40.68522243820545],[17.776648488676177,40.68514703923281],[17.776561219701836,40.68503639776156],[17.776534664897458,40.68501590351316],[17.77652027829777,40.68497402727245],[17.776383458268008,40.68472126474002],[17.776195009368116,40.68437156648109],[17.775995512028196,40.68355498031416],[17.775980725954604,40.682683780199916],[17.776016504690052,40.68220712949718],[17.77604321573912,40.68186066040995],[17.776172443149477,40.68117479275085],[17.776227180927126,40.68088428512216],[17.776332493676453,40.68054787380222],[17.77644812486449,40.680178502292335],[17.776468032412247,40.680114907764526],[17.776497874324512,40.679447139994465],[17.776201959793447,40.679397832140175],[17.77563765659391,40.67941822662387],[17.77557248249802,40.679420940719666],[17.77552600950339,40.679422646584364],[17.7753181163356,40.6794358083862],[17.77518922182774,40.679443968460326],[17.774845731817308,40.67946583063105],[17.774359134632185,40.679475034826694],[17.773871966028832,40.679483992903826],[17.773697083314662,40.67948540076487],[17.77355291308794,40.679486560450115],[17.773316844567702,40.67948846048945],[17.773373255712496,40.679445927833825],[17.77352300713051,40.679339427055744],[17.773642076863947,40.67924548696406],[17.77416303344135,40.67880763342463],[17.774986943233593,40.678070012731766],[17.775612494648392,40.677239690535245],[17.77590547798904,40.67655174417396],[17.775890345850534,40.67590091140964],[17.776015838762618,40.67529326173226],[17.77605436701664,40.67510671134379],[17.776086607302382,40.67495059900374],[17.776130921622112,40.67480294063784],[17.776149777495554,40.67474011483008],[17.776210046669064,40.67453929394626],[17.7762325781309,40.674464213903235],[17.776318491813836,40.67418956371926],[17.776329404553223,40.67414157817176],[17.776417864174928,40.67383971377212],[17.77643577946068,40.67379038323561],[17.776521787562057,40.673528075189985],[17.776529762770235,40.673492075983944],[17.776543792748097,40.67342721061301],[17.776617067746006,40.67327712916925],[17.776738313770394,40.673028790087265],[17.776755670307846,40.672990320229744],[17.776913249505903,40.67267048034674],[17.776980925794547,40.672471221314886],[17.77713435024375,40.672019494419985],[17.777069967045584,40.671829712546774],[17.77706852722981,40.67180423367354],[17.777045540779977,40.671755705029625],[17.7770153387309,40.67167788986681],[17.776082556410365,40.67141213771756],[17.774479230012545,40.67123368225394],[17.773862544187807,40.67119686712699],[17.773720274134803,40.671188373435115],[17.774307094113787,40.66941674673178],[17.774287100576775,40.66936452856148],[17.774010756018715,40.668642789274266],[17.773522652704038,40.66736793959197],[17.773296685998396,40.66697609784984],[17.773137397903007,40.6665746022559],[17.77307860284223,40.66633306317975],[17.773038304607596,40.66618199898074],[17.772980625182072,40.666058243543354],[17.772942587912187,40.66597607828708],[17.772927620272082,40.66594198833846],[17.772804090333537,40.665682918189006],[17.772617804626762,40.665188984446694],[17.77236428983272,40.66474525071703],[17.77228200905015,40.6646175583632],[17.77223096043267,40.66453833710912],[17.772209708251733,40.66450535601468],[17.772148914918777,40.66441100884582],[17.771823962957242,40.66373891138249],[17.77158553677684,40.66307370912473],[17.771393985401467,40.662472338314515],[17.770991770095225,40.661662296410825],[17.770876233610696,40.66114502312019],[17.770927902260926,40.66061947385746],[17.770809977333204,40.66003945997612],[17.770662404938424,40.6596370547866],[17.770464878591635,40.658901262013785],[17.7704126620222,40.65875300685102],[17.770400412345175,40.65871822374249],[17.770238201055243,40.65825764757073],[17.769933141851737,40.65753455185013],[17.769771493313083,40.65702535797347],[17.76955886646173,40.656421081861986],[17.769110602564655,40.655664014790105],[17.76871637144758,40.655249038347804],[17.768464909130362,40.65511089972641],[17.76825303929572,40.65508184102587],[17.768207662442386,40.65507561748864],[17.768016449060468,40.65504933099995],[17.767962801002962,40.65504146510743],[17.76749917023436,40.65497348758385],[17.767417615566995,40.65496167588006],[17.767011630110026,40.65490287444823],[17.766270270101526,40.654653828388916],[17.766166430030434,40.654620050026324],[17.76613638107583,40.654536067785045],[17.76602324189822,40.6541241694054],[17.766047529097293,40.65363667042011],[17.766003560480762,40.65339508746188],[17.765961526722627,40.65318387030064],[17.76593567576612,40.65305470973556],[17.765898555431363,40.6528359958159],[17.765893711945687,40.65278368257533],[17.765882709328658,40.65271740384122],[17.765846949667843,40.652518866316356],[17.76592898624166,40.65191007725918],[17.765930860332745,40.65177443819535],[17.765934191350876,40.651533396474804],[17.765935145010133,40.651464435792526],[17.765953660184074,40.65084018432107],[17.76595519666353,40.65078843425785],[17.765990549781876,40.65027311038552],[17.765677129320277,40.65006774947514],[17.765305646926386,40.650092932555864],[17.764663058698236,40.65012285037308],[17.764587846754974,40.65013738148193],[17.764369480692086,40.65017956943],[17.764111444266018,40.650229421288984],[17.763969306705423,40.650256883002726],[17.76368162119264,40.65030172371394],[17.763071153029088,40.650396876226594],[17.76300614433777,40.650407008819634],[17.76249553729882,40.65053535193447],[17.762208993576262,40.650607374342414],[17.762043356463813,40.650627702460774],[17.761950751269225,40.65063906814138],[17.761880038644918,40.65064774684646],[17.761334597994068,40.650714688470075],[17.761271112900335,40.65071375795291],[17.760605916681648,40.650704008464366],[17.760249144826634,40.650698776390186],[17.75992214522368,40.65068316395476],[17.759847315347425,40.65067959090119],[17.759263732781946,40.650651725040795],[17.759196567152692,40.65064851797366],[17.759090642103143,40.65064346004515],[17.758999745034654,40.650643744401485],[17.758072990481775,40.65064932023286],[17.75780033576274,40.65063244042802],[17.756837877384292,40.650572851887446],[17.75620189597338,40.65054733194761],[17.755834860748255,40.65053260267936],[17.75468217016769,40.65045431442842],[17.75392339610766,40.65036390564185],[17.75376220005751,40.65032741659169],[17.753465438020566,40.650260238050535],[17.7534108400201,40.65024787899713],[17.75329968329665,40.65022271615773],[17.753309010721978,40.65015109563706],[17.753314020673947,40.65011260682523],[17.753318213657913,40.65008039474169],[17.753322168665356,40.65005002466373],[17.75334041999677,40.649909861357884],[17.753381092268462,40.64959728938846],[17.75338631847002,40.64955039249157],[17.75340241494991,40.649433728520755],[17.75340835977005,40.64938806544959],[17.753418551156578,40.64930979949786],[17.75355067729686,40.648933051602114],[17.753580059167305,40.648857117289495],[17.753589235588496,40.648787624420464],[17.753605834606805,40.648679808251295],[17.753662489927237,40.64836037283721],[17.75369027505109,40.648223374311435],[17.753741222722827,40.64797215051078],[17.753710826331687,40.647641012816955],[17.75401301817297,40.645500519848824],[17.754122166454607,40.64471530713765],[17.752355979058166,40.64439949928623],[17.752328539553165,40.64452739504402],[17.75209395753807,40.644451276926446],[17.75201514403086,40.644416286430996],[17.751419958064155,40.64415204638979],[17.751051854860133,40.64404530879703],[17.750638943878418,40.643925576833276],[17.750499376720633,40.643885106080276],[17.749651815887404,40.643725009608865],[17.748814245364077,40.64350568790482],[17.74817766572049,40.6432665218088],[17.748344739025494,40.643010937623224],[17.74867310926228,40.64268009289565],[17.74912826428439,40.64219120774357],[17.7494184107341,40.6419747534135],[17.749444686796394,40.64195279456305],[17.74974587424865,40.641725859207064],[17.750402027736087,40.64128453636739],[17.750797457752427,40.64086096899906],[17.75083144620724,40.64082456319548],[17.75111125021762,40.640438998778905],[17.751340157703325,40.639958342053504],[17.751548050613195,40.63947482408392],[17.751575186879677,40.639412037417166],[17.751576510849382,40.63933815339572],[17.751579824159254,40.63930817420585],[17.751626240800718,40.63910463003589],[17.751761636227734,40.63863113509218],[17.75218051554129,40.638180955919296],[17.75268524768248,40.637575866344555],[17.75304743059219,40.63718846211675],[17.753186353908823,40.6368316007584],[17.753178570613166,40.636769146817244],[17.753174353830623,40.6367157067815],[17.753170649182024,40.636668865493576],[17.753162677811183,40.636572527002],[17.753126906247548,40.636257427012325],[17.753122567632133,40.63622890651289],[17.753111326449908,40.63610706222999],[17.75310109772305,40.63598578811333],[17.753066048835073,40.63568066302426],[17.753055000227455,40.63560959574606],[17.752996289784278,40.63523638767303],[17.752973626752446,40.63509869489962],[17.75292368088802,40.63499258393225],[17.75283376301713,40.63479912872313],[17.752822307627103,40.63477448294212],[17.75276716017731,40.634655835251856],[17.752737629942374,40.63460371375671],[17.752486500248523,40.63413768597],[17.7523489990913,40.63372102549285],[17.7522670101126,40.63314274299117],[17.752212376911725,40.632391470813516],[17.752147865843614,40.63169941517363],[17.75201452513874,40.631313909087154],[17.751418376642512,40.630932299327284],[17.751198911720387,40.63083440868376],[17.750057839792085,40.63032572114413],[17.748590467421845,40.63000611494848],[17.74841154808395,40.62996766795253],[17.7481240624187,40.62990683448985],[17.748063766680296,40.62989293434368],[17.747997124546256,40.629873456371875],[17.747481495513387,40.62976989669323],[17.746917188226583,40.629713636916996],[17.746414847253792,40.62966409628078],[17.74632233898537,40.62966703501938],[17.745408622661344,40.629686949630006],[17.74519569556507,40.62968685804789],[17.745143551667976,40.6296881963707],[17.744961727788933,40.62968675667292],[17.74491731157927,40.62968856812361],[17.74423704700305,40.62968644043832],[17.743192807973358,40.629509816989305],[17.742091240428316,40.6292341346548],[17.741341134974604,40.62908724702055],[17.74125258772642,40.62906615351033],[17.741209946147336,40.62905893112542],[17.740926832703575,40.62902080047231],[17.74082574472109,40.62899757408571],[17.740482547671682,40.6289386835609],[17.739589030459296,40.62874152612435],[17.739300941618936,40.62866009343427],[17.739006332282813,40.62778771631633],[17.738705998928122,40.62765775851611],[17.738336676753143,40.62758700133014],[17.737931724206387,40.62753692297142],[17.7377779237,40.62752685316204],[17.73766293968351,40.62751911310034],[17.737458414967566,40.62750556053569],[17.73726569736898,40.62749870209172],[17.73673500351849,40.62747981680173],[17.736162098502234,40.62747624214815],[17.73552065959811,40.6275358739236],[17.735174775306046,40.62776899398591],[17.735047516440623,40.62802215610049],[17.734896242288347,40.62806742119075],[17.7348570066441,40.62807712819793],[17.73454995926248,40.628165726237086],[17.73441487652111,40.628110831828856],[17.734306872907258,40.62806694037007],[17.73414471270268,40.62800104148444],[17.734126958966613,40.62788147347209],[17.734107898670946,40.62772052645247],[17.7340921850346,40.627658160885844],[17.73404009287537,40.627451413629316],[17.733690653042615,40.62735215397704],[17.733500165609513,40.62697996406752],[17.733562071437365,40.626754899939755],[17.731579465680472,40.62628546335898],[17.731762955070984,40.62588477957835],[17.73201654489645,40.62565860058201],[17.732273325394345,40.62552436938406],[17.732860259186957,40.62549990466839],[17.733162347495373,40.625688197225045],[17.733421231015743,40.625929269729674],[17.733624017317105,40.62614763114854],[17.73416769414312,40.6262208942675],[17.73450511531475,40.62584666502722],[17.73457171998177,40.62547737588776],[17.734618423219274,40.625114076073075],[17.734610362528212,40.62501826332131],[17.734604514897665,40.62494877142958],[17.734592109446822,40.62480131260562],[17.734440036514076,40.62465853452895],[17.73430990698101,40.624539540799596],[17.73424832415255,40.62447715695233],[17.7342222884328,40.62444908605833],[17.734050477082594,40.62427154581611],[17.733938232426674,40.623798971429025],[17.733900272016946,40.62350960372872],[17.733875724891234,40.62318770773589],[17.733955700652125,40.623120627310286],[17.734079052909703,40.62301716364508],[17.734133121770032,40.62296935437041],[17.73416747877596,40.622943796674],[17.73425313866499,40.622871145883124],[17.73457564367219,40.622630718488836],[17.73505999226382,40.62231951908017],[17.735515148544707,40.622212894087255],[17.736127790687554,40.62213695736116],[17.736597810037736,40.62212133312297],[17.736814060375146,40.622464603075215],[17.73682227084476,40.622954073980786],[17.736818078999683,40.62302005574008],[17.73680336623227,40.62325069063522],[17.73680159350424,40.62328528419802],[17.736786674283213,40.62351440060613],[17.736824141678472,40.624181495427],[17.73685338847291,40.62485377215943],[17.73708015158623,40.625524451131895],[17.737204011973798,40.625652966694226],[17.737538322070932,40.626002133247844],[17.737589600352056,40.62605656222707],[17.737932177659285,40.62641724249216],[17.738251026555414,40.62673479830895],[17.738278744256515,40.62676402508544],[17.738373017630444,40.62684303505421],[17.738436463956777,40.62689793684726],[17.73861008001736,40.62704002412621],[17.738874805798826,40.62721320593966],[17.739086326650142,40.62738594279578],[17.74015116447679,40.627254294665676],[17.74045922981905,40.627216206998604],[17.74060235989339,40.62719644810461],[17.740700796204706,40.62718633954277],[17.740589685783732,40.62665522143237],[17.74050293054372,40.62633830643085],[17.74043885215883,40.62611367036063],[17.74046930527425,40.62560603081802],[17.74078639199565,40.62536769240166],[17.74155184936506,40.62526432611557],[17.742054308943402,40.6251810453378],[17.742555610463693,40.62499891741633],[17.742691721717016,40.62479965397242],[17.742938831876373,40.62450200654399],[17.74311375803684,40.624445925986095],[17.74341733435828,40.62434859860396],[17.74384911611209,40.62422124215686],[17.744289333655725,40.62411343996962],[17.744959840696243,40.624185927922625],[17.745655693077765,40.624114815853865],[17.746151305719447,40.624073194326314],[17.74624131070807,40.624062461051096],[17.74676806054334,40.62395462209675],[17.74687702342805,40.623932275332145],[17.747009820826353,40.623832502505195],[17.747128377188965,40.623744099427775],[17.74718585006087,40.62370124478827],[17.747321697412975,40.62363468353875],[17.747421849130024,40.623584907893125],[17.747488072985696,40.62355199523267],[17.74762637012487,40.62348326272544],[17.748065077088487,40.62322946092073],[17.74842545493054,40.622761258125614],[17.748681308477003,40.62239553130916],[17.748878068367656,40.62202974729092],[17.749144378197744,40.62156427663501],[17.749223615508438,40.621331335323696],[17.74924516523581,40.621268553484725],[17.749255258633518,40.62122028630615],[17.749263987029558,40.621133906881944],[17.74935674330253,40.620441900540285],[17.749369260655552,40.62032801671071],[17.749417266267322,40.61988442184307],[17.7495187168646,40.61946929072445],[17.749542905816337,40.61936733099138],[17.74957961224121,40.6192198255862],[17.749608889963326,40.61896915936408],[17.749614666423813,40.61892985345181],[17.74962566506113,40.618773046139964],[17.749641718264385,40.618656283447436],[17.749648992915088,40.61856899254489],[17.7496555341783,40.61852543292921],[17.749667513783987,40.617913575956806],[17.749731607862884,40.61711766445739],[17.749736471583738,40.617079198967986],[17.74973982637894,40.617044847950936],[17.749748328710204,40.616990407976594],[17.749753607865586,40.61696021774698],[17.749765240804397,40.61688149732597],[17.749851093113744,40.61634825237639],[17.749774672070682,40.61606201145118],[17.749752270808393,40.61597811246123],[17.749747881251057,40.61594472868938],[17.749712800021495,40.61570233753778],[17.749684329106607,40.61546718925887],[17.749680090546935,40.61543305022338],[17.74967123035526,40.61536169696466],[17.749667782515903,40.615328105491606],[17.74966197958811,40.61525641627642],[17.749624062170398,40.61486825850525],[17.749612971123526,40.61436491680461],[17.74960471553477,40.61391181294045],[17.749602170888473,40.61385447264482],[17.749588595190662,40.61360726043962],[17.74958674251539,40.61355263360642],[17.74959898928063,40.61345324061647],[17.749619405013433,40.61296314422013],[17.749613847452203,40.612925378246],[17.74962142692813,40.612748333256356],[17.74962507598257,40.612593812242345],[17.749611854304167,40.61245107436287],[17.749566647245,40.61198585259934],[17.74950339193973,40.61132518484591],[17.749509681202778,40.61060978282992],[17.749486674514326,40.61052447497177],[17.749285124143405,40.609777074627836],[17.74963199990178,40.609273954085495],[17.7498582696197,40.60892197832559],[17.749885636259272,40.60887627655562],[17.75002089561283,40.608664200453205],[17.750131474539252,40.60810121509644],[17.750329937644157,40.607574282482865],[17.750605794841977,40.60705473898914],[17.750654058932273,40.60675869489906],[17.75066936829906,40.60666692636327],[17.75067723635694,40.6066347290886],[17.750704638325907,40.60644847171654],[17.750728273320075,40.60630350078472],[17.750808150000168,40.605699332085386],[17.75079516782064,40.60503934096379],[17.75079968771302,40.60444546823502],[17.751206507705188,40.60433121548131],[17.751767781296515,40.60422537808483],[17.752140600139445,40.60415276407805],[17.75262201529831,40.6040589973105],[17.753574672845026,40.60396821738094],[17.754623098321932,40.60388815003062],[17.75553842831786,40.60402956455735],[17.755962894503032,40.604108610618155],[17.756057538852065,40.60412508057168],[17.75643040166192,40.604195225492674],[17.757249323596078,40.60423153448192],[17.757322185071157,40.60422980936286],[17.758102091572592,40.604211333578554],[17.75842830721009,40.60417759890583],[17.758475584372732,40.60417270950694],[17.759350577693542,40.60408221736905],[17.76029446344373,40.6039762530381],[17.761123851061793,40.60390617917672],[17.761731324947682,40.60399460303533],[17.76181148099184,40.603898797271796],[17.76184679830613,40.60385697526983],[17.762452901869935,40.60313457188605],[17.76266853912726,40.60266617206274],[17.762880917787626,40.602083375531166],[17.763034542335877,40.601435398563964],[17.7631351794711,40.60143985903677],[17.7632270265939,40.60144603208019],[17.763453505522065,40.60145229133688],[17.763533497733853,40.60145439841011],[17.763593040093237,40.601456019747594],[17.763850878350212,40.601467920795855],[17.764016080956512,40.601474972760975],[17.764103195967923,40.60148722477457],[17.764736250585425,40.601576253898216],[17.764879163737042,40.601596340602526],[17.765284179318716,40.60165226832042],[17.76641440385958,40.60176817349436],[17.767515442487046,40.60184130423995],[17.768523630031726,40.601971016682405],[17.769451797493375,40.60209786032477],[17.769950626497916,40.60221253630768],[17.77000283759966,40.60260871459274],[17.770151434304967,40.603042524004486],[17.770438982844464,40.60341170360826],[17.771211520893363,40.6041035032509],[17.77173739981749,40.604490389549],[17.77231660895278,40.60510254427111],[17.772610727705487,40.60563310527309],[17.772848212386013,40.606226450603835],[17.77303249043171,40.6067069653793],[17.773549701601073,40.60716195413012],[17.774192888181837,40.60727461378547],[17.775163749267755,40.60736663750807],[17.775980300497466,40.607362522556954],[17.776749627883493,40.60738003977197],[17.77696686985484,40.60738941584649],[17.777200532553994,40.607399499633246],[17.77751995496644,40.607444927819294],[17.777380750009254,40.60774089840429],[17.777367264818697,40.607768894266194],[17.777670355385133,40.60782990605451],[17.77784051782078,40.607864158794655],[17.778036066706118,40.607903520747],[17.77871952468796,40.608041093346195],[17.779988586705894,40.60829652766544],[17.780232761209675,40.60835360301264],[17.780287009766838,40.60836628310647],[17.782639745384543,40.608916187656],[17.782847804846835,40.6089539868973],[17.78311832690207,40.60900313340745],[17.78328489545315,40.609033394135146],[17.783676161213076,40.60910447476023],[17.78451969449599,40.609257713014074],[17.78538026238221,40.60945253552687],[17.78623969765375,40.609683406641814],[17.78655446964024,40.60976673183912],[17.787135360769664,40.60992049855289],[17.788281040391666,40.61017435364503],[17.78887228138116,40.61031401586834],[17.7889205101004,40.61032540789529],[17.789003983142486,40.6103330237696],[17.789060951112525,40.610339384717356],[17.789119034271245,40.61034596945828],[17.78928560227426,40.61036485133115],[17.78977017855056,40.610035417084916],[17.789858500657317,40.609910268964555],[17.790177582647942,40.60945813905229],[17.790234857032967,40.60937698120532],[17.790455961839466,40.60906017241397],[17.790567678521676,40.60890009984668],[17.790894465962705,40.60845408501626],[17.790975830219622,40.608343067367954],[17.79102713835363,40.60827306137545],[17.79113380360641,40.60814426681949],[17.791229961218214,40.608028161663945],[17.791261240465836,40.60799039247633],[17.79142126183902,40.6077971746906],[17.791500364626792,40.60770166327954],[17.79157549184415,40.60746771204527],[17.791607863963826,40.607366905285744],[17.79164092549024,40.6072639484627],[17.79165426938374,40.607222396860756],[17.791678011636524,40.60714846587385],[17.791697294890586,40.6064905016648],[17.791689092622207,40.60644545647155],[17.79163221570681,40.606133073637835],[17.791622202568632,40.60607807814073],[17.792168558190387,40.60603839566942],[17.792817411570997,40.60605616709821],[17.79305376762925,40.60606264074865],[17.793657724085183,40.606056760215615],[17.7940515515474,40.60591191880401],[17.794068956337107,40.605861293464635],[17.794077366457934,40.60582529753116],[17.794153732671838,40.60556906150109],[17.794191883163244,40.60509850144056],[17.794264385372625,40.60455335409663],[17.7943942333559,40.604306298884026],[17.794459731930036,40.60431387485156],[17.794950992536826,40.604370696241475],[17.795003786541695,40.60437680358819],[17.7954394453224,40.6044271931998],[17.796460415738117,40.60447474568527],[17.797612919554346,40.60460208326029],[17.79841549014577,40.60467087008497],[17.799039780215832,40.60457349169374],[17.799235709673034,40.60455079806958],[17.79935999442065,40.60453459318081],[17.799865003679113,40.604473243480506],[17.799945572202926,40.604463455426306],[17.80044031093755,40.604380262926426],[17.80053611280705,40.604365296374155],[17.80060078047311,40.604354650780955],[17.80104844137569,40.60430986770775],[17.801180082195955,40.60429669932133],[17.801668778596234,40.60426460758194],[17.801786950497068,40.604255865187874],[17.801987202822886,40.604243696454894],[17.802303520610646,40.60423406332281],[17.802568919883367,40.60422597836114],[17.80286738337267,40.60423000764742],[17.803106989575262,40.603913809034005],[17.803126066701758,40.60388863446408],[17.80312024541735,40.603765709265865],[17.803112892738394,40.60361046866358],[17.803109624411533,40.60354146508394],[17.803101000787994,40.60349154766336],[17.803046755181484,40.603177567094406],[17.803142929034845,40.602945339874864],[17.8035986776318,40.60289011432694],[17.80454811360507,40.60290936065509],[17.80519874797527,40.60292229489593],[17.805534649641363,40.602681000823715],[17.805694228323127,40.60256497392896],[17.80576675877667,40.602132221577065],[17.805673295974522,40.60155938129718],[17.805607378849274,40.60108332849518],[17.80560586172477,40.60102337859966],[17.80560599533556,40.60062852746293],[17.80560035526904,40.60056605712825],[17.805597844731846,40.60050405495111],[17.805578568017978,40.600265937649056],[17.805575836566018,40.60021892747531],[17.805573693458875,40.6001821546056],[17.805559985607236,40.5999493423739],[17.805548294399244,40.599786742145334],[17.80554786692181,40.59973410971259],[17.805530286822787,40.59944224083579],[17.80561225787477,40.599420417414336],[17.806160290631045,40.59927451766342],[17.806371171582764,40.59921901339914],[17.806475660845738,40.599210700034504],[17.807663191870354,40.59914171405422],[17.80770757581745,40.59913748156188],[17.807791287537835,40.59913270376001],[17.80797557589602,40.599122671811],[17.808374599939295,40.59910060202285],[17.808666652150606,40.59908109912777],[17.809538169712443,40.59898037191431],[17.810113078162477,40.59895639299244],[17.81028095896271,40.59902609178047],[17.810350231771977,40.59905556738113],[17.810489722015127,40.59911698361992],[17.810617082949694,40.599233754664226],[17.810968203565057,40.599578624677356],[17.811276323512466,40.599901164853144],[17.81176202814072,40.59987891056056],[17.811853912721034,40.59987470088878],[17.812367677147574,40.599835203310285],[17.812620757874765,40.59981574555407],[17.812823288992313,40.59980017490368],[17.81311242660118,40.59976934037675],[17.81380637533756,40.599695336682835],[17.814167813019036,40.599703403756045],[17.81459916936599,40.599713030214104],[17.815251473952937,40.59969432588725],[17.81589030282609,40.599720896866096],[17.81597217317995,40.59972430147142],[17.81665232959273,40.599759658967805],[17.816849904647707,40.59975391933994],[17.816965597840525,40.59974229259571],[17.817168155412066,40.59973114740495],[17.817240496407667,40.599728387688295],[17.81723557463424,40.59965341051048],[17.81723180773946,40.59960022146399],[17.817225040432692,40.59945330741322],[17.817213279890467,40.59920651949278],[17.817206832234415,40.59906952698783],[17.817194724830326,40.59899883747095],[17.817184926082938,40.598957953489496],[17.81694772146362,40.59849366227383],[17.816787704366337,40.59824825908417],[17.816773210803824,40.59822494597888],[17.816613397003767,40.59798378411315],[17.81622476024525,40.597555608495824],[17.816160628839633,40.59740421743106],[17.81614564409896,40.59736884300052],[17.81602737673296,40.59708964806685],[17.816209908434878,40.59706023238237],[17.81627971038164,40.597048984277585],[17.817121884961306,40.59691326230661],[17.817860250788865,40.59687668138896],[17.81838175719678,40.596872512106245],[17.818515316612405,40.596385747228744],[17.818550074721294,40.59627033317226],[17.818548425395743,40.59623512169955],[17.818564472057055,40.5958692428335],[17.818531883302786,40.595643155515575],[17.818524352164278,40.595589088993115],[17.818510986644377,40.59549779312435],[17.818497890725055,40.59541127600386],[17.818433390154958,40.595217385708914],[17.818414629104474,40.59514877140095],[17.818379175197585,40.5950581663397],[17.818306821673264,40.59483691695819],[17.81825020991088,40.594387174793425],[17.818271808940313,40.59392685105964],[17.81837829433105,40.59314977162355],[17.81843508410985,40.592799208344765],[17.81859206458217,40.59266369535162],[17.818643821704107,40.59261901599689],[17.818755327550743,40.59252275799485],[17.81878567849976,40.59249420715587],[17.818818259377963,40.592463556628346],[17.819447674738026,40.59187142944145],[17.819742732788356,40.59156097674176],[17.820146232576977,40.59108924868368],[17.820265034298174,40.59082831983201],[17.82069502038899,40.590066823278356],[17.82080679093223,40.58958016696966],[17.820818532420887,40.589529039892945],[17.82085586582258,40.58936649268391],[17.82090666431874,40.58888147123218],[17.820906035729042,40.58838690747191],[17.82097325992397,40.58798155110854],[17.821200007371786,40.587244668294026],[17.82138650601335,40.58673795828228],[17.821559629223405,40.586744666553],[17.821597176829563,40.58674864936351],[17.821827151751627,40.58675503112109],[17.821959770242053,40.58676685872092],[17.822005379875506,40.586778309812054],[17.822101849640344,40.58680547861137],[17.822568109266996,40.586945083421284],[17.822684976032985,40.5869718000717],[17.823631934799277,40.58721481887398],[17.82443450052347,40.58746327154359],[17.8253579519778,40.58771138695201],[17.826172431466993,40.587871213110816],[17.826488349548587,40.58789634259594],[17.826535806462825,40.58790027001105],[17.826840169645077,40.587925454875744],[17.8269444288362,40.58788828636686],[17.8272906963613,40.58776484167982],[17.827324161820766,40.58776589329472],[17.82745969951478,40.58777015041515],[17.82807846021441,40.58778958656081],[17.8283675947969,40.58782835236258],[17.82890909778151,40.58790095358446],[17.829207318045583,40.587940934458764],[17.830643711771728,40.58811494011935],[17.83099959740372,40.58815804976253],[17.83127029357205,40.58818802121432],[17.83184301891947,40.58825143035444],[17.832170984082616,40.58828774028172],[17.832630476924628,40.588338609175544],[17.832723540162764,40.58834891165959],[17.832985226979243,40.58836824783784],[17.833615025343214,40.58841478182883],[17.834450883998066,40.588476535044116],[17.835464818577016,40.588672633500266],[17.83666007481297,40.588769192676956],[17.83680999271811,40.5887827908456],[17.83710133293306,40.58887086288941],[17.83771575366151,40.58905660076351],[17.838393821542407,40.58954387161222],[17.8389332120909,40.589981119462294],[17.83902233687023,40.59001301536957],[17.83940841115574,40.590146070440795],[17.83988451754547,40.59031015170062],[17.840365751050097,40.590447959499514],[17.840500228941746,40.59048646946758],[17.8413069928576,40.59071748973541],[17.841970165795875,40.59100355783569],[17.84264965714147,40.591079245432596],[17.843001828518922,40.59113303383506],[17.843156269229695,40.590941222832896],[17.843187522407057,40.590899539464786],[17.84321446650576,40.59086106452692],[17.84326346026502,40.59079358405591],[17.843590506661744,40.59028049325314],[17.84381843564669,40.59004260174542],[17.84426716677279,40.58949086878196],[17.84449945719195,40.58908627233029],[17.844902053186367,40.588542601739626],[17.84606174742161,40.588792552141015],[17.84635461807885,40.58829198108554],[17.84640100689016,40.58821276713137],[17.846439004308717,40.58814866134503],[17.846479254387145,40.588079216199226],[17.84686529240565,40.58742070221088],[17.84692238303057,40.58732331483374],[17.84705632496951,40.587094829295964],[17.847268716097865,40.58673251771558],[17.847843122553734,40.58575263911844],[17.848124808393557,40.58523176638701],[17.848211050594067,40.58503614168592],[17.848343362592992,40.5847416661677],[17.84838541922987,40.58464060819635],[17.848398645824915,40.58460333802254],[17.848413307090496,40.584562021841606],[17.84845284566348,40.58448251606064],[17.848464690141515,40.584446598100975],[17.848488592835384,40.58437410719068],[17.848497655644938,40.58428556176161],[17.84839197984154,40.584024104918804],[17.848374269915162,40.583950883908024],[17.848279032267865,40.583529240771185],[17.848178589283865,40.58281758068746],[17.848159166582864,40.582360472174805],[17.848223825261677,40.5819148254427],[17.848223462660453,40.58135730452251],[17.84822426496251,40.581301293352645],[17.848224864714705,40.58125942991129],[17.848232360257054,40.58073613748622],[17.848142409940756,40.5799921776864],[17.84824160442957,40.57925162506961],[17.848367485201965,40.57840109472019],[17.848491758197675,40.57767208778067],[17.848177995442715,40.57748496920814],[17.847745145403497,40.577334065670385],[17.84764203932182,40.57711272150949],[17.847633817699375,40.57702374191409],[17.847634217458083,40.576981529745815],[17.847601205694744,40.57642790148765],[17.847472110870907,40.57558639360789],[17.847448012295114,40.57545869140497],[17.847439202271126,40.57537474191548],[17.847419711241436,40.575245872840824],[17.84743096034172,40.57515102855433],[17.847441024578103,40.574924383911686],[17.847455999847025,40.5745683252941],[17.847466015207893,40.57447340001684],[17.847467109303686,40.57444196510595],[17.847447227394937,40.57432406588801],[17.847067331353905,40.571918836843935],[17.847612212170127,40.57169246400113],[17.84776644525367,40.571433258393476],[17.847774122046673,40.57075820647688],[17.847767706308776,40.570187705687864],[17.84776593681606,40.57003041582393],[17.847795235812754,40.569943965775494],[17.847985523571914,40.56937498051999],[17.84792892723209,40.568861660354386],[17.847921395820325,40.56877679397564],[17.847899997344634,40.56859474385057],[17.84788778079264,40.56848329163473],[17.847890440278096,40.5683367173383],[17.847908697078825,40.567330611654974],[17.848038029149556,40.56684515766057],[17.84813495977772,40.56648131095123],[17.848228580273112,40.56592102504714],[17.848554017877998,40.56484151194999],[17.849081390290923,40.56486151981206],[17.84959959800966,40.56481251789686],[17.850114824358474,40.56471876058473],[17.8505985780273,40.564654413217745],[17.851680039358655,40.564584381151825],[17.851733918636576,40.56446534340173],[17.851759593860866,40.56441475030468],[17.851777392296924,40.56436929881132],[17.851806340910702,40.56430534333254],[17.851821344457587,40.56427219658048],[17.85180461206531,40.56423821605228],[17.85162752970731,40.563900517738425],[17.850960395016738,40.563538348163256],[17.850877482363984,40.56347977938554],[17.85032928805413,40.56309253623408],[17.849687818092384,40.562723875968814],[17.849051855069447,40.56233499106059],[17.848754238852926,40.56215299753318],[17.847810833500493,40.56164133112576],[17.847717369016493,40.561583548456994],[17.847444237825922,40.56141468872379],[17.847325905959444,40.561341532493856],[17.84723108013147,40.56123691800675],[17.847140175878092,40.56114128206747],[17.846940640200113,40.56092614488276],[17.84679328036413,40.56081519336137],[17.846659283420173,40.560712830520814],[17.846582858848137,40.56065519463023],[17.84632997979236,40.560456230433516],[17.845700726165113,40.560001209650416],[17.845486093156385,40.55971652178146],[17.845512768051005,40.55925134970054],[17.84559309195075,40.55903405466106],[17.845755720814616,40.558594099413355],[17.846029051560418,40.55798848545825],[17.84606772943534,40.557900123446764],[17.846129882961613,40.55780418781882],[17.846148580041874,40.5577758034517],[17.8463003710094,40.557548963976586],[17.84634749918156,40.55747381097532],[17.84643020626668,40.557353306103664],[17.846935266197384,40.55713168224372],[17.84785754744099,40.5568851356967],[17.848888401806644,40.55674273782838],[17.84893236280045,40.55673955492043],[17.84991905656722,40.55667199250881],[17.850931632891566,40.55668372720689],[17.851295195541688,40.556651930909744],[17.851379572742506,40.556642499793355],[17.85207795768035,40.55659292769468],[17.852838034497648,40.55654548239428],[17.85379961490233,40.55626210277862],[17.854962897037478,40.55621045448344],[17.855723410327975,40.556077523180335],[17.855805417675434,40.55607740573877],[17.8564550643554,40.55607647125795],[17.856502383397796,40.55607640355228],[17.85776858249775,40.556074570740094],[17.859023804254523,40.55604108717782],[17.859190160419224,40.55603664850962],[17.860133576216228,40.55596370317391],[17.860348405860517,40.55594709192813],[17.861311418682657,40.55584696750843],[17.86169739169403,40.5558068350342],[17.862499111736152,40.55574032545885],[17.862627799426097,40.555719972157185],[17.862835424241904,40.55568713400455],[17.863486384509475,40.55558417451629],[17.86351891259138,40.55555729779446],[17.863606041006204,40.555485303414805],[17.863681748413214,40.55542340253087],[17.863866137225664,40.55527038091557],[17.86384277055803,40.55522726188026],[17.86374083038358,40.55468208969248],[17.86348188306035,40.55413107766437],[17.86310883491993,40.55340906529309],[17.862674466046116,40.5526468088738],[17.862374818418406,40.55231615024844],[17.862328861848777,40.552269144719645],[17.862308909574622,40.55224156765454],[17.862266377704977,40.55219727473453],[17.862090948575045,40.55200402485549],[17.86189009053301,40.55179946152298],[17.861863086524124,40.5517770851183],[17.861647781594055,40.55155268108693],[17.861136440782886,40.55114256704408],[17.860748820267776,40.55070944059552],[17.86077183177815,40.55058654251472],[17.860785232635283,40.55054330855414],[17.8608570818257,40.55021548761154],[17.861196071191507,40.54952833161197],[17.861437519806763,40.549127465360414],[17.861934455379373,40.5488517862782],[17.862019391147417,40.548804667494004],[17.86204962410301,40.54878789573107],[17.862625661274265,40.548687108797665],[17.86340371505243,40.54866517791551],[17.863871531188106,40.54857054445019],[17.863926453698834,40.548474912044874],[17.86412284747766,40.548132947532615],[17.86421316935252,40.547714904314155],[17.864301665494494,40.54730530337848],[17.86431465574557,40.54679035051872],[17.864315562171225,40.54676374143415],[17.864319052944666,40.546616031379436],[17.864415824753777,40.546390683806955],[17.86462062776137,40.54591376839458],[17.864689171027887,40.54567819511726],[17.864794613357656,40.545315801215736],[17.86490860821772,40.545087117692056],[17.86506826762807,40.5447526040001],[17.865153281219445,40.544577640089386],[17.86534196413411,40.54404596304001],[17.865506639170583,40.54348919027367],[17.865511597615544,40.54299421494976],[17.865757374893615,40.542426683154154],[17.865929386180138,40.54172541450699],[17.866014319116783,40.54156340490262],[17.866256133859135,40.54110213324254],[17.866212763303725,40.54068733389823],[17.866084370958934,40.5405413991648],[17.865851771705973,40.54027831592741],[17.865799277482523,40.54021906422561],[17.865652121470454,40.53972807535769],[17.8656373798307,40.53966813170732],[17.86562592211015,40.53962154521768],[17.865606383931365,40.539542103463695],[17.865533159929768,40.539244371945095],[17.865511043515315,40.539154441016464],[17.865506500024402,40.539046909311516],[17.8654892036372,40.53895022980848],[17.865435706021685,40.53845438642343],[17.865431656700753,40.5378252008204],[17.86597927626759,40.537710912804094],[17.86607985505681,40.537204030074626],[17.865992211598023,40.53681066146687],[17.86583166134893,40.53640041308236],[17.865028284606375,40.5363861249194],[17.864763788780206,40.53628071728173],[17.864291437075583,40.53574169318389],[17.864208415572968,40.535316097633725],[17.864171341442503,40.5351260397854],[17.864488670541693,40.534786759715125],[17.864784609855814,40.53461575126318],[17.86502775359709,40.5344752492921],[17.86528962906483,40.53435337392665],[17.865688195219793,40.53416788329304],[17.86579678649129,40.53414207592657],[17.86610766550675,40.53406819200301],[17.866613645298827,40.53394793779778],[17.867433443783487,40.533647070172954],[17.867529548403052,40.53361179942365],[17.867612050748377,40.533594949196186],[17.868734350185274,40.533365721736686],[17.869666620897526,40.53306427565016],[17.870161722828566,40.53291464795088],[17.870646719825828,40.53276807170515],[17.870837615659802,40.53262948808959],[17.87089150060358,40.53259382305841],[17.871073685398542,40.53245810924601],[17.87110004119588,40.532441108486395],[17.871471652198153,40.53216919502091],[17.87173075787398,40.53203081239517],[17.87177880950929,40.53200514946478],[17.872219922337216,40.53176955787705],[17.87320681634881,40.53136944985406],[17.87385736585966,40.531121218318646],[17.874361950282395,40.530816872979365],[17.87487416606435,40.53041049615943],[17.874915633509843,40.530375673000265],[17.87503526570622,40.53027208716855],[17.87527883904016,40.53006632515831],[17.875650298532314,40.529759417041944],[17.875806812318945,40.52965109415594],[17.875945006282002,40.52955601580383],[17.87599541863079,40.52952056164963],[17.876029180436067,40.52949518887607],[17.876534701573036,40.52918738166308],[17.877458928674997,40.52871561989101],[17.877843954826567,40.52848154315171],[17.877884120244882,40.52845712436099],[17.87800138268039,40.52838583595902],[17.879055112850395,40.52793554959584],[17.87934657815313,40.52782760659846],[17.87940082525982,40.527807516199054],[17.879546482108406,40.527753571814046],[17.88021068821894,40.52734244333169],[17.880889972233913,40.52691213453915],[17.881336761243265,40.5266167063119],[17.88180559783606,40.52626565795587],[17.882009461081115,40.525946336794185],[17.882034742383787,40.525909577655646],[17.8819244492218,40.525893939917395],[17.88188348506504,40.52588520186554],[17.881698058077596,40.52585582010151],[17.881428250811677,40.52613079711626],[17.881116426285345,40.52626736133156],[17.881176079026076,40.5257411481307],[17.881386690358703,40.52533143151193],[17.881463387795748,40.52521561823783],[17.88167860480308,40.52489063943381],[17.881963435004874,40.52439648750049],[17.8821091491549,40.52412000471627],[17.882257432927137,40.52383864657246],[17.88247664135419,40.523205672027544],[17.882540539651504,40.52277809488275],[17.882592457081884,40.522544447485494],[17.882628979578392,40.522380081532226],[17.882773668817947,40.52182930610339],[17.88205823541858,40.521655441288],[17.881494166459696,40.52161825018822],[17.88143117853437,40.52161409780363],[17.880790614729374,40.52156034722372],[17.880043309809924,40.521478857373566],[17.87986986011231,40.5214628577326],[17.87914257529752,40.52139577076117],[17.878948188762653,40.52138753340331],[17.87846712114438,40.52136714854795],[17.877902414067577,40.52132996895051],[17.877446042593267,40.521176464500954],[17.87745078652025,40.52114956201279],[17.877521626182087,40.52074797651785],[17.877520426663654,40.52042884280482],[17.87742664369662,40.520188781780895],[17.87700864773603,40.52000478529979],[17.876919957991706,40.519965975444656],[17.876873392971746,40.519949209967265],[17.876668698756745,40.51987550914347],[17.876635096599454,40.519863411278315],[17.87638735322831,40.51961732925465],[17.876410822319745,40.5190849613662],[17.87646461224025,40.518848433297485],[17.876540929498514,40.51851284748117],[17.87653633739375,40.51802791383127],[17.876534378414785,40.51782093410178],[17.876536882123865,40.5176317961254],[17.876545586516666,40.516974813598246],[17.876537426461766,40.51691651497036],[17.876428532319583,40.516138589667165],[17.87646183055863,40.51556945157572],[17.87656013536475,40.515134716304686],[17.876781650062888,40.51476238146982],[17.876946124275,40.514470852101276],[17.876233949432063,40.51409889412136],[17.876087426888308,40.514018042634554],[17.875397923003867,40.513637564895426],[17.875143115488243,40.513418033016976],[17.875081886823487,40.5133652783041],[17.875129809816833,40.51279503359527],[17.875128662698394,40.511671140960004],[17.875127317539107,40.51163509979154],[17.875113962746184,40.51118652725011],[17.875111829774667,40.511152110874434],[17.87510962865557,40.51111680052624],[17.87510873415688,40.51109138326784],[17.875106271407013,40.51103370637416],[17.875102869078535,40.51095037921124],[17.87509489006372,40.51073866632451],[17.87509611820593,40.51067992222685],[17.875154525817088,40.50981212760966],[17.87515235838815,40.50977266373316],[17.87513736212417,40.50960233628181],[17.875140423794544,40.50955537517962],[17.875130600851314,40.509376526985264],[17.875110795937175,40.509015946446155],[17.87510701446509,40.508947120281746],[17.87510263900615,40.50886745919977],[17.874933351230176,40.50848787114424],[17.87491599217792,40.508438648557735],[17.874886016347247,40.50836522291008],[17.874839464187872,40.508258046774515],[17.874822571560767,40.50821829941282],[17.87480216235558,40.508166646678426],[17.874765660151947,40.508070969885395],[17.87444488612196,40.50733531449097],[17.874374129702495,40.50713660162478],[17.874210702829412,40.50668084108422],[17.874164716837903,40.50655259100346],[17.873919572731623,40.50548350022648],[17.873716956492842,40.504648349393285],[17.873689448976478,40.50455232038709],[17.873672235839763,40.50446401668077],[17.87335156963166,40.50353561837005],[17.872814322010242,40.502679350238445],[17.872697147336993,40.502466638836204],[17.872666148634202,40.50239274589225],[17.872571445704246,40.50220898820404],[17.87253701710867,40.50215175307653],[17.872318484988295,40.501722707056125],[17.871951061140038,40.50070801109933],[17.871850763684886,40.50054042706215],[17.87179387856002,40.500447493018484],[17.871777409743007,40.500420197531696],[17.871408264414622,40.499747370460064],[17.871306675545252,40.499337081750575],[17.87114667368976,40.498886359769365],[17.87097420394341,40.49865243796662],[17.87092779534875,40.49858950548304],[17.870761385864537,40.49864498239353],[17.870421694879795,40.498771621360724],[17.87038372052937,40.49882215598273],[17.87034711874078,40.49887086502835],[17.870098868580076,40.49920123033541],[17.869695593758667,40.49955818625706],[17.869553376939837,40.49968406766922],[17.86937245468888,40.49993762159863],[17.869337701822996,40.49998209483706],[17.869319554414655,40.50000792964455],[17.86889806623185,40.50040469096526],[17.868652961397142,40.500580263483556],[17.868475844006724,40.50070713597095],[17.868245229214267,40.5008778476373],[17.868054264021996,40.50103649831902],[17.867768399046128,40.501278921357326],[17.867683033188165,40.501322570225085],[17.867385039769477,40.50147494087996],[17.867126100409642,40.50160961695172],[17.866907100215727,40.50191206436581],[17.86688403569902,40.50189362420394],[17.86645507602294,40.50150190730519],[17.86598844741897,40.50109289938559],[17.86562287064567,40.50075697294809],[17.864759875655782,40.5002249768899],[17.864732611758388,40.500205321472656],[17.86437139001683,40.49998148365318],[17.863992744640626,40.49957505644027],[17.863691498948178,40.4992517035255],[17.863598432897458,40.49916250665039],[17.86297956001357,40.49856935919472],[17.862595782773706,40.49823831403073],[17.862085048964495,40.49779774924954],[17.861257729943635,40.49713329869702],[17.86050475662777,40.49662945805756],[17.86013458691104,40.496240218408005],[17.86001883832495,40.496118506339066],[17.85982926589357,40.49589504878661],[17.859460404917204,40.49546025028431],[17.859385811374466,40.49535024962057],[17.858985571958833,40.494760026042556],[17.85891862170498,40.49466129374456],[17.85855932903496,40.494194492934085],[17.85840795649538,40.493963383426184],[17.857711959601264,40.493907090505324],[17.857676652069618,40.49406088278774],[17.857560488536187,40.49457136494681],[17.857286814151156,40.49578627032914],[17.857091556548504,40.49665044386919],[17.85704370817821,40.496764740454104],[17.857026282087663,40.49680636515682],[17.856935651492908,40.497024137356846],[17.856916054431252,40.49707838081923],[17.856463646770234,40.4970901323734],[17.8556607386102,40.49707570160594],[17.855092004429615,40.49705146071399],[17.85498552375771,40.49704692215259],[17.854143412194873,40.49693661496925],[17.85393896408119,40.496918895786784],[17.853622058999427,40.496891430810194],[17.853021453788866,40.496870399656274],[17.85256770560702,40.49680201299098],[17.85262799087238,40.49651486447924],[17.852644342863567,40.49648419980508],[17.852904226673424,40.49605215574698],[17.8531018971635,40.49567716479874],[17.853257457722705,40.49520654716902],[17.853359144606028,40.49459617780287],[17.853403291547014,40.49441979276718],[17.85341528254527,40.49438160082516],[17.853433241215082,40.494317924518164],[17.853442037992657,40.49429189614809],[17.853471044001704,40.49416846923743],[17.853498755867214,40.494062541012475],[17.853515293372293,40.49401457828824],[17.85370688328012,40.49359818077966],[17.85373585715129,40.493529792392614],[17.853749703461297,40.49349710625876],[17.85386838479248,40.493216979793054],[17.854093064725067,40.49295683435272],[17.854325139695042,40.49259723200818],[17.85451555071012,40.492033946281175],[17.854723218452623,40.49171216968314],[17.854960842035815,40.49145600318631],[17.855070909520478,40.491333200681694],[17.855210906078728,40.49114484652355],[17.855354552830594,40.49095066729288],[17.855395077703996,40.49089621595674],[17.855486531369774,40.49077130689202],[17.85556497410453,40.49066779058301],[17.855776377311035,40.49038799856697],[17.855800857125686,40.490354692312565],[17.855856914404857,40.49027862355537],[17.85598939356143,40.49011262283844],[17.856124111312926,40.48983059944288],[17.856182686832724,40.489720291283376],[17.856201468152992,40.4896857066805],[17.856333281128794,40.48947859028686],[17.856493108229543,40.48923665610412],[17.856516461167374,40.48921438695195],[17.856595694973556,40.48915639556418],[17.857192928509182,40.488706771948365],[17.857663662667573,40.48812634436057],[17.85804060103805,40.487593669637036],[17.858253688133917,40.48704663405268],[17.858385461260855,40.48660644945793],[17.858419020568142,40.48649434138333],[17.85843106732772,40.486447506594736],[17.858446131129654,40.4863980475882],[17.858457031589612,40.48636112746773],[17.858550234695933,40.48603447127087],[17.85857457341554,40.48594735445386],[17.858630314471046,40.48583817347202],[17.85867741231344,40.485729146836476],[17.85871863692612,40.485661807275115],[17.858791705656067,40.48560098347494],[17.858971551866333,40.48545517338468],[17.859008410636545,40.48542379843178],[17.859048633275894,40.48539072833901],[17.859113374869743,40.48533823097416],[17.85913512307547,40.485319082555094],[17.859179383858926,40.48527825370666],[17.859220968438187,40.48523826650771],[17.85932453230043,40.48514478578051],[17.859385484649547,40.485091861680274],[17.859418471220973,40.48505371143249],[17.859566053372003,40.48484099680933],[17.85961741950912,40.48414013943179],[17.859759984674373,40.483616542891326],[17.859744202514545,40.48320861433596],[17.859740715838555,40.48284918983485],[17.859778615774186,40.4820908890146],[17.859817187056702,40.48140449608408],[17.860157825025755,40.48127146784983],[17.860377025984018,40.481185863363194],[17.861064276899764,40.48109393154347],[17.861120743758033,40.481088247311405],[17.861173067420204,40.48108615113321],[17.861584630409542,40.48105658716934],[17.862319163305237,40.481067229417725],[17.862908515101235,40.48109360227833],[17.863697780625326,40.48109554424333],[17.86390301190171,40.481030531157295],[17.864042569327587,40.480986433581776],[17.864133390232897,40.480953943473374],[17.86427065900618,40.4808534842598],[17.86441618650898,40.48074450087097],[17.864451499941822,40.48071805475363],[17.864528862637393,40.480666945563094],[17.864806111256982,40.48048378340927],[17.865042951558394,40.48024967790015],[17.865301148098716,40.48025774928251],[17.86543809677095,40.4802620306542],[17.86553965755163,40.480265204884205],[17.865866249745718,40.480346509217334],[17.866118487499328,40.48040930266328],[17.86632543918715,40.48045820893159],[17.86637759014342,40.48045490522745],[17.866771830626337,40.48041091896329],[17.867244808282713,40.480358144917034],[17.8680212360044,40.48032957787738],[17.86893628759698,40.480281273575706],[17.869466677257076,40.480254490300354],[17.869607236063032,40.480278054857436],[17.86984331886228,40.480327015604914],[17.870051920253605,40.48037254014832],[17.8704345925571,40.48034552177367],[17.87068140415023,40.48032907236649],[17.870770242981845,40.48032375354203],[17.87085701734465,40.48033158665513],[17.871145695496853,40.4803576477054],[17.871872306214765,40.48019801052416],[17.872427377629755,40.479943745361915],[17.87260800602392,40.479837802303294],[17.872957275564954,40.479632946239384],[17.87301067842526,40.47960656514671],[17.873218585248203,40.479503855137395],[17.873302617311374,40.4794623413553],[17.873450590688805,40.47941494354738],[17.873805335594422,40.47930149006833],[17.874792914079837,40.47904574956977],[17.874962701103023,40.47901174877455],[17.87541524650896,40.47892112396389],[17.875643405818046,40.478858532485],[17.87603128669119,40.478752122550965],[17.876744161832935,40.47855299110312],[17.877322530605046,40.478441618299314],[17.877566735079775,40.47839459285478],[17.87764264327225,40.4783799754156],[17.878488831314296,40.47827847948523],[17.87866453233584,40.47904721238135],[17.87877608694239,40.479488209862346],[17.87907505888078,40.48009900291813],[17.8790858069876,40.4802315791785],[17.879106150292376,40.48048254374805],[17.879144243826378,40.48095243325194],[17.87914274901872,40.48112151548372],[17.87914023318891,40.4819193991383],[17.87930630806488,40.48252700886809],[17.879392573847973,40.483154274716114],[17.879405850161582,40.48336406729192],[17.879427402236697,40.48370462235712],[17.879432040077415,40.48431573114678],[17.879500682595864,40.48485444955757],[17.879561859979507,40.48547017540938],[17.879662759493925,40.4861188285269],[17.87972586878469,40.48650507291047],[17.879758658718885,40.48656478500691],[17.879843477285828,40.486725285546015],[17.879900219517197,40.48683079049353],[17.87991775408274,40.48686339400632],[17.880090578809128,40.4869415962441],[17.88032499018281,40.487047665722926],[17.880632095574082,40.48727567368871],[17.880696518525276,40.48734964122585],[17.881090681460837,40.487802198040626],[17.881467879947447,40.48824731260613],[17.881528001427604,40.48830404348783],[17.881576757937847,40.488362887655576],[17.881595812294986,40.48838670175888],[17.88182928567454,40.48863520043904],[17.88203131425512,40.4888533682469],[17.88218218586261,40.48899133285658],[17.88224886929675,40.489052310117486],[17.88270215330671,40.48946680607201],[17.882849633983906,40.48959733136407],[17.882908671194254,40.48965445391451],[17.88294265646421,40.489683806622836],[17.883310199517464,40.489990681387816],[17.883731883944904,40.490331554687145],[17.883970041034,40.49052406942479],[17.885086749681925,40.49128280826298],[17.886213904173335,40.49196428580994],[17.886307409011277,40.492027808985426],[17.886549042193888,40.49219196524261],[17.88680480212591,40.492365717830495],[17.887130623617775,40.49258706221399],[17.88729258146281,40.49269708581677],[17.887588754194855,40.4928831012684],[17.88770581320591,40.49295656910554],[17.8877575288287,40.492989025702926],[17.887879636021154,40.493067758197036],[17.887969579286725,40.493119286813446],[17.888037294825796,40.49316461458051],[17.888229819564657,40.49328544436273],[17.888532029332527,40.493475113964564],[17.888855898919502,40.49370290272847],[17.88932920624492,40.494035790040876],[17.889488875999056,40.49414808927526],[17.889588372168763,40.49420552115143],[17.88979048128576,40.49432091268206],[17.890519771283085,40.494737286304854],[17.890900351202845,40.49496615257634],[17.89110795142473,40.495090994811484],[17.8914172021499,40.49527696377509],[17.891488034753763,40.49531955850663],[17.891672090865875,40.49543023910092],[17.892072670083788,40.495672288539986],[17.892786509126502,40.496103618058555],[17.89286799768254,40.49614809646355],[17.89422182332271,40.49688703467983],[17.895026621362508,40.497279603818754],[17.89512688648063,40.49732851088002],[17.895176073635493,40.49735250313774],[17.895446460295002,40.497470914756704],[17.895692116713725,40.4975784962758],[17.89592431793529,40.49768018377155],[17.896126748619615,40.49776883379358],[17.896202160690663,40.49779982866316],[17.896527998464503,40.4979337472173],[17.89677365952745,40.49803471203456],[17.89712052477591,40.49817727066572],[17.897495272899867,40.4983595073666],[17.898084186932536,40.49864650712665],[17.899015778641743,40.49911823635475],[17.89984820808882,40.499575167339444],[17.900664662125017,40.500016903258725],[17.90070342885673,40.50003787674966],[17.900778470770327,40.500078478554926],[17.900851100294414,40.50011777219168],[17.900908058726504,40.5001445179798],[17.901598793022675,40.5004688537735],[17.903708231321023,40.500696178670474],[17.904935588995368,40.50122130812588],[17.905874723268493,40.5016384195737],[17.906980786946065,40.50213696565824],[17.9072023550502,40.50225026950636],[17.907736766314788,40.50252174438072],[17.908842522114945,40.502891542942805],[17.909201872331295,40.5030144408398],[17.909383003087388,40.50307912855422],[17.90950931321706,40.50312296669229],[17.9100006095712,40.50329347840188],[17.910113988650068,40.50333282664228],[17.91017154155621,40.50336306076271],[17.910235313569814,40.50338912816571],[17.910280437573675,40.50340474281348],[17.91106317365893,40.50375300752091],[17.911987052486428,40.50409935655336],[17.912811651369317,40.504385928917316],[17.91384761080853,40.50479996330841],[17.914879609434234,40.50549302227123],[17.91564838767464,40.50606717656281],[17.916312798796774,40.506168366660674],[17.917675901275977,40.506341070296095],[17.91883686948159,40.50648074694182],[17.918924133242037,40.50649124471425],[17.920300230230204,40.50671688145193],[17.920425662717324,40.50673659764159],[17.921524646614635,40.506909336452054],[17.922499446009724,40.50708522977239],[17.923888276459902,40.507273854337086],[17.925102238132883,40.507476078776136],[17.92624707908816,40.50777810176753],[17.92719641571752,40.508229479561706],[17.927242117520475,40.508245378533935],[17.928672920679308,40.508695214592166],[17.930207960959173,40.50925002204905],[17.93129175250982,40.50982200766755],[17.932313298947058,40.510214478855346],[17.932380029230984,40.51023179968817],[17.932427848621472,40.510244247482525],[17.93267601955254,40.510309133994554],[17.9327370509341,40.51032510478682],[17.932821455716994,40.510347098808204],[17.93346986017632,40.51051550667034],[17.933928153374364,40.510654386358446],[17.933964515018165,40.51066528785109],[17.93419381712158,40.510735870736795],[17.934275109469763,40.51076130210235],[17.93454539382591,40.510839239498324],[17.934587849801936,40.510851836463445],[17.93490727605776,40.51094506617684],[17.9361132329605,40.51127093780586],[17.93749003255113,40.51181168388677],[17.938803596244735,40.5123611821827],[17.93961526810441,40.512580741160875],[17.9405517227664,40.512834046249125],[17.941515800430995,40.51313227095055],[17.94159874917938,40.51315253829046],[17.941664448740568,40.51316930173404],[17.941789364259837,40.5132118715726],[17.943101891524528,40.51377487117159],[17.94382587979269,40.51405513841976],[17.94385601537212,40.51406634532552],[17.94456547513771,40.514344068049056],[17.945501645757442,40.514836550288194],[17.94597091811271,40.515160577534395],[17.9465022077133,40.515534272746244],[17.94666689874588,40.51565027772463],[17.94702968094864,40.51588903692815],[17.947068967759055,40.51591473714282],[17.947174062882535,40.51598386176189],[17.948040279047767,40.51611788316319],[17.948242802241385,40.51614897683019],[17.948857855386663,40.51624125136064],[17.9490054383717,40.51626348488681],[17.949443053718216,40.51631951210782],[17.94962028681781,40.51634220369128],[17.94994352457405,40.5163835861849],[17.950121015784752,40.516431216550785],[17.950994629388383,40.51666564780614],[17.951523590775125,40.516876149162],[17.952297896623698,40.51702694908164],[17.95361495865841,40.517490603724546],[17.95401190532065,40.51757067080816],[17.95404647400137,40.517576207865304],[17.95481991541109,40.517733646192085],[17.955525931598427,40.518033663321255],[17.95590958328471,40.51839035402377],[17.956315502779503,40.518781253155325],[17.9566810544869,40.519310219278374],[17.95707550475311,40.51994481237916],[17.957270078368076,40.52062649670611],[17.95741833947412,40.52102851682089],[17.957882451582485,40.52136991228185],[17.958553963495174,40.521632146611246],[17.958918509506905,40.52164863016008],[17.95898631758416,40.52163806186599],[17.959097351845628,40.52161944207778],[17.95915911069697,40.521609360053695],[17.959209651431035,40.52160111083073],[17.95924600282375,40.521593750515386],[17.959565541091834,40.52155307726146],[17.960373048423538,40.52166529490813],[17.96114314255236,40.52176243776191],[17.962162872724225,40.521853539612344],[17.962927472506358,40.52204103613513],[17.963732177561795,40.522373753692044],[17.96449830760452,40.52285785028855],[17.965247285037982,40.523257886184005],[17.965997453469168,40.5236667610465],[17.966833163647447,40.52418587575477],[17.967410610412795,40.524681265064864],[17.967472408793398,40.524733825696906],[17.967552197687848,40.52488767742944],[17.967691926387594,40.52516177715835],[17.967959889792027,40.52587779659392],[17.968038372906932,40.52603928019915],[17.9682851097144,40.52653039539316],[17.968308140226664,40.5265793773936],[17.968318447576532,40.52661201812148],[17.968345321356793,40.52669928393627],[17.968380244796734,40.526816893396145],[17.9683941519102,40.5268556683363],[17.968403352040067,40.52688201664553],[17.968572799221427,40.527155998891175],[17.96865859165623,40.52728593192163],[17.96870653851369,40.52736324957383],[17.968798556214132,40.52752102878693],[17.968871772897966,40.52758680821628],[17.968907573502804,40.52761703289719],[17.969005691706542,40.52770711967432],[17.96912523113752,40.52781451415439],[17.969182168739728,40.527865665652776],[17.969254266864418,40.52793043801284],[17.97003293676084,40.52846297754338],[17.97029307447736,40.52852567011047],[17.970532337416934,40.5285833319735],[17.971046833693897,40.52870732403758],[17.97174005672002,40.528819811628814],[17.971853895513682,40.528837478458435],[17.97235373954914,40.528940158061516],[17.972973897024207,40.52905999862402],[17.973747884931274,40.529228711072115],[17.97395957068401,40.52933494705355],[17.974183944517996,40.52944755181195],[17.974463268486673,40.5295857419277],[17.97456936110321,40.52964097130718],[17.974663249961186,40.52978608530696],[17.974937587361048,40.5302100951627],[17.975304283423373,40.53100863080115],[17.975466085655295,40.53139087294339],[17.975567710890495,40.531630946332726],[17.975591246615004,40.53168755836722],[17.97569846332877,40.531945445105016],[17.975771674255515,40.53211768579719],[17.975846498045506,40.53230150792174],[17.976348152283933,40.53265787625281],[17.976712015771152,40.53283124207041],[17.976923523357616,40.53293201435069],[17.977015635796423,40.532975902039645],[17.977166671029835,40.53304786122518],[17.97747972905716,40.53333804449851],[17.97767842473187,40.53352222054663],[17.977792807574424,40.53362824412617],[17.977812874487505,40.533658551053065],[17.977886112971635,40.53375515853496],[17.977958858514384,40.53385010686356],[17.978184287254148,40.53415056767722],[17.97821275308215,40.534179824436094],[17.97837923074924,40.53435092824295],[17.978436085195018,40.53441114182234],[17.978765567687947,40.534747994176534],[17.97955701637214,40.53506810228176],[17.98033893325218,40.53514173270805],[17.98089915791512,40.5352096269344],[17.98098055968562,40.535218675150524],[17.981080609363218,40.53523121019427],[17.981408545039255,40.535273701213185],[17.981445674409784,40.53528245846969],[17.98151502180677,40.53530696532352],[17.981552449775013,40.535320644829234],[17.98219748871487,40.53553106574661],[17.982383203296955,40.53564443737595],[17.982697366377856,40.535847390127266],[17.98307386225939,40.5360873509742],[17.983336962822257,40.536163998465966],[17.983702481683924,40.536270993689094],[17.983773851217272,40.5362906358793],[17.983851857008865,40.5363144399656],[17.983898912337054,40.53632837820875],[17.98395869876751,40.53634837086756],[17.98402256660603,40.53636972774167],[17.98461781683262,40.53656877088901],[17.985682401475056,40.53690343340858],[17.986458382703233,40.53702806318643],[17.986528680539234,40.53703935389635],[17.987009701701265,40.53722919867627],[17.987272297770495,40.537331758387296],[17.98735563054948,40.53738040112337],[17.98776795995419,40.53762107632125],[17.987948483011106,40.53769233163576],[17.988298913958133,40.53782220917254],[17.988581090899256,40.53815310314425],[17.98883439862963,40.53845013953525],[17.989138891794063,40.53893876067866],[17.98924679895212,40.53909778062038],[17.9899819966241,40.53931324180347],[17.9905794767145,40.53950468314839],[17.9909699422907,40.53962812068846],[17.991025611677674,40.5396449885139],[17.99129437822559,40.539898174350945],[17.991467701842392,40.54006071305553],[17.99160279071583,40.54018870326042],[17.991913713175038,40.54081173974507],[17.991866456904898,40.54159772711546],[17.991776004841803,40.54177549401797],[17.991581515107747,40.54215772761992],[17.991503070153463,40.542311897373615],[17.99129827304679,40.54238868504002],[17.990845620838055,40.542550088882294],[17.990481531155435,40.542728471380485],[17.9903812304285,40.54277761308879],[17.990404782211815,40.54286553472953],[17.990430242552456,40.5429605830659],[17.990470283670867,40.543110057057355],[17.991097948028454,40.54341600202341],[17.991669347904867,40.54380726531174],[17.991929987983657,40.544063351298256],[17.99211430987985,40.54424445060145],[17.992815230090372,40.544372963305776],[17.993475108223045,40.54434894901096],[17.993896834186547,40.54439390524534],[17.99405808812693,40.544411094840214],[17.994110390080742,40.54445445091475],[17.99421290927841,40.54453943467821],[17.994429703149414,40.54471914742332],[17.994771006986255,40.54504304473587],[17.995198406659874,40.54513086028492],[17.995751891683035,40.54479967401063],[17.996075937679606,40.54440556151057],[17.99636324595507,40.54432904179901],[17.996424023066943,40.54431790356824],[17.996700721480885,40.5444059374897],[17.996833156156853,40.54471028341603],[17.996935603380788,40.545120354551045],[17.997191253602086,40.54531162390758],[17.99754858235133,40.54538244217496],[17.99768126556142,40.545449924784975],[17.99783962574786,40.545530465311664],[17.998011017796557,40.545948631993156],[17.99821855902874,40.546372917559076],[17.998458032096444,40.546596885339675],[17.99883270691405,40.54671520120001],[17.99890747589655,40.546738810712085],[17.99896075460754,40.546755642769995],[17.99902139074956,40.54677521326333],[17.999070247575588,40.54679171094869],[17.999174633272297,40.54686434106521],[17.9992020868239,40.54688800757227],[17.999502995057814,40.54709032186596],[17.999906860248284,40.54744076239896],[18.000531276672113,40.54756774523062],[18.00118626884405,40.54765451972521],[18.00125786319295,40.54757578773741],[18.001364316996796,40.54747434751003],[18.001420006968484,40.54742127935496],[18.001513112550462,40.54733255849466],[18.00162126987573,40.54711686617699],[18.00171167066687,40.546910211164764],[18.001726005814543,40.54687972122228],[18.00218756466551,40.546785636610466],[18.002303111074877,40.54676692712418],[18.002379077720242,40.546772612432356],[18.00244905794875,40.546777848136315],[18.002775016746682,40.546802234792224],[18.002899734374353,40.546815088479576],[18.00304238502386,40.54685759082254],[18.003181632777267,40.546900224579915],[18.003381996615488,40.5469654215879],[18.003464695221965,40.54721657970779],[18.003485748950215,40.547281592863996],[18.00349762262978,40.547335469466724],[18.00356070298594,40.54776514638682],[18.003809720169418,40.547902140407565],[18.00405413258686,40.548036601148716],[18.004555634752524,40.54812756810377],[18.005140716194468,40.54827044427775],[18.005249066908842,40.54822461323849],[18.00528713668473,40.548213129954235],[18.005557213284742,40.54810282302607],[18.006033478406295,40.54799206875203],[18.006085229511434,40.547975885132054],[18.006860168337624,40.54802507279544],[18.007066153398345,40.54803814719806],[18.00774987471913,40.54803834626133],[18.0082518662914,40.54811131797144],[18.008448601828892,40.548243071710566],[18.008540247827813,40.548304447200586],[18.008833253816096,40.54859004642581],[18.008900869135026,40.54865599066726],[18.00893904175966,40.548693898828574],[18.00897410733516,40.54872921786454],[18.00900221802179,40.5487502215991],[18.00934238585544,40.54896900920887],[18.009602010081867,40.54889056688632],[18.009706074612378,40.54886246112843],[18.009831086693058,40.54854464827835],[18.01017908561552,40.54848129229676],[18.01028761157649,40.54851809526949],[18.01035008586614,40.548546651834556],[18.010530253875853,40.54861551642906],[18.010946483477266,40.548598442908656],[18.011128143250808,40.548590991175544],[18.011391629690696,40.548398729501585],[18.011583432811186,40.54825561153981],[18.01160944473099,40.54823537292787],[18.011649433774988,40.548189572947166],[18.011923795162748,40.547849524212445],[18.01242697358677,40.54749520254947],[18.012500914079652,40.54744407282762],[18.013011112552714,40.547107570076186],[18.01367902419981,40.546947127699255],[18.014413377362573,40.546984478074144],[18.014824414212246,40.547005381368365],[18.01573813402081,40.5473336269695],[18.016287313122525,40.547537718907186],[18.016697725359172,40.54735570275269],[18.017113052774967,40.547171504434694],[18.01739874832395,40.54699612116654],[18.017835305759004,40.54675946325109],[18.01840174700502,40.54648107617389],[18.018642433533397,40.54627781522865],[18.019715226872126,40.54656200528749],[18.020338237332798,40.54670182398764],[18.02144557374886,40.54687089063764],[18.021588458773913,40.54694510694837],[18.021708662979492,40.547007542640735],[18.021891505021188,40.54790132322863],[18.022032976253495,40.548663511126925],[18.0221276746783,40.548952722572],[18.02222385309403,40.54924645998944],[18.022403026988716,40.55003369064146],[18.022411630432497,40.55007148742607],[18.02240310044586,40.55068003240851],[18.022549642341858,40.55126197868312],[18.022622888199834,40.55189011068169],[18.02280385105975,40.55246485092322],[18.022899759729867,40.55321709944512],[18.022975153571036,40.553665278687994],[18.023545440346105,40.55360777029379],[18.023600333900525,40.55359958128932],[18.023743541129672,40.5535616742492],[18.024523388894814,40.55334553555223],[18.025613360351457,40.553255139572315],[18.02645796791984,40.553071708488005],[18.027631328916396,40.55296580145847],[18.02823616277252,40.55297493623389],[18.02835479800639,40.552976206479315],[18.028888816312502,40.55302405184444],[18.02931066343236,40.55305667392751],[18.029407075482265,40.553064130208675],[18.029531413930638,40.55300775054021],[18.02977361180308,40.552897929288555],[18.03013867161014,40.552460208885925],[18.030427028699563,40.55189123118587],[18.030651545378582,40.55139472055119],[18.03083686562651,40.551153038838024],[18.031096679369313,40.55121050329785],[18.031577399567418,40.55133296192135],[18.032227011372562,40.55166838642299],[18.03296629368236,40.552100191372226],[18.033662276573104,40.552507611886185],[18.03373183577368,40.55255720428338],[18.0337772126157,40.5525906060537],[18.03381200883254,40.55261628977085],[18.033856921799156,40.55264816437232],[18.034307855184032,40.55297450294867],[18.03501457355293,40.55355377412497],[18.03518965709024,40.55369629483064],[18.03537405201265,40.553907040648845],[18.03572321360229,40.554306095841085],[18.036051808962245,40.55447686783159],[18.036158302468717,40.55453705974523],[18.03639030832627,40.55456562566776],[18.037048499831403,40.554646665481926],[18.03771163716226,40.55486413897259],[18.038282670924076,40.55522822893863],[18.038414198124595,40.55580680285704],[18.038521540902014,40.5565986120089],[18.038717132474872,40.55728008766052],[18.03903119749594,40.55770489518133],[18.039693574365643,40.5582640745471],[18.039990601739134,40.55828110352824],[18.040632848049988,40.55825741593598],[18.040788011603023,40.5582496514329],[18.0412110235401,40.558391395872604],[18.04134369787553,40.55843509965311],[18.041630776060575,40.558501837593504],[18.0416900106518,40.55851721490381],[18.041760717213926,40.5585325527239],[18.0420783119522,40.55857045269607],[18.04211705636606,40.558570790179694],[18.042199321313593,40.558566200099165],[18.04227194957116,40.55856412308762],[18.042392491984057,40.55880567007649],[18.04243760488549,40.55889500663079],[18.04240732391559,40.558931265894905],[18.042272816032234,40.55909233540741],[18.04207594868334,40.559280985450116],[18.041889527226317,40.559459624535904],[18.04163116517898,40.55970720062617],[18.041556411264715,40.55977158514049],[18.04136962749801,40.55992961091132],[18.04128337226967,40.56000321783682],[18.041214671103756,40.56006293869667],[18.040981741652608,40.56026653439537],[18.040952956065752,40.56029132649943],[18.040632171793327,40.560577321809035],[18.040186430272442,40.56098565853199],[18.039466852316327,40.56172134415566],[18.03911534673307,40.562102205600404],[18.039317833895524,40.56219119211659],[18.03949185112488,40.56226667961005],[18.039715890882814,40.56230848050874],[18.040255236553673,40.56243246129786],[18.040673517960602,40.56258383780091],[18.04058145858097,40.56271005964327],[18.03970418507162,40.56245215238421],[18.03897241370295,40.56225707460904],[18.038428331714982,40.56213051903824],[18.038280123805045,40.56247529129139],[18.03864386142559,40.56261306016287],[18.03887774220324,40.56268390023983],[18.03958711639194,40.56285394776681],[18.040188996253633,40.56297894366087],[18.040259245772116,40.56315183509666],[18.04000088112826,40.56320196174779],[18.039385427874766,40.56297692332619],[18.038461169266196,40.56281100348015],[18.038341238475585,40.56294094665364],[18.037437677069857,40.56397206548877],[18.037180999591595,40.56444871902695],[18.0366761363966,40.565333719619204],[18.036424440299918,40.56593361222779],[18.036178028109493,40.56635542126069],[18.03565214327579,40.56732535001078],[18.035482878653248,40.56764210675911],[18.03523252649344,40.56829581416729],[18.035014678490807,40.56884132281817],[18.03488948050766,40.56941762368807],[18.034768124122188,40.57002291229951],[18.034664602459078,40.570563882430086],[18.034610831849886,40.5709277609976],[18.034593818665893,40.571171892639626],[18.034588644051944,40.5715443775188],[18.034667766271127,40.57193486076698],[18.03467870767476,40.57200373396065],[18.034708341820522,40.572190265993726],[18.034730125519616,40.572449278062095],[18.034761601036283,40.57282350982637],[18.03479492760392,40.573219729572365],[18.034950987568624,40.57387058315725],[18.03512418059356,40.57449532114744],[18.03519892481344,40.574698496844434],[18.035249279122944,40.57493959585638],[18.03530398317992,40.57508506921647],[18.035325121116504,40.57512915723215],[18.03538078185234,40.575204432318436],[18.035413460256507,40.57524027886794],[18.035544804996327,40.57531418929297],[18.035632585339954,40.575355598919906],[18.035720300547336,40.575399465747864],[18.035834007949298,40.57547989064366],[18.035889020504772,40.57554216641298],[18.035941145695578,40.57560754106547],[18.03598637455368,40.575679130950775],[18.036025847707972,40.57574426441863],[18.036083726598427,40.57584734385959],[18.036105054589537,40.575885046751345],[18.03612487292677,40.57591103966559],[18.03622334423506,40.57603518669709],[18.036289158847424,40.57611345591325],[18.03652483227847,40.576257471688685],[18.036768843128453,40.57633939371575],[18.036825014333687,40.57635707320889],[18.036879083931094,40.57637409119129],[18.036959731371923,40.57640448514507],[18.037112527888805,40.5764605669428],[18.037148085036502,40.5764986092186],[18.03720247398714,40.57655119690229],[18.037252198002125,40.576593844078545],[18.037311798968855,40.57664722636829],[18.03734528510156,40.576664502949306],[18.03738601744917,40.57668755445533],[18.037489331314074,40.576738820724934],[18.037639525736083,40.576846172943945],[18.03779442849476,40.57703174855031],[18.037849597373775,40.57710372868232],[18.03792312170315,40.57719303243822],[18.03821906354441,40.57729271194462],[18.03836808839868,40.57734840344776],[18.038544303898405,40.577408692518254],[18.03863484145441,40.577489247561104],[18.03868681894047,40.57761098121677],[18.0387018918115,40.57772225014745],[18.038886492316855,40.57814829514462],[18.038945736106047,40.57826634767685],[18.03895919518509,40.57829316644933],[18.03898102473917,40.578312578905596],[18.039029626461517,40.57836016231937],[18.039079877394588,40.578400484878934],[18.039168052540095,40.57846327053565],[18.039259293118597,40.57850553445424],[18.03938469644041,40.57849556802715],[18.03953715607808,40.57846786882481],[18.03974494490964,40.57839071353826],[18.0399269122193,40.578362866769815],[18.04011095070117,40.578350635512706],[18.040326490634275,40.57846175628579],[18.040487592338703,40.57858394745696],[18.040511353381977,40.57867193340504],[18.040515372404936,40.57878853625085],[18.040469461699647,40.57884161575366],[18.040328685789095,40.578933667481785],[18.04030539976277,40.579088361032085],[18.040378315938717,40.57919054183202],[18.040509513293976,40.57931054835728],[18.040633535462558,40.579485046319206],[18.040733449957397,40.57959182759631],[18.040837697910778,40.57972974434448],[18.04084967366085,40.57979624766162],[18.040743762844293,40.57999346373076],[18.040742141875867,40.58015542161848],[18.04101596679737,40.580477710635954],[18.04117123163025,40.58068803570102],[18.041360464631904,40.58084397431981],[18.041412759959986,40.58092526495709],[18.041488369641467,40.58111256336534],[18.04160473297095,40.581332274250876],[18.0417118536908,40.581476691234975],[18.041845916305434,40.58153936230893],[18.041964913491046,40.58156284267735],[18.04201925945147,40.581569728281245],[18.042062669848598,40.58161693866288],[18.042112622293672,40.58166772671353],[18.042210565174894,40.58174119020619],[18.04222559797565,40.5818299474685],[18.042206442277926,40.58186296048738],[18.042073618161126,40.581904914433515],[18.041953897313075,40.58204681558738],[18.041943960223747,40.58208249091597],[18.041925622374404,40.5821917423001],[18.04198577825856,40.58239075659927],[18.042069607136455,40.58247855978671],[18.042107165676928,40.58260815595521],[18.0420531062596,40.582692585476394],[18.04201473544033,40.58275251506748],[18.041956534601905,40.58275340616137],[18.04190881933624,40.58275413677559],[18.041827714528356,40.58283029807206],[18.041766278051007,40.58298572834528],[18.041744135600318,40.58312688532138],[18.0417776674185,40.583243339258246],[18.041821074921227,40.58334557684232],[18.04190911649912,40.58338585192257],[18.042039545328702,40.583456437477395],[18.042046511689506,40.58363798030709],[18.04206807007977,40.58368802158186],[18.042079017739702,40.58371638880138],[18.04209081035172,40.58374694812767],[18.042064489222213,40.583791677808954],[18.042039105697505,40.583865650276245],[18.041980358603148,40.5839106941606],[18.041884360187726,40.58392051881024],[18.04177976838295,40.58395353329279],[18.04167708863269,40.583957366800206],[18.041578721934936,40.58396399621111],[18.041530866157636,40.58396648673401],[18.041331299981692,40.58403838571415],[18.041233824195647,40.58423267803211],[18.04109318528644,40.584933934260036],[18.041053005977346,40.585528263476576],[18.041023932603903,40.58574866874469],[18.041008112684224,40.58604436970468],[18.04101223610369,40.586125399065686],[18.04102489152564,40.58624755284117],[18.04103914348202,40.586316233381154],[18.041149923179702,40.5864153433411],[18.04126385359361,40.58658173041573],[18.041309177469316,40.58671975827723],[18.04131893148819,40.58674775761008],[18.041352635897596,40.586844508206404],[18.04142648920722,40.586975749487245],[18.04155392595847,40.587001658998176],[18.041699372152642,40.58699662227542],[18.041834909978682,40.587051436346044],[18.04191750416863,40.58718199721392],[18.041906559375967,40.587340238457806],[18.041781478908174,40.587374873984594],[18.04156329303924,40.58746176210403],[18.041401889901994,40.587603817702316],[18.04130519122082,40.58768892491949],[18.04122028267414,40.58795420802799],[18.041220528306027,40.58798933324155],[18.041222047923032,40.58820585831694],[18.041208594709875,40.588323822468],[18.04118338974528,40.58844263594827],[18.04115216797222,40.58855980759628],[18.04112799413424,40.58870777111395],[18.041153823857282,40.588854146529634],[18.04115042837015,40.589002734249775],[18.041102256613662,40.58919086307455],[18.041036068037336,40.58939846911582],[18.041047455532418,40.589656080726066],[18.041092969094485,40.589839039749805],[18.041166535216007,40.58996812871437],[18.041248990772605,40.590076270327046],[18.041283664976042,40.59017918763625],[18.04121711142452,40.590254154493614],[18.041145858258623,40.59035869221938],[18.041141184984173,40.590498397772514],[18.04120911473921,40.59067293152624],[18.041247614336324,40.590771147992875],[18.04127235465283,40.59083426187385],[18.041312876104804,40.590918668759976],[18.041373765844686,40.5910455048136],[18.041394665832506,40.59109900533033],[18.041444249771917,40.59140994188144],[18.04145631330167,40.59149409427671],[18.041565740254626,40.59173498334708],[18.041560883618068,40.591829847345984],[18.041576498924652,40.59186072906856],[18.041610541028703,40.59192310414885],[18.041644133972277,40.59198619267506],[18.041665986068175,40.5920281485927],[18.041717664509694,40.59212824884427],[18.04181300757004,40.59231021108209],[18.041906901472963,40.59246579157304],[18.041966141937586,40.592490239711445],[18.042043582786267,40.59251782627575],[18.042162235619475,40.59280521013754],[18.04242116316383,40.59336472672397],[18.042480105831327,40.59345500659421],[18.042541026403853,40.593555910889975],[18.042572662632665,40.59358239667663],[18.042660098826584,40.593672491639225],[18.042766910827645,40.593782551558895],[18.042881883940804,40.59397799697435],[18.042871383145236,40.594160991068925],[18.042909053407694,40.594351270353904],[18.043146472146656,40.59468775052097],[18.04383186021633,40.59536357202365],[18.044167003008624,40.595535609293684],[18.044365479710958,40.5956964548015],[18.04449426467675,40.595925639562466],[18.044467118036835,40.596181835327585],[18.04450848163374,40.59646405052664],[18.044535251668684,40.59653673280047],[18.044601080281986,40.596715463235064],[18.044629955726712,40.59679386185302],[18.04467107028392,40.596824440800866],[18.044761153682714,40.59689144014627],[18.044976265994112,40.59699805968525],[18.04513909082578,40.5971763005683],[18.045144253897135,40.597279274752026],[18.045082702378775,40.59740062859304],[18.04503023046269,40.59750408335874],[18.044843929635675,40.59763100699231],[18.04480623164646,40.59765668972542],[18.044485004290465,40.59794054678357],[18.044346127848904,40.59816532193474],[18.04431275689306,40.59821944470486],[18.044252915064998,40.59831633780413],[18.044222396105553,40.59835105704514],[18.04391528227553,40.598700430509126],[18.043887671832007,40.59873184023311],[18.043823068592904,40.59877156784478],[18.04349856605244,40.598971647269465],[18.0429861387104,40.59945496744112],[18.04289490889252,40.59967341035588],[18.04255791859526,40.59994957334754],[18.042056269670915,40.60029491391061],[18.04200915866574,40.60035519680583],[18.041895745027688,40.60043800636744],[18.041671605289633,40.60044478435072],[18.041111642917237,40.60081005925521],[18.04076424776036,40.60098815425122],[18.040104764174444,40.60147407484528],[18.03974111134511,40.601770671999766],[18.039516693557555,40.601953705858264],[18.039410909905303,40.60203998256431],[18.039184024102717,40.60222111902759],[18.039087107176215,40.60229847962845],[18.038879657634194,40.602442062893296],[18.03846760619549,40.60272725738062],[18.03834047049837,40.60281525134546],[18.038302626542322,40.60284144445159],[18.038060502303512,40.60307862420326],[18.037902068161802,40.60322148625194],[18.037816274099708,40.603298849416355],[18.037784600682244,40.603327410471124],[18.037478793233408,40.60352916297643],[18.037278613330276,40.60364758906896],[18.037227732416987,40.603680770445536],[18.037192838250025,40.60370454897987],[18.037168471517152,40.60372897159844],[18.036956633044994,40.60394130094089],[18.036865418917884,40.604029432019495],[18.036725720964196,40.60410285816441],[18.03658973093487,40.60422423704643],[18.036535696517646,40.60427341753408],[18.03639807090728,40.60436745160901],[18.03620461169498,40.604462249437205],[18.036157451474473,40.60448535879724],[18.03583465066175,40.604692958233294],[18.03579568391339,40.604736483338726],[18.03567088697177,40.604875885950285],[18.03554014537771,40.60502192419391],[18.035398858582887,40.60521739212747],[18.0353092353699,40.60534138307734],[18.035193864613937,40.60544707740688],[18.035160076794142,40.605458302300185],[18.035069634046568,40.60548834769555],[18.034893377764735,40.6054933443059],[18.03461740170358,40.60556290807845],[18.034587908550115,40.60557632443528],[18.034283594988995,40.60570530538646],[18.034196439633487,40.60576184330728],[18.034034857163853,40.60586037828441],[18.033544408894052,40.606159454687884],[18.033490203138925,40.60619369701804],[18.03335733991052,40.6062776279285],[18.03294688738685,40.60653691239685],[18.032914176015133,40.60655757622566],[18.03270851262604,40.60665576051943],[18.032554896840097,40.606790516840604],[18.032519202090768,40.60682028478339],[18.032408981786155,40.60692001856057],[18.032002981456262,40.6072854786853],[18.031892933368884,40.607386969881155],[18.03168906953481,40.607571436766854],[18.031386586119336,40.608015599130454],[18.031217743809343,40.608510013084576],[18.031243150338675,40.608696836007795],[18.03133335018747,40.60877361515407],[18.031383749290473,40.60888585573959],[18.03135666987946,40.60894645254927],[18.03130140012097,40.60899572189293],[18.031206802574676,40.60899424537101],[18.03107810315585,40.60893692951009],[18.030915875609576,40.608987472478844],[18.030696368450226,40.60918508766651],[18.030448938516095,40.60940912345377],[18.03039607249432,40.609474761026945],[18.03030000580634,40.60959404017732],[18.03022208964328,40.609672086267096],[18.030063750676543,40.609830690507465],[18.0298826358093,40.610038394316014],[18.029859543306284,40.61006487677752],[18.029732426775073,40.61016029503653],[18.029698927719902,40.61018544156497],[18.02954689014513,40.610265910952336],[18.02951312329358,40.61028573000275],[18.029396584337785,40.610348631941996],[18.028638153493812,40.61088949660912],[18.028227311044486,40.6113174945878],[18.027994276437003,40.61181239590185],[18.027941709090925,40.611920987016674],[18.027855716578106,40.61210665531412],[18.027815202368277,40.612192696252976],[18.027785347706548,40.612256097269274],[18.02752860506492,40.61238017870464],[18.027469245799534,40.61240886637116],[18.027271440060442,40.61250077243397],[18.02702217936481,40.61262492759503],[18.02671782445185,40.61280109000791],[18.02617089247499,40.61311828985441],[18.02613025478967,40.61314185784066],[18.02599573908043,40.61321987187317],[18.025643502419562,40.613579546005546],[18.025590148581347,40.6136340265676],[18.025241833410682,40.613989690289436],[18.025208755283533,40.61411368590801],[18.02515389725752,40.614319317593264],[18.02508623622034,40.6145729458929],[18.025038442496538,40.61475209823632],[18.02500178998223,40.61502920583947],[18.02494169542378,40.61548354698767],[18.024924868497084,40.61561075816413],[18.02475154171631,40.61570217190162],[18.02420188663965,40.615991969994234],[18.024173271760716,40.61600715083447],[18.023875588157058,40.61646676142772],[18.023792767058087,40.61659463274705],[18.02368413610903,40.61663480881801],[18.022991299880896,40.6168910423063],[18.022744949202256,40.61698271166617],[18.02270368975696,40.61700974184905],[18.022581366329284,40.61710152363152],[18.022141478492404,40.61742527386409],[18.02199653153182,40.61753195319569],[18.02197189812407,40.61755396239617],[18.021771999839835,40.61773257971117],[18.020920369540338,40.61849353091743],[18.019580694580764,40.620514355741726],[18.019465461477417,40.620663240547444],[18.01930278794444,40.62087341854546],[18.019269458372154,40.62091648212071],[18.01910066127501,40.621071929833235],[18.019003461758203,40.62116556848996],[18.01893170721961,40.621233909042004],[18.018141590811915,40.621976465503955],[18.017933414307205,40.62230121033308],[18.01791276583608,40.62233247991797],[18.017883877215613,40.62237524203263],[18.017610385037198,40.62280511462274],[18.01748178132349,40.623005726162205],[18.017372096755363,40.623176824636616],[18.01717232609344,40.62344428242343],[18.016851908509576,40.62388770617511],[18.016628602715734,40.62419972467234],[18.01645778454412,40.62452793051423],[18.016240583675952,40.62494965334197],[18.01617737105027,40.625201923514865],[18.016184233835048,40.6252958494849],[18.016121929190863,40.62533665129216],[18.01600095821648,40.62537997706063],[18.015902580969293,40.625459633262324],[18.015825793256912,40.625611758818344],[18.015814922795986,40.62579250892927],[18.015710775808262,40.626025496388515],[18.01559099262347,40.62655642738335],[18.015517452730695,40.626557719237155],[18.015233407168303,40.62733545517538],[18.01495217573523,40.628351217233316],[18.0146825444929,40.62969203632835],[18.014396251206968,40.63047442105385],[18.014061723600477,40.6319462494788],[18.013879089758067,40.63362420275747],[18.01395158885349,40.63405015089753],[18.014102086256866,40.63446316449681],[18.01431052319861,40.63471653045034],[18.014937316240236,40.634660439834114],[18.014939094613574,40.63473891927197],[18.01500078754836,40.63473631743108],[18.01501061233183,40.63491769689578],[18.01454722024127,40.63496087342673],[18.014527316302754,40.63520525575749],[18.014560168995576,40.63544772099638],[18.014608401214403,40.635650700053596],[18.01467022924651,40.63584594024901],[18.014647731834827,40.63605004716863],[18.014641199246114,40.636567571353154],[18.014801788994742,40.63714169555737],[18.015013110696543,40.63772079586921],[18.015446233884152,40.638455563785676],[18.015610996756834,40.63866963570287],[18.015902706029028,40.63897035169379],[18.016347949169703,40.63927254594055],[18.016873329979507,40.639730234864516],[18.017513271103642,40.640183395051075],[18.01769357460823,40.64027260436554],[18.01781882026842,40.64032570158392],[18.0180369392472,40.640367003613385],[18.018234259283677,40.64040758799309],[18.01847364423646,40.640496691803676],[18.018733751024907,40.64054364763841],[18.019122824660943,40.64060514881594],[18.01966677831735,40.64054660703755],[18.020134753751112,40.64049401374711],[18.02039516343091,40.64032510231054],[18.02060924905493,40.639946318785256],[18.02099084306418,40.63995226668627],[18.02119832946761,40.639915675543875],[18.021369246713174,40.63980547838753],[18.021488749266513,40.63968591027864],[18.02154085862076,40.639699854581814],[18.021538413185667,40.63974719633592],[18.021580810197158,40.63982028976021],[18.021733609222533,40.63990273884296],[18.02180583836509,40.63997793142944],[18.02187916794815,40.640235182672704],[18.022039442962747,40.64048106026334],[18.022131546709712,40.64063795160761],[18.022234521672246,40.64067928924487],[18.022267872675865,40.641076809202204],[18.02232310935787,40.6411578497661],[18.022417439532862,40.64141797284636],[18.022645073146332,40.64150791513366],[18.022888998173833,40.641630390552216],[18.0225369881802,40.64181989793204],[18.02246633009066,40.64175583049714],[18.02237200152226,40.64171381550533],[18.022253915215344,40.64175680200398],[18.022171498756478,40.64180155618689],[18.022072480962123,40.641746426471954],[18.02195396396743,40.64176474934345],[18.02181898131253,40.64181358151353],[18.021422354337894,40.64221795010946],[18.021304860230156,40.64226542290378],[18.02115753177412,40.642310795475474],[18.020997518413342,40.64232786218095],[18.020861079926814,40.64232287950611],[18.020481842270634,40.64222465608536],[18.0198697899737,40.64202103945965],[18.019196118753502,40.64186279776908],[18.01808754827216,40.64178374018985],[18.01766586339862,40.6418079172781],[18.017464370366405,40.64188901226444],[18.01739144186164,40.6419172147049],[18.017282048871206,40.641871897979435],[18.01689339651886,40.64183505377816],[18.01670498658595,40.641838629875735],[18.016527487210762,40.641857138888106],[18.01571611666511,40.641750114322505],[18.015356749991888,40.64173348221242],[18.014116711311306,40.64177263938899],[18.01297938370219,40.64187339786468],[18.011808257438492,40.64198583371746],[18.01088366214137,40.64204508767514],[18.009726224798783,40.64227997739326],[18.009273432815103,40.64242353603202],[18.00887055851252,40.64267331385791],[18.00870763562402,40.64282101650984],[18.008940847695197,40.64319153540506],[18.00885042751461,40.64322117946911],[18.008911192112265,40.6433647608692],[18.009098590380784,40.64333204600801],[18.009146840606448,40.64342714413341],[18.008997272055566,40.643477151836855],[18.00878075662937,40.64346947141921],[18.008613256656197,40.6433656854539],[18.008290489485578,40.64277065818983],[18.00779569256022,40.642778065924574],[18.00729199194765,40.64287161405764],[18.006563566378233,40.64311555031346],[18.0061308398071,40.64336312531849],[18.005391922318722,40.64368198149983],[18.004602172650625,40.644191448545314],[18.00438332835438,40.6442536108805],[18.00417378636192,40.644297069345996],[18.003649898786144,40.64467776549881],[18.00346442741067,40.64496436959324],[18.003286517887762,40.64511092401387],[18.003078347553842,40.645426305279905],[18.003112736574796,40.645679898702866],[18.003026698241225,40.64591600586383],[18.003119777769335,40.646101973366406],[18.003097081194436,40.646130750862135],[18.0029352864604,40.64613451206898],[18.002765659077504,40.646168014074235],[18.00230316202942,40.64628307195102],[18.001741846965345,40.64647553122501],[18.00144170084393,40.646634088458796],[18.001277638851025,40.64681783198578],[18.001856370502665,40.6471027412489],[18.00170580416412,40.64727649880167],[18.000900745998806,40.646932818266514],[18.000735935752164,40.647002033074],[18.000086384182843,40.64767577123562],[17.99971416441158,40.64793435678164],[17.999270951194102,40.648432254752926],[17.99861189762493,40.64903288589411],[17.99937903450485,40.6504828308996],[18.000241058119872,40.65197456510052],[18.000643165762042,40.65275621134837],[18.001186531692774,40.65327780225023],[18.001439277087027,40.653457636499304],[18.001753190548992,40.653635787727794],[18.00191427725237,40.653818005847974],[18.001925756460885,40.65407390733915],[18.002141223022328,40.6540683001449],[18.002159878772265,40.65415372500088],[18.001900392074525,40.65419109602491],[18.00194037176619,40.654399697348595],[18.002076094248192,40.65469901307645],[18.001928574448417,40.65481929112689],[18.001723114241294,40.65501104557586],[18.00154918309056,40.65522521491748],[18.00122355660343,40.65546665229123],[18.001107569738036,40.65560943160412],[18.000868382751325,40.65573209179887],[18.00068714148881,40.655783364042016],[18.000500684942264,40.65571833212916],[18.00043021996331,40.65551052188707],[18.00035558051748,40.655209615265576],[18.000171214822252,40.655191176961054],[18.00005626887966,40.65535725088086],[17.999789722350307,40.65555050177171],[17.99967268535358,40.65566998294753],[17.999494577854463,40.6557911430244],[17.99934287780291,40.655818320132845],[17.999188053358292,40.65577578818586],[17.999180751647433,40.65561289230405],[17.998869963639898,40.65550453345954],[17.99874155553824,40.65536810928866],[17.998733211202104,40.655181916018826],[17.998662653846374,40.65497410819973],[17.998391935529938,40.65507434816519],[17.99827385793386,40.655170622120565],[17.998219037350964,40.65531180984647],[17.99816828950244,40.6555460948577],[17.99798506244976,40.6555508564582],[17.99782909681079,40.6554850284864],[17.99752465876372,40.65551617287778],[17.9972823441073,40.65556911600011],[17.997067386078665,40.65555137569093],[17.99690943873537,40.65543904153958],[17.99677884928188,40.655256024207986],[17.99674002654422,40.65507071349037],[17.996852794627337,40.65485805079797],[17.997186775069775,40.65480281762587],[17.997439611818745,40.65498265840042],[17.997509025675242,40.65516717404736],[17.99763325981479,40.65521050312235],[17.99789365556251,40.654877655470095],[17.998105479034518,40.654825502701144],[17.998215119280516,40.65454313015804],[17.997746484596753,40.654322341289216],[17.997773847075518,40.654251749517286],[17.998117203504723,40.654405912624064],[17.998352315749884,40.65419015942581],[17.99837133499599,40.65393337417243],[17.998676903640618,40.653925431796196],[17.999077167334917,40.653984999568166],[17.999575347447553,40.65418169039813],[17.999933643529882,40.65398596501965],[18.000138162810646,40.65377100295936],[18.000291942315197,40.65379032737392],[18.00058593527368,40.653526393012],[18.000194590857646,40.65230194480981],[17.999995595230644,40.65190983251882],[17.999926209114314,40.651773109084715],[17.999887281398415,40.65158780175103],[17.99949676189329,40.65106214207166],[17.998428427821434,40.649063273468634],[17.99853285970812,40.64904196404237],[17.99839213436483,40.649047646806885],[17.998167446450424,40.6489798226015],[17.997978726708364,40.64891601598497],[17.997788205234166,40.64881632539546],[17.997501618417182,40.64868364983342],[17.997164333899693,40.64856858893089],[17.996812929842967,40.648436514805496],[17.99669089795726,40.64838547234856],[17.99616913078452,40.64810725228641],[17.99610476830718,40.64808974366803],[17.995998717032588,40.64806890309702],[17.995900428120105,40.648040658042646],[17.995834761773025,40.64799184224303],[17.995729168753847,40.647952890753466],[17.99559753726743,40.64791830629371],[17.995265785661825,40.647865683167296],[17.99480302317054,40.64780538402606],[17.994350112666822,40.64777346427409],[17.99393962048241,40.64777205060209],[17.993863020454523,40.64768587648211],[17.993715918521186,40.64749283791435],[17.99336524404796,40.64716964070011],[17.993240331578257,40.64714127365182],[17.993011079454,40.64699512207199],[17.992803152237368,40.64687660344467],[17.99264500314062,40.64677660361512],[17.992357555774944,40.64663736367667],[17.992170569682063,40.64662951613711],[17.99193081824462,40.646625209633875],[17.991906996179036,40.64676654735534],[17.992105189238135,40.64684615581856],[17.99318398026907,40.64724681086311],[17.99376480926643,40.647753180893986],[17.99362613938383,40.648021028991856],[17.992852471064868,40.64876700498075],[17.992385967937235,40.64901300857912],[17.992237985750574,40.649119798197184],[17.99195731559149,40.64944637842912],[17.991524834301778,40.64985149662792],[17.990760823902686,40.649930513581054],[17.99034186149859,40.64969692914317],[17.98989473035718,40.649532172649224],[17.989096458498025,40.64908091721574],[17.98881865696948,40.64795116859389],[17.989788291852047,40.64671398949384],[17.990126440735565,40.646535173629914],[17.99065589187164,40.646569746288826],[17.99168407683324,40.64668888079043],[17.99170088173117,40.64658215718852],[17.991579624380748,40.64655901989513],[17.991026884132978,40.64642260231842],[17.990582143109222,40.64638559246888],[17.99021183509082,40.64641914522128],[17.989843288187977,40.64631315855141],[17.989626860147983,40.64630543900108],[17.98922039723655,40.64679145129882],[17.98794582513999,40.64836626594733],[17.987901520998957,40.648452874106844],[17.987958185197666,40.64845743920832],[17.98795440073268,40.64853867588924],[17.98758463941674,40.64855419533262],[17.98738470322842,40.64845076798077],[17.98725378346752,40.6485959010452],[17.98750291367451,40.64871345280947],[17.98744249288556,40.6488126353532],[17.985960979457133,40.64813758860961],[17.985800619363257,40.64812994162618],[17.981801082479308,40.649547434781994],[17.981730769189543,40.64942038656196],[17.98389823259577,40.648663555617425],[17.984755614218614,40.64836923714722],[17.9857542060912,40.64800542895726],[17.98581725901553,40.64799145961573],[17.98591466345054,40.64801307287912],[17.986961220958918,40.64848397629151],[17.987240858073346,40.64812931058692],[17.98849568584167,40.64645271550891],[17.98833230567258,40.64605188837712],[17.988331138006806,40.64597771546428],[17.988391910033958,40.64592580142277],[17.98826025851512,40.64586869549812],[17.988288664868158,40.64581698994331],[17.988135614142106,40.6456671432464],[17.987987396226835,40.64542243579936],[17.987952306085866,40.64533752377357],[17.98786670652188,40.645272291698205],[17.98767827601279,40.64503537794421],[17.987445863803504,40.644909738610615],[17.987309280859485,40.64479449512638],[17.9870855174575,40.64466818080185],[17.986818031859883,40.64454534005776],[17.986798820643767,40.644490635212556],[17.986382632077014,40.64427150288733],[17.986355728696495,40.64420393811927],[17.98632194033598,40.644150331126234],[17.986125380121898,40.64409382214411],[17.985918312322067,40.64402470801085],[17.985745167833947,40.64396633143372],[17.98559097007396,40.64398292948739],[17.985426867152885,40.64392611989458],[17.985285202787132,40.64386080442357],[17.9852460155559,40.643920083163295],[17.985107390122714,40.64387702262326],[17.98500326223409,40.64391438747769],[17.984872658477254,40.64399656210894],[17.984975280785225,40.644318999714315],[17.985014155267905,40.64432267618764],[17.98505329385798,40.644382584772956],[17.985097404925014,40.64445776259291],[17.98504892894576,40.644470543751936],[17.985093750039994,40.644649130608435],[17.985029548405922,40.64467663680768],[17.984897484592736,40.64435433195296],[17.98474202034189,40.6439686039957],[17.98464695233503,40.64370180478978],[17.984517044716473,40.64351636906492],[17.984476601586195,40.6436207512231],[17.984909235134175,40.644746839241655],[17.984861344039135,40.644764017585864],[17.98442590661121,40.643725893549664],[17.984095110290376,40.64363719215377],[17.983827592031176,40.64364465100951],[17.983543932068176,40.64364217175845],[17.983502439679864,40.643640993175254],[17.982832570851848,40.643859852928436],[17.98238901283139,40.64398460668668],[17.982101110332945,40.64407188066874],[17.9821766541814,40.6444445039146],[17.982512870479884,40.64461105666136],[17.982556936218923,40.64486035460697],[17.982435579212453,40.645088894634135],[17.982205626832986,40.645094838631316],[17.982078795912976,40.645198346429005],[17.9819802309873,40.645200893411285],[17.981460344014977,40.6453395047126],[17.981266655902566,40.645419702924606],[17.98114418040779,40.645623237008444],[17.98092202491414,40.645804310274166],[17.980693278826283,40.64583525448254],[17.980670481357546,40.6460612465063],[17.98119259895681,40.64597256226603],[17.981164235744902,40.64607352414127],[17.979814271857563,40.64623924582867],[17.97972699084815,40.64632227764244],[17.9795452003493,40.6464398991439],[17.979495555070628,40.64645054672977],[17.979312188048247,40.64657217171644],[17.979050616327584,40.64660396068258],[17.978688687325896,40.646640988465506],[17.97839598234002,40.646670931828105],[17.97810705576907,40.64682868885783],[17.977647232472755,40.64684055709709],[17.97676597058373,40.646988471863644],[17.976632452126513,40.64694184780804],[17.97662800447007,40.646841822874215],[17.97685452658527,40.64676078443277],[17.976955323184573,40.64680834274782],[17.97879048987833,40.646518980602465],[17.979045047626833,40.64647884055482],[17.978889578440988,40.646400226675844],[17.978809524536562,40.64635974767591],[17.976753733965342,40.64671331563652],[17.976275098659258,40.646299892521526],[17.976371344527337,40.64624734009837],[17.976880677138553,40.646609900046364],[17.977727993813357,40.64643773655402],[17.977469102822692,40.645793243814005],[17.9775012384131,40.64577035154159],[17.97743766158146,40.6457396621973],[17.977331371494824,40.64567378479602],[17.977173127864575,40.64555134371494],[17.97707776271712,40.645522826637745],[17.976916700587402,40.64548825980635],[17.97681188168518,40.64543350981345],[17.97667195852948,40.64535904451205],[17.97597185606103,40.64524526696064],[17.975689780921652,40.645217152074686],[17.975203475241475,40.64660300482706],[17.975369917043164,40.64664887232321],[17.975374363785722,40.64674889652375],[17.975109357186298,40.64670566086851],[17.97362442715809,40.651026604201355],[17.969439758266205,40.650265139647125],[17.96893819865135,40.65015102880137],[17.96897260132465,40.64995716643711],[17.969109948410726,40.64948778633415],[17.969115340784484,40.649440098733386],[17.96915363304981,40.64943938306781],[17.969472292080464,40.64854217677632],[17.96940707965788,40.6485405234961],[17.96931109609151,40.6485728013365],[17.969312398914397,40.648516483822014],[17.969501042281163,40.648427519353525],[17.970520891944243,40.64561843866686],[17.96975487817204,40.64547606385183],[17.96887317779086,40.64528433819592],[17.968841590367383,40.64537898631358],[17.968616771161603,40.645331460337054],[17.96866788191215,40.645228475236365],[17.967072780447882,40.64491280610479],[17.96665658783184,40.64607168829261],[17.965988298099,40.64796522155614],[17.96556847711351,40.64787218157594],[17.963616856636428,40.64745162152455],[17.962610673243432,40.647278625052365],[17.961266289376887,40.64698363323028],[17.96027555503645,40.6467936509712],[17.95939311105729,40.645590212001245],[17.95916054079869,40.64568262901551],[17.958539768259545,40.64593800098259],[17.958187301307667,40.64546876537664],[17.958613315908245,40.64532303093914],[17.959822203424785,40.64483275204012],[17.96028712854116,40.644625588271445],[17.960541138906855,40.64449551815168],[17.960581386228707,40.64440019816944],[17.960549833077124,40.64431950968727],[17.960459661187134,40.64432884757995],[17.960383083779277,40.644330273160186],[17.960321067156187,40.64430817993641],[17.960319823673416,40.64421833888451],[17.96026236784331,40.64420657818103],[17.960231733122676,40.64425037895001],[17.96018034179663,40.644336626756136],[17.95985235957613,40.644333496855644],[17.959825923750117,40.64440085038944],[17.959779371061433,40.644624836913756],[17.958409854605943,40.64512760926358],[17.958158776665485,40.64516970832133],[17.958068196381426,40.64515438018884],[17.9579246949098,40.645075660210736],[17.957648624823825,40.64497584461012],[17.957267094806628,40.64472915197001],[17.957047803248958,40.64441580347966],[17.956989289378885,40.64439794239246],[17.95688925922909,40.64435628848504],[17.9568374369647,40.64432213656135],[17.9566757461104,40.64421785540415],[17.95661139918181,40.64420041340188],[17.956452268923034,40.64413641049661],[17.95631557868359,40.64406390820361],[17.956143746550975,40.64403688160203],[17.956001361482294,40.6440098218008],[17.955951574748937,40.64396877220228],[17.955793748640186,40.64395858718481],[17.95539282970071,40.64400568996436],[17.954945010077225,40.644099198814075],[17.954405518458493,40.64427853318708],[17.95377871422785,40.64466470224735],[17.953328559282525,40.64502590290495],[17.953469154524093,40.64512730679341],[17.953444971660012,40.64514494584661],[17.95323524054209,40.64499046903163],[17.953066730908294,40.64498793799976],[17.952899958830805,40.64510882621352],[17.952397362459628,40.64472995524226],[17.951403552949817,40.64396912507996],[17.95110606612919,40.64325045274457],[17.951309344340693,40.6432256210521],[17.95133944573907,40.643054650779106],[17.95139617202603,40.64220489514002],[17.951460518403287,40.641543426408234],[17.951397936084103,40.64153935376151],[17.9514048453497,40.64141517306186],[17.95147228264936,40.64141218753121],[17.95149674850572,40.641111233123894],[17.951645110303616,40.63971484851352],[17.952196655844155,40.63877021461501],[17.952110348249132,40.63874324481114],[17.952306387944805,40.6384019693667],[17.952376847674298,40.63842114925321],[17.952509797689068,40.638181446182024],[17.952454203743443,40.6381633273792],[17.95262732670289,40.63784857209716],[17.952696517333752,40.6378588683854],[17.952975324306585,40.6373649935973],[17.952745740378116,40.63686584818449],[17.95169975488734,40.634708541592175],[17.95108981468247,40.63410196299319],[17.95015175451902,40.633469251699466],[17.949865360077307,40.633284087817444],[17.949812369384134,40.63324780347993],[17.94977303731924,40.63322023841583],[17.949638396138198,40.6331183174228],[17.94958687955186,40.633086405050236],[17.949536058943224,40.6330813105524],[17.949360314874486,40.63311308907945],[17.94917594928206,40.63319038473669],[17.949057554889126,40.63325365738966],[17.948898948642903,40.633346953808044],[17.94871645527522,40.63346013272463],[17.948633240712564,40.63354303699204],[17.948549931152183,40.63362603495467],[17.94849236191345,40.63370243032667],[17.94842837879406,40.63377484759084],[17.948376529999706,40.63382840377382],[17.9483504259552,40.633875362479515],[17.949259090235724,40.63461914935993],[17.949027689052002,40.63475619265805],[17.949925226531615,40.635402492162925],[17.950016018834123,40.63546284689493],[17.950258485699248,40.63566413123985],[17.94974471447522,40.636012266626025],[17.950083875391833,40.63636128831413],[17.950545450235126,40.636831002079546],[17.95070357437073,40.6370186827099],[17.949484220843253,40.63874610957623],[17.949513484710437,40.63876634475092],[17.948591860270376,40.639987164173974],[17.94836798561418,40.64029690548686],[17.9481511087376,40.640615023906214],[17.94802606160354,40.64078220629848],[17.94792188959902,40.64092967468781],[17.9478007338658,40.64110333052736],[17.947715489125173,40.64121564492722],[17.94715288259757,40.64142138051395],[17.94629017841357,40.64174284258977],[17.945460118490278,40.642066255768945],[17.94509377369226,40.64223869479764],[17.944933275125027,40.64229619385067],[17.944347334112088,40.6425038623481],[17.94342123850884,40.64233333656952],[17.94282848864231,40.641876035023365],[17.9423851434855,40.641527687096065],[17.94219130742453,40.64137092808535],[17.941314158940415,40.64063616117088],[17.940929834832005,40.64056149918965],[17.940148099852774,40.640387576523466],[17.93987126911845,40.64033527054686],[17.939649950417913,40.640389661302585],[17.93969609458228,40.64047242150187],[17.93966224900538,40.640475366188895],[17.939808178321744,40.64072540143747],[17.93955566093115,40.64079864393075],[17.939436361117018,40.64055145338407],[17.939211153548804,40.64063193565826],[17.939053570506434,40.64068926171911],[17.93889422593513,40.64073312380705],[17.938745971151942,40.64079417455808],[17.93860655916823,40.64085454851523],[17.93842555013254,40.640913550821494],[17.938255133628754,40.640962828100534],[17.93809229100717,40.64100254581872],[17.938056393366715,40.64100949358356],[17.93802212450999,40.640966385769204],[17.937763094903364,40.641005156844415],[17.937556708085992,40.641031255055225],[17.937526395214363,40.641096202301675],[17.937521587544836,40.641480824942334],[17.93746166874672,40.6414812181935],[17.937451902956248,40.641102000585406],[17.937443767701108,40.64104149498254],[17.936534971799166,40.64104245435505],[17.936539951422123,40.64108565187659],[17.936485160743096,40.64107849180784],[17.936289919805684,40.641563840514436],[17.936142387515527,40.641546799513705],[17.93634816632503,40.64098646721831],[17.936271978417068,40.640919748808734],[17.936186424139166,40.64083205215641],[17.936135955820802,40.64076399517986],[17.936063231115774,40.64068425767238],[17.936002264547064,40.64060359018961],[17.935703386737437,40.64072093722218],[17.935517506224272,40.640453492822616],[17.93577315712861,40.64033625347178],[17.93574702597732,40.64029653333191],[17.935777925502254,40.640276381283996],[17.935629780883815,40.640122340666345],[17.93542856773472,40.63996387351099],[17.935224452591353,40.639825619230194],[17.93503540762778,40.63970189177785],[17.935001031533048,40.63968315939987],[17.934963753816096,40.63971052981906],[17.93466472516122,40.64012291383541],[17.934614878036147,40.64010063019182],[17.93488362923122,40.639729911055895],[17.93452107564596,40.63956546979565],[17.93428459194349,40.63987418894479],[17.93423569573619,40.63985896835265],[17.934503467883072,40.639494821815376],[17.93451396762787,40.63945686980404],[17.934153237206534,40.639291991934634],[17.934132679285337,40.63932654331412],[17.933871242532373,40.63968039743828],[17.933804433694974,40.63967133266478],[17.93404551797093,40.63935035939723],[17.933598371301535,40.639158221874716],[17.933486609414953,40.63914522436161],[17.933264577674358,40.63955878536924],[17.933203000706442,40.63954217388542],[17.933405034177326,40.63914628381309],[17.93341107656957,40.639102004355195],[17.933028768453937,40.639046167058325],[17.932489358449576,40.63907633725557],[17.931675386769857,40.63920167390444],[17.93127244039194,40.63927116337819],[17.93102769252436,40.63930928092431],[17.930958424619757,40.63930516504965],[17.930809668424843,40.63929059175356],[17.930710853993137,40.63922929628122],[17.93045043377399,40.63919725685288],[17.929267662828327,40.639024415381726],[17.92918220689797,40.63903928564377],[17.929189369203357,40.63918452582843],[17.92909839703508,40.63921311619506],[17.928964703476275,40.63925055016023],[17.92887959814706,40.63929764746945],[17.928850417427288,40.63931596766905],[17.92862637151041,40.63932387521461],[17.928489777925492,40.639446349153545],[17.92841841094396,40.63956611802396],[17.928400196636904,40.6397792952313],[17.92720374942953,40.639801172496206],[17.927132063430744,40.639918586053696],[17.92720302042897,40.64003500519739],[17.92730042707484,40.640139586972126],[17.92738182318645,40.64018749075418],[17.92839649258348,40.640200481079994],[17.929238084343947,40.640152721185444],[17.92924135480322,40.640191010244514],[17.92846555057668,40.640247204669556],[17.92846658582675,40.6402828128519],[17.928286875915823,40.640298249145445],[17.92828820099086,40.64033830046003],[17.928370308936486,40.64033998097134],[17.928456794666108,40.64034670043894],[17.928465501954964,40.64049894065358],[17.92847115870313,40.64052952053881],[17.929235607147312,40.64045958121366],[17.92922845356053,40.64040186963444],[17.929262406347497,40.640403505941535],[17.929280134646856,40.64054476247016],[17.92924458644047,40.64054753371281],[17.929241359949874,40.64051592541163],[17.92847609897413,40.64055622561342],[17.9284868264423,40.64061420902],[17.92853341660442,40.64074090326293],[17.928641556641523,40.64095284595042],[17.9287049495626,40.641051286716696],[17.928773695643972,40.64116733219434],[17.928885111489762,40.641315974935175],[17.928969013253244,40.64141290401648],[17.92899773392298,40.641439412595844],[17.929044542838476,40.64141134600856],[17.929368326412124,40.641738240070396],[17.9297763276829,40.642022402767246],[17.929999353574114,40.642157289049045],[17.930197876922424,40.64228183284723],[17.930755100846746,40.642506057324574],[17.932182806763844,40.64264157983214],[17.93373327555642,40.64273181913435],[17.934678510914484,40.642821664591],[17.93510014167245,40.642937479574925],[17.93511871132375,40.64298808894001],[17.93535451266459,40.64309555825954],[17.935515595568646,40.6432178954985],[17.935652672917747,40.64333760181626],[17.935786838159533,40.64345756122814],[17.935862470652822,40.64351462209555],[17.935872528007398,40.64306941035255],[17.93569467618294,40.64304759597541],[17.935543779179394,40.64299393823913],[17.935814597154764,40.64303348225945],[17.936178548841834,40.64304553510914],[17.936596558495946,40.64304147273695],[17.936596391717423,40.6430866922727],[17.935929434432822,40.64307448750323],[17.935903412261798,40.64354366450175],[17.936022282826936,40.64362798510677],[17.936084401457872,40.64367260230381],[17.936173231841455,40.64373118085754],[17.93616717544441,40.64326293738372],[17.936203635644997,40.6432553338976],[17.93622208756552,40.64375200066841],[17.936275213725374,40.64377464009502],[17.936339722477186,40.64379749569721],[17.936496637456457,40.64380826123591],[17.93647848872998,40.6433480960057],[17.93652271464695,40.643351782780044],[17.93653468112787,40.6438124312535],[17.936847037610264,40.643835645734256],[17.936875209318174,40.643162488057],[17.93673048432264,40.64315474570696],[17.936739366667478,40.643127880704725],[17.937295842422145,40.643108253890034],[17.938097313324263,40.64302905743302],[17.938098022122894,40.64305755349751],[17.93730241681817,40.64313391284614],[17.93692340020782,40.64314921107667],[17.936886031160274,40.64384687891603],[17.937128091235312,40.643835128999164],[17.93711177578918,40.643760264719],[17.937299626744966,40.64371705548419],[17.93721693560537,40.643380891155495],[17.93726639310605,40.643377032022144],[17.93735526713719,40.64371271385424],[17.938328988260807,40.64354393825652],[17.938270070199234,40.64319878042738],[17.938313979406672,40.64320011267967],[17.93837226310923,40.64354056112231],[17.938662235320457,40.64350183571705],[17.938694890129145,40.64346439703985],[17.93872155994885,40.643513301672755],[17.939401557137224,40.643314100135285],[17.93944529740669,40.64329740426316],[17.939429056826054,40.643246327952944],[17.93885314778742,40.64337692951675],[17.938860445751857,40.643338291762824],[17.939476220915655,40.64320219923584],[17.939503395038916,40.64328811183633],[17.93956160982026,40.64325968936666],[17.93961975468623,40.64322430579307],[17.939531809019037,40.64298848337511],[17.93956517721923,40.64298112014075],[17.939653123106137,40.64321694341143],[17.939973494077076,40.643137213621536],[17.940287102122415,40.64326263005884],[17.940475822649063,40.64320269262521],[17.940505778577055,40.64325890302913],[17.940540460296074,40.64323042317839],[17.940583812579714,40.64324507821391],[17.940474533487002,40.643332242836564],[17.940677318358475,40.64345810391873],[17.940784835436563,40.64335747450908],[17.940835722184005,40.64330070158076],[17.941116118333323,40.64348105203628],[17.941205012448123,40.64343366500755],[17.94116810307143,40.64352988358517],[17.9410186134857,40.64364725171064],[17.941343784235503,40.64384887719356],[17.94150813647519,40.64371023740909],[17.941537396821587,40.64373038414408],[17.94159474939077,40.643761881447034],[17.94150832211424,40.643832437957165],[17.942339993945644,40.6442777366192],[17.94343362946271,40.644570651382836],[17.94390418606138,40.64465525069561],[17.94405267745324,40.64467934376659],[17.94519900494581,40.64463264790389],[17.945426957007292,40.64456250076046],[17.946170691683143,40.64422841467394],[17.946891117007173,40.64390685120528],[17.94736135556965,40.643803497224084],[17.947959434145442,40.643744877965894],[17.948410807896682,40.64382619818323],[17.949066112535682,40.64396058144941],[17.949648265218624,40.64413160849886],[17.950465981958278,40.644474565136335],[17.950604131704754,40.64454942279504],[17.951501532716343,40.64522876114207],[17.95163017570818,40.64532577347986],[17.951568613589163,40.64536809910803],[17.952052331555937,40.64573936877336],[17.951996974278313,40.64578869413461],[17.951982819190736,40.645836964467634],[17.95193928967364,40.64584267065812],[17.951865662894164,40.64594306351544],[17.951811292837075,40.64617749546798],[17.951782758759972,40.64655805715335],[17.951730374527884,40.64659591029309],[17.95185723990859,40.64730572617849],[17.95199651242715,40.64729090354263],[17.95203282542061,40.647411505577246],[17.953110320566356,40.65002122687103],[17.953098547850505,40.65004562575528],[17.953203625435673,40.6503522505238],[17.953385087583147,40.650686677034614],[17.953484094829733,40.65092645715054],[17.953564369233707,40.65090548057091],[17.953607880196678,40.6508941116205],[17.954001086156005,40.6511325720725],[17.9540642978958,40.65117090749726],[17.954518752124493,40.65144650877509],[17.95454595287485,40.65146300286962],[17.954582700685865,40.65143612685601],[17.95460758293705,40.6514541304059],[17.954636501242792,40.651430326892125],[17.954672511704125,40.65140068754819],[17.954922074936576,40.6515534613942],[17.95497480758923,40.6515857426581],[17.955135361908965,40.651684026995675],[17.954988322527193,40.65181476944371],[17.955183714997236,40.65198262505785],[17.955311102475658,40.65209206068176],[17.955668959383694,40.65239948020578],[17.95576112705662,40.65247865781334],[17.95584294379478,40.652573548966544],[17.956027568164057,40.65267881904278],[17.956123189277132,40.652623710776986],[17.956176989541955,40.652646173559056],[17.9562080960216,40.652672617766925],[17.956114762386175,40.652755246878556],[17.9561622007266,40.652788251815295],[17.956197906072344,40.65276977576262],[17.95622887078412,40.65274664900244],[17.95626045545092,40.65271549199376],[17.95628700194377,40.65267401798522],[17.956312445413438,40.652631850579404],[17.956339800445136,40.652615299940415],[17.95637230809121,40.652625994740106],[17.956398988465725,40.652657100536295],[17.956395845274876,40.6527007658148],[17.95638518624784,40.65275525144094],[17.95637049570225,40.652800204637586],[17.956352634711507,40.65283078483602],[17.95631782664442,40.65285963827608],[17.95629185167602,40.652880926158296],[17.9562504550682,40.65290855296693],[17.956223265565562,40.65292663016361],[17.95619869648935,40.65295103369946],[17.956224949160703,40.6530320391997],[17.95623336457731,40.65305920035572],[17.956248518661145,40.653095935830905],[17.956262712997678,40.653126393143545],[17.956283007491344,40.653150907755276],[17.956303827094814,40.65317518346281],[17.956323300746508,40.65320316412858],[17.95634715526646,40.65324093856157],[17.956371721932605,40.65327385349354],[17.956396948201117,40.65329414529529],[17.956418267189843,40.6533175528164],[17.956445499819957,40.65335010726973],[17.95646955784163,40.653377024379715],[17.956491897591984,40.65340148691418],[17.956522220486633,40.653433894097354],[17.956547150341123,40.65346121691417],[17.95657167529021,40.65348436289198],[17.956596662241175,40.653505829800004],[17.956621925069317,40.653528011614355],[17.956647195552737,40.65355037267441],[17.956672679470653,40.65357092752543],[17.956701863058633,40.65359467313802],[17.95673444118043,40.65362459191134],[17.956754784285256,40.65364910532849],[17.95677623213764,40.65367323019428],[17.956799879217616,40.65369635305111],[17.956825377313073,40.65371722239416],[17.956856755870305,40.65374095816692],[17.956894676124456,40.653770424024785],[17.95692193338377,40.6537903023742],[17.956947794745812,40.65381165854888],[17.956985367912434,40.653838768502446],[17.957027231374987,40.65386750327133],[17.957068232807437,40.65389603566733],[17.957099731275033,40.6539186190417],[17.957130128356273,40.65393562595792],[17.957167821294828,40.65394832496317],[17.957216151892304,40.65396120183488],[17.957251754032086,40.653971275754806],[17.957302554118066,40.653982694199634],[17.95734409951809,40.65398989146415],[17.957386421269256,40.65399477266951],[17.95743713346026,40.653998673888125],[17.9574748168277,40.6540006796358],[17.957512170257854,40.65400291800421],[17.957550358746364,40.65400752262343],[17.957588278571006,40.65401046754158],[17.957627144510376,40.654010551666126],[17.95767068524907,40.65400716142534],[17.957736411313512,40.65400214564175],[17.95802326169456,40.653901297994096],[17.957814404175725,40.65342393437455],[17.957915269032988,40.653405931205455],[17.95814526647094,40.653356178837036],[17.958165823288798,40.65342409202071],[17.958010455588376,40.65346121504748],[17.9579479827697,40.653487839116416],[17.958204110875904,40.65399719357646],[17.958253707097263,40.65398612105337],[17.958294434550318,40.65400605059689],[17.95833748586615,40.65402635768489],[17.95837301053012,40.65404293889171],[17.958402993252296,40.654058245008294],[17.958436516366667,40.654076453034385],[17.95847846022764,40.654097644329426],[17.958510905648794,40.65411351674659],[17.958546122825677,40.65413087282394],[17.95859897889518,40.6541584009022],[17.958631657453715,40.65417899589931],[17.95866038524367,40.65419793596589],[17.95868785077479,40.65421699814435],[17.958716414571512,40.65423549240601],[17.958747137807567,40.65425433570754],[17.958774744674628,40.65427213415078],[17.958800946545697,40.65429127266864],[17.95882692053788,40.654310778814725],[17.958858457640158,40.654332574508196],[17.95890068915164,40.65436098300941],[17.958943006577414,40.65435787141279],[17.958942049082243,40.65438804155541],[17.958981922357342,40.654415317997106],[17.95900927925167,40.65443298665889],[17.95903653226348,40.654450524056244],[17.959069697327855,40.65447056559121],[17.959110619525976,40.654493965989595],[17.959196073104756,40.654452367674416],[17.95914637744707,40.65453015035624],[17.95917804717177,40.65456488659673],[17.95921152938502,40.65459372223417],[17.959245243784267,40.65462448927393],[17.959272638694742,40.65465019509937],[17.959295713806085,40.6546713963865],[17.95932060580187,40.65469291055511],[17.95934698744793,40.65471497272904],[17.959373860181646,40.654737156545174],[17.959399699984246,40.65475689066858],[17.95943871185299,40.65478232072189],[17.95947475058987,40.65480445019524],[17.959505764781728,40.65482324084241],[17.95953537675071,40.65484121225272],[17.959566566307828,40.65485842266777],[17.959596989347638,40.6548748873113],[17.959626954037923,40.65489307479925],[17.959657007508312,40.65491107997939],[17.959687347555786,40.65492673636867],[17.9597247057255,40.65494272316458],[17.959810373265245,40.654986301779964],[17.959889909867172,40.65500299307465],[17.95993300272979,40.654985047532705],[17.959985079538654,40.65498722396325],[17.960028123235677,40.655012323982184],[17.960066107454153,40.655024407491965],[17.96010392197418,40.655034873923256],[17.96016423956038,40.65504917579885],[17.960228802693482,40.65506246744281],[17.960272185721546,40.655077564526515],[17.960314592185426,40.65506395837181],[17.960443964950063,40.65502335711337],[17.960505643106224,40.65509931020361],[17.96046262844175,40.65512502117166],[17.96048502424917,40.65516116604704],[17.96051544143447,40.655192893876624],[17.960542596535344,40.65521925840661],[17.960566533550846,40.65524228400768],[17.96059086702488,40.65526655911714],[17.960613757041315,40.65529127628526],[17.960634791616947,40.65531482571518],[17.960658396872418,40.65533695821863],[17.960724227432944,40.655320455341744],[17.960839882704867,40.65548007858938],[17.960787745925774,40.65544679048111],[17.960760248417902,40.65546451609629],[17.960746717604014,40.65549043907272],[17.960746281477135,40.655518051422106],[17.960757438859424,40.65554428635347],[17.96077417027326,40.65556979199834],[17.960789519090522,40.655595963355],[17.960801488385783,40.6556221158707],[17.960814001553402,40.65564676814491],[17.96082926829652,40.65571344278168],[17.961039660803333,40.65600995057034],[17.960978495039853,40.65603507576663],[17.960823362349636,40.65609083850126],[17.9605711671009,40.65619672907412],[17.96053394939447,40.656219612507975],[17.960535373906595,40.65626115796062],[17.960542082591164,40.656315265267295],[17.960571411045404,40.65633891755656],[17.960622157522042,40.65635287902361],[17.960680169929905,40.656350354318505],[17.960717836712934,40.65637289194],[17.96075159598714,40.656399672205815],[17.96077470823503,40.65642609401425],[17.96081130436135,40.656448659621226],[17.960857181138586,40.65643856665416],[17.960893115118793,40.656424136698895],[17.960935172439616,40.65640702714535],[17.96106156853177,40.65635641554479],[17.961099162877048,40.656335458338106],[17.961141978384394,40.65631346670235],[17.96118250377394,40.656303601693466],[17.961222882013733,40.656305897063795],[17.96125373689451,40.65632287598929],[17.961784946828114,40.65608173539265],[17.96180984909091,40.65611774679711],[17.96119656247918,40.65641522274103],[17.96124493013198,40.656439916472884],[17.9612850146507,40.65646036549824],[17.961324251373952,40.656461069451154],[17.96136442632818,40.656460938309465],[17.96139809383475,40.65647241131215],[17.96143018344874,40.65650445763715],[17.961438435158303,40.65655206304928],[17.961433303833235,40.656589296988756],[17.961479781245508,40.65660264789764],[17.96154734619318,40.656598887860724],[17.962023193023093,40.656379007548544],[17.962081394479114,40.65644901616746],[17.961855125620815,40.65655235288089],[17.961902885763703,40.656624429519],[17.962090629805907,40.65654378847626],[17.962428089134946,40.656959005567444],[17.961891105024854,40.65720431513818],[17.961974413678707,40.657312762417604],[17.96242524709006,40.65711594668296],[17.962540279653528,40.65725365619754],[17.96231554535374,40.657360826924595],[17.96235879794235,40.657416990458394],[17.96258563634107,40.657308864532226],[17.96260912414785,40.657339330156255],[17.962551429689835,40.65736521870753],[17.962709341515435,40.657577177644185],[17.962768529729143,40.65769745770158],[17.96215167440392,40.65786032730519],[17.962004746893264,40.65790543381764],[17.961827678081757,40.65803391683208],[17.96178030422918,40.658073379113716],[17.96182221535766,40.65829137185392],[17.961825425482278,40.658324430710465],[17.961918024709895,40.658335559747876],[17.961928500391604,40.65838237510843],[17.961894700462754,40.658384911291336],[17.961904496122933,40.65841671921167],[17.962094569739342,40.658383472371064],[17.96252685679872,40.65846152458862],[17.962485210702837,40.65858263513148],[17.964682495455445,40.65900004993978],[17.96466690791814,40.659046648087504],[17.962467442567906,40.658628477430206],[17.962157290256158,40.658570973246725],[17.96214036789082,40.65862284893233],[17.962090311435357,40.65861348332636],[17.961863834301766,40.65927361072315],[17.961920766518062,40.659295887561115],[17.96385539301379,40.6596449910718],[17.96384493834666,40.65967864372239],[17.96190709211412,40.659337548954056],[17.96186313639285,40.65933790515547],[17.96170890227336,40.65979251955935],[17.961753986067745,40.659807084541406],[17.964104086193686,40.66022367424116],[17.96410298703835,40.66026182915921],[17.961745127940244,40.659837796534546],[17.961689252845296,40.65983212610094],[17.96160101878462,40.6601507148429],[17.961602056917236,40.66018156426551],[17.96183349274043,40.66029907245474],[17.9619350539875,40.66033395164307],[17.96199579106841,40.66035196047819],[17.962029804856517,40.66036603556193],[17.96194927948917,40.660161531004995],[17.961994131944227,40.660151775746186],[17.962093659519663,40.660235886092444],[17.962128010038793,40.660328369307265],[17.962157756969624,40.660350412908514],[17.96409185258652,40.66068859039156],[17.96407775148278,40.660723004201174],[17.96219699037477,40.660390452714125],[17.962145863877033,40.66039121194443],[17.962280761344925,40.66058051469231],[17.962357638880608,40.66080290821806],[17.962419902029264,40.660821782063216],[17.963939195729782,40.661062188519494],[17.96393777874733,40.66109798890604],[17.962435445196146,40.66086454984456],[17.962444802597407,40.66089029509459],[17.962378583997733,40.66086550979461],[17.962394214307565,40.66091187226513],[17.962319364665042,40.66116755372788],[17.96235081273663,40.66119241638451],[17.963868683674278,40.661488839594426],[17.963858626407198,40.66153007422378],[17.962384099332088,40.66126386475874],[17.962311299281108,40.66124670037453],[17.962227021703058,40.66154469474214],[17.963743126928456,40.66183176516863],[17.963738301319445,40.66186545294406],[17.96221678473735,40.6615960248256],[17.962161124418575,40.661762451047935],[17.962152355076135,40.66179019760368],[17.96366819756557,40.662063661330976],[17.963656870212528,40.6620954785882],[17.962139404295904,40.66182140977811],[17.96210685596295,40.66191160251453],[17.962091191909124,40.66193958018729],[17.962253045612645,40.661969740685535],[17.962242828144305,40.66206718918074],[17.963629330508457,40.66234096978183],[17.96222458806359,40.662117423520364],[17.96217698955547,40.662195909609906],[17.962165422008432,40.6622500334922],[17.961819870502236,40.66219219750409],[17.961812384650624,40.66221776543024],[17.962152624022416,40.662289159722924],[17.962144311938104,40.662327408832745],[17.962181000720708,40.66232568328123],[17.96224579123903,40.66233850167999],[17.962356720720518,40.66236979484328],[17.962303349347046,40.66246979235652],[17.962268605257083,40.662552070922594],[17.962954583166244,40.66266917420987],[17.963673206471842,40.66276580224976],[17.964498212057702,40.662797917452764],[17.965960600310034,40.662739616889745],[17.9670089832771,40.662645067422076],[17.967251233294807,40.662623218357595],[17.967220810756736,40.66261130426479],[17.967182973004203,40.66259550422055],[17.967146923632953,40.6625770929887],[17.96716178372678,40.662499625324934],[17.967198751219808,40.66248944404147],[17.96723564270107,40.66247712578493],[17.96728036700163,40.662459849001415],[17.967319598795772,40.66244277207826],[17.967360569504674,40.662422105856855],[17.96739898990126,40.6623998686993],[17.967433423781323,40.66235377634754],[17.96744896022011,40.66232802732398],[17.967464594669828,40.66229241394404],[17.967477485765816,40.66225651090274],[17.96748453575478,40.66222084943106],[17.96749459745035,40.66219370902317],[17.967505764042468,40.66216618084642],[17.967529406798192,40.662131937599746],[17.96754937829772,40.662095133006275],[17.967567745649347,40.66205954031866],[17.967581621346696,40.662023837138854],[17.96758784580229,40.66199598464982],[17.967587703583455,40.66195758162712],[17.967580559866164,40.661915260290876],[17.96757061332571,40.66187791906154],[17.96755794164535,40.66184951754729],[17.967547193854177,40.661821607444296],[17.967548927628915,40.66178261509047],[17.96755659489401,40.66175319553765],[17.96757012007988,40.66172389549238],[17.967573106867167,40.66168239413228],[17.96756100738965,40.661641596614785],[17.967554872159198,40.66159893372759],[17.967548428900653,40.661566906109144],[17.967545452729848,40.66153609435711],[17.96754266060629,40.66149843389431],[17.967514050355387,40.661465804921825],[17.96750721152047,40.66142707829108],[17.967507768510732,40.661389060253974],[17.967530390522,40.66135592569245],[17.967565406502985,40.661336203210105],[17.96759244614065,40.66131362431732],[17.967612740901938,40.661278611797904],[17.96762628233431,40.66125079694019],[17.96763548398288,40.661221879517406],[17.967628439254497,40.6611828875552],[17.96760491105834,40.661149406528146],[17.967577299413037,40.66111837377776],[17.96755401948965,40.66108605761008],[17.967547405033656,40.661055699818185],[17.96753026237468,40.66102872031017],[17.967510576899603,40.660992799940495],[17.96750198163044,40.66096393353883],[17.967492420306257,40.66093747993351],[17.967499973212135,40.66090108307642],[17.967510457141174,40.66087357239983],[17.96751537927808,40.66084823099309],[17.967523366296184,40.66081718305137],[17.967530648529156,40.66078016352641],[17.96753957044169,40.66074382223291],[17.96753367022865,40.66071308658141],[17.967535400380573,40.66068758686505],[17.967532005902907,40.66064036599306],[17.96751879573684,40.660605315326244],[17.96751586855175,40.660566802166585],[17.967509155398396,40.66052978326775],[17.96749576661592,40.66049509729224],[17.9674700109465,40.66046523118571],[17.96748056812191,40.66044013466163],[17.967488686174228,40.660413511565004],[17.9674905070819,40.66037541704824],[17.967483799030305,40.66033853173752],[17.967476246397954,40.66030018383676],[17.96747073132926,40.6602583158895],[17.967468701614898,40.660229054975424],[17.96747260438712,40.66019937358458],[17.967472676572157,40.66017131943846],[17.96748612003974,40.660144572496066],[17.967457794632317,40.66012275805671],[17.967159317404384,40.660053845120245],[17.96711153440521,40.66004850057863],[17.967143021886756,40.659988795127674],[17.967181048933952,40.660003936528625],[17.967480797128985,40.66007952663384],[17.967567055586272,40.66010027122566],[17.967772950404765,40.660141104150036],[17.967789948389797,40.66010984696275],[17.96777513754155,40.659927689365226],[17.967770432139556,40.65972266926927],[17.967766257821637,40.65967694019154],[17.967832501224173,40.659413541512166],[17.967909850722556,40.65912653651341],[17.967900815745804,40.65870853833467],[17.96782070667373,40.65811523535382],[17.967919796796547,40.65764589862125],[17.967693064565474,40.65703267995806],[17.967482276751394,40.65711270307689],[17.967540655548127,40.657221146709304],[17.96748766700981,40.657233623848576],[17.967354597145775,40.65695377323603],[17.96740492720554,40.65693317728671],[17.967443356021768,40.65699797696544],[17.96747505728638,40.657035930283804],[17.967598023011785,40.65699880887164],[17.96766607001726,40.656982440401485],[17.967454583037732,40.656603663010245],[17.967323345406836,40.656652863200506],[17.967302440175686,40.656602156637874],[17.967376814247835,40.65657480859262],[17.96743489365366,40.65655169494517],[17.967292627200116,40.65628648205546],[17.967238568997335,40.65630261103146],[17.96722809602434,40.65627131170533],[17.967317560324513,40.65623179061674],[17.967521794467892,40.6561519402508],[17.967494464552786,40.656092232644724],[17.967212044801204,40.656152415402055],[17.96715521405818,40.65617114083864],[17.966920253310963,40.65577454188987],[17.966856408550804,40.65580909548529],[17.96682586905788,40.65574486669007],[17.966868513984554,40.65573676979023],[17.96690542554184,40.65573928599264],[17.96689496122505,40.655714407491246],[17.96693912223205,40.65571178608649],[17.96691317906424,40.65560479156204],[17.96685637671712,40.65546172447581],[17.96680988957959,40.65534878027288],[17.966744622956735,40.655258720219486],[17.96678264373274,40.65517008990045],[17.966894541492287,40.6550732958202],[17.966914504573335,40.65503604338514],[17.96699398583406,40.654953683501155],[17.967139599192535,40.65494466157093],[17.967288302237893,40.65468081580356],[17.967469532627543,40.65426452904015],[17.967589543809652,40.654019584591346],[17.967983813872877,40.65351523755306],[17.968281267632193,40.653173123569196],[17.96823677446799,40.65309809175094],[17.968286839364026,40.65300613848944],[17.968374810602942,40.652963561094914],[17.96852391666348,40.65298043568064],[17.968598139442225,40.653067414763214],[17.968542526444153,40.65316456055228],[17.96860724546528,40.653273697659984],[17.968479578846694,40.653369348721576],[17.968403567193224,40.65338481795512],[17.96809224506948,40.653739915334825],[17.967757522609897,40.65429194339698],[17.967541738948334,40.65472996969844],[17.96744079353158,40.654861596155826],[17.967407417562583,40.65498021709744],[17.96743678757256,40.655012464695346],[17.967448808504475,40.6550383165377],[17.967466259952257,40.65506348777022],[17.967499089674195,40.655075881514556],[17.967532608386215,40.655088437118685],[17.967562563734607,40.65510855924433],[17.967596620200474,40.655124433212094],[17.967617964675203,40.65514720793005],[17.967651095284968,40.65517409193655],[17.967693372253404,40.65519497754811],[17.967722913573528,40.655212408225985],[17.967744800656824,40.655236429052586],[17.96777957304281,40.65526511784417],[17.967811065493244,40.655282543190815],[17.96783134589851,40.65530552528465],[17.967861863239833,40.655321849856875],[17.967892395457916,40.65534232508509],[17.967936124374656,40.65536798162167],[17.967971721567917,40.6553844910896],[17.968005822887015,40.655399147430614],[17.96804527281013,40.655422267699336],[17.968074489611748,40.65544335395831],[17.96810801020149,40.655463608600996],[17.96814891795415,40.65549213875394],[17.968183985817028,40.655521990384266],[17.96822333149123,40.655550424316026],[17.968257858944753,40.65558019954035],[17.96827955536216,40.65561201458446],[17.96827459066007,40.65564082500968],[17.96824764191948,40.65565988888315],[17.9682152207988,40.655674321218456],[17.968180049326776,40.65568387108323],[17.96814490771621,40.65569414069525],[17.968127071905784,40.65572343567172],[17.968138823739594,40.6557471161398],[17.96816590659073,40.65578383565102],[17.968189574927138,40.655819428707844],[17.968205024895052,40.65585334077663],[17.968223885365635,40.655889372373935],[17.968248295565697,40.65592629666131],[17.968270355369736,40.65596193023492],[17.968302280106393,40.65598357682586],[17.9683250105853,40.65600460533156],[17.968336930608405,40.656030413716806],[17.968353985519713,40.65605541532284],[17.96837971504277,40.65608690192163],[17.96841966509909,40.656081732097824],[17.96845476183728,40.65609352536879],[17.96846867154039,40.656130090302234],[17.968462401573287,40.65616793878647],[17.96845120551639,40.65620460744933],[17.968443114072926,40.65624097273524],[17.96845281479367,40.65627827554178],[17.968473795057136,40.65630164423567],[17.96849902043247,40.65632175252966],[17.968527626391435,40.65634114375461],[17.96855649486682,40.65636205932224],[17.968587900978548,40.6563906976312],[17.968612153858945,40.65641308251792],[17.968643018216703,40.65643610786428],[17.968686847604786,40.65646010430209],[17.968727322504588,40.65648211620441],[17.96877002988081,40.65650501706706],[17.968811329503794,40.65652363083674],[17.96885769540734,40.65653774635228],[17.96890718384863,40.65654201063538],[17.968955150505472,40.65655374453188],[17.969002004997872,40.65656789276281],[17.96903283162178,40.65658785631482],[17.969067001287947,40.65660953548727],[17.969105113362975,40.656638768016286],[17.96914219911252,40.656666809374386],[17.96918347695802,40.65669483534052],[17.969217869253345,40.65671385144084],[17.969250702019103,40.656727369369726],[17.96927504119205,40.65674948117041],[17.969300451934945,40.65676719894446],[17.96934160424406,40.65679018450409],[17.96938788231927,40.65681551310297],[17.969424530012283,40.65684577384505],[17.969455610618013,40.65687586180203],[17.9694839765298,40.65690629006068],[17.96951747109478,40.656935821143335],[17.9695538680674,40.65696487130619],[17.969582644215993,40.65699907122759],[17.96960567615818,40.65702689035103],[17.96962748113668,40.65705122835907],[17.969654139753427,40.65708165630349],[17.96967672775744,40.65710277751117],[17.969705771557834,40.657119905792456],[17.96974193836708,40.65714481939186],[17.969772267582417,40.657175557812785],[17.96978131699607,40.657202565653954],[17.96978035280308,40.65723136225824],[17.96976652319382,40.65726697387413],[17.9697520886892,40.65729773915823],[17.969778343388292,40.657319150472645],[17.969829802403527,40.65733144404752],[17.969852157639906,40.657355002426385],[17.969806698076557,40.65737449948754],[17.96977569587778,40.657415416420776],[17.969784463657064,40.65745256196359],[17.96980136924751,40.657488464026514],[17.969818452255787,40.65751409446693],[17.969837070399702,40.657538064253956],[17.969868096841015,40.657571305498244],[17.969918801481573,40.65759577818017],[17.969966026711788,40.65759904212604],[17.9700038436677,40.65762598548088],[17.97003386557989,40.657647590852385],[17.970057419565293,40.65767066861751],[17.970077561229985,40.657695994696454],[17.970096818274744,40.65771895849411],[17.970112711874098,40.65774524947489],[17.970124044192083,40.65777093822724],[17.970088551331056,40.657776610253926],[17.97008993105363,40.65780328988711],[17.97010763570272,40.65782863418799],[17.970131599920368,40.65786205802666],[17.970160637533738,40.657892242850025],[17.970193905107827,40.65790237313348],[17.970224337589794,40.65788817150449],[17.970272273259788,40.65787941787074],[17.970325379187052,40.65787616010241],[17.97037954502724,40.657877016976684],[17.970423759999903,40.65789208803955],[17.97043744819594,40.657925820341596],[17.97045400769864,40.65795830798513],[17.970464706835617,40.65799171328601],[17.970479740775815,40.65802171799921],[17.97044037997926,40.65803687084226],[17.970391710105503,40.658024705300555],[17.970350282876645,40.657996099799554],[17.97031604657653,40.658017423806115],[17.970275888716813,40.65802932439686],[17.970270479557854,40.658076275185635],[17.97027637391276,40.658114576479555],[17.96961934389805,40.65821379963891],[17.96959828083474,40.658132572824165],[17.969665513654625,40.65812237728167],[17.96964071808352,40.65802737947416],[17.969031620674603,40.65821247306868],[17.968584110086375,40.658348461671004],[17.968525382567442,40.65835253835521],[17.968564264776784,40.658452938448306],[17.96864296670197,40.65843524393383],[17.968671939367354,40.65851014219539],[17.968145878305,40.658774116397815],[17.96805920837475,40.658856223678626],[17.96789684716576,40.65942620445503],[17.96787840579649,40.65946558159104],[17.967842049149613,40.65963757289243],[17.96812709789443,40.65938624107485],[17.968544383534518,40.65905770706951],[17.968666567489276,40.65896608548188],[17.96890413233967,40.65875361499439],[17.968933209264296,40.65871873732016],[17.968942227297195,40.65867469356189],[17.968952624198607,40.658638674620235],[17.96897461258683,40.65860010673764],[17.969016286211563,40.6585787725677],[17.969051190408184,40.65857305704348],[17.96910706371713,40.658528842640145],[17.96915154355435,40.65855318359658],[17.96919953260846,40.65850822696997],[17.969827564636276,40.658530154467435],[17.969909603518655,40.65852835719765],[17.970581250722326,40.65856388165392],[17.97061926392289,40.65857767140028],[17.97064697190482,40.65859546339087],[17.970651765598955,40.65862433683521],[17.970678001081204,40.658657296675734],[17.970682098141488,40.658695778299766],[17.970671878774997,40.65873688130909],[17.970666885116735,40.658764971114856],[17.970663890270828,40.65879197452668],[17.970679640325493,40.658817233538265],[17.970696290744783,40.658845171920476],[17.97071395123823,40.65888159381911],[17.97071880962606,40.65892181250403],[17.97071740237007,40.65895931077928],[17.970730699861974,40.65899742061579],[17.970740292759846,40.65903553648037],[17.970766296097693,40.65907314021554],[17.970789240734906,40.659097898582765],[17.970801712417945,40.65912616967873],[17.970827794982444,40.65915787262081],[17.97084121854402,40.659199895987776],[17.970850046470616,40.659242759546565],[17.970844555890267,40.6592827484733],[17.970840990462147,40.65931008164985],[17.970853412367347,40.659339434837854],[17.970894926622925,40.65936502173629],[17.97093873256118,40.65938293926179],[17.97096176053964,40.65941832287409],[17.97095830189627,40.65945573905252],[17.970960718689668,40.65949480461446],[17.970959299545285,40.65952325289297],[17.970959636306702,40.6595517012075],[17.970947703127514,40.6595783931615],[17.970962558985285,40.659606558406715],[17.970972387537937,40.65964228177623],[17.970964342219265,40.65968292136143],[17.97094081942139,40.659720945277456],[17.970922414896886,40.65975455850205],[17.970891376775022,40.65978039280358],[17.97087464555624,40.659804416650346],[17.97085339363928,40.65982770293365],[17.97082101910673,40.659839928367504],[17.970792091310102,40.65985508152359],[17.97076274388416,40.65987393827549],[17.9707449205941,40.65989646047777],[17.97074254437696,40.65993411919412],[17.97074492090081,40.65996237895708],[17.97075837970372,40.659992020525735],[17.970784085941624,40.660014141788935],[17.970810477644815,40.66003520938645],[17.97083252077503,40.66007147410223],[17.970823258945188,40.660108904241966],[17.970823453705258,40.660150638391045],[17.970809738826652,40.66018660806903],[17.97079221671046,40.66021808298799],[17.970757886168403,40.660201631726956],[17.970744817627946,40.66015991325508],[17.970727186436005,40.660120879444484],[17.97071451297467,40.660094639358796],[17.97070307223966,40.660067603093054],[17.970692303904663,40.660040369376006],[17.970676101030996,40.6600126000643],[17.970631953735424,40.65999360940086],[17.970584506956136,40.66001122120017],[17.970551738381367,40.66003102122209],[17.97052556735021,40.660051146136155],[17.970505660707513,40.66007840507479],[17.970478044941796,40.660098928208676],[17.970427615932813,40.66013723864475],[17.970392079911633,40.660151841023904],[17.970351223147894,40.660175090988474],[17.97031487076502,40.660202052715924],[17.970288338508453,40.66022943583264],[17.97026983676315,40.66025427182222],[17.97026485547392,40.66029033159924],[17.970280006694324,40.660325151628],[17.970279338444215,40.66036173145136],[17.970272565152097,40.66039040758293],[17.970265898834903,40.660418179683504],[17.97024931436079,40.660446658524684],[17.970214500670682,40.660455524619685],[17.970192452554077,40.66042574374721],[17.970185418632585,40.660389228573486],[17.970181787829492,40.66035141000429],[17.970184857339948,40.66031400362635],[17.970148730761395,40.66030646952408],[17.97013142613453,40.660330823249545],[17.970133490969555,40.66036305425115],[17.970130750648604,40.660394688644956],[17.970129670795448,40.66042749598902],[17.970130466745644,40.66046957513619],[17.970140771202313,40.66050726754174],[17.970150483422884,40.660540426461544],[17.970157900030824,40.66056797223205],[17.970161016719718,40.66060850633891],[17.970164894524764,40.66064748897524],[17.970170149071,40.660687878108334],[17.97017353519818,40.660719128848775],[17.970178749615506,40.66075528656271],[17.970186280344745,40.6608007948797],[17.970191123778264,40.66082971212506],[17.970199795681122,40.66086465390705],[17.9702090430015,40.66091808863038],[17.970217374396864,40.660957450812525],[17.970225943323207,40.66099338713487],[17.9702348763265,40.66103422192294],[17.970245698527574,40.66106379491455],[17.970251346580554,40.661094358604664],[17.97025696632397,40.66113302674398],[17.97027787850601,40.66116688834539],[17.970299515214396,40.66119073580823],[17.9703278076566,40.66121288120792],[17.970366795026546,40.66124087387624],[17.97040855926462,40.6612698764902],[17.970440411411122,40.6612931008906],[17.970469224114815,40.661317077736136],[17.97050696529907,40.66135104635836],[17.970530047793396,40.66137229050317],[17.970557872547943,40.661398184575866],[17.970595284065908,40.66142909996245],[17.97063772551827,40.661459075481716],[17.97066996421605,40.66148332435275],[17.970697145370238,40.66151009161704],[17.970723099105225,40.661537790424994],[17.97074865687187,40.66155761854563],[17.970782330052998,40.6615856586525],[17.97082176853003,40.661620484279496],[17.97085578370352,40.66164630880186],[17.97088262773718,40.6616654741001],[17.970913660038338,40.66169110602446],[17.970939214746924,40.66171638288703],[17.97097309378417,40.661751216818274],[17.971006929778774,40.661782899546004],[17.971048392899515,40.66181389035683],[17.97108875316513,40.66184752141252],[17.971127152149187,40.661876520293525],[17.97116485762431,40.66190306008874],[17.97118926555953,40.661923369352486],[17.971215946360985,40.66194434045618],[17.971250998300217,40.66197815169314],[17.97128016849339,40.662010180962724],[17.97130314492241,40.662036693853615],[17.971328427125236,40.662060222249075],[17.971368153043983,40.662080632680905],[17.97140612718155,40.66207591684165],[17.971441176365524,40.66208658606837],[17.971466168576818,40.662118946188976],[17.971474191031835,40.66215575162579],[17.971433490112375,40.6621748110006],[17.97140352507611,40.66219958213578],[17.971426113567638,40.662232724077626],[17.97145500465404,40.66225188173677],[17.97148942541094,40.662257164219604],[17.97152454946364,40.662277197723526],[17.971560964952147,40.662305435503264],[17.971601608585566,40.66231798735895],[17.971635851728127,40.66233133378408],[17.971666922637368,40.662345752431186],[17.971695322227074,40.66236591252564],[17.971723230594,40.66239916638765],[17.971701141758523,40.66253425276709],[17.971775739702636,40.662538274174395],[17.972668266415248,40.66263243809748],[17.974717442776534,40.66283158481054],[17.976428319240867,40.66299646876283],[17.977763938101752,40.663114281402244],[17.978411817392054,40.66312421204452],[17.980286721417094,40.663148013223505],[17.98112104309671,40.6631613075489],[17.98396704291982,40.66320560672719],[17.983992476312455,40.663655482708116],[17.98739023777749,40.66347875246015],[17.99069709590895,40.66330680067023],[17.993064907827932,40.66317713181202],[17.995952131041946,40.663024560918345],[17.9959452968911,40.66286543499168],[17.996474614280533,40.66282836383737],[17.996500238215138,40.66314783626344],[17.994190851277374,40.663272997527784],[17.99072462306597,40.66346656150185],[17.987388496829233,40.663640713339284],[17.984610769674664,40.66379573022159],[17.98381092565991,40.66384055518838],[17.983766591995607,40.663273018235145],[17.98257291465864,40.66326552279312],[17.980246666496278,40.663223161409036],[17.978904840932874,40.66321144113466],[17.97778258663212,40.663187013555344],[17.97668709222764,40.66309758645726],[17.97563094630458,40.662993715142655],[17.97304738710985,40.662751083524256],[17.972532343170233,40.662696995961184],[17.971700112336826,40.66263405739289],[17.971186956312785,40.66261584590519],[17.969285838466888,40.662616345689024],[17.968499451112212,40.662608306029696],[17.96761021159888,40.66269143080297],[17.967167683305902,40.66273730372034],[17.96703051074692,40.662752704548964],[17.9657776129055,40.66289335945168],[17.96469246892483,40.66294682616153],[17.96418234397158,40.662950838365504],[17.96379534679605,40.66292710251764],[17.963342813863026,40.66287713066235],[17.96263759269582,40.6627704303433],[17.961905429204926,40.6626389310176],[17.961898777095673,40.6625900232955],[17.961544582164297,40.66250302930357],[17.961387944962095,40.66247295059839],[17.961208098657416,40.66254732663906],[17.96116779093873,40.66261243379361],[17.96113054335179,40.662672600192664],[17.96109467354527,40.66276681597499],[17.961038129594844,40.662819147236696],[17.96101290316921,40.66287283627062],[17.96094241545395,40.66285366281086],[17.960894343500104,40.662846530770786],[17.960843057983652,40.662838923564564],[17.960758416812574,40.6628680205449],[17.960713270110272,40.66292780492762],[17.960539488848923,40.66295261609156],[17.960373911083796,40.662907156891364],[17.960312154086903,40.662907712054725],[17.960114474053782,40.66290949034148],[17.95995002447728,40.6629380244826],[17.959892195587805,40.6629470730729],[17.959735973343143,40.66301342875623],[17.959691150079372,40.663032467479525],[17.959496915090398,40.66312408211164],[17.95931859335429,40.66318079782967],[17.959180059588064,40.66325522998464],[17.95909378651164,40.66333100955022],[17.95907014355582,40.663368840988284],[17.95902583371625,40.66343973519867],[17.959001505971408,40.66352257746586],[17.959011482861943,40.66359598626335],[17.95892889695396,40.663640698530514],[17.958825171820802,40.66363750659145],[17.958769400317312,40.66366217017882],[17.958694186767,40.663694987546684],[17.95864685734233,40.663693721646666],[17.958608254395603,40.6636926885189],[17.958501681860934,40.66364715376166],[17.958422440461934,40.663628562769524],[17.958333415703528,40.6636467853987],[17.95831402059053,40.66370005461785],[17.958361627371303,40.6637906874645],[17.958428280935216,40.66386867690135],[17.9584656753098,40.66394894433982],[17.95844756649915,40.66403351849597],[17.958389127247397,40.66412579055545],[17.958228588548824,40.664183308640396],[17.958122933674677,40.66418688912979],[17.95807578256827,40.66418848845953],[17.957949205241768,40.66416922051177],[17.957839126196752,40.66411936152786],[17.957730653812497,40.66401542962209],[17.957720578603244,40.66392403608794],[17.957717625941317,40.66389725345838],[17.957701623873685,40.663822109020664],[17.9576210955099,40.663772213485395],[17.957537197959493,40.66376301726881],[17.95746617825279,40.66381075265011],[17.957464602719323,40.66390356018533],[17.957481582142965,40.663942730002],[17.957507655382305,40.66400288122256],[17.95755887935976,40.66412105352802],[17.957577894663068,40.66419594072192],[17.95753958325583,40.66423957465406],[17.957516421178664,40.664265956658326],[17.957458571056033,40.6642524910748],[17.957401957430907,40.66420522380655],[17.95733906727346,40.66408877593164],[17.957283840958393,40.66396419913399],[17.9572743630402,40.66389375820641],[17.95716780623858,40.66396727317459],[17.9570501375085,40.66404845461441],[17.957105077204,40.66419248144249],[17.95713053407425,40.66429394953932],[17.957028526455705,40.66436932795104],[17.956981984922592,40.66443790685879],[17.95696221236829,40.664468915595336],[17.956887882308063,40.66450846286655],[17.956771473033932,40.664564757608815],[17.95670999846281,40.664634774125055],[17.956632049437925,40.66464766801349],[17.95651305983674,40.664641171536964],[17.95642370944386,40.664635008809675],[17.956365908462704,40.66466619489871],[17.956325982370615,40.664698556679454],[17.95626220162853,40.66468551293369],[17.95620315471739,40.66475087363353],[17.95616560368383,40.66471338346667],[17.95612615460682,40.66461749755513],[17.95608091203214,40.66456705531445],[17.9560380986874,40.6644932780636],[17.95595342888196,40.66438823467518],[17.955862614005223,40.66424017304113],[17.955753642926158,40.66419025320481],[17.95567207990727,40.664228124368606],[17.955648153497464,40.664335629986745],[17.955669926261777,40.66445313252505],[17.95561693173928,40.664432517581496],[17.95555325157908,40.66441955997983],[17.95555148056294,40.66451632249333],[17.95552781602113,40.664545158803136],[17.955498260781617,40.66458117409347],[17.955406113746893,40.66455467588188],[17.955363113534805,40.66454231048696],[17.955263713094613,40.664352232988236],[17.955314488542452,40.66426961452704],[17.955508461872046,40.66432858324731],[17.955453735582775,40.66420697256513],[17.955371943616765,40.66410772417744],[17.955333669057705,40.66406128066291],[17.955248466474252,40.66399826457591],[17.955207342410784,40.66386883040652],[17.9551179506433,40.663796131292514],[17.95509129821407,40.66377445530191],[17.95494093323112,40.663691804885644],[17.95488717285706,40.663662255119505],[17.95478198554605,40.66364801851883],[17.954629787946086,40.66368019383837],[17.954524481960682,40.66372812367254],[17.954485390674176,40.66374764920624],[17.95437562980008,40.66385294090228],[17.954366377226574,40.663959260275064],[17.95451148954253,40.66417500995232],[17.95455459592426,40.66423909972253],[17.954488672202515,40.66434092698957],[17.954572359818727,40.66445801472848],[17.95453254635045,40.664512796302766],[17.954439202473644,40.66447745407118],[17.954434673910757,40.66453169242711],[17.954471526399747,40.664636742202624],[17.954434010261327,40.66468011691848],[17.95436701795999,40.66465110962902],[17.954330675894457,40.66454885435721],[17.954340625420684,40.66446935291455],[17.954182031851005,40.66420077011329],[17.954088140232415,40.66404176077343],[17.954051628433636,40.66396813117759],[17.953959308634985,40.66396126430332],[17.95383095915228,40.66395171898768],[17.9538191323755,40.66399533670253],[17.953859258927903,40.66409561915186],[17.953898587433837,40.66416899711644],[17.953894107187836,40.66422328203776],[17.95388962960834,40.66427756045657],[17.953804267782935,40.664257322474405],[17.953785607875215,40.664231765067804],[17.953728171264235,40.66415309797996],[17.953651177936926,40.66401971954816],[17.953565291662432,40.66395221615457],[17.953370597880742,40.663974209936235],[17.953306549383175,40.6639814447387],[17.952989667604008,40.66412760779985],[17.952935258856016,40.6642937084446],[17.952970925110996,40.66453602845404],[17.95306577340061,40.66475792359253],[17.953292644894194,40.665126827245295],[17.95308516524468,40.66520823408951],[17.953013272927826,40.66513514985987],[17.95291020109208,40.665027472660014],[17.95284213986591,40.665069919249156],[17.95271670071598,40.66514715358625],[17.952684282020126,40.665212642135316],[17.952669376543927,40.665299204310166],[17.952642578395462,40.66534176487323],[17.952565328711866,40.66538156460164],[17.95245771007963,40.66537198164637],[17.95231573402729,40.665304382801146],[17.95229694841558,40.66527433508261],[17.952352618787575,40.6652273440913],[17.952331390511777,40.66517952828613],[17.95225157758802,40.66517895913455],[17.952216181764776,40.66515708195827],[17.95220194177713,40.66509521931371],[17.952245957924635,40.66507148950863],[17.95214331174137,40.66494470957452],[17.952043266578066,40.664925476875595],[17.951763720857034,40.66495415291728],[17.95148371008988,40.66502318367254],[17.951239104339653,40.665114272181384],[17.95169343115644,40.66564256669855],[17.95164190762681,40.66573695138517],[17.951607225143153,40.66576440451793],[17.951527661694882,40.665831367510755],[17.951538981739716,40.665893394655605],[17.95160510701091,40.665924212373824],[17.951636077704343,40.66600050522789],[17.951611428239097,40.6660585905462],[17.951516876291134,40.666101983893064],[17.951548412872498,40.666160161983264],[17.951480805210707,40.666228440371476],[17.951576271681105,40.666367111875466],[17.95161690123461,40.66636166000509],[17.95168354591099,40.66637440877378],[17.951654761724903,40.66642390837336],[17.951633711654377,40.66648622392378],[17.95170801772219,40.66653439173212],[17.951792323450924,40.66656825661651],[17.951945902995583,40.66667770330261],[17.95196994745025,40.666725267580205],[17.951961444642134,40.66679338456955],[17.951835804825777,40.666868372121655],[17.951742898040575,40.666902627442056],[17.951692328822396,40.666877356262965],[17.951675187907874,40.66683817111885],[17.951631220176967,40.66679670085729],[17.951528828347836,40.66675969663172],[17.951425868647103,40.66674080905875],[17.951356369703092,40.666750691822685],[17.951308849123112,40.666770188170524],[17.951298959889307,40.66680691343242],[17.951260773601334,40.66683013237945],[17.951217210542108,40.66681332660666],[17.951182999409344,40.666822756758044],[17.951189645847236,40.6668716658026],[17.95111019107112,40.66696105023182],[17.951047696724395,40.666979399469476],[17.950947180118614,40.666978277766496],[17.950903520463033,40.66696147402629],[17.950764751898827,40.666895862590664],[17.950648238779582,40.66681959540978],[17.950616681466556,40.66673881494264],[17.950559192239556,40.66668490320225],[17.950359709466916,40.66654087587935],[17.950109741079533,40.66635131307311],[17.949908940646747,40.66626360224763],[17.949673301855718,40.666398944232355],[17.94954440040543,40.66654316977517],[17.949953198172253,40.66698845003214],[17.94979241302057,40.667047410936426],[17.94955939262251,40.666846180038576],[17.949370824719654,40.66673951457222],[17.949353344098306,40.66676337554292],[17.949226890189422,40.66695757817889],[17.949386626918386,40.6670041757103],[17.949568434648867,40.667078001589246],[17.94987333560286,40.66760140952899],[17.949839549697607,40.667653908363235],[17.949788846856624,40.66771626141334],[17.949850247400832,40.66779916119274],[17.949978576737347,40.667809387808795],[17.950062147354977,40.66790396724527],[17.950129738206765,40.66807631240802],[17.950132404524556,40.6682716601441],[17.950085876092587,40.66832030794394],[17.94998361445792,40.66832832607516],[17.94991645692572,40.668355978689526],[17.949616165755295,40.668494144251426],[17.949339301801658,40.66863044950779],[17.949110477627674,40.66879443272008],[17.94891552783871,40.66888163451772],[17.948707332551393,40.66893612635494],[17.948583849273447,40.669049147874084],[17.948265687261756,40.66907628026222],[17.94803411703532,40.669067429886994],[17.947920719996176,40.669145971904605],[17.947865928085694,40.66919969336345],[17.947821869456593,40.66922390151269],[17.947772722998952,40.66925090549692],[17.94778055689232,40.66930910491485],[17.94757247886708,40.66940673377577],[17.947447405681547,40.66935512067819],[17.94742938875257,40.6693335235129],[17.947376343220533,40.66933079852563],[17.947331334576894,40.66932916048245],[17.947292728366406,40.66936526947574],[17.947210671300535,40.669442018707926],[17.94715826235026,40.66946292226676],[17.947042532396118,40.66950908175479],[17.946937356760863,40.66967017276083],[17.946916697901187,40.66974394778431],[17.94687751450139,40.66988386633396],[17.94675788546154,40.67009107362531],[17.946588773063308,40.67020698522824],[17.94651728659575,40.6702559834893],[17.946513487859757,40.67048830081742],[17.946548066170305,40.67063801311085],[17.94651339804396,40.67084079857778],[17.946425844134236,40.67104547375502],[17.946391357431803,40.67122808275119],[17.946264985807726,40.671539201601824],[17.946276031516312,40.671774409623715],[17.94625482443693,40.671901925816385],[17.946238700246216,40.67222013671485],[17.946120305381395,40.67239354113723],[17.94580116876146,40.672742181802725],[17.94560307081006,40.67302546243257],[17.945558137491112,40.67321756525214],[17.945588100255932,40.67334602119164],[17.94564207939541,40.67357743591688],[17.94574095072347,40.67387316778699],[17.945593094924902,40.67404660350308],[17.945472145759513,40.67448546003603],[17.945462138102677,40.67484252070962],[17.945714916361013,40.675235347273414],[17.945964418404547,40.6753698701808],[17.946262317303468,40.6755725758595],[17.946424728686804,40.67579139966478],[17.94661396309289,40.67599017571839],[17.9466645442346,40.6761683602245],[17.94650503207285,40.67636514812654],[17.94626424739434,40.67657283806401],[17.946013685821043,40.67662509870611],[17.945944077730413,40.67663781333356],[17.945626632261774,40.6767058293258],[17.945031797438034,40.676848893263134],[17.94490824056422,40.67687429053912],[17.944824162796124,40.67690786631494],[17.94464725269981,40.67697559987602],[17.943740043845853,40.67760625293867],[17.943451169018612,40.677741228880215],[17.94296784243862,40.677880175125416],[17.942835138992542,40.67805691270338],[17.942531913735817,40.678107514191424],[17.942374840854626,40.678344579373196],[17.942385585274224,40.678577632218555],[17.942172687133006,40.67879432681045],[17.942004871886017,40.67879842753286],[17.94176819239068,40.67907993669669],[17.94172558850512,40.679377748571525],[17.941736160175875,40.679653491403464],[17.941890279171425,40.67973472503308],[17.942103469565858,40.679770918475235],[17.942181792384215,40.67997611481412],[17.942199296806375,40.68002197541406],[17.942222526207473,40.68023061146505],[17.942241727160646,40.68040307809817],[17.942231068499627,40.68078382564742],[17.942262427788165,40.68149858861099],[17.942137003825692,40.68151061298881],[17.94210138487878,40.68161904524541],[17.942107161077356,40.68174216735505],[17.942109162604574,40.68178481329432],[17.941952461401122,40.68200385777837],[17.94174754275549,40.6820828380511],[17.941654542194357,40.682085089266],[17.941538590246335,40.68208789603567],[17.941357537156904,40.682081796957725],[17.941289875414995,40.68210504466063],[17.94123508313124,40.682195389609134],[17.94120970685336,40.68230016043767],[17.94120026881613,40.68233912596256],[17.941152629042406,40.68251144234702],[17.941114563707654,40.68257864529485],[17.941062006861905,40.68267143519909],[17.94093381364035,40.68275132164745],[17.940901238130444,40.68277162194075],[17.940698892556533,40.682935813403425],[17.940553737427948,40.68312925552453],[17.940380839588276,40.68327090580712],[17.940222742273605,40.68345630060887],[17.940201512828462,40.68353323095406],[17.940161226652254,40.68367922071317],[17.94011653826101,40.68373585432567],[17.940094106256687,40.683772239887254],[17.94001684917372,40.68387930736057],[17.9398945453066,40.683913582679544],[17.93979594281844,40.68390555772187],[17.939702931248597,40.68398249397204],[17.939706888430386,40.68409910203597],[17.939669505444655,40.68419415909175],[17.939560807724092,40.684197888578396],[17.939516556696987,40.68419940787267],[17.93941479663961,40.684194946476005],[17.93935027615802,40.6841921191883],[17.93924267988431,40.68427023410139],[17.93906546552562,40.684358229441685],[17.93901367066,40.68441177898075],[17.938899198722634,40.68437345212445],[17.938762101237884,40.684386400323994],[17.93848934665608,40.6845538234498],[17.938303135727963,40.684727957277886],[17.93818468619288,40.684878841639566],[17.937969195821466,40.685032828185825],[17.937889313081072,40.68511996294037],[17.937808137561895,40.68515327948556],[17.93768566157275,40.68523033230646],[17.93742498536851,40.685268669450494],[17.937285251170604,40.68526160080449],[17.937118980083998,40.68527682125683],[17.93702147258694,40.685320367669654],[17.93690045879532,40.68540854997297],[17.936853905389114,40.68549604598942],[17.936836830293174,40.68552813887024],[17.936754187778206,40.68555032474953],[17.936647758080362,40.6856373245667],[17.936636918807793,40.68573260690141],[17.936474952357642,40.685801388912274],[17.936361764318296,40.68579454331099],[17.936265990839384,40.68580652712815],[17.936199221815986,40.68588134982021],[17.936175544234903,40.68596867461018],[17.936081060586353,40.68603447673252],[17.935926349223262,40.68602634771016],[17.93573913099881,40.68614890146518],[17.935627220185992,40.6861733623529],[17.93542244941396,40.6862095528242],[17.935250591832723,40.68613981124092],[17.93513756240383,40.68606767337292],[17.93496698183083,40.68602923858868],[17.93481704167271,40.68603422385609],[17.934705131712242,40.68605868376124],[17.93455490537883,40.686083847177],[17.93438442778368,40.686045499686884],[17.93425671770866,40.68597454497516],[17.934105028415402,40.68598857929208],[17.933977134162244,40.68593789101523],[17.93390553153856,40.68586703865741],[17.933778914387442,40.685847655615284],[17.933607059351917,40.68577791305448],[17.933585982722136,40.68557743175764],[17.933507579926086,40.68536754878313],[17.93348648841936,40.685189328194795],[17.933393135595427,40.68497854761644],[17.933359849496544,40.684953238272605],[17.93321882139027,40.6848460079912],[17.933186231525674,40.684724883129995],[17.933153653533992,40.68460380139784],[17.93320992336021,40.6845046803064],[17.93323244604182,40.684465006612704],[17.933449226623132,40.68434242421662],[17.933759131842503,40.684165333372725],[17.933927796627156,40.684080265016846],[17.933925627024227,40.68401971399978],[17.933987221147046,40.68390702272161],[17.934122345853627,40.68383577474991],[17.934293927310513,40.68375045315187],[17.934462178360732,40.68361820753989],[17.934590314141847,40.68338558153602],[17.934728591939567,40.68320619022329],[17.934856255829114,40.68318952448357],[17.935011135964253,40.68315496640811],[17.935054938812986,40.68306379737561],[17.93500910304944,40.68282253598625],[17.935004496455555,40.68279348852103],[17.934914468327847,40.682546502702806],[17.93479598110423,40.682351145658],[17.934777738582238,40.68232106591535],[17.934653581496224,40.68214420835145],[17.934629921105508,40.68207862202455],[17.934531474267885,40.681978193228446],[17.934501531291104,40.68192448984571],[17.934442900472725,40.68180763636019],[17.934339574639072,40.681676355638324],[17.934217586668648,40.681559956839315],[17.93417214153357,40.681501164349434],[17.934146470461226,40.681476461638226],[17.934078231398402,40.68129096120281],[17.933990471825947,40.68121119417044],[17.933966400963776,40.68109842825399],[17.933900919295183,40.68100688821251],[17.933637572170863,40.68091506781992],[17.933459894279387,40.68084574307478],[17.93335621489964,40.680794475992954],[17.93335417529799,40.680708036677004],[17.93287797336629,40.6805067769933],[17.93250380792762,40.6803460940961],[17.931768647559505,40.680136476908665],[17.931362831951454,40.68006105864479],[17.931240819188737,40.68004502553394],[17.930985326773076,40.67996857781536],[17.930119395745297,40.67978646804116],[17.930070980766025,40.67977909975566],[17.92950635542096,40.679707895072426],[17.929057721803176,40.679651316758054],[17.928905557768957,40.679632125795685],[17.928848334937797,40.67962490866089],[17.92868061438464,40.67962898665661],[17.928288383123846,40.67960006383535],[17.92797380447977,40.679533462082816],[17.927707729151578,40.67950856222278],[17.927423458820662,40.679481960592845],[17.927213636828565,40.67948035097644],[17.92711304334189,40.67947820811899],[17.926520743499825,40.67946559177945],[17.926239276626305,40.6794595947624],[17.92592899102383,40.679460303646756],[17.925820407430393,40.67946301526265],[17.925615549646373,40.679476765522274],[17.925343835228755,40.679497360996265],[17.925203311344216,40.67950752984611],[17.92477320433049,40.67961725975908],[17.92446734733329,40.679743892132116],[17.92430509650753,40.67983292473756],[17.92425078248476,40.68004294071232],[17.924305951710544,40.680115575690834],[17.92433260971061,40.68014933681636],[17.924354317294476,40.68017757282479],[17.92438664227921,40.68030769143191],[17.924335759983208,40.68050052478764],[17.924322742503577,40.68082072494545],[17.924281891014047,40.68093083070291],[17.924235992676312,40.68105454091415],[17.92414016676695,40.68112812638517],[17.92408609903007,40.681169646870366],[17.923954869181813,40.68132462416386],[17.923721161327197,40.68139817706767],[17.92348042478421,40.68143048363601],[17.92338338198048,40.68143348432551],[17.923314928785533,40.68142981480803],[17.923245709639946,40.681464439183564],[17.92318205350476,40.681353686648336],[17.92313597983992,40.68130665410265],[17.9229614443723,40.68130450297128],[17.92274100964148,40.681290187043686],[17.922631408507243,40.68128719083521],[17.922506776141844,40.68128378294706],[17.92237394001605,40.68124014047765],[17.922117274655537,40.68109830053777],[17.92202642728037,40.680851415595384],[17.92192175281703,40.68061592514981],[17.921642394736896,40.680411358159844],[17.921380929786768,40.68037781626569],[17.921327642895026,40.68037568788675],[17.92073384315602,40.680351965722224],[17.920579334832375,40.68034579214531],[17.920476237205264,40.6803201147793],[17.92033186186037,40.68028415726642],[17.919058429822147,40.68020559135442],[17.918309943101566,40.68021748615884],[17.91749492321301,40.680327350895205],[17.916794675741265,40.68048894540539],[17.916704263849887,40.680555040277795],[17.91662954458785,40.6805752023365],[17.91642752650006,40.68063094018294],[17.916167214263982,40.680761344250904],[17.916163930441158,40.680847068534746],[17.916122033884484,40.68090873370989],[17.91608082540289,40.680887070905676],[17.916013994844786,40.68085193904027],[17.91593425006685,40.68078623463494],[17.915793566984682,40.68083769969037],[17.915665803628958,40.68085434700014],[17.915498451148142,40.68096353405701],[17.915311736379998,40.68112021792633],[17.91526924390198,40.681175237718286],[17.915165825456707,40.681309145538826],[17.915172185291294,40.68148855170024],[17.9149810757168,40.681494462556856],[17.91487045002698,40.68139804385299],[17.914839711430254,40.681373745419435],[17.914754232200735,40.68130072493484],[17.91466943413495,40.681283800143646],[17.91463545289798,40.68127368560508],[17.914475568214772,40.68123702317448],[17.914365913794402,40.68120905652469],[17.91412009492972,40.68113047980321],[17.913946177735227,40.68108934148685],[17.91358408276076,40.68109731713186],[17.91226558702516,40.68106505293267],[17.911996054830475,40.6810590690684],[17.911611881016185,40.6810349969072],[17.91082371764173,40.68112557922466],[17.909512347642067,40.681322018923325],[17.90834488853692,40.68161705768632],[17.907499170109997,40.68168344676046],[17.90688645282827,40.68179891443728],[17.906655989059182,40.6818632358514],[17.906279121208858,40.6818497175275],[17.905682488819217,40.68191039211327],[17.90563342261184,40.682014952711974],[17.905632461459717,40.682206070542925],[17.905076757754234,40.68220205500807],[17.90485826814117,40.68218081172303],[17.904832787109026,40.68203448622362],[17.904743767398077,40.68199416914143],[17.90463782339149,40.68194618957134],[17.90439075218458,40.681902076118206],[17.904161761044687,40.68198546224848],[17.90416709843389,40.682039008343054],[17.904178881389793,40.682157213060506],[17.904088744729204,40.682146245653485],[17.90390669001498,40.68205925696657],[17.90383016520938,40.68202269157788],[17.90374481651553,40.68198190931614],[17.90346025538633,40.68197963823841],[17.90323351553339,40.681977828061655],[17.903141761308078,40.681977096208456],[17.90261760749357,40.68196333244177],[17.902269664337165,40.681954194174594],[17.90205621668408,40.682007370624234],[17.901902202133023,40.68204871917214],[17.90162955175573,40.682195791364904],[17.901490692330423,40.682194573030344],[17.901395993613814,40.682193741289446],[17.90119704691866,40.68225187624058],[17.90110263851567,40.68226882648623],[17.900943670430657,40.6823717150383],[17.90081004857788,40.682360667958235],[17.90071939959436,40.68233622511068],[17.900635316067316,40.68231355158916],[17.900345260242002,40.68228662423676],[17.900088795663436,40.68236763561492],[17.899898556391296,40.68239105933209],[17.899741141141746,40.682383561480684],[17.89935772824155,40.682365660803974],[17.89915232458658,40.68237479498269],[17.899087605378348,40.68237767302928],[17.898706147751614,40.6823735704899],[17.89855801672988,40.68234740625868],[17.898476280796437,40.682332968634455],[17.898311592883445,40.68231262652107],[17.89811884431336,40.68228881695016],[17.89770549817871,40.68230993052187],[17.89737357661934,40.682325028681454],[17.89718906748271,40.68233630662624],[17.89679289477107,40.682398015140365],[17.89649771143163,40.68244399223153],[17.89620694170527,40.68242628406706],[17.896141048475588,40.6824267417306],[17.896105187793047,40.6824259626519],[17.895991284118757,40.68242433492977],[17.895948616297986,40.682423648422095],[17.895648374879322,40.68241445152225],[17.895515249304534,40.68241037305395],[17.894590115268453,40.68229419483803],[17.893994029999345,40.6822191420926],[17.893486103854375,40.68213724094013],[17.893303254027025,40.682137164226965],[17.892818807339488,40.68216050594312],[17.89228521403731,40.68220193860736],[17.891516966006538,40.68231155415638],[17.890901602472233,40.68251055646428],[17.890768703924266,40.682533667889935],[17.890316633055285,40.68255288116516],[17.889808481452913,40.68257447643719],[17.889729363270867,40.68257804684968],[17.889256307829164,40.68259711498041],[17.88914611403589,40.682620870451906],[17.888571741517094,40.68276766412952],[17.888241644263356,40.68284893746111],[17.887858395504498,40.68305187817924],[17.887627628754153,40.6831371721095],[17.887295463827343,40.6832993174117],[17.887184081246566,40.68335368761177],[17.88702713332031,40.68333128044373],[17.886867970793688,40.683308557492055],[17.886592004486104,40.68332095549169],[17.88630659417938,40.683394826773856],[17.885949038342467,40.68345612425232],[17.88572671068854,40.68356266702738],[17.88561284261526,40.6836172357562],[17.88542833258812,40.683827175051405],[17.885238417046804,40.68386443399972],[17.885182190176852,40.68390722178191],[17.88513649125398,40.68394199847829],[17.88510352547067,40.6839692908592],[17.884971732918167,40.684078407156925],[17.884830250865882,40.68408041675661],[17.88461298951877,40.68406745966832],[17.884535521740546,40.68406284085751],[17.8840309285352,40.68410300125971],[17.883802770472723,40.68425901802686],[17.883466183974285,40.68432522165648],[17.882890677456675,40.684438415684696],[17.88231516977105,40.68455160780674],[17.882217185929623,40.684570878159775],[17.881735950828457,40.68463710180913],[17.881393625469897,40.68468420833763],[17.881154170266473,40.68470345688597],[17.880613539636595,40.684746916538145],[17.87971938871145,40.68481850038952],[17.879411729426927,40.68479294955778],[17.879365337727858,40.684821304660716],[17.879192917297857,40.684857126969355],[17.87894971185159,40.684871480824896],[17.878758244164008,40.68487508923902],[17.878373181078956,40.68484426387276],[17.87817257716491,40.684823783546484],[17.87790973561462,40.68482394774869],[17.877700091954203,40.68480198116507],[17.877371710802713,40.684798194829526],[17.877073772967666,40.68477861067453],[17.876925580758424,40.68477438223324],[17.876665449710483,40.684794466652676],[17.876319937685306,40.68483928412363],[17.87597988803196,40.68483641517939],[17.87551098812239,40.684841261146055],[17.87497947671673,40.68481947761354],[17.874432489247344,40.684837160848645],[17.874073762780217,40.68484925146001],[17.873773944558504,40.684903909127115],[17.87358814750364,40.685059917684605],[17.873410336862896,40.68518835192652],[17.873305163600403,40.68532920497895],[17.873221871705258,40.68545708465341],[17.873101003761224,40.685680006721896],[17.873020704590772,40.685852568452546],[17.8729570492912,40.68599463806134],[17.872860523331102,40.686134735389984],[17.872661174909076,40.68636600536292],[17.872437497918884,40.68663741463712],[17.872179343693105,40.687026123186584],[17.872025079373078,40.68710832090214],[17.871873341376176,40.68718917341977],[17.871446089688195,40.68719578731879],[17.871366401457017,40.687197020395175],[17.87123991401094,40.687134880627134],[17.871168179412408,40.68706174138032],[17.871094595292107,40.68699774273472],[17.870921216232357,40.6869819753126],[17.870810639907663,40.686926999254794],[17.87063982148034,40.68690928123717],[17.87050144127104,40.686899808668635],[17.870440089871376,40.68689560907656],[17.8703312030896,40.68683203936107],[17.870250603787824,40.6867457316487],[17.870144352482683,40.686716106328916],[17.869971343803027,40.68674751782051],[17.869732760416195,40.686840174598565],[17.869552610947622,40.686950829022805],[17.869540513621825,40.687037222695736],[17.86956189154152,40.6871122467734],[17.869615335605125,40.68715504253019],[17.869670446471016,40.68721373810656],[17.869683990860352,40.6872702886201],[17.86969008445794,40.68730023515311],[17.86967551976899,40.68738417422657],[17.86965575381046,40.687414949943985],[17.86961927211268,40.68747175430367],[17.869584643402046,40.68751460655459],[17.869553397275563,40.687553271428165],[17.869523495546346,40.68766126992502],[17.86954445627453,40.68775179410465],[17.869595991014343,40.68781296903377],[17.86964341687811,40.687829568721746],[17.869688922991653,40.687857499735976],[17.869708820164693,40.687921149146035],[17.869730072663433,40.68801391510249],[17.8697137904555,40.68811454313978],[17.86971753099691,40.68814466741848],[17.86971851220539,40.68819241924787],[17.869745683557685,40.68822773251767],[17.86978953124682,40.688295887657716],[17.869830683600995,40.68835514622319],[17.86981733933909,40.68843036932643],[17.86980318757763,40.68850154881345],[17.8697284516515,40.688576163257885],[17.869618359078387,40.68858321036879],[17.869544135112072,40.688629660659174],[17.86946445369551,40.6887224944694],[17.869423685697278,40.688770605489914],[17.8693873644273,40.68878465953783],[17.86933663100237,40.68880429020338],[17.869294681152443,40.688792081108176],[17.869283464366184,40.688754458378995],[17.86925055961345,40.68867315507361],[17.869189017627818,40.688584179142545],[17.869194619910825,40.688503892831044],[17.869190159424424,40.68843799117573],[17.86915139910196,40.6883465602716],[17.86912710968444,40.68831162888678],[17.869101615610628,40.688268629732285],[17.86910167943309,40.68819524543147],[17.869151400341632,40.688113096427735],[17.869132788727644,40.68789910479211],[17.869022821038502,40.687835805462775],[17.868789418014483,40.68780353274185],[17.86866699288217,40.687761863436975],[17.868599924927995,40.68766283565922],[17.868585386463383,40.6876390628476],[17.868430207333358,40.687370480331786],[17.86835847523363,40.68729733902074],[17.868279327214523,40.68708092598952],[17.86814473434652,40.68699835072893],[17.868038327308522,40.686935447342265],[17.867849277897836,40.686801750609874],[17.867457796609038,40.68670160001503],[17.867280615571076,40.686699594476075],[17.86724493259341,40.68669919085809],[17.866719248828023,40.68669324304364],[17.866419528801696,40.686689850744266],[17.86617435100666,40.68673349657051],[17.865848465591256,40.68676995883363],[17.865690910250407,40.68680692296483],[17.86565392814962,40.686813455818616],[17.86553221935268,40.68683495489685],[17.865491731854444,40.68684151264689],[17.865440134563737,40.68684991780994],[17.865079282667132,40.686914961704936],[17.86491652944348,40.68696970951762],[17.864573515970694,40.68708673677094],[17.86436629468873,40.6870937695379],[17.86375950197748,40.687138397456856],[17.86359007455634,40.687150856360105],[17.86263048641994,40.687221423769834],[17.861040929525437,40.68752651803172],[17.8604253181505,40.68776070595273],[17.86021159610833,40.687885236553456],[17.860030779043946,40.68810152913211],[17.859969871661875,40.68830854240695],[17.85990525605265,40.68832803776779],[17.85950829308218,40.6882571318487],[17.859089802916813,40.6881943286605],[17.858861802780574,40.68821668551428],[17.85881931576413,40.68822103851781],[17.858592326525816,40.688254651330354],[17.858330875082217,40.68829148321455],[17.858012720857438,40.68833485845771],[17.857658748816572,40.68838616855481],[17.85743339461595,40.68842295930382],[17.85685529191709,40.68851733677826],[17.856794519747734,40.68852725693001],[17.856386905299274,40.68864502532676],[17.856249301227056,40.68868478083143],[17.856072122560853,40.68873596970665],[17.85580408944667,40.68876340890238],[17.855709871545248,40.68878695799999],[17.855243849968783,40.68890344265808],[17.85514171970078,40.688955951545694],[17.855068905814864,40.68899338859003],[17.854945384963795,40.689056897566104],[17.854573279845003,40.689122817947826],[17.853996213334042,40.68922504254565],[17.853909563632435,40.689240393441956],[17.85365728906524,40.689253118094356],[17.853415411217064,40.689299290843266],[17.85318197209477,40.689343853001255],[17.85283000291569,40.68933902293192],[17.85268785556451,40.689337072491355],[17.852595314823073,40.689418427420506],[17.85227860033289,40.689484917682655],[17.851920002241048,40.68947606470152],[17.85177347450758,40.68947362342184],[17.85167153371233,40.68949716626552],[17.851496790748545,40.6895528433609],[17.85115983542551,40.6897452162966],[17.851102576994066,40.68977790813472],[17.85103542239018,40.689968410691996],[17.850830092433398,40.690049641715945],[17.850648867945047,40.690053427231696],[17.850557851815104,40.69000469820779],[17.850289301780176,40.68986644648197],[17.85000723560512,40.6898342898907],[17.849941508800928,40.68982679667071],[17.84957253855922,40.68978473440725],[17.849345128622968,40.68978431122396],[17.84897571734353,40.68978362534992],[17.84875494305023,40.68978826661068],[17.848215893848547,40.68979959666452],[17.848165546400114,40.689798149067556],[17.848067592418474,40.689795333424065],[17.8479596624752,40.68974199516488],[17.847890570083905,40.689707849269894],[17.847642472025818,40.689722497767576],[17.847565227127628,40.68972630681985],[17.84751723440134,40.68973241817705],[17.84741676696121,40.68983211282621],[17.84731694833579,40.68985726124855],[17.847159585119385,40.68989690629448],[17.846886992895453,40.689837385369316],[17.84684017528781,40.68982716254903],[17.84665206762619,40.68982292637544],[17.84627730628615,40.689814486460875],[17.846163310443664,40.68983498600976],[17.845905269500836,40.68988138939494],[17.845810594963,40.68997450383245],[17.84561429813744,40.69000284690682],[17.845497756912142,40.6899263839891],[17.845228513410277,40.68992223636738],[17.845133656900753,40.68992077609835],[17.844728347942183,40.690003805335195],[17.844650132852475,40.69001477919021],[17.844371690289957,40.690053845289825],[17.844065232846003,40.690058427627584],[17.843684898980793,40.69006411382443],[17.843482272998706,40.690116641156834],[17.84289981253341,40.690267631611256],[17.842334599982788,40.69037001939156],[17.842219146810645,40.69039084244288],[17.841902757542783,40.69046027790225],[17.841760681722747,40.690489927543624],[17.841166662790776,40.69062181908666],[17.84085795934725,40.69068255835271],[17.840610819240993,40.69073316505757],[17.840452541322982,40.69076557635284],[17.84004214750375,40.690898704695755],[17.839852322200777,40.6909602818824],[17.839475753795565,40.69108135836565],[17.839410622073213,40.69110229930297],[17.839373300775087,40.69111114213404],[17.838968045776546,40.69123987356445],[17.838906978828938,40.691246159361484],[17.83879326661513,40.69125786328306],[17.838599114334215,40.69126761828346],[17.83854380527726,40.69127039650979],[17.838490680077282,40.69132395068169],[17.83841811955178,40.69139709862885],[17.838377152908357,40.691438395851925],[17.83815164505833,40.691518689212465],[17.837711921838824,40.69187639613286],[17.83748770828679,40.69192288612682],[17.837315169184087,40.69193622672752],[17.837019512576504,40.69204444832679],[17.83682696921425,40.6921290626698],[17.836532128698277,40.69239909081981],[17.836208246976284,40.6926286789032],[17.83580309878068,40.692713834304605],[17.83558598346175,40.69265865543741],[17.835016317930876,40.69310509841867],[17.83460348048992,40.6934876181124],[17.83432479506919,40.69363504100507],[17.8340292662723,40.693700567006],[17.833892959685937,40.6936525846839],[17.833741804294515,40.69367097665653],[17.83332824278424,40.69360395910131],[17.832983828981927,40.6936350224507],[17.832869362132772,40.69372932847957],[17.832635331370177,40.69385754937934],[17.83247686963452,40.69388773634911],[17.83235704079511,40.693896982883025],[17.832253196256758,40.693871254736294],[17.832085782007233,40.69381223715109],[17.83155681963322,40.6939879511264],[17.830588756940404,40.69423792630786],[17.828759857768883,40.694855535989824],[17.828069853711735,40.69508633374198],[17.826679242854414,40.6958904739779],[17.826467332676724,40.69596302748799],[17.82627563007898,40.69605426668277],[17.826079390954337,40.69619973890851],[17.82600060028311,40.69624883543571],[17.825668706581325,40.69651022170455],[17.82544434851927,40.69662116175883],[17.825313268297872,40.69668597727577],[17.82489002678104,40.69689525658964],[17.82462383487269,40.697026878582584],[17.824458604049685,40.69718347641497],[17.824424768807592,40.697204090248526],[17.824346651205385,40.69725168234672],[17.82431922858909,40.69726838919171],[17.824104871081484,40.69743330420866],[17.82379704682113,40.69756131884872],[17.823461081978103,40.69770103603469],[17.823418123270955,40.69773129967893],[17.823247036790743,40.697850432186286],[17.822708791736808,40.69823063316149],[17.822210524570437,40.69858202301827],[17.822154201755374,40.698648333824615],[17.822108355320278,40.6987023138761],[17.822005601699907,40.69874181444053],[17.82195528139437,40.69876358319268],[17.821882529309754,40.698847783114076],[17.821740041541283,40.6988729181822],[17.821629121946074,40.69892357561858],[17.821155051578806,40.699130967001],[17.821125130247882,40.69916300003468],[17.82106460805954,40.69922779469898],[17.82097035969458,40.69926880750826],[17.820888632728185,40.69930435391254],[17.82071271348333,40.699358365566795],[17.820548039305194,40.69939587281657],[17.8204988712996,40.69940366237143],[17.820187053772347,40.69947072948427],[17.819921557765845,40.69951731069325],[17.819843543175992,40.699530997838444],[17.819584200757905,40.699557689185156],[17.819562027585036,40.699635859567614],[17.819480191715332,40.69966460559531],[17.81939423978939,40.69963978011022],[17.81932104587051,40.699581231862936],[17.81929498385932,40.69960169260876],[17.819258841278813,40.6996434491472],[17.81913271149568,40.699672174905864],[17.81881872159947,40.699714308539654],[17.818768474928763,40.69972538284884],[17.818194243261203,40.699856679609226],[17.817674017793436,40.6999722998465],[17.81762074524324,40.69998348611099],[17.81720999021776,40.700075428189905],[17.81704784343953,40.70012170375526],[17.816635092604567,40.70023460567067],[17.816480292858557,40.70029201577809],[17.816180623547105,40.70039745017853],[17.815697569338592,40.70056514978595],[17.815567593761962,40.70063104659791],[17.81535725510429,40.70073768763214],[17.815038841041012,40.70089911860256],[17.8148062046611,40.70103697767138],[17.814698779576997,40.70110063608941],[17.81425850663789,40.70136153500366],[17.814016341744495,40.701503734798614],[17.813907254346468,40.70159496742759],[17.81387792129673,40.70161636129964],[17.813774884852414,40.7017023554944],[17.813717955892393,40.7017399247747],[17.813582032538825,40.70182962327176],[17.81317243112208,40.702080921991325],[17.813104429947835,40.70212264168619],[17.812962028891288,40.70221000601648],[17.81286020212176,40.702199882295766],[17.81277684940541,40.70223126649891],[17.812738167882806,40.70227384149486],[17.812712947804528,40.70230358886647],[17.812691658312826,40.70233204903624],[17.812632778244904,40.70242230845612],[17.812451729650892,40.70261953736802],[17.812209719698124,40.70275129587221],[17.812090659413645,40.702832879290625],[17.812017439799643,40.70288305053868],[17.811928601783887,40.70290331711909],[17.81170484454173,40.70293182573928],[17.811523837040973,40.70301368897406],[17.811182967114874,40.703168305533616],[17.810981231516244,40.703376815717036],[17.8109370168783,40.703422514668276],[17.81082027547764,40.703433734229925],[17.810653566821863,40.70342410882859],[17.81043984472368,40.70343832180991],[17.81040090266381,40.70345599793936]]]]}}]}
