{"type":"FeatureCollection","metadata":{"code":"075097","referenceDate":"2026-01-01","sourceDbfExportDate":"2026-02-18","upstreamArchiveUrl":"https://www.istat.it/storage/cartografia/confini_amministrativi/non_generalizzati/2026/Limiti01012026.zip","sourceManifestSha256":"70ac8256c4785dc6ed2814c32b6965ae76f9161b51abaa1660059e1c6cbd8ca6","license":"https://creativecommons.org/licenses/by/4.0/","attribution":"Istat, Confini delle unità amministrative a fini statistici al 1° gennaio 2026, versione non generalizzata.","modifications":["Converted from WGS 84 / UTM zone 32N (EPSG:32632) to RFC 7946 WGS 84 geographic coordinates.","Converted from shapefile to per-municipality GeoJSON without geometry simplification."]},"features":[{"type":"Feature","id":"075097","properties":{"code":"075097","name":"Porto Cesareo","alternativeName":null,"regionCode":"16","regionName":"Puglia","territorialUnitCode":"075","territorialUnitName":"Lecce"},"geometry":{"type":"MultiPolygon","coordinates":[[[[17.894750312959218,40.25084776509739],[17.894877534219116,40.251356646693075],[17.894994968128714,40.251474081178216],[17.895141760666586,40.251571942947294],[17.89531791215828,40.251738307864315],[17.895376629587737,40.251836169483504],[17.895308125451475,40.251914459350694],[17.895171119024077,40.25191445934836],[17.89499496838782,40.25186552852461],[17.894711168957652,40.25171873510675],[17.89453501665829,40.25155237015822],[17.894417583076503,40.25132728836072],[17.894417582784232,40.25110220539833],[17.89444694108938,40.25087712350142],[17.894583947934468,40.25077926167576],[17.894750312959218,40.25084776509739]]],[[[17.890503320338077,40.25387734890449],[17.89048566498235,40.253921426764514],[17.890451312993694,40.25394273282487],[17.890407573882893,40.25395220245681],[17.890244903899767,40.253942322101906],[17.890072376818022,40.25394669180165],[17.889841008901264,40.25383863836494],[17.889750338479875,40.25379629208922],[17.889629826816325,40.253816865489085],[17.889555220158563,40.25379342043501],[17.88949208804939,40.253773580875816],[17.88942460836769,40.25370114011617],[17.889396385433024,40.25367084345272],[17.88938754813063,40.253581609104145],[17.889433072958894,40.25352638133479],[17.889465744162163,40.253418197715924],[17.889646008795648,40.2533390468602],[17.889753172524987,40.25332849993343],[17.890125934409962,40.25319622530051],[17.890221386732264,40.25311914683647],[17.890448053734506,40.25299144172156],[17.89062805260965,40.25293254164309],[17.890809551715225,40.25290724457871],[17.890875706348755,40.25305404460635],[17.890903703992095,40.253101986880004],[17.890944899370428,40.25311031656557],[17.890998087186627,40.253135419663685],[17.890987708864124,40.25319017467743],[17.890956857006096,40.2532365560413],[17.890933118500342,40.25327661547176],[17.890883052222108,40.253330909714165],[17.890804701133234,40.253381937484434],[17.890768119880796,40.25339376262238],[17.890639903139647,40.25351159459331],[17.890517144946873,40.253702062586015],[17.890503320338077,40.25387734890449]]],[[[17.888839454973656,40.25556470771837],[17.888927531445816,40.25565278322897],[17.889025392636334,40.2558485070301],[17.88893731758964,40.25603444455785],[17.888712234791136,40.25618123737389],[17.88862415890841,40.25631824456364],[17.888516510517775,40.25619102394339],[17.888633945038286,40.256034444922456],[17.888487152794237,40.255956155257074],[17.888369718258577,40.25585829361549],[17.888369718566516,40.25571150026878],[17.888418649260373,40.255603852604494],[17.88853608320638,40.25558428031859],[17.888731807150453,40.255535349453986],[17.888839454973656,40.25556470771837]]],[[[17.889573419570578,40.25599530033881],[17.889710425803546,40.25615187884805],[17.889720211671815,40.256376960927334],[17.88972999807459,40.25652375431194],[17.8892406894286,40.25645525066848],[17.889181971782115,40.25624974115679],[17.88924068888037,40.25599530003778],[17.889328764843423,40.255956155495575],[17.889573419570578,40.25599530033881]]],[[[17.887761139689584,40.25938560279638],[17.887898757615158,40.25953851157274],[17.887834365935326,40.25977761644648],[17.88781026263689,40.2598000795421],[17.88762440237395,40.25988472292203],[17.88741145528207,40.259928564681545],[17.887330034106423,40.25988472266532],[17.88727992769973,40.2598158280022],[17.887311243593356,40.25964045966783],[17.887373875442353,40.259565301976636],[17.88733629733319,40.25949014382058],[17.88732446513666,40.259389572035396],[17.887531775883172,40.25935502030419],[17.887761139689584,40.25938560279638]]],[[[17.883977194787175,40.26000652641285],[17.883975003742425,40.26006528364327],[17.883975177740222,40.260097355991924],[17.884007567346906,40.26020356225273],[17.884024869809046,40.26026182508064],[17.88385399812293,40.26052906996699],[17.883829226258026,40.260564214933446],[17.88379292796326,40.26062255188795],[17.88374512575538,40.26069934753795],[17.883706672702058,40.26071926965477],[17.883495182918274,40.2608288418195],[17.883304050380815,40.261021222768235],[17.883238727356368,40.26108697250361],[17.883181247226915,40.261185125465836],[17.883078219707233,40.26135519745555],[17.88304652860925,40.26141121204295],[17.883000167037075,40.261494332356186],[17.882965693215734,40.26155319780024],[17.882667293939928,40.261738052026274],[17.88224000459916,40.262002748938386],[17.882124745013904,40.26207414975715],[17.88202437290227,40.26213632736214],[17.881543685386443,40.26211817832636],[17.881458163349002,40.26211494838656],[17.881431698524707,40.262092268262734],[17.88140288992102,40.26205403541554],[17.88140396821058,40.26200470863962],[17.8814082873671,40.261959202652044],[17.8814198483666,40.26191334855602],[17.881413672577185,40.26186650282158],[17.881398431902188,40.26175090487711],[17.881437262331662,40.26169422502037],[17.881474183988598,40.26164033016936],[17.881493554369186,40.261610916019414],[17.881553684599343,40.26152735048577],[17.881576141086057,40.26149173410231],[17.88164896700943,40.26137370211503],[17.881593671758154,40.26126012616722],[17.881572643205953,40.26122599956059],[17.881593379355024,40.26114387611576],[17.881661243658826,40.26090507276386],[17.881737012019105,40.26069289433603],[17.881831332268217,40.26044955945034],[17.881822385610327,40.2602704152207],[17.881830937688147,40.26023603472466],[17.881852195620247,40.26015058075548],[17.881870719893403,40.26010381919623],[17.882037123534637,40.26009644205535],[17.882201953276308,40.26002696871996],[17.88242740154289,40.259930935257756],[17.88250397323049,40.259898463266985],[17.882709026461647,40.25987360393446],[17.88283307292608,40.25987974063587],[17.88290357481545,40.25981358951417],[17.882745950172197,40.259648280540446],[17.882723266322294,40.25962642672872],[17.88266399671028,40.259562024543165],[17.882621420019504,40.25952071035791],[17.882677705420193,40.25940618780352],[17.88273520373738,40.25928880366143],[17.882755769631043,40.25926548326655],[17.88278925074965,40.259233776594215],[17.882898616736373,40.25913059448831],[17.882917870052285,40.25907394193199],[17.88295098668104,40.258971432376605],[17.883024348093084,40.258952784483526],[17.88324920966963,40.258900620584015],[17.883340873648176,40.258956803860826],[17.883425596410355,40.25900889969558],[17.883498885576767,40.25905343151072],[17.8835702544937,40.25909602126647],[17.88360892724343,40.25906800659776],[17.883645853334507,40.25904212689164],[17.88368139468379,40.259013311480814],[17.88371033510157,40.25898909733198],[17.883813424876823,40.258904537686455],[17.884044688135496,40.258832240263764],[17.88435382276228,40.25873929726943],[17.884378671098155,40.25869009646688],[17.88448299313679,40.25852915989339],[17.884582769851416,40.25846252240874],[17.88486951586355,40.2582692492877],[17.884854551769823,40.25823590111923],[17.884834433177886,40.25820792173367],[17.88480262779969,40.25817172283111],[17.88474647328197,40.25810188695499],[17.884753917644325,40.25796339303393],[17.884751143601562,40.25793285905256],[17.884662470596805,40.25784312955332],[17.884585557202183,40.25777789820868],[17.88450741465907,40.25766855057838],[17.88447608746053,40.25765349138461],[17.88439463789724,40.257614336809624],[17.884270535533307,40.25756324745115],[17.883949459745107,40.25770948662285],[17.88389722810365,40.25771390033432],[17.883633164424552,40.25773621406721],[17.88334046131543,40.25787537049931],[17.88278024448394,40.25814374086979],[17.882639470014322,40.258211001857426],[17.882457925636544,40.257991263019065],[17.88247493066454,40.25793824461052],[17.882524467454374,40.25778379702434],[17.882725451018818,40.25772812549369],[17.883042494755788,40.25764030383699],[17.883193646463393,40.25749597722262],[17.883219166282547,40.257431060822896],[17.883259563260886,40.25732830077286],[17.8833166907936,40.25718298125268],[17.88336932322778,40.25700356790279],[17.883382777150796,40.256968808009276],[17.88342403828535,40.25686220805065],[17.88354212341325,40.25675640671231],[17.883752132227837,40.256613437642244],[17.8838625211602,40.256538287032434],[17.883864069906064,40.25648346676126],[17.88385043236494,40.25640209706303],[17.883876044024866,40.25621803081684],[17.884185020660535,40.25600220327748],[17.88425244247269,40.25595735971534],[17.88429307506224,40.2559317352197],[17.88442310517124,40.25588399900496],[17.884475654143575,40.25586033766153],[17.884730675693035,40.25574221564282],[17.88476501014651,40.25572739575333],[17.88481558082314,40.25570247565046],[17.884911121649854,40.255656855349514],[17.88516948544709,40.25554477790897],[17.885258032088938,40.25550636618373],[17.885415426011406,40.25547619945371],[17.885613277715322,40.255508091109],[17.885720709625765,40.25547729539246],[17.885839405551476,40.255398420234144],[17.885996797660916,40.25536825284675],[17.886113603672662,40.255279633538265],[17.886231799151826,40.25519322286756],[17.886270206295436,40.255164846711615],[17.886315426507235,40.25512693235755],[17.88636428922545,40.25510984895554],[17.887097236042887,40.254835718244784],[17.887136390989262,40.25487330500935],[17.887169215876003,40.25490539503905],[17.887198488822175,40.25493077965379],[17.88726147797406,40.254992751332324],[17.887337612020307,40.255058186827284],[17.88754835052369,40.25485249470272],[17.88762498016815,40.25484227980869],[17.887663228560708,40.25483720266295],[17.88772985674734,40.25482720186191],[17.887837618092146,40.25479118766997],[17.887993054730334,40.25464272255331],[17.88810878056618,40.254519116614496],[17.888173209159728,40.254540454416265],[17.888268317068043,40.25457195406645],[17.888284919100716,40.254790968657225],[17.888287572996195,40.254829515458844],[17.888290663922344,40.254955990562046],[17.888305053686548,40.25509512986711],[17.88825159896357,40.25513474902182],[17.888088297619507,40.25525578320696],[17.88786138180906,40.25542396491082],[17.887688494628172,40.25543304821698],[17.88761307431132,40.255454430075915],[17.887201919579827,40.25556269371635],[17.887134219532754,40.2555610410073],[17.886981157322595,40.2555573062693],[17.88681452487193,40.255628653877935],[17.886575606874104,40.25577482131056],[17.886486399301035,40.25582939779026],[17.886431713403795,40.25586285309252],[17.886217820110893,40.25599855374738],[17.886033026856797,40.25611018615483],[17.885650102621433,40.25633908550845],[17.885619147889855,40.256355763447814],[17.885491686444396,40.25643691571008],[17.885688018781003,40.25661089233701],[17.885748149550075,40.256664338832685],[17.885933566865155,40.25673540698957],[17.88646655525779,40.256927933490125],[17.886665383183203,40.25703393067388],[17.886824307823243,40.257059841773305],[17.887044427170775,40.25701582468606],[17.887066625591864,40.25698970839644],[17.88713001457956,40.25691664679041],[17.887169046868074,40.256881750439],[17.887212402808988,40.25687634271971],[17.887252967658835,40.25686857579915],[17.88732760013627,40.25685282919184],[17.887423297825983,40.25690132255274],[17.887491942294993,40.25693846483329],[17.887582659562796,40.25709479308209],[17.887536263803167,40.25727447424175],[17.887517939013332,40.25746921677101],[17.887473024944647,40.257548376214466],[17.887489929359834,40.25759052698985],[17.887498997745205,40.25763703228008],[17.88751185107841,40.25768998753801],[17.887477541496878,40.25779584471489],[17.887470751352243,40.25782577300675],[17.887477537521505,40.257874729047685],[17.887508142150114,40.257951037615705],[17.88747359490345,40.25800250778912],[17.887459637674983,40.25802819561475],[17.887270467087692,40.258329112077945],[17.88692355500443,40.25841291871173],[17.886747196321732,40.25845171350973],[17.886652134549045,40.258401711888745],[17.886655819186984,40.25832263428925],[17.886660279452617,40.258196517611815],[17.886656727019066,40.258147337231954],[17.88663111261713,40.258108857611674],[17.886624234855248,40.25799726838384],[17.886625671729835,40.25796975615804],[17.88662369854068,40.25792349907218],[17.88661810028622,40.25788213906343],[17.88660899600022,40.257856785388036],[17.886258374861335,40.25781887597186],[17.886076750781847,40.25779884500098],[17.886139039475744,40.25764672333115],[17.886179622367347,40.257547035774216],[17.88619765388957,40.25750257144577],[17.886215888087833,40.25745392188612],[17.88622455726194,40.257421746791884],[17.88605339069845,40.25741450644283],[17.885859720499727,40.25740631386286],[17.885728226786842,40.25740320984854],[17.88561514926949,40.25739121775795],[17.8855199262038,40.25738111834821],[17.88531758333976,40.25747096397918],[17.885240633507024,40.25755609208165],[17.885206895770644,40.25759690109083],[17.885219162130443,40.257725858432316],[17.885221862821012,40.257790838829976],[17.885306720232514,40.25781659004668],[17.885393024067998,40.257842780439354],[17.885607521282846,40.25795306333749],[17.88565878735214,40.25798216802375],[17.88570149024268,40.25800698191471],[17.885659421886913,40.2581413698491],[17.885639831719292,40.258201331804024],[17.885314715085517,40.25858392317432],[17.88525977377152,40.25862189642669],[17.885196396021428,40.258665699306896],[17.885102278716506,40.2587307492082],[17.884885116230755,40.258819492439876],[17.884770288063592,40.25897224976663],[17.8846711847811,40.25909668830553],[17.884609332891557,40.25919495092202],[17.884589335465606,40.25922292410721],[17.88457392721418,40.25925462711224],[17.884556987279723,40.259285813838304],[17.884520156088005,40.259389498812034],[17.884366303540688,40.259468845060994],[17.884221428203865,40.25952726542806],[17.884139966787252,40.25955479558317],[17.88397646151241,40.25961376282304],[17.883976070700772,40.259825002111796],[17.88397651222831,40.25992773012432],[17.883977194787175,40.26000652641285]]],[[[17.88312799055082,40.262673150695434],[17.88302095458021,40.26262727742286],[17.88300566396316,40.262489658828414],[17.88303624586869,40.262352041220176],[17.882959790357816,40.262290877269486],[17.88292920895741,40.26219913177441],[17.88308211848919,40.26210738660702],[17.883280899577787,40.262107386692115],[17.883357354704234,40.26219913194234],[17.883403227394822,40.26226029575374],[17.883403227387294,40.26236733188051],[17.88337264545762,40.26247436807455],[17.883372645043615,40.26262727738295],[17.88329619095315,40.26259669596037],[17.88312799055082,40.262673150695434]]],[[[17.88606384712822,40.26351415129786],[17.886063847957693,40.26368235110957],[17.885972102016222,40.26401875149501],[17.88584977405356,40.26414107869843],[17.885727447216393,40.26415636962741],[17.88560511975436,40.264064624399566],[17.885620410958673,40.26391171485105],[17.885712155725656,40.26380467855784],[17.885727447653085,40.26368235132983],[17.885727446935018,40.26357531443077],[17.885834483091724,40.26351415077915],[17.886002684158157,40.26349886029115],[17.88606384712822,40.26351415129786]]],[[[17.878999442286705,40.267841480720314],[17.879152351762254,40.26790264460492],[17.879259388149944,40.268177881546656],[17.879198224523165,40.268483699968534],[17.87901473347929,40.26842253600504],[17.87883124200207,40.2683002085724],[17.878831242787758,40.268177881225384],[17.87883124211277,40.26802497239976],[17.878861824235784,40.2678261904235],[17.878999442286705,40.267841480720314]]],[[[17.874224853086268,40.26980731981482],[17.873938147402683,40.2698312117383],[17.87362755121546,40.26983121213592],[17.873508090325434,40.26961618308976],[17.87344780192168,40.26950559818016],[17.87343434934154,40.269478004116785],[17.873221386198544,40.26952061477062],[17.873197494522458,40.269353370435184],[17.87326916980304,40.26916223463402],[17.87341252245542,40.269042773642084],[17.873675335121856,40.26904277405004],[17.87384257963756,40.26904277431],[17.874153176081766,40.269090558487555],[17.874583233935333,40.26928169477801],[17.87436820542212,40.26956839939754],[17.874344312584448,40.26954450713648],[17.874224853086268,40.26980731981482]]],[[[17.865368011105186,40.27131436991235],[17.865296284042785,40.271349133687316],[17.865202486637713,40.27139459397992],[17.865151986025168,40.27141386610649],[17.865099094556108,40.271434051214236],[17.86496865228791,40.271446373464215],[17.864841724989077,40.27148540011222],[17.864726418554742,40.27152352915683],[17.864635769701092,40.27152603382056],[17.864587347396206,40.271514889803015],[17.864548003514418,40.271505836680554],[17.864465937041675,40.2714709613627],[17.864410507451403,40.27144227189754],[17.864356473135498,40.271382834398295],[17.864310438363212,40.27132860862305],[17.864279826451703,40.27122981347418],[17.86428441786258,40.27117550687837],[17.864299410125156,40.27106644595532],[17.864341453114093,40.270984520053084],[17.86447988084695,40.270832206720826],[17.864550681709453,40.27074581188793],[17.86460083028544,40.27063628393476],[17.864614135974282,40.270581304361585],[17.864647462713787,40.27050005150664],[17.864697047875676,40.2704085510397],[17.864761769662056,40.27034285668013],[17.864920101711114,40.2702414740299],[17.86500118273938,40.27019971889763],[17.865076247043397,40.27016163493656],[17.865215614744297,40.270089750892055],[17.8653424913098,40.270005768745605],[17.86544234200457,40.26991712890076],[17.86559590221926,40.269790621608],[17.86576074015665,40.26961603509265],[17.865872429881694,40.26946129033241],[17.86591311435845,40.26940448551321],[17.865945303246242,40.269358344959194],[17.866009590936077,40.26932701941834],[17.866042939305217,40.26930005912464],[17.866155610039513,40.26925935753453],[17.866188477631944,40.26924562648869],[17.86634950692783,40.26920638592205],[17.86646683468378,40.269161355247576],[17.86651335444877,40.269102495327516],[17.86653736935735,40.26906149279594],[17.866557918599604,40.26902843262629],[17.86658950974706,40.268974242592506],[17.866586985082364,40.26889998302711],[17.866727195597516,40.26866467197737],[17.866910797882095,40.268583050408665],[17.86705156401986,40.268520472651225],[17.867133455555095,40.2685508204809],[17.86779922367148,40.26879227658488],[17.868040936510862,40.26888014708008],[17.868245021911136,40.26886537618718],[17.86840697763967,40.268851866358965],[17.86881584048818,40.26855251446655],[17.86885664597273,40.26852263840819],[17.868891906642446,40.268545275003895],[17.868981664488953,40.268602897810716],[17.869077015339315,40.26886079210068],[17.869080599283123,40.26899764109626],[17.869066810862588,40.2691380803887],[17.86906981690014,40.26922776794045],[17.869072682645236,40.26933376430107],[17.869061304324777,40.269408263516596],[17.869011030469068,40.269479622914744],[17.868926942451562,40.269546779930984],[17.868835175239276,40.269585342240006],[17.868664385249723,40.26962551403614],[17.868533361789556,40.269633389206916],[17.868448168277613,40.26963272742466],[17.868401166199405,40.269632362800195],[17.86823965117365,40.269653834301465],[17.86810809137614,40.26970221435595],[17.867968987800346,40.2697601681583],[17.867882212271088,40.269806915237254],[17.86783896879624,40.269860133703],[17.86780818338008,40.26989847819878],[17.86774178278637,40.27001825493451],[17.867709071045837,40.27012643793795],[17.867612165381583,40.27032725117861],[17.86755920628399,40.2704369965432],[17.867525053838385,40.27055652990662],[17.867396376361228,40.27055994868263],[17.86725892547567,40.27056360175982],[17.8671289567914,40.27049683227387],[17.866981688277484,40.27050858717702],[17.866867825346763,40.27053536682539],[17.866807566409136,40.27054577832485],[17.866750178184784,40.27055569468409],[17.866642979860842,40.27056622330436],[17.86655640971438,40.270577406409046],[17.86643844505143,40.27057303138575],[17.866360030094935,40.270601568394596],[17.866285666563883,40.270616304416855],[17.866234307461564,40.27064972747451],[17.866207275716228,40.27066731855078],[17.86608152259498,40.27071524782877],[17.865988019600515,40.27076293398781],[17.865906137339344,40.27080972250113],[17.865825157922988,40.2708856643177],[17.865805638563696,40.27091639684908],[17.865774108381036,40.27096603926594],[17.86575789830357,40.27102124238585],[17.86575096451857,40.27105774592855],[17.865751061326694,40.27114765753662],[17.86576797944352,40.27120929390956],[17.865786972501734,40.271308986010105],[17.865737248245274,40.2713325397652],[17.865679235229223,40.27136001937651],[17.86561570889898,40.27131427132131],[17.865546731296295,40.271297615253395],[17.865444109183386,40.27129050849856],[17.865368011105186,40.27131436991235]]],[[[17.818819479905738,40.30780678483677],[17.818299245480933,40.30798985940633],[17.8177378538761,40.30818741317905],[17.817180699546277,40.308383473331745],[17.81681549935884,40.30851199942945],[17.81673701234278,40.30854035932556],[17.81670388434577,40.308744905541175],[17.816679627205364,40.30892302724972],[17.81667115072819,40.30901044117879],[17.816667850972404,40.30906689542336],[17.81665363671116,40.30914894292504],[17.81654684540253,40.3099989513065],[17.816449399556127,40.31077456106927],[17.816444025788304,40.310817334658665],[17.816415363424685,40.311046617355075],[17.81640424506998,40.31113961434564],[17.816393749940143,40.31121131562609],[17.816175127983595,40.31306302797592],[17.816133468349722,40.313408464280705],[17.81610466428025,40.31364982562136],[17.815916844458744,40.315223545023564],[17.815862688039786,40.31567731557688],[17.815840539639204,40.31584896206508],[17.815729405296512,40.31679406592696],[17.81570021752498,40.31703862669457],[17.81565444352409,40.317422154129005],[17.815600733161542,40.317872085092795],[17.815590841106367,40.317946249889644],[17.815586950847962,40.31797584289381],[17.815331758595185,40.32010172740263],[17.815316349985356,40.32021499183069],[17.81531139561479,40.32024637062532],[17.81526135903648,40.320673220597456],[17.8152577395231,40.32070395642438],[17.815206608967518,40.32112193504066],[17.815151356285856,40.32157615454987],[17.81509611851973,40.32203037295622],[17.815081039652984,40.32215308099048],[17.815057957222628,40.32233956660328],[17.81504088671864,40.32248460263718],[17.81498356898358,40.322939537516774],[17.814979673477932,40.32299002366669],[17.81495308889873,40.323209521983124],[17.814942134102264,40.32330993968524],[17.814930849894356,40.32339314085114],[17.814923260671698,40.32345580484148],[17.814978791005483,40.32383826518643],[17.814993149185003,40.323951551608545],[17.815000140830108,40.32400171137893],[17.81500845425972,40.32406073314913],[17.81517669374496,40.325229791127704],[17.81522806783211,40.32561751465678],[17.815272013240673,40.32593587564453],[17.815276051712548,40.325965427082444],[17.81528899465476,40.32606239865954],[17.815405506450393,40.32688558068826],[17.81551138331761,40.32763877867973],[17.815519298964848,40.327695087441356],[17.81579317997224,40.32964331116988],[17.815849159723182,40.330050831693136],[17.81641042204754,40.33403332737902],[17.816398165536288,40.33468761326277],[17.816398408524137,40.334740797662995],[17.816391503749667,40.335079556341235],[17.8163856693323,40.33542018414832],[17.81638564254118,40.33549248538178],[17.816370621423676,40.336426422194656],[17.816362521821485,40.33699832243053],[17.816356225138396,40.33722524197321],[17.81622388566115,40.337224169015656],[17.81618779730607,40.337223841050566],[17.815977721028013,40.33722049504719],[17.815737842696542,40.33721408502452],[17.815294185299866,40.33720544677837],[17.813636586107865,40.33717235129133],[17.809589476109142,40.33708634165573],[17.80952976452415,40.33708509950405],[17.80853653869706,40.33706541599817],[17.8083909945033,40.3370614024619],[17.807077238142128,40.33703404987529],[17.80704163482076,40.33703313681125],[17.80679710177586,40.337026864392804],[17.80644054150984,40.33701771974779],[17.806247771998095,40.33701318567138],[17.80613426888274,40.33701199969577],[17.805811567546804,40.33700508186476],[17.80573554284163,40.33700345198355],[17.805126725237365,40.33699039840206],[17.804443201624927,40.33697540186487],[17.803797137352056,40.3369622097034],[17.80354948494339,40.33695715059184],[17.803116058010765,40.33694829718557],[17.799377755208972,40.336871864211496],[17.797956495727234,40.336842774451604],[17.797010230767203,40.33682339482828],[17.794123776994763,40.33676423375041],[17.79203906610226,40.33672145935246],[17.79261213576495,40.33612429114619],[17.792695723963156,40.336037187912325],[17.792598985398495,40.33595842381181],[17.79255932959007,40.33592472726021],[17.792347031190314,40.33574967933268],[17.79203713339678,40.33549415362199],[17.791545598698303,40.33505528810222],[17.79151381361317,40.33502690970002],[17.791302042518026,40.33483782709147],[17.79086885786195,40.33446655994454],[17.790807492563832,40.33441470195343],[17.790773739720372,40.33439009530893],[17.790355787976186,40.3340268161819],[17.790267930658885,40.33382167907558],[17.790205125816588,40.33367503582806],[17.790182391778846,40.33362195489825],[17.790009716819945,40.333421040938674],[17.789908664684894,40.333303459888796],[17.789602360333486,40.3329380027824],[17.789313682485542,40.33273550246105],[17.789272051604634,40.3327074566068],[17.78923264400781,40.33267934837067],[17.78909822147814,40.33258453093949],[17.788813234624488,40.33238471228942],[17.788690514366724,40.33230193643989],[17.788643722535987,40.33227561016089],[17.78788305910418,40.33178601608361],[17.787121629314026,40.3314403540578],[17.787081080460194,40.331421946214256],[17.786743209245305,40.33126856066658],[17.78588069035793,40.330876184186664],[17.784928614482386,40.33044305217755],[17.784311275073218,40.33011580960022],[17.78428321994292,40.33009448496057],[17.784244155580193,40.330073253910626],[17.784205374406117,40.33005217562404],[17.78361982759121,40.329733919622946],[17.78212987835204,40.329009409843],[17.780527403783175,40.32834519526287],[17.779637188391792,40.32791647334741],[17.779628487401194,40.3274900015372],[17.77972131193748,40.326581415421636],[17.779798425115576,40.32579992555328],[17.780249512684573,40.32534052630089],[17.780417498721324,40.32514876642748],[17.780528033203566,40.32502565541666],[17.780588282594614,40.32496137932432],[17.780798173681067,40.324729959389344],[17.78085424865814,40.32465765397976],[17.780904597772377,40.32459033770137],[17.781083251511014,40.32433659517636],[17.781098759073824,40.32431268569949],[17.781196554797127,40.32417693245163],[17.781238890416994,40.32411340260899],[17.781299678296836,40.32402922431166],[17.781491076236527,40.32375954635563],[17.781633324489466,40.32358892701264],[17.781973550525848,40.32318083895189],[17.782043812727366,40.323098841708855],[17.782098173909368,40.32303456316787],[17.782139096405096,40.32298764137703],[17.78271775039931,40.32231233072731],[17.78273259651498,40.32225702069475],[17.78288962931817,40.32167196177628],[17.783410172189033,40.3212274694394],[17.783372663889242,40.32091785624489],[17.783364365040253,40.32086402969695],[17.783358958360413,40.320778119888715],[17.783343298536785,40.32071552794404],[17.78336886487653,40.32058173267452],[17.783431126369067,40.32026368559979],[17.78354958689026,40.32001361047679],[17.783577463791133,40.31996407891499],[17.783725420596344,40.31966115675507],[17.78382452605434,40.31955770831734],[17.784273493405692,40.319089123688855],[17.784325039464264,40.31903525803295],[17.784608989839864,40.31838339545243],[17.784697837197452,40.31817943029167],[17.784906624841746,40.31696746891489],[17.7850316620559,40.31630595469495],[17.785581147747518,40.31563441119627],[17.785584342413166,40.3155657489142],[17.785603689284518,40.3152266880725],[17.785624740392652,40.31485546679902],[17.785645839633172,40.31453478271913],[17.78561334640883,40.31439986263297],[17.785590437494406,40.31427395934056],[17.785452132393274,40.313589563662774],[17.785458828965478,40.312269429543825],[17.785446377303963,40.31217624133884],[17.785394831287437,40.311723175754416],[17.78539338363,40.31167558824272],[17.785389309668194,40.31163159998241],[17.785385513899588,40.311580793082705],[17.78535772379457,40.31127233668032],[17.785354970121098,40.31121896721909],[17.78531114315454,40.310734056883085],[17.78513465976486,40.31048454069103],[17.78504220104591,40.310473632781566],[17.78480407566284,40.310449145797094],[17.784333346810364,40.31044246063608],[17.783689904216754,40.31059736469894],[17.783455587297283,40.31063057804038],[17.78339951346906,40.310636366387826],[17.7829316126568,40.310704851214886],[17.781905815362656,40.31092272549902],[17.78069798079664,40.31132087470846],[17.779516608043522,40.31153938899569],[17.778996088739188,40.311476411073],[17.778822810808453,40.31145615967343],[17.778469305215843,40.31141267246528],[17.77789036677495,40.311225710657965],[17.777715105708012,40.31116911077823],[17.77754746774633,40.31119805700328],[17.77668579422666,40.31133774863273],[17.77545777939714,40.31159863273839],[17.77542414111455,40.31160567111987],[17.775296553107264,40.31163099266876],[17.775221901353266,40.3116396451341],[17.774696349668073,40.31168769279325],[17.77370395995272,40.311779294523504],[17.77256175022334,40.31182422758466],[17.772404230703714,40.31182894872411],[17.77210544742961,40.31184174670686],[17.772069753404185,40.31184257366778],[17.771814181168878,40.31182717375288],[17.771299061742184,40.31179424707826],[17.771240729620562,40.311791410095324],[17.770428508650987,40.311748618835786],[17.76914566492315,40.311707256336305],[17.76857781927778,40.31163149027023],[17.767954717268218,40.31160490369216],[17.76794208740072,40.31155411602042],[17.767930130354024,40.31150642610774],[17.767916528121496,40.3114513324882],[17.767893493479516,40.31135870640825],[17.767559721377207,40.31001644960708],[17.767009486104744,40.30746193174569],[17.766648283096682,40.30619864129501],[17.766610245713036,40.306071572308355],[17.76659578895736,40.306015044762354],[17.766583784558218,40.30596426672825],[17.76624333153093,40.304782271761766],[17.76552354915498,40.30277349313968],[17.764914635320977,40.30083072929865],[17.764899735370843,40.3007774097061],[17.76464913958335,40.299982940712695],[17.764596268797327,40.2996598174141],[17.764556935226707,40.299419416955594],[17.764367332435732,40.29826057475899],[17.76434592276346,40.29812971036035],[17.76434010145367,40.29808320801049],[17.764303657580395,40.29787138604599],[17.764288840033235,40.29784778818334],[17.76393998423162,40.29647561908922],[17.76385545108058,40.296143104904196],[17.76373730668961,40.295686769859],[17.76358734182519,40.29559480768597],[17.763434171652314,40.295523322085636],[17.763312398856065,40.29544494313116],[17.76331300466988,40.29538194983392],[17.763259842787363,40.295289340498],[17.76322032942502,40.29523390704971],[17.76327035568188,40.295167141854854],[17.76334480516676,40.295085022582505],[17.763432024682,40.295055882978794],[17.763562850049393,40.29502341429118],[17.763709941034097,40.29502567339271],[17.763785830458396,40.29497716554176],[17.763829163618777,40.294926646968946],[17.76384807984616,40.29486900098763],[17.763842598558714,40.294759263066105],[17.763815003172876,40.294705168056566],[17.76380659765293,40.29464061464862],[17.763809530596383,40.29457294839096],[17.763805771221442,40.29452152891945],[17.763789215848078,40.29448457591081],[17.763775574869456,40.29442491842094],[17.763823562564042,40.29436505298297],[17.76384858367216,40.29430918814112],[17.763936125042992,40.29419234831392],[17.763925725236692,40.29402228792208],[17.763883603732673,40.29394682087132],[17.763864158626706,40.293865125444796],[17.763856904152444,40.29383195857888],[17.76381304386246,40.29374313560311],[17.763751732908585,40.293678125051485],[17.763716576516977,40.29363359968939],[17.763690720719996,40.29359285958629],[17.763651489396707,40.293562133944725],[17.763564886565398,40.29350579938024],[17.763461710089175,40.293457473436256],[17.763402701867307,40.29345523390393],[17.76306025813552,40.29348587316639],[17.762921005254583,40.293521232623505],[17.76284424599484,40.293563061921894],[17.762757036983523,40.293569719127106],[17.762688464268102,40.29349402265536],[17.762641390841647,40.29344815851687],[17.76253996398092,40.293390705717336],[17.76248475842627,40.29332747739718],[17.762473737489046,40.293265372521184],[17.762495282081016,40.29318279604625],[17.762493560559296,40.2931244775352],[17.76249852342804,40.293072392209304],[17.762609132655204,40.29270425527014],[17.762626049678325,40.29256358212222],[17.762635965115944,40.29248189424612],[17.762637459742322,40.292380616196816],[17.762617463707716,40.292227024032066],[17.762610798861882,40.29217582720508],[17.76262333255577,40.29209169046983],[17.762879874225217,40.2916944288771],[17.762944993608958,40.29167596925512],[17.76306011009061,40.29165818826034],[17.763294401369745,40.29165379140758],[17.764208903239968,40.29159746171471],[17.764454521775615,40.29161242969729],[17.764694360537046,40.29153791511547],[17.76483215164996,40.29151390576002],[17.764947838441252,40.29152305747543],[17.765032435627205,40.29149636513583],[17.765159468444285,40.29147992115074],[17.765297533521707,40.29150309962005],[17.76539927376259,40.29149533095298],[17.765402147575365,40.29158503480993],[17.765518414206756,40.291598637867644],[17.765519565373506,40.2916300225335],[17.765669845272793,40.291634283879105],[17.765739860038778,40.29174358991467],[17.765946538794164,40.29173005464625],[17.766077638098547,40.29172229150545],[17.7661628147073,40.291700050282095],[17.76625351515008,40.29167513905914],[17.766321509492634,40.291746381227384],[17.766443856386154,40.29182920931446],[17.76658306635558,40.291906253239404],[17.76668073250843,40.29191228315791],[17.766735634814726,40.29201824645526],[17.76677717791516,40.292089260314796],[17.766789941889975,40.29216472015317],[17.766792825481755,40.292231942149584],[17.76678462376754,40.29241691215203],[17.766790391069968,40.29255135614449],[17.76676594621523,40.29263415477196],[17.766736838125347,40.292748782092495],[17.766679690791374,40.29325671736433],[17.76677442231349,40.293352894549734],[17.76682440515845,40.293398534685146],[17.7669868431768,40.293563727345465],[17.767001600708515,40.29376717597624],[17.766990507119445,40.293907404818626],[17.766997175678508,40.293958601025636],[17.76695347454113,40.294254190451426],[17.767218834155326,40.29437555255737],[17.767320854326595,40.29441496995113],[17.767418516743348,40.2944434804603],[17.76871694062616,40.29474221161905],[17.768775652638052,40.29476470298952],[17.769163718818895,40.29479125978125],[17.76936021260546,40.29483469862787],[17.769500901175217,40.2948554232043],[17.769615143432908,40.29485343979625],[17.769771824009776,40.29486170267366],[17.76990001450672,40.29487663727197],[17.77007413066354,40.294906048676495],[17.770201741138806,40.29491653103712],[17.77030115943327,40.29491343141227],[17.770725849374614,40.29495067231371],[17.770948229594126,40.29494492121017],[17.77107467987688,40.29494649971835],[17.77117409676122,40.29494339853103],[17.771274391246106,40.29492449438804],[17.771851716742685,40.29487138514368],[17.77195811375612,40.29485426216452],[17.77206334558176,40.294850716731055],[17.77219183211298,40.29484539408029],[17.7732118774304,40.29478766885502],[17.77332699454959,40.29476987722861],[17.773486876952862,40.29475765732197],[17.77437756674198,40.29467608776109],[17.774548495801888,40.29465852486606],[17.77467814701954,40.294639621777264],[17.77477058810689,40.29462805918201],[17.775581920388476,40.29452332118815],[17.775785681803065,40.29457743359957],[17.77626270179287,40.294565691832936],[17.77665629626453,40.29454459006223],[17.776905129481147,40.294516571804145],[17.77706326795461,40.29449099072516],[17.777241460530213,40.29448410976218],[17.77736267961176,40.29446809646639],[17.777410645972395,40.2944531882097],[17.777473436077813,40.29443939451035],[17.777588841127933,40.294423825553096],[17.777864125649124,40.29439602972861],[17.778209763018396,40.2943223883712],[17.778736211002713,40.29421693341942],[17.77899870474187,40.29418112069094],[17.779242595416832,40.29413773868499],[17.779380967467453,40.29409568232912],[17.779636775384397,40.294053636109794],[17.779644027636145,40.29415424470131],[17.779861740406997,40.29422526733539],[17.78007103796513,40.29418677757233],[17.780278007044707,40.294175441744585],[17.78044573643523,40.29413338660803],[17.780888166678796,40.29405907744714],[17.781413145899077,40.294009923895985],[17.78166255406243,40.2939863465359],[17.781893939969912,40.29395965214658],[17.782077945539754,40.293929837951495],[17.782274738975755,40.29390803743966],[17.783000870199263,40.293825501780574],[17.783714214193097,40.293667504962926],[17.783858974304387,40.293651931455216],[17.78401245484332,40.293635690441945],[17.78409210029626,40.293638587082945],[17.78450109134239,40.29357806329382],[17.78479729067032,40.29362058893462],[17.785348421897343,40.29356941577466],[17.78563794424944,40.29344834076227],[17.78581787794489,40.293387358982436],[17.78599577497474,40.29333327707404],[17.786099549858683,40.29329610972761],[17.786206811276084,40.293263170692114],[17.786309714039014,40.293196843893405],[17.78643528878211,40.29314676626727],[17.786890203424537,40.29298829911456],[17.78693991500924,40.29282937762327],[17.787310236810058,40.29276505879951],[17.787477084411925,40.29276127836925],[17.78755469068246,40.29286099634219],[17.78767095559185,40.293054421461214],[17.787829370093508,40.293233379163155],[17.78812004434906,40.29332352790524],[17.78837583946909,40.293326423839126],[17.7885252477346,40.293301496172276],[17.788664191281423,40.29328636187818],[17.788806623103362,40.293252975658845],[17.788950217376787,40.293228492592675],[17.789705973504258,40.29310318033248],[17.789819627160313,40.293074244599914],[17.790030365824887,40.2930693474788],[17.79019198087768,40.29304797814096],[17.79034487640702,40.293117199609206],[17.790643399453742,40.293110074959436],[17.790885530062518,40.293053314358936],[17.791056736574127,40.293015472658674],[17.791203234225,40.29296828448283],[17.791335780379242,40.29292665991084],[17.791497103613427,40.29290306298998],[17.79185869794819,40.29281691783935],[17.79205257640469,40.29279532368797],[17.79217756351101,40.29274078865084],[17.792346441038994,40.29268513968164],[17.79255659403502,40.29263082496951],[17.792659198829785,40.29258474812297],[17.79276819656783,40.29249771694395],[17.792840860668345,40.29240222849021],[17.792994614140195,40.29218587629316],[17.793047798753957,40.29203118267001],[17.79321056721196,40.2919287907965],[17.793248344289015,40.29174605236743],[17.793303857702032,40.291654125577],[17.7933535165297,40.291591228434946],[17.793379425676395,40.29155841349006],[17.79342833182678,40.29151663218255],[17.79346049149184,40.291484570338824],[17.793495994503246,40.29143914336762],[17.793562092245907,40.29135402752508],[17.793812486916703,40.29103066397943],[17.794261842991144,40.290874842820536],[17.794430134696,40.29083721953126],[17.794588840014743,40.290883510227495],[17.79469842487094,40.290958292135734],[17.79482747607865,40.290912435263266],[17.79519805618705,40.29071543651382],[17.79528523034673,40.29041650890892],[17.795270994543323,40.2903825746588],[17.79522332972809,40.2902689473851],[17.794971011313205,40.29021353163212],[17.794838005654004,40.29015048093932],[17.794513315241424,40.28993518484635],[17.79444938231573,40.28989380955339],[17.79442193227952,40.28987567993482],[17.7944610999492,40.28982797835816],[17.79452830381104,40.289746135041575],[17.794808492926816,40.28966621792064],[17.795245643588174,40.289686675582935],[17.795380817628494,40.28991236441664],[17.795983920563305,40.289764987882464],[17.796051412892105,40.28969787617437],[17.796111161237086,40.28964157849606],[17.79624112855504,40.2895092312131],[17.79636232470606,40.289425758266916],[17.796447485987596,40.28941788515646],[17.79664658372288,40.28939947768295],[17.796805282075137,40.28940080433667],[17.797316850020763,40.28954144220973],[17.797368016346034,40.28964093131744],[17.797461617795694,40.28972817582851],[17.79754824274104,40.2898069626553],[17.7981002488198,40.29021201653274],[17.798303408234137,40.290126754481115],[17.798295046389548,40.29008065976015],[17.79828889743997,40.290049185947304],[17.798285541040855,40.29002056086393],[17.7984100476234,40.289864550161276],[17.798523393174165,40.28978842090402],[17.798969539460845,40.289698020773656],[17.79939419273093,40.289735156772416],[17.79962498246004,40.28979389810959],[17.799802006059007,40.28989048187685],[17.79993252832484,40.29001311012716],[17.800093277487655,40.290119933351065],[17.80044845775965,40.290097198224196],[17.80109077448814,40.289890586379215],[17.80135788336883,40.28986785782143],[17.801533706181726,40.289730733360045],[17.80163454923456,40.289648814626084],[17.801692086425387,40.28957246542415],[17.801922258576862,40.28942442875211],[17.802200678906587,40.28928617935204],[17.802583158258017,40.28918041467716],[17.80297611472714,40.289154774816765],[17.803205734523484,40.289182126437936],[17.803318805529038,40.28921616714628],[17.80359493834997,40.28928491119446],[17.80386874722321,40.2893583280287],[17.80409401601368,40.28941973163675],[17.804693045119347,40.289398512432925],[17.805028971931623,40.28928872716688],[17.805102300440993,40.289266621227206],[17.80526529871562,40.28921748412777],[17.80540949239602,40.28935479349176],[17.8054976062747,40.289557102476174],[17.805624373702052,40.28974070967705],[17.80574153215477,40.289850868585326],[17.80612988477572,40.29001440655847],[17.806573423495053,40.29001634636753],[17.80684053418954,40.290016084452354],[17.807281742655313,40.29000021573773],[17.807584459646478,40.289952158036165],[17.807712221233366,40.28992479280954],[17.807763622865558,40.2899137834246],[17.80805890691906,40.28991222636345],[17.80812423237307,40.289914762582775],[17.809157047246714,40.29004064788954],[17.809580238718098,40.29004413739047],[17.809779091400717,40.28997352013556],[17.809846739366506,40.28994949743364],[17.809921085944392,40.289949990489724],[17.810305097732353,40.28995253318609],[17.8105219169799,40.289926898751006],[17.811066587701855,40.28989408060104],[17.811249202114723,40.289872589187965],[17.811569808683913,40.28977576117652],[17.812000300045653,40.28975342023252],[17.812294682092062,40.289759370501436],[17.812587665797967,40.28971903279819],[17.812828518247617,40.2897076781889],[17.813188849959015,40.28969068430041],[17.81345851614022,40.28953060012297],[17.813532229397985,40.28950731091037],[17.813569526685345,40.289481611308815],[17.813551317346022,40.28932978000942],[17.813550944309867,40.28929505816175],[17.813592092873353,40.28918313754822],[17.813857708672185,40.28908181213611],[17.814142259010243,40.28910267445473],[17.814459977979425,40.289219902625696],[17.81462595814397,40.2892768455172],[17.814731761924744,40.28930019327916],[17.814941630164547,40.28935601340192],[17.815056744520103,40.28940562162634],[17.8151904634503,40.28946279316289],[17.815456171088915,40.2896087414228],[17.815581188453095,40.289711541900914],[17.816061000337783,40.28958701542213],[17.8163641484735,40.28959295618772],[17.81653374516788,40.28952664525979],[17.817028758458083,40.28933286162157],[17.817307309041407,40.28922385070013],[17.81738619322581,40.289192978813055],[17.81743758751872,40.28914143140759],[17.81746143930905,40.28911750887478],[17.817523814736287,40.28902213327838],[17.81756064145433,40.28894106120135],[17.817659864795708,40.28879296160014],[17.81772184510118,40.28874030772355],[17.817781554900247,40.28869276766323],[17.81778968989608,40.288658201602324],[17.817805273536216,40.288598584716496],[17.817814613451834,40.28855984272648],[17.81786431766603,40.28847853845882],[17.81789392497759,40.28843010693384],[17.817986334726054,40.28839603118327],[17.818084630182245,40.28828559811128],[17.818121025963993,40.28824300521718],[17.818154014658408,40.28818321567319],[17.818192788368727,40.2880949907278],[17.818216220055145,40.28807068039666],[17.81827667685443,40.28801001703292],[17.818583107147543,40.287909568371866],[17.818694412753874,40.28788528061713],[17.818880454101198,40.28796090841332],[17.819103664965375,40.28796174239664],[17.819251303039657,40.28794590285131],[17.819461965258434,40.2878285544047],[17.819488755458696,40.28776946738061],[17.81954800888269,40.287650391631644],[17.819467145332393,40.287524672938815],[17.819394644266243,40.287404353521666],[17.819185090810596,40.28739572567421],[17.819112770001325,40.28731424125388],[17.81907488721558,40.287271559553176],[17.818967135323344,40.287104492854475],[17.81891724136919,40.286986931392185],[17.818913131070087,40.286888333782315],[17.818951490858723,40.28686950725307],[17.819116530074833,40.2867827843804],[17.819432114862632,40.28668210326454],[17.81965530200569,40.28663797796446],[17.819720435175505,40.286709406196806],[17.819839872673793,40.286679996450474],[17.819989375837935,40.286947264478144],[17.820030997401773,40.287085692625524],[17.8199334309924,40.28728202410959],[17.81991549833222,40.28748122968437],[17.82005273647626,40.28761006174925],[17.82015825669322,40.28765365777586],[17.82033176865274,40.287656061117275],[17.82050988533559,40.28755919609039],[17.820573762463383,40.28741940530836],[17.820730078640395,40.28733544288527],[17.82101513014374,40.28718091679933],[17.82108324044323,40.28708733870664],[17.821548597905984,40.28688364245724],[17.821779930568383,40.2868568713494],[17.821816112932684,40.28684323605409],[17.821942074161182,40.286794952549],[17.822102823216117,40.286856782516956],[17.822265959997264,40.287048814684034],[17.822467094045116,40.28708281158349],[17.82283488297586,40.287103599998645],[17.822880351469145,40.28703306195811],[17.822869430360484,40.28696975109326],[17.822854192177655,40.28684218112625],[17.8228294239954,40.2868166704221],[17.822755221822863,40.28670547628669],[17.82276531028685,40.28660898433447],[17.82277036410814,40.28655623343208],[17.82283953798415,40.28648906093123],[17.822886346448062,40.28644521575135],[17.822924808239904,40.28640918879291],[17.82320089714928,40.2863879659136],[17.823487377104367,40.28622207034578],[17.82348643376802,40.286162045352654],[17.823480602204906,40.28603600497865],[17.823323938254536,40.28600533562254],[17.82317937890386,40.28589055872765],[17.823153563216604,40.28587006172917],[17.82323523252283,40.2857988451175],[17.823264563112073,40.28576545058181],[17.82307177958528,40.285626817556704],[17.823101877953434,40.285547668432756],[17.823136200055227,40.285443364504594],[17.823154846689725,40.28540315237747],[17.82325415381245,40.28529461125339],[17.823290073539322,40.28525729139931],[17.823341856748748,40.28520141159805],[17.823612061599647,40.28504575913851],[17.824014851486684,40.28494914731232],[17.82409013892647,40.28494291630593],[17.8243208336627,40.28490786338114],[17.824375821284054,40.284898949360304],[17.82458411228243,40.28486986974843],[17.824678061854495,40.2850267533838],[17.824771922669537,40.28500380098883],[17.824770152526966,40.28494696170732],[17.824773120694744,40.28487288341022],[17.824975002246664,40.28487353752341],[17.825054948539165,40.284923592142924],[17.82521885841648,40.284919981347834],[17.825510694994946,40.28501893577927],[17.825798727633064,40.28506647778453],[17.825821767099864,40.284988547911496],[17.82584241787457,40.28490714008899],[17.82585689796134,40.28487750531499],[17.82585353582589,40.28483638362273],[17.82585592469861,40.28478203285486],[17.825857385864182,40.28466842662282],[17.825864763063475,40.284592172221494],[17.8260876219593,40.284538458794145],[17.826269841503112,40.28454018275315],[17.826268360736602,40.28458943886069],[17.82626730295096,40.284621743663486],[17.826263272721583,40.28475874634349],[17.82621106938915,40.28496508265466],[17.82627536700987,40.28509726836318],[17.826420148515602,40.28519403972174],[17.8266448198816,40.28522846826064],[17.82690521524716,40.285221931529406],[17.827199304821125,40.28518133131937],[17.82741999730584,40.28484963502214],[17.82769514224969,40.284689720236315],[17.827660020584705,40.28464683820681],[17.827551048476604,40.28453667140816],[17.82752068348248,40.28450563578679],[17.827504168023303,40.28437739075993],[17.827498127303553,40.284331581605805],[17.827501232351505,40.28420596137013],[17.827693664301684,40.2841384447672],[17.827783427356078,40.28405476442598],[17.82768541868204,40.28394125296258],[17.82771923043422,40.28389284201113],[17.827734882965,40.28386564636076],[17.827871381032573,40.283881990284385],[17.828118929656462,40.2837775268622],[17.828117996451432,40.283738471014615],[17.82811046632958,40.28371298545855],[17.828104921329622,40.28367069912688],[17.828135287458146,40.28365575664739],[17.82840272120724,40.283524152683356],[17.828596092946967,40.28355033444892],[17.82866151502156,40.283557727917156],[17.828707308744118,40.2835636699473],[17.8289846387624,40.28370869195776],[17.829117821343292,40.28385131277294],[17.829108888519972,40.283984633404366],[17.829284748404092,40.28386861902341],[17.829342744810692,40.28386298082501],[17.82963249484296,40.28383645100252],[17.82989138745456,40.28378417119173],[17.830095696568602,40.28376485031225],[17.830286578899884,40.28367598071867],[17.830600748089353,40.283699019422606],[17.830801622269494,40.2837982138021],[17.831006093573603,40.28408146939297],[17.83103149350848,40.28427509286234],[17.83115127865167,40.28436029375621],[17.83130003072095,40.28428590399321],[17.831530775605234,40.284277142757055],[17.83182372909889,40.28429506618755],[17.832093198092792,40.28440246848543],[17.83232769739283,40.2843552000692],[17.832377920103696,40.28426815902416],[17.83246479488545,40.28423674573026],[17.832575822820797,40.28425517777182],[17.832539587192898,40.28440408766826],[17.832681274324443,40.28442697913337],[17.832737518126937,40.28443606470946],[17.832732909410893,40.28440093812245],[17.832731468253233,40.28437109796153],[17.832713286174197,40.28425059498574],[17.83271727758418,40.28422496774212],[17.832745150459534,40.2840915311884],[17.832756349922875,40.28406294117857],[17.832771910882364,40.28401769299248],[17.832790408478516,40.28396665538295],[17.83301296136861,40.2838730961073],[17.833178354395248,40.28392556060516],[17.833348349393823,40.283901238337556],[17.83345560774936,40.28393569587132],[17.833501868925673,40.28401980826763],[17.833642775231812,40.2839527643112],[17.833829927186233,40.28394735236582],[17.833935070154833,40.283853835947795],[17.833936713914447,40.28381281765646],[17.833943680547637,40.28376676504788],[17.834104656460983,40.28364745395987],[17.834084974463764,40.28360657257777],[17.834044128307312,40.28352172806476],[17.834050386699747,40.283495180872535],[17.834055573461534,40.28345995690725],[17.834068964689354,40.28342134721145],[17.834075504698333,40.28338435644932],[17.834075918489763,40.28333707897548],[17.834109160388735,40.283251953817604],[17.83428250969099,40.28319090620372],[17.834430114729447,40.28315256934702],[17.834483944419137,40.28305310868497],[17.834509142862323,40.28299427147541],[17.83449708470825,40.28290238085614],[17.834519597008622,40.282881287187564],[17.834638236216794,40.282770123868204],[17.83470132084272,40.2826646400423],[17.83481741441588,40.282469455704096],[17.83483350815801,40.282441870916166],[17.83485472638371,40.28241462186136],[17.835116606293955,40.28236687701218],[17.835309857259457,40.282363241320496],[17.835355379285964,40.282328832260866],[17.835379509400724,40.28231046981021],[17.835409717012155,40.28228720642221],[17.83544201407837,40.28226091549929],[17.83551753819931,40.28217008770301],[17.835541906555786,40.28214081021139],[17.83558085643406,40.282129856691675],[17.8357069292108,40.28207865071216],[17.835797874727778,40.282055913769874],[17.835814799073567,40.28202915064618],[17.835866082315857,40.281925239215745],[17.836126923205786,40.281745085577086],[17.83642068091257,40.28167975907473],[17.836460644919196,40.28162207331455],[17.836503085616155,40.28156712921323],[17.836546385278886,40.28154672159312],[17.836677168710647,40.28150939637633],[17.83684280424278,40.28149664482806],[17.83684104981163,40.281545806788],[17.83683966789627,40.281584558655375],[17.836780595765333,40.281714427015636],[17.83676168182371,40.281779343286786],[17.836733799228696,40.281857171219244],[17.83669777104904,40.28189056127088],[17.836633209757572,40.281950325072636],[17.836598444825142,40.28198304414733],[17.83652800970081,40.28206203566129],[17.83645639795275,40.28214610835143],[17.836409988976133,40.282202121375605],[17.836492245494465,40.28222501344188],[17.836454065780952,40.282493217887065],[17.836632803187072,40.28251317754935],[17.836686339292328,40.28260796863003],[17.836741490648354,40.282513802336645],[17.836821037173895,40.28252913088139],[17.83681577442579,40.282560186625375],[17.83680773993417,40.28258692462064],[17.836776699716435,40.282681648212225],[17.836770395731815,40.28271165020908],[17.836901101817897,40.28261166714217],[17.837039156213322,40.28263475821584],[17.837073673291666,40.28253993233986],[17.837181176885363,40.282509175386664],[17.837178486562625,40.282399229807936],[17.837302256994523,40.28235822823786],[17.83735651552447,40.2822349059959],[17.837476195770286,40.282162747602456],[17.83760694595395,40.28213020045914],[17.83768734161087,40.28198238537837],[17.837780329875635,40.28197522580142],[17.837874257712166,40.28206465827634],[17.838133110853487,40.281957054170476],[17.838222056768196,40.281986173088484],[17.838332006928034,40.28213057225132],[17.838353089408933,40.2823582454224],[17.838503739460943,40.28252199081675],[17.838620086224758,40.2826703922904],[17.838750364205275,40.282790744501476],[17.83888200715314,40.28278735151601],[17.83896538587717,40.28275170650619],[17.839044105419976,40.282702932037125],[17.839126900832746,40.28266283666952],[17.839162323307388,40.28261964432603],[17.839217470971942,40.2825254772008],[17.839238657037185,40.282485629182425],[17.8392257207139,40.28227531228558],[17.839120948195546,40.28205857925398],[17.838955752841276,40.28187347627251],[17.8388271821542,40.28169904007809],[17.838825334273302,40.281550813241296],[17.83889889491488,40.28119445869336],[17.83908804066929,40.280734787110056],[17.839384047652825,40.28057486353931],[17.839771640826207,40.28048656618251],[17.84038041676238,40.28045091996193],[17.840962162455337,40.280410609216915],[17.841307125064358,40.28044473472664],[17.84162452530285,40.28053718204138],[17.84166834767273,40.28084852763647],[17.84165907221711,40.28126961971156],[17.84163231282486,40.28162461865505],[17.84151467777538,40.28209227406483],[17.841388691097677,40.28227282686731],[17.84135799658221,40.28241906410815],[17.841425482754822,40.282508282160336],[17.84159990345862,40.282584767111985],[17.84199747734309,40.28261708562706],[17.842374090065746,40.28260156087363],[17.842436420780125,40.282405677695756],[17.842548134135654,40.28180359779763],[17.84244164979548,40.281640952692676],[17.842344916910566,40.281306707098864],[17.84233659620817,40.28106456294273],[17.84246318002346,40.280910939589525],[17.84278290485554,40.280998708410564],[17.842962963116793,40.28122986901586],[17.843148747166207,40.28134818865444],[17.84343792001626,40.281382109566714],[17.843561583600536,40.28158614167476],[17.84346469583839,40.28180941517062],[17.843242324486063,40.28210530109246],[17.84280625846633,40.28265144284695],[17.84281425412563,40.28284640346772],[17.842884426352825,40.28302308583441],[17.843134455801486,40.28316118329866],[17.843142436638203,40.283333665656485],[17.84296094767577,40.28351624823476],[17.84300720132851,40.28357787758883],[17.843192543770986,40.28349166143674],[17.843356152286177,40.28348580044472],[17.843546141754796,40.283770147521444],[17.84372249124108,40.283704855618986],[17.84385067920266,40.283742186567714],[17.84385630451137,40.2838743858469],[17.843563461463493,40.28399136512096],[17.843327016487898,40.284135471786875],[17.84320651584401,40.28426839632208],[17.84325642035617,40.284536560175475],[17.843567003219874,40.284800375950034],[17.84371471107785,40.28489689890433],[17.844397298187026,40.28517700889187],[17.844603420625308,40.28527127841684],[17.844685408346763,40.28531441638603],[17.84479384381407,40.2853577643024],[17.844900249468125,40.28540801260818],[17.84502438386909,40.285459143551364],[17.84510403387652,40.285484477133345],[17.845165954398215,40.28550892979643],[17.845265069319154,40.28552601917893],[17.84534411532025,40.285524423711315],[17.84562054962261,40.28559528861056],[17.846312049381456,40.28574206711364],[17.846809982029367,40.28586779251661],[17.84770925416831,40.28598730760838],[17.84838964305592,40.28604950467495],[17.84892233464034,40.286037661354044],[17.849012127063173,40.28602849072631],[17.84945619585637,40.286034717431015],[17.850563975296044,40.28597627582694],[17.851011655033698,40.286121594405145],[17.851094777360736,40.28612867262787],[17.851273252580643,40.28616886107341],[17.85145141499126,40.28618434511867],[17.851539178822545,40.286182072982534],[17.851718198749424,40.286181754324836],[17.852195592056283,40.286084240163724],[17.852233662464766,40.28608355202643],[17.852508557490243,40.2860533584488],[17.852695980134555,40.286027661947934],[17.852981871358228,40.28594716266956],[17.853727548634183,40.28590313249078],[17.854136698625688,40.28586707391567],[17.854556573443027,40.285800963161655],[17.855066508605447,40.285705421714205],[17.856947021315605,40.28524327706411],[17.85845604733642,40.284741398698785],[17.85965787152671,40.28431317649982],[17.860542931318033,40.28399491726067],[17.862369375805528,40.282978031220566],[17.86343445860262,40.2824318549003],[17.864628448612315,40.281661589792286],[17.86529043670976,40.281239314304116],[17.865683097774664,40.2808949380329],[17.866302428485216,40.28029037922585],[17.86658549560501,40.27993947708804],[17.86696007715701,40.27952868832238],[17.867160000912563,40.27927770867415],[17.867454845676345,40.27893374663941],[17.8676980593985,40.278699190680705],[17.867812039618308,40.27853042409805],[17.867922946171312,40.278191401966865],[17.867958888070167,40.27804949898271],[17.86812914995598,40.27778926837261],[17.868154887840905,40.277478854992445],[17.868210882114656,40.27714632336082],[17.868445886523645,40.27642058295054],[17.868296758538754,40.275748188847345],[17.868106764986255,40.27511922522675],[17.868141300314676,40.27410780330816],[17.86809111985978,40.27349586433523],[17.86804105871058,40.273160287820055],[17.86799526848956,40.27274570138698],[17.867984785774617,40.27246551417067],[17.868143661166982,40.27215650571695],[17.868282491755537,40.271851294672125],[17.868446967537555,40.27187455414464],[17.86854706908694,40.27201069010216],[17.86851290355207,40.272375254738165],[17.86852634418087,40.27270017325707],[17.868568252028574,40.27301839632787],[17.86881305882522,40.273161335484524],[17.869093774076912,40.273198092515166],[17.869438939814426,40.2731894047338],[17.869786321643666,40.27308612967862],[17.87003953639734,40.27295865947035],[17.870246774492813,40.27277179783236],[17.870293688834295,40.27263778948627],[17.870297370152915,40.27255433004177],[17.870080417581846,40.27237776973886],[17.870008753021537,40.27221246179246],[17.86986858671801,40.27210639827024],[17.86990900237002,40.271878477342874],[17.870113548870858,40.271626633097036],[17.870297490159253,40.27139661283003],[17.870362688650623,40.271245455598724],[17.870704860727653,40.27116955662277],[17.87094641349899,40.27126553472182],[17.87115982033541,40.27139291149675],[17.87134204464095,40.27143952386899],[17.871399479426763,40.27160817865068],[17.871310025518536,40.27188709698274],[17.871282273037785,40.27225566236401],[17.87133845657604,40.27234798296868],[17.87116432599835,40.27251879975266],[17.87105552487414,40.272650847377335],[17.87094347163945,40.272735938342954],[17.870976999416982,40.272834506066815],[17.871075615784058,40.27293703536876],[17.87131290847515,40.27311202161045],[17.871617797985017,40.27319860692346],[17.872011019140103,40.27328735589214],[17.872419193322237,40.273244565742495],[17.872767475380023,40.27317043504319],[17.87305727791784,40.27303113795259],[17.87322567417874,40.27292820051242],[17.873406808891627,40.27278831108306],[17.873491110900016,40.272581724391706],[17.87336104022467,40.272418685996804],[17.872828586934734,40.27203048411849],[17.872745375353595,40.271933509605304],[17.872760273818276,40.27175701626816],[17.872837060850582,40.27158248201091],[17.872976668979728,40.27146153937101],[17.873181388884714,40.27136703422042],[17.873407644031282,40.2713023358188],[17.8735977060839,40.27134159462143],[17.87373059794856,40.27143697487318],[17.873756482464504,40.271700235068884],[17.87379620242681,40.27211303936153],[17.873809213116946,40.272300863091424],[17.87399618785047,40.2724280297325],[17.874316482233542,40.27252016161354],[17.87472795643514,40.272569274001796],[17.875289300728966,40.272575324714396],[17.875562737416974,40.27260138931362],[17.87581002712574,40.27262947422468],[17.87616971149124,40.27261964321774],[17.87681988730898,40.272564865992145],[17.877157180834146,40.27254102753855],[17.877391828515293,40.27245094414869],[17.877815690057176,40.27241591244839],[17.878000153194495,40.27239040503898],[17.87838384225895,40.27229553564551],[17.878643753488088,40.27219675161888],[17.87901485322587,40.272028671256756],[17.879466269682826,40.271735234090194],[17.87967907877661,40.27161311573207],[17.8800111437735,40.27137162140419],[17.880337984016357,40.27113502547356],[17.880605752032974,40.270828816434516],[17.880723070396986,40.27056122306],[17.88062160004977,40.27028133437402],[17.8804868243612,40.27008270183054],[17.880307798780915,40.27003810576937],[17.880067823566563,40.27004318354807],[17.879771219910044,40.269841333725296],[17.8797480410489,40.26966553780394],[17.879759810576914,40.269554476909875],[17.879664973382365,40.269458407136995],[17.879747285539658,40.26930367328888],[17.879923669480657,40.269328242796426],[17.880040602503847,40.269436090846305],[17.88035132064361,40.26954468149859],[17.880485245147877,40.26953656816574],[17.88080561867419,40.26947356549571],[17.880955770190123,40.26943272433937],[17.881111731566108,40.269391433462495],[17.88126631341965,40.26940644781479],[17.881343427742575,40.26950163949917],[17.88146450068994,40.269663116388585],[17.881507959435336,40.269792383861315],[17.882169746923005,40.269759157122905],[17.88300726502072,40.269478539405796],[17.88367020497668,40.269009110830346],[17.883722727059457,40.26896233420293],[17.884073216749712,40.268615995711556],[17.884187208900567,40.26847903879496],[17.884285268726604,40.268377034660816],[17.884340657204145,40.26826760500462],[17.88441373588946,40.268125083481074],[17.884477813635282,40.267996625105916],[17.884557633112735,40.26783892133726],[17.884557385757184,40.2678114171155],[17.88464274184881,40.26738827582008],[17.884587017982234,40.26710709560349],[17.884257747424364,40.266814829607874],[17.884251033011275,40.26678876199519],[17.884239712409627,40.266741183451444],[17.884239049448375,40.26669989172036],[17.884232351803625,40.26662551102868],[17.884225173402978,40.26653317471898],[17.884223189430365,40.266504792424044],[17.884330255003917,40.26640433932509],[17.884426906636826,40.26636401366078],[17.88445906288052,40.266350047449535],[17.884371681959045,40.26631795763046],[17.884441803773118,40.266182148253606],[17.88464487033099,40.265964114211556],[17.88488481814195,40.265736481139164],[17.88510980485829,40.26561790685877],[17.885376398844812,40.26554781487885],[17.885543459999173,40.26534605348909],[17.885729446354638,40.265176547415074],[17.885920189535838,40.26508759820412],[17.88630975724481,40.26465955051737],[17.886762018920304,40.26419517621297],[17.88744547646106,40.26356260116425],[17.88730142429316,40.263426462700835],[17.88743182953548,40.26323793253891],[17.88742855920866,40.26309543845534],[17.88745958521977,40.26274211751354],[17.88730072538262,40.26236186432207],[17.887134404996825,40.26205776270873],[17.88723525052115,40.261964281903154],[17.88704715209232,40.26185214472388],[17.887311149225308,40.26155810697213],[17.8874334183389,40.261602170848974],[17.88765984623851,40.261376467096134],[17.887995500091364,40.26121367874922],[17.888314477154175,40.26121871870218],[17.888628347229464,40.261420429990515],[17.888905264016945,40.26157741959034],[17.889022094725366,40.261580267707345],[17.889095839365602,40.26155076529492],[17.889828729502888,40.26101738031978],[17.890052860181488,40.26075998813985],[17.890376162696366,40.260348980020716],[17.890706777957142,40.260218692298984],[17.89075104357746,40.26021526374828],[17.890774921385763,40.260249478939265],[17.891082251980173,40.26004358976557],[17.891010344560893,40.25984240653186],[17.890986699674162,40.25978395912458],[17.890944056624203,40.25969601340446],[17.890662604311697,40.25907443346896],[17.89047309528615,40.25871243168926],[17.89049378214076,40.25867477833424],[17.889781119031177,40.25853174856204],[17.889807866873685,40.25848970817085],[17.890507556560124,40.25864970587277],[17.890701473461693,40.258296741304505],[17.89000746485024,40.25806314053817],[17.89003816344291,40.25803221381833],[17.890095159728443,40.2579827988667],[17.890718709599415,40.258265368054424],[17.89092435832356,40.25789104431522],[17.8906951212548,40.25746700721533],[17.890459913760488,40.25742254921849],[17.89047729051753,40.25736715861789],[17.890719817128,40.2573956717957],[17.890887935147617,40.25699243828058],[17.890895774401418,40.256960857696555],[17.890689298822146,40.256864556679204],[17.890714110953464,40.25684550540557],[17.89092684626289,40.25694954999637],[17.89170294625998,40.256552141956334],[17.89173415548458,40.25652473065758],[17.891342777106644,40.25610967849693],[17.891010634548614,40.25625781041609],[17.89040484468187,40.255811882923894],[17.89038580131776,40.255788274091664],[17.89024814348117,40.25575105645483],[17.890397446472637,40.25576179660585],[17.890499512308292,40.255382156939824],[17.890551476389394,40.255234078969806],[17.890560369141028,40.255199221120066],[17.890640062812384,40.25506941149438],[17.89089824007385,40.25495634389756],[17.89063071794191,40.25479387269382],[17.890587979100673,40.25478766674733],[17.890528352323297,40.25479466319743],[17.89047580342581,40.254808250083634],[17.890405245963528,40.25480300897526],[17.890359449603633,40.254808934187096],[17.890328729055742,40.254823209682314],[17.89031873675921,40.25487691870175],[17.890279974063585,40.25491696909133],[17.890245091149158,40.25497395550589],[17.89021491163034,40.25504528744803],[17.89015460359113,40.25500594471262],[17.8901956799167,40.254881282417195],[17.890230302074304,40.254783250345454],[17.89015636529946,40.25467002127429],[17.890079971855055,40.25466587575146],[17.89009333766746,40.254632113814665],[17.890146317124888,40.25462916531493],[17.890129152298396,40.25458353283005],[17.8901552414018,40.25454814529527],[17.890193056132052,40.25441856349847],[17.890270670575738,40.25434784070707],[17.890356327330643,40.25427538181328],[17.890503755036168,40.25422225314606],[17.890594489266547,40.25421332222127],[17.89077856064609,40.25420671239286],[17.89082850501668,40.25426048016358],[17.89081022024538,40.25434099690855],[17.890774788731985,40.25460175917345],[17.89081530932705,40.254779432829594],[17.890852673725114,40.254857372152244],[17.89095503386346,40.25490579876001],[17.891003821637852,40.25489377980986],[17.89106547693979,40.25490803652174],[17.891096852332144,40.254922260183214],[17.891157352654904,40.254933633591314],[17.891209397763692,40.254945660974144],[17.891190220711835,40.25497093702938],[17.891436773592,40.25508625921076],[17.891710116809147,40.255263025074925],[17.89173409196638,40.255339205643374],[17.89166942716344,40.255459222368906],[17.89159503243572,40.255586697979],[17.891612103796085,40.255704213040055],[17.891437989740975,40.25592146805783],[17.891369479750303,40.255995292745354],[17.891394370466585,40.25607201663074],[17.89181157581978,40.25654323998717],[17.891848666917813,40.25654534382938],[17.891917468323513,40.25650527331445],[17.892562014869743,40.25668801921896],[17.892971426710314,40.25689611577834],[17.89314673661632,40.2570557433254],[17.893236612659578,40.25723957318405],[17.89370620536706,40.25709898566978],[17.893723426094034,40.25714475798756],[17.893223975860387,40.257300126912234],[17.89331803244922,40.257597714390606],[17.893323724128958,40.25771329544677],[17.893672144269257,40.25804779343662],[17.893999761529034,40.25818331075159],[17.894231304465524,40.25840365173309],[17.894271775562984,40.258665773100596],[17.894029572568908,40.259098162928844],[17.894192274800396,40.25938804880621],[17.894585461569744,40.25963823455541],[17.895006285138532,40.259709115969855],[17.89554108216223,40.2597105995303],[17.895964521976474,40.25953043408787],[17.896170614679978,40.25962461015573],[17.89714956737194,40.259479215568234],[17.8975725834714,40.259331311980226],[17.897823637866956,40.259257132405004],[17.898019818310065,40.25928474871373],[17.898237516331132,40.25931069663297],[17.898591252776587,40.259238071474456],[17.89868467729057,40.25921655430997],[17.899192508564294,40.258993993187175],[17.899530762687725,40.25885119271995],[17.8997845753868,40.258774415794484],[17.899798986918096,40.25881224837821],[17.899865672657388,40.25878742359746],[17.89995839260374,40.25878588505677],[17.90017188260566,40.25874438582002],[17.9003867790769,40.258749135458636],[17.900541641261785,40.25869906145875],[17.900886385538403,40.25858192364633],[17.901243387362257,40.2584400436887],[17.90197314992216,40.25801707061661],[17.90211578675561,40.25795330844238],[17.902346430261126,40.25775432005939],[17.90279017744166,40.25751534083187],[17.9028609136089,40.257428928991075],[17.902958706573298,40.25736964110059],[17.903318775170938,40.25711916645396],[17.903538105292167,40.256941082650634],[17.904432402894066,40.25620080901496],[17.90472678613149,40.255749736085356],[17.90487765355021,40.255516776981004],[17.905004474915454,40.25524285965479],[17.90550970716667,40.254589858165566],[17.905555329892188,40.254562066822466],[17.90564040297879,40.25458257329355],[17.90580399781962,40.254467104519605],[17.905853400561643,40.25438049480106],[17.905919219839447,40.25434040014184],[17.90608924214422,40.254104406961915],[17.90621321647065,40.25397345531061],[17.905613712670814,40.2536428823555],[17.905449702150598,40.253823332668176],[17.90466230672305,40.253445475681445],[17.904375125732425,40.25330478559953],[17.90473326919344,40.25274884493901],[17.90498934343118,40.2528538822828],[17.904974325266625,40.25288121710792],[17.90474702053551,40.25279417052532],[17.904425509202667,40.253286602750116],[17.904833746033663,40.253485705400024],[17.90503224916531,40.25324905098399],[17.90505979328724,40.25326951508776],[17.90486928586277,40.25350792850894],[17.90521353423929,40.25367511917376],[17.90539405143059,40.25343747933354],[17.90541959327692,40.25345453073338],[17.905251275326616,40.25369410517713],[17.905438886205328,40.25378848509188],[17.90584271579499,40.2533550896246],[17.90518215742892,40.25299713325265],[17.90520610466179,40.252978621723756],[17.905890512212906,40.25335257005517],[17.905647950252103,40.25362000442133],[17.906282509240317,40.25395737243232],[17.906341198334243,40.25394330276177],[17.906500382728478,40.253820323631714],[17.906664915659874,40.2535851135061],[17.90680143575261,40.25341987949174],[17.906877766722573,40.253198649769985],[17.90692748768413,40.25305799403185],[17.906950651683694,40.253031216510244],[17.907027670062767,40.252922847940866],[17.907094290363474,40.25289635805165],[17.907161207208148,40.25283882609876],[17.90726644543671,40.25271884242532],[17.907318505801307,40.25251362464818],[17.907354444975034,40.25239797438563],[17.906574821613773,40.25216108378056],[17.90649571283587,40.25228495422413],[17.906334891418197,40.25262458822841],[17.905903742202902,40.2525105364119],[17.905924596101183,40.25248036948071],[17.90597746376933,40.25243971783567],[17.906270884539385,40.25257372791825],[17.9064266582381,40.252266073855374],[17.906084993062105,40.25217265569079],[17.90609341955983,40.252137743137894],[17.90641772204125,40.25223212179582],[17.90652673173615,40.25202416264363],[17.906219967769722,40.25189598828265],[17.90624327268278,40.25186087357585],[17.906634376335703,40.25198715085084],[17.90679105440468,40.251682763100064],[17.906007783426872,40.25146518338994],[17.90555242833533,40.25234270812173],[17.905484900006886,40.25234313735345],[17.905988020757153,40.25140961874],[17.90683466717097,40.251660346127615],[17.90667056019154,40.251993746920874],[17.906599681312198,40.25213774271813],[17.90741963166,40.25237133301059],[17.907524473358894,40.2520677179463],[17.907618869793655,40.25189404637729],[17.90762592779639,40.25185074897707],[17.907640350087096,40.25175912018069],[17.907647318478347,40.25170975577674],[17.9076980172737,40.251656312706096],[17.907799245538182,40.25154960329595],[17.908039021234444,40.25112187219569],[17.90798091751208,40.251098293553355],[17.907871615925295,40.25105393802309],[17.907909874096514,40.250977389266154],[17.907107025595664,40.25062835219774],[17.90718522231127,40.250515225495974],[17.907240583917638,40.25053472016627],[17.907178784185426,40.250619215237954],[17.907506244230117,40.25076858966503],[17.907931825845957,40.25093346659431],[17.908080645744565,40.25071219856008],[17.90820834355703,40.250515530079596],[17.90737575316985,40.25020662423586],[17.90702205758546,40.25007942850086],[17.906769551271477,40.2504594528149],[17.90689227344814,40.25050702842994],[17.906880796962078,40.25053765749177],[17.90671839132881,40.25047174879633],[17.907044796629222,40.24998131161147],[17.907082630570482,40.24999740885173],[17.907040303669397,40.25005303261047],[17.908220442011917,40.25048961108835],[17.908345207693014,40.25030159893818],[17.908361724744267,40.25027943818343],[17.908092307480988,40.25019133151184],[17.908046996782996,40.250170795620726],[17.907988648767574,40.25014423446233],[17.908088016885134,40.25016497054537],[17.908107341662824,40.250127251043594],[17.90806044244571,40.25011304816268],[17.908065684138997,40.25007636041298],[17.9080150120774,40.2500570965836],[17.90804000667712,40.25002303915634],[17.908263383996733,40.25010978870242],[17.908517350058933,40.25021050646897],[17.9086198630554,40.25002541154079],[17.90730006877171,40.24961682042936],[17.907128148107535,40.24990014108037],[17.90709026332841,40.24989070892062],[17.907226371666646,40.24966603051675],[17.90739038043931,40.24939874192451],[17.907427827953505,40.24940487646029],[17.907345551661315,40.249547662728915],[17.90758647711804,40.249632829907384],[17.907646717950666,40.24965149348263],[17.907718026586725,40.24969300502479],[17.907758983811927,40.2497055021353],[17.908701112484945,40.2500213997172],[17.908750045037824,40.25003359311414],[17.90880277119674,40.24999021954705],[17.908796466573545,40.24989554605479],[17.908836258985875,40.249703320923814],[17.908921221522238,40.249594426515685],[17.90900678662909,40.249478347608104],[17.90909811051578,40.24940583469035],[17.909078636753215,40.24934073223775],[17.909082876543295,40.24930233735518],[17.9090871526497,40.24919375787021],[17.909105045690975,40.24914121849031],[17.909187995374037,40.24905932512265],[17.909197547695083,40.24899479692223],[17.90920754987238,40.248940400818505],[17.90923491093388,40.248783379384264],[17.909250949849298,40.24866973906036],[17.90926217888815,40.24859018943669],[17.909296318802074,40.24856969823509],[17.90937000439538,40.248516462155216],[17.9093993945151,40.248496365650794],[17.909391847090266,40.2481507714187],[17.9093825927249,40.24809423001943],[17.909358129823815,40.24794307236675],[17.90935047478529,40.247895335675665],[17.90933081597083,40.247777856135066],[17.90945537098051,40.247434397878244],[17.909599610952714,40.247116301610795],[17.909702647718508,40.24669791329702],[17.909724873713753,40.24647850267292],[17.90969376800448,40.24634887812595],[17.909774230591182,40.2462177308633],[17.90990597873615,40.24587562393565],[17.90990772783768,40.24581838950597],[17.90995889249463,40.24553606616501],[17.910104371243307,40.24531816406944],[17.91010995684559,40.24528164473813],[17.910112301299392,40.245232607765544],[17.910120706245795,40.2451426724761],[17.910127515201353,40.245112354229605],[17.910248118464793,40.24457529836796],[17.910293576088673,40.24432000217563],[17.910318932628176,40.24420114188663],[17.910339584246575,40.24404667971993],[17.91045098835536,40.243979586826356],[17.910522427171014,40.24363235713829],[17.91056227672135,40.243441210114995],[17.910361460473233,40.24323572973801],[17.910361740733624,40.24318850210573],[17.910362592663198,40.243044568606855],[17.910288781451726,40.24284124104711],[17.91029851851554,40.24281198405816],[17.91031154102164,40.24274281476758],[17.91033389883087,40.24264632053169],[17.910352807671813,40.24257729859154],[17.910360069402717,40.24253451679771],[17.910325802715107,40.24249419233603],[17.9102692143566,40.24242689424253],[17.910285087215566,40.242381215905944],[17.91030534052393,40.24232293369148],[17.910409723676587,40.24228859441206],[17.910464664264758,40.24208577464782],[17.910559481530704,40.241826647240224],[17.91059278302863,40.24167429911643],[17.91059923214424,40.241643888325285],[17.910557452978495,40.241627089548224],[17.91042184921479,40.24156932007403],[17.910339664363885,40.24152877482521],[17.910248217428386,40.241489226269366],[17.910160370384368,40.24145192310841],[17.910127177510894,40.241439558744595],[17.910083765875445,40.24142180568356],[17.910032635223164,40.24140313302033],[17.90990119021429,40.24135139638613],[17.909761750296596,40.24129511524174],[17.909694234768452,40.241383528314586],[17.909475607689682,40.24133048124935],[17.90942469347359,40.24132065379056],[17.90930726011227,40.2412964848464],[17.909255864619844,40.241284924182864],[17.90879360800269,40.24122639604236],[17.90872052707991,40.24120753975677],[17.9084327139466,40.24112485841993],[17.908263351455595,40.24114390161432],[17.908099406832335,40.241113524375564],[17.908091560006422,40.24122017504127],[17.90790459119048,40.24124817120112],[17.907873221275565,40.24113371508878],[17.907830948067925,40.240979480204956],[17.907802637063938,40.240876183782085],[17.907757247056896,40.24086752473085],[17.907671934373216,40.2408609123483],[17.907671423330072,40.240912652895226],[17.90770284771599,40.241119959282415],[17.90769476148182,40.24114756295774],[17.907626028110176,40.24138218387894],[17.90757362882696,40.24149622009804],[17.907521058892513,40.24161062651607],[17.90748249826502,40.24169454277454],[17.907518443809582,40.241833373158975],[17.90746356700722,40.24201746499509],[17.907464197704133,40.24206462377801],[17.907466541056635,40.24223977887968],[17.907498259162878,40.242457614450835],[17.907521770142893,40.24250974078098],[17.907568790835338,40.24261399172541],[17.90754350245481,40.24277780506588],[17.90740482388157,40.24286049909093],[17.907167194386528,40.24286033886624],[17.906859155167,40.242860129231566],[17.906593540956965,40.24295899676796],[17.906412429664652,40.24303341210662],[17.906469285818257,40.243128658607624],[17.906164538264544,40.24341980604408],[17.906229659448382,40.24382387628161],[17.906173737606245,40.24396309167887],[17.906146513637363,40.244030866318575],[17.906045724972554,40.244119138000606],[17.90605601441109,40.24419701694561],[17.90589465634351,40.244434329183534],[17.905834954498417,40.244522134048566],[17.905625473474828,40.24466291464058],[17.905212741071885,40.244608619278075],[17.905049623685134,40.24459519415926],[17.90483312207007,40.244577374926735],[17.90445657154028,40.244557604876064],[17.90433315620753,40.2445554643587],[17.904294413272197,40.24455547168239],[17.904173745652393,40.24467123406262],[17.90418700787981,40.244793840732726],[17.904029357384232,40.24482180463818],[17.90401185097351,40.24501948308403],[17.903973508008338,40.245131855828646],[17.904031983506982,40.245197005701655],[17.903976167786094,40.245307448128315],[17.903728767595183,40.245366640091135],[17.903502215364515,40.24552233574735],[17.903411231678817,40.245526198574346],[17.903184498479654,40.245532490929975],[17.902827729432925,40.245569716179794],[17.902478387216885,40.24565019668829],[17.902264022996317,40.24574482557091],[17.90197063633504,40.24595932480011],[17.901905400268646,40.24609251689053],[17.901843657746298,40.246209647532524],[17.901850749347236,40.24628134587088],[17.901859267422783,40.24632314193797],[17.90187296690916,40.24646369245351],[17.901775382434444,40.246544449471024],[17.90173809476866,40.24657530818501],[17.90140734642586,40.24660320368761],[17.90121707694808,40.24667298738315],[17.901127538286186,40.24670582666882],[17.900892099196838,40.24676679350126],[17.90075340370377,40.24684948209038],[17.900700650011135,40.24691651422058],[17.900665627522088,40.24694010332731],[17.900587501610744,40.24699272588313],[17.9006071577242,40.2470983536739],[17.9004639637908,40.247301279486734],[17.90044579624227,40.247385861479614],[17.900209991580624,40.247399649193994],[17.900135008004764,40.247364999648276],[17.900097516361328,40.247347675743946],[17.899945890512505,40.247332455940025],[17.89985751069465,40.2474629445658],[17.899667941925784,40.24751585674775],[17.89957956145435,40.24760191845889],[17.899557579373568,40.247623323730984],[17.899382003769883,40.247794289515255],[17.89917435537641,40.24779914842026],[17.899011847175718,40.24774595242559],[17.898968920233923,40.24773190080194],[17.89891067925617,40.247827498363904],[17.89889417533003,40.24785458788705],[17.89934163601785,40.24817732071602],[17.899578878788454,40.248152183469216],[17.899708429436078,40.248203224738916],[17.89975527587528,40.24822168121139],[17.89974964989276,40.24851060371835],[17.899712795342133,40.248610920634825],[17.89965214339569,40.248773677488686],[17.899529986161813,40.24884833872719],[17.89932103598844,40.24895445511873],[17.899272634264722,40.24899417564616],[17.899186043620798,40.2490652358095],[17.899151633361022,40.24909347347137],[17.899062661397185,40.249219511633044],[17.898854330904076,40.24935255465633],[17.89863922717249,40.24936764518362],[17.8985491164212,40.2493739677693],[17.898334478294846,40.2493703743746],[17.898144343548374,40.24953123000799],[17.898087276856145,40.24957611584309],[17.898092941788054,40.24963353824417],[17.898099861757846,40.24979319037007],[17.898022681898794,40.249805481582776],[17.897714833202436,40.24985450648586],[17.897541041113264,40.24993808650873],[17.897436213731414,40.2499885001926],[17.897357168979735,40.25004183395351],[17.897161444147205,40.250173896994795],[17.89698352923809,40.250159586943255],[17.896876778911373,40.25015100088335],[17.896681165585402,40.25024708804546],[17.896480624676347,40.25035030065345],[17.896422973861558,40.25035806861467],[17.89616642965889,40.25039263419095],[17.895865012353305,40.25054657695252],[17.895528938386065,40.25060838562593],[17.895282359836262,40.25060732728838],[17.895226585552333,40.2506070876679],[17.895267010767753,40.250492841148265],[17.89535597800734,40.25024056332414],[17.895374672021124,40.25019463028202],[17.895517829557257,40.24976851668876],[17.895528291907187,40.24973398744733],[17.89563431185925,40.24938408368569],[17.89568793312092,40.249266537759986],[17.895894698324962,40.24880641694175],[17.895923120819965,40.24876074781619],[17.89595608968564,40.24857686445945],[17.895983776054067,40.248551891327736],[17.896160573498214,40.24839242179855],[17.89649674352536,40.248094368072586],[17.89664767820945,40.24788839039504],[17.896678291772464,40.247846613813486],[17.89677267640984,40.24771780844603],[17.897128975759323,40.2474562877675],[17.897226181085127,40.247385415395584],[17.897290881460776,40.24734885109701],[17.8973905812337,40.247293997520515],[17.897550732097642,40.2471998794307],[17.897559941733803,40.24716717718663],[17.897593782870874,40.24698203364777],[17.897623570915187,40.24690998241753],[17.8976461310428,40.24685967075571],[17.89767103942991,40.246789466101845],[17.8977101152847,40.24677114225165],[17.89785588581219,40.246702338096995],[17.897889942339738,40.246686776183246],[17.897927884744174,40.24666840074341],[17.897984874254476,40.24656911335477],[17.89808857807193,40.24638844101598],[17.89811153383209,40.24634844550392],[17.89814051193665,40.24632811406389],[17.898179349809638,40.24629766146053],[17.898309089766194,40.24620050368304],[17.898564406021187,40.24622342281335],[17.898758344109318,40.246181413654476],[17.89883041129914,40.24597414508919],[17.898887350993643,40.24591947767374],[17.89914726943229,40.24563873400808],[17.899348743004417,40.2455871479151],[17.899523193497174,40.245493667596975],[17.89957265980588,40.24545165615003],[17.899702376590472,40.245332690843725],[17.899787387939252,40.245087818926585],[17.899905165132097,40.244996074726124],[17.899946926810426,40.244963053421586],[17.900010240168005,40.24478797207989],[17.900021289592846,40.24474548514176],[17.90005245418049,40.244651401059215],[17.90021446301671,40.24447680625419],[17.90024929601687,40.24442258614374],[17.90031902372662,40.24431525429883],[17.900409229654823,40.244176400065356],[17.90049579065796,40.24410379856715],[17.900609056161578,40.24400130315045],[17.900707382321308,40.243964247477045],[17.90085507026763,40.24391280531675],[17.900842673279453,40.243865493129945],[17.90083493706789,40.24382720970474],[17.90082799868076,40.24379325331885],[17.900850792005457,40.243746633088946],[17.900879701814855,40.243678930288],[17.900900057950842,40.243628062466506],[17.900961372273983,40.24358973833666],[17.901063497550457,40.24353048736902],[17.90117104003235,40.24345868722689],[17.90130587070068,40.2432804724515],[17.901359284241877,40.243248645885544],[17.901589869439473,40.24312049138595],[17.90179458120411,40.24291579042581],[17.902203776840647,40.24254911713298],[17.902391012323037,40.242500878044076],[17.90257187304821,40.24264870277455],[17.902685626581842,40.24276661406781],[17.9027818197591,40.24286395790824],[17.902896835723134,40.243019791075724],[17.90309277707576,40.243041373980354],[17.90321189639911,40.242956004690704],[17.90326285805905,40.24291874484854],[17.903387026375054,40.24291863153056],[17.90345953684779,40.2429034907949],[17.90354675478754,40.24285866126381],[17.903724181037198,40.24282233957093],[17.903698867253603,40.242647020777014],[17.90373800887372,40.242520272245386],[17.90380210074383,40.24240944082362],[17.90374144336613,40.24235822825937],[17.903797231319782,40.242263496000334],[17.903954469544885,40.24218468634126],[17.90413706200499,40.24220383023535],[17.904267450975034,40.242250814426875],[17.90452753141792,40.242292497049704],[17.904755561385965,40.24227956738696],[17.90483610302251,40.24235842877775],[17.90500327387816,40.242274626451305],[17.905082551856516,40.24226371818303],[17.90501347294393,40.24211681623229],[17.905009513619977,40.24194582896307],[17.905017375396184,40.241864330809335],[17.905030686406427,40.24173006966937],[17.905090262694706,40.24164454459846],[17.90506978015175,40.24161864920121],[17.905016509745234,40.24155130223323],[17.904994217920628,40.24151622179211],[17.904903654041544,40.24147346666513],[17.904846869397957,40.24132561002579],[17.904830901293252,40.24116295273727],[17.904722328400396,40.241087846452935],[17.90475696343206,40.24083297716367],[17.904725385267177,40.24068792365466],[17.904644640937136,40.24054668389522],[17.90460699263856,40.240449683021275],[17.904644887808427,40.24031351500963],[17.90464341874952,40.24016136751342],[17.904613086808734,40.24002573421558],[17.904581907138255,40.239742662781794],[17.904745134844156,40.23956822406076],[17.904967953479883,40.2393748881808],[17.905099976712588,40.23929327470531],[17.905229512306835,40.23919282116333],[17.905306844251992,40.239120207574445],[17.905294478159067,40.239073585968505],[17.9053746945788,40.238881794568805],[17.905671335175718,40.23873031252246],[17.90602226814075,40.23870784617026],[17.905959885284094,40.238517601183354],[17.906195854276078,40.23809485101945],[17.906546950821294,40.23779163929051],[17.906731715819028,40.2376393175225],[17.90721808848123,40.23737319004677],[17.907604719880233,40.23738601397984],[17.907874737551666,40.23750304790097],[17.907845431329694,40.23766437635518],[17.907892839013662,40.2377356224946],[17.907919377696548,40.23777165051078],[17.90800485052833,40.237899978192054],[17.908131720349402,40.237883389569355],[17.90827547505019,40.23793025911951],[17.908307207633037,40.237943913519096],[17.90835186593167,40.23808435401412],[17.90860299638541,40.238053626248515],[17.90865691201498,40.23817307808373],[17.90884666271862,40.23815258988403],[17.908871443908144,40.23817171556048],[17.908943361669994,40.238254251832274],[17.908975177496306,40.238283069576966],[17.909020849096372,40.23832179815216],[17.909042815090313,40.23834094624489],[17.909053354740802,40.238399699617766],[17.90908736663726,40.23840214220871],[17.909273239834917,40.23839748386457],[17.909442905408753,40.23848298552061],[17.909524257792686,40.23844010044084],[17.909532384249502,40.23835459831905],[17.909536365806886,40.23828016214141],[17.909758792229255,40.23827638686427],[17.909791938090883,40.2382929191058],[17.90983969867637,40.238320576401215],[17.90988687498834,40.23834157476833],[17.909938048123244,40.23836781531449],[17.910000590080198,40.23839699044731],[17.910033030556463,40.2385254932778],[17.91004570437722,40.238575573788076],[17.91006605083316,40.23864817209486],[17.91014169105644,40.23900024691328],[17.910145173687038,40.23903287565021],[17.910150034761237,40.23906685226369],[17.910185987044308,40.23910792715939],[17.91022147949583,40.23915313078217],[17.9102531192334,40.23919721003586],[17.910274342906696,40.239225455805325],[17.910466957350245,40.23933010560972],[17.91074155543426,40.239355821590465],[17.91080969911611,40.23936071798547],[17.911103883663927,40.239302332436864],[17.911237348640874,40.2392765872262],[17.911406775976253,40.23918251018918],[17.91147587859608,40.23912297416478],[17.911566733548252,40.23904671707631],[17.91166218818501,40.23896272331718],[17.91170188830211,40.23910707196853],[17.911732667238194,40.23922914462994],[17.911685916055895,40.2393040246],[17.911561875040483,40.239501050122286],[17.911442175551983,40.23969441605936],[17.911411709307444,40.239738047860804],[17.9113220581378,40.239882529885456],[17.911299325681977,40.23991790123214],[17.911442697762773,40.23994593606564],[17.911981630001033,40.24006999437541],[17.912135396612467,40.24010382039586],[17.913201092502923,40.240146931689175],[17.915205277529147,40.240174354714405],[17.916037777523826,40.240208835678835],[17.91602253976014,40.24023803564322],[17.91597477005098,40.24032042268273],[17.91592960948806,40.240400359123996],[17.915803385116913,40.24062146769314],[17.91534576339082,40.241641596855324],[17.91493211607643,40.242572889033575],[17.91473768021883,40.243050161182715],[17.915610026830702,40.2433460016458],[17.915646075754353,40.24335822704329],[17.915710635728374,40.24338012243533],[17.915868534306725,40.2432333880306],[17.915964034187397,40.24314463936299],[17.91621957366838,40.24290786192226],[17.91642279377583,40.2427178684898],[17.916525039585665,40.24262275348267],[17.91658314117063,40.24263572758848],[17.91680903012607,40.242687867399034],[17.917127787080123,40.24276144227968],[17.917249124278527,40.242789448451134],[17.91729723274471,40.242800553087015],[17.917811740805885,40.24292018478533],[17.918541024489713,40.243133276556236],[17.919294717302925,40.24335345683991],[17.919655576114142,40.243387088415496],[17.920031296454425,40.243422105057206],[17.921635078503627,40.24494405931603],[17.92169529287587,40.24500120020933],[17.922150798424962,40.245032106216],[17.922712947467385,40.24506559645428],[17.923130067425298,40.2450919884945],[17.92301911813161,40.24535537728792],[17.922990422918264,40.24545566979962],[17.92290685683107,40.245749912495164],[17.92288920556113,40.24581206233794],[17.922864399560737,40.24589941015612],[17.922830699253044,40.24595508093124],[17.922695899497356,40.24617776114224],[17.922661299419048,40.24627936052449],[17.92258816562271,40.24649410019951],[17.922544566949863,40.24663011620637],[17.922486640544353,40.24674251953646],[17.922416752337618,40.24687813322679],[17.92233217039752,40.247042258029154],[17.922342432054425,40.24756297627792],[17.922801519229083,40.24768464472809],[17.923025278590558,40.24777751401307],[17.92309913239998,40.24780537599014],[17.92322382533371,40.247860872027815],[17.923315722596715,40.247911937988604],[17.92363548779388,40.24808962755536],[17.92370489346761,40.24813563943672],[17.92374147813047,40.248160361252154],[17.923973379601307,40.248315124967995],[17.92433007007777,40.24861218788484],[17.924363265133554,40.24863983456755],[17.924444893944806,40.24870781646588],[17.924930615533274,40.24918954416668],[17.9250019634696,40.2492471932378],[17.92503016251396,40.24927269609467],[17.925195395685606,40.249410712660186],[17.925267662137173,40.249471075770224],[17.92538575382973,40.24956529650205],[17.927517409146656,40.25073028677558],[17.927599388843632,40.25079045393668],[17.927815998890722,40.25094633748639],[17.93094600726858,40.253246477573526],[17.930621744626386,40.253518529536294],[17.930590037540593,40.25354513113602],[17.93054732440313,40.25358096571935],[17.930206440130302,40.253866551145784],[17.929821848472404,40.25418874868213],[17.929645080361457,40.25433806700009],[17.929563182937226,40.2544068102197],[17.92945276934548,40.254487913547024],[17.92779307639525,40.2557111106687],[17.926696574211647,40.25651506395732],[17.92647029721593,40.25668194857824],[17.92633200093589,40.256783943697236],[17.92605241386134,40.2569901445209],[17.92565055251107,40.25728652065503],[17.925517836086854,40.257384399739934],[17.925009981641214,40.25775894011954],[17.92497703893313,40.257783811039694],[17.924940368800755,40.25780931166828],[17.924890659420818,40.25784652453677],[17.924782875342302,40.25792720970593],[17.92455125497219,40.25809854266396],[17.92448201090321,40.258149762874694],[17.924172337587528,40.258378829543176],[17.92412026290858,40.25841734817137],[17.923871669785637,40.25860123105542],[17.923611289421288,40.2587938328737],[17.923447385396962,40.25891506988276],[17.923069261736565,40.259194762045304],[17.923027182710655,40.25922588701637],[17.922941614576544,40.25928873658414],[17.92269373515588,40.259473021984626],[17.922263265472786,40.25979218770828],[17.92196948707626,40.260013741521846],[17.921876759244,40.26007883732732],[17.921497354030897,40.26036061145536],[17.92146283216293,40.26038623270293],[17.921343910365444,40.26047448930984],[17.92099557671627,40.26073437967516],[17.920961106117534,40.26076009840428],[17.920632579594088,40.26100392119575],[17.920601662382094,40.26102843211088],[17.920372854639076,40.26120137832881],[17.920319429101436,40.261243492737066],[17.920233370798268,40.26130432659438],[17.920171590153537,40.26135284589377],[17.9200108844768,40.26147172749167],[17.919470671110602,40.26187711889712],[17.919408966302345,40.261923506266704],[17.91914305092633,40.262123416453754],[17.918703645087685,40.262453747644564],[17.918669210327472,40.26247963469079],[17.918573320553765,40.262551721122946],[17.91823156236823,40.262808640692874],[17.918039581026573,40.26295296245819],[17.917989405581068,40.262990682621236],[17.91764501468474,40.26324957649912],[17.91756454610062,40.26331005063129],[17.9170321274754,40.26370881204791],[17.91641925942559,40.26416781916483],[17.91609802804199,40.26435687231899],[17.91537176777074,40.26477789907141],[17.91529048995515,40.26482699340509],[17.915118633571023,40.26492703998145],[17.91507782260629,40.26495079836545],[17.91498177082297,40.265007365739194],[17.914931548573076,40.26503606501609],[17.914564217298892,40.26524979392313],[17.914403342888498,40.2653434448905],[17.91424001407316,40.26543955579374],[17.91330022408324,40.2659856072544],[17.91324271111541,40.26601908735579],[17.913160976761745,40.26606637778064],[17.91289049707562,40.26621776284936],[17.912798217683005,40.26627438262714],[17.912568243447435,40.26641232241157],[17.91229648743423,40.26658534333646],[17.91222592763356,40.266626850522144],[17.91195388531034,40.266786879957145],[17.91188952474041,40.26681627469597],[17.910965567693985,40.26739216959956],[17.91091485419818,40.26742319735306],[17.910881194186345,40.26744379331427],[17.910731444885528,40.26753184957059],[17.910350987128975,40.267761452666136],[17.90985908523638,40.268058151634285],[17.909649048001146,40.2681852100876],[17.909364569696848,40.26835730033116],[17.90920256888726,40.26845529750886],[17.908869653851713,40.26865668578407],[17.908815825669965,40.268693013216094],[17.90862278706986,40.268806018951615],[17.908372836392132,40.268963168384865],[17.908284133546587,40.26901309864436],[17.908008984507607,40.269179610523274],[17.907443782146373,40.2695213287193],[17.90740207513206,40.26954265790756],[17.907363864370083,40.26956578387552],[17.90719268359857,40.26966835725982],[17.90705763722989,40.26975248587028],[17.90690004683134,40.26984788973702],[17.906678316594125,40.26998141276569],[17.906645385089362,40.270001243356276],[17.90447109169377,40.27130728037638],[17.9041074364447,40.271525034372125],[17.904072973296234,40.27154527801426],[17.902840766343616,40.27228466703982],[17.902341452384757,40.27258438304629],[17.90230237590421,40.27260384563274],[17.901753163026,40.27293750183943],[17.901481297663594,40.2731006860244],[17.901296364640242,40.273211690924605],[17.90120217278435,40.27326878285671],[17.90107113111879,40.27335054675094],[17.90100582300429,40.27338933098006],[17.90078783293633,40.27351638560314],[17.900760547076725,40.27353198939682],[17.900664602499358,40.2735974452921],[17.90062951788037,40.27361633341118],[17.900587272394993,40.273642088220626],[17.90049206674777,40.273698926415214],[17.900295221443763,40.273816845718684],[17.89903378192585,40.27457249089693],[17.898910033059884,40.274646220149975],[17.89848928618498,40.27490175253474],[17.898046319440844,40.27516540018927],[17.897946777664856,40.27522533933699],[17.897403061438478,40.27555273456519],[17.897195245990513,40.27568217438225],[17.896859340876283,40.27588012767855],[17.89632167928453,40.27620270921865],[17.895552766361586,40.27666645084109],[17.893595869319945,40.277846633358635],[17.893342940722057,40.27799808735873],[17.893100164037158,40.27814632461441],[17.893050131967804,40.27817687393943],[17.89290421068026,40.27826148495116],[17.892506643561163,40.2785041997709],[17.892047145425117,40.27877748216522],[17.891420554812996,40.27915598689569],[17.89119535553803,40.27929146496165],[17.89087756649178,40.27948261293214],[17.89062249256093,40.27963603209032],[17.890500840787286,40.279709555199084],[17.890333634869044,40.2798095766513],[17.889790176682492,40.28013777360496],[17.889688045030464,40.280199717508545],[17.889476236623853,40.28032409412401],[17.889243031657102,40.28046264699224],[17.88919444553067,40.28049217814239],[17.889155014213173,40.28051693049432],[17.888699601179983,40.280782898806784],[17.888589150148025,40.28084371106668],[17.888156365719077,40.28109783681619],[17.88770714989066,40.28136160849322],[17.887611564184876,40.281417732203316],[17.88706675957313,40.28173762536266],[17.88682513303287,40.2818794998424],[17.88652707997699,40.28205223931624],[17.886105847239786,40.28230076949027],[17.88606692177555,40.282323677884186],[17.885973654135057,40.282381817555574],[17.885943784753703,40.28239662529914],[17.88585649090473,40.28244716996794],[17.88555024414941,40.28262467318257],[17.885435388721003,40.28269317713632],[17.88521982779006,40.28282204770025],[17.885055223892476,40.28291734822891],[17.88488805437038,40.28301570208808],[17.884426133458412,40.28328701456864],[17.88434287302799,40.28333668931648],[17.884175618881873,40.28343442649346],[17.883798076774283,40.283655873752295],[17.883294079751064,40.28395149696318],[17.883253050849813,40.28397543857121],[17.883029086014844,40.284107560632606],[17.882854647876663,40.284210686966],[17.8827874202574,40.28425183718947],[17.881579905491023,40.28495611083026],[17.879715272811108,40.286026558156074],[17.878889393483917,40.286500660508715],[17.878823631500044,40.286539293378894],[17.877841532631685,40.287102175216305],[17.877529303341692,40.28721198036419],[17.876009190396726,40.287750457584636],[17.875589594381147,40.28789701326657],[17.87555273814819,40.28791002888709],[17.874991764309225,40.28810813399892],[17.87469385911506,40.288213335930756],[17.874430786875056,40.28830623759409],[17.873869804565977,40.28850433887231],[17.873297599923493,40.288706400130074],[17.873143257626584,40.28876034323911],[17.87301427987493,40.28880628258927],[17.87210877065197,40.289126430708166],[17.872002565332156,40.28916549123227],[17.871629826040017,40.28928974588334],[17.87143558948346,40.289364432582296],[17.87106492997562,40.28949547639913],[17.870503957755606,40.28969379992198],[17.869942980774614,40.28989212201822],[17.86990103475118,40.289907020986796],[17.86985809030906,40.28992433232906],[17.869572925028372,40.290022945390575],[17.869141866923943,40.290175332688946],[17.869068540011614,40.29020125452301],[17.868689145576248,40.29033537566032],[17.868495455682844,40.290402184978575],[17.868457753062337,40.29041717546703],[17.86666680568867,40.291050269304726],[17.866460393000416,40.291126677009736],[17.866017407816212,40.29129065492526],[17.865894777296536,40.29133604844247],[17.864766616262035,40.29175364045975],[17.864117685856648,40.29199383825931],[17.86408371877154,40.29200641041792],[17.863397366710817,40.29226045208344],[17.863364452542438,40.29227264868047],[17.86320512195294,40.29233169370609],[17.863001013046823,40.2924073320196],[17.862703247325637,40.29251767743209],[17.862462470904457,40.29260690346725],[17.86241511727287,40.29262629611171],[17.862368389179746,40.29264343018687],[17.86209866302566,40.29274233091605],[17.861956906484586,40.29279430910464],[17.86166178625498,40.29290252150046],[17.86153864212994,40.29294829630423],[17.861493861957772,40.292964941529675],[17.861444462687913,40.29298176982789],[17.860561557638313,40.29330893052624],[17.860029587220424,40.293505762392634],[17.859983567000484,40.29352272577139],[17.85978613146801,40.29359584078407],[17.858159083721187,40.2941485513869],[17.856489876600012,40.29471573267713],[17.856433801617538,40.294735795896656],[17.856155450347917,40.29482921137539],[17.85587959937071,40.29492206279111],[17.85552291201312,40.29504212297483],[17.855421798075316,40.29507690090978],[17.855355882528244,40.2951002739329],[17.855203012646395,40.295154478081386],[17.855106112593383,40.2951878066099],[17.854874101341423,40.29526527957784],[17.85481511894636,40.29528556633252],[17.85466620786034,40.29533639534987],[17.854624808731966,40.29535644946685],[17.85429589512005,40.295467248612084],[17.854218741052268,40.29548537967999],[17.853993993390723,40.2955602286495],[17.85365345322548,40.29567192380145],[17.850472773114348,40.296733965797316],[17.84963233112648,40.29701457400786],[17.848946783013897,40.29724345904855],[17.848738582381596,40.29731297025121],[17.84844281069326,40.29741171818814],[17.848066947065153,40.29753720399104],[17.847558258191263,40.297707032357884],[17.846094436347975,40.298195720393366],[17.84532541604354,40.298452442417855],[17.845272195246423,40.29847020941743],[17.845198407585833,40.298494841617746],[17.844829048892127,40.29861707125775],[17.844085572954164,40.298880880614355],[17.844030334748474,40.29890041479556],[17.84375951219232,40.29899618793785],[17.843178312269778,40.29920010760083],[17.843134197873404,40.299217320345555],[17.842741196937137,40.299356294660264],[17.842698385896025,40.299371433945026],[17.841241925573627,40.29988646045783],[17.84119905995528,40.29990161868402],[17.840779307147123,40.30005004501487],[17.84008848338501,40.3002943183453],[17.8397593164472,40.30041070890526],[17.83971372952474,40.30042682792688],[17.839225952719136,40.30059929856459],[17.839065181174686,40.300656143042836],[17.83578795434599,40.30181484309498],[17.834969355489985,40.30210424872656],[17.83489628175561,40.302129888624755],[17.834014664472413,40.30244175696944],[17.833940284319414,40.302468052542174],[17.833074669529637,40.30277406009926],[17.83293649188421,40.302822999411184],[17.832892143322045,40.30283866437435],[17.83233109279595,40.30303691847289],[17.832198730080886,40.30308553531034],[17.830306972205907,40.30375242376331],[17.83018037770217,40.30379717208728],[17.827294203441824,40.30481731568976],[17.82683274427278,40.30497990968433],[17.82628349700476,40.30517343315292],[17.82590281950723,40.305306266747195],[17.824274320801308,40.305881319037795],[17.824086265300885,40.30594748298377],[17.82391223391407,40.30600864420856],[17.8237014307597,40.30608272869757],[17.823350842045983,40.30620593723042],[17.822789446359096,40.3064032269478],[17.82221541442384,40.30660495539235],[17.822066006012832,40.306658060566974],[17.821666925128923,40.30679995274533],[17.8211058094724,40.30699945551125],[17.820544689847786,40.30719895408882],[17.820452667213317,40.30723167127812],[17.82004392293934,40.30737699284607],[17.819981133538576,40.307399316141506],[17.819909398624926,40.307424363590236],[17.819497804956338,40.307568074091996],[17.819422018735256,40.30759474452987],[17.818858543935377,40.307793442126886],[17.818819479905738,40.30780678483677]]]]}}]}
