{"type":"FeatureCollection","metadata":{"code":"081001","referenceDate":"2026-01-01","sourceDbfExportDate":"2026-02-18","upstreamArchiveUrl":"https://www.istat.it/storage/cartografia/confini_amministrativi/non_generalizzati/2026/Limiti01012026.zip","sourceManifestSha256":"70ac8256c4785dc6ed2814c32b6965ae76f9161b51abaa1660059e1c6cbd8ca6","license":"https://creativecommons.org/licenses/by/4.0/","attribution":"Istat, Confini delle unità amministrative a fini statistici al 1° gennaio 2026, versione non generalizzata.","modifications":["Converted from WGS 84 / UTM zone 32N (EPSG:32632) to RFC 7946 WGS 84 geographic coordinates.","Converted from shapefile to per-municipality GeoJSON without geometry simplification."]},"features":[{"type":"Feature","id":"081001","properties":{"code":"081001","name":"Alcamo","alternativeName":null,"regionCode":"19","regionName":"Sicilia","territorialUnitCode":"081","territorialUnitName":"Trapani"},"geometry":{"type":"Polygon","coordinates":[[[12.979039036154147,38.038253965439615],[12.978830971202589,38.03841383206322],[12.978572983093896,38.03861205495542],[12.978472610517317,38.03866811718539],[12.978353449754367,38.038734660514685],[12.978252963052618,38.03879078768223],[12.978222287228988,38.03880791670253],[12.978149768763624,38.03884842432448],[12.978099697503863,38.038876387422164],[12.978006423254747,38.038928500272704],[12.977582803724982,38.038992388022514],[12.977473503025,38.039234800850544],[12.97743909601096,38.03967734002985],[12.977380895238715,38.03987531716313],[12.977358879669056,38.03997438181466],[12.977323542691176,38.04007041372847],[12.977250912657906,38.04016178951402],[12.977148452426349,38.04029069545354],[12.976758702373342,38.04005420179008],[12.976365937424118,38.03981587137203],[12.976113981492182,38.03966298436377],[12.975473936237345,38.039495863128074],[12.97500126588583,38.03937244086816],[12.974929336842617,38.039353659355406],[12.974896781066121,38.039327900307114],[12.97464005385832,38.039124765122885],[12.97402887471709,38.0389762462339],[12.973838390630174,38.038929956687156],[12.973788923398264,38.03891793624858],[12.973630060929604,38.03881708423403],[12.97345089119806,38.03870333958324],[12.973242562602673,38.038571081133085],[12.972818942328619,38.03846735639739],[12.972281162026524,38.03836168270493],[12.97204622186066,38.038296951811795],[12.972015781583163,38.03828856444986],[12.971735614739321,38.03821034408157],[12.971517009813004,38.03812497873252],[12.97140550094865,38.03808143376147],[12.971155697544969,38.03800007146928],[12.970936947406752,38.03792882302487],[12.970409245575741,38.03775694414754],[12.970357353934464,38.03774126157452],[12.970197780839037,38.03769303766049],[12.969954776045928,38.037590319060996],[12.969775648278404,38.03751460085881],[12.969737108446626,38.0374983097141],[12.969618164963443,38.037448031733334],[12.969157840095507,38.03729544977297],[12.968931860522499,38.03725360946974],[12.96873340024292,38.03721686436396],[12.968619979538815,38.037183932817065],[12.968033565040141,38.03701366591613],[12.967758837616712,38.03693987553687],[12.967459466993349,38.03680419565505],[12.967392089182903,38.03677366007696],[12.967247404120652,38.036708085508316],[12.966486528325172,38.03646048026558],[12.964671029970855,38.03597054835739],[12.963691929077907,38.035659458238314],[12.962881277481692,38.03542736621912],[12.961846683784314,38.0351141866058],[12.961650807024187,38.03503848497227],[12.961400784848742,38.03499196825247],[12.960904792213103,38.0347543888793],[12.960474283175449,38.034626408764],[12.960140380119803,38.03458445243924],[12.95980565273278,38.03457263096704],[12.9597257244432,38.03456748698289],[12.959335127124813,38.034468478642594],[12.95927551293951,38.03445336679051],[12.958983378187728,38.03429320713433],[12.958463364937229,38.03409739937776],[12.957835481556513,38.033947895502806],[12.957198975569492,38.033834393263724],[12.956443890469764,38.03360434852068],[12.956073451745736,38.033507532069954],[12.954290430469479,38.03300049675237],[12.953978706531048,38.03298301307926],[12.953681376530307,38.032995905775216],[12.953070577759226,38.032780404009564],[12.952374440652811,38.03263246798017],[12.952041987053232,38.032527496638735],[12.951719423531292,38.03235316213438],[12.951309759871656,38.03229781140034],[12.9500434100276,38.032107014221125],[12.949409133258564,38.03191517591028],[12.94904632157911,38.031818467516324],[12.948819170751218,38.03177233765198],[12.9484101773252,38.03169288201079],[12.947730577652182,38.031488206954954],[12.947119117867278,38.031296769538436],[12.946785424580847,38.031248754889646],[12.946336555394488,38.03123488245994],[12.945806632675295,38.031123195486956],[12.94490833869162,38.030842360614876],[12.94430435774811,38.03065705861545],[12.943999756400927,38.03065775555953],[12.943642215300326,38.030645472932264],[12.94335349813138,38.030622353325555],[12.94312585514887,38.03059426754495],[12.94290765181024,38.03050006136285],[12.942514247541968,38.03040882500147],[12.942089069066713,38.03036521501645],[12.941440936424394,38.03012489345502],[12.941060899650527,38.03010016821837],[12.940714182864651,38.029973580367866],[12.940290175763481,38.02988782701852],[12.93988933230741,38.029790411600516],[12.939360616891955,38.02963653718785],[12.938905337811454,38.029580349195236],[12.938601573253504,38.0295509191142],[12.938313552628388,38.02950369050533],[12.937580725051813,38.02929801174258],[12.937187331237485,38.029206755912796],[12.9369750814202,38.02917290285846],[12.93674725227675,38.02915082428471],[12.93656444097243,38.02915363361622],[12.9363900746818,38.02912647912222],[12.936070589473855,38.02911483279925],[12.935406429987383,38.02890432821983],[12.935116719677136,38.02891732421933],[12.934798429714899,38.028863518822675],[12.93433585843372,38.02879514195826],[12.933964297711945,38.02874040737582],[12.933481452229934,38.02858128010722],[12.93287648821956,38.028432052935635],[12.93248884897303,38.028407147125456],[12.932298930362778,38.028391759865436],[12.932035110242877,38.028296736056575],[12.93151285862304,38.028185112825454],[12.931140609498005,38.02815446711841],[12.9307325344951,38.028044845755666],[12.930209424320417,38.027963334732945],[12.929672146353829,38.027845398199155],[12.929154613924059,38.027836286174484],[12.928298867286125,38.02767056077348],[12.928078510631838,38.027654635799486],[12.927903815496677,38.027639505710745],[12.927730795172582,38.02756414324661],[12.927404737440108,38.02751622340177],[12.926971109574147,38.02750254080272],[12.926329672096594,38.02729841904607],[12.925940841942708,38.02731564769609],[12.925745354423452,38.02722784357123],[12.925372105232615,38.02723331484909],[12.923706322229197,38.0269026167772],[12.923074478506475,38.02689748291705],[12.922332419902727,38.026751803470084],[12.921440520017313,38.02651910784735],[12.920379500623323,38.026343689051984],[12.919725693624152,38.02630799285054],[12.919293442033943,38.02624611536757],[12.919020831237132,38.02619308440159],[12.918733000900092,38.02613978616037],[12.918534108581747,38.026172398929624],[12.918397634247336,38.026151921659846],[12.918314767394788,38.02612031936614],[12.918049598389326,38.026073439532084],[12.917686030932401,38.02600674605917],[12.917283018962017,38.02598756026828],[12.916964918320916,38.02592768585957],[12.916654092174735,38.02588000127689],[12.91636474671237,38.0258808914821],[12.916288622647386,38.02587953961356],[12.916092476314065,38.02581581420431],[12.915735485223511,38.02578538563446],[12.914946225053725,38.02569305293529],[12.914565897753306,38.025680277715864],[12.914309354904693,38.02559738681858],[12.913329366784444,38.02551974077948],[12.912929613449505,38.02538611198045],[12.912163888735783,38.025270081744075],[12.910971650579688,38.02515851680012],[12.910736208273676,38.02514381540071],[12.910432025738874,38.02512482124966],[12.910074508294198,38.025112432659796],[12.90962620324585,38.02508035875659],[12.90945134642705,38.02507122075008],[12.909327364649414,38.02514735208627],[12.90917292038138,38.025222927598804],[12.90891367544708,38.0252363942348],[12.908694005841689,38.02519633362294],[12.908572416072667,38.02518815105766],[12.907870882941802,38.02511339263307],[12.907738299847844,38.02496694007627],[12.90721746727445,38.02438362787782],[12.906993257649646,38.024132517846155],[12.906915874211414,38.02404585034856],[12.90682580741301,38.023944976241715],[12.90678930319389,38.02390409137205],[12.906600546528033,38.02371158264353],[12.906521506979328,38.023630970953434],[12.906465479739156,38.02357382890709],[12.906396116790384,38.023504023348124],[12.905973986370155,38.02307255012412],[12.905783328029838,38.02287809360458],[12.90554634897788,38.022636391548204],[12.905477071141924,38.0225657322347],[12.905311911919473,38.02239728062703],[12.905185634822702,38.022259606730195],[12.905130990611074,38.02219982284616],[12.904974146634197,38.022028222449606],[12.90477608794843,38.02181152867291],[12.904731482492805,38.02176272537623],[12.904576765854939,38.021593450617814],[12.904554317302482,38.02156888443392],[12.904519722243165,38.02153312918961],[12.904465191344299,38.021473956430796],[12.904241214893442,38.02122921132675],[12.904197934222967,38.021184389332966],[12.903976844495617,38.02094029893076],[12.903929560590733,38.02088861900393],[12.90386218593259,38.02081499125831],[12.903736194019135,38.02067730617816],[12.903496758840138,38.02045262854869],[12.90337556431197,38.02033890550192],[12.90303321008766,38.020017654033964],[12.90281216346334,38.019812323044306],[12.90277609265887,38.01977141069749],[12.902610783754776,38.01958131061449],[12.902574734099327,38.01954004168909],[12.902228417268581,38.019143628663294],[12.902169872177186,38.01907661446622],[12.902149626315751,38.01904664646094],[12.901917960059297,38.01870356179959],[12.901628196616842,38.01826280542106],[12.901551115353575,38.01814555696335],[12.901433050608064,38.01796596630762],[12.90131566699989,38.01782280473701],[12.901080742985615,38.0175362891467],[12.900954386348968,38.017477483398935],[12.900756976601802,38.0173909809983],[12.90050577201763,38.01727823767627],[12.900417355462073,38.01723855642432],[12.899345726169555,38.01687781817982],[12.898625980093152,38.016550418549166],[12.898293135077013,38.016386683008626],[12.898136653440545,38.016309704841866],[12.898035222878484,38.01625980659036],[12.897939862501529,38.016212895482106],[12.89744702589055,38.01594881015693],[12.89722870597429,38.01583222595974],[12.897157192260115,38.0157949347545],[12.897128614417856,38.01577865410022],[12.896941600395738,38.01567854769769],[12.896818766236095,38.01553696925003],[12.896666727032043,38.015361727613026],[12.896599758078176,38.01528453824608],[12.896591890291232,38.01524319948791],[12.896553752620369,38.015042773987496],[12.896513186465988,38.01482959022677],[12.8965080059244,38.014802361291075],[12.896481380403559,38.01466243929813],[12.897973605788167,38.01466243855717],[12.898340175353395,38.014740056892734],[12.898464661505061,38.01476684552604],[12.898709124959874,38.01481818414079],[12.899200979798685,38.01464438059335],[12.899774343933128,38.014499269819666],[12.899806186671068,38.01449129506357],[12.900036907961667,38.01443350472357],[12.900293529711293,38.01436922726505],[12.900385228661477,38.01436268150634],[12.901001732420614,38.014318672893154],[12.901452290723457,38.01413766752498],[12.901566609038673,38.01408820731268],[12.901918198894215,38.01381647721104],[12.902009015844545,38.013746288782905],[12.902230340714786,38.013575233452684],[12.90243314802799,38.01331416124137],[12.902458948682165,38.013280947679895],[12.902700444497395,38.01297006951195],[12.9029629941546,38.01263208555706],[12.902907843999612,38.0121565082648],[12.902522428950647,38.011539194917844],[12.902484565892014,38.01147854999432],[12.902450552913914,38.01142407174188],[12.902372617523955,38.01123942323018],[12.902141239815466,38.0106912192495],[12.90235537243765,38.01004241562726],[12.902913535492328,38.009931589169305],[12.903132491327387,38.00988810929751],[12.904493531270225,38.010204615546606],[12.904605933185172,38.01022493117433],[12.904852574594479,38.01028130929965],[12.90559455816646,38.01062593747445],[12.906024377215832,38.010318889705275],[12.906098067508907,38.00896078178893],[12.905882913156224,38.0080986962254],[12.905551565111406,38.007721297599176],[12.905494364890906,38.00765614978713],[12.905216776883746,38.00733423620701],[12.904933923563934,38.007017804409436],[12.904042292794434,38.00595751927924],[12.903777784597454,38.00584165739206],[12.903665340925341,38.005792402839006],[12.903577631455217,38.00575398378296],[12.903519680088575,38.00572693767397],[12.903223727796416,38.005598961238775],[12.903160186350563,38.00556553498397],[12.903106032962372,38.005547406246635],[12.902838140509354,38.00543005757916],[12.902554766504123,38.00517081214271],[12.902360798933968,38.00499335627642],[12.902340431499029,38.00496993819756],[12.902413478098133,38.004715781104274],[12.902440818420656,38.00462064990706],[12.902451563799923,38.00459429085293],[12.902502703061122,38.00440532345673],[12.902536268382061,38.004390790765434],[12.902803784789974,38.00426508522922],[12.90308000128405,38.00413938265873],[12.903503470730223,38.00395011015055],[12.903626687732432,38.003882995280016],[12.904194406932024,38.003603544221185],[12.90425785345212,38.00357231420365],[12.904354433842707,38.00353424084772],[12.904977242697594,38.00328872336749],[12.905307033781265,38.003158824390255],[12.905759816643918,38.003027643934466],[12.906131416880045,38.00291998393713],[12.90634595569525,38.002799114434154],[12.906426045649642,38.002753993536395],[12.906626498706617,38.00264105871101],[12.906700628550563,38.002599294959886],[12.906849074885471,38.00255375329029],[12.906978901193012,38.002513922191405],[12.907458101582977,38.0023669024621],[12.908501565198117,38.00210698121432],[12.908838186545958,38.001825151255524],[12.908898635705837,38.001773988844356],[12.909025080241234,38.00134192026848],[12.909082823053634,38.001148184278215],[12.909225580415745,38.00066922375382],[12.909256929799817,38.00056404190128],[12.909355328076014,38.00043925357976],[12.909695159457012,38.00000827698159],[12.90972435432075,37.99998097874714],[12.909914448148589,37.99989819922781],[12.910586552601679,37.99961168340362],[12.910810217860593,37.99957069031975],[12.911105870273477,37.99951245518269],[12.911496142632826,37.999435582182656],[12.91155125683909,37.999424725867755],[12.91158089708118,37.99943667278571],[12.91168522010135,37.99947271742417],[12.91253935838332,37.99982297590797],[12.91281412131459,37.99985525809837],[12.91295960350316,37.99987028047183],[12.913010929746292,37.999875579943456],[12.913103604566789,37.99988514934611],[12.913675914399994,37.99994424175545],[12.91393739479389,37.999971239544195],[12.914241496374078,37.99987693957913],[12.914292572772233,37.99986110105505],[12.9147184701446,37.99972903084898],[12.91515448433605,37.99881822650393],[12.915168810701307,37.998684130173096],[12.91522033325876,37.99820183297572],[12.915267225328213,37.99776290135098],[12.915324453935838,37.997227189584265],[12.915312511746615,37.996944259828595],[12.915304438054159,37.996752988535064],[12.915301454073349,37.99668230040382],[12.915299650486407,37.996639575394916],[12.915292469221408,37.99646946693838],[12.915280666058797,37.99618982306081],[12.915269970382386,37.99593640712887],[12.915263255818118,37.99574001821363],[12.915256883505785,37.995289844415545],[12.915226599385177,37.99466776078729],[12.915089132236893,37.99438717934375],[12.914807574934176,37.99381248900197],[12.914696401984777,37.993506989549786],[12.914607699361342,37.99326323689902],[12.914552697241612,37.99311045903235],[12.91453524567303,37.99306197628874],[12.914469008573949,37.99287795737256],[12.91442763930421,37.99268201728123],[12.914413625919979,37.99261564484514],[12.914332215506144,37.992230051879645],[12.914319200596752,37.99216840675772],[12.914224776606458,37.991721167606194],[12.914207450811723,37.991639105885746],[12.914191209438764,37.99127190079639],[12.914171319138141,37.99082217808266],[12.914165482977683,37.990690203165926],[12.914291318046839,37.99045012467444],[12.914514080335415,37.990025118175865],[12.914552310181694,37.989952179674056],[12.914808285334836,37.98990017236433],[12.914847134531277,37.989894305811205],[12.915135716378195,37.989833647850055],[12.9158091073805,37.99018952241375],[12.916011285056598,37.99030971825948],[12.916115589412527,37.99036995292599],[12.916165398561244,37.990399276855925],[12.916424528678222,37.9905518274688],[12.916506120486687,37.99054809654205],[12.916590230640013,37.99054425003977],[12.916650193667014,37.99054150790275],[12.916822748996777,37.99053361689559],[12.91715483653395,37.99051781723928],[12.917226553273363,37.99048532008694],[12.917476712440005,37.99037196791416],[12.917640652344552,37.99029764160793],[12.91772659300648,37.9902576949134],[12.9178871815494,37.99018586803961],[12.918169424089825,37.990057901737735],[12.919162074493755,37.9893825016119],[12.919213542195587,37.989347482201026],[12.919279567730625,37.989300641526015],[12.919366144401222,37.98923921952634],[12.919914212010351,37.98884491941783],[12.91994574455649,37.98882802038997],[12.92035272811593,37.988539280450745],[12.92046079541423,37.98842288102901],[12.920520619766052,37.98835844374675],[12.920952140221578,37.98789365088692],[12.920999458724596,37.98784268318391],[12.9211855569696,37.9876422339922],[12.921489122426662,37.98742533491076],[12.921904225328277,37.98712591743173],[12.92192471702998,37.98696040442472],[12.921965495252202,37.98660271324646],[12.921984512190315,37.98640401351332],[12.92215517242731,37.98628546726033],[12.92246127667709,37.98607283537329],[12.922491918172812,37.98604068827937],[12.922603797367467,37.98592331295011],[12.922656480187962,37.98586804168421],[12.922819405372424,37.9856971123814],[12.922920310772314,37.985582891236625],[12.922947332808086,37.98545679772256],[12.92305671517869,37.98494638030088],[12.923063820984133,37.984913226743224],[12.923056656387933,37.984670669808764],[12.923051458377548,37.98449478302385],[12.92309155572645,37.98439889261437],[12.92316779214552,37.98421657153343],[12.923229831805944,37.9840682065493],[12.923259642287675,37.983996914954986],[12.92336786996555,37.983412304627606],[12.9233468257742,37.98337822326738],[12.9231889436699,37.98312252544409],[12.922805105512381,37.98286153097741],[12.922678949028256,37.9827777470775],[12.922502794951598,37.98279964209902],[12.922231843837691,37.98283325219075],[12.922021082332922,37.98284753413655],[12.921871306991674,37.982857682990726],[12.921708612219918,37.9828687071617],[12.921576884228715,37.98266591994422],[12.921439755637564,37.98250615476376],[12.921416641684011,37.982481794870665],[12.921280018234798,37.982336896163964],[12.920767802195469,37.98230116532684],[12.920422662355634,37.98204240183861],[12.920663778350272,37.981588470380345],[12.920735774596007,37.981547055048],[12.921228263181254,37.98126374626636],[12.92163258054124,37.9811481553662],[12.921731102372355,37.98112004003168],[12.92193188348282,37.981062748399324],[12.922033290021435,37.98103380054555],[12.922072752226898,37.98101592098044],[12.922335793921325,37.98089674319007],[12.922539707870696,37.980804353411756],[12.922816683411604,37.98067885953316],[12.922885558263832,37.98040149762342],[12.922908024460876,37.98031104329364],[12.922686364574508,37.979896007863225],[12.922626756633544,37.979784418898504],[12.922591915345818,37.97973195572916],[12.922234661328067,37.97919401331674],[12.922127687519273,37.979068444992414],[12.922016045196878,37.97893739630071],[12.921939589832867,37.978847649522905],[12.921693694779544,37.978559009474466],[12.921665515318988,37.97817010828193],[12.921653327254559,37.97800188787695],[12.92205180240498,37.977538197199976],[12.922159919392021,37.97748046878626],[12.922707099906807,37.97718830632689],[12.922861629616476,37.9771057951258],[12.923206410215228,37.9765585239308],[12.923148787362754,37.97620893839505],[12.922938956300417,37.97596824885903],[12.922433325519746,37.97578245103253],[12.922268501746263,37.97580419935374],[12.921824551307141,37.975875881850456],[12.921758215574647,37.97588605801499],[12.921616231023886,37.97593340314379],[12.921540109972712,37.97595878587381],[12.921504240303085,37.97597074605042],[12.921067782625888,37.976116280734054],[12.920980272578358,37.97618267293247],[12.920947864581764,37.97620725887868],[12.920670509346996,37.97641767711509],[12.920626883563184,37.976450774184215],[12.920392950487157,37.97646809269621],[12.91982634876331,37.97651595119213],[12.91978276113226,37.97651950025293],[12.91925834685959,37.97653437300656],[12.918878820726693,37.97654361357129],[12.91868694188978,37.97648887466892],[12.918351354443082,37.976391604056225],[12.91828837662826,37.97627251439248],[12.918178165265308,37.97606410468961],[12.918151842391989,37.975917196582316],[12.918135721139075,37.97582722054709],[12.918066521686095,37.97545980711415],[12.918082288729899,37.97530924109235],[12.918093807311555,37.97526497989119],[12.918143814200755,37.974858209764406],[12.918395732748687,37.9744673886844],[12.91849246791903,37.974317312732275],[12.918514421491473,37.9742854556721],[12.91856534874453,37.97424775511482],[12.918899777218758,37.97400018285546],[12.919114903060912,37.97384093152],[12.919158411386935,37.97380871990666],[12.919191517602451,37.973785692028294],[12.919670482709648,37.973589679615614],[12.919845010007856,37.97351825573116],[12.92007377715416,37.97342463213547],[12.920226457184965,37.973345911850124],[12.920755583329637,37.973073095008985],[12.920779285966315,37.97303684281401],[12.920960449403998,37.97276122354346],[12.921064115927834,37.97260340891914],[12.921036718116722,37.972403675223404],[12.921028340956585,37.97234261188841],[12.920989701160913,37.97206092684321],[12.920630118046637,37.97186158192487],[12.9205529248663,37.9718187882769],[12.920109438244694,37.97178404115266],[12.919519236795592,37.971880465997216],[12.919422768427975,37.97189703750041],[12.919019173727593,37.972043201494806],[12.918558519038548,37.972210026582125],[12.918476020081576,37.9722375197981],[12.917897963625444,37.97235665438949],[12.917735056746247,37.97239022974043],[12.917530453991187,37.972307071944456],[12.917274196727824,37.9722029252483],[12.916882868329665,37.97193222994309],[12.916642734795863,37.971734162089824],[12.91650499929091,37.97162055567378],[12.916189504308933,37.97111763575457],[12.916213857393771,37.97065293481523],[12.916405879281069,37.970478851040994],[12.916690806945931,37.97022053836305],[12.916693514264058,37.970098378029476],[12.916692963753958,37.97002037355705],[12.916693512876291,37.96993810055194],[12.91669674370329,37.96979802156389],[12.916706550807803,37.96974492145021],[12.916765097460228,37.969567541346585],[12.916790865789512,37.969482523995836],[12.91682629387336,37.96936563289926],[12.916856237514333,37.96926683489081],[12.917644838391128,37.96888336676422],[12.917718037751776,37.9688477711109],[12.917939810524654,37.96862758788628],[12.917991450728806,37.96857591798801],[12.917935307158652,37.96817735198261],[12.91789905234596,37.967919984467464],[12.917881278063463,37.9677938070516],[12.917865969702259,37.96768507744692],[12.917858851563839,37.96763451992307],[12.91784301011109,37.96758777632229],[12.917636983062007,37.966979846470494],[12.917526183144401,37.96647462133451],[12.917608258291004,37.965611643716414],[12.917664433800585,37.96531076972635],[12.917674836028306,37.96525505994608],[12.917716493731026,37.96503194264951],[12.917770814435036,37.96474824619369],[12.917782573705843,37.96467803632746],[12.917454307589335,37.9641819820002],[12.917427072935435,37.964140828400076],[12.917400559410178,37.96410076050318],[12.917406630691977,37.96389330476565],[12.917411084467814,37.96374113159212],[12.917413307657236,37.96367050295386],[12.917415340645599,37.96359552989132],[12.917420735541318,37.96341100714202],[12.918185221098561,37.962944125135756],[12.918527739828923,37.962811989146736],[12.918695251117393,37.96274736727216],[12.919085168457187,37.962596941613334],[12.919642593648142,37.96238189160355],[12.919795488255787,37.96232290660509],[12.919861890007386,37.962258052281754],[12.919926454189435,37.96219499324711],[12.919961603373318,37.9621606643456],[12.920037368588188,37.96208666530315],[12.920288650098435,37.961841242490955],[12.920339345615718,37.9617917308315],[12.92069786050454,37.961441569736564],[12.920726149599119,37.96136433848419],[12.920731176220261,37.96133009061747],[12.921053598657894,37.96047037066181],[12.920855947126947,37.95997294178969],[12.920679331980507,37.95952845087172],[12.920620508481308,37.95938040655439],[12.920585569238412,37.9592924730254],[12.920426471636091,37.959086504378455],[12.920338778981229,37.95897297475353],[12.920271951070545,37.9588864602972],[12.920185869426964,37.95877501613079],[12.92008732573323,37.95864743685999],[12.920070056514952,37.958625080227115],[12.92000176837046,37.958575450817335],[12.91962369880347,37.95830069309878],[12.919524933393724,37.9582289141168],[12.919308486296844,37.95814485481691],[12.918937547909685,37.95800079601857],[12.91869780578728,37.95795346557394],[12.917942287573515,37.957804303578],[12.917597623934972,37.95750052494448],[12.917578982525658,37.95743597428697],[12.917483207572667,37.9571043104833],[12.917448426747539,37.95698386594747],[12.917434144701714,37.95693440477629],[12.917422430649658,37.956893845049244],[12.91763025449609,37.95647747781914],[12.917747373930471,37.95625247694372],[12.917782671445114,37.956245536505094],[12.918174205720634,37.95616855793916],[12.918685366638108,37.95606805308951],[12.918737835881704,37.95607094983573],[12.919308335211504,37.95610244206241],[12.919651666805352,37.956121392060204],[12.919879003010136,37.956137070496865],[12.919923079468086,37.95614010985845],[12.920707868511188,37.95619422837396],[12.921046209209667,37.95614457892891],[12.921462776501711,37.95608344978182],[12.921576930658627,37.9559766221022],[12.921666937480119,37.95589239034126],[12.921882000967617,37.95569112554596],[12.92192720598148,37.955433314794064],[12.921991622182226,37.95506593945212],[12.9219717039295,37.954981442983254],[12.921948458253434,37.95488282798959],[12.921868833197419,37.95453970329358],[12.921833497220861,37.95408528313748],[12.921819842745162,37.95390968253351],[12.921793848973154,37.95363622062357],[12.921766496387148,37.95334847265683],[12.921752403759342,37.953187217158906],[12.921713157829444,37.95273814112863],[12.921706450384361,37.95266139612797],[12.921560080036825,37.95229286519892],[12.921549065919065,37.95226513396061],[12.921494601024703,37.95212800146668],[12.921573614415564,37.95190525370059],[12.921608296159688,37.95180748456285],[12.92164172844724,37.951713235038575],[12.922203268355243,37.95163608707187],[12.922596162743702,37.95167636461862],[12.92289892344375,37.9517074002481],[12.923043505209785,37.95171729244721],[12.923616669938566,37.95155543655948],[12.923653837645526,37.95154494051997],[12.923754270281316,37.951516580293294],[12.92391681499713,37.9514031294373],[12.924069953741325,37.95129749425646],[12.924472653915407,37.951015161702685],[12.924551473661182,37.95092716704468],[12.925083996735392,37.95033265848041],[12.925665207644096,37.94967618014232],[12.925696245269002,37.94964112231505],[12.925787471183053,37.94959766205729],[12.926122308242268,37.94943814052274],[12.92634215707426,37.94933340134313],[12.926479060626553,37.94926817695897],[12.926897977537271,37.94909049814892],[12.927196579917755,37.948957086002224],[12.927342034005116,37.94854572805568],[12.92732726471087,37.94849709064865],[12.927206649982839,37.94809987016227],[12.927196984842423,37.948051059397024],[12.92710839323279,37.94760363524477],[12.927097683466924,37.947549543892045],[12.927094435173165,37.9473985657603],[12.927089171228976,37.94715389204369],[12.927082771731186,37.94685644091731],[12.927044746491124,37.94670499130978],[12.92693261055343,37.94625835306181],[12.926897747071349,37.94611949237281],[12.926769268374581,37.94586049649238],[12.926590824040876,37.94550736186471],[12.926477298562384,37.945406700179134],[12.926245228331942,37.94520092771214],[12.926106235961068,37.94507794693344],[12.925764573136863,37.94484178293531],[12.925716326245215,37.94481628173785],[12.925663011866275,37.9447805116249],[12.925525857246589,37.94468848614097],[12.925403801309871,37.94460659148546],[12.925281699087167,37.94451199545057],[12.925047125785158,37.944330261224856],[12.924924544276951,37.944071896558185],[12.924898107281498,37.944015465001755],[12.924918930190927,37.94397161747079],[12.925086986130497,37.94361772885182],[12.925115436265575,37.94355781867506],[12.925455553898846,37.94336907745618],[12.925728599240424,37.94321755477676],[12.92601300518997,37.94315753672899],[12.926083604629723,37.94314263761537],[12.926131525708346,37.94313243817691],[12.92632611267357,37.94309102166778],[12.926760626424523,37.94299853187308],[12.926861747185852,37.942977003864286],[12.927136546380257,37.94289391370608],[12.927653093782741,37.94273886034483],[12.92808786808854,37.94261664029124],[12.928256526753906,37.94256922903448],[12.92854672913993,37.942487648232174],[12.928616841107006,37.94246793844297],[12.92863952798077,37.94244823909975],[12.92881085964285,37.94229947753253],[12.92885445044679,37.94226162918583],[12.92899940053088,37.94213577276439],[12.929348610033403,37.94183416149995],[12.930221627562862,37.941234247007316],[12.930269505000092,37.94119251562215],[12.93069986681505,37.940817394307246],[12.93067478520679,37.94049395777878],[12.929960131828961,37.94040978097509],[12.929204202393707,37.94015132028991],[12.928775954243365,37.939665707301494],[12.928784936586474,37.93953360134081],[12.928787863637005,37.93949062637797],[12.928832142318283,37.938839623638884],[12.928954928873802,37.93868272997605],[12.929074311758136,37.93853018548684],[12.929167846047864,37.938413624944225],[12.92924476324868,37.93831238475763],[12.92972499009012,37.9381126943656],[12.929798328068786,37.93808219821839],[12.92995318271947,37.93805040298457],[12.930977512384045,37.93784008112369],[12.931410316908071,37.93772432615801],[12.93197099570051,37.937574369744034],[12.932055417384785,37.93755179022386],[12.932098937659147,37.93752821864265],[12.932524898629984,37.937297505272085],[12.932782208770513,37.93715813789944],[12.932851487334236,37.93705264277231],[12.933063290559378,37.93673011343751],[12.933114861260414,37.936651581250274],[12.93310439365429,37.93625558032213],[12.93302783918484,37.936065851326276],[12.932880429016853,37.935700512143974],[12.932847989515155,37.93562011456313],[12.93291088696962,37.93524910615823],[12.932930154596301,37.93513545223417],[12.932972870294266,37.93503588341356],[12.93322223806341,37.934454598109895],[12.932923666351916,37.93411387341095],[12.932869495547502,37.93405205308885],[12.93264831060512,37.933979098523196],[12.932449138320255,37.93391340565858],[12.932342440828402,37.93387821638334],[12.932125693070882,37.93380672378576],[12.93120605104385,37.93389524787087],[12.931121495116981,37.93390338360123],[12.930633930254327,37.933830178731206],[12.930385611651666,37.93379289765883],[12.930082501111325,37.93373379443879],[12.929905130756437,37.93370084894505],[12.929720730352663,37.93366552605787],[12.929604977174588,37.93364335253941],[12.929518131345523,37.933561096637035],[12.929478916701857,37.93352395032846],[12.929395987781511,37.93344540154597],[12.929058844793305,37.9331260708835],[12.9289941193964,37.933064763779974],[12.928931358938621,37.93267994804775],[12.928877962313981,37.932352541079325],[12.928846846798631,37.93230817418445],[12.928794915387854,37.932234124561205],[12.928615629415242,37.931978483682435],[12.928262879344311,37.932020538195616],[12.927828101545506,37.93207237084336],[12.927694390981994,37.932023296689415],[12.927411967425964,37.9319196421027],[12.927289729143826,37.93219378378088],[12.927228488495732,37.93233113067394],[12.9270814171004,37.93236571016994],[12.926759543818529,37.932441387469886],[12.926476394941673,37.93219808350837],[12.926159160317264,37.931925486794896],[12.926129887365553,37.931872826233786],[12.925964633859026,37.9315755446869],[12.925638298266803,37.93098848002554],[12.925596292499565,37.93091291272176],[12.925377682195984,37.930546800756936],[12.92507422424317,37.93003858543924],[12.924515349734236,37.9296879288114],[12.924151223648412,37.929556172116605],[12.923570666084698,37.92934322757389],[12.923573258587545,37.92931367104367],[12.923650892243074,37.928870080393985],[12.923900648396152,37.92879459003968],[12.924107354154833,37.928732109313415],[12.92430422384658,37.92867260144658],[12.924676890540473,37.928749478852176],[12.924756919640462,37.928765988632065],[12.924863372548264,37.92878794906936],[12.925074627347648,37.92883152936108],[12.925075562888189,37.92872003368878],[12.925079045445733,37.9283048411446],[12.925079464441733,37.92825487254382],[12.924927733578738,37.9278595098884],[12.924878082646224,37.92773013456677],[12.924938887684025,37.92762189500779],[12.925058567223994,37.92740885101715],[12.925248864470397,37.92731024392135],[12.925681070053212,37.92708628256399],[12.92572588349286,37.927029471038175],[12.92577379018686,37.926975758420326],[12.925806382235061,37.92693140134743],[12.92584530649845,37.92689050967779],[12.925946088834625,37.92677037493104],[12.925976882034883,37.92673179067106],[12.926104780545174,37.92658120863911],[12.926010463446355,37.92651814468659],[12.925944982223626,37.92647436130313],[12.925901801378453,37.92644409392392],[12.92580308193788,37.92637948072056],[12.925713438519557,37.92631954280435],[12.925675285093234,37.92631483276494],[12.924852050373019,37.92621320796414],[12.924623616734506,37.92621428963582],[12.924471397794616,37.9262150114623],[12.924066181156638,37.9262169305852],[12.923971045129889,37.92617140617969],[12.923811857481626,37.92609523047163],[12.923615504153746,37.92600126932402],[12.923498664125882,37.92594535634604],[12.923371151882506,37.92588433816716],[12.923219605953363,37.9256011509699],[12.923316184122557,37.92551536777687],[12.923365222411055,37.92547181158049],[12.92367838038475,37.92519365847303],[12.923709598414607,37.925165929435494],[12.92368077095277,37.925131548128775],[12.923648119828039,37.925092605931376],[12.923456122790414,37.92486362044902],[12.923416382758875,37.924804996808284],[12.923384748089646,37.924758331517786],[12.923322355077234,37.92466629399446],[12.923271024106763,37.92459057405324],[12.923317049987661,37.92456660147577],[12.923732987511405,37.924349954642096],[12.923875706028575,37.92438016868921],[12.924317183997395,37.9244736283489],[12.92461498113895,37.92453666950162],[12.92492633435869,37.9244146518597],[12.925012890636136,37.924380731291855],[12.925167761346161,37.92432003812843],[12.925245307053688,37.92424580127805],[12.925558327955194,37.923946143606],[12.925732788921101,37.92377912910442],[12.925837370511589,37.923679009934304],[12.92585229843667,37.92363675636438],[12.925915374353945,37.92332264174936],[12.925920879617692,37.92329522719599],[12.925950969969856,37.9231453803534],[12.925935991947187,37.923028742335724],[12.925928726359054,37.922972162925156],[12.92591589480445,37.92287223653645],[12.925895109362491,37.92271038327011],[12.926060830144515,37.92270541181672],[12.926628487463063,37.92268837537237],[12.927111996723909,37.922673863972875],[12.927216313274595,37.92267073144872],[12.927283564221261,37.92264064416845],[12.927751908793592,37.92243110454388],[12.927803561156871,37.92240799519026],[12.92784516971047,37.92235866114597],[12.92813458302742,37.92193743126514],[12.928199202338414,37.92189514841295],[12.928288792087889,37.92183652468225],[12.928379816704954,37.921776961141475],[12.928482757846847,37.92170960101107],[12.928907649658957,37.92160081084375],[12.929139899938694,37.92137981480176],[12.929373671399787,37.921157366741255],[12.92942059760905,37.92101730340246],[12.929442205621896,37.92095281185931],[12.929453374109654,37.920919478816266],[12.929511020106002,37.920747419752026],[12.929526101705491,37.92070961317833],[12.929611002667881,37.920496780371],[12.929645998527787,37.920409051324455],[12.929682184853228,37.92031833510224],[12.930143856385198,37.92010022598659],[12.930743406153136,37.92020177823782],[12.931120346096431,37.92054045151106],[12.931278182071612,37.920994577599735],[12.931702868528332,37.92128211837692],[12.93223714327318,37.921245045107334],[12.93238659454425,37.921234674904454],[12.932460275007896,37.92122956164292],[12.932527352842513,37.92122490711777],[12.932803597519356,37.92120573125076],[12.932956146979427,37.921195143128124],[12.933005900214258,37.921190028711806],[12.933800775799488,37.921108316541236],[12.934639153847915,37.92098187247881],[12.934760313116286,37.920963600093465],[12.934823517135925,37.92090059541801],[12.934956256173656,37.920768277483376],[12.935049495269299,37.92067533564222],[12.93508758361336,37.92063736595609],[12.935146414480132,37.9204188971296],[12.935156417552495,37.92037724249971],[12.93516704649602,37.92031258533822],[12.935294297922372,37.91985618486746],[12.935304029120962,37.91981940984288],[12.9353516813773,37.91940292057013],[12.93535997674097,37.919299868381465],[12.935527618928946,37.918981183470564],[12.935604791584554,37.91883650895315],[12.935890760360868,37.91857767960399],[12.935920007330461,37.91855120700618],[12.935966454602747,37.91856706234435],[12.936076044076088,37.91860446873421],[12.936156431552288,37.918631907875],[12.936269748209979,37.91867058633266],[12.9366508725334,37.918808139386684],[12.936704898115787,37.91886458002955],[12.936780064119148,37.91894353083383],[12.937087410846521,37.919268632643806],[12.937208411629333,37.919702643017374],[12.937471950875866,37.91995814105731],[12.937531269960775,37.92000915055764],[12.937738867429204,37.92020623888273],[12.937771070657465,37.920223585095236],[12.937870542283132,37.920269274562635],[12.93828601729352,37.92050097402683],[12.938328184685185,37.92051573506716],[12.938888165758804,37.92026229764101],[12.939151744775781,37.92014085541826],[12.939245950709159,37.92003136849198],[12.939524115334855,37.91970808202973],[12.939588122241284,37.91962523355888],[12.939639768021548,37.91926017598942],[12.939714091449654,37.918734819499285],[12.9394553811568,37.91800838572021],[12.939445255731446,37.91797105375476],[12.939366110237545,37.91791819222431],[12.939256234107917,37.91784865157473],[12.938964019893735,37.917663858755624],[12.938865111012051,37.9176012932203],[12.938689928533142,37.91749048038993],[12.938635216368615,37.917455872421066],[12.938668847440345,37.91722055002452],[12.938674719578572,37.917153262337074],[12.93868457861195,37.91704027424706],[12.938694862762222,37.916922408604705],[12.938740902747227,37.91681860272167],[12.938814447534824,37.91665278137835],[12.938828687600024,37.91662067412174],[12.938968087124435,37.916581778043515],[12.939103859980412,37.91654389424778],[12.939409187098477,37.916592210815516],[12.939730222642641,37.91677131440779],[12.939880907856475,37.91685564089412],[12.940076259223767,37.91694519108217],[12.940430183257671,37.91710743528165],[12.940827723885013,37.91715265572769],[12.94093487050725,37.91712838938761],[12.941388038456603,37.91702575865128],[12.941665349526149,37.91682225714826],[12.9417009847774,37.916807671712995],[12.941996921025398,37.91645135294077],[12.942040803691397,37.91606255103128],[12.941813223117753,37.9156738534536],[12.941584925425142,37.91530389938098],[12.941486721816402,37.915144749916216],[12.941464503114611,37.9151087038297],[12.941236943367871,37.91474121217867],[12.941212722561827,37.914703568552],[12.941094591177393,37.91451345898659],[12.94106708328675,37.91442742679746],[12.941024450495902,37.91430970086397],[12.941013869633027,37.91426099667021],[12.94094894840505,37.914049729302796],[12.940981801492377,37.913666006789896],[12.941034224214912,37.91301119640397],[12.941100503814779,37.912905792085596],[12.941332215553105,37.91253729235211],[12.941377730094548,37.91244610593688],[12.941426930688392,37.912347538303614],[12.941569107751262,37.9120626950704],[12.941611966061055,37.91197355596039],[12.94172595129312,37.91160949076448],[12.941750383358844,37.911534451633784],[12.941857442319085,37.91122257552134],[12.941854647025359,37.911079254653785],[12.941859732113208,37.911016122409926],[12.941865137624323,37.91052871756364],[12.941700090190903,37.910183365769846],[12.941609081583138,37.90999293404102],[12.941564312949463,37.90989925857102],[12.94149484273023,37.90973986392667],[12.941441836268758,37.90958565318221],[12.94132835007927,37.909295065439494],[12.941277842498945,37.909165735853975],[12.941255157880308,37.9091328877425],[12.941161586697664,37.908997393525595],[12.941141615700621,37.90896847635411],[12.940819081195949,37.90850098249625],[12.940813321251609,37.90845521974927],[12.94080432831418,37.908412783900694],[12.940780519612227,37.90818183818292],[12.94075477151065,37.90796723635511],[12.94061187415503,37.90773216176039],[12.940484021113754,37.907521839430075],[12.940416695639042,37.90741108169129],[12.940453600647848,37.90707609046984],[12.940464986898363,37.9069185480439],[12.940569015187885,37.90692982352533],[12.940788902525439,37.90695365562267],[12.941217264262598,37.90700008353828],[12.94125830130119,37.90700452986119],[12.941550125713574,37.90710064667841],[12.942114646019649,37.90728657746306],[12.94218098955583,37.907200395784706],[12.942248373668273,37.907112861325146],[12.942283125682687,37.907066708843836],[12.94236881746207,37.90695640100968],[12.942274897099473,37.90674023036075],[12.942105964372024,37.90638582128182],[12.94199833401145,37.90616001615312],[12.941947485420435,37.90612159756626],[12.94164825542221,37.90589550904152],[12.941517422627916,37.90579665547381],[12.941418944174792,37.90572225007525],[12.941405142156018,37.90568940670556],[12.941301368579328,37.90544245994229],[12.94129768936044,37.905415235704375],[12.941292101034964,37.905373896341196],[12.941274508658257,37.905243752780144],[12.941266161836266,37.90517558976838],[12.94156600320946,37.90494267085846],[12.941549070092696,37.904883754098414],[12.941421124045705,37.90443859115702],[12.941427366426922,37.904401817394465],[12.94143247532245,37.90437172488883],[12.941438348942924,37.904337135270495],[12.941461112521763,37.90420305658573],[12.94155791976094,37.904189848892784],[12.941592550376049,37.9041801678109],[12.941781409143227,37.904147281016904],[12.941832859453106,37.90414630560785],[12.942111459083058,37.90414071390989],[12.9421849429568,37.9040907463415],[12.942494708911203,37.90388012882082],[12.942611183199748,37.903847398182215],[12.9426880109545,37.90382580883924],[12.942863170691597,37.90377658761934],[12.942895111387983,37.90376761254153],[12.942924079263246,37.903801268337496],[12.94317327922696,37.90409078168666],[12.943260667579812,37.9041133792873],[12.94341697934906,37.9041391885218],[12.943476106558531,37.90414895148186],[12.943475609906915,37.90397641512541],[12.943475491797486,37.90393519678744],[12.94347509481335,37.903797683834256],[12.943488536477485,37.9036773554473],[12.94352326875623,37.903366408803194],[12.943534681953315,37.90326423970332],[12.943534952680588,37.9029156313328],[12.943535016358759,37.90283184963378],[12.94369655057651,37.902626193245396],[12.943771181113828,37.90253117617639],[12.944017272856486,37.90239249561158],[12.944221573634497,37.90227736368008],[12.944298401816758,37.90225967097406],[12.944587942816725,37.902192991187455],[12.94486465253559,37.90221943054002],[12.944936061317307,37.90222625384646],[12.94497941419938,37.90223032482422],[12.945054991184772,37.9022335878834],[12.945094744405157,37.9022463451513],[12.94521100190919,37.90226635530481],[12.945404396853307,37.90230071660314],[12.945438045248025,37.9023127680195],[12.945664188765702,37.90239377333086],[12.945933174850369,37.90249012656673],[12.946016304231508,37.90238428366949],[12.946122093103515,37.90224958910511],[12.946075666468472,37.9019230830989],[12.945976708691294,37.90175668587776],[12.94580948314324,37.90148812475117],[12.94579135385932,37.901459008693614],[12.945800063679966,37.9011434432157],[12.94594558154675,37.9011746505558],[12.945986300208252,37.90118338286888],[12.946018007608362,37.90119018291275],[12.946367691965902,37.901265174089296],[12.946504894576066,37.9012868585932],[12.947017103976092,37.90112959937653],[12.947077758871174,37.90100474754816],[12.947199497694688,37.900754149336976],[12.947365039836452,37.900535113929756],[12.947484000757012,37.90037771218387],[12.947518902750588,37.900333713286116],[12.94768623747746,37.90057962902044],[12.94771380889117,37.900619784596785],[12.94779897184223,37.90073404464082],[12.948031469618293,37.901045975859574],[12.948420227680101,37.90140674020131],[12.948628446733897,37.901396514114836],[12.94880819346377,37.90138762629538],[12.94900059879523,37.90137823627076],[12.949361287037553,37.901274468764285],[12.949585569939813,37.901209943701765],[12.949556217369297,37.90091187775776],[12.949549764130795,37.90084634244782],[12.949456270075673,37.900464851078105],[12.949448666079455,37.90043381994597],[12.949635985015126,37.90038910926915],[12.9497105584124,37.90037253105495],[12.949882768519714,37.90039812264278],[12.950170317962078,37.90044085230039],[12.95045571337503,37.90048326091308],[12.950526276774749,37.900493746586754],[12.951022796017693,37.900458872586576],[12.951141380315136,37.90045054310353],[12.951163026441384,37.90040747976115],[12.951274940655003,37.90018483203587],[12.950997872058815,37.89999340928625],[12.95094894389793,37.89995960596532],[12.950652646439949,37.8996427642553],[12.950651130938898,37.89952391992364],[12.950649086315032,37.899363639647504],[12.950725246785167,37.89933719350243],[12.95099363749305,37.899243971555734],[12.951489664939041,37.89932606727219],[12.951649542506836,37.8993525276576],[12.951804408911212,37.89939341471316],[12.951957724083167,37.89943388261802],[12.952107929744635,37.899473532492635],[12.95228515556039,37.89952031650641],[12.952360399169688,37.8994664462918],[12.952663183197682,37.89924966734288],[12.952734024220009,37.89919894996111],[12.95280924544137,37.89912175463299],[12.952930934815253,37.89899687205448],[12.953088632447878,37.89883503717152],[12.953133400410621,37.89878423995258],[12.953214884041516,37.89868974511115],[12.953350589064277,37.89853237078758],[12.95341748346232,37.89845479402986],[12.953478131753815,37.898384461514304],[12.95352145134714,37.89829791875494],[12.953613591593225,37.898099362455326],[12.953636923615628,37.89804908261184],[12.953707653342581,37.89789666363566],[12.953726473739932,37.89785610539717],[12.953846544504403,37.89761491688378],[12.95397759993219,37.89735174818093],[12.954019547230681,37.897267512371826],[12.95407465189684,37.89715685910438],[12.954112518015062,37.89708083152601],[12.954252378528976,37.89708608388365],[12.954555311716208,37.897097459956186],[12.954820631176142,37.897084072188925],[12.955090956765666,37.897070431576154],[12.95526714012483,37.89711674091564],[12.955392509772285,37.89714969292051],[12.95548585570494,37.89717422844162],[12.955404923964734,37.89738130942085],[12.955387752120574,37.89742524708043],[12.955363395198473,37.89756388545979],[12.955356077755189,37.897605534070415],[12.955293031425878,37.89796439718493],[12.955397191700861,37.89831669328573],[12.955437905718261,37.89833124599002],[12.955961450770069,37.8985183899231],[12.956025599650166,37.89853117081961],[12.956502921076959,37.89862627051482],[12.95661536267549,37.898592193739006],[12.956743326646457,37.89855341285302],[12.956904203353567,37.89850465645388],[12.957014186955712,37.89840908149454],[12.957071111399717,37.89835961381531],[12.957158405232697,37.89828375591064],[12.957184565859786,37.898261022243545],[12.95759262650913,37.898292312038464],[12.957727975572826,37.89830615146695],[12.95781128087965,37.89831466965078],[12.958023393820202,37.89833635719494],[12.958093048822068,37.89835334729291],[12.958162942304309,37.898370395973934],[12.958199003468174,37.89837919263069],[12.958301606288282,37.898404218463334],[12.958513860249202,37.89845599162869],[12.958656172332534,37.89849070328133],[12.958649326419875,37.8987341303406],[12.958601321587091,37.89880601404831],[12.958499994571286,37.89895774050289],[12.958482915755836,37.89898331496119],[12.958458975296367,37.89901916417122],[12.95840008354259,37.89910734740196],[12.958368065653488,37.8991406411309],[12.958225604196846,37.899288768869084],[12.957885283558712,37.89964262498123],[12.95797666149657,37.899727821598226],[12.958291003144064,37.900020899017065],[12.958384140949846,37.90010773307578],[12.958452197680268,37.90015980335991],[12.958818295908745,37.90043990687898],[12.95898228798453,37.900497560963956],[12.959234468922029,37.90058621916405],[12.959472923987638,37.90067005081574],[12.959560676360196,37.900683959419936],[12.960105664216993,37.90077033798565],[12.960138370021403,37.900857338759195],[12.960196451299902,37.90101184323225],[12.960149579591821,37.90106620085359],[12.960001398580047,37.901188347883846],[12.959910437865794,37.90126332709736],[12.95983775250997,37.90140198948619],[12.959803242704591,37.90146782335529],[12.959698445679049,37.90166774476046],[12.959611509052504,37.901833593348535],[12.959681335882792,37.90195190016603],[12.959751272893865,37.90207039148491],[12.959851951437521,37.90207055445328],[12.959911200017332,37.90207064961553],[12.960203516155591,37.90207112128647],[12.960273582403335,37.90207123455268],[12.960388638161907,37.902071419692504],[12.960557942527103,37.90217542638989],[12.960645789446712,37.902229391048685],[12.960938785400565,37.90221638400535],[12.961066835957334,37.902210698819715],[12.961320790679846,37.90202499985278],[12.961357391358575,37.90199823818862],[12.96144427043847,37.90177591364105],[12.961492938042465,37.901651371574765],[12.96152042373414,37.90160682599425],[12.961546510154493,37.901564548884224],[12.96182424282892,37.90111442432565],[12.962231487433247,37.901221139587946],[12.962720500140378,37.901378227416835],[12.962982101226356,37.901650711938984],[12.962832034773415,37.90212415904279],[12.96330866582866,37.90214863383619],[12.96388288328517,37.90206987529849],[12.964005517246623,37.902053055004174],[12.964100316514209,37.90200500331041],[12.96460516893647,37.901749101243894],[12.965032344289757,37.9015139981862],[12.965077392197355,37.90150718893881],[12.965287088324336,37.90147549277477],[12.965569367673758,37.9014328238861],[12.965653706470793,37.901383606149956],[12.965948649529343,37.90121148691985],[12.966019907863584,37.901169903026776],[12.966383408638144,37.90102023936132],[12.96647995866174,37.90097873567271],[12.966462280845576,37.900776235254746],[12.966454084837421,37.9006823442701],[12.966376005146461,37.90058502448144],[12.966256760388484,37.90043639338241],[12.966102275041868,37.900243836295076],[12.966128372639814,37.89971151433902],[12.966044816084317,37.899398032538734],[12.966015343042216,37.89928745392264],[12.965924363596766,37.89917017201928],[12.965773709252034,37.89897596010835],[12.965714252900286,37.89889931372006],[12.965689340379845,37.8988506740542],[12.96577384978457,37.89886302192686],[12.966501243308716,37.89896930624749],[12.967149120629816,37.89913344614879],[12.967191781022501,37.899144253847744],[12.96727344976214,37.89916494488667],[12.967348298301872,37.899183907831244],[12.967409991238668,37.89916667505253],[12.96753044392009,37.899133029042446],[12.967806767988463,37.89905584297946],[12.967985831415836,37.89903037834482],[12.968052525220301,37.89902089326606],[12.968263671237263,37.89899086526371],[12.968576016059146,37.899177796909],[12.968783184358,37.89916162644465],[12.96924511803504,37.8991238800895],[12.96931882531158,37.899117856879],[12.969316058468191,37.899067159432356],[12.969271597484427,37.89889648405843],[12.969239718760102,37.898774107328336],[12.969227281329239,37.89872636224729],[12.969216239138905,37.89868397196736],[12.969263366122911,37.89869303098524],[12.969360507744526,37.898711703588944],[12.969634750484715,37.89876441716562],[12.969688582770047,37.8987683322059],[12.969877246336207,37.89878205366006],[12.970002254023571,37.89879114510097],[12.970099805177142,37.8987982391479],[12.970377232834684,37.89861840477235],[12.970427780631884,37.89858563663833],[12.970598222589594,37.89847515089289],[12.970748901435716,37.89839649573617],[12.97080332665185,37.89836808497993],[12.970861529941127,37.89833770176453],[12.970967233395674,37.89828252317634],[12.971266343050262,37.89837870973022],[12.97137340639269,37.898413100727204],[12.971869879737007,37.898540262860635],[12.971833667506443,37.89861500493804],[12.971801901680532,37.89868057190908],[12.971656732760465,37.898980201253444],[12.971740058762483,37.89899740841285],[12.971777075416483,37.89900096659888],[12.971919437807776,37.89901464978018],[12.972227599967736,37.89904426893472],[12.972482744772428,37.89906879031471],[12.972865849131303,37.89910561094144],[12.973697022609171,37.8993159433382],[12.973741664594142,37.89924905504428],[12.973758036492764,37.89920756054563],[12.973977257787874,37.89865193444775],[12.974091820640826,37.89836156145124],[12.975197266512977,37.89867293444566],[12.975305236228667,37.8987033466644],[12.975559219244015,37.89877581348515],[12.975313690296495,37.899177718658564],[12.975382327835998,37.89919804310448],[12.975551235946135,37.89922787543976],[12.975634559588176,37.89924259195297],[12.975969402671794,37.89930173109351],[12.976486239718115,37.89939301202082],[12.976531212170899,37.899313550305074],[12.976762569880728,37.89890477198112],[12.976840027602586,37.89876791279071],[12.976877425851043,37.89870183597727],[12.976904651416396,37.898653732357864],[12.97729628820298,37.898709037084444],[12.977530091613685,37.89874205326142],[12.978136990628684,37.89882839339897],[12.978109416177347,37.89888711205118],[12.977709486291745,37.89966866213584],[12.977695751731483,37.899695503336126],[12.977658827135565,37.89976766167495],[12.977699567165422,37.8997662827407],[12.977751452149283,37.899764526560936],[12.977976915647062,37.89975689490655],[12.978250265344366,37.89974764178353],[12.978470668647384,37.8997638076467],[12.97887816276801,37.89979369625319],[12.978917349681092,37.899796570665316],[12.979090531706891,37.89980927273084],[12.979280125060352,37.89996101096436],[12.979304804262666,37.8999807623706],[12.979468464609953,37.90011174463528],[12.979936809654014,37.900296851207045],[12.980087712558221,37.900356492283606],[12.98013318184881,37.90076480285776],[12.980175100645395,37.90082469753116],[12.980199073371702,37.900858948911726],[12.980407230074917,37.90115636826681],[12.980878685173533,37.90136108693107],[12.981178559874296,37.901384165750464],[12.981377449366873,37.90139947129605],[12.9816506364684,37.90142049492853],[12.981767011305013,37.90141399913456],[12.98227636807877,37.90138115734415],[12.982762579449721,37.90114432805926],[12.982891036317673,37.90117558721117],[12.982955241802909,37.90119121210648],[12.983281639696308,37.9012706402775],[12.983696156534357,37.90144564328089],[12.98378522960108,37.901483248365544],[12.984417297334552,37.901750093120405],[12.984627074959661,37.901761475817494],[12.984813845911727,37.90177161063807],[12.985030113322908,37.90178334633824],[12.98519305973829,37.90170277322931],[12.985377690710582,37.90161147860289],[12.985429508483247,37.90158585635463],[12.98547992889083,37.90156092462236],[12.985502345574966,37.9015110320439],[12.985619552573953,37.901250151052736],[12.985672069227366,37.90113325911722],[12.98568540655131,37.90110357598435],[12.985685545210803,37.901043218999384],[12.985686426567028,37.90066216560765],[12.985634850569985,37.90059455848475],[12.98537830072773,37.90025826540531],[12.985275551009309,37.90015636377103],[12.985209407394953,37.90009076374785],[12.985173867988122,37.90005551669529],[12.985100140889367,37.89998239654723],[12.98505775891658,37.899940362714254],[12.985096698213518,37.89991865160276],[12.985494686727618,37.89969675346524],[12.985582495785264,37.899687641265],[12.986085964926234,37.8996399463589],[12.986237175719966,37.89962562143044],[12.986915036091617,37.89954706073437],[12.987116218999583,37.899523744007254],[12.987222550864269,37.89950709687147],[12.987391445637085,37.899480655069205],[12.987525812401762,37.89945961820769],[12.987960908241336,37.89939149811064],[12.9880814625364,37.89937406851157],[12.988221046206212,37.89935388699887],[12.9883342111965,37.899337524907864],[12.988612306594442,37.899297316403654],[12.988884033059604,37.89923262081223],[12.989036291855005,37.89919636900773],[12.989371159372746,37.89911663816579],[12.989538885178725,37.89907670257575],[12.989599468352113,37.899100295181995],[12.98965957695293,37.89910684696286],[12.99010371237608,37.89921777259353],[12.99028502090635,37.89926305560464],[12.990469044216455,37.8992929097086],[12.991088497351342,37.89939340418471],[12.991603884933093,37.89926781505897],[12.991587411010975,37.89917774499474],[12.99156262422786,37.8990422227123],[12.991548392296629,37.89896440796771],[12.99153429937206,37.89888735505023],[12.991485478721643,37.89818191951011],[12.991677430415063,37.89806777723735],[12.991779245113154,37.898007232926226],[12.99186312497328,37.8979573547831],[12.99214418504575,37.8977902239765],[12.99247700696225,37.89757140821496],[12.992656678147789,37.897453280461804],[12.992762276439436,37.89738840741565],[12.992921416232958,37.8974610518053],[12.992965110069452,37.897480997334384],[12.993070476427036,37.89753263506298],[12.993489190540073,37.89788416924712],[12.993772733545772,37.898122214304095],[12.994266761052499,37.89847385141564],[12.994301774521992,37.898498772728345],[12.994494586159066,37.898636010027424],[12.994575952868667,37.8986939243269],[12.994985614458844,37.89900678353883],[12.995194823171975,37.899166553302635],[12.9954341434082,37.89934931780688],[12.995664505769554,37.89949966339991],[12.995963208242834,37.89969460916478],[12.996102559470994,37.89978555436597],[12.996339320902642,37.89994007219209],[12.997126768126508,37.900500237961694],[12.997200536108437,37.900552713264105],[12.997433942703402,37.900719538311535],[12.997563763206452,37.90091626729355],[12.997575934154677,37.90113562429747],[12.997594444841209,37.90146920134816],[12.997524719848926,37.90192645254712],[12.99746090360679,37.902108215834154],[12.997341319873824,37.9024488278373],[12.997316676469513,37.90251901679368],[12.997252751248471,37.90263877421727],[12.996948166331075,37.903209370604465],[12.996936202727548,37.90323480703865],[12.996796090800528,37.90354844800347],[12.996725886536563,37.9037056022522],[12.996624644891247,37.90387900613458],[12.996428102713088,37.90421564015705],[12.996087559870697,37.904605542732696],[12.995611024755704,37.90540991691318],[12.995545035415113,37.905553344588235],[12.99540274226398,37.90586261384425],[12.995320523668866,37.90604130864426],[12.995287661311792,37.90612169857571],[12.995257435955194,37.906195635847],[12.99521150115541,37.90630655572486],[12.995171322164978,37.90640628697535],[12.995117290734198,37.90653845728143],[12.9950890097823,37.90660764173337],[12.994943621735679,37.90691921717644],[12.994884002223257,37.90704698526778],[12.994797617012726,37.90734171367674],[12.99473466534412,37.90755649077561],[12.994705804162862,37.9078636667925],[12.994701632679345,37.90790806403387],[12.994698326605727,37.90794324946815],[12.994691265140982,37.90801840245344],[12.994683024169841,37.90810612065735],[12.994668865542446,37.908256817869],[12.994668974294715,37.90828294803503],[12.994670788686312,37.90871770579827],[12.994671615457609,37.90891582682454],[12.99467337628355,37.909337559537654],[12.99468064010224,37.909442591174994],[12.994738949600796,37.91028563431417],[12.994833408702123,37.91117483303193],[12.99484763975634,37.911308801699455],[12.99495648458199,37.911537500939936],[12.994997750539596,37.91162420525268],[12.995055607147746,37.91170058751181],[12.995093707078897,37.91167115679625],[12.995151888596899,37.911620376182],[12.996346445668296,37.91057776886045],[12.9963854917034,37.910537785554624],[12.99697154067057,37.909937671008386],[12.997247215594104,37.90965537863577],[12.997646854962223,37.909336595852686],[12.997768461438667,37.90923959271984],[12.997843626388294,37.909179636154875],[12.998027323386998,37.909033828351454],[12.998232460449996,37.908962753982976],[12.99857825109624,37.90884294583169],[12.998760846254196,37.90877968068217],[12.999379110879465,37.90863703307273],[12.99949167930869,37.90861598186923],[12.999774748912913,37.90856304551612],[12.999929145523943,37.908534172009205],[12.999999287558,37.90852344421432],[13.000173827555978,37.90826320575233],[13.000005907512362,37.90810886543597],[12.999951742353339,37.908059082016244],[12.999949526864311,37.90794343827435],[12.999946100734055,37.907764730120654],[12.999943151835899,37.90761086136021],[12.999942426377352,37.90757299367704],[12.999935846644116,37.90754167924926],[12.999888489228175,37.90731631350839],[12.999841883656831,37.90709451258556],[12.999752791192178,37.907043886699384],[12.999700063200867,37.90701392324187],[12.999578228720713,37.906944690364845],[12.999465005457106,37.90688034996178],[12.999417040121918,37.90685309320214],[12.999281040967315,37.906775810069185],[12.999219867682609,37.90652567751864],[12.99954189515877,37.90635287655597],[12.999658986471317,37.906290045279135],[13.000092259166738,37.906234767476676],[13.000374721412413,37.90591438532525],[13.000381341121592,37.90586630966398],[13.000451148651736,37.90535939177566],[13.000458844560416,37.90530351129616],[13.000497780021318,37.90488645774689],[13.000506930161308,37.90478844322733],[13.00053563571324,37.904592014012614],[13.000576382565225,37.90431319645166],[13.000574823413169,37.90426544966212],[13.000573103037542,37.904212737952825],[13.000556450804476,37.90370243191614],[13.000553511759207,37.903612359322565],[13.000551718122107,37.90355739369284],[13.000474305370224,37.903492983502154],[13.000073433847106,37.90315944411156],[12.999563103548612,37.90286009253116],[12.99950430868677,37.9028256072867],[12.999455382534885,37.9027969113292],[12.999412848370989,37.9027719638679],[12.999390434357242,37.90265664716051],[12.999366990225946,37.90238110083429],[12.99943688809564,37.90233134994213],[12.999598701924166,37.90221617931571],[12.999868176894498,37.90233761625079],[12.999966395737614,37.9023595016688],[13.000007303055297,37.90236861755064],[13.000192640226675,37.902409915915364],[13.00037664043455,37.90245091540289],[13.001000159151495,37.90252426817015],[13.001237207374384,37.9025749890057],[13.001690246726291,37.90267192545368],[13.001729666489013,37.90268538261246],[13.001901376643312,37.902744000043036],[13.002308787548639,37.90288307626098],[13.002613934113114,37.902987242909994],[13.002815283805504,37.90316325008598],[13.002896224302095,37.903234004194935],[13.002980912203514,37.90330803276994],[13.003031911721495,37.903398398418084],[13.003177816354103,37.903656927134044],[13.00319787459683,37.90369246526825],[13.003445282318541,37.90374283310273],[13.003492760737522,37.90375249852697],[13.00365450906536,37.9037854260671],[13.003858249353588,37.9038269012827],[13.00389906988867,37.90383521164824],[13.004412231551834,37.90420504896072],[13.004786142006047,37.904335587256384],[13.004878671062345,37.90436789050905],[13.004955890248793,37.904394847909494],[13.005015694148863,37.90441572686554],[13.005234964767663,37.904492275615745],[13.006017612482536,37.904145828980546],[13.006742362662775,37.9038498708686],[13.006783673520138,37.903833000743866],[13.006899705760416,37.90392373234462],[13.00697533311556,37.903986158802894],[13.007144073172533,37.904125444509226],[13.007864941833642,37.90482595406926],[13.00821722619944,37.90510808714847],[13.008566167436625,37.90538753898413],[13.009239814948371,37.90570232879344],[13.009389176134327,37.90558312354454],[13.009499929906934,37.905494732617065],[13.009634779302083,37.9053871087747],[13.010233698523432,37.90474996223426],[13.010270736323124,37.904710559177744],[13.010360731135915,37.90461481951994],[13.010788423401042,37.90424251377363],[13.010878257842048,37.90416431791],[13.011141699804913,37.90393500179875],[13.011313929692843,37.90379472490524],[13.011978562954122,37.90325339426564],[13.01266329221476,37.90282382914681],[13.01273019610269,37.90278185621602],[13.013302905932255,37.90264323506009],[13.013338339916583,37.90263527371726],[13.013657412374702,37.90268438115465],[13.013811448048003,37.902708782837095],[13.014073404567098,37.902749483065094],[13.014443313436555,37.90277373113488],[13.014491049597078,37.90277583671453],[13.014555730071987,37.902784132612894],[13.014752719341171,37.90279828321844],[13.014809115820611,37.90280233478025],[13.01484373591693,37.90280482166947],[13.015050598297446,37.90281968113399],[13.015258487927072,37.90282247910058],[13.01561798746679,37.902827318270276],[13.015844675719245,37.902436751055134],[13.015916465305642,37.90187583906432],[13.016211389504695,37.90105508974376],[13.016405120911822,37.90060709500057],[13.016806298708836,37.90048528011725],[13.017360640535879,37.900605959878426],[13.018206708273253,37.900851750720115],[13.019132467638508,37.901112832132924],[13.01996006805725,37.90121514923816],[13.020416020485028,37.90118602870592],[13.020858623297412,37.90121141312484],[13.0209872583829,37.901246691809256],[13.02145725328447,37.901375586666795],[13.022002538412217,37.90156366404008],[13.022301777340534,37.90166687491743],[13.022336318736766,37.9016787887109],[13.02323581005248,37.90204432051951],[13.0238322913373,37.90229863174214],[13.024391597216328,37.90265327724843],[13.024705043044747,37.903241546977306],[13.025190355408194,37.903828428012666],[13.025335322338236,37.90403087929892],[13.025530309845642,37.90430318369447],[13.02621070371499,37.90477979553785],[13.026575756630754,37.90491312399143],[13.026887096911846,37.90502683506179],[13.026923628116482,37.90503677596116],[13.027363196681609,37.905156394230104],[13.027813140851219,37.90527883483783],[13.028305860218264,37.905533192013166],[13.028418522443358,37.90559135035736],[13.02861215004336,37.905761353883435],[13.02874732858827,37.90588003721921],[13.028996146688918,37.906098493738334],[13.029203359686251,37.90617867734639],[13.029247830483268,37.90619588457557],[13.029626930578864,37.90634258055324],[13.030339342815447,37.906554362636925],[13.03036208097002,37.90657922812182],[13.030488029283175,37.906716950810114],[13.030528461171906,37.906761160169374],[13.030614109820178,37.90685481653895],[13.03081183253282,37.907118269518946],[13.030845777115609,37.90717453089647],[13.030974710463687,37.907388229210504],[13.03101586708294,37.90745644384129],[13.031127732839,37.907641854688585],[13.03117122865061,37.90771394512076],[13.03121762595033,37.90776026270222],[13.031437270241183,37.907979534392],[13.0314652466868,37.90801617112657],[13.031482001741606,37.90803811332668],[13.031586108795468,37.90817444477276],[13.031755659799854,37.90839647756609],[13.031789885219194,37.90847792308339],[13.031860534366782,37.90864604319112],[13.031957958049713,37.90887787901514],[13.032069342100758,37.908999399593185],[13.032151263788613,37.90908776457232],[13.032397027935867,37.90935286186894],[13.03253363334054,37.90950021207187],[13.032803180814245,37.90964139796797],[13.032849365493366,37.90966558972876],[13.032953798317022,37.90972028958099],[13.033052899470118,37.90977183324197],[13.03383802710288,37.910081468093594],[13.033912335030525,37.91012329090315],[13.034599756390508,37.91051018690832],[13.035124039004733,37.91089752524031],[13.035901501172622,37.91142204570154],[13.035943287590527,37.91145023797661],[13.03599500676453,37.911485130242816],[13.036051449116398,37.91152320744454],[13.03633495504428,37.911846104183184],[13.036581166359698,37.91212651923852],[13.036813672791835,37.91252901151708],[13.036907697913,37.91269177627359],[13.036962211121107,37.91275332352178],[13.037005821557457,37.91280256184525],[13.037118915458082,37.912930249913046],[13.03733319314149,37.913172176859106],[13.0373606343539,37.91320315931477],[13.037438619335786,37.91324505518054],[13.037723786397983,37.913398254351044],[13.03815644034882,37.91363068457107],[13.038706231015112,37.91388420256939],[13.039010843427274,37.91402466272686],[13.039955355835193,37.91442905828596],[13.040537863570012,37.91467130631068],[13.040855599799897,37.914803442138414],[13.041654755974132,37.91512272569498],[13.042117881209048,37.91531425597829],[13.042150883252463,37.915327904656316],[13.042211318323721,37.91535289759374],[13.042589802551,37.91550942071338],[13.042667169089498,37.91554632426909],[13.043087684879607,37.91574690995769],[13.043345681954237,37.91586997287567],[13.043488055984538,37.915937883657826],[13.04448819648022,37.91635833214425],[13.045072427735155,37.91665798248428],[13.045387294806405,37.91682729815024],[13.04567567663048,37.91693232595509],[13.045709571575012,37.91694467099301],[13.045831436873288,37.91698905664359],[13.046437962323306,37.917209960675955],[13.046783076571772,37.91733714578631],[13.046869864444767,37.91736912905337],[13.046915342665743,37.91738588927079],[13.04687021247134,37.91740319060125],[13.045608454172598,37.91788689033233],[13.045482196417552,37.917935290590236],[13.044755037465347,37.91832061811479],[13.04459304254768,37.918538825688195],[13.044433151627489,37.91875419803007],[13.044392793074252,37.91880856036109],[13.044106530381432,37.919194152591494],[13.043315469608686,37.92030677646543],[13.043225124871755,37.92041891678703],[13.042911363196902,37.920808370164195],[13.042714646428758,37.92105253894283],[13.042675776882517,37.921088561566656],[13.042590477135793,37.921167613540014],[13.042532119129536,37.92122169835088],[13.042504542008762,37.921247253887955],[13.042356185968513,37.921386231350844],[13.042327407889688,37.921411412022],[13.042038337477479,37.92167930869329],[13.041181773744913,37.922271748395055],[13.041134405426774,37.922318310693164],[13.040830432517673,37.922617099422595],[13.040579259860063,37.92295025019949],[13.040536711801495,37.92300668355779],[13.040523904253703,37.92303215496966],[13.04053524790062,37.92344243494015],[13.04055727649153,37.923489416220455],[13.040674485015906,37.92373938869881],[13.040669274546087,37.92394589554907],[13.040665304645868,37.92421636253657],[13.040659474318653,37.92433440370022],[13.04102989144881,37.92449279806355],[13.041074456615277,37.924653774041694],[13.041120793027552,37.92482114835057],[13.041131398833517,37.92485945815321],[13.041145986080343,37.924912149295764],[13.041153543377314,37.924991159856276],[13.041172607837199,37.925190469702045],[13.041255234883991,37.92526689536215],[13.041443650420566,37.92544116675719],[13.0415716526965,37.92555956003369],[13.042078537048381,37.92571775731727],[13.04211856578316,37.92595508690695],[13.04203210052531,37.926205752578895],[13.042028905758977,37.92633865551491],[13.04202282559527,37.92659160424759],[13.042021915532533,37.92662946614271],[13.042130662056483,37.9268407228441],[13.042172260445856,37.926921534564244],[13.042263323302494,37.92703370097635],[13.042284656681916,37.92705997773976],[13.042481715663884,37.927302704993316],[13.04254052411343,37.92747453421053],[13.042618828917114,37.9277033278749],[13.04258231909783,37.927749779272276],[13.042466024557113,37.92789774314872],[13.042409228842482,37.92793775316528],[13.042335637566895,37.927989594114926],[13.04216356026806,37.92811081159576],[13.042112012353,37.92832426669035],[13.04235630253763,37.928366407890465],[13.042429804998958,37.92837908705482],[13.042634375322308,37.9284143750239],[13.04248270889321,37.92857494605874],[13.042247458951548,37.928824009037406],[13.04225676856751,37.928866776969336],[13.042328220775275,37.929195043927095],[13.042402213776848,37.929203506016925],[13.042873215728646,37.92925736605891],[13.042987985800266,37.92924796513379],[13.043442118182115,37.92921076210017],[13.043824279539884,37.92942729404555],[13.043951455891083,37.92963039407276],[13.043980533499973,37.929676830202006],[13.044080065031103,37.92983577936261],[13.044101535805002,37.92987006588951],[13.04414016786796,37.93022907700254],[13.044160763747513,37.93045605929305],[13.044091072092412,37.93057376769044],[13.044063868466965,37.93061971274377],[13.043985130095878,37.930752699341916],[13.043910337054474,37.93087902235942],[13.04371145217608,37.93108854749402],[13.043681861382472,37.93114457114378],[13.04364928097508,37.93120625711069],[13.043568508922974,37.93135918126903],[13.043602136395815,37.93137102974795],[13.043659429999646,37.93139121704239],[13.043848306695505,37.93145776469161],[13.043917889805341,37.93148270633538],[13.043947217223156,37.93174794553767],[13.043954812845431,37.93181760559823],[13.043963567011337,37.93192927092619],[13.043979802790597,37.932136371553376],[13.043983095868029,37.9321783754036],[13.043989357739115,37.932258255325706],[13.043992836050469,37.93230261906546],[13.043998334300607,37.93237003278856],[13.044023798783524,37.932636068763486],[13.044199899747998,37.932801158774744],[13.044228910523037,37.93282087819405],[13.044309500975876,37.93287565354754],[13.04450260389712,37.93300690122746],[13.044785790670552,37.9331661813808],[13.044894986806801,37.933227597147166],[13.044888296024656,37.9332543833809],[13.044830312745978,37.93348653540933],[13.044913796539014,37.93352558541629],[13.045135241444276,37.933629166055056],[13.045168921773312,37.93368925450768],[13.04539527216792,37.93409308595373],[13.045375957025017,37.934132495861746],[13.045333976318084,37.93421815332484],[13.04530456973701,37.93427815053278],[13.045215646387172,37.93445958322176],[13.045227749317817,37.934568374076726],[13.04524163472807,37.93469318550762],[13.045259367630614,37.934852574777295],[13.045256574509779,37.934915744044375],[13.045246973033022,37.93503767926857],[13.045196186914056,37.93548844829568],[13.04502270277164,37.935509619392754],[13.044795867242726,37.93553730296593],[13.044697601267805,37.93554929475982],[13.044678802904315,37.93564842079211],[13.044633825099295,37.93588560870834],[13.044617652489558,37.93597089080328],[13.0445665355253,37.93625800055722],[13.04453783063813,37.93641922113813],[13.044509944265464,37.93652778551623],[13.044448471035233,37.93676037098922],[13.04451717196315,37.936864291298804],[13.04453619686391,37.93689307003925],[13.044801165812132,37.93729386855581],[13.044853112409834,37.93737244378883],[13.04485827601239,37.937625482485394],[13.044859295185889,37.93767541639039],[13.044861284592825,37.93777294213841],[13.044863215341667,37.93786751365017],[13.045171609443864,37.9381861782872],[13.045449509338823,37.938473329252574],[13.045757609628192,37.938537799618935],[13.045969219650534,37.93858207848355],[13.046003929820657,37.938589341918465],[13.046046548397298,37.93861349400208],[13.046173081321406,37.938672027824865],[13.046353725241486,37.93876033191142],[13.046514698903447,37.938839021341956],[13.046762622241523,37.939028546326675],[13.046932112994067,37.9391592031164],[13.047012473281935,37.93922115155442],[13.046943105140373,37.939339989946305],[13.046908476070373,37.939399314456445],[13.046701262900037,37.93975429710356],[13.046459694456694,37.94029265071169],[13.04641184248392,37.94039929195456],[13.04639325387916,37.940429061529024],[13.04626586096463,37.94063308408883],[13.045972121462723,37.94110351415556],[13.045894990977766,37.941208187562296],[13.045369430175137,37.94192142977671],[13.04516929563749,37.94232791863495],[13.045093326853037,37.94248221246875],[13.045026434569076,37.94261807517141],[13.044949879096754,37.942773563698964],[13.044856356788902,37.943198405089355],[13.04478031543175,37.94354491267482],[13.044616520374834,37.94439034656076],[13.044597583493134,37.944488091977206],[13.044436780603036,37.94490236895732],[13.044276544041551,37.94531518144423],[13.044263164057297,37.94534965253586],[13.044243220005084,37.94540103236764],[13.04368873604133,37.94569935684545],[13.04315681915361,37.94603292924106],[13.04261867767872,37.94626510736379],[13.04253871361792,37.94629960800319],[13.042463136246882,37.946332214677795],[13.04237414387776,37.94637060998566],[13.042181832669108,37.94649582491225],[13.041643843012201,37.94684611037137],[13.041781325321658,37.94718816792811],[13.041795261838052,37.94721261119113],[13.04181982238812,37.94725569017245],[13.041946661596107,37.9474781574839],[13.041962925494165,37.947506683895966],[13.042118789538582,37.94778005604123],[13.04233449314355,37.948079410752015],[13.042485898943331,37.948289532120036],[13.042558964102476,37.94839093053559],[13.04297295496832,37.94902971152478],[13.043021121921264,37.94938463531181],[13.04310779377463,37.95002329147971],[13.043128273128508,37.95017419678623],[13.043144299264991,37.95029228080511],[13.043149042486892,37.950327233179905],[13.043163981251642,37.95043729833605],[13.043609078282302,37.95159106111594],[13.043619686071692,37.95161855785201],[13.043664661387417,37.951735142545225],[13.043778060141308,37.952328304318186],[13.043784055892107,37.95235966458656],[13.043791438776122,37.952398283960335],[13.04386244043731,37.9527696703273],[13.043867418243355,37.95279570799051],[13.043872421576182,37.95282187898585],[13.043905025270385,37.95299241547766],[13.043948277803972,37.953108735964086],[13.04414944773242,37.953649748557105],[13.04418115470462,37.95373501777603],[13.044222878208384,37.95391043654479],[13.04425956255259,37.954064666685],[13.044360780667128,37.9544902117636],[13.044416321351571,37.95472371131846],[13.044425068957816,37.95476048845137],[13.044433473306787,37.95479582089525],[13.044443907157948,37.95483968738881],[13.044529666170847,37.955200228927026],[13.044442891274496,37.9559621321223],[13.04443851901369,37.95600052477987],[13.044453622929828,37.95659868148699],[13.044455449270727,37.95667099449487],[13.044494944511316,37.956660314472494],[13.044554027642317,37.956644338196405],[13.045325012658353,37.95643700058935],[13.045491726258474,37.95640904887773],[13.046059074829747,37.956314021951215],[13.046173341279138,37.95632273213727],[13.046300624256848,37.95633243408637],[13.046547448228422,37.95635124768455],[13.046653467990227,37.95638247643142],[13.04699912859336,37.95648429507996],[13.047552379090464,37.956640884550765],[13.047953847725868,37.95668154498201],[13.047994423956839,37.95668565460923],[13.048381757788446,37.95672488212036],[13.048700456800814,37.95671567219273],[13.049189601942068,37.95670153482432],[13.049701795415178,37.95680714836788],[13.050050429803923,37.95687903435104],[13.05064468394199,37.95716580652289],[13.050679374216173,37.957182546678304],[13.050743352088379,37.95721341917482],[13.051373027404745,37.95763057461171],[13.051688329810032,37.95779340325588],[13.051721768764608,37.95781067265741],[13.051844981588706,37.95787430136957],[13.052092407890024,37.95800207602311],[13.053095170836587,37.95835479111193],[13.053430995471373,37.958569014743595],[13.053556186523751,37.95864887408093],[13.053541877605483,37.95868570573507],[13.053069559434688,37.95936115312642],[13.051828032810441,37.95938598589468],[13.051625230889698,37.9594070327069],[13.05132009793138,37.95943869965618],[13.050983184542343,37.95947366337399],[13.05089167786865,37.95951163056445],[13.050625015678362,37.95962227474951],[13.05033554314339,37.95974238274544],[13.05018998787649,37.95980277638229],[13.04996465151119,37.95995109894915],[13.04954016482766,37.96023050406293],[13.049240248440018,37.96039079777004],[13.048951048975233,37.96054536364936],[13.048882574186553,37.96058195883977],[13.048266947109088,37.96083106936458],[13.048237777392089,37.96084287291995],[13.048130592965917,37.96082924505122],[13.047919953538083,37.96080246488156],[13.04784498498619,37.96079293272932],[13.047557704481557,37.96075497853585],[13.047156866066013,37.96065329793524],[13.046990668678205,37.96061113839337],[13.046842002055966,37.96058282613974],[13.046794462359896,37.96057377229766],[13.046369831724562,37.960492902575794],[13.046372051359207,37.960672993291894],[13.04637769781947,37.96113102167656],[13.04638031880848,37.96134374788728],[13.046341214280725,37.96158287759299],[13.046335342277624,37.96161878545727],[13.046270699523282,37.962014075443236],[13.046214062995606,37.96214476842921],[13.046083679911053,37.962445661390454],[13.046028998967373,37.96257184985307],[13.04579964360844,37.96270409065833],[13.045754372515129,37.96273019184968],[13.045439611585852,37.96291167586558],[13.045405956944254,37.96293107968837],[13.045365324708447,37.962941043520985],[13.045087457886078,37.963009178717016],[13.044935869270281,37.96304634993075],[13.04463705311576,37.963213516608114],[13.044403982490667,37.96334390287318],[13.044309032882772,37.96358366341553],[13.044286876253532,37.96363961149475],[13.044201313302278,37.96381372031153],[13.044158975096252,37.96389884309779],[13.044118204297513,37.96398081243113],[13.044059449036546,37.964098939054836],[13.043993388391664,37.96423175345503],[13.043964506610573,37.964355909658956],[13.043925603290255,37.964523140518416],[13.043864532785587,37.96478565712687],[13.0434651388169,37.96529480699117],[13.043054816544362,37.965682746353046],[13.042551883559042,37.966235986676395],[13.042391223062975,37.966365634100605],[13.042175379749578,37.96654817455834],[13.041997469491962,37.9666833800799],[13.04188730010921,37.96677228138997],[13.04174630859958,37.966988814436654],[13.041538194190608,37.967383170399174],[13.041446142763078,37.967557595246966],[13.041049088032553,37.968096871588436],[13.040967009449293,37.96820835014296],[13.040929821580098,37.96825885730445],[13.040906317764483,37.96828875923101],[13.04066784330249,37.968559628347315],[13.040542847105677,37.96870160437865],[13.040453342238832,37.96880326684535],[13.04038705828115,37.96887855547297],[13.040358164989497,37.96891137287553],[13.039881397801555,37.9692867172424],[13.039549937910099,37.96954593216562],[13.038899634449896,37.9698853243991],[13.03881088467135,37.96993164212532],[13.038354801232767,37.97008961699508],[13.038176873466968,37.970151245466],[13.037800368496086,37.97028165371951],[13.037666665484943,37.97032814611449],[13.037235919011815,37.970477927951585],[13.037052999153099,37.97054153416349],[13.036204676467964,37.97048468891482],[13.036120090365262,37.970479020810714],[13.035641963175998,37.97040693340584],[13.035561051632824,37.97039473520745],[13.0354788630645,37.97038234303567],[13.035428888741572,37.97036801610136],[13.035339059534735,37.97033671665085],[13.03527428062918,37.97031414667168],[13.035167867060792,37.97027706844932],[13.034982136641368,37.97021235465482],[13.034763477840599,37.97013616766234],[13.034639661394355,37.97009302489558],[13.034076958189674,37.96986916630791],[13.033247070548244,37.969631256982],[13.03311861250831,37.96959442948577],[13.03296865907098,37.969551440263075],[13.032937659652077,37.96953984475378],[13.03285529741462,37.96950903725709],[13.032768380530207,37.96947652695382],[13.032680557635148,37.96944367748647],[13.032642016993378,37.96942926118253],[13.032593939418136,37.96941127839553],[13.03254188332068,37.969391808145645],[13.032461784253195,37.96936184682364],[13.03237140601625,37.969328040888755],[13.032240460374458,37.96927906114145],[13.032029578802053,37.96920018067167],[13.031865849048033,37.96913893639262],[13.031497921289787,37.96892113726571],[13.031383631088849,37.96885348063286],[13.031188276405725,37.96873783657677],[13.030768696074068,37.96848945397448],[13.03073195472087,37.96846098392577],[13.030566414785387,37.96832993955774],[13.030471694808304,37.96825495561971],[13.030181758540786,37.96802452230943],[13.030136491323377,37.96798959621649],[13.030112158264862,37.96797033278289],[13.02995314996261,37.96784445434596],[13.029339593834608,37.96759667731293],[13.0292577367512,37.967563619607795],[13.029223793427443,37.967549911837075],[13.028871578962736,37.96740607953477],[13.028562023642587,37.96724193016755],[13.028414836240904,37.967163880135054],[13.027918909375375,37.96690089761688],[13.027807273292977,37.96681768763077],[13.02767252397508,37.966717250664566],[13.027397622201038,37.9665123460086],[13.027225751050885,37.96638423853815],[13.02692900789942,37.966034813991364],[13.026775155221829,37.965853646296644],[13.026619964413152,37.96567090200505],[13.026428211121631,37.96540880186517],[13.026265578469278,37.96518650439712],[13.026179594699288,37.96506897657002],[13.026161224126156,37.965013345418065],[13.02614628161585,37.964968094099206],[13.026074265754925,37.96475001121805],[13.025988517274627,37.964490333943886],[13.025974511879996,37.96444792116677],[13.025919165260717,37.964280310520834],[13.025895778673767,37.96420948984502],[13.025823830787033,37.96350487360109],[13.025612167001224,37.96306701970496],[13.025560241504373,37.96295960407384],[13.025527529301739,37.962891935794694],[13.025508495673469,37.962861068169154],[13.025375767772987,37.963012405484825],[13.025212452491528,37.96319861506368],[13.025075392385096,37.96335488982864],[13.025009330282144,37.96346062762262],[13.02494683867238,37.963560651158176],[13.024884629381303,37.963660222719426],[13.024849086273017,37.96371711349017],[13.024612467902559,37.964095841496025],[13.024407963543233,37.964269113378336],[13.024028892239876,37.96459029030052],[13.02386216351511,37.96473155497248],[13.023814960050181,37.96477896550072],[13.023742424295353,37.96485999071748],[13.023566503806418,37.965056504039815],[13.02352478300371,37.96510310601343],[13.023485882429778,37.96514656051281],[13.023411786889831,37.96522932788182],[13.02333916991115,37.965310443920934],[13.023227148378494,37.96608441773287],[13.023315736421381,37.96659930803597],[13.023384490657781,37.9668044120316],[13.023477205899054,37.96708099303922],[13.023653066406354,37.967605597336814],[13.024086557196599,37.96843293597602],[13.024174344012875,37.96857961307566],[13.024307158223671,37.96880152273878],[13.02440146234006,37.968959084386285],[13.024577195517157,37.96925269912369],[13.0247838792334,37.96959802158158],[13.024843304581093,37.96965611288567],[13.025332414044227,37.97013424481488],[13.025549479412271,37.970346435670436],[13.026007492761423,37.97085412026077],[13.026062632250865,37.97091523931924],[13.026107308617963,37.970964760481785],[13.0263337813238,37.971215789188925],[13.02637097449712,37.97126061176533],[13.026510512958257,37.97142877810961],[13.026539386260394,37.97146357498692],[13.026584254375928,37.97151764897457],[13.026684186979471,37.97163808391775],[13.026940598025323,37.97194709479602],[13.0274330889084,37.97266881449859],[13.027829723706631,37.973132607442935],[13.028192828915653,37.97364708032348],[13.028462521980073,37.973962079502904],[13.028623625141638,37.97415024489706],[13.028691992439997,37.97426028071109],[13.028742252332336,37.97434117329264],[13.028839630400448,37.97449790216526],[13.0289201637546,37.97462751619447],[13.028938705809528,37.97465735873289],[13.029084284300176,37.97523784238469],[13.029027763979519,37.97538174140356],[13.02898083930433,37.97550121614797],[13.028957296734424,37.97556115172912],[13.028887628040605,37.97573852594994],[13.028802765672983,37.97595458252266],[13.028775091755808,37.975993539930755],[13.028643149654352,37.976179280843105],[13.028604433023572,37.97623378385252],[13.02842525986467,37.976486012245985],[13.028404820590776,37.97651478523421],[13.028317446922012,37.97663778383447],[13.027799766152478,37.97692469153845],[13.027772384769877,37.97693932295654],[13.027719249151023,37.976966921228545],[13.027566267375246,37.97705086829237],[13.02729556972591,37.97722214536803],[13.026996092948758,37.977411631954844],[13.026920175788227,37.97744997517668],[13.02679360793106,37.97751164162168],[13.026496896851649,37.977656202722855],[13.026340435644558,37.97773243191557],[13.025918385278294,37.977887965235766],[13.025478052711032,37.97805023444593],[13.025382638708985,37.97805230525561],[13.025170740259568,37.97805690583225],[13.024951835562657,37.97806165608269],[13.024762011087784,37.978065775884545],[13.024726983751822,37.97807150171903],[13.024680303212822,37.97807913297315],[13.024614482620144,37.97808989362204],[13.024467455944965,37.97811392912501],[13.024325167358345,37.97813718956697],[13.024247304263401,37.97814991828728],[13.02406484385285,37.978179746042194],[13.02391011751196,37.97839837982016],[13.02389261292008,37.9784231134263],[13.023816598824054,37.97853052305794],[13.02377481239934,37.978806688260484],[13.023513781713882,37.978901995934976],[13.023329957954124,37.97896911353722],[13.023270696423584,37.978997494406244],[13.022808329620666,37.97915956652368],[13.0227156285632,37.97920291914351],[13.022396664367808,37.979352085839146],[13.02217447065712,37.97945599470925],[13.022110314700312,37.97949182341438],[13.022055206797416,37.97952182329193],[13.021906390691333,37.97960647713032],[13.021725454011388,37.97979402739575],[13.02144890002114,37.98007959731846],[13.02106519958829,37.98047580152727],[13.020912618973446,37.98055520107512],[13.020129498495123,37.98096271073804],[13.019739994941252,37.98124629217131],[13.019188260439506,37.98164798107105],[13.01917171247675,37.98169855806426],[13.018903620715522,37.98251791890277],[13.018843525948109,37.9828643193591],[13.018794864737309,37.9831448078308],[13.018787804913641,37.98318550399128],[13.018779160100374,37.983235330366576],[13.018773535322415,37.983272401431364],[13.018692464092926,37.983684421536424],[13.018651886309549,37.98371161852235],[13.01810296090503,37.9840795329166],[13.017984995276557,37.98415797500895],[13.017552468532617,37.98441883472907],[13.017457549606755,37.98447607948662],[13.016814706016124,37.98486377408647],[13.016685810079037,37.984915997708455],[13.016511049161835,37.98498680426764],[13.016285009403434,37.98507838650525],[13.016167023333567,37.985126189351426],[13.016134808077998,37.985139242320486],[13.015886248688087,37.98516733433425],[13.01571155538486,37.98518707827568],[13.015106225665797,37.985255491016325],[13.014213352264989,37.98542112602556],[13.014020796718697,37.98584205267139],[13.013995926280646,37.98589471680477],[13.013953471669604,37.985984617413465],[13.013887350340127,37.986124635081595],[13.013754944518352,37.98640500917255],[13.013680824392386,37.98646321184969],[13.013548743565567,37.98656682983299],[13.01340317604555,37.986681025875775],[13.013369608315642,37.98670735909098],[13.013343742496907,37.98672765073747],[13.013189822067604,37.986848401246554],[13.01313513691294,37.986891301248534],[13.01303461112721,37.98697016397494],[13.012976402195994,37.98700286260425],[13.012914003597237,37.987037913929164],[13.0124677078422,37.98728862241077],[13.012317526886372,37.987372985135416],[13.012200585673247,37.98751364756127],[13.012041430818083,37.98770508642035],[13.011994315213594,37.98776175921861],[13.01185893190058,37.987924602836586],[13.011651900835592,37.9881579540559],[13.011306758239993,37.98854697027527],[13.01071239339892,37.98878353802497],[13.010634851564115,37.98881257674858],[13.01047196399255,37.988793474706],[13.0100282207279,37.98874143482033],[13.009924632482376,37.98872928565362],[13.009297379662117,37.988925599602894],[13.009250913544117,37.988940141646644],[13.008482892407033,37.989352249159225],[13.007910993838761,37.98965064656887],[13.007844093804,37.98968555257532],[13.007710676465187,37.9897551649585],[13.007634152658131,37.98975733082789],[13.007538494182327,37.98976003799601],[13.00732827096417,37.98976598741908],[13.007224165633607,37.98976893395417],[13.0069350968147,37.98977711484447],[13.006657653456267,37.98973317793866],[13.006605189208742,37.98972404551978],[13.006163034539608,37.98965484681194],[13.00607672377779,37.989676173129624],[13.00592781713638,37.98971296421704],[13.00533831310603,37.989858618073576],[13.004250926407938,37.99014505874687],[13.00385564115176,37.99040120817471],[13.003762095077452,37.99046182724951],[13.003755515737058,37.990541386478476],[13.003751258906362,37.990592858442],[13.003699406294803,37.991259488978706],[13.00374337130222,37.99148475497724],[13.003758330395405,37.991561399981954],[13.003767428061662,37.99160787949253],[13.003787537685985,37.991710389697396],[13.003797733166097,37.991761458048856],[13.003826464997873,37.991905348573546],[13.00397338863173,37.992391630224596],[13.004034782561178,37.992594824151354],[13.004046000983365,37.99263195804254],[13.004122687038812,37.99316529209398],[13.004046567593948,37.99378738991142],[13.004033590892577,37.993893438692695],[13.003530320134823,37.99439700037198],[13.002922984222698,37.9949626585835],[13.002479186356103,37.99577495166587],[13.002198945008013,37.99645556371394],[13.001761637858243,37.99746579378849],[13.002345901708171,37.99775664371684],[13.003283573055047,37.99804444215485],[13.003679405183052,37.99828690946993],[13.003854668804447,37.998394266078016],[13.003578377307,37.99907927912383],[13.003558444751725,37.99912869949277],[13.003524976875866,37.999211675090336],[13.00342631717442,37.999457160938285],[13.00331759767444,37.999727670376394],[13.003316585143745,37.99979890502854],[13.003314052222825,37.9999770561154],[13.003313263743495,38.00003262891709],[13.003305813501509,38.00055676165766],[13.003592008316511,38.00134416627549],[13.0037137475589,38.00190749290469],[13.003755695128284,38.00245551437746],[13.004099036790363,38.0026697591288],[13.00420704564515,38.00273715593884],[13.004248426481333,38.00276297717181],[13.004364595366567,38.00280429344257],[13.00441863957989,38.00282351526168],[13.004722193461621,38.002931476816364],[13.004958179535405,38.00304503100577],[13.005043535253092,38.00313689494531],[13.00532741904201,38.00345006265988],[13.00535481531084,38.0035294842893],[13.005461126476998,38.003837548871886],[13.005492188370937,38.00392755806802],[13.005504958212983,38.00398042810894],[13.005597833154447,38.004296342493035],[13.005628057242491,38.00440186687758],[13.005638618109206,38.004438741919465],[13.00570043327151,38.004654563942374],[13.00575540665452,38.00477438646544],[13.0057886128599,38.00484676221382],[13.005958805754148,38.00521770628416],[13.005968522380977,38.005244640555844],[13.006112805857718,38.00564459078763],[13.006145539582542,38.00573533177693],[13.006203851085573,38.005896966597646],[13.006215784396547,38.00596185320057],[13.006185557912186,38.00600056399183],[13.006071357557405,38.006146813890204],[13.006038126769468,38.00618936978496],[13.005822594206567,38.006465387750275],[13.005672614657234,38.00659350894766],[13.005617947584073,38.006640209038736],[13.00497141391396,38.00719250895655],[13.004895603526219,38.00723629001804],[13.004760202372767,38.00731448487561],[13.004416113296875,38.0075131933736],[13.004350656188572,38.007546211865694],[13.004240421060231,38.0076018162331],[13.004025833626892,38.00771005602328],[13.003738561517645,38.007854957710215],[13.003688310888151,38.0078803043942],[13.003075189618288,38.00819279479192],[13.002949636184661,38.00825678475334],[13.002919109400056,38.00829205690316],[13.002691198493679,38.00855539180411],[13.002620283150028,38.00863732803275],[13.002541665348572,38.00897188921865],[13.002529598114064,38.00902323823983],[13.002531879442499,38.00906609129518],[13.002551606518773,38.00943667166415],[13.002555980158995,38.0095188424495],[13.002559989803862,38.009594161899244],[13.002499776831074,38.00960971786084],[13.002306659276622,38.009659608698904],[13.002074889686076,38.00971888935006],[13.001429638263,38.009759897708726],[13.001374047102761,38.009763430843066],[13.001300648251139,38.00977024970304],[13.001208288487431,38.00979154309254],[13.000985863623779,38.00984282240782],[13.000648773397488,38.00992053742908],[12.999801735049447,38.01008450555869],[12.999611244802336,38.010134617763605],[12.999449941169626,38.01017705090997],[12.999251044669693,38.010229372912995],[12.99901615594385,38.01047606307182],[12.998531583973339,38.01087170331107],[12.998504836082091,38.010893541520254],[12.998374321970914,38.01092564593057],[12.998091577868669,38.01099395455558],[12.997524173630023,38.01132854081048],[12.99749874525119,38.01169902423501],[12.997486062111289,38.011883811805774],[12.99763829469606,38.01256319031844],[12.997614335441787,38.012755059858094],[12.997610989580966,38.01278185324495],[12.99756543661593,38.0131466508533],[12.997493363514359,38.013190071272355],[12.997412153783802,38.01323899739554],[12.99694217182866,38.013522138482294],[12.996662157240486,38.013690831079145],[12.996637836821254,38.0137157352918],[12.996463476519292,38.01389427261686],[12.99633458716334,38.01402624933933],[12.996300457404038,38.0141304863211],[12.996284861215502,38.01417812490134],[12.996135736497273,38.014633575821016],[12.996122831863113,38.01467299074847],[12.995876399759,38.01485986508352],[12.995669231509883,38.015016965756764],[12.99549479837032,38.01514924052346],[12.995161401218594,38.01569203584757],[12.99513072374707,38.01572723375128],[12.99487787862536,38.016017344620465],[12.994755299667979,38.01615799093901],[12.994643616383485,38.01628613502573],[12.994519516474321,38.01636587514444],[12.994434400961264,38.016420567324815],[12.994315415165111,38.016497021120315],[12.99425954219885,38.016532922016],[12.994153167080261,38.01660127396389],[12.994110743240196,38.01662853295826],[12.993359504240825,38.0166480963111],[12.992966290206727,38.01665796252719],[12.99289824692719,38.01665815281391],[12.99255269488426,38.016659120272436],[12.992412150323668,38.01665951321297],[12.992116422526628,38.01666034059001],[12.991990072428962,38.01667378780576],[12.991621671834155,38.01671299369567],[12.991556789590254,38.0167198989536],[12.991429399078388,38.016662426574634],[12.99129079557494,38.016599892899194],[12.991185494173944,38.01655238466127],[12.991117242429535,38.01640908961762],[12.990966832432992,38.016093302123494],[12.990905879612418,38.015965327480636],[12.990797433781804,38.0157376411593],[12.990765416791152,38.01567041794743],[12.990654360512188,38.01551007789136],[12.990562846642177,38.01537795260602],[12.990465942952158,38.01523804415067],[12.990389858740574,38.01512819330425],[12.99030521230174,38.015005982295555],[12.990001847907905,38.01499303355101],[12.989781837393954,38.014983642191886],[12.989703629189007,38.01498030367959],[12.989663268656425,38.01497858117083],[12.989555541213436,38.014973982114526],[12.989482864237381,38.014970877043865],[12.989453856681557,38.01500454222647],[12.989301527331047,38.01518134242092],[12.989203036401321,38.015295651568195],[12.989320749753272,38.01560241549049],[12.989339531986266,38.015692519501734],[12.98935463154662,38.01576495419786],[12.98941117592515,38.01603621427658],[12.989377464636172,38.01606612729975],[12.989203524133577,38.0162204645824],[12.989122930397832,38.01629197499191],[12.989083960292588,38.01632655239347],[12.98895783273849,38.01636759066254],[12.988635735310647,38.01647238871099],[12.988426301495096,38.016527525184266],[12.988015138314406,38.016638608108735],[12.987954090544152,38.016669577254476],[12.987589091501409,38.0168547379342],[12.987454826128955,38.01686989033463],[12.987287464244538,38.01688877255238],[12.987189467973211,38.01689983021079],[12.987035360152841,38.01699504878654],[12.986957536476762,38.01704313136903],[12.98696499648632,38.01714303323053],[12.98696903583431,38.01719712164256],[12.98697379180908,38.01726080760656],[12.986976779982978,38.01730083216196],[12.986991060334134,38.017492075182155],[12.98706097944492,38.01783647416142],[12.987069675066415,38.01788607989273],[12.987130046352203,38.0182304706868],[12.987029218143414,38.01859550762186],[12.986934105336205,38.01894221363206],[12.986902377115399,38.01905787557807],[12.98683997177111,38.01924698939823],[12.986809813753949,38.019338379338116],[12.986771091877326,38.01945572087047],[12.986715998367304,38.01962267990735],[12.986454909581246,38.01957971017086],[12.986216951414848,38.01954054650358],[12.986040574843667,38.01948052686423],[12.985868678622591,38.01942203204507],[12.98530381344558,38.0193495677985],[12.985256665498659,38.01934375149678],[12.985197483814948,38.019336450285955],[12.985124836373519,38.019423540762354],[12.985049225188112,38.01951418350487],[12.984990577373576,38.01958449136606],[12.984961630302603,38.01961919382586],[12.985140739346038,38.01982666374368],[12.985255290915639,38.01995935248139],[12.985265625713119,38.0199870719529],[12.985273218909965,38.0200172931188],[12.985290753494443,38.020087082161325],[12.985321755445815,38.020210473879025],[12.985221632385482,38.02049408494763],[12.985210723426144,38.02052498915205],[12.985103344019581,38.02052863429617],[12.985001700725581,38.02053208462926],[12.98490245438355,38.02053545351153],[12.98449235055037,38.02055839544007],[12.98413794111122,38.020597431239814],[12.98406423703066,38.020661259760686],[12.983943317345105,38.02076597891519],[12.983883124849019,38.020818105537074],[12.983845649493174,38.02085056061651],[12.98387062623561,38.02090531410173],[12.983921807345913,38.02101750958928],[12.984049989705134,38.021298501579125],[12.984203537612103,38.02151847722986],[12.984067762269934,38.02190140432232],[12.98392520610635,38.02214174174714],[12.983856895235414,38.022256905980136],[12.983771115318065,38.02238948734529],[12.983554469247027,38.022503589661376],[12.983434183714284,38.02256694114845],[12.983353812382326,38.0226525434305],[12.98317648155571,38.022841419674286],[12.983299706858668,38.02293109842651],[12.983467532713362,38.023056046078445],[12.983534170298318,38.02324396275623],[12.983563907537446,38.023327821263415],[12.983582971642768,38.02338158281824],[12.983534617596128,38.0236189699609],[12.983522221087542,38.02367982965899],[12.983497594021584,38.02380072553228],[12.983489670418733,38.023839624301075],[12.983489335176985,38.0239217406445],[12.983488727713272,38.02407090331617],[12.98348742974823,38.02438915623154],[12.983491057997872,38.02452119948627],[12.98349511044729,38.02466864481198],[12.983503461216811,38.02497258152864],[12.983504244485104,38.025001093653735],[12.983521084258982,38.02542093191908],[12.983524450027936,38.02550483316776],[12.98348089936348,38.0255418206693],[12.983198557367771,38.02578160782574],[12.982814567760961,38.02602758858619],[12.982799251966496,38.02609491832122],[12.982741653016118,38.02634812988029],[12.982698647880666,38.026537185236116],[12.982665294221992,38.026573576086136],[12.982637573149036,38.02660382182404],[12.982535245676544,38.02671546990887],[12.98251118212551,38.026741725482026],[12.9823950908742,38.02681026353508],[12.98234006574234,38.026842748787864],[12.982094885173979,38.0269874975627],[12.982194840027475,38.027026731601865],[12.982265875605739,38.02704676872684],[12.982305848533834,38.027058044021516],[12.982794864877995,38.02719597862077],[12.982883457827779,38.02724447000659],[12.983221023691721,38.0274292309891],[12.983184600625568,38.02768422829318],[12.983164786214164,38.027822960630246],[12.983029072456453,38.02813987977337],[12.982945238715443,38.028335303514325],[12.982749999103836,38.0285997245987],[12.982590872008279,38.02881523769852],[12.982726737438874,38.02905088898726],[12.982779908230638,38.02914310876122],[12.982906689111008,38.02936299762043],[12.982940724956356,38.02947301336994],[12.98300572768249,38.02968312803552],[12.983063298709354,38.02986921310368],[12.983082553764458,38.02993956555629],[12.983146610504,38.03013849868807],[12.983237229607399,38.03038469032903],[12.983274321401048,38.03048545776573],[12.98321959570849,38.03061874606546],[12.983163672667434,38.030754947486],[12.982942482307362,38.03081899421998],[12.982840482002832,38.03084852841505],[12.982670340006678,38.030897792409945],[12.98252549380904,38.03110873512731],[12.982449757837054,38.031219029779],[12.98243287280011,38.03124362132239],[12.982449354049098,38.0312738500631],[12.982469868185913,38.03131147771562],[12.98254384629786,38.03144716296734],[12.982671554741303,38.031681395682945],[12.982722820330642,38.03175327070352],[12.98286148001163,38.03194767664822],[12.982978927082685,38.03211233857083],[12.983000798461827,38.032242486376944],[12.98301404552601,38.03232131522732],[12.983021963951003,38.03236843627889],[12.983038204345853,38.03246507871536],[12.983043590608439,38.03249713404872],[12.983087193740259,38.032756606552816],[12.983094691504355,38.03280121884889],[12.983106109486407,38.032869164645966],[12.983116947309108,38.03329214461945],[12.983136534595783,38.033381637644744],[12.983242843439577,38.033867333155584],[12.983268455643113,38.033984351502085],[12.98328914054762,38.03408061336128],[12.983286603706263,38.034250112916425],[12.98328489827997,38.03436408231486],[12.983283352753416,38.03446733178233],[12.98327500414838,38.0350252241554],[12.983497718983712,38.03570151719188],[12.98351702051126,38.035760127453926],[12.983430650688726,38.03578160421957],[12.983188681131129,38.03584177562542],[12.98291970144462,38.03590866301611],[12.982660777652152,38.0361399390426],[12.982617549543358,38.03617977709359],[12.982526496284766,38.03626368774855],[12.982406477842437,38.036374291363494],[12.982382927879879,38.036622279695905],[12.982361097154337,38.036852181041375],[12.982357992960582,38.03688486223477],[12.982295991992443,38.036973775294754],[12.982184301489324,38.037133948564076],[12.981943858657479,38.03747807260914],[12.981736490139095,38.03755972948707],[12.981504704562436,38.03764947884566],[12.981430126782206,38.037678355658954],[12.981274560380577,38.03773859199518],[12.981228652640079,38.03775636812915],[12.98117868282924,38.03777436218787],[12.98067637923684,38.03795523760023],[12.980619520784922,38.037964089057375],[12.980049254174133,38.0380528510206],[12.979843999113436,38.03804184948848],[12.979807709099028,38.03803983630667],[12.979342081316553,38.03801400333609],[12.979039036154147,38.038253965439615]]]}}]}
