{"type":"FeatureCollection","metadata":{"code":"081012","referenceDate":"2026-01-01","sourceDbfExportDate":"2026-02-18","upstreamArchiveUrl":"https://www.istat.it/storage/cartografia/confini_amministrativi/non_generalizzati/2026/Limiti01012026.zip","sourceManifestSha256":"70ac8256c4785dc6ed2814c32b6965ae76f9161b51abaa1660059e1c6cbd8ca6","license":"https://creativecommons.org/licenses/by/4.0/","attribution":"Istat, Confini delle unità amministrative a fini statistici al 1° gennaio 2026, versione non generalizzata.","modifications":["Converted from WGS 84 / UTM zone 32N (EPSG:32632) to RFC 7946 WGS 84 geographic coordinates.","Converted from shapefile to per-municipality GeoJSON without geometry simplification."]},"features":[{"type":"Feature","id":"081012","properties":{"code":"081012","name":"Mazara del Vallo","alternativeName":null,"regionCode":"19","regionName":"Sicilia","territorialUnitCode":"081","territorialUnitName":"Trapani"},"geometry":{"type":"Polygon","coordinates":[[[12.658710283174887,37.80165677683249],[12.658721527793697,37.80174775275858],[12.658762649053791,37.80223518253916],[12.657016700173019,37.802156595254274],[12.65461107597514,37.80211641355472],[12.65456567162237,37.80211565289143],[12.654523923929244,37.80211495429236],[12.654235624262332,37.802110136070965],[12.653665133465639,37.80206996137262],[12.651550406653438,37.80192099303514],[12.6501680673512,37.801749145171684],[12.650118116631052,37.801742934882846],[12.649129340521913,37.801620002468624],[12.648862901306165,37.80156484008862],[12.647256087288993,37.801232165097815],[12.646857206202105,37.801216546471814],[12.646052710049302,37.80118504357506],[12.64601984079139,37.801183757792025],[12.645362085677485,37.801157995799734],[12.643235774282955,37.801108605331144],[12.64319900939189,37.801107751988695],[12.642786165621738,37.80109815702337],[12.641559598165163,37.80102817850954],[12.641522092440843,37.801026042217266],[12.641453092272071,37.801022107844126],[12.640898854104751,37.80099048620681],[12.640088752480274,37.80094337762995],[12.63974381384262,37.80089459674909],[12.63860053050561,37.80073290509025],[12.638508519789482,37.80071989271036],[12.637537365945471,37.80058253539152],[12.637498968725092,37.800577104776714],[12.63731284997794,37.80055267631195],[12.63727174675173,37.800547281534215],[12.636981688541475,37.800509209718555],[12.636863237757455,37.80049366214974],[12.63481864077276,37.800225271959256],[12.63477097294428,37.80018543989037],[12.63429577485165,37.79978832725299],[12.634088337293425,37.79961497403697],[12.633444242789427,37.799216739607395],[12.633231439775178,37.799085165136],[12.63251617629512,37.79899040370109],[12.63246354830355,37.79899780941151],[12.631907149815959,37.79907610205244],[12.631798048569772,37.799091453210536],[12.631708634231307,37.79910403450146],[12.631003926465683,37.79920826751628],[12.630948833920693,37.799211839748686],[12.630876009469654,37.799213782676],[12.630822488746851,37.799223990779005],[12.630581451761868,37.799269962650506],[12.630274949522756,37.799323539386016],[12.630198301359261,37.79933058347688],[12.630018159975403,37.79935910196989],[12.629893944109831,37.799378757203876],[12.629642560059587,37.79941852591407],[12.62944387906936,37.799449956834664],[12.629207059168298,37.79948742135339],[12.629119712802648,37.79950123865252],[12.629038304726143,37.799514116893185],[12.62877491400918,37.799547011126265],[12.628336474231888,37.799601764793735],[12.62806537328945,37.79963561951803],[12.62795220966315,37.79964975100636],[12.627431036190815,37.79971483323387],[12.627361899273037,37.79972346635878],[12.627218934124496,37.799747919206006],[12.62708347978741,37.79977108722015],[12.626980030390632,37.799788781227775],[12.626239920843004,37.799915363830436],[12.626201856020772,37.799921873772114],[12.626048233210314,37.799948147324606],[12.625866906060896,37.799979159019394],[12.625488709105236,37.80004383972291],[12.625361128171102,37.8000656586854],[12.625245524663418,37.800085429234336],[12.625122558715061,37.80010645891569],[12.625083052523859,37.80011321560444],[12.624941165780553,37.800141386396945],[12.624135131230933,37.8005574245846],[12.623820537142976,37.80071980033778],[12.62322058231223,37.80102946043816],[12.623159874713267,37.80106079378762],[12.623035997636524,37.8011247316602],[12.62294979321422,37.801166047930764],[12.622768977500408,37.80125271199204],[12.622728477158471,37.80127212329811],[12.62218086296709,37.801534587986175],[12.621815241352769,37.80170982279044],[12.621524510701642,37.80184916323137],[12.620458329162208,37.80188517695636],[12.620236170178892,37.80189267976182],[12.620092881171823,37.80189751937021],[12.620024059610195,37.801899843241856],[12.619897202763179,37.80191062994539],[12.618737208727632,37.80200924570678],[12.61775924634764,37.80212802761794],[12.617649667389033,37.80214133636875],[12.617428114262704,37.80216824432003],[12.617363162087539,37.802176133059625],[12.616607912066662,37.80226785566263],[12.615885173918766,37.80235562568439],[12.614762620687724,37.80249194047129],[12.614520985587266,37.80252128152955],[12.614279375065136,37.80255061863588],[12.613949584936204,37.80259066184354],[12.61390436712304,37.80259615246478],[12.613855765439139,37.80260205330523],[12.612877281871583,37.80272085585115],[12.612651247009392,37.80274829876145],[12.612067300021351,37.80281919392098],[12.611857211898474,37.80284469892702],[12.611624298941445,37.80287297532954],[12.611513806886066,37.80193997820366],[12.611507676487442,37.80188102953789],[12.611503946627856,37.80184516500151],[12.611498756802213,37.801795261046],[12.611493056005981,37.80174044230169],[12.611481426134189,37.80162861369016],[12.610804973382884,37.80172648259597],[12.60910089844335,37.80197300835219],[12.608330145537847,37.80208450319901],[12.607898796368122,37.802146898450324],[12.607294046561194,37.80223437393271],[12.606871620167773,37.8022954747772],[12.606601515651908,37.802340366482],[12.606354374000697,37.80237028927921],[12.606097912310629,37.80240738259568],[12.605857418336585,37.80244216621202],[12.605763691583405,37.802455722184064],[12.605308158138884,37.802521605843154],[12.605195508336212,37.802535827715566],[12.605058464016938,37.80255598329376],[12.604632032263956,37.8026193870924],[12.604355258636582,37.8026594141866],[12.604328140502522,37.80261556071864],[12.604298655888234,37.80254855341254],[12.604264508574811,37.80248166821733],[12.604242379245761,37.80243832403856],[12.604136407795847,37.80223075867399],[12.6040078059746,37.80197886614633],[12.603959727746153,37.80188469309651],[12.6039205111306,37.80180787958378],[12.603806349112046,37.80158426524596],[12.60376241902637,37.80149821524583],[12.603451308882946,37.80108147934804],[12.603305452335489,37.800886101023174],[12.602925213692167,37.80057592626449],[12.60281851097403,37.80048888288578],[12.602656551125358,37.80037462415047],[12.602408510342359,37.800199635143485],[12.602176392555126,37.7999792747138],[12.60174702713728,37.79992932396898],[12.60153270253761,37.79990438929113],[12.60146129971249,37.799490557299485],[12.601417125587815,37.799234527726085],[12.601356420096817,37.79911747309714],[12.601316444392115,37.79904039175998],[12.601086494865928,37.79859699609272],[12.601053807053326,37.79853396775938],[12.60102359938676,37.79845815126163],[12.600901706511253,37.798152217760475],[12.600843698443118,37.798006627026695],[12.600837687246305,37.7979692841429],[12.600824792163605,37.797889163075794],[12.600783538631642,37.797632837475234],[12.600776609381446,37.79758977870162],[12.600849316594948,37.797420543949166],[12.60096657461773,37.7971476152805],[12.600984707707253,37.79710540925559],[12.601023192187112,37.79701583485722],[12.601037781035757,37.79698187850631],[12.601076769086514,37.796891128352584],[12.60111741017671,37.79680458512946],[12.601296244874343,37.79658201415934],[12.601387633861279,37.79646827685664],[12.601554803708527,37.796260222512906],[12.601902772353654,37.79582721352753],[12.602029243215235,37.79568335488821],[12.602066651469876,37.795640801860074],[12.602290781065486,37.795385856302644],[12.602390555316717,37.795243251557004],[12.602415951843064,37.79520695340005],[12.602538983126333,37.79503110768516],[12.602588676147622,37.79496008278066],[12.60243858381999,37.79488420759612],[12.602406132607022,37.79486780165019],[12.602251638106903,37.79479047906121],[12.602099951191498,37.794835278514896],[12.602048699768844,37.79485041469645],[12.601623063733639,37.794976122051146],[12.601407428650363,37.79496311850632],[12.601197781662409,37.79495047812067],[12.60094185146213,37.79493350354239],[12.600870629422898,37.79492026293276],[12.600557137800592,37.79486198453642],[12.60002833616589,37.794763677395174],[12.599607207931058,37.79468983794777],[12.59932845190517,37.79464095993565],[12.599193625103721,37.79457773388899],[12.598816162970524,37.79440072263157],[12.598746856902748,37.7943682208418],[12.598484494089373,37.79371410024286],[12.598418774334373,37.7934699610578],[12.598406997613715,37.79342620801747],[12.598362429672179,37.79326064766176],[12.598359008090625,37.79321966964629],[12.598321735033291,37.79277315695083],[12.598488784228438,37.79246476379123],[12.598525711759171,37.79239659124058],[12.598635572953816,37.79219377282936],[12.598655283414297,37.79215615210484],[12.598784354884256,37.7919098012711],[12.598982912972787,37.79153082044711],[12.599168022845795,37.79117750763178],[12.599181364049766,37.79114481395118],[12.599526041162365,37.79030014024034],[12.599587733131253,37.790148951717185],[12.599630366223774,37.78990199570799],[12.599706867676684,37.78945885669236],[12.599727273995919,37.78934065817085],[12.599954537297387,37.78864453159815],[12.60003390529678,37.78843560094638],[12.600092928851366,37.78826740870402],[12.600201624043226,37.78799409773377],[12.600217147641581,37.787953233791946],[12.60023237133566,37.787913160083804],[12.600249898765668,37.78786702145796],[12.60033886996525,37.78763281099362],[12.600373794150753,37.78739704345222],[12.600434428228143,37.78698771289694],[12.600469238363958,37.78675271455822],[12.600450450867912,37.78665245524318],[12.60034376643546,37.78608315317915],[12.600275690750715,37.785772815747755],[12.6002544858082,37.78567615006899],[12.600182556189639,37.785692600857544],[12.599884615336443,37.785761367587],[12.599839546253987,37.78577176864208],[12.599635668508835,37.78581882517837],[12.59932493510826,37.7858905430289],[12.599145753850499,37.78593189839538],[12.598925553220104,37.78598272045225],[12.598893382025445,37.785990145659554],[12.598824172347427,37.78609598390617],[12.598642416397489,37.786373939735746],[12.598251011119387,37.78632419729934],[12.597998229684443,37.7862920711281],[12.597906393515135,37.78628039935413],[12.59783296028339,37.786271067457605],[12.597285365937374,37.786201471736376],[12.597124967735901,37.78611060647321],[12.596881519582086,37.785972691734315],[12.596654090142428,37.78584385236946],[12.596048141793634,37.78550057578995],[12.595043957755534,37.78458760705985],[12.594585379380922,37.784113990893815],[12.594490050692611,37.784015536088674],[12.594413696849571,37.783936677665885],[12.59438525223575,37.783907299543074],[12.594296743048265,37.783876384991366],[12.594068158017432,37.783796545586966],[12.5939657552049,37.78376077958462],[12.59386048538414,37.78372401008818],[12.593765196473209,37.7836907265734],[12.593015541008516,37.78342888166583],[12.592933902433892,37.78340381918757],[12.592711819662082,37.78333563860747],[12.592671210211842,37.783323172481026],[12.591912010458344,37.783090092123494],[12.591860691256468,37.78307433738917],[12.591748333740087,37.783039841703385],[12.591407483690235,37.78293519543225],[12.591222627391339,37.78287387292542],[12.59113797655729,37.78284579216608],[12.591008403529123,37.78280280783458],[12.590599211943035,37.78266706169912],[12.590421814424475,37.78232171808838],[12.590388985321185,37.78225780509259],[12.590361018948407,37.78220335970495],[12.59027689481934,37.78203959073116],[12.590225608416452,37.78193974799692],[12.590219988929162,37.781889249494554],[12.59021593905054,37.781852784746405],[12.590146337564747,37.781225979201366],[12.590146866521298,37.781179036262884],[12.590149549377834,37.78094152137373],[12.590146212144335,37.780694166959194],[12.59003131256973,37.780520135108866],[12.589930080815158,37.78036511454117],[12.589878761297522,37.78028906754313],[12.58969748620715,37.780014489627824],[12.58957536308381,37.779941626581106],[12.589334149309208,37.779797706649944],[12.589299283897736,37.779776904833355],[12.589192718260914,37.77971332247772],[12.589140856143802,37.77968237800041],[12.588858146558847,37.77974448720254],[12.588308681758765,37.77986520005542],[12.58767661966455,37.7800040534154],[12.587104245588407,37.779941330950614],[12.58685696265126,37.77991423139034],[12.586647499118099,37.77989127671468],[12.586499673761702,37.779861885573055],[12.585926646236674,37.779747953170016],[12.58575373293414,37.779713572534455],[12.585586694511717,37.77968036035472],[12.585131798149176,37.77982097373253],[12.584947376321102,37.779877980110946],[12.584763397002485,37.7799348484033],[12.5845015715733,37.78001577904514],[12.584325786735398,37.78007011512771],[12.584047899195768,37.7800889678275],[12.583674292485341,37.780114313153035],[12.5833012261793,37.78013962011772],[12.583107546277075,37.7801302971069],[12.582538702572732,37.78010290889506],[12.582269488928485,37.780089946266905],[12.582110219721953,37.780123242520375],[12.581973546740686,37.78015181391555],[12.581612335028318,37.78022732476418],[12.581416781828937,37.780271467438375],[12.581160986155403,37.780324479874366],[12.580854267398871,37.78039067980498],[12.580529158236226,37.7804636302587],[12.580419591165636,37.78048916706754],[12.580387386051989,37.78049954942083],[12.580167442391911,37.780570460397854],[12.58011906714255,37.7805860588511],[12.579963554587781,37.78063619613925],[12.579760044097808,37.78070180834578],[12.579497168516113,37.780781946421264],[12.579166568222444,37.780786016586454],[12.578593765454167,37.78078067701591],[12.578024440480617,37.78063938846507],[12.577526688467177,37.78051531634825],[12.577305003895905,37.7804603847175],[12.576764384816135,37.78033843762501],[12.576733242851192,37.780331413148396],[12.576547876006982,37.78028959935208],[12.576330129207859,37.78024048028493],[12.576236617504957,37.78021938746519],[12.576144693146006,37.780216681096874],[12.576068276353686,37.78021443221894],[12.575742237924915,37.780204837207705],[12.575606648678002,37.78020084643038],[12.575448792207338,37.780196200538526],[12.575180223270337,37.78018831363794],[12.574907857775894,37.7801826423139],[12.57476606795091,37.78017969026094],[12.57460355507811,37.780176305376244],[12.574478646758406,37.78017370413157],[12.57410718409242,37.780230103765746],[12.574032584103952,37.78024143054734],[12.573588483339243,37.78030885607017],[12.573469075996977,37.78032468364155],[12.573400444281171,37.78033378108278],[12.57312666152993,37.780370070379654],[12.57290515652385,37.780399429588826],[12.572596671527258,37.78044031804088],[12.57233977538779,37.78044386914795],[12.572288678584192,37.78044457523298],[12.57199703991502,37.78044860637161],[12.571772630049674,37.78045170888334],[12.571506333760416,37.78045538852483],[12.571207204751262,37.780495281296616],[12.570643303283632,37.78057048254871],[12.570545110189691,37.78058357702714],[12.570456788804526,37.78059535481268],[12.57027749866624,37.78059929537405],[12.570066883416438,37.780603924727956],[12.569510452569782,37.780616153640906],[12.569377487216949,37.7806190759518],[12.569239150086204,37.780649024513174],[12.568947549503088,37.78071215306452],[12.568905129486058,37.78072133671513],[12.568438947578018,37.78082225699811],[12.568267845806233,37.78085929785158],[12.56813129495758,37.780888858533125],[12.56803701655717,37.78089859715428],[12.567478967141977,37.78095624222297],[12.567390803388466,37.78096534902228],[12.567069039469825,37.781033537719246],[12.566831136627943,37.78108395339689],[12.566577125367383,37.78113778288281],[12.566299070381849,37.7811934224442],[12.566261608348519,37.781199575667834],[12.566211677995913,37.781212532741336],[12.566076187104526,37.78124393818316],[12.565970048528351,37.78125707054342],[12.565570976628127,37.78130644770032],[12.565012650036678,37.78137616589708],[12.564875117635312,37.781423696402605],[12.564326859931567,37.781613174571966],[12.564108380850357,37.781688678923565],[12.563985249889042,37.781695853989625],[12.563698302622814,37.78171257454891],[12.563424401546339,37.78172853449911],[12.563321358857316,37.78173303754775],[12.563061769999553,37.781743381382],[12.562758039901446,37.78182074553598],[12.562196811677628,37.78195199044186],[12.56163558131169,37.782083233665574],[12.56112247258709,37.78220321907771],[12.560785484746978,37.782282020651536],[12.560760844672746,37.7822571936635],[12.560744229021427,37.78221843489615],[12.560707557890908,37.782129090095474],[12.560661971885928,37.78201802798895],[12.560577530052274,37.78181230071259],[12.560563438195125,37.781777967281805],[12.560784925520668,37.78135558579886],[12.560805844676908,37.781315693085844],[12.560997973643246,37.78062463181739],[12.561049288135674,37.78044005493241],[12.561104894940803,37.780298666363514],[12.561320553947878,37.77975770276568],[12.561735506100367,37.77857590294259],[12.561976176268391,37.77819776872559],[12.562046828128347,37.778086761710455],[12.562983797329698,37.77756742353589],[12.563482528415014,37.77741334673331],[12.563582770928098,37.77738237753826],[12.563675760494345,37.77735364858031],[12.564406248131116,37.77712796693171],[12.564491403939542,37.77708020105432],[12.56549023579627,37.77651991624778],[12.56550629712199,37.77633181116323],[12.565511670071874,37.77625762889896],[12.565516450781333,37.77619161759376],[12.565555873965698,37.775647232272],[12.565551885135896,37.77507754371862],[12.56579511019238,37.775019486057836],[12.566185394927823,37.77492632535734],[12.566222146719838,37.77491755234335],[12.566524593356634,37.77484535825305],[12.567481083003061,37.77464814778187],[12.567866007423119,37.77456878165968],[12.567907583021368,37.774560209623516],[12.567956211559485,37.77454739768776],[12.568234971772437,37.774473957936536],[12.56852577716352,37.774397342433254],[12.568615614420867,37.77437367363097],[12.569018523046124,37.774267522860335],[12.569322513898014,37.774222713983214],[12.5698013107181,37.77415213571295],[12.569848821163047,37.77414513249245],[12.570210071668965,37.774091880941114],[12.57026599814183,37.77408363666996],[12.57030747360869,37.7740775226433],[12.570545679336728,37.77398670182187],[12.570784791707462,37.77389553590709],[12.570828349365037,37.773878928079014],[12.571440759379932,37.77364543244893],[12.571537858772212,37.77360841066595],[12.571634657393725,37.77357108442456],[12.571737164741128,37.77352365079418],[12.571841485964653,37.77347537645335],[12.571935729773983,37.77343176546311],[12.572150353329581,37.77333244926421],[12.572240837628911,37.77329057734346],[12.572770236974515,37.773045595759505],[12.573218288050903,37.77279876924346],[12.573267810649163,37.77277148772618],[12.573694847849024,37.77253623331078],[12.574050091895161,37.77234052816816],[12.574076896574619,37.772325762142934],[12.574042040397476,37.772254880595476],[12.574025665481043,37.77222158121647],[12.574005961225302,37.77218151099831],[12.573936826501578,37.772040916764304],[12.573891863027946,37.77194947852624],[12.573673625599904,37.77150566715611],[12.573604747723076,37.771365593710705],[12.573586890946498,37.77132927805122],[12.57353348578832,37.77122067107689],[12.57338792681318,37.770923286419375],[12.573236188323667,37.77061485333794],[12.573246121966768,37.77058460723926],[12.573255953659123,37.77055467143677],[12.573285524987323,37.77046463378594],[12.573314333926366,37.77037691112604],[12.573331371638725,37.77032503620366],[12.573421563090106,37.7700504117329],[12.573462569853339,37.76992555268203],[12.573477837549257,37.76983049533727],[12.573484868693425,37.76978712227603],[12.573509514324385,37.769635076711666],[12.573543480815442,37.76942551943976],[12.57356596216186,37.76928683032708],[12.573603359145746,37.769056123311074],[12.57362939237469,37.768895505111246],[12.573664239591789,37.76868051935581],[12.573733176709595,37.76825521306566],[12.573730882331667,37.7681460351715],[12.573723750012055,37.76780647413017],[12.573721442773127,37.767696627263426],[12.573702794745548,37.76680875731382],[12.573702163535833,37.76677869954491],[12.573592183724012,37.76666487261675],[12.573554252242845,37.766627883589074],[12.573503598884335,37.7665820548599],[12.573272156116916,37.766180534220794],[12.573047127621441,37.766191801983744],[12.572963001807445,37.76619914321306],[12.572905891780758,37.76620412644097],[12.572787159305651,37.766214487448664],[12.572643712920456,37.76622700482032],[12.572357125055193,37.76625201176767],[12.572356563677046,37.766021232866976],[12.572353719074464,37.764895423618356],[12.572350980013058,37.76381145535183],[12.572349741838982,37.763320587021845],[12.572347167666905,37.762301102552335],[12.572346895546147,37.76219313789222],[12.572346814141303,37.76216086163812],[12.572345281524493,37.76155336721892],[12.572344903050512,37.76140339208217],[12.572372101109254,37.760998301410254],[12.572382781638836,37.760839223189066],[12.572386963060346,37.76077693967762],[12.572389437036323,37.76074008953919],[12.572412869922644,37.760391060815905],[12.572433780284564,37.76007924224686],[12.572435612410521,37.76004445119212],[12.572440186638987,37.75995764175461],[12.572469213033479,37.75940672502192],[12.572470604259035,37.75938033369167],[12.572474695650774,37.75930267928951],[12.572479516308544,37.759211184967576],[12.57249335740498,37.758948504426655],[12.572189766190016,37.75816719227438],[12.571696247305313,37.757299318028664],[12.571326797273832,37.75644568393919],[12.571121308872245,37.755858850723094],[12.570974079836242,37.75543838831301],[12.570883431721766,37.75521892483251],[12.570605664538796,37.754546435962666],[12.570454947331456,37.754297154214356],[12.569938419557968,37.75344281046178],[12.569682265949462,37.75259925888613],[12.568955276512352,37.75191861613812],[12.568457688124784,37.75129831153854],[12.568345024615567,37.75115786153571],[12.568087371859086,37.75071071289704],[12.56792283174893,37.75053328415365],[12.566972674654082,37.749514547812296],[12.566793140666068,37.74932205210739],[12.566049792934988,37.748461702540745],[12.566236226459282,37.7483091340478],[12.56636695634908,37.74820214871647],[12.566458471236214,37.74812725634918],[12.565471663913476,37.74719607163415],[12.56530897553125,37.74704255002674],[12.565207006095582,37.746946325342236],[12.565167076047993,37.74690971898788],[12.565070984340387,37.746817967448976],[12.564956614326823,37.74672040550068],[12.564196791575522,37.74607224182731],[12.564159993580923,37.746040851916234],[12.56412869408123,37.74601415130466],[12.563933836368738,37.74584792436174],[12.56386397231603,37.74578675116455],[12.563743463731106,37.74568123607252],[12.563269597899538,37.74526446669402],[12.563247359090132,37.745245016693914],[12.562797642415084,37.744853063514],[12.56267971755339,37.74475054199306],[12.561863849499362,37.744041234888854],[12.561759930887984,37.74393950388732],[12.561598286613888,37.7437812506528],[12.562073629403285,37.74379795239304],[12.56292210635074,37.74382679236928],[12.563201218597229,37.74379751302203],[12.564129227474515,37.74370015922069],[12.564329205115564,37.743662082274206],[12.564891307164766,37.74355508056432],[12.56528294719729,37.74348053594903],[12.566599818863859,37.743100554264416],[12.567127168890027,37.74286621646831],[12.567276145330679,37.74279678495814],[12.567350206367419,37.742763522149616],[12.567729063680465,37.74259336720267],[12.568408173355143,37.7422860937245],[12.568792623594993,37.74211214702772],[12.568892127226544,37.74206713552849],[12.569896297718861,37.74147199335116],[12.569951717875938,37.741439147389315],[12.57015370123342,37.7413194325703],[12.57043379583559,37.741140895108224],[12.570496962299309,37.74110063477841],[12.570559673827608,37.74106065848071],[12.571277791381553,37.74060292304078],[12.571363327824473,37.740544309109815],[12.5719890633339,37.74011551223961],[12.5720248842139,37.74009096621885],[12.572299134516728,37.73990302806702],[12.573412122935945,37.739177813331864],[12.57349591907986,37.739113892253116],[12.573530556233221,37.73908747003946],[12.574056070841113,37.7386865890962],[12.574107635295094,37.73864725299488],[12.574483903136224,37.738360218566484],[12.574538985108155,37.73831819984303],[12.574947446927574,37.738041403392394],[12.575001304495862,37.73800492335964],[12.575026171769006,37.73798807925114],[12.575050973491678,37.737971287577906],[12.575128132882492,37.737919027111296],[12.575480485776671,37.73768037730931],[12.575580517713329,37.73762854708156],[12.575638361284192,37.73759857532861],[12.576403943431439,37.737201887749364],[12.577157052988902,37.73686291484661],[12.577187416568357,37.736849248277615],[12.578088105085012,37.73624479650319],[12.578138696653452,37.73621084403727],[12.57953544639888,37.735281167697714],[12.579612890480083,37.73522147603326],[12.580141192178337,37.73481100862992],[12.580193011572664,37.73477063519524],[12.580715224928289,37.73436377383755],[12.580790247230803,37.734305321735775],[12.581043244271465,37.734108206912694],[12.581437340435185,37.733820876317886],[12.581807877317551,37.733550721319716],[12.582461605881733,37.73307408468684],[12.582736187942091,37.732879779742056],[12.58296528804635,37.73271765877134],[12.583262696358107,37.732507196043414],[12.583308202920435,37.732474992574616],[12.5833748744614,37.7324278117915],[12.584516831786672,37.73161967926445],[12.586397805568382,37.730316926072355],[12.587758608279767,37.72925797552606],[12.587872388413114,37.72916943128159],[12.588776321290675,37.72846598194388],[12.589051447790848,37.72825187270127],[12.589170174861728,37.72816929255005],[12.589319296350695,37.72806557160684],[12.590246863186866,37.727420396101756],[12.590633386605798,37.72719116662151],[12.590741771836148,37.727126888299914],[12.591769999464768,37.72651707994081],[12.592536821553557,37.72606229002079],[12.594130096073561,37.72486954201699],[12.594217467306766,37.72479923825969],[12.594256761686724,37.724778217441184],[12.594575878867596,37.724548138671786],[12.59473970049591,37.72443002472785],[12.595953460549536,37.72355489512322],[12.596102980130448,37.723467160624786],[12.596889144157362,37.72300585174763],[12.596923025367717,37.72298597109623],[12.597738049598751,37.722507714987366],[12.59820871448435,37.72223152450366],[12.598493941538111,37.721946465129776],[12.598537695104806,37.72190273682438],[12.599110648538366,37.72133011162499],[12.599819758508785,37.72080975582336],[12.599872039481689,37.720771390533045],[12.60037126844578,37.720405044527524],[12.600865666161878,37.720042240566144],[12.601973839463726,37.71927747629627],[12.602050177156949,37.71922479422291],[12.60264137203088,37.71881679197277],[12.604646323101663,37.717496439226615],[12.603444779256167,37.7163866195761],[12.602983940248421,37.71596094763679],[12.601283063528255,37.71438980441976],[12.600596665630134,37.71375573432601],[12.600314039122047,37.71349188908259],[12.597996613426536,37.71135375406779],[12.597354147304575,37.71076019704609],[12.596570353037736,37.71132467313988],[12.595055023660958,37.712415952305754],[12.59497070085346,37.712343015550694],[12.59458508097708,37.71200945844533],[12.593845519784965,37.711369735884304],[12.593726324155233,37.71126662974838],[12.59253330571943,37.710234627049736],[12.591140902979486,37.70903009350621],[12.590717093703132,37.70866345657178],[12.58945384911056,37.707570589122476],[12.58853499972758,37.70677563726865],[12.588471810191008,37.70672096832602],[12.588392085686133,37.706651989944255],[12.58802623573144,37.70633545488757],[12.587566571658973,37.7066350537446],[12.58521155617589,37.708169941370286],[12.585176464941823,37.70819280944575],[12.584456583271713,37.70866197418252],[12.5843123544609,37.708755969437476],[12.583731886738187,37.709134264041886],[12.583617568845982,37.70920876374335],[12.580863871483258,37.711003271924],[12.57860430081335,37.712475661665756],[12.578138150948158,37.71282359348068],[12.577935534916733,37.71297482313863],[12.577868219739841,37.71302506610105],[12.577316139589826,37.71333684683898],[12.576735575452373,37.71361944925454],[12.576649920684789,37.71366114334015],[12.574532051558407,37.71146423309498],[12.574153300878868,37.71168074914309],[12.574067168094325,37.71172998638219],[12.572815329269982,37.71244559254352],[12.57249079580306,37.71263110642136],[12.572441098958269,37.712659512964805],[12.57227108798989,37.71275669584528],[12.572227388532962,37.71278167624895],[12.571989366281915,37.71291773506783],[12.571770930500842,37.71304259761926],[12.571569280109042,37.71315786336743],[12.571505932051963,37.71319407449658],[12.571411440685134,37.713248086746404],[12.572226707600857,37.71411614205773],[12.573390486256006,37.715355223894974],[12.573616988843533,37.715596376380084],[12.573636787181451,37.71561745540549],[12.573321469972255,37.71581798104211],[12.573007595805416,37.716017585507444],[12.572243098734832,37.71650375422267],[12.57214675492973,37.716565023232214],[12.571841919978732,37.7167588730528],[12.569512874370455,37.71823990241727],[12.5690175689179,37.718554847627054],[12.56895507298425,37.718594585661116],[12.568789649755272,37.7186997696977],[12.56850073552066,37.71888347555697],[12.568094593503764,37.71914171620713],[12.567602388020271,37.719454675251775],[12.567382595054866,37.71959442509818],[12.567321370646134,37.719633352606365],[12.567213300037134,37.71970206571407],[12.567165479911854,37.71973247091593],[12.56698905732731,37.719844645126315],[12.566718377571858,37.720016745822264],[12.566581429907105,37.7201038185093],[12.566487636976374,37.7200015625534],[12.566366751934451,37.719869767099574],[12.566224922909093,37.71971513675673],[12.565140352446035,37.71853265652163],[12.564199478582534,37.7175068024056],[12.56417957769038,37.71748510233565],[12.562838612479112,37.71602297717536],[12.562481037781135,37.715633081167326],[12.562010795799369,37.71512032595522],[12.561921647757723,37.71502311646939],[12.561899763129576,37.714999252585834],[12.561032835932807,37.714053918820525],[12.560890547499111,37.71389875754361],[12.56068235336336,37.71367172753686],[12.560414987726858,37.713380170677894],[12.560155282043917,37.71309696346963],[12.559420276944657,37.712295431300085],[12.559253244562248,37.712113277325585],[12.559156306566024,37.71206437179553],[12.559077532403473,37.71202958462489],[12.558477823671655,37.711757346884355],[12.558280388391196,37.71167754723337],[12.558020940166598,37.71156296818246],[12.557531616390266,37.71134686520775],[12.557416376736983,37.71129597149754],[12.556800576714284,37.711024006544896],[12.555754652489345,37.71056206751583],[12.555666133459571,37.71048328247436],[12.555340727651958,37.710193652350874],[12.555040735895483,37.709926641235676],[12.554604396331277,37.70953826320983],[12.554453822448716,37.70940423906584],[12.554407087719635,37.70936264102972],[12.55407195627516,37.709064342218774],[12.55403673289542,37.70903298931471],[12.553667504121396,37.70870433479607],[12.55131235042551,37.70660789161633],[12.551207933349977,37.70651494017192],[12.55110589940856,37.70642411134557],[12.55103632703574,37.706362178155466],[12.550686389745435,37.706050663322735],[12.551006511921166,37.70588093573205],[12.551199711417441,37.70577850120889],[12.551301833815561,37.70572435513698],[12.552614100433708,37.70502857279536],[12.552432638099683,37.70485071026992],[12.552211858570146,37.704634309341905],[12.551957113411095,37.704384614632694],[12.551398080598162,37.703836657430536],[12.55137243660258,37.70381152191746],[12.551893613745525,37.70341859830483],[12.551980346000493,37.7033532087531],[12.552192296379602,37.70319341377639],[12.552379929538876,37.70305195278454],[12.552903897772229,37.70265691365985],[12.553019796977607,37.70256953090617],[12.553079328560141,37.70252464852073],[12.553616032730169,37.70211999871388],[12.553000253292874,37.70141675224064],[12.55226756780013,37.70057997083474],[12.55159354985061,37.69981016976958],[12.55155013926056,37.699760589106674],[12.550779620467448,37.69888054596746],[12.550730284482407,37.698824196815806],[12.5500266052092,37.69934867811619],[12.549481924909125,37.69975464390316],[12.549127193291874,37.70001903303165],[12.548643561638647,37.70037948785875],[12.548575738875357,37.700430035853806],[12.54854214005577,37.70045507699656],[12.54740779144747,37.701300493926205],[12.54639024988104,37.70205882998137],[12.546135960328003,37.70224833906669],[12.545790574199554,37.70250573533113],[12.545719828476654,37.702558458933446],[12.5455712252137,37.7023882427564],[12.545547068258433,37.70236049899216],[12.545480838665188,37.702284384240954],[12.545155821712703,37.70191085681319],[12.54467118226607,37.701353863440325],[12.544642003463117,37.70132032560285],[12.544128609875244,37.700730271050496],[12.543787599818149,37.70033833707423],[12.543731790771824,37.700274193223244],[12.542913673126563,37.69933387420417],[12.542469777529707,37.698823653156545],[12.542421856937356,37.69876856140793],[12.542394589209904,37.69873720511096],[12.541897073065954,37.698165405529004],[12.541878061299427,37.69814355213201],[12.541723830612677,37.69796627828361],[12.54146165490414,37.69766492624375],[12.541070624678799,37.69721546091153],[12.5407323826137,37.69682666465515],[12.540580968899015,37.69665261888639],[12.540530146787601,37.69659420001771],[12.540350499717444,37.696387699153014],[12.539968621443087,37.69594873215742],[12.539930443283048,37.69590484734501],[12.539586747833328,37.695509764568],[12.53933075235144,37.695215491854945],[12.539242001977076,37.69511347082031],[12.538936919169373,37.69476276427405],[12.538840959350527,37.69465245414836],[12.53874272338311,37.69453952584527],[12.53856799183824,37.6943386607891],[12.538421080180688,37.69416977761136],[12.538131401198202,37.69383676812956],[12.538086203110163,37.693784808875925],[12.537839891115471,37.69350164981159],[12.537153497005068,37.692712558795016],[12.537666083736168,37.69234809649156],[12.537721043323808,37.692306660958835],[12.537667403311616,37.692249925361146],[12.537509468656452,37.69208288459451],[12.537040378128873,37.69158673647775],[12.536122577615439,37.69061597271309],[12.53576445019088,37.69023716858041],[12.535284878489557,37.68972347616802],[12.535352071765974,37.68967733218718],[12.53736979171714,37.68829167748144],[12.537329916270982,37.68825114625682],[12.536955940133929,37.687871009837856],[12.536904572248327,37.687818796547894],[12.536649296515884,37.68755931251086],[12.536480497119188,37.687387729600445],[12.536031161778945,37.686930978813386],[12.535937291692253,37.68683278067698],[12.535868368836429,37.68676067949249],[12.53481221002173,37.685655798259276],[12.534520758189451,37.68535089396662],[12.534182697537538,37.68499722341113],[12.53416234204451,37.68497592875974],[12.53389436438045,37.68469557431379],[12.533515449938838,37.684254086749576],[12.53345865015811,37.68418790593687],[12.53267731695705,37.68327751959559],[12.532651744358104,37.683247722559315],[12.532629465788704,37.68322176546817],[12.53290069233933,37.68309878611125],[12.53298626870188,37.68305998405829],[12.533073618736434,37.68301898008907],[12.533037986807392,37.68297818035054],[12.532635873340201,37.68252804128705],[12.531793434461811,37.68158496560327],[12.531741569276852,37.681526901691626],[12.531679855129797,37.68145781321648],[12.531574597881537,37.68133998058439],[12.531198821955913,37.680919301521946],[12.530448967409967,37.6800798228397],[12.530389563727823,37.680013316635645],[12.529758354127097,37.67930664319213],[12.5290579203718,37.678522447008696],[12.529031182604777,37.67849251194238],[12.52895830307659,37.67853360365511],[12.528903816599016,37.678564531637726],[12.528627067681493,37.67872162122264],[12.528351923578462,37.67887779813752],[12.528018357105553,37.679067135225296],[12.527797778671292,37.67919360975976],[12.52724811996702,37.67950432593228],[12.527053822921731,37.67961460844214],[12.527022487310099,37.67957894480162],[12.525919314584794,37.678323378751074],[12.523233265220476,37.67526135610781],[12.523289096086645,37.6752320076622],[12.523352952552733,37.67519843803437],[12.52347236209883,37.67513566599033],[12.523754173399597,37.674987520041235],[12.52401118662873,37.67485240997087],[12.524235545605043,37.67473446559705],[12.524601749274515,37.674541951097694],[12.524680586365553,37.674500506361454],[12.524800552064947,37.67443743888692],[12.525049699490776,37.67430645929811],[12.525099311427885,37.674280377217],[12.525051771035487,37.67419855623091],[12.525017624406097,37.67415511298717],[12.52473291226517,37.67379287400803],[12.523942083193738,37.67278667802233],[12.523513115838995,37.67224087625485],[12.52356202085724,37.67221500877377],[12.523730080313944,37.672126111813746],[12.524596270655882,37.67166793069073],[12.524651028477946,37.671638966012225],[12.524678651139919,37.67162435384713],[12.524765912117447,37.67157819576467],[12.52493623428208,37.67148810059039],[12.525056823950992,37.67142431155909],[12.525228761894684,37.67133336041034],[12.525295957156308,37.67129781599687],[12.525362711121662,37.67126250367292],[12.525450245434339,37.67121619997943],[12.525571803893882,37.671151897655065],[12.525684177151943,37.671092453026844],[12.525936653754945,37.67095889643838],[12.524916349739554,37.66985167509083],[12.524389629623562,37.66928006675833],[12.523580068825614,37.668401492826455],[12.523070440927313,37.66784840477833],[12.522734769948155,37.667484101118326],[12.522549542914984,37.66728307557653],[12.522523407705194,37.6672547091378],[12.522485140518627,37.66720824407884],[12.52216331221603,37.66681502724276],[12.521701571611494,37.666290622777694],[12.521355644943794,37.665897740145],[12.520704634034747,37.665189456011305],[12.520530452024893,37.66499994835399],[12.520501378262809,37.66496831426384],[12.520316054956789,37.664754893087206],[12.520147637234787,37.66456093865644],[12.519796189435269,37.664156198795816],[12.519764855794472,37.66412011397589],[12.519716778490423,37.664064746369846],[12.519584473585505,37.66391237638806],[12.51938961727328,37.66368268514587],[12.519251868016712,37.66352031065657],[12.519211878842261,37.66347317154288],[12.5191008516349,37.66334229434119],[12.51893040093517,37.66314136894974],[12.51866651972769,37.66288574785849],[12.518346240587565,37.662575487499105],[12.518306939230852,37.6625462609863],[12.518070903393623,37.66237072192982],[12.517995550976599,37.66231468336775],[12.517948308259893,37.66227956229165],[12.517921358605095,37.662043760607276],[12.517907801783206,37.66192514193152],[12.51785673090134,37.66148349663294],[12.51773428967659,37.66103787962699],[12.517705142458944,37.66080187498623],[12.51786089953814,37.660764197707856],[12.518058858609125,37.66071631126891],[12.518424585754257,37.66070222621867],[12.518839588960482,37.660686240295554],[12.518989822553769,37.66067308436888],[12.519554100545847,37.660623670092164],[12.52011837870751,37.66057425311316],[12.520266736045517,37.6605612597322],[12.520682756359268,37.66052698183142],[12.521165879753278,37.66048717342221],[12.521247160523188,37.66048028814384],[12.521361474218214,37.66047060643187],[12.52181151163856,37.66043248973115],[12.522338775796015,37.66038782901511],[12.52237580847142,37.660383537081614],[12.522939329235664,37.66031822374582],[12.522973176784063,37.66031430074765],[12.523511227301844,37.66025193734851],[12.523923801692728,37.660204115861724],[12.52406523953003,37.66016376413823],[12.524278028287403,37.660103056070405],[12.524628431140531,37.66009154535046],[12.525194159668134,37.66007295912717],[12.525429364204813,37.66006523174846],[12.525758530509714,37.66002570883373],[12.526321934446827,37.659958059432846],[12.526871723295521,37.65989276630591],[12.527450215888898,37.65985391134395],[12.527561355378367,37.65984644661206],[12.528016921372298,37.65985600585785],[12.528067820741228,37.65985707348821],[12.528266212338126,37.65981356519542],[12.528519448170286,37.65975802920848],[12.528578685427805,37.65975380632269],[12.528659452542227,37.65974804935097],[12.529143382844179,37.65971355352834],[12.529359620537345,37.65969813868771],[12.529708946105982,37.65969158029222],[12.530139811028599,37.65968348930408],[12.53027484736038,37.65967674469675],[12.53068650653758,37.65965618391117],[12.53083926456774,37.65963062007092],[12.531098154740807,37.65958729565485],[12.53122118502484,37.659403863016585],[12.53137489032497,37.65926646505749],[12.53195235876831,37.659206592529785],[12.531988054095969,37.65920292056609],[12.53251547569043,37.659133138435216],[12.532594984541042,37.659122618284414],[12.533075106723803,37.65898626786198],[12.533205000901832,37.658949378498015],[12.53350750028855,37.65875557636835],[12.533615223552923,37.6586868495933],[12.533822173628046,37.65855927588046],[12.534099495822387,37.65842556827324],[12.534177089149292,37.65832860777733],[12.534216286812196,37.658279624488735],[12.534251604295942,37.658282806454196],[12.534375233466944,37.6583226482328],[12.534561445581554,37.65827351103284],[12.534592110670333,37.6582653639615],[12.534736456290998,37.65817637789769],[12.53502987519698,37.65799549131591],[12.535212074148433,37.6578035396336],[12.535231843072754,37.65778271210614],[12.535283215849994,37.657758647016074],[12.53539023911883,37.65770851271837],[12.535612698270688,37.6577915172965],[12.535698299611054,37.657823456546005],[12.535852711935672,37.65781986825528],[12.53604943613147,37.65781529719045],[12.536266660567842,37.65719134332699],[12.53674525340772,37.65767277500116],[12.537147439755314,37.65821025465353],[12.537208374282905,37.658194066539444],[12.537363767107774,37.65815278181944],[12.53738989198641,37.65818861553641],[12.537512942136871,37.658357400611614],[12.53758464292421,37.65849681925131],[12.53765372216286,37.65863114176929],[12.537714407593228,37.65874914056893],[12.537982012176082,37.65890972203348],[12.538188482358263,37.65905923348267],[12.53840082027917,37.659212995352874],[12.538757478157006,37.65950123933941],[12.538932419990786,37.65964262255104],[12.539351150245318,37.65990050802928],[12.539399136028246,37.659930061050936],[12.539792130542297,37.660172092808324],[12.539934944607404,37.66026201713514],[12.53997654523144,37.66028821131362],[12.540090151283266,37.66035974458352],[12.540345912660397,37.660520788003765],[12.540468443039464,37.66060541669238],[12.540519560136534,37.66064072199014],[12.54073679487293,37.66079076017392],[12.54099389126581,37.660968327790975],[12.541435684559929,37.66117857345556],[12.542429381958014,37.66160296310064],[12.54264597907411,37.66169785272852],[12.543603192559186,37.661850355066086],[12.544108497289395,37.66192113297185],[12.544956325254718,37.66194481206622],[12.545791167696036,37.6619019370939],[12.54607969526441,37.6618838425904],[12.546299460278005,37.66188239392741],[12.546564464761914,37.66188792166795],[12.546714910048287,37.66192117800904],[12.546817783301643,37.66195698894811],[12.546982203499471,37.6620054097841],[12.547098505719196,37.662040525152214],[12.547311936649889,37.66215703288589],[12.547555628818488,37.66224615236807],[12.5478870492104,37.66234643020533],[12.54819225890055,37.66243388031728],[12.548602126407067,37.6626076797861],[12.54936345431266,37.66283756836871],[12.55028147464332,37.66297894605908],[12.551275324344628,37.66315247832099],[12.552080125371956,37.66323035397008],[12.552492895537787,37.66327257474962],[12.553271492588614,37.663328996378134],[12.554141777302707,37.663354551200285],[12.555322923483642,37.66328962916486],[12.55635763211645,37.66321335942551],[12.556389956190696,37.66320787910458],[12.557278600419671,37.66311346124929],[12.557870318762946,37.66304605060746],[12.558325986896762,37.662991750114976],[12.55937902671717,37.66282478606579],[12.559533637161973,37.66279985511746],[12.560903865223095,37.6624679080163],[12.560939278978735,37.662462498828326],[12.561930413710405,37.66217101810103],[12.563052484718638,37.6617869369514],[12.563671057762502,37.66149008884062],[12.563776482686468,37.66147337536951],[12.563985523300746,37.66146029828768],[12.564122179975264,37.66144490900388],[12.56424666687756,37.661411862619104],[12.564354511589908,37.66138607185874],[12.564480984099484,37.66137999385915],[12.564643506135234,37.66135706913129],[12.564802804699532,37.661340975025425],[12.564968705838961,37.661299921556505],[12.565181915666358,37.66124166054718],[12.56534558507757,37.66115836708647],[12.565483044686154,37.66111662413207],[12.56568453048869,37.66107620797118],[12.56587802462584,37.6610356279667],[12.565950862193692,37.66101167016432],[12.566056534092018,37.660962898701875],[12.56618600260678,37.66092099143109],[12.566242218389966,37.6609157833779],[12.566331270536395,37.660885782266796],[12.566452107243059,37.66086280619515],[12.566533166616138,37.66083263970155],[12.566646216472506,37.660803128040236],[12.566735474088425,37.66076675377317],[12.566874624213447,37.66067410964663],[12.567012083035335,37.66063236405855],[12.567085333437692,37.66059568051967],[12.567248480942443,37.66050350843039],[12.567411834401161,37.660405000188426],[12.567549292073162,37.66036327113839],[12.56765558290166,37.66029543638776],[12.567746094987783,37.66022086862968],[12.567844804585741,37.66014012914621],[12.56796815368495,37.66004078487381],[12.568099697161788,37.65993523105904],[12.568191237413425,37.659828860832015],[12.568324859097245,37.65965966579605],[12.568480605646894,37.6595482505708],[12.5687180488964,37.6593875885295],[12.568826620614038,37.65924972369178],[12.568992047757721,37.659087553572036],[12.569188204469988,37.65896423038581],[12.56931974527301,37.65885869516754],[12.56941066494912,37.6587714012947],[12.570207708238087,37.658144646468244],[12.571181045598307,37.65726678543993],[12.571400684345342,37.656914684286846],[12.57171861109169,37.656494565485396],[12.571879752513409,37.65621766897779],[12.572048472818627,37.655953678428716],[12.572226847672367,37.6556389519748],[12.572369700327277,37.65543174140388],[12.57255078404964,37.65527944217283],[12.574361350648099,37.65401121924683],[12.575556426612762,37.653204751437826],[12.576211034195872,37.65276923598523],[12.576464988383567,37.65283815076305],[12.575695148777536,37.6533699878215],[12.575843651004478,37.65348129151323],[12.578081466357421,37.65413673651654],[12.578144311884603,37.654074015655475],[12.578160811794524,37.65401945637376],[12.57819622860886,37.65397559453296],[12.578240294940493,37.65394947704679],[12.578292865366752,37.653923102151964],[12.578321361468772,37.65389747916959],[12.578657628969571,37.653718079104436],[12.578822911902257,37.65344499555851],[12.578678689927674,37.65146509686517],[12.578568625616931,37.650038901875696],[12.578533844383836,37.64843453465764],[12.5790528603084,37.64743600057653],[12.579570740195095,37.64647200225735],[12.580918469412769,37.64510337252351],[12.586259769107519,37.64221980726091],[12.586542894658734,37.64259886431598],[12.58611898380845,37.64281137918821],[12.58601880989593,37.64268490846884],[12.581686834222207,37.64498780263919],[12.581473503346048,37.64513548649352],[12.581574124201232,37.645248147669264],[12.581255251517474,37.64543516525945],[12.58115375649235,37.64535013197373],[12.579881322423342,37.646540573372114],[12.579349423761332,37.64740060773234],[12.579554690534836,37.647501604088674],[12.579315473628686,37.647911436366215],[12.579761160292618,37.64810029410196],[12.581099716643676,37.64808629335923],[12.581051528313482,37.64850004583833],[12.579261898540533,37.64849095977736],[12.579276524004747,37.6496456268081],[12.580962903556312,37.64962493439023],[12.580934761674044,37.649956139395485],[12.579265747905673,37.64997718957025],[12.579298873646765,37.651097659484684],[12.583298025288672,37.651034540947954],[12.583958404702008,37.65103426900398],[12.584306632647046,37.65106653796898],[12.58423226473937,37.65116429510401],[12.584193048759124,37.65130174189105],[12.584482465434961,37.65148738368711],[12.58460673395671,37.65140697823492],[12.58473428217984,37.651387232672796],[12.58481517321618,37.651354976149236],[12.58495016839191,37.651356827886396],[12.585159716921924,37.65135045138281],[12.585338469900709,37.65132713437223],[12.585421079268075,37.651330578867665],[12.58542566254243,37.65142578444635],[12.585401170088796,37.65153975129104],[12.585404034627617,37.65159925455224],[12.585459859126704,37.651669063987924],[12.585456098759035,37.65174664617407],[12.585740989806698,37.65205976362813],[12.585731375654492,37.652210478244065],[12.585867291713924,37.652312190007336],[12.58600064246353,37.652404975269036],[12.586091486852222,37.65246752389582],[12.586164674282706,37.652517103742326],[12.586260414215644,37.652563728591204],[12.586316686915653,37.65260031705103],[12.586335774661817,37.65262901680124],[12.586345463915684,37.65268276276925],[12.58635767222603,37.6527454535871],[12.586360328270807,37.65284446817002],[12.58637443622223,37.65299044088807],[12.58640478824421,37.65325302156757],[12.586465313524675,37.6535687426174],[12.586486813677867,37.6537212424534],[12.586487714712918,37.653901379919034],[12.586500991451954,37.6540744073641],[12.586486549123434,37.65420097281064],[12.586461899852463,37.65426253430981],[12.58640892109691,37.654279901903124],[12.58635522466128,37.654297308437286],[12.586256375495685,37.65434760534626],[12.586081247740772,37.65446105410128],[12.586031097704968,37.654478341730396],[12.585961714642366,37.654523244226816],[12.585796070628849,37.65462738146761],[12.585659934868797,37.6547418941441],[12.58559278015148,37.65484753612856],[12.585562069025004,37.65497459572999],[12.585522723505305,37.65533389153328],[12.585527087517761,37.6554688880314],[12.585527271274715,37.65564906626851],[12.58553970779056,37.65577481265807],[12.585552161802466,37.655812717929194],[12.58559320608448,37.65588580403996],[12.585668606641292,37.65608395043167],[12.58570593350273,37.65625622794207],[12.5857490539595,37.656401317649866],[12.585819002069968,37.656691973097786],[12.585854278687062,37.65679224609216],[12.585922671758613,37.65691853961678],[12.586044451574857,37.657299961304325],[12.586138567892156,37.657562852258934],[12.586161590681465,37.657717556158985],[12.586170130134578,37.657762351608696],[12.586196612597998,37.65779757842089],[12.586232116966672,37.65784378362492],[12.58639403140701,37.65805187673533],[12.586470804137038,37.65814878264593],[12.58667546163827,37.658123071068474],[12.586618454411061,37.65792436638402],[12.586606050706092,37.657843674575695],[12.586598987075075,37.657814608845534],[12.58659159982101,37.657778800784406],[12.586570338573447,37.65773439357938],[12.586520605851728,37.657598527976056],[12.586444314328736,37.65735310173913],[12.586371478855316,37.65713460058173],[12.586259908367715,37.65681818312681],[12.586222636603067,37.656690941542834],[12.58618430310486,37.65652769838988],[12.586132200471965,37.65628378777798],[12.586139677517929,37.656188975533496],[12.586088108867138,37.65586847101354],[12.586068953525137,37.65574970032516],[12.586053141229149,37.655642063795476],[12.586050656085238,37.65556106907273],[12.586053277661966,37.65549792683409],[12.586058726756873,37.655434697626305],[12.586073261361868,37.655398223124564],[12.586109070869394,37.65531829513619],[12.586160545642777,37.65521087974126],[12.58622824510883,37.6550871958164],[12.586276197306647,37.65497988760472],[12.586333347083437,37.6548722993867],[12.586365612342616,37.654792479219104],[12.586394133732137,37.65473755294938],[12.586425303934483,37.65469381799779],[12.586473175283214,37.65465857812603],[12.586500995538712,37.65463295216557],[12.58653629416781,37.65461612096622],[12.586715399176848,37.654511572887195],[12.586778670442786,37.65445783990398],[12.586849664018569,37.654388113375205],[12.586904021681024,37.654325646394156],[12.58697333905679,37.65426497524304],[12.587020776828538,37.654220744845155],[12.58705509990335,37.654183666825276],[12.587084047586876,37.65416701081996],[12.587118650011591,37.65415020064986],[12.587148185227653,37.65413127541129],[12.587085227510032,37.65377959589036],[12.587011739508966,37.65320976882427],[12.5870014681724,37.653129011186095],[12.586923926719937,37.652739492128745],[12.586907853355955,37.652640885174485],[12.586857666567822,37.65249601187585],[12.586816475660312,37.65240492270055],[12.586773997491028,37.65233189864831],[12.586687967392109,37.65222189814552],[12.586595851995149,37.65210307931191],[12.58644136023616,37.651909591525744],[12.586381487538821,37.65182809331397],[12.586356746335186,37.65179956656243],[12.586393146661221,37.65146737067791],[12.58640291553273,37.65133194396284],[12.586407816619447,37.651286753756544],[12.586397120237445,37.65117545160294],[12.586619224801572,37.65109274867294],[12.586304303520922,37.65058135924235],[12.586046705539502,37.65017508793673],[12.58612339275635,37.65014345489354],[12.585817409288131,37.64961531547535],[12.585586331670317,37.649254157031166],[12.585329652598308,37.64910779865745],[12.5839412252237,37.64858667418833],[12.584061452118751,37.64846860345747],[12.58559412664911,37.649129475889076],[12.585676742848777,37.64895576760793],[12.585712364066632,37.648761611377424],[12.585384304619716,37.64848556091309],[12.585236496005521,37.64840424884822],[12.582975748166614,37.647843599985755],[12.58288232350811,37.64784540776691],[12.58280324852742,37.64783635576872],[12.582743812935355,37.64779801484515],[12.582723502355378,37.64770477737905],[12.582713591829208,37.64757832572459],[12.582669469362115,37.647499446455484],[12.58262198763433,37.6473796723499],[12.58257561390707,37.64722648822145],[12.582633514957074,37.64716827037991],[12.5827000370158,37.647132502788594],[12.582793708449689,37.64712328862745],[12.582876957539984,37.6471472694471],[12.582905048917345,37.64721653623442],[12.582966953340705,37.647251211045734],[12.583006530647815,37.647326281610844],[12.583055321528962,37.64740525841313],[12.583128026854526,37.647466164802196],[12.583201592012518,37.647501086649356],[12.583304354853622,37.64749947388955],[12.583370752890938,37.647467417769185],[12.583646830733642,37.64744708298747],[12.583715482252298,37.647489329579855],[12.583849940503772,37.64751808171642],[12.58388296611857,37.647507612340185],[12.58401789284653,37.64752151502274],[12.58415294443385,37.64753172459309],[12.584254844757233,37.647556077557915],[12.584327203562975,37.647628101734405],[12.58448463521099,37.647668458621084],[12.58468283148684,37.64774678278073],[12.584766327291206,37.64776333857403],[12.584885696589199,37.64782518525552],[12.585003734329648,37.64792786656353],[12.58527006517903,37.64806511321542],[12.585826849048674,37.64845894145363],[12.586012828661767,37.6486261216853],[12.586046065143114,37.64875304311773],[12.58602082362402,37.6488119297876],[12.585926435048295,37.64884341953271],[12.585854024551708,37.64906099172793],[12.585819456961563,37.649263565394904],[12.585891128676634,37.64935692816369],[12.585967321100958,37.6494550145039],[12.585947093891193,37.64950288107213],[12.586309731655753,37.64998184199518],[12.58642310678396,37.65008440511541],[12.586618464229554,37.65010696320904],[12.586920987039441,37.65013544654632],[12.58721419503711,37.65016371452133],[12.587449903612052,37.65016828421716],[12.587629971212118,37.650172335201965],[12.588077136342276,37.650244527548594],[12.58842759176846,37.650300595533174],[12.588837917721051,37.65035483782002],[12.589487778994567,37.650306752186786],[12.589594346370678,37.6502978189056],[12.58963192172828,37.65029891997395],[12.58977505841437,37.65025627445615],[12.589998468606582,37.65020267742538],[12.590118347460871,37.650164725738534],[12.590188390157826,37.65014908517786],[12.590236428945367,37.65013184666912],[12.590594854401342,37.65003084983038],[12.591026865450768,37.64991407404885],[12.591109250132194,37.64988278485261],[12.591197653915613,37.649849201340096],[12.5912193874854,37.649786916102656],[12.591214084665532,37.649645657636825],[12.591236700461009,37.64955596471699],[12.591338149203128,37.64946785432334],[12.591497919516758,37.64940447921327],[12.591652924725643,37.649337078030705],[12.59187675430811,37.64927499544282],[12.592011653323917,37.64921894630056],[12.59204804598898,37.64916088060727],[12.592137472887213,37.64913918761003],[12.59220795135364,37.64909358966946],[12.592288546864626,37.64904033824878],[12.592377341410414,37.649038239814615],[12.592461845441548,37.64901643812429],[12.592557077788392,37.6489674266504],[12.592669250346525,37.649004984054535],[12.592774083638831,37.6489640011668],[12.592880318004097,37.64887993179492],[12.592886893103167,37.648829103917045],[12.59294537316006,37.6488498851275],[12.592988945031907,37.648874311912834],[12.593102383502119,37.64887269739948],[12.593207328948612,37.648827800846526],[12.593243718221162,37.64876973490701],[12.593195721122411,37.6487295568694],[12.593247131908116,37.64866394819259],[12.593331522485725,37.64864607993627],[12.593424222333308,37.648675410806206],[12.593517692601349,37.64868123097986],[12.593792546558618,37.64856531972593],[12.593958027136487,37.648478519679664],[12.59409000990671,37.64835967770204],[12.594203200191862,37.64821301641287],[12.59429249725577,37.64804966792741],[12.594350656689306,37.64798400245643],[12.594539056497387,37.6478764278623],[12.59470627368863,37.647777345133626],[12.594778993631703,37.64773425566178],[12.595234336737898,37.64751622882765],[12.595427751939983,37.64742658247897],[12.595434663440196,37.64738661076362],[12.595794508203412,37.64717555551922],[12.595797955549767,37.64706866146947],[12.595902629417587,37.64695046723065],[12.596060863755971,37.64673530682611],[12.596140129293808,37.64653635642984],[12.596263196663399,37.64636950103628],[12.596361561244386,37.64627345459482],[12.596454881588617,37.6461594811849],[12.59649651006618,37.645956214645196],[12.596553025137169,37.645867122940196],[12.596747097404794,37.64577339505569],[12.596918326258988,37.645682817375025],[12.596906676444721,37.645479981754654],[12.596950602533312,37.645386814792715],[12.59716820812296,37.64526823383966],[12.597226252691822,37.64516089084731],[12.597261455536682,37.64505669835508],[12.597733430245485,37.64517857918845],[12.59798412055148,37.64509345633534],[12.598565802025757,37.644879044360145],[12.599383488280456,37.644585910884814],[12.599740958557016,37.64438430110341],[12.599858776367057,37.6440658584942],[12.600062403935594,37.64395784793647],[12.600224596551058,37.64383527993792],[12.600463321558916,37.64365487462107],[12.600525444651051,37.643633799869065],[12.60062428507277,37.643600268915876],[12.600763455180815,37.64351627445871],[12.600890247246026,37.64339221631884],[12.600926261683139,37.64326272087411],[12.600937085187434,37.64306757544935],[12.600976938497913,37.64295984526763],[12.601020880760762,37.64286667640115],[12.601084161181184,37.642878819626276],[12.60107344348116,37.64292925736995],[12.601041979599435,37.64305885251052],[12.601047221668342,37.64317834121452],[12.60104315325313,37.64330488556283],[12.600964497492392,37.643487806145764],[12.600816202921266,37.64366429473313],[12.601034469741522,37.64375404700407],[12.601206714630928,37.64381619869881],[12.601372086724055,37.64388354122864],[12.601597044113998,37.64397341674095],[12.601722917900027,37.64381069530468],[12.601210989689056,37.64347505531013],[12.601266446954963,37.64341752943145],[12.601621407819204,37.64363269262093],[12.601857705724889,37.6437867777944],[12.601920220412278,37.64371874230553],[12.601954717056634,37.64368744755442],[12.601975837053054,37.643655897784676],[12.602003669117613,37.64362447523949],[12.602058279957875,37.64359359975071],[12.601947335178997,37.64350070000091],[12.601895286815067,37.64345166390971],[12.601731286487695,37.64334167892206],[12.601408102419565,37.64318048906766],[12.601253888440946,37.6431826937922],[12.601194991750456,37.64313882969516],[12.601219876847995,37.6430647907457],[12.601272218066347,37.64305643245292],[12.60134738320652,37.64305863761777],[12.601453666158603,37.643059890659785],[12.601542681386983,37.6430706938481],[12.601592126099174,37.6430826867539],[12.601641612915552,37.64311045472362],[12.601712474465552,37.64315557623826],[12.601818824475556,37.643231161965325],[12.601922648780254,37.64331357786941],[12.602002534523438,37.64336968713751],[12.602028103430772,37.64334188508156],[12.602053499161702,37.64332533411344],[12.602104617452712,37.6432989923509],[12.602160693856938,37.64327251790081],[12.602168608105837,37.64323848539002],[12.602177390742494,37.64319317062109],[12.602179456319613,37.64314807022256],[12.60217473882086,37.643094156601435],[12.60217495471,37.64304009034892],[12.602154710778477,37.64300242508386],[12.602119355709815,37.64297422618965],[12.602155906171248,37.642939327200274],[12.602163798354857,37.64291205563584],[12.602182955257332,37.64286868492474],[12.602198609085923,37.64284117696096],[12.602234615626296,37.64282431956739],[12.60226522937551,37.64279860553801],[12.60231858759456,37.6427451658314],[12.602371226036626,37.642691767027486],[12.602417148248511,37.642674588393206],[12.602477571838882,37.64265021328964],[12.602526992731788,37.64263294565688],[12.60256078197649,37.64261388662307],[12.60262979413275,37.64256223838144],[12.60268641259799,37.642517703212995],[12.602790191605077,37.642467241317995],[12.602871270082677,37.642430979620364],[12.602931803532382,37.642423501607254],[12.602980367692506,37.64246142682288],[12.602990597831758,37.64249714684186],[12.603028638771121,37.64252976508035],[12.603101553414282,37.642536538793856],[12.603136907562766,37.642535457627986],[12.60317378537759,37.64253659919467],[12.603235772796207,37.64253018285077],[12.603293760625636,37.642526664430434],[12.60345496357411,37.642377110141986],[12.60383283304506,37.6423430252149],[12.604386661740502,37.642067082057125],[12.604742931958594,37.641894024477715],[12.605129628099563,37.641837155789744],[12.6055066217161,37.641755785795965],[12.605864433274057,37.64155564927516],[12.606416183523033,37.64129553496048],[12.60684874597183,37.64089941743507],[12.606909098090615,37.6408300059969],[12.6069394443959,37.64080146208463],[12.607409440791983,37.640359377442955],[12.607986681994714,37.639912553912986],[12.60883383787882,37.63940723992812],[12.609488020890403,37.639068623999464],[12.610053550078666,37.63856823859237],[12.610724197777337,37.63813398325277],[12.611410927138065,37.637614728995786],[12.611864858243731,37.63725070775679],[12.612307096577359,37.636833131527716],[12.61273800161459,37.63635134364548],[12.612896059095522,37.63601864110232],[12.612999378279778,37.63572215413504],[12.613677187015462,37.63587077746533],[12.613922855813213,37.63567309801619],[12.614266122218375,37.63533482387447],[12.614118769934151,37.63523208226416],[12.614081626915029,37.635084246382114],[12.61408625988,37.63473751419196],[12.613672151392802,37.63438153338406],[12.613545038085567,37.634165691835584],[12.613792660038554,37.633546903467185],[12.614143749810726,37.632626289831116],[12.614408677841517,37.63188521818642],[12.614489789014595,37.63144433869091],[12.614411731448918,37.630952254145036],[12.614545546369918,37.63053907462481],[12.61489149288932,37.62977832059153],[12.615045795213534,37.6295628513507],[12.615197183365053,37.6294379492184],[12.615039544649834,37.629338782581605],[12.615070439769136,37.62921145200229],[12.61524418504509,37.62922562304179],[12.615258948399209,37.629183270736974],[12.615060432876955,37.62910461920033],[12.615092328353095,37.62894532147624],[12.6152901610804,37.62904528458146],[12.615306267524169,37.62896030703274],[12.61520356604774,37.628819603412204],[12.615649020064755,37.627879578189365],[12.61576167240286,37.62729003774952],[12.61573547485189,37.62685230235127],[12.615790278552108,37.62639488714402],[12.615697799586172,37.625934499357605],[12.615812423055491,37.62570222086212],[12.61625518232684,37.62568451899336],[12.616501686878912,37.62551889243368],[12.616783017519342,37.62468216532656],[12.617070302676042,37.62365896399259],[12.617376229528839,37.622470838230306],[12.617755344621278,37.62150813710278],[12.61790150290976,37.621127214307414],[12.618104068618537,37.62107798774317],[12.618087484948958,37.620757743252426],[12.618322500230818,37.62011202736968],[12.61861985787421,37.61961153504779],[12.618936197757604,37.61893546088993],[12.619117275645934,37.618299315109304],[12.619297008464741,37.617705792613414],[12.619551615848948,37.61728439636404],[12.61979942604949,37.61707614024646],[12.619864562695906,37.616473794677695],[12.620654438130886,37.615699480393154],[12.620688156299186,37.61531005318847],[12.621016814294736,37.61502831546537],[12.621677609519411,37.61502468835585],[12.622023783541854,37.61486205728197],[12.622031344563883,37.61462474215529],[12.621639632248035,37.61420975560715],[12.62165800584329,37.61363342067075],[12.622340926949175,37.61293479943623],[12.622185124108636,37.61247367019422],[12.622383807769138,37.61225717670676],[12.622322206271265,37.611943427281034],[12.622338766344477,37.61191460972312],[12.622487727118186,37.6116553900946],[12.622556573521749,37.611557391639515],[12.622609857691272,37.611481545038785],[12.622645287217845,37.611454747385345],[12.622860766204852,37.61129176757538],[12.623096089360722,37.61113321869636],[12.623334514659788,37.610987728738756],[12.623468359456025,37.610886467491824],[12.623500533908876,37.61060876462365],[12.62350706621112,37.6105273740739],[12.623519862930447,37.61036791376886],[12.623626301077662,37.61026650402025],[12.623796428760373,37.61010441247896],[12.6238531517779,37.610066293249545],[12.62401090985943,37.6099602727676],[12.624175046642792,37.60990702085416],[12.62438791232594,37.609837960489585],[12.624673188463285,37.609667417597066],[12.624710325802951,37.609620870744216],[12.624746048938576,37.60957609978015],[12.624759703772073,37.609452598001226],[12.624778801960463,37.60927985481465],[12.624760067222889,37.60913752249417],[12.62475063668641,37.60906587134508],[12.624859938245015,37.608928893760954],[12.62491239236305,37.6087733450607],[12.624950059994308,37.60866164143036],[12.625038085606567,37.60844547611766],[12.62505984931298,37.608404792031536],[12.625199361857952,37.60826928037329],[12.625220729359125,37.60823708308557],[12.62522424762465,37.60819481427948],[12.625238581973504,37.60802258782305],[12.62521151330362,37.607777961302354],[12.62521729913347,37.60770417730226],[12.625227585576873,37.60751937645433],[12.62518426271126,37.60737209608324],[12.62517465273703,37.607310058433725],[12.625276475599923,37.607197555202674],[12.625394174516373,37.60716280912967],[12.625446686544882,37.606978298532894],[12.625538605098223,37.60686137550677],[12.625604659906102,37.60677735203807],[12.625718074173767,37.60670593444756],[12.625747437167197,37.60668744403462],[12.625939449326319,37.606653319332466],[12.625981959599567,37.60664576384036],[12.626100701531115,37.60652030897598],[12.626163317238444,37.6063917160626],[12.626177535927853,37.606362073659724],[12.626239403035399,37.60633101838679],[12.62631970589253,37.60629070769822],[12.626530337196895,37.606267105390934],[12.626618525673644,37.60616739966653],[12.62670947873914,37.60606731241751],[12.626795539295127,37.60599409414112],[12.626882108835657,37.605838092117374],[12.626990013514753,37.60567669931497],[12.62701676979886,37.605636680158824],[12.627079007237256,37.6054692612294],[12.627075031999809,37.605426813987506],[12.627062621315831,37.60529429447564],[12.626951118039466,37.605193749173196],[12.62691952607119,37.60515100315005],[12.627016460159135,37.60491295098178],[12.627064336287132,37.604824244816925],[12.627176840545392,37.60474556392844],[12.627280774849819,37.60455041344622],[12.627309477328062,37.60450231734754],[12.627556813875334,37.604100600600866],[12.62762468221625,37.604014261732694],[12.627706140414046,37.60391063814812],[12.627733768844271,37.603892160115876],[12.627869584075096,37.603827810398435],[12.627987644560143,37.603703070211324],[12.628129830360114,37.6036317016951],[12.628222848505692,37.603522232822506],[12.628315171275469,37.603413581670914],[12.62835281896419,37.603218660112645],[12.628440861223844,37.60301630254497],[12.628568107539296,37.60277024947679],[12.628600746726521,37.6027071357365],[12.62879995268753,37.60235545609961],[12.628868642006339,37.60228060821229],[12.628897078757458,37.60224962055554],[12.6290173356448,37.60211857944723],[12.629276020751426,37.60204956387722],[12.629332827433892,37.60209709401953],[12.629401846605388,37.60212631503328],[12.629426606134903,37.602080423619704],[12.629405675363975,37.60200577480478],[12.629451803480736,37.601987506886424],[12.6296061620574,37.601926088678155],[12.629643721251876,37.60177218322194],[12.62987737351321,37.60161057754938],[12.629979947428843,37.60154410785111],[12.630198219805923,37.601279416609],[12.63052472967926,37.60091019363648],[12.630518067901214,37.60075231950501],[12.630593576716734,37.6005775406571],[12.630597114229053,37.60046627049057],[12.630730016423524,37.60026742402924],[12.630768457469232,37.60020990658955],[12.630888202110874,37.600110259109684],[12.630959916540856,37.60009549424657],[12.631052495869982,37.600076434369406],[12.631218847511317,37.59997771196197],[12.631292296939275,37.599867849107284],[12.631482534088349,37.59975104750473],[12.63155421325733,37.59969681016947],[12.631606102634699,37.59953084030613],[12.631708259760387,37.5993862464075],[12.631860796705396,37.59922048597735],[12.631865783443397,37.599062843100434],[12.63192874166012,37.59891566414599],[12.631922680842262,37.59873924849397],[12.63207590087029,37.598686648624486],[12.63205760815554,37.598528542037215],[12.63221378088302,37.59838323276564],[12.632354184503132,37.59836748544129],[12.632524333179914,37.598148222000894],[12.632632185780219,37.59809234130049],[12.63271398242027,37.598049961543595],[12.632754513294216,37.59801684083149],[12.632778901884716,37.59799691020323],[12.633013193802297,37.59780544518637],[12.63326246105724,37.597616825260765],[12.633311822895665,37.597579471858445],[12.633483776766663,37.597504196723264],[12.633595555295349,37.597455265194355],[12.633835340070686,37.59724665659621],[12.633899163740812,37.597071645969066],[12.634151470558589,37.59683547460017],[12.634252326617139,37.59659624201543],[12.63445860359278,37.59634058512346],[12.634592688684878,37.59612513443143],[12.63461829809536,37.59608398508432],[12.634739646344547,37.59601861266448],[12.634867359108066,37.5959498114778],[12.635068652187334,37.59585177748372],[12.635095484124477,37.59574096993691],[12.63520267071829,37.59566890059383],[12.63522019707455,37.59548367592076],[12.635395454458621,37.59528770015352],[12.635450085512117,37.59521920825269],[12.635648508845552,37.5951303940979],[12.635685704064917,37.594999580641655],[12.635706733233928,37.59496810821794],[12.635778244657319,37.594861081753876],[12.636015355298357,37.59468164822275],[12.635974349910628,37.59458433469518],[12.636268887913428,37.594331487220344],[12.636296113338743,37.59431247377187],[12.636426047811208,37.594223553237946],[12.63652746248116,37.594170024454115],[12.636667512237569,37.59415572628804],[12.636778898801564,37.59408477011555],[12.63684001301962,37.594044717603175],[12.63695047607664,37.59404017326472],[12.637126910449151,37.59403291390814],[12.63706248941346,37.593978997316796],[12.637108199437606,37.59392729317478],[12.637087561278037,37.59388302179352],[12.637101629469237,37.593786814640275],[12.637104967914867,37.5936816387352],[12.637259976299008,37.59365842440889],[12.637229993971788,37.5935613432457],[12.637199720558867,37.59347301594272],[12.637270500481176,37.59332533445332],[12.637521111495825,37.593067216180884],[12.637633187306852,37.59300805757904],[12.63764642836011,37.592938147496035],[12.637928966420713,37.59271575865115],[12.638197704858792,37.59258080522662],[12.63834197770082,37.592548603034004],[12.63838537880044,37.592494184158696],[12.638419117627025,37.59245429569178],[12.638475044926134,37.59240048290846],[12.638535852651765,37.592341974486956],[12.638549106873961,37.59224508962699],[12.638601493003788,37.59225038772733],[12.638673793403784,37.59226675553428],[12.63879137126767,37.59227692835703],[12.63878536038723,37.59211892400833],[12.63876555121257,37.59204835573987],[12.638647176002067,37.59195828372458],[12.638791447421923,37.59192608105132],[12.638739438987324,37.5918285550313],[12.638821504766966,37.59167231452606],[12.638838348262638,37.59148845825196],[12.638743385716731,37.59135498864364],[12.638794080212223,37.59114549234024],[12.638908369132867,37.59101620968968],[12.639032427689669,37.59092660477866],[12.639133475325856,37.59086723214572],[12.63923702833935,37.59072896279386],[12.639359831851056,37.590678787474026],[12.639352141541355,37.590573379991504],[12.639366360137746,37.590535653386254],[12.639388233396764,37.590477617834544],[12.639501958564159,37.590365859835494],[12.639593659763271,37.59025367547692],[12.63961845808015,37.59016645370516],[12.639741529779013,37.59010752394175],[12.639854718079983,37.59001331070511],[12.63993622047123,37.58987459646986],[12.640026824403332,37.58979746305274],[12.64010696498263,37.58970259085758],[12.640263350869871,37.58963554813713],[12.64033163766509,37.5895667422958],[12.640269164833871,37.58945147737631],[12.640338571366314,37.58934760156176],[12.640472932000902,37.58928011267441],[12.640543164289756,37.58914995587207],[12.640601279365965,37.589054638402004],[12.64077087626504,37.58891768559864],[12.640914873543752,37.58889425272011],[12.641003821547958,37.58886971560905],[12.640984279567892,37.588790394581586],[12.641054218713617,37.58866899233445],[12.641090441621452,37.58856885186098],[12.64125896569813,37.588466967813424],[12.641317054753728,37.588371632799415],[12.641475942081199,37.58822571093037],[12.641689339053132,37.588098400868724],[12.641972385556729,37.587858476640974],[12.642153292286977,37.58771298076535],[12.642255719103128,37.58760976197834],[12.642688025766988,37.58717984017744],[12.642936945677341,37.586974308235504],[12.643174841066667,37.586768563375124],[12.643389594626212,37.58659742637681],[12.64357159017276,37.58641685759707],[12.64386676346416,37.58614207287003],[12.643885497762167,37.58612024551171],[12.643988802207891,37.58600121468224],[12.644226062317621,37.58592997225041],[12.644345276759163,37.5858117014934],[12.644369416997984,37.58578775291559],[12.644408054027721,37.58574942127707],[12.644508398665012,37.58569901894355],[12.64457600995162,37.58566505890986],[12.64470495809886,37.58555006066518],[12.644893465306033,37.585381944218355],[12.644969575709334,37.58529489246016],[12.644933833847348,37.585150311252384],[12.644916821796091,37.58509307172288],[12.64488400987625,37.5849826668054],[12.644699011489841,37.584908792891966],[12.644647001193578,37.584811269536644],[12.644779139989538,37.584813918073],[12.644861306603575,37.58464434918556],[12.644884206376355,37.5845970906657],[12.644897001867626,37.584570682913416],[12.644952318294893,37.584468142908264],[12.645002648152806,37.584391412432346],[12.645191055433303,37.58430186290706],[12.645215195988229,37.58422597912277],[12.645222616395225,37.58418273877914],[12.64524366223817,37.584060098436176],[12.645205015180007,37.5838752313288],[12.645021540020576,37.58376621503741],[12.645033966116141,37.58373813404178],[12.64516389947439,37.583444509219284],[12.64527816500619,37.58331522147769],[12.64532688299878,37.58332218686311],[12.645420764522502,37.58333560858521],[12.64561127074609,37.583234164033556],[12.645735709273918,37.58313138686602],[12.645772883410269,37.583000571210945],[12.645849979224565,37.582985042031474],[12.645924854466655,37.58307376595211],[12.646134081228213,37.58307794041789],[12.646198206790352,37.583140624185184],[12.64655334848957,37.58301561939204],[12.646539859794904,37.583138672092524],[12.646514779001073,37.58323464967918],[12.64674602970197,37.583239266964675],[12.646811737028816,37.58322405342722],[12.646975733775562,37.583186082330286],[12.64717083737023,37.58304599743123],[12.647271600300062,37.58299537089362],[12.647289033407425,37.58293843983147],[12.647333000204183,37.58279485706512],[12.647335554532567,37.58276606508575],[12.647350089758314,37.582602245606225],[12.647363941511964,37.58241159915076],[12.647292584659656,37.582329177088894],[12.647238735914208,37.58233875921785],[12.647174900293633,37.58235011874652],[12.647070955574312,37.58236861633],[12.6469938889978,37.58236708986663],[12.646853427624436,37.58232958747267],[12.646666006338135,37.58228160720805],[12.646604811372024,37.58226635462571],[12.646512965703792,37.58224346292345],[12.646594449157055,37.582104744988065],[12.646595418270845,37.582074038128475],[12.646598598414432,37.58197327234118],[12.646665794251629,37.58188078553389],[12.646873205612104,37.581675461339145],[12.64693051359056,37.5816295235261],[12.64706456207555,37.58152207213857],[12.647233597526066,37.5814026374522],[12.647293079341468,37.58126349259399],[12.64732143518372,37.58106232188878],[12.647261167651989,37.58087691992969],[12.647224510687725,37.5808552049619],[12.64708984911322,37.580775434976196],[12.647035724977178,37.580688233697394],[12.647092392471219,37.580661088242],[12.647158795745067,37.58062927857291],[12.647291484906486,37.58061437982583],[12.647436556390785,37.58055588784539],[12.64745330992212,37.58059563445686],[12.647477566263708,37.580653178297695],[12.647642451449714,37.58066523557501],[12.647906737966325,37.580670507774876],[12.648084294224978,37.580630197674935],[12.648275195530884,37.58056492164265],[12.648293805824773,37.580484221150215],[12.648311689167226,37.580406667415396],[12.648337859367677,37.580275639346546],[12.648458989375774,37.580278051653416],[12.648509909768098,37.580410625283626],[12.648528535657062,37.58047695649652],[12.64854273510629,37.58052752592069],[12.648559447830392,37.580587042601955],[12.648669823667968,37.5805804714936],[12.648709777114153,37.58053690779262],[12.648772235976672,37.58046880472294],[12.648779575622953,37.58044075197313],[12.64881024609156,37.58032013206187],[12.648771358465806,37.580272601552714],[12.648693527990762,37.58017747283317],[12.648708138447253,37.5800637381831],[12.648766252463954,37.58002463659518],[12.648809431087155,37.57999558446155],[12.648832567528654,37.58001710753203],[12.649002122210694,37.58017483981215],[12.649086910572594,37.580281789636416],[12.649072299552097,37.58039552433714],[12.649270518883766,37.58039948005978],[12.649342501253324,37.58037820166248],[12.649437341697837,37.58035016526185],[12.649572793169021,37.580247614437724],[12.649697777280528,37.5801273077164],[12.649894961728108,37.579985476661534],[12.649923229168278,37.57996514509217],[12.649972530103428,37.579799469701385],[12.649873106405671,37.57965452758265],[12.649856634139718,37.57963051375193],[12.649853644673573,37.579535059582774],[12.649855083254067,37.57945240769527],[12.649998069991687,37.579359692285614],[12.65001301716552,37.57921259550332],[12.650005131607934,37.57918709242822],[12.649983003299758,37.57911551956105],[12.649853764745327,37.579082700990554],[12.649720662524961,37.57904890101457],[12.649757002697559,37.5789443644851],[12.649838121407765,37.578938826054454],[12.64995577522376,37.57893079334895],[12.64998082474962,37.57883479716051],[12.649919996727055,37.57866694065618],[12.649906781728202,37.57863253789434],[12.64987925040526,37.57856086111594],[12.649816657194254,37.57849969760385],[12.649755467707156,37.57844267970225],[12.649449824771201,37.57855231114565],[12.649294829958599,37.57857554132934],[12.649252672402085,37.578540254283595],[12.649198219367857,37.57849467597005],[12.649135186633544,37.57839694262723],[12.649255761262143,37.578342563486146],[12.649358718332955,37.57829613125781],[12.649426986779817,37.57822732101651],[12.64937524416551,37.57812104566265],[12.649232384592581,37.5781094169795],[12.64911819919117,37.57818006105356],[12.649101694038036,37.57809902942605],[12.649145392850407,37.57807260878319],[12.649235682405992,37.57800422418155],[12.64913588980198,37.57787944460483],[12.6490413483728,37.57787756663306],[12.649127160082024,37.57778162216937],[12.649179269403215,37.57769612251661],[12.649305899621888,37.57752321859471],[12.6492894049119,37.57734745880627],[12.649181035652088,37.57726500156702],[12.649143458799642,37.5772136180254],[12.649003142502657,37.57699090092699],[12.649146344400862,37.57684931244098],[12.649298794820668,37.57669857821266],[12.649438092087978,37.57647329209093],[12.649598297502425,37.5762835181939],[12.64989176125717,37.57606131810115],[12.65018381905948,37.575882941052164],[12.650319536118083,37.575880502725646],[12.650415311667707,37.57587878121848],[12.650535053115501,37.57592501654216],[12.650787209656398,37.57596512240478],[12.650922093665445,37.575880097320464],[12.651332242825925,37.57580055007518],[12.651408484149425,37.57582839616271],[12.651558230808735,37.57578977394007],[12.651760948637275,37.57580137180874],[12.651899876781227,37.57588645293441],[12.652093172208945,37.576011562317014],[12.65225659533351,37.576187339954366],[12.652575344762996,37.576211222372315],[12.652627535588605,37.576148294870805],[12.65268985160021,37.57607315657526],[12.652824201626885,37.57600567346115],[12.65299634760923,37.57600908330882],[12.653148024738508,37.57593933953318],[12.653250438340278,37.575826338441075],[12.653294082972062,37.575778182401656],[12.653535497687404,37.57545845784137],[12.653688030444908,37.575279245914224],[12.653805249852226,37.57542755122095],[12.653990198590655,37.57567481088613],[12.654036486558985,37.57573669377094],[12.654084211002923,37.57580049693429],[12.654221264954177,37.57598372408238],[12.654360108449035,37.5761693423751],[12.654378359613245,37.576241816519264],[12.654490911511465,37.576688764846544],[12.654585435029231,37.57706413830436],[12.654601697441967,37.57713028860033],[12.654728155225714,37.57732476222819],[12.654758692865192,37.57737172348984],[12.654783541215036,37.57740993698981],[12.65494728384387,37.577661748675595],[12.654978858534113,37.577710303811294],[12.655206078235231,37.57805972867396],[12.655436460409213,37.57830031228003],[12.655501903871963,37.57836948054214],[12.655889824858669,37.57877936611995],[12.656488383562406,37.579411803929545],[12.657016087565436,37.580057905626745],[12.657119909268411,37.58018502065439],[12.65714039112861,37.580210097284],[12.657265501873322,37.58036327364168],[12.65743742496519,37.58057376552567],[12.657496364398597,37.580649490084326],[12.657552334945098,37.580721405011204],[12.657715059590267,37.58093047557708],[12.657738903391817,37.58096111161293],[12.658014237195943,37.58131485900802],[12.658136144460391,37.58144527030479],[12.658163240354565,37.58147425671317],[12.658419144544691,37.58174800873995],[12.658467867812664,37.581800129639134],[12.658567573646128,37.58190678948403],[12.658622780311775,37.5819658458697],[12.658900169536917,37.58226257354424],[12.658967679011047,37.58233478992083],[12.65918119811609,37.58257472862026],[12.659419043789619,37.58284200116073],[12.659809113022922,37.58328032781841],[12.659914837100018,37.583399129915335],[12.660028661363377,37.58352703514438],[12.660499620943382,37.58404166390551],[12.660777096625234,37.58457807568234],[12.661090880600868,37.58524785130652],[12.661203949882516,37.58548919672079],[12.661339737617672,37.585779029773626],[12.661766724029755,37.586608094864495],[12.662483650585088,37.58770162242012],[12.662598790514824,37.58787724047199],[12.662736520936788,37.58805171140996],[12.663154858577535,37.588581636929426],[12.663342333869718,37.588823974755186],[12.663848570744705,37.589460947693716],[12.663943691535108,37.58958154738012],[12.664036818167562,37.58969961624144],[12.664246874220284,37.589899002077104],[12.664357542372327,37.590015149716635],[12.664514267417113,37.59017072472574],[12.664539910207752,37.590196027759376],[12.66459586306598,37.590251235431765],[12.664948469998137,37.59059915347638],[12.66506060568873,37.59078115398387],[12.66508140042387,37.59081490381632],[12.66522642946304,37.59105029348083],[12.665584317140317,37.59163115183103],[12.666218198055617,37.59236367289504],[12.666251184199142,37.59244101511882],[12.66629254989141,37.592538001575],[12.666361003303068,37.59269849691863],[12.666371816630903,37.59272384998565],[12.666494689126125,37.59301193199829],[12.666556662341778,37.593157020178246],[12.666629767020678,37.593312588787704],[12.666652061239208,37.59336002913408],[12.666750836504924,37.59357022105886],[12.666842542073875,37.59376536835791],[12.667347257556468,37.594287938880335],[12.66766479865272,37.59453736776878],[12.667927566192612,37.59473930878871],[12.667967907228162,37.59477068586431],[12.668121263313857,37.59488996593358],[12.668740432223682,37.5953796698011],[12.668967913614848,37.59563005222754],[12.669331438477524,37.59603016960342],[12.669510646969572,37.59625856963157],[12.66998521329406,37.59686339494065],[12.67016580916261,37.59719148483873],[12.670273985183334,37.59736887346383],[12.670288046334411,37.59741355416906],[12.670316232527373,37.59746475968829],[12.670456891928803,37.59772029473661],[12.670847688376226,37.598346939582356],[12.670877118022855,37.59839412975401],[12.670901087052455,37.598423164378374],[12.67142269795962,37.59905503608366],[12.671847045332274,37.59964566820304],[12.671954472666933,37.599795188202464],[12.672168258741184,37.600199018532166],[12.672204661156718,37.600267782348716],[12.67263947712539,37.60108911085877],[12.67275568435049,37.60124193651147],[12.672782867265697,37.601277684774736],[12.673313661114717,37.601975735610296],[12.673773765661464,37.60256003750882],[12.67408376492731,37.60295370909982],[12.674208543643308,37.603101924640626],[12.674231829293888,37.60314173895783],[12.674546508825662,37.603541821656755],[12.674672517558303,37.60370202587689],[12.675057562030473,37.604191559062514],[12.67549766909255,37.60477044390966],[12.675606258806967,37.604913272774546],[12.67570987012576,37.605049553393485],[12.675854490886906,37.60524406837669],[12.67589880195796,37.6053013845583],[12.67604909976666,37.60550581739936],[12.676224450546279,37.605741660374726],[12.676374125241773,37.60594296994235],[12.676655796277453,37.606321805554025],[12.676849869743716,37.60659935851037],[12.677008078191921,37.60682561638354],[12.677037735182338,37.60686802849964],[12.67718090798841,37.60707278382439],[12.677336952482301,37.6072959439515],[12.677635856599215,37.607723405273155],[12.677870254435915,37.608058610589566],[12.677942309724733,37.60814492492411],[12.677973293179928,37.60818204148835],[12.678943352517969,37.60934406305685],[12.679017317953894,37.609432662009574],[12.679236257493367,37.60970539119446],[12.679429924394094,37.609955785382866],[12.67945686544553,37.609990810678816],[12.679575466448524,37.61014141093665],[12.67968143001876,37.61027596382715],[12.679916586340553,37.61057538350156],[12.680234152768247,37.61102170815696],[12.680288180725972,37.611097641877706],[12.680547680812774,37.61146235005401],[12.680844654036436,37.61187972236726],[12.681061192611267,37.61218404427991],[12.681204549930298,37.61238680735362],[12.681262322590003,37.6124685198051],[12.68133777417487,37.61257524039972],[12.681621780542981,37.61297693501624],[12.682080916120736,37.61362727312122],[12.68222763647426,37.61383383139357],[12.682280474800034,37.61391040124076],[12.683004510241311,37.61526058661995],[12.68306266203688,37.61535428762589],[12.683079625811397,37.61538162228381],[12.683598199888173,37.61621720685853],[12.684438525134082,37.61725171966468],[12.684773974425433,37.61770401264482],[12.685014723554053,37.61803997184029],[12.685170449231427,37.618062566859],[12.685240811851275,37.618072775015975],[12.685589349337656,37.61812334555739],[12.685820272609382,37.61849072634163],[12.685978086741217,37.61874179572818],[12.686059093610835,37.61905986972524],[12.686070039811817,37.61910284835442],[12.686139696541867,37.61937635453063],[12.685949621529536,37.61992305894462],[12.685916823485421,37.62001739424076],[12.685865795273106,37.620164161923654],[12.685904699444587,37.62075075175293],[12.686311461773318,37.62153304249021],[12.68639592421689,37.62191445350703],[12.68641808319187,37.6220146351481],[12.68642858752905,37.622062084142186],[12.686434480706636,37.62208870515013],[12.686441770630259,37.62212162998771],[12.68646001560945,37.622204040092775],[12.686578583364238,37.62269998530571],[12.68663594953742,37.622939935243295],[12.686653379341728,37.623012836906184],[12.68673044396562,37.62333517838222],[12.687125342620513,37.62433536425374],[12.687138977242853,37.62436989674095],[12.687193337474774,37.624507580011745],[12.687411051389441,37.62550297135018],[12.687534829009431,37.625877176294416],[12.68775317535852,37.62653727237265],[12.687893355684936,37.6268426623112],[12.6879327902183,37.626928570908404],[12.688217711648054,37.62754927631915],[12.688338369005542,37.62781239536323],[12.688884855763021,37.62912503975139],[12.688899478661497,37.62916016354125],[12.68892766500838,37.629227862394785],[12.68950187220903,37.6304733333301],[12.690144561523134,37.63200044837578],[12.69017397062291,37.632062275450764],[12.690204779812463,37.63209397419328],[12.6906099085902,37.6327231910953],[12.690697781934302,37.632859667679575],[12.690843210382349,37.63308553339567],[12.690890795728146,37.63315943636622],[12.690946462830134,37.63320160533865],[12.691010375542058,37.633250021140924],[12.69109121603525,37.63331126016481],[12.691852931814996,37.63388827276728],[12.693042460222728,37.634017010578006],[12.693176512478844,37.63402550739504],[12.693812490824937,37.63407731770442],[12.694396117921874,37.63411935568517],[12.695131866843903,37.63452193477487],[12.695859999542263,37.635156731749795],[12.69653260629504,37.635385622478076],[12.697592613857811,37.63555955014217],[12.69830066109641,37.635717504848905],[12.698588542311793,37.635746481953426],[12.698949722866963,37.63577201756497],[12.699295988492459,37.63580109860983],[12.69942462657486,37.63581316076402],[12.700267633672714,37.63589220575188],[12.700558495013256,37.63594637887533],[12.70102296971195,37.63603288544421],[12.701450050672124,37.63615009075036],[12.701535595924323,37.636224278478664],[12.701565211132618,37.6362499604912],[12.702239645098208,37.63683484324314],[12.702317201011766,37.6369020988228],[12.702954092717023,37.636981175941436],[12.703784763358936,37.637241088165126],[12.70419703421824,37.63739294106814],[12.704445736735689,37.637484544536484],[12.7047426984602,37.637593923776876],[12.705032359842981,37.63770061212232],[12.705362349650413,37.63782215326512],[12.705397794859214,37.63783520818965],[12.70554535490335,37.63788955672747],[12.705902983888254,37.638021275200046],[12.705975475601866,37.63806178327551],[12.706110673801234,37.63813733256271],[12.706558083197597,37.63838734669733],[12.707497870850286,37.638912474141954],[12.70757223641868,37.63894245510178],[12.707724097647166,37.639041067167895],[12.707784432627106,37.63907333720327],[12.708306823858248,37.63938181356056],[12.708368043905391,37.639417584103086],[12.708531038274328,37.63951282135704],[12.708755918667876,37.63963520811212],[12.708889298588648,37.63970779701831],[12.709010839147023,37.639773943466565],[12.709080110729419,37.639811641134536],[12.709139091418614,37.639843739576605],[12.709184163327924,37.63986826901697],[12.709471679528539,37.640024740268935],[12.70963594692813,37.64011413699398],[12.709674335195023,37.64013627589719],[12.71062201954028,37.64069336777452],[12.710734940214811,37.640760090143075],[12.710914381885898,37.640865627962114],[12.71114825667883,37.64100858067914],[12.71157869293104,37.64127142609879],[12.711776163173,37.641392056044964],[12.711993725075223,37.641524950238995],[12.712032831749331,37.641548836794826],[12.71214851868471,37.64161950373902],[12.712703646693798,37.64190246799963],[12.712852428236129,37.64197830632852],[12.71330947338664,37.64221126910268],[12.714450709555248,37.64269102949651],[12.714888328333634,37.642857504120215],[12.716191182390087,37.64335311020398],[12.716281283957182,37.643387812275556],[12.717275713704815,37.643860209971656],[12.717717126734263,37.644069894370126],[12.718008766819107,37.644215646691265],[12.718037866747984,37.64423018976182],[12.71806615094299,37.64424432345426],[12.718734510374587,37.644578297363815],[12.719028595761078,37.64467868638992],[12.719248271670216,37.64475367463666],[12.720214117140374,37.64508336832332],[12.721052671549574,37.64554443605885],[12.721628650592182,37.645858454191966],[12.721778689504175,37.64593519509677],[12.721947781261605,37.64602168021607],[12.72199932100803,37.64604804155204],[12.72236859692337,37.64623691413758],[12.722984014663956,37.64655167460687],[12.72302274585891,37.64657148383188],[12.723370451955855,37.64674931735043],[12.724032786908777,37.647105761050916],[12.724083794581498,37.64713321117738],[12.724590489635263,37.647405885750985],[12.725054309225794,37.64765548524791],[12.725404161559524,37.64795716293865],[12.725433490403809,37.647982453101534],[12.725996185295218,37.648467656160435],[12.726047821059783,37.648512179286904],[12.726412270505687,37.64882643378213],[12.727327495598995,37.649799373454975],[12.727741289230618,37.65023924964483],[12.727974593856143,37.65063766371574],[12.728100845295632,37.650853274494644],[12.728354834904058,37.651287033085666],[12.72837701712905,37.65132491379035],[12.729072147678666,37.6523096201405],[12.729142872816407,37.65254190822718],[12.72928744255148,37.65301672909698],[12.729547381051194,37.653823777547835],[12.729612531222234,37.65402400644948],[12.729621628460691,37.65405196384338],[12.729889729807812,37.654875929459756],[12.730004840013237,37.655395724740806],[12.73005812131458,37.65563631899386],[12.730214329146749,37.65609901904422],[12.730224865788415,37.65613022972559],[12.730318407718505,37.65640730462],[12.730520741070446,37.65722292717538],[12.730755959462622,37.65839784239672],[12.731027524516401,37.65954907882339],[12.73119078691743,37.6599243302035],[12.731267405403642,37.66007899781503],[12.731640235290909,37.6599329788056],[12.73214364455246,37.659732179899244],[12.732628765739703,37.659491519961996],[12.732700658417873,37.65945585523787],[12.732948690538986,37.659332810140114],[12.733042551397476,37.65930309191865],[12.733509898202863,37.65915512298363],[12.734188308083827,37.65930550044355],[12.734265460703362,37.659322602199126],[12.734861937760053,37.65937689360629],[12.734909567267977,37.65938122813928],[12.735146254502036,37.65940277025069],[12.736055638381119,37.659346919380695],[12.736458384184845,37.65943974269359],[12.736501678350516,37.65944972101295],[12.736567211701537,37.65946482417538],[12.736606606942166,37.65947390366747],[12.736742753516543,37.65950528104807],[12.737627506834311,37.65981953820885],[12.73835136839805,37.660013977239785],[12.73854353201254,37.66006559510404],[12.738642130903203,37.660092277577306],[12.738803073952635,37.66014892355051],[12.738874505152495,37.660174063773],[12.739637560074247,37.66044262405923],[12.740491542193688,37.66072180373734],[12.740782923002191,37.66086140361496],[12.741139584654965,37.6610322789074],[12.741388183847922,37.6610682993931],[12.742210435076492,37.66118743880374],[12.743062984140472,37.66126711533138],[12.743261286647156,37.66128564737149],[12.743393454567737,37.66129799844586],[12.743778271536174,37.66133395833589],[12.743827803527813,37.661342335721685],[12.743966628431554,37.66137024395755],[12.744521424370774,37.66148177864064],[12.744723683970912,37.661522437912204],[12.745108385906066,37.66159977493239],[12.745224624522177,37.66162314242298],[12.74550533409247,37.661664731841746],[12.745563210970216,37.661673307069286],[12.746006928273449,37.66173904699215],[12.746076482493365,37.661749352276395],[12.746146855299267,37.66175977832337],[12.746510102272323,37.66181359439537],[12.746962187294017,37.66188056983661],[12.747176903833694,37.66191237858375],[12.748432372785304,37.66242271971117],[12.748547660351504,37.66246919209188],[12.74872166257605,37.66254031312719],[12.748391245685484,37.663017804719395],[12.747906581540937,37.66378472260359],[12.747563493125087,37.66436046374953],[12.747337476617378,37.66473973806514],[12.747291921145353,37.664816184051574],[12.7469211671577,37.66553264256668],[12.746894963609009,37.665583276924586],[12.746869701479577,37.66563865583403],[12.746421654087591,37.66662079102065],[12.746271441477353,37.666991633718766],[12.7461841493495,37.667207136849434],[12.74615315216481,37.667279339428156],[12.74586258731473,37.66824882636657],[12.745851148891436,37.668787294829386],[12.745850519006945,37.66881693030219],[12.745849774230537,37.668852141185454],[12.745848712817612,37.66890229372564],[12.745842055600054,37.669216902955185],[12.74583613602101,37.66946089902392],[12.745776661215826,37.66975159486641],[12.74564228251024,37.67040839001317],[12.745581703027822,37.670670745025916],[12.745569010262015,37.67076651623946],[12.745559108105711,37.67080109496519],[12.745544790288916,37.67088489060951],[12.745448130802906,37.67087604713387],[12.7454132963393,37.67087233984212],[12.74516124042472,37.67084980269393],[12.745005325947886,37.670830498686875],[12.74495329226243,37.670829358742694],[12.744774039077038,37.67081173699666],[12.744315590787343,37.670766665290664],[12.744018751132515,37.670737480463785],[12.74386837561088,37.670739958886045],[12.743693951311794,37.67074967413221],[12.743625987455887,37.67075679626767],[12.74337151122254,37.67076930860018],[12.742967154807717,37.67064424470265],[12.742713370580733,37.67056575130748],[12.742440482236704,37.67048134672874],[12.742278039968657,37.67052928959319],[12.742241701200882,37.67054001483421],[12.741662257917827,37.670711026484526],[12.741161668811275,37.67072917950248],[12.740603507197205,37.670607642364075],[12.74046001393643,37.67057227829486],[12.740403683186713,37.67056413174629],[12.740114639487151,37.67050119215687],[12.740046919807616,37.67053054017936],[12.739894580016305,37.67059656066875],[12.739347084020865,37.67083432393214],[12.739270047019074,37.67087130206235],[12.738786729753755,37.67110329569938],[12.738654255043356,37.67116688322405],[12.738222796408445,37.67135208858541],[12.738004292706801,37.67144588093083],[12.737793080638228,37.671536543436204],[12.737739815792843,37.671555510349954],[12.737679032179111,37.671575601382784],[12.737120536531355,37.67177602007376],[12.736922129266933,37.671846666811405],[12.736720781044077,37.67191836052991],[12.736543258829522,37.67198157142351],[12.736499303326562,37.6719966030047],[12.736006739748188,37.6721650462605],[12.735487528386694,37.672342599783555],[12.735449636023697,37.672355557700726],[12.735294652469031,37.67240855692882],[12.734898564112902,37.67266630212919],[12.734663674403281,37.672819149931165],[12.734636153241754,37.67283705862559],[12.73437331136828,37.67311203163582],[12.734343171135638,37.67314356402161],[12.734272056469523,37.67321795907921],[12.734184874592728,37.67328475494017],[12.734089969753953,37.67335746645954],[12.733928984746797,37.673484060191115],[12.733263205982256,37.673990885623354],[12.732941342834552,37.6745078171957],[12.7329292720136,37.674537721626955],[12.73287280176961,37.674677617573266],[12.732748255871075,37.674986167585075],[12.732688159846894,37.675135043657235],[12.73251855194397,37.67555522201579],[12.732504457495123,37.67559013802342],[12.732486435481604,37.6756347851943],[12.73222882643553,37.67596177337347],[12.732197881295908,37.67597316425942],[12.73195137559553,37.676058088576475],[12.73178170242707,37.676116542262406],[12.731674270384506,37.67617039403747],[12.73156721300024,37.676224058180225],[12.731297305116007,37.67635935332064],[12.731086272588291,37.676624045108206],[12.730836775391385,37.676936979558214],[12.730764661034094,37.6770822599831],[12.730633476379262,37.67734653772659],[12.730513703991472,37.67786831404255],[12.73047660270306,37.677933673216536],[12.73027546399126,37.67828800045864],[12.72989959124252,37.678703042271145],[12.729539561433167,37.679336021039006],[12.729193503788315,37.679950549214006],[12.729002672707825,37.680222827156875],[12.728768639749603,37.68055673973372],[12.72868178177231,37.68068066712314],[12.728192311141576,37.68128339335063],[12.728144765520483,37.6813419396108],[12.728047284807028,37.68146197513331],[12.72818223759287,37.68146676385154],[12.728299069887758,37.68147090811255],[12.728397520679618,37.68147440182016],[12.728540252848322,37.68147946633734],[12.729053574879538,37.68149767667112],[12.72994292395405,37.68171499987858],[12.730514125613123,37.6817789023154],[12.730711619100779,37.68180099607741],[12.731216485059694,37.68163274234524],[12.731503160289922,37.68153720190157],[12.731634292011545,37.68153174880803],[12.731957733456198,37.681518296370136],[12.732028624494326,37.681530550921885],[12.732160958602007,37.68155342517639],[12.732337916478755,37.681584013408425],[12.732626596619301,37.68163391146368],[12.73295964356226,37.681691476783186],[12.732990718225553,37.681699134570685],[12.733729851357635,37.68188126800767],[12.733826134281262,37.68190499234212],[12.734089161716822,37.68196610309543],[12.734841110443707,37.682140801828254],[12.734953477240389,37.6822187067443],[12.735029797815667,37.68227162015916],[12.73536297282251,37.682502609109214],[12.735390196038491,37.682533937564976],[12.735681022843204,37.682868627092425],[12.735861827387858,37.683252504441825],[12.736026295170753,37.68377652264556],[12.736218590338,37.684657493744126],[12.736225971212479,37.68469130634189],[12.736230008464826,37.68487886695796],[12.73624030741921,37.68535747942972],[12.736571407140742,37.6859685497564],[12.736755082238242,37.686164111420254],[12.736847537490874,37.68626254862282],[12.736924695765993,37.686344700020285],[12.737156150371758,37.68653780615136],[12.737137982476854,37.68663823568129],[12.737127880765742,37.68669408288091],[12.737114999810512,37.68676207255847],[12.737026899564121,37.68677514521597],[12.736777005373527,37.68681222467049],[12.73672892871506,37.68681935799053],[12.735891890448825,37.686686015737415],[12.73460532916133,37.686517369878324],[12.734429326735722,37.68653539111636],[12.73318032558669,37.686663264477176],[12.73199042127628,37.686785075485204],[12.731865972437948,37.68679781608695],[12.731697103539535,37.686816317967796],[12.731404192700202,37.686848423358434],[12.73071417725713,37.686924053115646],[12.730514532879349,37.68694593173388],[12.73015552738868,37.68698527973108],[12.729925911430675,37.68701044441123],[12.729387165021986,37.68706948752378],[12.729350153174664,37.68707354325421],[12.729189110008713,37.68709459537601],[12.729147914749799,37.68709511434533],[12.728823403011056,37.68712972745327],[12.728408821347115,37.68717394592407],[12.727278293514818,37.68729451873713],[12.726440713842715,37.687449413411215],[12.726164787095586,37.68750044032777],[12.725447913720046,37.687633006929275],[12.72494209477026,37.687726541219575],[12.723536502668914,37.688052494334904],[12.722592507326173,37.688131893718605],[12.722075869976768,37.68820610833785],[12.72182329484595,37.6882423896209],[12.72165119988523,37.68827732962705],[12.721516736681787,37.68832370923949],[12.720955130488298,37.688565769350184],[12.72068224963972,37.68868097138217],[12.720469031387687,37.68874670024092],[12.720403545248198,37.68876688621378],[12.719583315483671,37.68901973256074],[12.719457592220284,37.68906521041822],[12.719287940433894,37.68912657931282],[12.718826168812482,37.68929361605862],[12.718407436019916,37.68954880013077],[12.718167489613364,37.68969502607719],[12.717900793666807,37.690015220643254],[12.717798096936601,37.69013851536602],[12.717773100214842,37.69016721662607],[12.717708976570714,37.69024551373559],[12.717495618766215,37.69081914938471],[12.71745432778854,37.69093016532819],[12.717436045062747,37.69097931839498],[12.717359205525504,37.69115281645053],[12.717339518846952,37.69119726721583],[12.717291577309027,37.691305512115356],[12.717201730749185,37.69150837685746],[12.717146076599374,37.69163403816382],[12.7170718761598,37.691801572861436],[12.71705467464496,37.69184362994117],[12.716837638069572,37.6923742548814],[12.716779692318937,37.69245835623064],[12.716763707963352,37.692498438015996],[12.716612391530926,37.692752608447044],[12.716417069358716,37.69308069538172],[12.716323860527694,37.693237260761215],[12.715660744562364,37.693791945745225],[12.715379852610589,37.69387256076698],[12.715081181326934,37.69395827545379],[12.71500832793066,37.693979183727656],[12.714624693911098,37.69442904961705],[12.714585968336067,37.69447446177934],[12.714282193177558,37.69472988737072],[12.714258654402093,37.6947496802256],[12.71416575350153,37.69482779407432],[12.714029014851842,37.694872731865765],[12.713908891972682,37.694912208769786],[12.713870165665922,37.694924935877914],[12.713731519318678,37.69497211176535],[12.713924940157552,37.695010363462],[12.714124395385337,37.69504980822104],[12.714386652507153,37.695102830374616],[12.714424914023798,37.69511293373026],[12.714602255125934,37.695159763168],[12.715520153102636,37.69540214231317],[12.716219707124521,37.69568131790177],[12.716304598837722,37.69571519549905],[12.71699496493925,37.696116819439034],[12.717520580712733,37.696427049880626],[12.71769906026712,37.6965323923389],[12.718059059311974,37.69674486861138],[12.718093986366128,37.69676548359822],[12.718239284506955,37.696851239722584],[12.718288012850799,37.69687999949495],[12.719123651388248,37.696977410629486],[12.719215267101651,37.69698809018966],[12.720064286663089,37.69737341010409],[12.720122752024242,37.69751972922263],[12.720138629831817,37.69755946695014],[12.720194787236368,37.697700008792424],[12.72027490499114,37.697900514764534],[12.720402990762414,37.69809653320924],[12.720601156430352,37.69839979546348],[12.720632486632706,37.69844773449946],[12.720763725804334,37.69853027500672],[12.720896272881552,37.698613638850816],[12.721115557479214,37.69875155584651],[12.721223601004297,37.69881950800695],[12.721258080100032,37.69884119286572],[12.721345083349885,37.69889591236432],[12.72139292966932,37.698913387543946],[12.721479736792585,37.69894509272461],[12.721595370758818,37.698987325795414],[12.722253096547975,37.69922754767663],[12.722631513498422,37.69947316314232],[12.723075075526804,37.69976105846085],[12.72316920192755,37.699822151878166],[12.723199370363142,37.69984173201974],[12.723595735845674,37.7001379181228],[12.723669046050228,37.70019269948402],[12.72381520149156,37.70030191372199],[12.723829050763179,37.70032771938651],[12.723876998322645,37.70033518994933],[12.724393744175709,37.70053461251144],[12.724598724785505,37.70061371795674],[12.724828333935683,37.700702328082706],[12.724976120515207,37.7008437226155],[12.725187050788591,37.70104552946746],[12.725370882281963,37.70122140822974],[12.725423038660901,37.701271309357026],[12.725460204886078,37.7014353137425],[12.725471904551101,37.70148693987012],[12.725484541860556,37.70154270547401],[12.725583168488605,37.701977907232965],[12.725637570812422,37.702123050952466],[12.725723171956062,37.70235143173848],[12.725834361657066,37.70264808190255],[12.72591988830987,37.70282403347196],[12.726122635600126,37.70324003800361],[12.726176979721048,37.70326632034166],[12.726232690312097,37.70329326207464],[12.726355070480585,37.70335244697879],[12.727307138803793,37.70381286885355],[12.72743165050944,37.70421437268069],[12.727543281957198,37.704574340445475],[12.72756580376041,37.704646964874016],[12.72768382566589,37.7049143946824],[12.727729926333348,37.705018854579805],[12.727830461043482,37.70524665626573],[12.728036431291867,37.70534718856289],[12.728252655997808,37.70545272522473],[12.728617585770563,37.70563084102753],[12.728821181768925,37.705732100200116],[12.729204064942218,37.706020570928835],[12.729327221970225,37.70611335762986],[12.729634515555542,37.70634487296399],[12.729967095133807,37.70659448176],[12.730165525027422,37.70674340580611],[12.730391150089364,37.70691274057143],[12.730502616077615,37.70704407981966],[12.73057892347597,37.70713693514831],[12.730723097219212,37.70731237044917],[12.73085853800228,37.7074771801835],[12.730875444417535,37.70753308635249],[12.730925752181202,37.707699448586],[12.730992779204762,37.70792109677618],[12.730867039383037,37.70807244495858],[12.73066416281292,37.708316638378705],[12.730619736131949,37.70837964799564],[12.730498916634737,37.70851553626217],[12.730490044570395,37.708544599534356],[12.730271907182955,37.70925916842097],[12.73028243797536,37.70933111901534],[12.730298625879822,37.70944171972941],[12.730302854098616,37.70947060846456],[12.730365246818469,37.70989688511733],[12.730498426775647,37.709939116910505],[12.731147191491589,37.71012892861392],[12.73145615784267,37.710219322399844],[12.731632906548501,37.71027731163172],[12.731688426862453,37.71029623005811],[12.732231376275104,37.71047365692076],[12.732276168749008,37.71048835322371],[12.73265927747973,37.7108430413489],[12.732732702331079,37.710900789391715],[12.732759983994088,37.71092210427659],[12.733111017596455,37.711196359217254],[12.73316054634495,37.711235054967545],[12.733436939312172,37.71141464412024],[12.733700650137445,37.71158599021872],[12.733728129223781,37.71160384384795],[12.73407266276229,37.7118277029834],[12.734571970096562,37.712568580271075],[12.734581162837932,37.71265117308984],[12.734588967694197,37.71278132701054],[12.734603711755888,37.7129537016108],[12.734654175605298,37.71359743389087],[12.734713496922947,37.71406121983268],[12.734773238802362,37.71452827686108],[12.734814378003064,37.715403034585016],[12.734414629189938,37.715881908754696],[12.733926996765287,37.716302477886366],[12.733831784825359,37.71638459656598],[12.733791477958574,37.71642958316123],[12.733698888035915,37.71653504335586],[12.733150584588252,37.717144887555285],[12.732743190518438,37.71786721631682],[12.732728136532584,37.717922725577836],[12.732650864337963,37.718207622306004],[12.732604911116109,37.71837705335081],[12.73256461125015,37.71852563426239],[12.73249982001601,37.71876451980914],[12.732486891700281,37.718831216856856],[12.73248167359338,37.718858138406034],[12.732405829236557,37.71924944844555],[12.732797432139483,37.719226495462834],[12.733267703144595,37.719198928694176],[12.73332665390845,37.719195472919544],[12.733689426340607,37.718959208506774],[12.734148161091548,37.71866044151752],[12.734259136775488,37.71855822727997],[12.734417348085369,37.71841250265806],[12.73452183596252,37.71831626031046],[12.734665445634203,37.71818398518159],[12.735105354214193,37.7177787919299],[12.735876713562472,37.71703590351188],[12.736575127966963,37.7171596072112],[12.73661422954604,37.717166532377945],[12.7369200902579,37.717220705335585],[12.737817600266597,37.71737966318592],[12.739103851176335,37.71760231069746],[12.739900694096663,37.71788779442667],[12.741120332686567,37.71755034946005],[12.741682244381163,37.717394877080366],[12.742241462568185,37.717240147092994],[12.742284410763835,37.71722826362757],[12.742337543467752,37.71721356196486],[12.742808199030176,37.71723469706231],[12.742920249844783,37.71723972883911],[12.743776019521844,37.71727815269972],[12.744714503708026,37.71699833700689],[12.74505202024359,37.71677903532381],[12.745145164061354,37.716718515508404],[12.745195084995446,37.71668607979359],[12.745281818081844,37.71662972392712],[12.74560225565497,37.71642151925167],[12.745629291758014,37.71640395201192],[12.745702032147623,37.7163724845744],[12.746410317082923,37.71606607337139],[12.74696240739312,37.715447189269796],[12.747679074325301,37.715379324315975],[12.74801760127231,37.71520988546813],[12.74846229445842,37.714987306425],[12.748836135861849,37.71433185112279],[12.748892949486518,37.71423224180824],[12.748997504792337,37.71417083950062],[12.749151185621383,37.71408243467419],[12.749378901022851,37.71395144020543],[12.74944682445119,37.71395538029631],[12.750015474194745,37.713988370488],[12.750565744550181,37.714015357340045],[12.750660695613364,37.713988392546334],[12.750923920965985,37.71390897680749],[12.750975617470262,37.71389380719219],[12.751036965980447,37.71387384563311],[12.752089944223572,37.71356102718949],[12.753141615020924,37.71367164867915],[12.754395335524876,37.71424649229183],[12.755675061614268,37.71505470361926],[12.756685387444657,37.7157769273707],[12.756908223020568,37.71590792219223],[12.757426762101987,37.716236186787754],[12.757502325423408,37.7162829962611],[12.75798190951528,37.716580075743195],[12.758105476582358,37.71665701711636],[12.758423159075992,37.716854256924655],[12.75866845733792,37.7170130761363],[12.758722098944013,37.71709567337441],[12.758920344909848,37.71739785167813],[12.759068809992657,37.71762415029299],[12.759209214447312,37.719035314300434],[12.759226054888673,37.71920457176271],[12.759239722716083,37.719249327864425],[12.75938067110118,37.71971085868891],[12.759285907069156,37.72058318819386],[12.759211788553511,37.72117786389505],[12.759209632711137,37.72121259893097],[12.759167680411785,37.72188867717258],[12.759318071236189,37.72223072137794],[12.75942687562177,37.72247818078481],[12.759474237291041,37.72258589535791],[12.759759002898944,37.72298782263805],[12.759892362834721,37.723175625503536],[12.759986616735064,37.723308360226675],[12.759994373862163,37.723360890966454],[12.760023269679687,37.72355655056032],[12.76006573996221,37.723844126323414],[12.760072707716322,37.72389127721744],[12.760165675899895,37.724521019952235],[12.760129807133294,37.72470781731949],[12.759955756851225,37.72561421061364],[12.759950289203166,37.725642686077684],[12.75992827406562,37.72606550631951],[12.759904781486052,37.726516673659916],[12.759896375400901,37.726678110740785],[12.759899735860653,37.72696725179314],[12.759904969927538,37.727417502476925],[12.759908414528386,37.7277136980084],[12.759908749638873,37.727776746180055],[12.759912536899403,37.72786767772548],[12.759948190467837,37.72872360358783],[12.759935970958043,37.72876776304656],[12.759914642014165,37.72884483922075],[12.759880856803415,37.72896693370174],[12.759850841302741,37.729075402362014],[12.759830154643506,37.72915015816082],[12.75976962599903,37.72936889951465],[12.759639683823886,37.72984097803748],[12.759604578641046,37.72996851424492],[12.759586514457268,37.73001485299827],[12.75950258002557,37.73033906902285],[12.759405256026264,37.731036799485786],[12.759401286261793,37.731124687089356],[12.759384490865957,37.73125494546842],[12.759558169010964,37.73187096532127],[12.759805772291823,37.73256392554317],[12.759882785403402,37.732779454703966],[12.759716941873661,37.733225449390446],[12.759692081554245,37.733274853687064],[12.759665351449641,37.733364188005176],[12.759610738905566,37.73351105321688],[12.759156336965189,37.73391744296911],[12.758786304515695,37.73428967240021],[12.758372496169654,37.734705933450016],[12.758241783160036,37.73521252117123],[12.758226980640238,37.73526988728925],[12.758217813670425,37.735305412756915],[12.758468403586699,37.73604059542917],[12.758721946430535,37.736423548122694],[12.758945883632226,37.7367617802312],[12.758996684643943,37.7368741331647],[12.75907885173005,37.73705585353627],[12.759254055512502,37.73744333447815],[12.759554130494543,37.738035062337445],[12.759710462825153,37.73871110958459],[12.759718028868475,37.738743829655554],[12.759855522900162,37.739338400083575],[12.759734379745243,37.73962391463276],[12.759697226574398,37.7397114793227],[12.759655018406015,37.739810956023284],[12.759427363244743,37.740347495295296],[12.758895204878053,37.74106714361905],[12.758821900592393,37.74117493963596],[12.758766229598338,37.74125680394734],[12.758655014147879,37.74142035008958],[12.758566942048976,37.74154986295743],[12.758355582942915,37.74185790972946],[12.757589157524464,37.74261999063481],[12.757048937281287,37.743222772055155],[12.756321049483132,37.74373634598657],[12.756126858875065,37.74362122701302],[12.75608114709781,37.74359412822221],[12.756047536388216,37.74357420400466],[12.756006404488156,37.74354982010206],[12.75557744952426,37.74329552298291],[12.755482097300447,37.743238996395824],[12.755312643016955,37.743208716189415],[12.75507570560511,37.74316637791772],[12.754893292810957,37.7431824191758],[12.754726839898515,37.743191705497274],[12.754514560321203,37.74321446250504],[12.75447289244231,37.743219387796536],[12.7537899508776,37.74328622503012],[12.753257454679783,37.74326330628525],[12.7530985693569,37.743256468054774],[12.752841472446626,37.743265878202465],[12.752143883396107,37.743291407185474],[12.751156175881487,37.74331838884453],[12.750476529539338,37.74326798605417],[12.750409420261622,37.743277057290946],[12.75036073981618,37.74328363781207],[12.74979737624378,37.74335978408009],[12.74947374501605,37.74340352694167],[12.74923272523363,37.74341044600559],[12.748758670439486,37.74342405356296],[12.74866596556822,37.743419375090006],[12.748097305036673,37.74339066710368],[12.747965379360453,37.74338400748759],[12.747532106140365,37.74343053360508],[12.747423475494452,37.74344219892792],[12.747339185896099,37.74345124967664],[12.747162282368441,37.743435020932466],[12.746817035867972,37.74340334862171],[12.746591966096226,37.74338269950286],[12.74639191810033,37.74331632757462],[12.746108831659765,37.74322240461355],[12.74598500530421,37.7432732911981],[12.7454197675449,37.743505574326285],[12.745133695978463,37.7435233936372],[12.744532753295717,37.74356082471437],[12.743607376359705,37.743389829990086],[12.74347078783781,37.743324431747915],[12.742981062517574,37.74308995163777],[12.742868340838221,37.743038427009495],[12.742840480485281,37.74302474989584],[12.742396697686921,37.74282561752427],[12.742231134639768,37.74274219517764],[12.742195744981492,37.742721873036885],[12.74152166099979,37.74233479291755],[12.74148418528859,37.742313272978386],[12.740467734141736,37.742149649446496],[12.740304388638124,37.742123195323934],[12.74025872335214,37.742115799226326],[12.739270382314626,37.74195573293263],[12.738371444412687,37.741675743986605],[12.73747193147804,37.74139803548544],[12.736544796575064,37.74129007927832],[12.735880909608152,37.74124446452811],[12.735581716905777,37.74122390713469],[12.735509337974845,37.7412189334423],[12.735446311681317,37.741214603378964],[12.735345166695724,37.741178928185725],[12.735191282239706,37.74112465116096],[12.735131815469561,37.741103677441274],[12.734932810693312,37.74103348515328],[12.73463788449911,37.74092946164935],[12.734560594901641,37.74083605302725],[12.734474443675168,37.74073193517499],[12.734364294887776,37.74061264713182],[12.734341646503871,37.740592145331306],[12.734298791317176,37.74054510515588],[12.734167597647167,37.740361093013775],[12.733821254005592,37.73980454475679],[12.733590505909797,37.73958001137879],[12.733526368134756,37.73951760097356],[12.733456512474092,37.739449627189806],[12.73326909533712,37.739267255782025],[12.733238644633202,37.73923762429507],[12.733197635572635,37.73919773640771],[12.733160031813997,37.739161161921494],[12.732190606991526,37.73969186027779],[12.73179316066177,37.73989305391794],[12.731725600986456,37.73992725425823],[12.731560031208236,37.74001106795764],[12.731383757095529,37.74010029974111],[12.730567242169098,37.74044372869737],[12.730226617919216,37.74060292856252],[12.729750529811573,37.74082544079737],[12.729311981281386,37.74099165242446],[12.728879371851356,37.74115561046027],[12.728848127434203,37.74116745187646],[12.728797358456221,37.74118669338338],[12.728210919756444,37.741507568064854],[12.728054666634414,37.74159306283012],[12.728016050732613,37.741614191928605],[12.727862368460183,37.741698278072306],[12.726590940994207,37.74253303816862],[12.726554124121844,37.74255720966427],[12.726267141547781,37.74273142432084],[12.726239097737972,37.74274844721532],[12.726065927252415,37.74285357116898],[12.725789725496053,37.74302123837742],[12.725548218128601,37.74316784312351],[12.725317013515157,37.7433320022563],[12.72470135539554,37.74375542844818],[12.724447010597766,37.74405628150482],[12.724042091577735,37.744535235918725],[12.723553992348522,37.74534193595329],[12.72353362692191,37.745385859702225],[12.723052823032232,37.746453798440015],[12.722873667573866,37.74705132660436],[12.722861804600747,37.74709088965915],[12.7227296912209,37.74753151341928],[12.722673789492662,37.74771795644912],[12.722580783333962,37.74797186285879],[12.722413859719683,37.74842756303128],[12.722283160180584,37.748784366273796],[12.722165500916189,37.749105568031624],[12.722033462547936,37.74936956015823],[12.721819360646904,37.749797627949405],[12.721789239041147,37.749857850901],[12.721765029932456,37.74990625242021],[12.721669918448757,37.75009641221104],[12.721570710388942,37.75025591134644],[12.721331897278398,37.75063985686382],[12.721299833287102,37.750691405581264],[12.720880575072282,37.75142307530657],[12.720441252928769,37.75240538333669],[12.720091212374898,37.7531103440326],[12.720031036402515,37.75323153199452],[12.719993638272296,37.753306848527714],[12.71953717370728,37.754145552224855],[12.719427739456899,37.75431786765646],[12.71898837700057,37.75500967875809],[12.71862109677721,37.75592256470321],[12.718607502352405,37.75595635358354],[12.718592959101585,37.755985564597616],[12.718394219183795,37.756384721304826],[12.718342063504565,37.7564894740237],[12.718304909048758,37.75656416798702],[12.718288454325592,37.756597262561414],[12.718253907069395,37.75666674740597],[12.718074710926619,37.75702715591759],[12.717545954330122,37.75798075060748],[12.717194237455173,37.75878030860255],[12.716960246971457,37.75931222929983],[12.716538810821293,37.760106761716926],[12.716464663234785,37.760246550349585],[12.716406245338984,37.76035668442546],[12.716186443537328,37.76083304349107],[12.715944356916319,37.76135769680121],[12.715171095371467,37.76288199837247],[12.714937379948271,37.76324224983267],[12.714788269107519,37.763472447458405],[12.714764917214161,37.76351708297381],[12.714210586258478,37.76457662552675],[12.713615714445474,37.76545795791577],[12.712787860010401,37.766531315122634],[12.71238092285706,37.76736323190265],[12.712218550898367,37.767695167032],[12.71209749555507,37.767942637618034],[12.7114262190206,37.76903147441741],[12.7103464344021,37.770240962618445],[12.709950108836356,37.77058452943615],[12.709825856520252,37.77088889275234],[12.709788326741633,37.77096270783663],[12.709716335062328,37.77115716744519],[12.70928006448014,37.77204925338965],[12.709240758316534,37.77214297904624],[12.708863718935275,37.773042032989004],[12.708251430737501,37.77413109278703],[12.707986352511277,37.774453382320644],[12.707896876445261,37.77456217057551],[12.707877972917158,37.774585153257085],[12.707753875406103,37.774736032724846],[12.707722135525113,37.774774623492924],[12.70749629020915,37.77504388501898],[12.707118530792531,37.77533513021864],[12.707089817338616,37.77535726783916],[12.707021020739353,37.77541028455267],[12.706880198000379,37.775518807754516],[12.706441825387074,37.77588123838031],[12.706014863037158,37.77623423021147],[12.705981394189667,37.77626189902327],[12.705656810731998,37.776530246342496],[12.705582571350512,37.77657745560581],[12.705553375422872,37.77659602177364],[12.705514210317194,37.776620928559204],[12.705339615102417,37.776731955756475],[12.70525247684082,37.77678736875356],[12.705182933942973,37.77683159130871],[12.705078578225198,37.776897952043804],[12.70500848511547,37.776942524237626],[12.704838316133358,37.7768684207182],[12.704593716768153,37.77676190269155],[12.704511386705828,37.776739933819364],[12.703974734806332,37.77659672990743],[12.703893660040098,37.77654454166485],[12.703484397934055,37.77628109055971],[12.70254553541128,37.77580390746582],[12.702466412971443,37.775661532864966],[12.702450127101722,37.77563222709513],[12.702417782435157,37.775574025497335],[12.702316229464154,37.77539128489515],[12.702283121820322,37.77533170913791],[12.702119162056295,37.77503667226387],[12.702105178467587,37.775011509992844],[12.702076233483732,37.77499999247136],[12.701385210414836,37.774725037533024],[12.70084836717193,37.774511425974666],[12.700812613003993,37.774498202564956],[12.699439517281025,37.77457061151291],[12.698427090416125,37.774622712209144],[12.698153877347604,37.77449879867331],[12.697554017394571,37.77422673649444],[12.697326015253605,37.773950130899586],[12.696797582362446,37.77330831555006],[12.696678933710965,37.77316420741911],[12.696126995897597,37.77265005649937],[12.695201416025142,37.77225568189638],[12.695152285156837,37.772234747452885],[12.694827645660718,37.77203998677878],[12.694517185524857,37.77185569384802],[12.694416866858708,37.7717961429984],[12.694383104317971,37.771853069410724],[12.69432747416595,37.771946861519424],[12.694225977321388,37.77211798504664],[12.694123635199213,37.772290534054186],[12.694098596233383,37.77233274675028],[12.694079650694352,37.77236469030437],[12.693967863767488,37.77254282909293],[12.693941001161237,37.772600583783955],[12.693812753284949,37.772824335007535],[12.693512412213543,37.77298880099514],[12.693418858319228,37.773040030327294],[12.693315202340903,37.773096792591176],[12.69327579633074,37.77311837154587],[12.693212001357324,37.77315330536365],[12.693163024638928,37.773180124937845],[12.692991597948472,37.773271784203224],[12.692922375002066,37.77325525575079],[12.69232462887301,37.773112528289495],[12.692283428777058,37.773102690058266],[12.692207089590642,37.77308446113547],[12.692102888713922,37.773059580588985],[12.691971562344339,37.77302822253302],[12.691363168336363,37.7728896590927],[12.690482219527249,37.772376797763506],[12.689534191696842,37.77196667982041],[12.689283224867689,37.77185810892692],[12.688873181323292,37.77174507692003],[12.688292934322757,37.77158512489565],[12.68752331843562,37.77145402725539],[12.687287863077719,37.77141391923472],[12.686491302536426,37.771470405571684],[12.686177863953988,37.77169215868743],[12.686131569413291,37.771724911765254],[12.685528471380064,37.77220616330296],[12.685492214968798,37.77221899552158],[12.684849417870304,37.77242945002206],[12.684035301754122,37.772777618385724],[12.683906221024044,37.77283282079202],[12.68383027642702,37.77285488103938],[12.683115411596498,37.77306252935278],[12.682941660016597,37.77301581317706],[12.682342416341264,37.77285469474933],[12.682170034416515,37.77280834443964],[12.681725441009823,37.77266360782512],[12.681096904017574,37.77245898442242],[12.680989826457088,37.7724241240118],[12.68010336647178,37.7721944049057],[12.679942904371106,37.77215282239029],[12.679579347988186,37.77219362348679],[12.679509054807525,37.772201512117526],[12.679192796956126,37.77223700716519],[12.679160826791458,37.772240594866396],[12.678996975047346,37.772258983533746],[12.678674317938988,37.77239883084679],[12.678634243932006,37.7724162008205],[12.678275917491586,37.77257150734952],[12.678161330875177,37.77262117143061],[12.678088751604587,37.77265262865731],[12.677960970320369,37.77270801190802],[12.677905752211082,37.77274135962768],[12.677727580872594,37.77284895654763],[12.677552307106312,37.77295480507527],[12.677177300029546,37.77318127042644],[12.677017259668137,37.773277917357504],[12.676824890911956,37.773394086819835],[12.676560875867695,37.77355352221865],[12.676151243001993,37.77390832867456],[12.67598995009425,37.774048031179625],[12.675824316937046,37.77419149410302],[12.675646849863734,37.77434520255084],[12.675125829662157,37.7747964758716],[12.674957323154521,37.774970555664375],[12.67464929054367,37.77528877942585],[12.674001514949333,37.77595797718775],[12.673952380741435,37.77600873415205],[12.673461596522252,37.77689744140469],[12.673408912085927,37.77699283663761],[12.67336263112048,37.77707664329735],[12.67336544647564,37.777277699178306],[12.6733727688171,37.77780027681282],[12.673374213826703,37.77783855513855],[12.673649495355658,37.778786050846115],[12.673804315650884,37.77978740699468],[12.673810286210335,37.77982602686986],[12.673660834897104,37.78045690387994],[12.673540678737202,37.78096410256087],[12.673495848920881,37.781153336494725],[12.672736781987316,37.782183726234834],[12.672582497080715,37.782318040182325],[12.672169610236555,37.782677479307516],[12.672045461187892,37.782785555091],[12.671692618203027,37.78309271848343],[12.671600386243979,37.783169868646176],[12.671136030627927,37.78321547004334],[12.671090865787727,37.783219905126195],[12.671049318966832,37.78322398498416],[12.671014605502453,37.78322862007217],[12.670226390549887,37.783304803188074],[12.669046447222685,37.78330106995695],[12.668845308305016,37.78333644834819],[12.668315032077432,37.78342971802738],[12.668179089217364,37.78352593105853],[12.667877692078193,37.78373923873688],[12.667558112638398,37.78396541453571],[12.667386283379884,37.78408702158681],[12.666678620473274,37.784543059374954],[12.666428861793191,37.78470400889173],[12.666363942750667,37.78474584342149],[12.666255029175074,37.784816028562936],[12.66619827793565,37.78485831928996],[12.66615099406723,37.7848830707527],[12.666042206591042,37.78495317430096],[12.666354833977437,37.785043638935385],[12.666417604422952,37.78506180376317],[12.667876099638258,37.785483839873386],[12.667933431340554,37.785515512436085],[12.668023717121809,37.785565389233966],[12.668124174773213,37.78562088642459],[12.66827724508057,37.78570544730116],[12.66855298571821,37.78585777201721],[12.668854795425778,37.786024498726306],[12.669014697977204,37.78611283187034],[12.669423680029558,37.7863436039345],[12.669956866308375,37.78696768030037],[12.670073817030037,37.787104564698964],[12.670489759290366,37.78759139831737],[12.671082757301022,37.78893544399031],[12.671323258835594,37.789422003136934],[12.671551959897648,37.789884681531085],[12.671627623857994,37.79003775090514],[12.671797648597822,37.79026534755814],[12.671842054102454,37.790324789534786],[12.671926062882982,37.790437246135326],[12.672009762909823,37.790549285298226],[12.672166066946904,37.7907585122597],[12.672270468721404,37.79089826231752],[12.67229556041249,37.790990790939134],[12.672338171041893,37.7911479246024],[12.67251352197561,37.79179453018288],[12.672537806060431,37.791884080480145],[12.67256085394012,37.791969072279976],[12.672600090087341,37.792113753183244],[12.672616879942634,37.79217566304398],[12.672767890761747,37.792327323725424],[12.672813698500859,37.79237333025966],[12.672983292267602,37.79254365197276],[12.67264013348122,37.792859594423746],[12.672618969232225,37.79298389866711],[12.67260005830377,37.793094964734784],[12.672514841678014,37.7935954494177],[12.6725128116029,37.7939511641482],[12.672511132037805,37.79424519521898],[12.672509790262417,37.79448005822659],[12.672509491371438,37.79453249746327],[12.672509527656139,37.79459552302433],[12.672510155851956,37.79571341075942],[12.672510275452982,37.79592202758094],[12.672270512828334,37.79702080282577],[12.672204978055175,37.79732113119919],[12.672118048310042,37.797803857257],[12.672012465372802,37.79839014152935],[12.672015941522568,37.798446984332124],[12.67207252954674,37.79937243175743],[12.672196553897013,37.80048777293645],[12.672165350301361,37.800501030076276],[12.672014310334347,37.80056520362143],[12.671602552067899,37.80074014661573],[12.671149365923588,37.80093268915089],[12.670070678466104,37.80128839764256],[12.669608217288276,37.801348899423026],[12.669562079537934,37.80135493558144],[12.66933252089971,37.801384967348405],[12.669285045246077,37.80139117845329],[12.668735463786437,37.80146254038848],[12.668668271094703,37.801470484060175],[12.668161151127526,37.801580008341105],[12.667967823046807,37.80162052979449],[12.667815628518406,37.80165243017159],[12.667680909472612,37.80168066768966],[12.667353793265741,37.80174923523499],[12.666251462404727,37.80190983199783],[12.66621319076756,37.801915407316386],[12.666095336640995,37.80191624036904],[12.66588186543881,37.801917745631364],[12.665191078811498,37.801922617648884],[12.664978102314077,37.80192411846603],[12.664905144821466,37.80192463363078],[12.664821850472148,37.801922177209676],[12.664694056812584,37.80191840969566],[12.664634935094318,37.80191665956594],[12.66458520787209,37.80191519603425],[12.66453419099837,37.80191368887172],[12.66315914637065,37.80187315793936],[12.663022068259446,37.80185059568229],[12.662634348203696,37.801786778387985],[12.66249643015576,37.8017640768009],[12.66209210972746,37.80169752507298],[12.661491718710742,37.8015986967023],[12.661226087430284,37.80155497027986],[12.661192669849857,37.801549809605966],[12.660942104081801,37.80151111795356],[12.660781218574503,37.80148627418589],[12.66051523440618,37.801445201139224],[12.660279250490278,37.801408758740095],[12.660224954786536,37.801400375443066],[12.659757385522383,37.80132816923678],[12.658622259110837,37.800944560775655],[12.658710283174887,37.80165677683249]]]}}]}
