{"type":"FeatureCollection","metadata":{"code":"082024","referenceDate":"2026-01-01","sourceDbfExportDate":"2026-02-18","upstreamArchiveUrl":"https://www.istat.it/storage/cartografia/confini_amministrativi/non_generalizzati/2026/Limiti01012026.zip","sourceManifestSha256":"70ac8256c4785dc6ed2814c32b6965ae76f9161b51abaa1660059e1c6cbd8ca6","license":"https://creativecommons.org/licenses/by/4.0/","attribution":"Istat, Confini delle unità amministrative a fini statistici al 1° gennaio 2026, versione non generalizzata.","modifications":["Converted from WGS 84 / UTM zone 32N (EPSG:32632) to RFC 7946 WGS 84 geographic coordinates.","Converted from shapefile to per-municipality GeoJSON without geometry simplification."]},"features":[{"type":"Feature","id":"082024","properties":{"code":"082024","name":"Castellana Sicula","alternativeName":null,"regionCode":"19","regionName":"Sicilia","territorialUnitCode":"282","territorialUnitName":"Palermo"},"geometry":{"type":"Polygon","coordinates":[[[14.051899045456576,37.83930929771316],[14.051774790237364,37.839370716812944],[14.051335196405338,37.839593421977675],[14.051089057175234,37.83957934423521],[14.050166829293666,37.83952659742066],[14.049655436627072,37.83953373801314],[14.048926174825827,37.83954391643781],[14.04733634470412,37.839519407496574],[14.046767326676498,37.839510628912635],[14.046527793123486,37.83954572103027],[14.045549715110717,37.839689000630955],[14.045405679565507,37.8396596521868],[14.044633719563365,37.83950235645542],[14.044538296633469,37.83918460761074],[14.044508301667616,37.83908472689713],[14.044475144334825,37.838974315281476],[14.04439237742627,37.83869870847023],[14.044427071175807,37.838391840916394],[14.044535174055703,37.83743566623142],[14.044546338236936,37.83733692188656],[14.044506011060491,37.83715783489147],[14.044467927562058,37.83698870771943],[14.044378690157314,37.83659240628389],[14.044331464935127,37.83638267875089],[14.044284416467868,37.83588802944482],[14.044261096942062,37.8356428413],[14.044229869130346,37.83560346402647],[14.044024614169766,37.83534464579938],[14.043936530705862,37.83523357501378],[14.04362341173132,37.83481479824049],[14.04385158767896,37.833895563521146],[14.043768588092899,37.83386642479789],[14.042562614473322,37.833370120335665],[14.04158172256303,37.832835940312506],[14.040223073785164,37.83238099239979],[14.039818400542076,37.832325821436214],[14.039168084395635,37.83223715814613],[14.038328716872462,37.83216509714342],[14.037183347283591,37.832007123751005],[14.036390498591038,37.83178449228827],[14.03574897926269,37.831262727385166],[14.035789458798128,37.8310282725344],[14.035901433929986,37.8303797062152],[14.03590873368829,37.83033742059481],[14.035806272839213,37.82956293396278],[14.035475786617669,37.82872167494138],[14.035076058177943,37.82804096045933],[14.034954587256793,37.826830566063514],[14.035165252114206,37.82651676965041],[14.035452508458844,37.826088877869466],[14.03653555918166,37.82497991036067],[14.036640495331495,37.82487809360622],[14.036873564376112,37.82465195174562],[14.037375401421963,37.82416502469314],[14.036610427709611,37.82359002322634],[14.035968558608674,37.82318926956643],[14.035719749940636,37.823033922136595],[14.035575110695323,37.822881370503985],[14.035305437864322,37.822596941730495],[14.035031277160202,37.822009277830574],[14.03491830885835,37.82176712464836],[14.034330740246094,37.82067125122046],[14.034289396413197,37.82060394019786],[14.033751451791103,37.81972809899552],[14.033648921977905,37.819588819423565],[14.03339082605402,37.819238208891186],[14.03324872898031,37.819038272281],[14.03337812717574,37.817489324731845],[14.03339820282798,37.81724899942736],[14.033407990989788,37.8171816098906],[14.033572573012675,37.8160484251233],[14.033597835406022,37.815867357826846],[14.033349285739288,37.815663513943754],[14.032935155307458,37.815323869825804],[14.031927533596953,37.814975404845676],[14.031463998433939,37.81481509635021],[14.03121455774239,37.81452202934105],[14.031116530225468,37.814406857599046],[14.030994444305511,37.81426341791297],[14.030365382435814,37.814014796760844],[14.029637774246371,37.81372721937112],[14.029010817476067,37.81351140490637],[14.02886998048869,37.81346292493922],[14.028870968764334,37.813432877730726],[14.028886990286189,37.81294598315466],[14.02888941326592,37.81287230789999],[14.029237927056803,37.81224958819239],[14.029309376270474,37.81215326721404],[14.029642543963314,37.8117009973145],[14.029803122637235,37.8114960280931],[14.02916828227965,37.8109643040806],[14.02911784576608,37.810922060635306],[14.02895086887701,37.81085012069224],[14.028737527438777,37.81075820550798],[14.027984550452944,37.81043378883997],[14.027853631012047,37.810377381378586],[14.026981062694615,37.81021214132215],[14.026069606606502,37.81038166142921],[14.025125984197876,37.810449039345535],[14.023422522911929,37.81034180398021],[14.023062443968165,37.810375858174005],[14.022206155244534,37.810456834352735],[14.021509702503204,37.81075213718672],[14.021343035157612,37.81045319133605],[14.021600491251094,37.809915434323464],[14.021405788601307,37.80912685433819],[14.020343182181671,37.80874003713699],[14.019964218191667,37.80836568226403],[14.019827683173746,37.80823080731739],[14.020030195136556,37.807483788205694],[14.01943593258503,37.80702986417835],[14.01940634807099,37.807007264959914],[14.019232362128134,37.80687436541504],[14.018509106133472,37.80651775342386],[14.018254874331808,37.806084649903646],[14.01823701214011,37.806039619996646],[14.01813139827264,37.80585403039066],[14.018138175803658,37.80572705469882],[14.018140849304743,37.80567697954636],[14.018149101015387,37.80552241661648],[14.018162952391094,37.805262895853424],[14.01812078036429,37.805074587798664],[14.018055088662917,37.80478126248328],[14.018049558874404,37.80475371682186],[14.018042697524558,37.8047195412278],[14.017888997194685,37.80395391671024],[14.01787032788521,37.80386092050017],[14.017864908089615,37.80383392300897],[14.017741518089728,37.803572162325594],[14.01747716800125,37.80302127303468],[14.017234703729711,37.80238169984268],[14.017209537421872,37.80231523914207],[14.017158780964373,37.80218120304096],[14.016874955104221,37.80150642841393],[14.016861130440153,37.801473561228576],[14.016834984529869,37.80141578844714],[14.016730305428007,37.80118726583002],[14.016642231379393,37.80098987979838],[14.01656783547979,37.800825489632764],[14.016530034693957,37.80076656919143],[14.016410264422712,37.80059054966695],[14.01623097707042,37.80032705278494],[14.016051252673927,37.800062914208766],[14.016075416109661,37.799754976856924],[14.016079654678347,37.79970096292871],[14.016109492609706,37.79932074038133],[14.016118607033405,37.799204604606885],[14.016755738743194,37.79830847094758],[14.016514370462197,37.79759390630511],[14.016438240925053,37.79743084247628],[14.01639170565698,37.79733116546294],[14.016295468228483,37.797125030135284],[14.016214459617354,37.79695151207801],[14.016194933993386,37.79690968814767],[14.016008376645065,37.79635487937769],[14.016382607890504,37.79564093167014],[14.016527789019644,37.79536395552775],[14.01658049134734,37.79526340899111],[14.01677692954286,37.795027988707595],[14.016903053762613,37.79488496296192],[14.016946530868022,37.79482132009953],[14.016994785462929,37.79475068560622],[14.01713610898892,37.79454384810088],[14.017212313457962,37.79442856863648],[14.017304025986334,37.794298090918005],[14.017330805698423,37.794258895097684],[14.017476661287152,37.79409859119899],[14.017523185909322,37.79405580860489],[14.017599486570473,37.793985642256125],[14.0181943119927,37.7934386404539],[14.01845458730095,37.7933331263243],[14.018806866674609,37.79319031415307],[14.01905086423278,37.79309139732045],[14.019621032540918,37.79277441190526],[14.019692955954108,37.792731082983025],[14.019723050674886,37.79269019807702],[14.019741738107701,37.7926646525723],[14.020119466360562,37.792127286673285],[14.020364772788199,37.791780430792585],[14.02040652933949,37.79173033200919],[14.02043166433296,37.79168584538787],[14.020697327321061,37.79131019876667],[14.021058658887762,37.79064644111093],[14.02123936361071,37.79035986494739],[14.021304415876923,37.79025669979929],[14.021527674631113,37.78989772989874],[14.021548439586006,37.78986435864324],[14.02165091396628,37.78970718680355],[14.02177570185997,37.78950248437462],[14.021872267271688,37.78934407640942],[14.022138432368005,37.78890745175083],[14.022154361057476,37.7888457552085],[14.022160961545962,37.788820191020314],[14.022176128015175,37.78876144182692],[14.0222119340478,37.78862275141708],[14.02234058526461,37.78812442908401],[14.022311630343038,37.78809125104113],[14.022051077091104,37.78779268346177],[14.021787914253824,37.78749112377361],[14.021667452190284,37.78735308411115],[14.021547061996651,37.787215126783444],[14.021469723566243,37.787006244959926],[14.021325572068289,37.786616902757125],[14.021311209706926,37.78657810971172],[14.02127257939636,37.78647377194958],[14.021218867728345,37.78632870253141],[14.02115804402152,37.78616169655495],[14.021050662591872,37.78587938253521],[14.021039904250953,37.78584285049533],[14.02102292910195,37.78579070719936],[14.02099658295636,37.785718369006155],[14.02095333825624,37.78559963094122],[14.020938871208442,37.785559906734925],[14.020889488651308,37.78542430867368],[14.020810763573474,37.785276082701095],[14.0206894157582,37.78504759545899],[14.020560543035101,37.784804938467396],[14.020433948604445,37.784592598730526],[14.020357242121912,37.78446475626333],[14.020255934358664,37.78433939904945],[14.0196526973338,37.78359294581745],[14.019361381207423,37.783331184085014],[14.019207695108916,37.783193089135835],[14.018923269756932,37.78293751342847],[14.018660229598044,37.782869032205255],[14.01816801666801,37.782740883493894],[14.017928749811539,37.78267750231975],[14.017883955944235,37.782646176212246],[14.01775089686219,37.78254864033376],[14.017533871130402,37.782389550809334],[14.017298631811617,37.78221711110762],[14.017039542776331,37.782027186378635],[14.016792223995202,37.78184588836251],[14.016645208132458,37.781738117078895],[14.016610013172889,37.78172742894703],[14.015514365900408,37.78139469049119],[14.015361112264243,37.781288836048525],[14.015282423848776,37.78123216931914],[14.014979880749543,37.781025510382726],[14.014906608645381,37.78097489927582],[14.014872646721699,37.78086698581664],[14.014699682977543,37.7803173903169],[14.014676073867559,37.77993461462603],[14.014634597944891,37.779262135509384],[14.01376974312723,37.77854264549471],[14.013718690648812,37.77849215992811],[14.013654964794993,37.77842914117929],[14.013605344701041,37.7783800703099],[14.013492712982027,37.77826868848218],[14.013414536478157,37.77819137798631],[14.013208909935543,37.7779880302708],[14.013125560679178,37.777924977473404],[14.013102952325784,37.77790645583106],[14.01277284674391,37.777658146621796],[14.012718391502949,37.77761695168169],[14.012621374854222,37.77754355792251],[14.012220202685217,37.77724006315475],[14.01214367789925,37.77723384378701],[14.012089613309394,37.77722944990235],[14.01164137706072,37.77719301780287],[14.011342913096765,37.77716875753768],[14.0112210665373,37.77715885378799],[14.010912478166194,37.777168213269675],[14.01087998057864,37.77716459940452],[14.009844262755346,37.7772006074307],[14.009574076196056,37.777208799251206],[14.009534083354229,37.77720299128817],[14.009336700696636,37.77717432838766],[14.008985071471383,37.77711511911071],[14.008124028455708,37.77699821776357],[14.007980458731929,37.77693378488905],[14.007847113339531,37.77686823184642],[14.007762007186415,37.776828281924644],[14.007606669391722,37.77675536426038],[14.007524225516962,37.77671666402969],[14.007099198711144,37.7765170297482],[14.007025645556936,37.77648248152191],[14.006933552963947,37.77642450959107],[14.00688528301449,37.77641327233559],[14.006820106550304,37.77638001047755],[14.006767522406825,37.776351207937864],[14.006732794873372,37.776333498408206],[14.006470335394983,37.77619965253923],[14.006164706163716,37.77604399053352],[14.006053901463373,37.77598755505353],[14.005988715140658,37.77595435436095],[14.005907539505301,37.77591300919168],[14.005879065639034,37.775898507033375],[14.005716208234855,37.77591301146291],[14.005283416483337,37.775951552851694],[14.004972006432489,37.77597928436021],[14.004765036279766,37.7759977144544],[14.004720554326672,37.77601607889497],[14.004609023798324,37.776062124903],[14.004168726398348,37.77624390150519],[14.003842956811651,37.776378658170366],[14.003623860123135,37.77646943340842],[14.003507211302173,37.77652420297129],[14.003175489344276,37.776679953412234],[14.002331893257063,37.77707603398971],[14.001740801562024,37.77709669091486],[14.000782714089654,37.776688878988566],[14.000536384566335,37.77665759758863],[14.00047520351858,37.77665085639747],[14.000436567929853,37.776647393585876],[14.000323451050386,37.776634135464256],[14.000285799266637,37.77662998691608],[14.000223750742919,37.776623150128366],[14.000107728837754,37.77661036656305],[13.999988348883173,37.776597212468715],[13.998563655623803,37.776426662102814],[13.998434349101522,37.77641118124017],[13.998152798534928,37.77628998095984],[13.997925745833161,37.77619224022586],[13.99755670545013,37.776033375112334],[13.997386584661761,37.77596014099298],[13.997337877531857,37.775948504113245],[13.997206470291697,37.77591710900214],[13.996674346061873,37.77578997522535],[13.99663069056777,37.775779544226005],[13.996543349715383,37.77575867624305],[13.996499849935425,37.77574828269706],[13.995948022212998,37.77561643536335],[13.995134053950535,37.77553319279041],[13.994984107877992,37.77551785850892],[13.993818866177682,37.776037850604446],[13.992906169781886,37.77659262776174],[13.99260442578803,37.77677603705724],[13.991704787253736,37.777030363479845],[13.990042466035236,37.777267533619465],[13.989432004702916,37.777342965277185],[13.987807989704404,37.7775436225277],[13.987711373106379,37.77755556023182],[13.987753692715442,37.777309034964915],[13.987801136824531,37.77703266860254],[13.987822704559989,37.77690702671914],[13.988077877700285,37.77655125979758],[13.988517134967893,37.77593882884186],[13.98912245700011,37.77481005980533],[13.98883787654963,37.77405899458724],[13.988743399310385,37.77399718298431],[13.9878588376235,37.77341845129369],[13.987829427487569,37.77328351330385],[13.987794181207946,37.77312179808483],[13.988268245942228,37.77253888287801],[13.988554102771921,37.772389064135886],[13.98890855708148,37.772203291411074],[13.989203142930956,37.772054501786165],[13.989506077395728,37.77190149495259],[13.989662779234152,37.77182234543366],[13.990137432979683,37.77118538366274],[13.990930571264247,37.77056153073683],[13.991032932112484,37.77048101742109],[13.991540330409611,37.76983591020185],[13.991795720983186,37.7693501030688],[13.991983360156823,37.76899316803869],[13.992130043656157,37.76867905778351],[13.992282508257194,37.76835256714375],[13.992310473029688,37.76829268156463],[13.992223503942641,37.76824230485851],[13.991680427806743,37.76792772541711],[13.991431909621786,37.767788770425646],[13.99128193068464,37.767704912111135],[13.991029440398645,37.76756373414176],[13.990924563238844,37.76750509320644],[13.990943549765328,37.76745209682289],[13.991019298993136,37.76724066080505],[13.991043310336071,37.76717363877576],[13.991355359680338,37.76674392497307],[13.991001269079145,37.76606559786796],[13.990734248616503,37.76570100584019],[13.991034343714567,37.7652165775253],[13.99112811778248,37.765065201883445],[13.99147551630094,37.76437219940513],[13.991537445441256,37.76424866116818],[13.991473633102647,37.76311229861856],[13.991453652479606,37.7630609424065],[13.99094635595068,37.76175698126386],[13.990401905143676,37.76090438494004],[13.989661594674779,37.7604717935688],[13.989320849733023,37.76027267947293],[13.988532826243322,37.75934705110469],[13.98829244232355,37.75906468386965],[13.987893998859667,37.758986531632004],[13.98738658736193,37.75888700456071],[13.987037465904356,37.7588761524087],[13.986161823641888,37.75884892984053],[13.984592856362486,37.75904378551503],[13.984003023889443,37.75917869833936],[13.983191423694013,37.75936433272066],[13.983061490759578,37.75936712920088],[13.982943231532724,37.75936824569249],[13.982808453966387,37.75936951834111],[13.982669023244773,37.75937140587988],[13.982561080068173,37.75937286634087],[13.982314238739702,37.759376207453876],[13.981943078477922,37.75938122919991],[13.981427156517697,37.759245715324305],[13.981388107999761,37.75923545765877],[13.980415432834786,37.75897996397082],[13.979395662624803,37.758775688343874],[13.979319825289414,37.7587604967402],[13.979167705766228,37.75873002416767],[13.978967006746114,37.75868981904067],[13.978782844788636,37.75865405668267],[13.978336406720262,37.75848512303925],[13.978218875763877,37.75844050757729],[13.9767302339027,37.75787538947451],[13.976111029055728,37.75757890867014],[13.976004726959117,37.75752800934069],[13.97587975379492,37.75746817058291],[13.975807779298407,37.75743370778921],[13.975715095798437,37.75738932929244],[13.97440010141193,37.75645896590949],[13.974248598177391,37.75629208024456],[13.973961595990462,37.755975936866754],[13.973583358907753,37.755559290297946],[13.97316349659916,37.75475312002802],[13.972822331502472,37.75422203422555],[13.972721431412227,37.754064965044336],[13.972673561191897,37.75399044591908],[13.972552176048833,37.75388481371569],[13.972226115764643,37.753601067026004],[13.972196603220908,37.753575383826025],[13.972081116402125,37.75347488286837],[13.971765721247642,37.75320041066045],[13.970774743435431,37.75307060695165],[13.969969767822318,37.752562733516974],[13.969112689331157,37.75211271398023],[13.968515686197057,37.75178224525698],[13.967932881316585,37.75121932407091],[13.967497183961866,37.75081001783337],[13.967398589785835,37.750555301111625],[13.967098155677556,37.75028978598097],[13.966669287213167,37.74991076263727],[13.966551282294981,37.749827975532206],[13.966501900472414,37.749793330260516],[13.966459502842902,37.74976358478266],[13.966385103677059,37.74971138881608],[13.965996292270594,37.74943860817659],[13.96592777102315,37.749390533636195],[13.965819723761182,37.7493425680248],[13.965766718781053,37.74931903696728],[13.96568666953118,37.74928349847669],[13.965599010270926,37.7492445830842],[13.965364949186975,37.74914068519672],[13.965284191062283,37.74910481796757],[13.96504577923581,37.74906169809687],[13.964951298383934,37.749044611509106],[13.964908284103693,37.749042012063754],[13.964833595238165,37.749023322356926],[13.964446643271948,37.748953336309775],[13.963843081091179,37.74896459587578],[13.963329162603298,37.74849175197461],[13.962508146651258,37.74795460724606],[13.961834895213052,37.74741572007571],[13.961720744319884,37.74731084120905],[13.961664835705456,37.74725947448479],[13.961467573599872,37.747078232968526],[13.961420267385279,37.747034768593196],[13.961168319605541,37.74673044342163],[13.961141136460116,37.746697611793216],[13.961195501393478,37.746609766848124],[13.961318958604,37.74642252361051],[13.961400259162799,37.74642102256857],[13.96147674648287,37.74642181910079],[13.96165720174549,37.746423699374226],[13.961859240712956,37.746424172312764],[13.962059742435764,37.74646334842037],[13.962447728938193,37.7465391576607],[13.962494072396314,37.746548212641756],[13.962886288634039,37.74691210751482],[13.963310520602283,37.74733093469065],[13.963682576315666,37.74753132607896],[13.96438569023878,37.74757369103886],[13.964675939174528,37.74761806239576],[13.964814323785992,37.74763921771722],[13.965008595602104,37.74766891663935],[13.965380096179977,37.74762067162638],[13.96590738274374,37.74755219153935],[13.965954560104398,37.74753545534283],[13.966888010308256,37.74720909900129],[13.967143142232043,37.74705338412111],[13.9674150464818,37.7468874312281],[13.967920453483961,37.74649599402002],[13.967977654348099,37.74645169132871],[13.96808665441217,37.7464291956928],[13.968773189370339,37.74628750588563],[13.969637105241524,37.74626899068626],[13.970328797548737,37.74630953278346],[13.970637786087126,37.74622128999829],[13.97091119840595,37.746143205059944],[13.97096713613099,37.74612722930272],[13.970987082172892,37.74600593834636],[13.970992612458147,37.74597231398383],[13.971004039294348,37.74590283280117],[13.97102770344314,37.74575894478223],[13.971041324936726,37.745676109499975],[13.971058756550622,37.74559829535775],[13.971076626402926,37.74551852756221],[13.971142657166311,37.74522376545786],[13.971186423854244,37.74502839099886],[13.971624369569389,37.74457315672838],[13.971980326768488,37.74457757168927],[13.972055484462865,37.7445766661454],[13.972207241336646,37.74457790149166],[13.97233819628089,37.74457896643799],[13.972852300480923,37.74459832963753],[13.972985594806289,37.744603349748736],[13.97364570492771,37.744510162412844],[13.97429181550414,37.74447832771555],[13.974553642451909,37.74459440234572],[13.974709652254008,37.74466356457876],[13.974912881351083,37.744753660957144],[13.975380727664374,37.74460558300576],[13.97568984782324,37.74441924200276],[13.975807968033374,37.74448410633799],[13.975870930527853,37.7445186798663],[13.975939435055752,37.74455629743223],[13.976241615715724,37.74472223225951],[13.97634803313486,37.74473971134559],[13.976524793850869,37.74476874203689],[13.97788183637184,37.74433088075156],[13.97815018694103,37.7441265716286],[13.978184953052002,37.744100101544205],[13.978307410374697,37.74400685556919],[13.978955070149063,37.74351376409498],[13.979005824716372,37.74347512126462],[13.97911052036185,37.74343898728222],[13.979273246412017,37.74338282647461],[13.979927604462981,37.743156985702065],[13.980262376116036,37.74329637760857],[13.98034514936244,37.74333084251498],[13.980405499878556,37.7433560935614],[13.980594897423614,37.74343483100594],[13.98068645654895,37.74354490984165],[13.980840655465222,37.74373879559418],[13.980894172850752,37.74379433869138],[13.981130712475197,37.74407847933006],[13.981277220032297,37.744186312498655],[13.981365520423479,37.74425130439556],[13.981726462433294,37.7445169674504],[13.982094312695502,37.744596334195656],[13.982415234776523,37.74466557444045],[13.9828961312822,37.744408865277684],[13.983196440153254,37.74407008097489],[13.983244318187811,37.744063374635566],[13.98329479087891,37.74406917120654],[13.983533896935198,37.74402480227862],[13.983890792516355,37.74397725694954],[13.984515210022238,37.74392828688765],[13.985115157851949,37.744004129774794],[13.985604790723363,37.7442988658838],[13.985677714435855,37.744342724070314],[13.985720949298514,37.74436440464945],[13.9862075487153,37.74460840275121],[13.986900966254973,37.744606008552566],[13.987106523608094,37.744491307660304],[13.98727661190153,37.74439639775187],[13.987309336007252,37.744378139303066],[13.98741143264897,37.74432116867339],[13.987472975431132,37.74428682811715],[13.987495656061052,37.744267359518524],[13.987916504034022,37.743906124279896],[13.98803580677661,37.74380372024225],[13.988799491385423,37.743577718769494],[13.989424511457395,37.7434746824091],[13.9896834680882,37.74360119255069],[13.989906133179224,37.74371004796589],[13.989897282619545,37.74387475383808],[13.989895765192708,37.74390297141199],[13.989883871515495,37.74412429287549],[13.989879413838903,37.74420723429175],[13.989688582917335,37.74451341565946],[13.989639279993511,37.74459252160783],[13.989565694080254,37.74471058405602],[13.98954509569404,37.74474536540438],[13.989531875868245,37.745018755148784],[13.989524928628429,37.7451802601105],[13.989523439873112,37.74521486979843],[13.9895107183671,37.74551054031594],[13.989603969039209,37.745671510981786],[13.989630902016918,37.7457180036762],[13.989809832340317,37.746026875145795],[13.989857148703866,37.74609018968963],[13.990333263917018,37.7467272697705],[13.990600539616578,37.74717067218883],[13.991110500256276,37.748049483559505],[13.991170248364025,37.74858947580141],[13.991457153619754,37.7492503890453],[13.991679269546855,37.74954358340801],[13.991870215824804,37.74979562839239],[13.992205437946174,37.7501213254215],[13.99243796268747,37.75056393028573],[13.992948818749671,37.75144494357598],[13.99351755096685,37.75220644864163],[13.993945804824495,37.753142973716514],[13.994067886577557,37.753409943153066],[13.994413529632455,37.7540733788952],[13.994676026523186,37.754577211996384],[13.99493131734548,37.754997193815804],[13.995353677241486,37.755692008517144],[13.995197387970304,37.756412258868075],[13.995263462220262,37.75659131585936],[13.99528462798444,37.756648672186095],[13.995300588756795,37.75669192415312],[13.995385851103386,37.75692298078959],[13.995427214666012,37.757035070933085],[13.995942363212547,37.757526439783746],[13.996056436286825,37.757566744801885],[13.996107513746578,37.75758479220583],[13.996200592307924,37.757617679834446],[13.996246801652898,37.757634007074984],[13.99629386495781,37.75765063567706],[13.996858030282226,37.75784996941694],[13.997513064053805,37.75806293072957],[13.998233623414931,37.75768117197463],[13.99880957002404,37.75707367497926],[13.999738996114319,37.757171408360854],[14.000341778899525,37.757060273530634],[14.001057522030631,37.75724436236537],[14.001280462418862,37.757301702209375],[14.001912267182165,37.75763049824954],[14.002495830219383,37.75816846035241],[14.003204660013768,37.75850086156566],[14.00340833559832,37.75865622041483],[14.003442085288606,37.758681963540326],[14.00374956214558,37.75941401894418],[14.004033199378481,37.7603181474805],[14.00361032003108,37.760511747607005],[14.003535981534782,37.76101690427367],[14.003729691959462,37.761765050363906],[14.003211732869662,37.76227553570153],[14.00190958292879,37.761990809616925],[14.001841705977375,37.7619759667923],[14.001717878214276,37.761927540965246],[14.001322726773815,37.76177300796093],[14.00104993599589,37.76200330159197],[14.000982235611101,37.7620604537186],[14.000542154711056,37.762431970325274],[13.999615634156804,37.763130514753826],[13.99940615580534,37.763288448398626],[13.998724581210174,37.76383223998745],[13.998601706273673,37.76393027341514],[13.998568656480158,37.7639566424134],[13.998588644475346,37.76402383253398],[13.998629271869692,37.764160401106714],[13.998715482598953,37.764450193163626],[13.998851047605358,37.764905872633584],[13.999437168115634,37.76603803184875],[13.999685181061782,37.767242882366475],[13.999691803324032,37.76727504985328],[13.999794575106348,37.76732196718184],[14.000214051130163,37.767482570912826],[14.000633157771095,37.76764312036319],[14.000755200271623,37.76769339244496],[14.000916080382101,37.76775966296914],[14.001338587409712,37.7679337026632],[14.00168926721204,37.76807976084967],[14.001919593681821,37.76813871662215],[14.00208402590343,37.768182876503914],[14.002548128334423,37.768307516026816],[14.00272215367325,37.76835425175239],[14.003091308882857,37.76849668640701],[14.003167698921352,37.768526160495554],[14.003289062657542,37.768572987440116],[14.003430956600537,37.76862773428234],[14.003490599375807,37.76865119546242],[14.003612508158191,37.76874306076118],[14.003664559764914,37.76878228524085],[14.00381076703363,37.76889245791914],[14.004262154080937,37.76923259574324],[14.004298085466255,37.76925967191665],[14.004371717935229,37.76931056754601],[14.004661835510916,37.76951110116922],[14.004749020643976,37.769571364222145],[14.004851334738635,37.76955831474614],[14.005399749534643,37.769488366159536],[14.005457718823132,37.76948096845658],[14.005975985977505,37.76941483310784],[14.006284895653446,37.76937541193426],[14.006536704460368,37.76931935119329],[14.00657214264436,37.76931146197444],[14.00663012594181,37.769298553168916],[14.006910030060862,37.76923623703697],[14.00719066188642,37.76870524357278],[14.007236451363179,37.76861860179214],[14.007335295266785,37.76843157289906],[14.007388365814972,37.768331156279835],[14.008696083021556,37.768169639938314],[14.009334157359616,37.76802313320498],[14.00955273873724,37.76772088495088],[14.009718077947566,37.76751208987154],[14.009817469783098,37.76751174014105],[14.010384492633701,37.767509740229436],[14.01050931104259,37.76750930109153],[14.010597666744488,37.767447103804905],[14.011002899337722,37.7671618472989],[14.01112492354309,37.76715037892948],[14.011305489913537,37.76712818167873],[14.011616261516647,37.76710419941145],[14.011887030842736,37.76720437023569],[14.012069879515066,37.76727201431953],[14.01223821913391,37.767334289632295],[14.012275042035387,37.76736016458639],[14.012400746299551,37.76744848909351],[14.012536626524962,37.76754396589303],[14.01265146528481,37.76761976251634],[14.012759152888156,37.76761072003881],[14.013143951310536,37.767550042639584],[14.013217549096883,37.76748795688071],[14.01354959656074,37.767207845459325],[14.013650810644547,37.7671224617277],[14.013755256490954,37.767034351242685],[14.0138213129959,37.76697862618555],[14.014628577382826,37.76684964043382],[14.01508416393956,37.76678293829514],[14.016173797120317,37.76593503894978],[14.016359662187497,37.76565620657208],[14.016484956126604,37.76546824178635],[14.0165409397854,37.76538425472708],[14.016664667805221,37.7651947862008],[14.01668507072979,37.765168029027826],[14.01672111219673,37.76512358753557],[14.016752990923003,37.76506613376824],[14.016883925018924,37.76498119165591],[14.017726118578079,37.76443480846094],[14.018106308173452,37.764286277752284],[14.018248229953441,37.76423083238892],[14.018646639080055,37.76407518112504],[14.018968599266634,37.76394939591824],[14.019084413711875,37.76390414902118],[14.019219671526887,37.76397784807233],[14.019380195789651,37.764065313909214],[14.019525684078497,37.764144586292836],[14.019578198773244,37.76417320067432],[14.019565661494008,37.76412753083382],[14.019455067220187,37.763723637161355],[14.019428586853182,37.76362825048117],[14.019352248684864,37.76336588307451],[14.019685264044698,37.76336021332591],[14.019745050154398,37.763361746504714],[14.01997294315119,37.76335934763287],[14.020096650812386,37.76335804451838],[14.020261842482405,37.76335630313523],[14.02031181909,37.763356507183836],[14.020414854788056,37.763356925836725],[14.020646382534741,37.763357867790134],[14.02111452583426,37.763218585220095],[14.021135066542227,37.763198477626894],[14.021523364170593,37.76281835496607],[14.021597820738052,37.762745465285434],[14.021971639868399,37.76274361529222],[14.022221792799916,37.762742375346726],[14.022312598192984,37.762741924582464],[14.022363913111635,37.762658394674176],[14.022516176958948,37.76241054200697],[14.022622680369892,37.762237174484476],[14.022646617997342,37.76220984750584],[14.022792078058924,37.76196033755298],[14.022846588219627,37.76187269180797],[14.023460998150998,37.761595656374084],[14.023591221573056,37.761537722385135],[14.023714404293559,37.76148230878459],[14.024146179018274,37.76135854752644],[14.02450260957131,37.76125637997132],[14.02454515508108,37.76124418453229],[14.024642455631875,37.76121629389974],[14.02478558592544,37.76117526676965],[14.024884378824373,37.76109590057597],[14.025243033729641,37.76080776980548],[14.025286771033937,37.76077263355254],[14.025439670854226,37.760649797541774],[14.02531177925618,37.76032133887772],[14.025242236971494,37.760142732968674],[14.02527440778621,37.76004374097027],[14.025326801794481,37.75988253270763],[14.025441196297326,37.75953054145209],[14.025513777952973,37.75930720661399],[14.025831495634,37.75917108992487],[14.026266165867437,37.758984864315515],[14.02635019323341,37.75892626615203],[14.026465961167045,37.758840224495856],[14.026528638030278,37.75879364178061],[14.026799867008094,37.75859205456813],[14.026978512583607,37.75844917287708],[14.027055557695215,37.758387411474786],[14.027517352441372,37.75801722260326],[14.027538845769275,37.75790119539027],[14.02760901684677,37.75752175778257],[14.02762264054387,37.757448095012634],[14.027671171523211,37.757185667875476],[14.027692942943295,37.757067943997285],[14.027737280248946,37.756828194093124],[14.027771752461401,37.75628678119453],[14.027775937795827,37.75616394479687],[14.02778798046188,37.7560318983476],[14.027808995944916,37.75570181717441],[14.02763744831326,37.75507153685549],[14.027624874712027,37.7550253391462],[14.027636614244749,37.75481922966291],[14.027648014842434,37.75461905697291],[14.027653664485074,37.754519870548606],[14.02763087755198,37.754476754283296],[14.027570064942724,37.75436168893362],[14.027410510472652,37.754059779545614],[14.027366170278059,37.753983932224685],[14.027188401907978,37.753679836208114],[14.027338432199773,37.753571034739736],[14.02746991234096,37.75347568502712],[14.0275758176457,37.75339888248454],[14.027864644832691,37.7531894235637],[14.027901903305983,37.75300698426348],[14.02797317233296,37.752658026844294],[14.02795466176724,37.7525545034353],[14.027868115739969,37.75207046584397],[14.027896861116622,37.75158524675862],[14.028010363861389,37.75144597310251],[14.02821683927991,37.75119261591456],[14.028277024978001,37.751118763355095],[14.028448570259549,37.75073247890618],[14.028500196135306,37.75061622883816],[14.028506968769682,37.750408009499736],[14.028504705493935,37.75028025959846],[14.02851925932219,37.75003010816847],[14.028535174539332,37.749840708084704],[14.028575945982144,37.749380960788116],[14.028637906826145,37.74917589068093],[14.028703224591627,37.74895971210592],[14.02885576367897,37.74855474625616],[14.029299296827158,37.7482955220961],[14.029416822097536,37.74822683388475],[14.029490860256045,37.748195320086936],[14.02955620655166,37.74816750618546],[14.029957166737237,37.74799684007723],[14.029998922811943,37.74797906772541],[14.030400925887546,37.74759494133956],[14.030536359161031,37.746812514376174],[14.030405305173007,37.74625983266149],[14.030443597373564,37.74617206653292],[14.030463159898119,37.74614404562481],[14.030481638298037,37.74608487663192],[14.030583587899706,37.74585120430073],[14.03067177126215,37.74566299425058],[14.031086904598443,37.745411267965125],[14.031290357136243,37.745369743192946],[14.031519627214731,37.74532294853267],[14.031262394019386,37.74475017161943],[14.031081552222192,37.744316685011626],[14.030958555008239,37.744021058683884],[14.03098671994574,37.74398130494236],[14.031249224806867,37.74361078973095],[14.031340134566827,37.74348247343328],[14.031443005905945,37.743409593129954],[14.03192939913499,37.743076668589914],[14.031961031495108,37.7430548842808],[14.032141777591974,37.74293040948745],[14.0322486770811,37.74256339004234],[14.032127861738768,37.74225565141404],[14.032048086451297,37.742086928679655],[14.031883744390049,37.74173934726325],[14.031335141254484,37.74124732179896],[14.030768575020748,37.74085862944388],[14.030739025373284,37.74083835677466],[14.030611725272554,37.740630743475165],[14.03052786059848,37.740493967091105],[14.03040704238638,37.7402935292574],[14.030349105841387,37.74019741097291],[14.030227589454087,37.7399958087917],[14.030064958917912,37.739426479722276],[14.030072913181815,37.73934917837101],[14.030107409518088,37.73901389909883],[14.030129865021214,37.73879565032711],[14.030451428843532,37.73850049807486],[14.030614035157097,37.73822339590322],[14.030550123531507,37.73789747145219],[14.030058852789582,37.73729943877679],[14.02973368928738,37.73699819007605],[14.029702472348028,37.7369644743744],[14.02933070667098,37.7365629550724],[14.029189377875934,37.736339176164826],[14.028941714039005,37.73594702442293],[14.028907560333733,37.7357690396505],[14.028867160838335,37.73555852198826],[14.028942744907052,37.73540370182374],[14.028967403188158,37.7353531922808],[14.02920458605877,37.7348663853466],[14.029193627953692,37.73402955776475],[14.029146830501615,37.733816840292285],[14.02909827954118,37.733596149517],[14.02905408858503,37.7333950408389],[14.029019856394369,37.73314927937314],[14.028948898304117,37.73279290176521],[14.028900135885356,37.73258495325917],[14.02889198236624,37.732550183295935],[14.028873451859486,37.732471160312315],[14.028864855890692,37.73240909753059],[14.028798376678937,37.73215100301998],[14.02867726467374,37.73185240041985],[14.028476902792598,37.73195150492539],[14.028209231609452,37.73208390049669],[14.028031274876552,37.732667799218895],[14.027827795761144,37.73323929397913],[14.027804557544327,37.7332974081506],[14.02724722427423,37.73357252528333],[14.026892921770271,37.73381278697896],[14.026502327593088,37.73412437918346],[14.02595053819963,37.73446615379474],[14.025773783567,37.73451137898486],[14.025698975311649,37.73453935810529],[14.025621349337166,37.73455038674844],[14.025383807085273,37.73461116809966],[14.0248942253095,37.73476940598258],[14.024054489779616,37.73494615233757],[14.02398030720527,37.73496109113487],[14.023312183145809,37.7350711212402],[14.022873169052648,37.735111983963755],[14.022763168984408,37.73512222275257],[14.022728200203026,37.73512547698268],[14.02259695245134,37.73513769303706],[14.021861249904289,37.73497777357898],[14.020799138806547,37.73464495922143],[14.020757766304323,37.734622606218394],[14.020692178949355,37.73458717251353],[14.02008861905692,37.73426108841372],[14.019686468286846,37.73380551588456],[14.01965141744597,37.73299434314775],[14.019534542330362,37.732398294897365],[14.019378298690052,37.73221250880329],[14.019333006911397,37.732158652489154],[14.01907614989901,37.73185322530302],[14.019008197624755,37.7317724236933],[14.018979725838975,37.73174818843866],[14.018948103171892,37.731721270134464],[14.018855446776655,37.73164240087613],[14.01855645986518,37.731387896204005],[14.018508733352464,37.73134726855936],[14.0184838602808,37.73132609691913],[14.01842858113593,37.7312790408463],[14.018323222711748,37.73118935576177],[14.018199379984717,37.73110996291664],[14.018125061785693,37.73106231723358],[14.018088984200245,37.73103918794467],[14.017582490416443,37.73071447863642],[14.01669135808847,37.73032027629962],[14.01577225517182,37.729945045947616],[14.0156529420577,37.7298963347449],[14.014658769768724,37.72952904651474],[14.013811380548423,37.729268020518504],[14.012928458893372,37.72896350607148],[14.012786337840529,37.72888413367617],[14.012142015940244,37.72852428905428],[14.011398514272646,37.727986437529424],[14.011303897701492,37.72791648888952],[14.011105012358962,37.727769454132094],[14.01075936609365,37.72751391727076],[14.010227219871458,37.72716902653466],[14.010190915685275,37.727145498224374],[14.010039118768274,37.72704711518823],[14.009091514919646,37.726623743165476],[14.008415516360614,37.72627661173097],[14.007761839635872,37.72592850665999],[14.007151680683096,37.72594820496633],[14.006888251366485,37.7259567089912],[14.006566628640156,37.725856626899535],[14.006523709630862,37.725843271537215],[14.006029150093108,37.725689373359444],[14.005172649984742,37.725239590812855],[14.004679032101023,37.724812622980416],[14.004403264073646,37.724573843872015],[14.004165191909836,37.72436770096126],[14.003507297525259,37.72415338044406],[14.003400521574545,37.724097066707756],[14.003222786511282,37.72400332855209],[14.002741044184479,37.723749252938475],[14.002637297516667,37.72367777631944],[14.002424325381869,37.72353104968864],[14.002067089499104,37.72328493110666],[14.001515516610036,37.723157698611224],[14.00109954119569,37.72306174183079],[14.000393788002985,37.72300213697347],[14.000118614419462,37.72297629661277],[13.999863491923652,37.72289057296136],[13.999136834354236,37.72264640080642],[13.99890127034387,37.722566463739064],[13.998052100331035,37.7222782983096],[13.997226880845961,37.72201535644602],[13.996855230798891,37.72189693386501],[13.996783782916685,37.72187700432928],[13.996605781422591,37.7218273521286],[13.996572063189285,37.72181794679998],[13.995862858946401,37.721620117343925],[13.995622639967813,37.721553108350676],[13.994063338153344,37.72108131208789],[13.993182107055194,37.72076755407227],[13.993040084058133,37.7206481193551],[13.993016017084543,37.72062788025248],[13.992229088948754,37.719966089969134],[13.99100332326353,37.71909064362313],[13.99022969118052,37.71823515612932],[13.990024147238033,37.71798428609649],[13.98938487893424,37.71720081855615],[13.988770929774082,37.71645696980679],[13.988454558952837,37.715835329689234],[13.988419470986804,37.71576638413952],[13.988150190821353,37.71523725983958],[13.988108751051858,37.715155832026],[13.98807188371789,37.71508338875545],[13.987976848074895,37.714896641369556],[13.987886102250842,37.7147183276529],[13.987530818648676,37.71445439118556],[13.987265571524066,37.71425733945059],[13.987214360016953,37.714219293459955],[13.987007003421098,37.71406524818946],[13.986965938051227,37.714034740100374],[13.986906118462736,37.71395812260871],[13.986773116177684,37.713787772507516],[13.986441938540313,37.71336359521909],[13.986309268355228,37.713085737541476],[13.98608798864929,37.71262229702306],[13.986051433095563,37.71263764299701],[13.985972557611078,37.71267075664044],[13.985288778851588,37.71295773489987],[13.984649856278693,37.712916901066144],[13.9840054681865,37.71302489040547],[13.9837341491173,37.713068662299904],[13.983054916908536,37.713054827629485],[13.98232537921689,37.71317563922468],[13.982234648874021,37.71319560597036],[13.981539978549948,37.713348477320636],[13.981340213699976,37.71340311247614],[13.981262810785449,37.71342428250243],[13.980945201025717,37.713511146825866],[13.980390739567289,37.7136627852387],[13.979684036767933,37.71389982917509],[13.979279083892653,37.713954038874164],[13.979134994929051,37.713972889249916],[13.978947638101378,37.71399609170202],[13.978512386181754,37.71405298536925],[13.977614407969941,37.71406167745772],[13.977551708620526,37.71406228353005],[13.977101267435973,37.71407653714262],[13.976447898591454,37.71407960081963],[13.97535918522611,37.713997330181144],[13.974091583440861,37.713814587288745],[13.973737607917235,37.71370463965727],[13.973268425344129,37.713558906356134],[13.973137618455638,37.71333195110455],[13.973059333369902,37.713184356098786],[13.97301185897249,37.71309484819566],[13.972970728611386,37.71307347938916],[13.97242686524556,37.71279091775361],[13.972077404050701,37.71254455892198],[13.971457304263831,37.71227818066947],[13.971021309105584,37.71262520237739],[13.97076222738702,37.71262791099558],[13.970101966158365,37.71263481133092],[13.969034883341331,37.7124507025179],[13.968959533446547,37.71243770184489],[13.968649981029175,37.712286832065764],[13.968481061473497,37.71220450328835],[13.968372959048038,37.71215181690992],[13.968140034507757,37.711926987664235],[13.967873604757338,37.711669814294304],[13.967836481818948,37.71163419446154],[13.967638795005024,37.711360913011625],[13.96746830605569,37.71112522819294],[13.967054497556996,37.71075325691085],[13.966983240919442,37.71073103222199],[13.966399707365705,37.710549042427324],[13.96559574673448,37.71042315622181],[13.964973611387414,37.71021980511298],[13.964822681949142,37.709679122940685],[13.964623410791488,37.70920957580154],[13.964548120880472,37.70902662848572],[13.964594971316156,37.70875078087844],[13.964622831964407,37.70858673783934],[13.964540852449804,37.70790134698917],[13.964393866263999,37.70713313099543],[13.964369598227828,37.70707973306546],[13.964085692493638,37.70645503579168],[13.963490214107443,37.705971398263586],[13.962871306811465,37.70567784867596],[13.96305920861404,37.705129632748076],[13.963068219877753,37.70454395044222],[13.963067065955041,37.704230895951845],[13.96306569683744,37.70385968583477],[13.963065708046457,37.70306503248299],[13.963087762288021,37.702271681253606],[13.9632293051822,37.70186723802928],[13.963521264976198,37.701339397379584],[13.96379795762953,37.700954036793476],[13.963814066765236,37.70045870626673],[13.963108435170572,37.69972479878393],[13.963079106609992,37.69969443127366],[13.962260055958168,37.699001869744464],[13.96213976422644,37.69892260019079],[13.961248709216779,37.69833539482655],[13.960734690207662,37.69774475488142],[13.960798881978363,37.69724229594128],[13.961068817887508,37.696575805748786],[13.961371589420116,37.69602951568803],[13.961342820684068,37.69564125855646],[13.96108203936452,37.69520049823073],[13.96103224791047,37.69511634029192],[13.961220071102098,37.694694198097565],[13.961290265930499,37.694683402324685],[13.96166368826038,37.694625970799756],[13.962014751202204,37.69467415769867],[13.962199211176545,37.69465853118928],[13.962490889069013,37.69463382102274],[13.96300895476702,37.69445603978953],[13.963132402991858,37.69441367634936],[13.963208893081987,37.6943874272158],[13.963267129908647,37.69420622638141],[13.96342233088643,37.693723316303185],[13.963413162647718,37.693105773808014],[13.963411209138583,37.692974148392224],[13.962620666066227,37.6919224315501],[13.96224050582158,37.69169576556119],[13.961866076340284,37.69147251248378],[13.961508994513963,37.69104633783523],[13.961382169371294,37.690696675165206],[13.9612138476516,37.69023259772496],[13.960806857975271,37.68935603998655],[13.960146767737374,37.68870852170015],[13.959703741542972,37.688002331914916],[13.959636365098,37.68779434735341],[13.95955121990752,37.6875315098383],[13.959635622957853,37.68710923087373],[13.959584293776825,37.686792311945055],[13.959572970909939,37.68672240136366],[13.959307395461408,37.68627661235231],[13.959329664788784,37.68617210908593],[13.959410078937381,37.68579476319037],[13.959416315457384,37.685765499344036],[13.959387369587525,37.68573543692887],[13.959003907338897,37.68533716834475],[13.958269743877075,37.685032678107476],[13.957029358286436,37.684517649292644],[13.956671438745158,37.68442059909475],[13.956238921306966,37.68430331867052],[13.956168134010577,37.68428213474937],[13.955572794761316,37.68412653154942],[13.954644807583282,37.68392023450455],[13.95388788497624,37.683751761358316],[13.95352963814713,37.68369702163394],[13.953470562757115,37.68368799647602],[13.953321954525272,37.68366529252959],[13.952766482977005,37.683650413927374],[13.952382028234535,37.68358779800553],[13.952232944211822,37.68356338826087],[13.952100483342868,37.68354169860104],[13.952064861072502,37.68353586549496],[13.951793312349619,37.68348876283285],[13.95126502603086,37.68345388288455],[13.95102028609545,37.683437710921226],[13.950960226683074,37.68343348315515],[13.95042250007818,37.68339562255997],[13.95026358804497,37.68335257768673],[13.94992955260659,37.68326209697046],[13.94986863260027,37.683245594314286],[13.949739855719546,37.683170043788266],[13.949464048553855,37.68300823177633],[13.949398094336177,37.682949470173696],[13.94914304997181,37.6827222397134],[13.94899354468332,37.68258903780107],[13.948916157621149,37.68251950620196],[13.948540554425009,37.68218203154191],[13.948429709783477,37.682082437697424],[13.948265938046225,37.68193528842821],[13.948183961848823,37.681886590271496],[13.947944910231572,37.68174457895534],[13.947806060250505,37.681662093762654],[13.947637360842121,37.68156187522153],[13.947388351303868,37.68141394748324],[13.947156844660618,37.68148276859315],[13.946912498251537,37.6815554042462],[13.94683538653848,37.68157832784815],[13.94656820981094,37.681657750760216],[13.945723840837791,37.681812523696834],[13.94536736474268,37.6818213538884],[13.944683366395337,37.68183829290993],[13.94449589776747,37.68180438527752],[13.944070899362503,37.68172751415871],[13.943744239098113,37.681668429552836],[13.943368176159337,37.68174200865675],[13.942777460957423,37.68185758403467],[13.942007409329076,37.68179769045955],[13.941764476459271,37.68210953113543],[13.941084129033488,37.682140359646645],[13.940846062202967,37.682524927427366],[13.940596219544158,37.682928512386326],[13.939679146130922,37.68308424894275],[13.93953954685297,37.683107954639105],[13.938301654741466,37.68321396067129],[13.93714453446341,37.68343775088933],[13.937096300116673,37.68344719881038],[13.936982671010213,37.68347417536072],[13.935854259453924,37.683832199027016],[13.935201444445461,37.68437736299052],[13.9347638526346,37.68475140908247],[13.934181419037635,37.685034727938024],[13.933979426953018,37.685137700146896],[13.933416289708541,37.685424776022195],[13.93309484419358,37.685674625843724],[13.932969350793421,37.68593652906196],[13.932884905843766,37.68611276353677],[13.93273991358298,37.6860673271464],[13.932644569362877,37.68603700999816],[13.932590861856038,37.68601993202345],[13.932332416773585,37.68593076338567],[13.932026521416853,37.68582522430838],[13.93174358089148,37.68578756914995],[13.931679705206085,37.68575976893813],[13.93119153566937,37.68554730465354],[13.930829828226125,37.68534261644188],[13.930691248659583,37.68526419377795],[13.930528575925447,37.68517213693938],[13.929874601416845,37.68486862359366],[13.929667991728852,37.6842626858723],[13.929195011301227,37.68400786820033],[13.928779700336591,37.68371459647354],[13.928555607035813,37.683137048440344],[13.928506376207345,37.68301016759026],[13.928571339021605,37.68292338954362],[13.928746168337375,37.68268984239859],[13.92879518821235,37.682624359765896],[13.928931676385654,37.68245804931433],[13.929265471971465,37.68205132113715],[13.92941893342158,37.68186432787083],[13.929415430979128,37.68176444073462],[13.92940512987376,37.681470738243],[13.929402569322411,37.68139773906051],[13.929391709650279,37.68108804560812],[13.929386375178774,37.68093594183518],[13.929397267915483,37.680883826875096],[13.929496837672662,37.68040747081061],[13.929544137593618,37.68018117351944],[13.929554381668435,37.68013216091067],[13.929569137928825,37.68006156713567],[13.92964843589991,37.67957848816777],[13.929656211645954,37.67953112422675],[13.929379472130343,37.67955015443096],[13.928388353635404,37.679618303975786],[13.928147260375699,37.67963487986886],[13.927460441496434,37.679674240928904],[13.926205729138431,37.6797461369833],[13.926103574297915,37.67975199213933],[13.924731342181389,37.679829691884436],[13.923773569338437,37.679814230225446],[13.923528186676341,37.67981026748549],[13.922715216822535,37.67983106026186],[13.92149892490978,37.67986215921197],[13.921452886955795,37.679863335891966],[13.919989633130035,37.67985927311366],[13.919776246988837,37.679862900012886],[13.918344322062408,37.67988723278541],[13.918265847180923,37.679888567504506],[13.917045296653257,37.6798204608216],[13.916970984361578,37.67981631406806],[13.916874108606741,37.679810907657526],[13.91665823398091,37.67980410335651],[13.91642246921512,37.67978570299987],[13.916328101116267,37.679780437176326],[13.915174245852908,37.679790720661636],[13.914795548178983,37.67979409402536],[13.914411074159428,37.6797975165488],[13.912680109949592,37.67993203549821],[13.912344586180632,37.67995810785646],[13.911373185535945,37.67996008615108],[13.91064412121048,37.67996156508485],[13.910010999108874,37.679969073242845],[13.90936340219414,37.67997674975883],[13.908579228150288,37.68000497125718],[13.907761164799508,37.680124125314606],[13.907647793561576,37.680140632251366],[13.90734993923583,37.68033766285744],[13.907298669145577,37.68075176124008],[13.907346742508233,37.681195440408345],[13.90735549478496,37.68127621126801],[13.907438300869247,37.68204040627208],[13.90750505231593,37.68265095671271],[13.907526420924022,37.682846404896004],[13.907658326145299,37.68405283183495],[13.907831554003883,37.6853783419587],[13.907879113331699,37.68562473633905],[13.907894988161118,37.6857069722446],[13.908073817949978,37.68663341678801],[13.908495453027014,37.68805211327882],[13.908848449376581,37.68952543890109],[13.90766326688707,37.68987431562083],[13.906831850674461,37.69011066139015],[13.90651532877424,37.69020063746329],[13.905900690901188,37.69037535302851],[13.90554859055432,37.690475438882245],[13.905203726907727,37.690573465971895],[13.904511234852992,37.69082711678773],[13.903573824667545,37.691170468355764],[13.901932773705548,37.69164184401047],[13.900345843646418,37.692021421111725],[13.899890957029404,37.69185021213324],[13.899697734354513,37.691778573915805],[13.899333859910193,37.69178838375418],[13.899015563318898,37.691803888302594],[13.898399383280744,37.69124873169344],[13.898347853551885,37.69120675004694],[13.898287910006102,37.691157912896664],[13.898041853060874,37.69095744235374],[13.897086862736566,37.69030833162743],[13.897106503700034,37.69011300896325],[13.89712664517461,37.689912696485905],[13.896836948094556,37.68955781156936],[13.896149839341932,37.68924421798186],[13.896208866765098,37.68833451583537],[13.895395999458984,37.688057668130114],[13.895143039783356,37.68755041271512],[13.895104661591137,37.687466161023174],[13.89494002128095,37.687104731681636],[13.894858222989384,37.68692515999291],[13.894559862794436,37.686309470438765],[13.894421445721402,37.68620216283771],[13.894357760666795,37.686152791151464],[13.89427201111986,37.68608631378187],[13.894066554785073,37.68592703236433],[13.893941451101638,37.68571986179626],[13.893806382074594,37.685496186941414],[13.893699545917972,37.68531926503575],[13.893546708604005,37.685066162051534],[13.89292013724432,37.684548319395084],[13.89288538969916,37.68451960035456],[13.892756363392007,37.68441840889544],[13.8926860616137,37.68436327351944],[13.892579054633087,37.684279349990106],[13.892342317819594,37.684093681937526],[13.89226932835856,37.68403643741612],[13.89207305065084,37.68393956812238],[13.892001928354071,37.68390446574143],[13.89163595834722,37.68372384575201],[13.891503685740613,37.683658563067254],[13.891182144677956,37.683583576817995],[13.890942125328662,37.6835276015428],[13.890080854472084,37.68325844797582],[13.889358045789542,37.68307913395223],[13.888772103447238,37.682795057948255],[13.888838483390408,37.68220022939019],[13.889280336884841,37.681971601985566],[13.889511859668067,37.68185180582688],[13.889557578726798,37.68182814859231],[13.889527693265313,37.68155698041134],[13.889453745393356,37.68147510806814],[13.889125946195207,37.68111217975963],[13.888970390212918,37.68102373973118],[13.888679482433954,37.68085834470839],[13.888417489350223,37.680709389323134],[13.887979529774706,37.68048894458425],[13.887881095636537,37.68026037390048],[13.887941723300104,37.680123666978375],[13.888114674827662,37.6797336697467],[13.88796249204886,37.679271726394376],[13.887690877737446,37.679233473755865],[13.887271398638218,37.679219400967625],[13.886739457542152,37.67936776763385],[13.886702611078013,37.67937804469957],[13.886686548403386,37.679309242259635],[13.886639650033231,37.67910836719962],[13.886628705837026,37.67906149111694],[13.886581254262808,37.67901078143532],[13.886446140656076,37.678866384040525],[13.886304255932355,37.67871475385959],[13.886079604164253,37.67855074521456],[13.886062223501307,37.67820027101586],[13.886099575151702,37.67817466096033],[13.88623341798223,37.67808289595409],[13.886348841080075,37.67800375909329],[13.886716943937367,37.67764629312577],[13.886754084334008,37.67740044294049],[13.886767255817482,37.67731325717864],[13.886602305868989,37.67710473762616],[13.886544835252268,37.67703208532683],[13.886103853959614,37.6769378472892],[13.886060166885207,37.6768085135024],[13.886027362753692,37.67671139904547],[13.8860508734839,37.67666721363107],[13.886111899293187,37.676552521098806],[13.886144827167525,37.6764906350288],[13.886179255671504,37.676425931978166],[13.886320587283361,37.67628450815152],[13.8865360375802,37.67606891709466],[13.886769371257298,37.675665262110336],[13.886557425976926,37.67539265470516],[13.886165177831018,37.67509151726958],[13.885897603670069,37.675003739008986],[13.885578498019417,37.674913275014724],[13.885396779037322,37.67489215475466],[13.885110798119113,37.67485891726111],[13.884925190802251,37.674837344458886],[13.884804660587788,37.674825809917884],[13.884378371166434,37.67478524748501],[13.884354280747665,37.67462063605377],[13.884341487867509,37.67453322712697],[13.884333771588805,37.67448050573639],[13.88432695578951,37.67443393615424],[13.884344494983711,37.674412195589376],[13.884425632463351,37.67431161742911],[13.884487694935581,37.674234685102434],[13.88456181222574,37.67414281174318],[13.884660843263486,37.67402005218771],[13.884789199557654,37.673860942648126],[13.88496031060117,37.67349417297996],[13.88507279435175,37.67329856901971],[13.885116240246951,37.67322375650271],[13.885061231162592,37.673122597318056],[13.885018800663754,37.673042343439604],[13.884983359355463,37.67297939978817],[13.884580867309666,37.672597627955106],[13.884494019266254,37.672353591004544],[13.88458282757663,37.672134163183685],[13.88463025091856,37.67201698612178],[13.884648364196117,37.671973887760025],[13.884784815658453,37.671793316320176],[13.884924411965194,37.67160858079749],[13.884868246719414,37.67157545331898],[13.884475101349047,37.671343574109876],[13.884321005394488,37.67104604237434],[13.884302649441931,37.67097514373048],[13.88428726566133,37.6709157202474],[13.884247712654266,37.67075304102832],[13.884314322680165,37.67061527896589],[13.884328144944666,37.67058668856887],[13.884363245958383,37.67051409041109],[13.884681369239633,37.67034594887858],[13.884841497914204,37.67026131526069],[13.884934688856303,37.67021205979075],[13.885151308103278,37.67009756811896],[13.885174072592957,37.66987524300908],[13.885204782525188,37.66957529471688],[13.885213166663318,37.669423368627],[13.885235166601753,37.66902472969394],[13.885355132396628,37.66896728967809],[13.885546321802861,37.66887574637776],[13.885749988568376,37.66877822940008],[13.88641916924883,37.66867630115998],[13.886683706877125,37.669227987906126],[13.88674871138502,37.66945863842533],[13.886834213601697,37.66976202162028],[13.886861148098047,37.6698051835921],[13.887077980988236,37.67015262809078],[13.88713254507419,37.67016391798086],[13.887440464794222,37.670227625088366],[13.887685581598502,37.66996012860422],[13.887727840656524,37.66991400876194],[13.88789596774525,37.66976219779152],[13.888064145312756,37.66961033767397],[13.888221769723687,37.66946800817907],[13.888588984157536,37.66917359107894],[13.888755520559917,37.66878123866698],[13.888781523125097,37.668719977419414],[13.888836052847362,37.668591504825145],[13.888776877133678,37.66853532434604],[13.888721284105719,37.668482545676675],[13.888614931434239,37.66838157723116],[13.88855662718923,37.66832622310863],[13.888311983655944,37.6680189602298],[13.888290980813421,37.66794478634694],[13.888163126836872,37.66749323924833],[13.88830238662731,37.66722691285926],[13.888404353283162,37.667039576583925],[13.888460087395172,37.666937179640236],[13.888685369699468,37.66667791753385],[13.88873071913119,37.66662466575232],[13.888765462750444,37.66658386646914],[13.88878616608324,37.666550698796634],[13.888895640415013,37.666364761177526],[13.888926868216556,37.66631172236179],[13.889125301097907,37.66591626401339],[13.88926652137776,37.66556596757617],[13.889315816712815,37.665332296316826],[13.889333831909546,37.665190604038344],[13.889351859978895,37.665162137328124],[13.889315804064752,37.66508251160234],[13.889245758597147,37.66492846112392],[13.889167618295271,37.664756610738046],[13.889088589806402,37.664582806172426],[13.889024342988348,37.66447751297149],[13.888926070063526,37.66431645489869],[13.888800549687424,37.66411073892794],[13.888677521829324,37.66390885986378],[13.888658273411728,37.66387727373616],[13.888502171668222,37.66362111902506],[13.888393629889318,37.66349911790476],[13.888341210255913,37.663440196209066],[13.888212443039095,37.66329546076204],[13.888235384848121,37.66299196432679],[13.888254099537653,37.66274442720823],[13.888342474231623,37.66272093750797],[13.888616926477324,37.662647990395165],[13.888675747040695,37.66263235601997],[13.888950815682758,37.662663490134605],[13.88918503998451,37.66268999914515],[13.889635085538995,37.66300417367661],[13.889723761261061,37.6630660762753],[13.88978416237689,37.66315404738169],[13.890078433490718,37.663582638796605],[13.890340300339078,37.66368938978463],[13.890574577924877,37.663784893184335],[13.890865416849262,37.66333593498694],[13.890922290196544,37.66324813820643],[13.890776032980279,37.66301490963156],[13.890695268254525,37.662886119024],[13.890615755467415,37.6628391062282],[13.890036727440986,37.662538711072145],[13.889932233193802,37.66247358758475],[13.889713700063124,37.662337388367916],[13.889621808152675,37.66228011831191],[13.889900954629663,37.66214478871649],[13.889987498656485,37.66210283245195],[13.890412028262146,37.661765511494096],[13.890667545796164,37.66133391044134],[13.890731728828401,37.661321951386014],[13.891086365439492,37.66125587137877],[13.891258519657615,37.66122379215664],[13.891949480408972,37.66125585359312],[13.89207061881914,37.66103432405697],[13.892135907440087,37.66091492574915],[13.892179615310909,37.660782909846155],[13.892248008105192,37.660576327825666],[13.892314261232043,37.660376208513696],[13.892658735183758,37.66023169363908],[13.892986822726122,37.660094354512665],[13.893185115855344,37.65970088615735],[13.893218026567123,37.65963549526684],[13.893234664542858,37.65960243382337],[13.89336113133527,37.65935114676096],[13.893394443247077,37.65917790901075],[13.893459750131656,37.65883826185883],[13.893506523450032,37.65872299894546],[13.89358289036139,37.65853480888146],[13.893624228730173,37.6584329400416],[13.893721018197267,37.65838667663369],[13.893936072453167,37.658283887586215],[13.894103985693286,37.658203629943074],[13.894423002257428,37.6582169793999],[13.894634545360823,37.658225832094],[13.894679384703542,37.65823084954001],[13.894847818701047,37.65829725426535],[13.895142142594404,37.65841328689242],[13.895190216794353,37.65843223995897],[13.895234726764283,37.658449787007356],[13.895429250553683,37.658526473487434],[13.89549587271337,37.65855273861841],[13.895538256005334,37.65856944830383],[13.895702091546863,37.65863167021311],[13.895881504227615,37.65869981116222],[13.895910386250398,37.658710778909835],[13.895944496402722,37.65872373626205],[13.896045651847095,37.658762153764236],[13.896415965491174,37.65865130446127],[13.89670709811678,37.65856407789925],[13.89675716339653,37.65854907768021],[13.89712256195705,37.65843959868488],[13.897241263352926,37.65840403522426],[13.897669861006964,37.658150411025325],[13.897762331097901,37.65809569009544],[13.897961474183056,37.65797784587992],[13.898228767645021,37.65807682086676],[13.898311235858984,37.65810735682873],[13.898692927930238,37.65834585905554],[13.89882028694002,37.65841982476987],[13.898952156874605,37.6584964085075],[13.899107294805377,37.65858650615914],[13.899322294788297,37.65871136775496],[13.899407549173082,37.65873736003114],[13.899971164872246,37.65890919658729],[13.900270849935886,37.6590005639072],[13.900342011946814,37.6590246488478],[13.900564122334401,37.65909982116057],[13.90109414491469,37.65927920160634],[13.901139334635083,37.65923433029907],[13.90126691062934,37.65910764945907],[13.901246386889767,37.65885111808596],[13.901226797542147,37.65860626962934],[13.9012186221087,37.658504075288704],[13.901191386255132,37.658403160211556],[13.901071223142074,37.65795791723061],[13.901050046360721,37.657879448724],[13.901035974913585,37.6578273130502],[13.901014523785685,37.65751003175921],[13.901012302891875,37.6574213229552],[13.90134821961753,37.65745186339027],[13.901547745349594,37.65748782032359],[13.901591088934564,37.65749563134852],[13.90216423215157,37.65759891776393],[13.902342610551985,37.657631062682505],[13.902732079391441,37.65762185762759],[13.903068256984808,37.65761391184591],[13.903715249708197,37.65759861685567],[13.904110773875557,37.65752632505269],[13.904421046482565,37.65746961493291],[13.904465103359437,37.65746156343212],[13.90444146237741,37.65736724775107],[13.904404597211586,37.65722017621781],[13.904329768849546,37.65692165469854],[13.904272992774048,37.65669514760592],[13.904174517887636,37.656477877705974],[13.903974230408727,37.65603597641695],[13.903932504714954,37.65594391449765],[13.903783639378762,37.65559367153497],[13.903721366413983,37.65544715783479],[13.90364762884471,37.65527366642611],[13.903574005732589,37.65515215978622],[13.903307915171263,37.65471300004592],[13.903082083525664,37.65434028159021],[13.903041827979001,37.654273839462235],[13.90300502428573,37.654213095055276],[13.90296790901899,37.65411600492846],[13.902859042836273,37.65383120751785],[13.902689632438781,37.65338801799589],[13.902656036145723,37.653300123849526],[13.902516585058997,37.65294497968165],[13.902405101392734,37.65266104990565],[13.902342642055938,37.65250197835497],[13.902229868381626,37.652214760343085],[13.9021530579029,37.65205962826962],[13.901934638191621,37.651618478957715],[13.901789753678035,37.65132585053296],[13.90174657323171,37.6512613640291],[13.901691006781437,37.65117837929928],[13.90127941510131,37.65056368360812],[13.900901320768861,37.65005713027173],[13.900645796106696,37.64987116639404],[13.900516208247726,37.64977685546549],[13.900478796957586,37.649749628759146],[13.900251538943841,37.64958423583823],[13.900060616319069,37.64944528564272],[13.89992142172789,37.649343980883344],[13.89963442483015,37.6491351060072],[13.899534610739268,37.64901693903993],[13.89931661652253,37.64875885773422],[13.899167219403285,37.64858198682628],[13.898965764404698,37.64834348390108],[13.898977060755286,37.64813965371343],[13.898997150628578,37.64777712723087],[13.899128091683268,37.64768311709072],[13.89924046492937,37.64760244093451],[13.899752756766185,37.64723463671736],[13.89978528198811,37.647207246261445],[13.900317439719592,37.646759105325934],[13.900349923738375,37.64673174885785],[13.900464286256675,37.64663544067074],[13.900433719489685,37.64627801136457],[13.900392878616952,37.64583517923972],[13.90023259027505,37.64547078562474],[13.900195917837445,37.64538741580237],[13.900058918279761,37.64507596175374],[13.900001428928055,37.64494526453613],[13.899870476420691,37.64464755227018],[13.89979749083943,37.64450350718242],[13.899573724340815,37.644061881508755],[13.899319741435573,37.643560612134344],[13.899517548348134,37.643203804777215],[13.899651327032911,37.64315884636551],[13.900071115574622,37.643018744457706],[13.900542747041817,37.64286133768665],[13.900580490965952,37.64285128327911],[13.900625521201638,37.64283928743665],[13.90118198020164,37.64269104925337],[13.901293968149536,37.64266121544652],[13.901415202568558,37.642635148665875],[13.901739920164166,37.64256532962405],[13.902021163184253,37.64250485684031],[13.90228585653931,37.642257443019],[13.902366522614376,37.64218204352224],[13.902355530824789,37.64214573294266],[13.902257065827513,37.64182041059021],[13.902220951514709,37.64170109167685],[13.90209601981859,37.64128831879002],[13.90208374947025,37.64125655854478],[13.90191256459974,37.640813440616675],[13.90182411706154,37.64058448844936],[13.901740090038118,37.64037037518558],[13.901566178385115,37.63992723871156],[13.901550000153982,37.63988601476658],[13.901301562507896,37.63948814228758],[13.901028429392378,37.63905127379701],[13.900936124438218,37.63895793071511],[13.900642250593856,37.63866074565597],[13.900598900309381,37.63861690597809],[13.90047132232581,37.63848788903214],[13.900329394340787,37.638342261686354],[13.900175439045094,37.63818428921952],[13.90009181151612,37.63809847974155],[13.900209228841357,37.63772625656387],[13.900284503596074,37.63766043567112],[13.900661494464858,37.637354887235986],[13.90072659333452,37.637302124762115],[13.900824868289556,37.637268332186274],[13.90086319184972,37.63725515409539],[13.901262932211672,37.63711770090534],[13.901378750113372,37.63708158252644],[13.901854458713734,37.63693322742718],[13.901810196136513,37.63676546736193],[13.901746941547234,37.636525724952634],[13.901448918008942,37.63636866271918],[13.901274408401251,37.6362766927698],[13.901172883510007,37.63622318750078],[13.901035524033377,37.636072099118856],[13.900916524058818,37.635941203488294],[13.90099435249695,37.63589894741096],[13.901290290839096,37.63573827030922],[13.901567685131669,37.63558765977915],[13.90183904908488,37.63547390524731],[13.901998989502781,37.63540685883018],[13.902390003452068,37.63524294496996],[13.90249192047714,37.63520022037708],[13.902936386098611,37.634942629470046],[13.90298298609933,37.634915622716385],[13.903211784025244,37.634783020401734],[13.903377541060564,37.63444893688866],[13.903434190842594,37.63433475771246],[13.903232915656787,37.63400471403934],[13.903091436978741,37.63377271925036],[13.903059767226594,37.633561679167855],[13.902992622936278,37.633114226382204],[13.902946405537802,37.63280623172533],[13.90293612036732,37.63266633293052],[13.902903120593358,37.63221745948991],[13.902898721732585,37.63215761427195],[13.903148925168905,37.63175697100792],[13.903255527906051,37.63158627017397],[13.903278986426125,37.63154870636736],[13.903309707856979,37.63149951165758],[13.903351965466678,37.63143184519306],[13.903358726568584,37.63095429768673],[13.903347755552472,37.63090976558867],[13.903332739005812,37.630848816553105],[13.903273246115402,37.63060734231137],[13.9032515289383,37.630519195341364],[13.904291883776066,37.63074656397339],[13.905313134741867,37.63062972057599],[13.906158494858243,37.63014198919164],[13.906208974502485,37.629844975911546],[13.90604196772702,37.62960879615153],[13.906624442871598,37.62929860655741],[13.906733558660601,37.62957996636944],[13.906659924311466,37.62996574764229],[13.90651757915795,37.630415178902986],[13.906329329823073,37.63085525466247],[13.906398296085962,37.631622320919355],[13.906115625756927,37.632304974518284],[13.905819928315893,37.633111972513056],[13.905796504485476,37.63316240263707],[13.90558566661196,37.633616298865796],[13.905569807496018,37.63365044054583],[13.905453542442723,37.63390437613621],[13.905391988108834,37.63409554375308],[13.905229259889303,37.63460091247067],[13.9051965255875,37.63470257019725],[13.904981752155168,37.635438961420256],[13.904956819235421,37.635524451430456],[13.904939970820413,37.63558221843289],[13.904898087742225,37.635725823666284],[13.904811057252177,37.63610721232328],[13.904777829175297,37.63625282425863],[13.90477479888094,37.63634046138398],[13.904764949018775,37.63662531181495],[13.904756147001741,37.63687987249547],[13.904329750164036,37.63817407950855],[13.904184960645992,37.638801466046914],[13.903857613655752,37.63942969104032],[13.903693348744799,37.63982599651783],[13.90358350347029,37.640339356457126],[13.90348385749105,37.64060136805876],[13.90345339473605,37.640681466382674],[13.903270192999894,37.64116318332696],[13.903252917604439,37.6412086067301],[13.903196489122577,37.64197413208738],[13.90301629047199,37.64346070109454],[13.903942613989708,37.643694494097055],[13.905172607881045,37.64405746292542],[13.90599355627585,37.64450725639713],[13.906220751656559,37.64469198365871],[13.906665168133031,37.645053323065035],[13.906712096811091,37.64513781280427],[13.907173580716803,37.64596865243249],[13.907576799923241,37.64628726340148],[13.907517766766794,37.64640443099654],[13.907313651455317,37.646809560300525],[13.907296424075291,37.64684375390401],[13.907373959855281,37.64688929995589],[13.907645458842659,37.64704878164192],[13.907858236691935,37.64717376853193],[13.90864432395762,37.64696539420253],[13.909308099015606,37.646512209351734],[13.90998998804054,37.646355440243234],[13.910592857847536,37.64611384335388],[13.910867815502934,37.64600365434353],[13.910936122696343,37.64600107225933],[13.91154150379846,37.64597818461699],[13.911627413553378,37.64597493682316],[13.911869566620497,37.645965780147414],[13.91201372239994,37.64596032881765],[13.912474167854825,37.645879169373764],[13.912649704750073,37.64584822800727],[13.912919571840881,37.64580857939249],[13.913385943817746,37.64574005964461],[13.913559631967216,37.64571454128213],[13.914058431090755,37.64569035899845],[13.914604340482484,37.645532493061374],[13.915189215031742,37.64582549059658],[13.915932375914887,37.6461568908582],[13.91618081212964,37.646242953425116],[13.916947241429567,37.646508450841246],[13.917527033973393,37.64665673591198],[13.917630490897539,37.64668386535587],[13.917793715355376,37.64672729860324],[13.91864283992317,37.64686758697543],[13.918944422677251,37.647008215645904],[13.919219156209193,37.6467527889285],[13.919413819064486,37.646571805750334],[13.919601266471611,37.64639752914447],[13.919739644409306,37.646184153614726],[13.919889327296353,37.645953342660775],[13.919949410124534,37.6458606955532],[13.920045593461081,37.64578291828769],[13.920070336921826,37.64576290944809],[13.920262608254168,37.645607430683846],[13.920545359305157,37.645378785262885],[13.920629634050096,37.645265980869276],[13.920767153382801,37.645081906300405],[13.920846286996326,37.64497598311395],[13.920893742236695,37.64490995097395],[13.921023661813528,37.64445602869864],[13.921314342165685,37.64397112979031],[13.921668009298013,37.64370809261075],[13.921700868311422,37.64368365400266],[13.921875615111638,37.643553680167706],[13.922629563588234,37.643128185924816],[13.923255831353867,37.64293837898225],[13.923854265165849,37.64286637544242],[13.924210011630079,37.6428218365894],[13.924734369984952,37.6426236475022],[13.925370964706755,37.642457436070515],[13.925781708657237,37.64230065740747],[13.925872366267226,37.642301367148946],[13.926069911973707,37.64230291299343],[13.926234908263831,37.64230420461092],[13.926391502873441,37.64250063735786],[13.926439451032884,37.64256409349037],[13.926463080051121,37.642595800423464],[13.926674280264209,37.64287921383415],[13.926711822167338,37.64292959085215],[13.926746532915582,37.64297616922701],[13.926722626012607,37.64306562746387],[13.926662574132987,37.643290339434785],[13.926407422385019,37.64370174715392],[13.926434254092982,37.64417113431505],[13.926440179974918,37.64424909422652],[13.92644340715969,37.64429156064223],[13.926472623395039,37.644676037545345],[13.926481635965725,37.64472166113754],[13.926578046143543,37.64520966991329],[13.926660414218915,37.64532100775862],[13.926867214298317,37.64560053992039],[13.927147119211213,37.6458724769264],[13.92704904093892,37.64635834424995],[13.926949777828384,37.64694331192391],[13.927215667630572,37.64737792257267],[13.927586149102698,37.647670815031475],[13.927989016158183,37.64802540354888],[13.92808289338951,37.64815738476075],[13.928163909421533,37.64827137051808],[13.928322512993374,37.64849426435998],[13.92838863750087,37.64858722841119],[13.928582638337083,37.6491806469663],[13.928795870731296,37.6494012755081],[13.928822330627385,37.649428323907514],[13.929019749882332,37.649630135734725],[13.929106191164543,37.649681019231785],[13.929398715927897,37.649852806221666],[13.929626694553313,37.649987418907315],[13.929669586788696,37.65000962475417],[13.929964587181091,37.65016234845626],[13.929989208377465,37.650181533050535],[13.93023330026824,37.650371711548715],[13.930278037315102,37.65043437647571],[13.930414518743625,37.650625552014],[13.93043708957884,37.65065716637312],[13.930511075836623,37.65076079831552],[13.930553371360574,37.650873083539985],[13.930611554839603,37.6510275440055],[13.930633268877127,37.65108518785521],[13.930697735187803,37.651256326893],[13.930718727362446,37.65131389381033],[13.930655054391222,37.65168382156169],[13.930640232764985,37.65176993090782],[13.930619806416075,37.65188859829248],[13.930474775904303,37.6519536131936],[13.930099426209331,37.65212187303582],[13.93004922986231,37.65214437582048],[13.929896575111837,37.65225133205627],[13.929840603482086,37.65229054763038],[13.929591279553032,37.652465235276956],[13.929349197779393,37.65274326405558],[13.929501188680987,37.65322090693369],[13.92948141768161,37.653263065110735],[13.929310919254638,37.65362659745749],[13.929299286503452,37.65365140077558],[13.929243788231442,37.653769734343086],[13.929018349074676,37.654355411537985],[13.92898227043685,37.65444914142308],[13.928946390772783,37.65454235418593],[13.928915272739417,37.654623194618544],[13.928884911534405,37.65499517254461],[13.928872679434185,37.655145024563026],[13.92919817015149,37.65533528196237],[13.929231328031996,37.65535466377611],[13.929126570112022,37.65564315319849],[13.928829312100998,37.65580791231698],[13.92872988756796,37.65586301503529],[13.92852021449287,37.65597921972245],[13.928368353445794,37.65629400375154],[13.928495424833468,37.656625038489196],[13.928510386216493,37.65666401285673],[13.928603551512388,37.65680793211204],[13.928657680002615,37.65689154770985],[13.928713861599979,37.656978334367864],[13.92874190833549,37.65702166019287],[13.928821109927538,37.65714400839],[13.928913601918202,37.65724518932696],[13.92904797782294,37.65739219058991],[13.929312634165264,37.65768171131964],[13.929952634628359,37.65810965807054],[13.930424873852703,37.658366758933106],[13.930794931167538,37.65864165789403],[13.93097963803069,37.65887968561581],[13.931195919540142,37.6591583986689],[13.931214522342698,37.65919571620437],[13.931309198716257,37.65938564072415],[13.931592747991164,37.65995444960449],[13.93171006789354,37.660442558381796],[13.931840838131736,37.66081303472238],[13.931789267808817,37.66126318847656],[13.931837817657092,37.6613643364725],[13.931997932463204,37.66169791589858],[13.932186055615665,37.66181349241224],[13.932234478721082,37.66184324190221],[13.932728569953541,37.6621467959138],[13.93285929694445,37.662181172161006],[13.932976921933102,37.66221210296914],[13.933474323384551,37.66234289873007],[13.93399625951237,37.662303014506485],[13.934302725985583,37.66253808814646],[13.934388632216509,37.66260398280015],[13.934749198731417,37.66277796452276],[13.935327777667206,37.662737928311195],[13.93578978819652,37.66296843570447],[13.935934999572815,37.66306979887582],[13.936061570153829,37.663158149237645],[13.936194398261312,37.663250866359995],[13.936365355764886,37.663273566178475],[13.936522215420933,37.663294393477074],[13.936666100610918,37.66331349748736],[13.936838642265867,37.663336406590844],[13.937484322610034,37.66323845667946],[13.937664528902536,37.663211117947945],[13.937712543139188,37.66317966781049],[13.937740053016304,37.66315522217294],[13.938150370252515,37.66279060318794],[13.93854140134997,37.66238923471114],[13.939003249485683,37.662360201323615],[13.93906801175424,37.6623561303217],[13.939188598889729,37.6623485497813],[13.93928680788647,37.66237698889225],[13.939870729380768,37.662546072590715],[13.93997096577742,37.66257509775987],[13.940058186019716,37.66260037308835],[13.940219570514014,37.662653546445966],[13.940443357197722,37.66272437124845],[13.940602154815837,37.66277960404066],[13.940869805899453,37.66286778997834],[13.941794246379791,37.66247100945632],[13.94183363839948,37.662416381939316],[13.941908351456469,37.66231277192539],[13.941932371742258,37.66227946072126],[13.942051038672323,37.66211489643489],[13.942291421075252,37.66178153506421],[13.942604285632216,37.661018887682154],[13.942638879607879,37.660934559849885],[13.942667312828512,37.66086524800907],[13.94343174353413,37.66052247945085],[13.944126875283253,37.660265902310755],[13.944440792714282,37.660391514493455],[13.944540748517705,37.66043387028828],[13.944601362237773,37.66046438725814],[13.944735300630882,37.66054197279198],[13.944773644324641,37.66055559047918],[13.94517413577888,37.660780182854495],[13.94566046357154,37.66110977914393],[13.945802807624382,37.66120624809477],[13.946449904968881,37.66114302978765],[13.946570818424156,37.66105198973674],[13.946634636881157,37.661003940246495],[13.946674618466314,37.66097383821629],[13.946746175843604,37.66091610545497],[13.946970835827816,37.660750812008594],[13.947171935952142,37.660599399204635],[13.947664991983734,37.66029852708795],[13.947763391894329,37.6602384799972],[13.947869267551589,37.66017387177168],[13.948608871386854,37.660000932930046],[13.948828157698244,37.65994772144237],[13.948983721127622,37.65990997306758],[13.94934158299042,37.65982313313315],[13.949439312353858,37.659799417799626],[13.949777947124828,37.65960914863934],[13.949833518208141,37.65957792423148],[13.950065665962725,37.65944748583573],[13.950101937193523,37.65942710464971],[13.950501799259442,37.65922342842795],[13.9513065392943,37.6592210849783],[13.95135565746685,37.65922389962303],[13.951632802751524,37.659239777440284],[13.951756425345263,37.65924686035259],[13.951872925589937,37.659253534192416],[13.95233792355,37.65907132917721],[13.952390309056952,37.65906024195289],[13.952447950752862,37.65895843830072],[13.952483698403146,37.65890695766427],[13.952542287577414,37.65882258260762],[13.952595189033318,37.65874639910997],[13.952825828571251,37.658414251695156],[13.953864045408025,37.657974340844326],[13.954448184343475,37.65770197814849],[13.95486626522351,37.65750704038112],[13.955005136816876,37.657442287296654],[13.95537906064054,37.657296189117666],[13.955931011139647,37.65708052944456],[13.955973818420379,37.65706380363888],[13.956144245412936,37.65700184619153],[13.956479505164532,37.656879965388],[13.95691931384667,37.65672007333904],[13.957059391907066,37.65670689812163],[13.957873244511076,37.65663034791599],[13.95849978352886,37.656636358240355],[13.958643519058654,37.65663773550431],[13.958834344852006,37.6566395656831],[13.958885192122265,37.65664005312613],[13.958961266938084,37.656640782157616],[13.960378804717124,37.65663506619895],[13.960741081749932,37.656569350180064],[13.960793143311086,37.65655990640603],[13.96133143743519,37.65646225919073],[13.961556388783722,37.65647023261441],[13.962108815512593,37.65649055872994],[13.962273797097534,37.65649662846089],[13.962495265416495,37.656622353507146],[13.96267961520634,37.656727007310856],[13.962713047554448,37.656745987778926],[13.962615497846192,37.657193589359736],[13.962719523545045,37.65729655382229],[13.962802519298728,37.65737870355734],[13.96298660560706,37.657560911107524],[13.963241566859024,37.657813269503784],[13.964238969018723,37.658288216789906],[13.964280627302202,37.65830805366941],[13.964322943093679,37.65832820407519],[13.964447180791362,37.65847633681995],[13.9645251822765,37.65856934144082],[13.96456119517049,37.65861228142395],[13.964634924091346,37.65870018941436],[13.964688158380605,37.65876366128338],[13.964792797461818,37.65888842552997],[13.964824407452497,37.658926114997804],[13.964860853440301,37.658970887992744],[13.964981887624278,37.65911957580212],[13.965005929688685,37.65914911102824],[13.965033853573933,37.6591834152829],[13.965066649646598,37.659223766877346],[13.96514251690467,37.65931818480437],[13.965174708827202,37.65935645833527],[13.965348804918168,37.65957034090575],[13.966054306448616,37.66019115412194],[13.966283243510286,37.66023116007653],[13.96633576551647,37.660240338796164],[13.966385744392865,37.66024907284],[13.966684192111344,37.660301227055896],[13.96707175962799,37.660368951668545],[13.967185319176052,37.66038879485857],[13.967489514569909,37.660555665936265],[13.967519011421313,37.660571846712266],[13.967905500566488,37.66078385920693],[13.968334831677378,37.661131697864384],[13.968409932504102,37.6611925453501],[13.968512787468793,37.66137972963002],[13.968541298558277,37.661431616157344],[13.968612393398637,37.661560999781365],[13.9687194224265,37.661755778722245],[13.969137418665461,37.66186644277152],[13.969885883738385,37.66183707984244],[13.970327685086712,37.66185893194144],[13.970450085383716,37.66192398965938],[13.970743619047786,37.6620800057558],[13.970820905836527,37.66212108289169],[13.970694315149897,37.66243999483643],[13.970521468646098,37.662618399588055],[13.970689365238087,37.66280040722814],[13.970912155615915,37.66307239631037],[13.971453808212324,37.66327462703332],[13.971475703027643,37.66337134890376],[13.971510834486248,37.66352654324445],[13.971560291764057,37.66374573887801],[13.971544812572983,37.664303419082046],[13.971714918987827,37.66488218245668],[13.971831576358616,37.665451304301776],[13.971959102962494,37.666055983979945],[13.972009636769853,37.666515350822195],[13.97203917773596,37.666840519518736],[13.972156033402687,37.66719591475056],[13.972202705127097,37.6673378594865],[13.972338227823231,37.66826026658794],[13.973001250287023,37.67277252837286],[13.973019055494754,37.6728936941238],[13.973181623915846,37.67399994943472],[13.973566273128291,37.67661723599797],[13.97361416133914,37.67694306985423],[13.973664384202513,37.677284785742444],[13.973771087537942,37.67801076692913],[13.973922147367821,37.679038509846166],[13.97393129605785,37.679100749422304],[13.973984500885011,37.679455979407535],[13.974212107416278,37.68102982299296],[13.974283298036447,37.68144958761307],[13.974335384916682,37.68179710336908],[13.974350356257624,37.681896986942924],[13.974383671895964,37.68211926024825],[13.974582476789864,37.683445603279225],[13.97459587044994,37.683534956701685],[13.974651457573545,37.68390580321568],[13.974686366976156,37.68414196005273],[13.974742458285965,37.68452140092778],[13.97484613621384,37.685222749656596],[13.974853416852154,37.685272001285604],[13.974903595110922,37.685611429074775],[13.975006782764716,37.68630942058956],[13.975072671244153,37.68675511090672],[13.97508206109147,37.68681862780033],[13.975094592732699,37.68690339182859],[13.975673914080906,37.69082169154073],[13.975799884095197,37.69167362338833],[13.975840318427819,37.691947074123696],[13.97593854428391,37.69261135129347],[13.97602059961709,37.693166258920954],[13.976494379874358,37.693124467896716],[13.977163661128518,37.693065427763166],[13.977242427120677,37.69305847946519],[13.977405984550208,37.69305037083217],[13.977477794889484,37.69303471285461],[13.97839446628969,37.69294199072034],[13.979236735022806,37.69291949370137],[13.979404019272527,37.692915025429],[13.980516202937665,37.69283417078831],[13.981609711647316,37.69275536890721],[13.981812825388118,37.6927407298145],[13.984913321790302,37.692517236888676],[13.985247286644386,37.692493159045746],[13.987083809431759,37.69236073184167],[13.987179549084747,37.692353827144046],[13.98729032568041,37.692345838173004],[13.98795373278894,37.69229799308585],[13.988821428009281,37.692235410830115],[13.988871105861909,37.69223182707108],[13.988904120611274,37.69222944439113],[13.98911087264024,37.692214531220806],[13.990589942463968,37.69210783301323],[13.991233539623869,37.69206139791682],[13.99129712287976,37.69205681066386],[13.991632785534868,37.692032592210516],[13.992270497597254,37.69198657677296],[13.992429956472169,37.691975070613054],[13.993016139259217,37.6919327699024],[13.993075645556154,37.69192982431543],[13.995827378222007,37.69179362903219],[13.996003694964095,37.69178490034701],[13.996103822149708,37.69177994333852],[13.996265515270252,37.691771938048134],[13.997343712138392,37.691718550736674],[13.997817493751516,37.69169508924766],[13.998025309161418,37.69168810686565],[13.998219714354875,37.69168157419199],[13.999337453874146,37.69164401317502],[14.001153174437913,37.69149167362665],[14.001201074296914,37.69148765418834],[14.001676217906867,37.69144778473984],[14.001940820884446,37.69145227397534],[14.00281137767409,37.691467041931396],[14.002999683302326,37.692548588428615],[14.003151478179605,37.69310940692154],[14.003289413359843,37.69382166714172],[14.003335145801856,37.69414744838907],[14.003383341787899,37.69449076494615],[14.00341387210197,37.694892959846214],[14.003437970623072,37.695210392778925],[14.003440064699383,37.69523797683285],[14.003883357651537,37.69518562418631],[14.004452592075838,37.6951183953295],[14.004780750907749,37.69507963732143],[14.004991807947702,37.69507323103762],[14.005518647167248,37.695057236597286],[14.006168881824241,37.69521346602646],[14.006219129772361,37.69522553940133],[14.006894566382703,37.69532211227742],[14.007167164552616,37.69559754645591],[14.007425460368928,37.69585852945765],[14.007551849575519,37.695951534306914],[14.007845559185593,37.69616766470267],[14.007885263486585,37.69619688086672],[14.007874542711711,37.69632507996891],[14.007861886333089,37.69647643589412],[14.007859002948155,37.696510913194345],[14.007634673905175,37.697175538958355],[14.007538838447362,37.69757691867821],[14.007529661237443,37.69761587180473],[14.007442788752181,37.697985115878716],[14.007410209533026,37.698126430652025],[14.00738250846468,37.69824658031747],[14.007096370906632,37.6983623108715],[14.00658515201229,37.69850112086599],[14.006128307606815,37.698669149538844],[14.00562533405645,37.69895168798055],[14.005055177581529,37.69924610055803],[14.004368268991426,37.69968954189451],[14.003735629984254,37.70007508034993],[14.003419171303841,37.700267931271014],[14.003322994402954,37.70031537469996],[14.002824820317102,37.70056111336557],[14.001993679674577,37.700850847137644],[14.001812050685626,37.701057064015046],[14.001567292414418,37.70133495720245],[14.00122358039228,37.7014590779912],[14.001178671900185,37.70147529871489],[14.000942809484428,37.70162843451686],[14.00089296332304,37.701660797048],[14.000651362710991,37.701911932791155],[14.000638172349593,37.702223428510706],[14.000812531723343,37.70258042325504],[14.001294357303676,37.70309796348643],[14.001729828849603,37.703579207522665],[14.001777576941032,37.703627595840395],[14.002132749957504,37.703987533077836],[14.00254297351939,37.70438724870517],[14.002568810721419,37.70443885402219],[14.002616974227381,37.70452117637779],[14.00264837751695,37.70457236212377],[14.002823989103137,37.70485858922101],[14.002944756497156,37.70500421710592],[14.003148581967249,37.70524999395259],[14.003451646811266,37.70546896483105],[14.003631268854082,37.70551942652818],[14.003778712843857,37.705560847597475],[14.003911951781415,37.70581405911414],[14.004161387475733,37.706162478939525],[14.004179390776654,37.706187625615435],[14.004536380547329,37.706586647777776],[14.005052922624225,37.706987896018674],[14.005683883654829,37.707352736700194],[14.006063740684823,37.70774402970235],[14.006293620876825,37.7080542975487],[14.00645340146001,37.708269951230314],[14.006687441924944,37.70858318462321],[14.006732157890285,37.708643030352896],[14.006877339605024,37.70890474683364],[14.006822257719923,37.70908517135298],[14.00681345811622,37.70911399436073],[14.006710225484094,37.709452138394056],[14.006845828065458,37.709557934792066],[14.006934565770104,37.70962716656748],[14.007167752723792,37.70990761590618],[14.007314898672401,37.71008458461019],[14.007340866753559,37.710115816429855],[14.007079244636445,37.71075334473008],[14.007013253550834,37.71100344172795],[14.006995740679624,37.71106981320402],[14.007002525449163,37.711127292746056],[14.00705540794735,37.71157526992525],[14.007066866788739,37.7116723446864],[14.007164556377731,37.71202250107999],[14.007215373585343,37.712205236997285],[14.007251001062466,37.712333078984514],[14.007283045144,37.71246603599112],[14.007329064394296,37.712656977654525],[14.007390454932516,37.71291169122024],[14.007397164044669,37.71293952975483],[14.00745561675213,37.713182057212684],[14.007632435911855,37.71353470483232],[14.007743907411314,37.71362829783951],[14.008607213381456,37.71435313260524],[14.00966498800997,37.71510933367465],[14.009712491752998,37.715144769305596],[14.010461680711174,37.71570361384778],[14.010928169854754,37.71614930829603],[14.011088741294252,37.7163027197047],[14.011491887964837,37.71663590111594],[14.011552291033716,37.716685822155604],[14.011684508312282,37.716795090114175],[14.011725015792038,37.7168321890312],[14.012558249596616,37.71759527214421],[14.012931244520276,37.71796623004598],[14.013061790510788,37.71809606388333],[14.013120374234727,37.7181798946707],[14.0135307894921,37.71876717785901],[14.013947079958216,37.71900380675578],[14.014725215675773,37.71929028652623],[14.01543715730258,37.719593084795264],[14.015822407114939,37.71956777264919],[14.0159252560061,37.71956101657842],[14.016066527266666,37.719501266376845],[14.016552751761804,37.719295618002484],[14.016779590098542,37.719241116793306],[14.016868542176859,37.71921974488804],[14.017054003326635,37.719175184600125],[14.017210068984845,37.719253922157066],[14.017330454708043,37.71931465805875],[14.01752463062784,37.71941262199783],[14.01785334123691,37.7198621926719],[14.017940865811475,37.71998219912242],[14.017994212486668,37.72005578468338],[14.018097137489887,37.72009875676874],[14.018491800365622,37.720268660878695],[14.018573960536393,37.72026347783975],[14.019263588576168,37.720219971653314],[14.019644405555221,37.720019863184966],[14.019869745723025,37.71990145126116],[14.020182872390285,37.71981442447181],[14.020472671353264,37.71973388021431],[14.020913401631189,37.71975557732157],[14.021341233241388,37.71981786427238],[14.021486333183837,37.719838988171425],[14.021570985557815,37.71985131230406],[14.02185436572015,37.72006501345799],[14.021892318102555,37.72009363548879],[14.022212295522474,37.72033493145029],[14.022501709899872,37.72038504707213],[14.022570109997533,37.720396891315474],[14.02261557167433,37.72040476365084],[14.023682655554392,37.720589534630214],[14.024242036971126,37.72065410749013],[14.024963713873326,37.720737410013676],[14.026007101729016,37.72080761449989],[14.027049384965,37.720934139012684],[14.02767088832291,37.72081524935384],[14.027727933935655,37.72080433701281],[14.027776782186434,37.72079499255405],[14.027871660947437,37.720841801738615],[14.02807230819673,37.720940790091994],[14.028215821200806,37.72101158944242],[14.028318457392995,37.721062223945445],[14.028224088939364,37.721331886811],[14.028277822380394,37.72160198452928],[14.028262382921007,37.721917807342535],[14.028367914080281,37.72244004838632],[14.028419394428687,37.72281344368867],[14.028451530029654,37.72304652680258],[14.02787600686882,37.723681191702305],[14.027610978312334,37.72399418574908],[14.027527317205278,37.7243174223149],[14.027418975857035,37.724767778932396],[14.027313722968335,37.724994141700634],[14.027238986687058,37.72512138664326],[14.027093414391175,37.725369235371936],[14.027009044316431,37.72555641767751],[14.026883390706224,37.72583518905481],[14.027038217754365,37.726143729054925],[14.02758181729705,37.72615650411578],[14.027873914211272,37.7263578757661],[14.027814824917195,37.72664629743508],[14.028412727790949,37.72674904244526],[14.029375776667626,37.72699149898663],[14.029734992063975,37.7271384824863],[14.029764123371267,37.727150402838205],[14.029830184447176,37.727177433412805],[14.029966197892456,37.72723308747596],[14.030008344646859,37.727250332770936],[14.030147230209373,37.72744214416765],[14.030121494065883,37.727640172172116],[14.030103212089267,37.727782028704986],[14.029878254561842,37.72787170433385],[14.029703748562094,37.72794094759241],[14.029191737255488,37.728164852946854],[14.029166217411856,37.728186690080115],[14.029119807107394,37.728192530854905],[14.028527478122017,37.72838970063963],[14.028159410650659,37.72856387346019],[14.028129985697047,37.72857779757508],[14.028006333793567,37.72869037640607],[14.02780829724645,37.72887067966433],[14.027795976676781,37.72891395927816],[14.027680759452199,37.72931870222597],[14.02801480317908,37.729590464629545],[14.028058825981638,37.729624298731075],[14.02814892322204,37.72969354769244],[14.02847287322746,37.72968857440869],[14.028521668192417,37.72968782571309],[14.028601616273669,37.72968659830666],[14.028800712372806,37.7296835419484],[14.02896807084409,37.72968097193865],[14.029216358211206,37.72967716072606],[14.02979834642368,37.72961765186539],[14.030124826779343,37.729584266239506],[14.031055507162751,37.72960972922456],[14.031520068003447,37.729668629715476],[14.032104930933638,37.72993399401442],[14.032294610204328,37.73019005797995],[14.032441121833962,37.73038784580012],[14.032865749403523,37.730860408953205],[14.033494008031713,37.73144131684417],[14.034025604445723,37.73187244763976],[14.034234874524643,37.73204216668263],[14.035023686398107,37.732472129454],[14.035431791593313,37.73273786323438],[14.036103879746955,37.73317548067153],[14.036665835448952,37.733540849193055],[14.037185113654205,37.73385177841849],[14.038182004294905,37.73399589223939],[14.038942801235333,37.733929522172325],[14.038990953053982,37.73399551113039],[14.039008356022931,37.73401936114672],[14.039232692887223,37.73432680384815],[14.039159376434917,37.734759920391234],[14.039197355652277,37.735318810870446],[14.039190734267544,37.73580533186207],[14.039218578799211,37.736319642139435],[14.039278207135492,37.73642183787678],[14.039540217477827,37.736870891854394],[14.040113705329539,37.73730103002289],[14.040858383454424,37.7376225273886],[14.041041491708832,37.73773568192523],[14.041522645425868,37.738033017359314],[14.041551025475393,37.738104870253004],[14.041626156427188,37.73829508356572],[14.041687017866067,37.7384491730028],[14.04161825241551,37.73944936209177],[14.041968560649439,37.74044284708693],[14.042134180954502,37.74095154264067],[14.042492615323624,37.7420524268927],[14.042512476447257,37.74310509754648],[14.042575770802591,37.74407404249115],[14.042588009180466,37.74428195218727],[14.042597968440036,37.74441382829463],[14.042603072949431,37.74444167641123],[14.042725294704873,37.74510846489789],[14.042765015264672,37.74516677618998],[14.042907068838467,37.745375316142756],[14.042968005713544,37.74546477332674],[14.043062991154551,37.745604216268205],[14.043126075049834,37.74569682378143],[14.043407254998193,37.74603966883816],[14.043529381732304,37.74618857951133],[14.043613424958945,37.74629105243747],[14.043728878636907,37.74643182364617],[14.044288515145317,37.74709440940332],[14.044597466844555,37.747801498392406],[14.044518818902374,37.74865580056032],[14.044418290738482,37.74937596052515],[14.044277656581468,37.74998185524231],[14.044261545084241,37.75005126893746],[14.044235811478305,37.75051759170274],[14.04423265640795,37.750574758905685],[14.044207123633512,37.75070381567832],[14.044159887965769,37.75094257268048],[14.043946877571543,37.75156176303439],[14.043598586015639,37.75224528833584],[14.044031827414441,37.752761085544286],[14.044076639336462,37.752814435996136],[14.044246476503986,37.75301663281093],[14.044142875251286,37.75402506680851],[14.044062579507091,37.75432455864933],[14.04401923955965,37.75448621040654],[14.043997155525032,37.75456857670877],[14.043953943076309,37.75472975564389],[14.04393032472041,37.755021666726265],[14.043912386286419,37.75525434919686],[14.043871064709828,37.755790348557476],[14.0438957165921,37.75581404868208],[14.043937560812752,37.755854278144355],[14.044346668208274,37.75624759155263],[14.044453086345063,37.75634989932422],[14.04449648087476,37.75639161801764],[14.044521082185991,37.75641526884272],[14.04467957115928,37.756545426777706],[14.045445867834003,37.75717473041335],[14.045470638285419,37.757199773961055],[14.045488322720441,37.757227017996065],[14.046088150739216,37.75815115838323],[14.04604977991553,37.7582607757306],[14.046029884538909,37.75831761702661],[14.045956692642767,37.75853647148961],[14.045888569467055,37.758721325273775],[14.04578857295662,37.75900699734585],[14.045745751290173,37.75912932821988],[14.045589619547542,37.7598136111471],[14.045733841264768,37.75999916222537],[14.045855794754823,37.76015606582121],[14.046233229007012,37.76064165406437],[14.046260134175911,37.760676268479294],[14.046271636710777,37.760774057814814],[14.046310888485452,37.76110776576604],[14.046392193149853,37.761798963754224],[14.046405786713104,37.76191452190033],[14.046423480613678,37.76206493148158],[14.046433045112696,37.762117792333726],[14.04644008866597,37.762156722510795],[14.046666795225974,37.76340966295055],[14.046703804612335,37.76352085070813],[14.046780463534441,37.763751156531995],[14.046882304644793,37.7640571155175],[14.046994795958428,37.76439506747082],[14.047031518260344,37.76459139135472],[14.04713305881348,37.76513424042849],[14.047180112895527,37.76527614229665],[14.047314600445933,37.76568171129105],[14.047406110608883,37.765957673610345],[14.047505247753623,37.766123745320684],[14.047520374992278,37.76614908626666],[14.047983924335005,37.76692559713634],[14.048260294977792,37.768039873259596],[14.04827465354581,37.76809776229124],[14.04828571354017,37.76814235380302],[14.048297716721512,37.768190747916734],[14.04842322840794,37.76900251660407],[14.04849070427369,37.76910629719315],[14.048824755576598,37.769620064896486],[14.049747847316734,37.77021297328464],[14.050398369608672,37.77082208587151],[14.051622555529653,37.771287484628594],[14.051951301734674,37.77141168498145],[14.053055591732386,37.77165334423766],[14.053547055635113,37.77185490708869],[14.05458074563547,37.772278839797984],[14.054623653486157,37.77231412440787],[14.054826004164838,37.77248052178101],[14.054904373782307,37.77254496744297],[14.054971698489098,37.7726003289455],[14.05528833468205,37.77286070336332],[14.055541073852647,37.77349695651233],[14.055535362190499,37.773660429578],[14.055534414156748,37.773687618792934],[14.055527843567488,37.77387616299355],[14.055508771337484,37.77442331254817],[14.055507228968544,37.774467584468965],[14.055600805165522,37.77508035553928],[14.05574099141523,37.77573165502841],[14.055666833563727,37.776113651657234],[14.055655500225845,37.77617203241819],[14.055660049358309,37.77668508706668],[14.056220437659722,37.77709373024372],[14.056254876032176,37.77711705231883],[14.056819477819724,37.77749737674838],[14.056968216253926,37.77834639879037],[14.057008265625496,37.778813252682376],[14.057016894082077,37.77891383479612],[14.057346187007203,37.77914904793274],[14.057473087225045,37.77923752512503],[14.057538135144501,37.77928367858658],[14.057648037800737,37.77936165939311],[14.057686443159115,37.77938126703403],[14.058347456650425,37.77971874393326],[14.05841795136219,37.7797915181982],[14.058669117581516,37.78005080202326],[14.058898125711766,37.78028721060667],[14.059042438678107,37.78043618555343],[14.059111616291304,37.780480898785655],[14.059773874112341,37.78090894594488],[14.06007347638812,37.78131086858563],[14.060186839653868,37.78146294572577],[14.060287708962562,37.781655720495806],[14.060328475694352,37.78173363011605],[14.060358142207019,37.78179032599051],[14.060540719106207,37.78213924893421],[14.06144380190995,37.78266267183327],[14.062480488461112,37.783347375133715],[14.063157641403395,37.78389635589258],[14.063271771996565,37.783988881914595],[14.063393399403383,37.78408748606001],[14.063469191749586,37.78414893079706],[14.064312325644934,37.78481269159501],[14.064458958422877,37.78542789558555],[14.064485772064286,37.78554039385644],[14.064502023600971,37.78560857821496],[14.06453910029827,37.78576413273528],[14.064198638265632,37.786132308446405],[14.064142664568507,37.78619283775405],[14.064026155238077,37.78631882920397],[14.063927706357774,37.78642529059837],[14.063188265841235,37.78747464965662],[14.063110493310877,37.78763094602439],[14.062820507776008,37.788213705125386],[14.062799941359089,37.78825503544864],[14.062770057080034,37.788315518916235],[14.06249002113968,37.78887787956711],[14.062022260638471,37.78992904560028],[14.06209678396533,37.79034453592604],[14.062197519874843,37.790683800072806],[14.062292135486592,37.79100244738992],[14.062295713892448,37.79161458707591],[14.062778385193939,37.79181910368077],[14.062844075165723,37.791846937205634],[14.062875829358504,37.79186039219929],[14.062939024565214,37.79188716888073],[14.062976471160095,37.79188428318282],[14.063056863578092,37.79187808932333],[14.063094056901072,37.791873011117694],[14.063408940329644,37.79183001903891],[14.063963302009585,37.79175432689502],[14.064793196060398,37.79170506175516],[14.064839518037278,37.791768046540746],[14.064871603712602,37.79180991544344],[14.064901877707074,37.791855934219704],[14.065239861586857,37.79232511768451],[14.065337516883371,37.79257630953996],[14.065480200093173,37.792943326352294],[14.065589654053415,37.79322485936901],[14.065635795483011,37.793343543877754],[14.065548819956078,37.79386504075964],[14.06519180425494,37.79428563261755],[14.065412637693072,37.79483889301405],[14.0656591558639,37.79521773228351],[14.066025331134208,37.79578044196192],[14.066173330826343,37.796647478417576],[14.066178907700422,37.796899641545565],[14.066179630305781,37.796932302709045],[14.06619575347651,37.797629909598434],[14.065875016524648,37.79773118123165],[14.06414244056034,37.798216232984124],[14.06297686515175,37.79821181596005],[14.062917892678854,37.79821159254663],[14.062806783054686,37.798211170782544],[14.062029795265774,37.79820821970513],[14.061632075584766,37.79824506853069],[14.061570253351672,37.798250795757866],[14.06112136005946,37.79829238370568],[14.061224566838694,37.798436122480915],[14.061666965658507,37.7990522531807],[14.062649351631768,37.79961322513824],[14.06295827278177,37.79968353714796],[14.063045531535181,37.79970339774332],[14.064212761539117,37.79996905390584],[14.064322325446327,37.800044664727814],[14.064984339716093,37.80050151971124],[14.065225927734751,37.8006682378773],[14.065662197794525,37.80087733678079],[14.065992972871848,37.80103587085306],[14.067167122470588,37.80071961887222],[14.067308155118086,37.80123578346959],[14.066165188964687,37.801820832997024],[14.066047208013227,37.80193231230178],[14.06525654387828,37.80267939188009],[14.064299157299136,37.803841701992354],[14.063876297086516,37.80421642247457],[14.063530137695558,37.80452317276176],[14.063008250767492,37.8053335325217],[14.062885355477082,37.80545440517614],[14.062467283680316,37.80586559147244],[14.062119257683635,37.80573913454292],[14.061935569016192,37.80567238983328],[14.061447430394669,37.805639405340706],[14.06086587664584,37.80594780317168],[14.060669694149192,37.806051837700345],[14.060617365151225,37.80607958756008],[14.060338603102432,37.806227411817375],[14.060176196692193,37.806216395514085],[14.059283211444333,37.80615581712793],[14.058094315956758,37.80580180095917],[14.057427699533287,37.80556487293693],[14.057203816620856,37.80559666373446],[14.056940216593995,37.80563409481386],[14.056824589068516,37.80564498079395],[14.056777903782745,37.80575545029384],[14.05667911391844,37.805936052963226],[14.056524600269746,37.80621852211723],[14.056498244896698,37.80626670452878],[14.056377626515788,37.8068886905552],[14.056438864770168,37.80735878931061],[14.056633620341575,37.80814277889258],[14.056742576724607,37.808531566656754],[14.05678031657826,37.808666233618055],[14.056819377391859,37.80880561066095],[14.05669533361251,37.80882608752646],[14.055897004448413,37.808957869177874],[14.055817120714313,37.809180095671316],[14.055448230982618,37.81020627073347],[14.055311773064714,37.812080562498544],[14.05552406019398,37.81316449111514],[14.05542445040633,37.81345975217987],[14.055275384442716,37.81389934562888],[14.055266423040948,37.8139257702635],[14.055194246093473,37.814138615425186],[14.055088572297786,37.8144240368962],[14.055069331449172,37.81447600548978],[14.054699631909774,37.81547453419676],[14.054683486281405,37.815707454367605],[14.054679204460136,37.815769229888545],[14.05467002262221,37.81590170301787],[14.054617044237098,37.8166531467161],[14.054670149853415,37.81766213672294],[14.054681115735221,37.81787049960665],[14.05470892156992,37.81812808471578],[14.054853333576334,37.819465868358684],[14.054910017641697,37.82044039440645],[14.054132148883733,37.82086104845024],[14.052986342649607,37.82157666482471],[14.052021712444532,37.82214725449697],[14.051886445697457,37.82222726432416],[14.05130632911493,37.82261377450283],[14.05086790672867,37.82290587268256],[14.050882615027122,37.823265634657744],[14.050884554942554,37.82331309748081],[14.050899336570831,37.82334689770793],[14.050914298346148,37.823381107994344],[14.051260240699639,37.8241721274204],[14.051284823060614,37.824293541831246],[14.051387662749985,37.82480146166841],[14.051273865215176,37.82514946309851],[14.05106960076792,37.82577410628375],[14.050976242175095,37.82616986265921],[14.050864313326512,37.82664433294392],[14.05074556864817,37.82714769253707],[14.050579345657821,37.828473978086635],[14.05068487709664,37.82922983291149],[14.050690458518808,37.82926980773724],[14.050715562188044,37.82944960630042],[14.050712017792364,37.829623327642665],[14.050711281861028,37.82965938700403],[14.050709556658978,37.82974396167449],[14.050685224012467,37.83093662753254],[14.050430498871691,37.83114723209497],[14.05014525962752,37.83138306287865],[14.04969694700383,37.83182103772531],[14.04995441495899,37.8321206082487],[14.050136888783344,37.83225410312836],[14.0501683358337,37.83227520381487],[14.050482869928388,37.832502508213494],[14.05109808818745,37.83329152915352],[14.05115138472806,37.833495216969794],[14.051166137146739,37.833562149322454],[14.05117632034764,37.833602647483644],[14.05127152683248,37.83398126525688],[14.051292971600434,37.83406653911828],[14.05136092109624,37.834198466956984],[14.05159244075265,37.834647958559344],[14.05197352847626,37.83506377066793],[14.052459469050127,37.83525898019005],[14.05249820945092,37.83528122791624],[14.05306307197897,37.83560560637252],[14.053102843209206,37.835628445258315],[14.05316952080638,37.835668409309804],[14.053319827619132,37.83578021764434],[14.053440002070525,37.83586961066941],[14.053459964444505,37.83589923192552],[14.053808121736271,37.836448070327556],[14.054073243828856,37.837035441754615],[14.054164760059722,37.837708325555056],[14.05420820320755,37.838002118886884],[14.054293041489137,37.83851621651676],[14.054187520020596,37.83858080026991],[14.05385783146879,37.83878256772306],[14.053771553833508,37.838801067743844],[14.053398921188382,37.83888096955162],[14.052728350770836,37.83902475236554],[14.052067841880964,37.839224239576374],[14.051987409307467,37.83926477021421],[14.051899045456576,37.83930929771316]]]}}]}
