{"type":"FeatureCollection","metadata":{"code":"082053","referenceDate":"2026-01-01","sourceDbfExportDate":"2026-02-18","upstreamArchiveUrl":"https://www.istat.it/storage/cartografia/confini_amministrativi/non_generalizzati/2026/Limiti01012026.zip","sourceManifestSha256":"70ac8256c4785dc6ed2814c32b6965ae76f9161b51abaa1660059e1c6cbd8ca6","license":"https://creativecommons.org/licenses/by/4.0/","attribution":"Istat, Confini delle unità amministrative a fini statistici al 1° gennaio 2026, versione non generalizzata.","modifications":["Converted from WGS 84 / UTM zone 32N (EPSG:32632) to RFC 7946 WGS 84 geographic coordinates.","Converted from shapefile to per-municipality GeoJSON without geometry simplification."]},"features":[{"type":"Feature","id":"082053","properties":{"code":"082053","name":"Palermo","alternativeName":null,"regionCode":"19","regionName":"Sicilia","territorialUnitCode":"282","territorialUnitName":"Palermo"},"geometry":{"type":"Polygon","coordinates":[[[13.316466944363961,38.224684482166474],[13.316308187075595,38.22459614977777],[13.316187862739305,38.224564559161884],[13.316077067426507,38.22453711794337],[13.315952379717787,38.22452819063459],[13.315835971218739,38.22455049997882],[13.315716616599989,38.22455939712873],[13.315577049313417,38.22456453812195],[13.315379125422806,38.22453580588827],[13.315228802086631,38.22456386437206],[13.315158560774483,38.22457095201804],[13.315035341549716,38.22455791940399],[13.314974546573609,38.22455701698828],[13.314839425491474,38.22455568337147],[13.314735024005952,38.22452800629222],[13.314590500493782,38.22446128086924],[13.314407014912844,38.22435094745353],[13.314177237330846,38.22420629489891],[13.313964124520513,38.224029505390256],[13.313736437901499,38.22379922635066],[13.313489792904656,38.22357414447735],[13.313367891868818,38.22344352081267],[13.313233633892592,38.22323682337152],[13.313138895592697,38.22311871917995],[13.31305161069273,38.22298233915736],[13.31295749908206,38.22285069201707],[13.312933507488049,38.22269848023971],[13.312856908161864,38.22256168778227],[13.312829692149814,38.22249964294557],[13.31271749203607,38.22236417977378],[13.312682365075075,38.22228892439117],[13.312619206997834,38.222210183104266],[13.312515984850695,38.222141935600696],[13.312364258926577,38.2220979760999],[13.312153265518154,38.22202919431227],[13.311975628823454,38.222041689838825],[13.311775485823066,38.222002186385765],[13.311069101420044,38.22178451794919],[13.310469815044865,38.22161722803454],[13.310240751874364,38.221491871790214],[13.309928669437829,38.22139162062394],[13.309360209412928,38.22144867348038],[13.309237932912255,38.221385882863466],[13.309068729923958,38.22134682278333],[13.308930699952851,38.22129600990288],[13.308840497756753,38.22118485574393],[13.308685602692416,38.2211948310569],[13.308532414023174,38.221131590399075],[13.3083620738399,38.22114134066993],[13.308143645658102,38.221223633288105],[13.3079896038284,38.22119699979272],[13.307756584514518,38.22124245819942],[13.307568783584012,38.22133740282443],[13.307351493682964,38.22137088254632],[13.307117903256852,38.2214407450419],[13.307022317667862,38.221561424229414],[13.30688400675285,38.221522829419285],[13.30680925021525,38.221411899333276],[13.30656104631051,38.221444927889884],[13.30636401731731,38.22127120284188],[13.306118351725349,38.22119442466221],[13.305917952018584,38.22116711263955],[13.30571526220048,38.22106783645335],[13.30553229236209,38.22112493577532],[13.305315000650559,38.22115841177487],[13.30520819461688,38.22109584184487],[13.304838002365774,38.221053867982775],[13.30473259995584,38.22093030222596],[13.304594882665807,38.22086727955104],[13.304470352223502,38.22090208699149],[13.303976464239547,38.2208583473753],[13.303745130047696,38.22083058186818],[13.303603729279002,38.22092619444843],[13.303372966258271,38.220874022846886],[13.303142773654036,38.22079746256389],[13.303084610243372,38.22063794433997],[13.302606476946078,38.22058220261845],[13.302262092373773,38.220577556988445],[13.301941130171477,38.220596986844896],[13.301835187524258,38.22049782256494],[13.301696043732635,38.22049579353014],[13.301542861715268,38.22043256128352],[13.301205299542044,38.220317809774365],[13.301116493372968,38.220145655113036],[13.300902057869814,38.22005711314211],[13.300614285045116,38.219796622449984],[13.30043726791181,38.21942788597998],[13.300245233315788,38.21913534929315],[13.300140721303505,38.21905519958051],[13.300134482684827,38.21914850520676],[13.300132910782509,38.21921597892354],[13.29994682004962,38.21923769450297],[13.299886688601937,38.21916359303162],[13.29979478495274,38.21912563003929],[13.299731508109,38.21918574104499],[13.29948387850512,38.21919436696762],[13.299378510579126,38.21907077681009],[13.299148304580344,38.21899420979922],[13.29909046068132,38.21882248450154],[13.298986500900558,38.21863789836729],[13.298742546662668,38.218487886411864],[13.298327993271583,38.218359830941026],[13.297861587641913,38.21806006775904],[13.297148150001894,38.2179082379447],[13.29626213762488,38.21747092717903],[13.295367323792222,38.21741076875299],[13.295191440036238,38.2172667405711],[13.295023263483705,38.21679268023551],[13.294484618329124,38.2168320130044],[13.29401452896929,38.216495053612306],[13.293615169186042,38.21568752306533],[13.293273875848856,38.214951571528445],[13.293103530118254,38.214571806356425],[13.292814819064395,38.214143143920815],[13.292605791765018,38.214020638355514],[13.292397188611654,38.21389884909762],[13.29210693553831,38.21375556859009],[13.291686676972434,38.21384376599533],[13.291636392942086,38.21347035207738],[13.291437646331254,38.213248999474246],[13.291286252256073,38.21308337445994],[13.290878107573555,38.21265297607562],[13.290231095125439,38.212219111064165],[13.289973437675899,38.21193721859017],[13.289881589468866,38.211836734136035],[13.289171527093387,38.21154341908746],[13.28846040665548,38.21129723118677],[13.287440990994838,38.210743711416484],[13.287179074233368,38.21073524342957],[13.286748920935018,38.21050791457149],[13.286523127827117,38.210366045077535],[13.286257397118218,38.21016129451318],[13.286017953861206,38.2099412846833],[13.285612837347065,38.20967729017802],[13.285011154808428,38.20930609737804],[13.284574246500956,38.20927203086118],[13.284183801457498,38.20925771054418],[13.283976884385659,38.20916446697516],[13.28375441754105,38.20936205621149],[13.28365139303734,38.20935629075621],[13.2834647733763,38.20957281681791],[13.283261399653133,38.209503995427305],[13.283148832277343,38.2095414715288],[13.283092072182082,38.20950065214719],[13.282962180423471,38.20944616593755],[13.28263036383759,38.209840078368316],[13.282515691283349,38.21007533538489],[13.282512150534544,38.21022605296383],[13.28272984502901,38.21025076283042],[13.282866233040975,38.21025276886987],[13.282945002868757,38.21038315820695],[13.282671250468379,38.21042221553069],[13.282370217020485,38.2104608858118],[13.282255542814001,38.210696142662464],[13.282116147824512,38.21082332706303],[13.28200401270454,38.21095091748874],[13.281863078861969,38.21114269936804],[13.281668606561214,38.21129061796021],[13.281340798380866,38.211307355648145],[13.281262519041906,38.21115543943129],[13.281074131790735,38.211044991072086],[13.280801379797836,38.211040992740834],[13.28091655045318,38.21078422924053],[13.28105596933079,38.210657027342734],[13.28133226520418,38.21051030650198],[13.281691896739579,38.2103001865219],[13.28158430919649,38.21023400738009],[13.281257531372017,38.21020767247934],[13.2813146134915,38.21010081722076],[13.281698983907864,38.2099987511308],[13.28186565971631,38.20987197089678],[13.28205861303132,38.20978863017958],[13.282281364557122,38.209598045313314],[13.282428613624951,38.20917264243935],[13.282273154878077,38.20914359234792],[13.282262655386145,38.20902883885592],[13.281892795099715,38.20904425502788],[13.281990539804786,38.20881649734482],[13.282040154886467,38.208390106174896],[13.282017680540612,38.20822309241651],[13.281930728270506,38.20799263951185],[13.281968368443415,38.207513970094794],[13.282174074305734,38.20718362021251],[13.282195337527066,38.20684014524827],[13.282179503824471,38.206391964683604],[13.282121113276032,38.206168602912605],[13.282043457364129,38.206004508937305],[13.28182579509322,38.20572004672713],[13.281541237204864,38.20547628395765],[13.281426927782835,38.205287097848775],[13.281343392987898,38.20533232974957],[13.281027359283692,38.20519612906583],[13.28087656977677,38.20509678513047],[13.280694249333305,38.204974763046316],[13.280541060368146,38.204937463886864],[13.280342166219215,38.204944729023374],[13.28026816709322,38.204918835865726],[13.280056828932604,38.2048169370104],[13.279887959081858,38.204718252116834],[13.279785667231188,38.20462190174452],[13.279739294127682,38.204552105143186],[13.279591186601708,38.20439546933608],[13.279463672413513,38.20428097541849],[13.279199323441036,38.20406164126456],[13.278951881869856,38.20399940447623],[13.278833184553154,38.20393224835083],[13.27873228960973,38.20385967577113],[13.278774826929565,38.203735309787255],[13.278499023757309,38.203540893854466],[13.278331969677918,38.20335093627441],[13.278005142069201,38.20322113397384],[13.277731326937667,38.203081684087756],[13.27749682345535,38.20290019751516],[13.277383120268118,38.20289376591818],[13.277236521980551,38.20286575434948],[13.277114868265542,38.20285113021554],[13.276995164786388,38.20286979721383],[13.276982447237346,38.20275587689548],[13.277042890361331,38.202653584449564],[13.27701624722501,38.202522262659414],[13.276695100617536,38.20225909844781],[13.276470855184783,38.2022558084372],[13.27637999448653,38.20219196425046],[13.276422748219858,38.20205717224661],[13.276583747447406,38.20194494092841],[13.276556032142347,38.20184734211268],[13.276519021911334,38.20171706859969],[13.276377907466816,38.20161170206478],[13.27621421593641,38.20126618074548],[13.276094245506922,38.2011514076006],[13.276053094273792,38.20109333374869],[13.273943234824287,38.200890422749225],[13.273853267585418,38.20078634177905],[13.27388188278506,38.20063040251337],[13.274062339441892,38.200617863185236],[13.274106205197073,38.200694877959876],[13.274130857176024,38.20076816581377],[13.275937673782515,38.20080514147377],[13.275966285002731,38.20071179549831],[13.275744242948013,38.20061477597335],[13.275818578460385,38.20045567485581],[13.275177168164364,38.20044613238165],[13.274970595879804,38.20041536198201],[13.274999791315622,38.20029514605477],[13.275879681143087,38.20031931017218],[13.275907316458767,38.20025379976401],[13.275858630079806,38.20017105322423],[13.275947777180914,38.20014635383448],[13.276136607733415,38.200203844165216],[13.276304234915838,38.20012262274217],[13.276311943465624,38.200022254992916],[13.276233012321685,38.19998938961066],[13.27618031131935,38.20001766073453],[13.276068043162025,38.19989033218037],[13.275404115713918,38.200144741974576],[13.275395208098118,38.20007000186145],[13.275675164273933,38.199977574232044],[13.275668128929933,38.19992610568587],[13.275636940405544,38.19987181032831],[13.275583850245404,38.19988796792013],[13.275508395020157,38.1998371033082],[13.27557520552533,38.19976434000077],[13.275559845759187,38.1997375994107],[13.275126553339645,38.19990733256074],[13.275041012962555,38.19983896273723],[13.27574169311545,38.19960424013526],[13.275880006910128,38.19955664702086],[13.275874782134975,38.19946747450673],[13.275809986883107,38.19939239041931],[13.27569361226881,38.19940558455412],[13.275573173178184,38.19947675140817],[13.275456922731209,38.19937085474565],[13.275511899773369,38.199277912366306],[13.275404418649792,38.19920238859416],[13.275148475676037,38.199022549949404],[13.274944197860819,38.19873306586081],[13.274762973822753,38.198584550314024],[13.274540962682682,38.19848752717364],[13.274333120600586,38.198349038015664],[13.27400632234026,38.19821922272608],[13.273690007914952,38.19820415996012],[13.273606950178353,38.19836962044588],[13.273462090433798,38.19835706527408],[13.273392202167157,38.198522728087966],[13.273168733115236,38.198488176145716],[13.27268798784206,38.19873112721262],[13.272479661079506,38.19861347847744],[13.272278359579646,38.19875635499668],[13.271907804269436,38.19880299164697],[13.271379857648315,38.199368186523145],[13.27094570463279,38.19987224527219],[13.27081257458476,38.19992237992964],[13.270889003711881,38.20003808900655],[13.270757104452217,38.20003616432807],[13.270652568143074,38.19999293748113],[13.27014123528546,38.20041253945669],[13.270083789725854,38.20060962079747],[13.26995323415474,38.20055039085372],[13.269727276806714,38.20061999159497],[13.269564061119667,38.2008259430698],[13.269557906451919,38.201086286337976],[13.269643093845483,38.20138965541753],[13.269745656222508,38.20151618031103],[13.269935303078311,38.20149348167846],[13.270016736767847,38.20165158079326],[13.269874681979319,38.201655096878795],[13.269833824527721,38.20158164013932],[13.269798869741715,38.20155871461142],[13.269756150197434,38.20156368283765],[13.269731951173094,38.201686619352245],[13.269750051991664,38.201821386876574],[13.269898543789903,38.20184598669548],[13.269940588667136,38.20186902402361],[13.270032859379432,38.201870384137976],[13.270052605455122,38.20192699300178],[13.270032026597463,38.20223921425858],[13.270001687974002,38.20240544443213],[13.269891088630173,38.202670478670825],[13.269835445817556,38.20275940245853],[13.269795480542731,38.202815392227045],[13.269726709930751,38.20291174023385],[13.269618683002557,38.20299866274731],[13.269510897236975,38.2030757636102],[13.26939055566948,38.20315760088745],[13.269258185079266,38.20321958604784],[13.269156999551445,38.20328203996882],[13.269017476691007,38.203383260903436],[13.268878309489718,38.20346973110296],[13.268683169307243,38.20355047450289],[13.26853916356758,38.20357785484444],[13.26833274507998,38.203609242104676],[13.26813453253365,38.20355712285664],[13.267943955818541,38.20344612232792],[13.267745611094812,38.20339893206675],[13.267647222902577,38.20334337912932],[13.267456623614297,38.20323236058196],[13.267377963716314,38.2031328353113],[13.267210076694118,38.2031155963157],[13.267062296830533,38.20303965073588],[13.266974149956438,38.20307768557411],[13.266897039979142,38.20317491658025],[13.266851444250008,38.20325784763262],[13.266770800783386,38.203241895084396],[13.266797704781828,38.203158685422274],[13.266813193717285,38.203031050726864],[13.26679672796702,38.20293735661778],[13.266712998529144,38.202900517307384],[13.2667473849267,38.2028077727564],[13.266759176454427,38.20277755293526],[13.266804073367298,38.20262762775872],[13.266818857418643,38.20252947687313],[13.266895831002236,38.20246659876697],[13.266925072504325,38.20225562077376],[13.266896138604027,38.20216175378514],[13.266872720842969,38.20209747463511],[13.26684296985978,38.20203800146736],[13.26682685967671,38.20192957478736],[13.266834140991806,38.20188540931241],[13.266810723501202,38.20182113193688],[13.266736902071923,38.201780693059284],[13.266720193868808,38.20169683944225],[13.266716286353216,38.20159842610669],[13.266661487051183,38.20154351797578],[13.266604614754096,38.20157709307212],[13.266562041798139,38.201532197411204],[13.266548244952894,38.201325427161336],[13.26657386800091,38.20129630967784],[13.266619704902455,38.201203538267926],[13.26664590116803,38.201149829673454],[13.266597214252233,38.20109991833182],[13.266522223156507,38.201108643423744],[13.26643650567025,38.20104344124339],[13.266402518204742,38.20090032400552],[13.266368994253334,38.20073752739025],[13.26633314061846,38.20071060302147],[13.26629550347575,38.200682338527486],[13.266192042767559,38.200577515915775],[13.266194139107952,38.20048902999954],[13.266065277247163,38.2004035227182],[13.265956166575698,38.20027402278937],[13.26594052173238,38.20014593451646],[13.265872900661984,38.20010558366589],[13.265614032060075,38.199983711608695],[13.26529262150222,38.19987077391527],[13.26493773239574,38.199855690059046],[13.264501848273923,38.19983940223985],[13.26444118348508,38.19976965355549],[13.264318217188007,38.19969898170885],[13.264159601663485,38.19969295093103],[13.26410651177626,38.199690933246146],[13.263881873297082,38.199702370782816],[13.26362596111295,38.19971824844694],[13.26323898213992,38.19974203069914],[13.263009402384524,38.19969928732778],[13.262859863238814,38.19969707309272],[13.262839888649083,38.1997508851235],[13.262503802413708,38.19973116223929],[13.262311032522447,38.19971354928743],[13.262078996721552,38.19977404257162],[13.261729512257968,38.199793466872784],[13.261437628153404,38.19976934858788],[13.261299105635953,38.19976407477615],[13.26123388180455,38.19976310765215],[13.261091127061945,38.19976420390569],[13.26094037110705,38.19975876472485],[13.260679331547218,38.19976132042494],[13.260499501717355,38.199777965643776],[13.260363062643833,38.199856396194775],[13.260099501675542,38.199965122283245],[13.260044128687797,38.20006404727915],[13.260010915417551,38.200089308820054],[13.25992431914257,38.200129865095434],[13.259824722101143,38.20020239842083],[13.2598107279102,38.20027619012464],[13.259769187140575,38.20030776717414],[13.25968728670036,38.20032264201159],[13.259625529645254,38.200347463868674],[13.25957545222795,38.20039499127811],[13.259545778725991,38.20044283082574],[13.259503541925774,38.20050333558877],[13.259436137954959,38.20059404937363],[13.25933973407824,38.200703632401854],[13.259260378379503,38.20078292316202],[13.259266715098677,38.200888010921126],[13.259183171225375,38.2009053454374],[13.259102401955177,38.20097023982181],[13.259034519852756,38.20104896303349],[13.258957914975232,38.20118519667765],[13.258918224017828,38.20122953356057],[13.258805099245691,38.201257475540956],[13.258671673028136,38.2012480261939],[13.258578493109601,38.20120375154825],[13.258502853676461,38.20099594418498],[13.258496872714165,38.200880113746834],[13.258503656111802,38.2005946969848],[13.258509091183637,38.200388897141146],[13.258510017907236,38.200345397110596],[13.258513261230542,38.200259937127186],[13.25851379928156,38.20016797893828],[13.25858811744056,38.199950684576315],[13.258642570884518,38.19979147304382],[13.258659808508414,38.199741088199545],[13.25869784447061,38.19962990975712],[13.258704887332327,38.19960050722503],[13.25871111729266,38.19956658224499],[13.258804964184828,38.1996054438857],[13.258893157630105,38.199642791523566],[13.258992076615566,38.199684680472046],[13.259093324118387,38.19972494726391],[13.2593603383597,38.19969491107252],[13.259931177016057,38.19963069862915],[13.260437734847061,38.1994331245036],[13.26048396966475,38.19941852533507],[13.261031937417625,38.199202392647145],[13.261362039190344,38.199132691088025],[13.262174340503478,38.198958718721336],[13.262335962738204,38.19892515483129],[13.262378728873369,38.19891804946194],[13.262424102446861,38.19890989993508],[13.262575717510316,38.19887704374856],[13.262748683217886,38.19889692492695],[13.262790183472704,38.198899451277306],[13.263566876955824,38.19898060193991],[13.264175233055882,38.19903479025511],[13.264284652503642,38.19904453590465],[13.264460826886989,38.199087067578105],[13.26496549726449,38.19920890013606],[13.265038991517002,38.19921581843296],[13.2654263142601,38.19925224637924],[13.265610426219485,38.19926370433258],[13.266150861442279,38.19932019506012],[13.266186412620357,38.199324016662366],[13.266248043675212,38.19933042125631],[13.26637442659123,38.199344271388185],[13.266453962469681,38.199353166469464],[13.266705889545705,38.19938264217796],[13.266754290157582,38.199387521510765],[13.267238858708215,38.19944059934009],[13.267433799707003,38.19946176647604],[13.268442162359708,38.19948762142782],[13.268639458237512,38.199398481555185],[13.268675694530126,38.19938211058909],[13.268767400517483,38.199340680009],[13.269033988711952,38.1992215594767],[13.269065837091501,38.19920732700349],[13.269148314239587,38.19917046906547],[13.269179628305864,38.19915646858426],[13.26928074440127,38.199111279475964],[13.269480631372206,38.19902198438484],[13.269574836373458,38.198935827766746],[13.269634421865884,38.19888208466915],[13.27002978036579,38.198520123978206],[13.270883472609064,38.19767399705452],[13.271248400117543,38.1971823204897],[13.271586210665857,38.19672717249517],[13.27169656215907,38.19661709305998],[13.271729946491622,38.196584360047765],[13.271823768681902,38.19649283149269],[13.27200993549801,38.19630874002564],[13.27203213490138,38.196288192676015],[13.272055422689325,38.19626689772309],[13.27228032378812,38.19604683796688],[13.272305340444989,38.19600791693597],[13.272322547481366,38.19598114598919],[13.272435051662178,38.19580610517973],[13.272547556470837,38.19563106424856],[13.27261244419954,38.19553035569026],[13.272663671304983,38.19538536218284],[13.272784073486076,38.1950445662098],[13.27282484880931,38.19492915602417],[13.272942858937457,38.194595128268205],[13.273011527376354,38.19447201898423],[13.273217208251136,38.194103272865895],[13.27323953159324,38.194013374846776],[13.273283874188351,38.19383480038177],[13.273317638825473,38.19369882676286],[13.27327429256576,38.193671134726685],[13.273106401875951,38.19356387682909],[13.273257207380132,38.19337929586809],[13.273308691019064,38.19331763686846],[13.273349860911354,38.193268331890174],[13.27344550100071,38.19315376525522],[13.273719513713802,38.192643899647],[13.273815843136727,38.1924377440137],[13.27418555695933,38.19227114500459],[13.27426208311694,38.191921596492335],[13.274179745604336,38.19181467390656],[13.273951760107328,38.19151860888841],[13.273745755030525,38.191057789846475],[13.273396673225017,38.190845354930204],[13.27303822320159,38.190700300738584],[13.272921947954453,38.19065255806324],[13.272889389043348,38.190602558406404],[13.272767781804314,38.190427934836435],[13.272525738526774,38.190077608806135],[13.272458219274231,38.189983413311744],[13.272884786712808,38.189801225195296],[13.273229899876824,38.18959612394468],[13.27338347404971,38.18950482406954],[13.273417558393302,38.189484561877656],[13.273593668135799,38.189379773043164],[13.273788372074755,38.189263918508296],[13.27392127782588,38.18902620086295],[13.274146940264485,38.1885663310984],[13.273871064229239,38.18816660525041],[13.273857423220482,38.188104056894645],[13.27380911581464,38.18787613485949],[13.274095583495233,38.187347811053975],[13.274173507055465,38.187308794926246],[13.274454502326984,38.18716810439267],[13.274672222078324,38.187140410314235],[13.274896796785132,38.18711184434036],[13.275246764529934,38.18695906568913],[13.275690197099836,38.186542104514906],[13.275715269470174,38.186499907783066],[13.275780506614177,38.18639409795967],[13.27589707342422,38.186214589091605],[13.27598717893253,38.186071938892724],[13.275902369376478,38.18599000289987],[13.275852851340515,38.18594216381094],[13.275295461569744,38.18540365986066],[13.274665742196966,38.18498980263393],[13.274598316545013,38.18494840468933],[13.273911341930608,38.18451746066001],[13.273579638519834,38.1843626541544],[13.273437675290582,38.18429604632624],[13.27295318065819,38.184052253180795],[13.272912879541908,38.18403197401817],[13.27283098636248,38.18399076469504],[13.272779458418496,38.18397370845602],[13.27212560214233,38.1837629563469],[13.272061562552443,38.1837581888056],[13.271475932278314,38.18371458696333],[13.270575040011312,38.18367536882169],[13.270248436397507,38.183673260622044],[13.269524846234892,38.18366858634494],[13.269488000594261,38.183282645562414],[13.26947211310486,38.18273379393754],[13.269469117956666,38.18263036127626],[13.269720394180403,38.18167100333493],[13.269886543200053,38.180926408668],[13.270204471162689,38.180009665032664],[13.270333085980683,38.179428554924975],[13.270349987289052,38.179379135524215],[13.270602887221552,38.17863963935267],[13.270804053090192,38.1782476295861],[13.270925515149816,38.178010935808224],[13.271400404031125,38.17742591163331],[13.271507753343075,38.177293666035716],[13.271567208546156,38.17722042036134],[13.271596033113736,38.17718491122538],[13.271574732727162,38.17702807141013],[13.27156559098168,38.17696183526005],[13.271547523014316,38.176830920463075],[13.271425103189651,38.17673365483276],[13.271392209605914,38.17670399482701],[13.271361701057614,38.1766825547632],[13.271320741964725,38.176645851807464],[13.271294264049127,38.17662225725475],[13.27123761011812,38.176576839404255],[13.271181084168408,38.17653214550175],[13.271136175099164,38.176501021046896],[13.271095307836303,38.17647417698158],[13.271053794906164,38.1764433736718],[13.270717421535998,38.17620819664563],[13.27051267144785,38.175994878427204],[13.270475086550498,38.175951707908474],[13.270431994607483,38.17591082666628],[13.27038329723344,38.175860091858986],[13.270115749801098,38.17557712612184],[13.269701299669798,38.1752454663361],[13.269201536699478,38.17513757626014],[13.268915880893429,38.17486464851018],[13.268850531357375,38.17480306747577],[13.26881107750594,38.17476451372769],[13.268661702706549,38.174319624395466],[13.268407404079193,38.17394610228934],[13.268107418591155,38.173856923701976],[13.26777316364742,38.17375755266463],[13.267724657242125,38.173696436698954],[13.26737365931715,38.17325420184181],[13.26675566982109,38.172830887840995],[13.265926353928855,38.17220808118612],[13.265140398636659,38.17165575591143],[13.264832088519196,38.17135596323652],[13.264716305838098,38.17124337861025],[13.264498386465243,38.17079645824869],[13.264365637684783,38.17039182828554],[13.264316976249999,38.17025365411015],[13.263884084161402,38.169751522852145],[13.263476334269733,38.16963125883104],[13.262365781314143,38.16952287504909],[13.261974821266763,38.16948739866025],[13.26184930901352,38.16947571123888],[13.261750714653386,38.16946653063581],[13.261685865683708,38.16946049225678],[13.261072935203554,38.16940341629684],[13.260036078283996,38.169328529242115],[13.259172975472799,38.169319151981625],[13.258700448206506,38.16931401499563],[13.258165809026666,38.169243369381775],[13.257242713378066,38.16918682814006],[13.256592976779213,38.16914737641904],[13.256218123082663,38.16905291592467],[13.256175728138414,38.169018285110965],[13.256156155053802,38.168982655422916],[13.255929521995203,38.16872563657364],[13.255797794840815,38.168496251210414],[13.255679407356157,38.168189813338095],[13.255652571421953,38.16791232098472],[13.255682406628098,38.16787880549038],[13.2557086546481,38.167849671398855],[13.255838969613928,38.16770195118872],[13.25609841738403,38.167377508368894],[13.256394379962309,38.16723166576672],[13.256621733546126,38.16685966168139],[13.256898208837983,38.166407277035276],[13.257665133606041,38.16532564212309],[13.257921379823204,38.16453979346379],[13.257974225411619,38.16437772619321],[13.258399870974317,38.16322741317796],[13.259243184331392,38.16233213616774],[13.259341172557042,38.16224794857552],[13.259615573031486,38.16201219484827],[13.259992736246081,38.16168814836697],[13.260233783159201,38.16148104520226],[13.26107889447735,38.16095945327061],[13.261851751937069,38.160629642356994],[13.262419581128079,38.160100650126935],[13.262470468878112,38.16005324385905],[13.262564859250174,38.159783565902586],[13.262585870502244,38.15971836693184],[13.262594511046492,38.159690510200114],[13.26261480146218,38.15963364523468],[13.262634315985439,38.15957912410664],[13.262651397597875,38.159519033417894],[13.262646267410673,38.15945122011599],[13.26264078858637,38.159408193377246],[13.262589103233568,38.15900230961746],[13.262583043699316,38.15896154846308],[13.262565849256095,38.15882584252135],[13.262541697548372,38.1586375399],[13.262532420839841,38.158557164365256],[13.262533402080576,38.15851840338539],[13.262853854421234,38.157373317494944],[13.263188665349992,38.1562443333067],[13.263279280714285,38.15593141667103],[13.263372662118632,38.1556089477302],[13.26347466531639,38.15525670148637],[13.263635815341495,38.15471944063381],[13.263600472181965,38.154487954486505],[13.263483028031795,38.15371869409979],[13.263447790119324,38.153487875940826],[13.263565333001688,38.1531075678888],[13.263682874887332,38.15272726067176],[13.263694068928213,38.15269677561307],[13.263706779705563,38.15266215985013],[13.263914161037185,38.15209739594001],[13.26448978424316,38.15239619588554],[13.264989008580708,38.15252213221637],[13.265111081019823,38.15216251307066],[13.2650618129931,38.15207139212821],[13.265052267056527,38.15203322577444],[13.26489445843614,38.151683455254286],[13.264641688633114,38.151309867374685],[13.26457033228832,38.15112084861781],[13.264490755290597,38.15091005155308],[13.26477791765732,38.15034570143963],[13.264703809156913,38.15020009437519],[13.264626696304425,38.15004853591699],[13.26431094282217,38.14999505568784],[13.263773019442464,38.14990939915906],[13.263637208262953,38.149765496747904],[13.263349798137734,38.14946095639804],[13.262882552033796,38.148887508763025],[13.262783170373028,38.14876553784815],[13.262749007517986,38.14872492481516],[13.261941428447402,38.14776486301756],[13.26105361409868,38.147135156392494],[13.260785436996839,38.146559040735],[13.260641337834622,38.146249474911585],[13.260580158740549,38.14609748842783],[13.260269285073608,38.14532517100773],[13.26025203429465,38.14529133086101],[13.26024292970564,38.14525969677917],[13.260175755027678,38.145201697939676],[13.259886156141384,38.144963405664704],[13.259787649204261,38.144882574454286],[13.259755334299543,38.14485762538476],[13.259336721944642,38.144509050602004],[13.258214447976288,38.14370767890953],[13.2572397291425,38.14295500297549],[13.256672788073645,38.14231359031842],[13.256425471786182,38.141988575170394],[13.256152585866467,38.14162995394505],[13.255949282596525,38.1410879281836],[13.255884127576198,38.140446316683956],[13.255632249501174,38.140000625155245],[13.254890573129567,38.13952766459987],[13.254744422431749,38.139456344980395],[13.254402864555889,38.13928978625113],[13.254334873742845,38.139258041086535],[13.254184341892834,38.13918268796019],[13.253750519041386,38.13897008087809],[13.252928628703536,38.13852705925106],[13.25234870565677,38.137967163601395],[13.252303692433554,38.13789713465242],[13.251994935095018,38.137416900082066],[13.251876206936736,38.13723222915633],[13.251445150254748,38.1366218864744],[13.250782497249865,38.13619557745052],[13.249895850744972,38.13604759642695],[13.248794491730063,38.13583532040991],[13.248569625470063,38.13540401242713],[13.248359072614486,38.13499364308653],[13.24837691236547,38.13386346031575],[13.24838272942556,38.13349497679955],[13.248345395355932,38.132856586967755],[13.248343232525995,38.132776361787634],[13.248338733161301,38.132663343815366],[13.248327393189703,38.13248101162272],[13.248296001446704,38.132164568113005],[13.24824338080215,38.13150983616413],[13.24823190875001,38.13146471621224],[13.248233956401554,38.13141946852027],[13.248228274624832,38.13137499533334],[13.248320076535142,38.13040345217814],[13.248701219325081,38.12989895612233],[13.248935080766723,38.12959087996828],[13.24903813223609,38.129466448712165],[13.2490860524623,38.129410752661244],[13.249137286732802,38.1293495297329],[13.24917317983225,38.129306973532266],[13.249222977267786,38.12924793003668],[13.249766292659576,38.12860373484718],[13.249836439052254,38.12837312386964],[13.250039147963832,38.12770667908836],[13.250320294226787,38.126854366963904],[13.250937769908315,38.12585476442466],[13.251481296484327,38.12507848798265],[13.251976525395738,38.12390186020966],[13.252654860505643,38.12229338423856],[13.252639213725125,38.12225315007189],[13.252278647488641,38.12132530898268],[13.251954066644716,38.120607530109105],[13.251238895390678,38.11950762284519],[13.251168470516738,38.119381327536374],[13.250613709795932,38.11838642737388],[13.250156830076875,38.117524839425144],[13.249601488881815,38.116428129388915],[13.24903403427557,38.115968662132374],[13.248760377302647,38.115747078933346],[13.247525321848823,38.11498120067392],[13.247463113575737,38.11482027405322],[13.247202568648614,38.11414626552535],[13.247192650647765,38.11316488489782],[13.24726655655332,38.112437178414844],[13.24738057589511,38.111491834399416],[13.247553613436043,38.11045880084743],[13.24756197556592,38.110315924003736],[13.247609080008456,38.109511095424736],[13.24703630733105,38.10872572085605],[13.246552542329264,38.10796416062108],[13.246487865928765,38.10768875065601],[13.246478760779713,38.10764997819966],[13.246426706316134,38.10742831140923],[13.246465428659947,38.10685497836503],[13.246700128907245,38.10650423722149],[13.247186160835,38.10626146939516],[13.246449923580307,38.10607196324156],[13.245771013365552,38.105826329961126],[13.245724820226146,38.105782672722036],[13.24504593785359,38.10514104801195],[13.244027329129429,38.103889950858935],[13.243633873630417,38.103315824597225],[13.24307870902224,38.10250571677121],[13.242794775425025,38.10150272227744],[13.242680462846556,38.101231338821066],[13.24240306407312,38.10057277236725],[13.24237567017696,38.10050773782528],[13.24276025265882,38.10053213017473],[13.242819753096851,38.10053554855476],[13.242859391955543,38.10052766218014],[13.243149305467824,38.10053967890718],[13.24369510136026,38.10075884288611],[13.244898286320234,38.101241967293504],[13.244990288561528,38.10126586962972],[13.24575027870573,38.10146331975685],[13.246242010867894,38.10150185875493],[13.24628476681924,38.10150169158452],[13.247002145643593,38.10155309150526],[13.247830191279663,38.10176629336076],[13.248393923305438,38.10201606944536],[13.249364328467305,38.10213465617039],[13.249587783024166,38.10216196136842],[13.24976851382368,38.10223672092138],[13.249916565132636,38.10229672860714],[13.250288493375551,38.10245180976542],[13.251044329292625,38.10272163413214],[13.251720434161289,38.10268314748186],[13.2524609164808,38.103120614807914],[13.253199571443771,38.10327847197656],[13.253408802135533,38.103306993482285],[13.253440387229297,38.10331237525647],[13.253472984179561,38.103318457981985],[13.253512615694193,38.103318095219144],[13.25389308381957,38.10337041442004],[13.254745346095913,38.103497117205784],[13.254831120244914,38.10352994263132],[13.254890513374288,38.10355267282268],[13.255031486407066,38.10360662229394],[13.255873952823654,38.10392902642957],[13.256917019275878,38.10418838716355],[13.257996195622917,38.10441940532871],[13.259056787318032,38.1045880588709],[13.25916997155375,38.104605230748284],[13.259233904718325,38.10461493033961],[13.259655499972391,38.1046788895278],[13.260706413540202,38.104760465155145],[13.26095975182295,38.10478012916704],[13.261433084971054,38.10471790529591],[13.261732567755917,38.10461245152871],[13.261971645810762,38.105121646371394],[13.262327032947104,38.10500965796355],[13.262851642493168,38.104549259374224],[13.263547946666165,38.10427378381738],[13.26360130837601,38.104271763827455],[13.26398524284073,38.10427344727614],[13.264658775406852,38.10427639747422],[13.26561640473785,38.10429111681446],[13.265750643490726,38.10429211859114],[13.26586938454376,38.10429301649828],[13.265924281432477,38.104293420969114],[13.266310547503018,38.10429959729277],[13.266419656050731,38.1043013422026],[13.266827390184357,38.10430810849997],[13.266913926590274,38.104309505050786],[13.267128648534024,38.10431267496852],[13.267214227989204,38.10431404126441],[13.268010462784709,38.104340758243026],[13.2684158815494,38.10435436009752],[13.268627168494898,38.10436144770755],[13.268695327798593,38.104363734248295],[13.269202629171229,38.10442272721486],[13.269548352650398,38.10446069246062],[13.269770538748144,38.10442202868832],[13.270211172505588,38.10434907727696],[13.270337175706656,38.10436575262804],[13.270911526736501,38.10444175766605],[13.271145871873804,38.104472919964834],[13.271490652090122,38.10459957246599],[13.271981705961604,38.10477995590608],[13.272072913723244,38.10481110423247],[13.272648984152358,38.105007838037196],[13.273831813987949,38.10515838217999],[13.273958373781204,38.10517295723643],[13.27452704430376,38.10523943479649],[13.274752720571508,38.10526443437499],[13.276185874920396,38.1054193322212],[13.276540249354449,38.10541546718303],[13.276589784591486,38.10541471201458],[13.276726233686707,38.105413149072895],[13.276869384255708,38.10541242960361],[13.27735084505349,38.10544628712051],[13.278009635387477,38.10549243542393],[13.278109935312683,38.10549477977807],[13.279138210126371,38.10551881039525],[13.280080305636531,38.105597006318035],[13.280262896891667,38.10561286484146],[13.28104257197891,38.10579731518685],[13.281252263313341,38.10584780264391],[13.281402532476875,38.10588674716296],[13.281542216212063,38.10600400573716],[13.281817298039824,38.1062358723267],[13.281844975240327,38.106257723567474],[13.282361488503364,38.10631931448332],[13.282426567006018,38.1064367768721],[13.282458927094144,38.10651164064239],[13.282796379610886,38.10670454394058],[13.282881002754815,38.10674766614584],[13.283018792653777,38.10681788246809],[13.283259184810012,38.10694038303136],[13.283461095632735,38.107105931031946],[13.283543857661744,38.10717378915667],[13.28362020932963,38.10723638997321],[13.283838710207023,38.10758910385577],[13.283857286670509,38.10761267224321],[13.283925355881738,38.10769902881445],[13.2841041894344,38.10783969184124],[13.284220462369518,38.107874040813336],[13.284292452106534,38.10789530755206],[13.284577181126028,38.10795818967485],[13.284797925211114,38.10800251688681],[13.284882144913567,38.108021129789144],[13.285091210427188,38.10807142494368],[13.285287701816571,38.10817268600156],[13.28557471536721,38.108297293295315],[13.285909816171419,38.10843141349878],[13.286161322808049,38.10848501028261],[13.286324746373637,38.10849032650055],[13.28653318943036,38.10847868565202],[13.286780069238784,38.10841179840135],[13.287086805959332,38.1083281686804],[13.287316548665403,38.108269497597114],[13.287657565642537,38.108171894877024],[13.288050711869154,38.108059370523954],[13.288437543245463,38.10812004104787],[13.288800584871495,38.108192998930534],[13.28909159439804,38.108247486495976],[13.289447647169993,38.10834701905716],[13.289999627923567,38.10858307350732],[13.290523223778687,38.108755789382826],[13.291081614783543,38.10871674730376],[13.29165712093415,38.10863982554663],[13.291654525618249,38.10850922466233],[13.29167485542435,38.10827457286065],[13.291669116460552,38.10804246109521],[13.291628444034451,38.10773650029156],[13.291595097335081,38.10761564768598],[13.291569634846406,38.107523354942536],[13.291551272796418,38.10745797820914],[13.291539844384312,38.10741721698445],[13.291451385387719,38.10709592265118],[13.291378816422391,38.10683233980439],[13.29112898508293,38.1064519738897],[13.290044392176853,38.10480063326948],[13.291637656098995,38.10396775706287],[13.292410769121203,38.10343239208005],[13.292578291263,38.10331638477804],[13.292930348144145,38.10300924265356],[13.293001272686638,38.102947365526056],[13.293440339514476,38.10256430991865],[13.293641578036,38.10198264047165],[13.293806432277362,38.10150613350482],[13.294085008429422,38.10115908123678],[13.29426452012909,38.10093546050626],[13.294636454597109,38.100791246935664],[13.294966790957332,38.100666558976414],[13.29501582829102,38.10067236124545],[13.29575157348264,38.100759409420945],[13.296291584260446,38.101063864833094],[13.298763890469216,38.100622013835235],[13.298366451176708,38.10006465910463],[13.29931057621762,38.09965629218176],[13.299855086197182,38.09928507212152],[13.30031894297638,38.09902037978802],[13.300753305248227,38.09914498379927],[13.301112325828981,38.09924797351755],[13.301719431180846,38.09955444368435],[13.301964430289502,38.09955991405809],[13.302450401610468,38.09956815487992],[13.302543659060898,38.099622053034295],[13.302690191995096,38.09970830299721],[13.302742843924527,38.099753613984774],[13.303021997533184,38.09999753206095],[13.303067363838556,38.10000384030419],[13.303132266108548,38.10001354960217],[13.303329382965192,38.100040280445306],[13.303368010732196,38.100012425018974],[13.303612299573377,38.09983625839009],[13.303663503205847,38.099798354739235],[13.303683853857365,38.099670305338165],[13.303694175816796,38.09959301702122],[13.303707394519105,38.09951878464273],[13.303721985503376,38.099435979818345],[13.303749546928996,38.09925029977419],[13.303759189625154,38.09919590065152],[13.304185308275448,38.099004643844076],[13.30434478021679,38.09853044219369],[13.304463700627206,38.098323435480175],[13.304760643043663,38.09828551451062],[13.304796470479138,38.09774380173497],[13.30511717273709,38.09764290343471],[13.305185337524684,38.0976214567863],[13.305506889545631,38.09710527945867],[13.305527025436032,38.09663619121701],[13.305244339715864,38.09612869406277],[13.304975335420766,38.095926924414016],[13.304431500855111,38.095775747958946],[13.303832374838805,38.09553204510757],[13.303551449207944,38.095357714110754],[13.303669848933536,38.09510570218503],[13.303752885759396,38.0945307339314],[13.30352151800352,38.0941204194863],[13.303280506869097,38.09376448381837],[13.303525026989503,38.09352584815031],[13.303613269124293,38.09318485378992],[13.303541949180829,38.09311429607635],[13.303389428934446,38.09296340332679],[13.30396044043336,38.09291092750777],[13.304129652302196,38.092690392374216],[13.304195172910545,38.09260859259148],[13.304243652719691,38.09254181434987],[13.304283965546647,38.09248926998388],[13.303828956603727,38.09217627368444],[13.30377221614501,38.0921358865966],[13.303628587880315,38.092020046872236],[13.303232203017492,38.0917006855798],[13.302958514568973,38.0913265141655],[13.30276088204729,38.0910905791556],[13.302851351364708,38.09099637601196],[13.303081240394668,38.09075699468853],[13.303175885309857,38.09065844012069],[13.303262941608864,38.0905677880245],[13.302853802428018,38.09002889745203],[13.302726417571934,38.08993549601732],[13.302438479621818,38.08972439888566],[13.302368975010904,38.08966115199994],[13.302157815736654,38.089469004254894],[13.302080624569193,38.089188051860475],[13.302068625922855,38.08915356681856],[13.302053774339344,38.089092658200315],[13.302031412282702,38.08901429182985],[13.302081541135871,38.08880081028168],[13.302094917869358,38.08873727214783],[13.302218054088844,38.08859103870801],[13.302317954968112,38.08847240447563],[13.302509441152347,38.088240216124966],[13.302553314087675,38.08818446510422],[13.302621084473186,38.08810452373983],[13.302906113717786,38.08776631670948],[13.30284587253579,38.087322717752826],[13.302812217464771,38.086846600364034],[13.302821503709918,38.08642293597948],[13.30286364305423,38.08594588365858],[13.302869002114333,38.08588531453974],[13.30248072816793,38.08585901439413],[13.3022243916254,38.085629749875515],[13.30214341919766,38.08547435919777],[13.302118030237622,38.08542564116079],[13.302083942060236,38.08536019166178],[13.301812012696168,38.08521706763604],[13.301380506687636,38.085169846066634],[13.301595804129773,38.084918764694855],[13.30187181229535,38.08459790919308],[13.301940495297938,38.08454541051537],[13.30213056335029,38.084400127975094],[13.30219341304109,38.084352059118395],[13.302267831908452,38.08429517349565],[13.30269609396819,38.083959730531525],[13.303025002682233,38.08356940369213],[13.303484555363314,38.08288155135274],[13.303493058046014,38.08251172051738],[13.303496775818322,38.0823497065393],[13.303314043981988,38.0819060827582],[13.303421852656328,38.081789535427845],[13.303572064858107,38.081630926672915],[13.303890028076614,38.08170931125738],[13.304099722188873,38.08099912047971],[13.304699774451851,38.07982093704254],[13.304726119087395,38.07976924568158],[13.304971527493384,38.07929188900481],[13.304429404379926,38.07904609480359],[13.303882991279501,38.078958071948556],[13.303737814345967,38.078819265648896],[13.303538201356394,38.078628466706796],[13.303068620675724,38.078271912937105],[13.302669318371434,38.07802087113371],[13.302403918670992,38.077854966426465],[13.302072860342333,38.077557581352536],[13.302335309324247,38.07691630061122],[13.302477627305219,38.07673349378455],[13.302840563022686,38.07626730065143],[13.303416928376812,38.075471594187896],[13.303241433678748,38.075162798735576],[13.303157070632349,38.07499927459],[13.303140005083595,38.07496693889763],[13.303078609488889,38.074850493953825],[13.303002951931836,38.07470321450548],[13.303517219835113,38.07457175824806],[13.304155609439402,38.0746384055557],[13.304974241725255,38.07465789243148],[13.305252172295354,38.074612978355745],[13.305947693463718,38.07450058959776],[13.306293228368776,38.07442604371242],[13.306271303155322,38.07459054724151],[13.306289191685652,38.074726708890786],[13.306344846420895,38.07474812008927],[13.306527717919236,38.074708756828194],[13.307134897951856,38.07458725233901],[13.30771846530196,38.07451360763134],[13.308151881483319,38.07452640995417],[13.308232816078739,38.07455476816091],[13.308454762878675,38.07473459645607],[13.308499185429342,38.07448551171605],[13.308714318619042,38.074527605184706],[13.30928490978901,38.07463923130364],[13.310007019794847,38.07495495799348],[13.310399857251204,38.07573758969181],[13.310903603091614,38.076178425664736],[13.311633327450078,38.07661093563528],[13.311774405576067,38.0767453450047],[13.311979654333808,38.0769436149195],[13.312214565318442,38.07717049164286],[13.312588614942198,38.077706138489226],[13.31302355882813,38.07816299678059],[13.313338356523936,38.078309037210325],[13.314164188537973,38.07793438341319],[13.314373366244476,38.07783947813666],[13.314443117783465,38.07775436514867],[13.314513806695704,38.07766785494221],[13.314650177641585,38.07749973444202],[13.314857433072067,38.077246358932214],[13.314904626157858,38.0771886621262],[13.31487033231317,38.0769973537005],[13.31469779977565,38.07603490334949],[13.314680874125505,38.07594048071197],[13.314359827109609,38.075083158551415],[13.313878794447328,38.0746415016197],[13.313976030306614,38.074389779556824],[13.314040295415786,38.07434134998685],[13.314322235673806,38.07412888142179],[13.314369642563364,38.07413709834614],[13.314601183097588,38.073957463738296],[13.3147974108829,38.07350023356208],[13.314962510642976,38.07311556796489],[13.314999068766078,38.0729838873754],[13.315063563269902,38.07275159194792],[13.315223771747588,38.072182780709355],[13.315397386641093,38.07159997337573],[13.315803056955675,38.07123379293321],[13.315894410720528,38.07115050271816],[13.315949163675127,38.07111543491213],[13.315981552426816,38.07109663174643],[13.316198151338062,38.07095356777408],[13.316135466022246,38.07085327326747],[13.316080453373795,38.07076525528108],[13.316066084505927,38.07074226491494],[13.315947369353111,38.070700679800915],[13.315792491019305,38.07064642506335],[13.31571403643185,38.0706189427321],[13.315637995542708,38.070592302838456],[13.315524151298874,38.070552419578966],[13.315359491274876,38.070494734094666],[13.315298306994778,38.07047329910635],[13.314988775678849,38.070203712816024],[13.316172754471344,38.07006285021507],[13.31703966539655,38.07004445348245],[13.317450587633214,38.07031132138329],[13.317513571855821,38.07035222796524],[13.317617158661912,38.07041950666749],[13.317670427613994,38.07045355371488],[13.318022344552432,38.07087523365179],[13.318082606685863,38.07094726432277],[13.318116674143475,38.07098921872663],[13.318139784545034,38.07101882576025],[13.318180199066289,38.07101503243519],[13.318220987232452,38.07101284383291],[13.318649489772163,38.070989848448406],[13.31888876307503,38.07097699935672],[13.319090196543728,38.07096618150935],[13.319207688286756,38.07095987157279],[13.319382594074954,38.07081253033191],[13.319480379561782,38.07073015704983],[13.319626935232712,38.070606699216334],[13.319636698425445,38.07057333315414],[13.319725217271484,38.07027081340613],[13.31976146911981,38.07014691732088],[13.32017287464417,38.07000535061676],[13.32047569140707,38.069901147655415],[13.320508936179897,38.06988970798028],[13.320642174173944,38.06985685063998],[13.320732450738571,38.06983456947595],[13.320809313549065,38.0698155986632],[13.320981894646918,38.069774203658625],[13.321294118065794,38.06969931453753],[13.321563396498124,38.069634725013564],[13.321748777483359,38.06953569148058],[13.322106660565039,38.06934450265918],[13.322333582929572,38.06913101010071],[13.322396405476304,38.06907190511953],[13.322673476129298,38.06881122942851],[13.322755853590598,38.06873372643967],[13.322787425907782,38.0687040220051],[13.322834748907548,38.06864653630104],[13.322933614561217,38.06852198122573],[13.323073161284398,38.06834617353299],[13.323291209718246,38.068071467661355],[13.323399238751067,38.06794029692239],[13.323455742524985,38.067871689929305],[13.32355583687837,38.06775015403651],[13.32382954438162,38.06741764321373],[13.323868113252278,38.06737078783739],[13.324035719464856,38.067161377887565],[13.324323695511362,38.066869322857514],[13.324620891972936,38.066567889137666],[13.324733450806837,38.06645609281402],[13.3247903786951,38.066399524934646],[13.324913667359162,38.066275500915],[13.325004125232407,38.066184502974004],[13.32528926686712,38.065683140266565],[13.32483340036135,38.06491462780316],[13.32467496026584,38.06464751956633],[13.323897397513063,38.063753006041786],[13.323316242337325,38.063243030697166],[13.323021794745706,38.062668460832455],[13.323024855966574,38.06201988061647],[13.32289572204484,38.061749930739644],[13.322806280477236,38.061573089484945],[13.322759274871991,38.061478960406426],[13.322731209465191,38.061422758331645],[13.322016045145498,38.060800620954446],[13.32168862537303,38.060526428474404],[13.321300078000824,38.06020105023231],[13.32127085848641,38.06015007538584],[13.3212463892622,38.06011302183356],[13.321168452636593,38.05998523510024],[13.321113168314266,38.059892701742854],[13.321094459068952,38.0598628466583],[13.320961500548263,38.05965067670584],[13.320903589845136,38.05955827689082],[13.320843330417446,38.059462125820396],[13.320782789332426,38.05936552214687],[13.320453875244606,38.058840692309566],[13.319964817030705,38.0582732799733],[13.31900064554727,38.057592762910694],[13.318582762835646,38.05728334007148],[13.317941992032022,38.05681550507069],[13.317778148707344,38.056776598068275],[13.31771255648752,38.05675298456882],[13.317601648353389,38.05673340020685],[13.317349837080128,38.05667176815217],[13.31695012734973,38.056573936183625],[13.316652456236776,38.05634175061138],[13.31651396412135,38.05623372791211],[13.31625543933225,38.056032076413445],[13.316209847708384,38.0559896976598],[13.315914599354912,38.055715940870584],[13.315753975604117,38.05556242727934],[13.315239513812415,38.05508772290604],[13.314616388868036,38.054430648383764],[13.314601039920168,38.054379652473614],[13.314561720902041,38.05424900238995],[13.314544021371441,38.05419018777467],[13.314436770978014,38.05383380903114],[13.314614166391383,38.05359145837235],[13.314741420559837,38.05341547681314],[13.314781905272703,38.05335466842619],[13.314810584999723,38.053326820758826],[13.314841906908658,38.05327749053683],[13.314989407804982,38.05307494659708],[13.315760701568111,38.05275386712638],[13.315787573983943,38.05273745839947],[13.316396362099988,38.05236570586174],[13.317026447170688,38.051725578486526],[13.31728507917505,38.051513541601224],[13.317486645078414,38.05134829141391],[13.317664797658791,38.05120223459697],[13.318404805362066,38.05072467346006],[13.31896705814934,38.05077500742577],[13.319723700287712,38.05084273961378],[13.32042935545096,38.05091940643769],[13.321054870713164,38.050987362180024],[13.322118542832282,38.05080857025105],[13.322776144834297,38.050455608920444],[13.323340229475237,38.05021866369334],[13.32397165243451,38.05029841364639],[13.324306289837532,38.05034067727912],[13.324632077759858,38.0505538334938],[13.324668970687162,38.05061340616663],[13.32507106742743,38.05126268599411],[13.325545533026217,38.05195670890922],[13.325929787854088,38.052618031097985],[13.32641379854899,38.05287039024572],[13.326532781610048,38.05289095560145],[13.327015044707418,38.05297430989241],[13.327327827089318,38.05311137072358],[13.3277468464015,38.053384124463946],[13.328450742330713,38.0535382961544],[13.328588171029821,38.05396102999118],[13.32874786879328,38.05445950896699],[13.32909317488508,38.054834048003286],[13.32956911688331,38.055455949262814],[13.329908493697252,38.05609189139788],[13.33024211757693,38.05611796912858],[13.330612984493865,38.056146956562266],[13.331402016105521,38.05653663118756],[13.331802202516641,38.05697218168552],[13.332150046094615,38.057476722039596],[13.33239864657633,38.0578373061575],[13.332775565787703,38.05765637602471],[13.3328244346927,38.05763407677861],[13.33300882916558,38.05754906801253],[13.333186015482026,38.057880989004786],[13.333211059903809,38.057927904326995],[13.333466597850501,38.05841188394612],[13.333522760932812,38.058511801898575],[13.33369815807597,38.05829157698283],[13.333719920244416,38.05826425232231],[13.33373982846189,38.05823171197456],[13.333792514150307,38.05817310447658],[13.334291083195502,38.0578034316509],[13.334673466666539,38.05751250964474],[13.334862510927547,38.05736868162724],[13.33490894114826,38.05733714711244],[13.335520286285378,38.05687086596959],[13.335928812235204,38.05664621265645],[13.336143601156932,38.056528097914224],[13.336751258112278,38.056366043373195],[13.337545850679097,38.056512287044484],[13.338448671838588,38.05683814834819],[13.338621015668517,38.05690035218892],[13.338984219497565,38.05702330784292],[13.339029969939174,38.05703879588387],[13.339400509496523,38.05716423221765],[13.339777500271087,38.057042343303394],[13.339846966877223,38.057019101837774],[13.340185908775636,38.05690891989062],[13.340311085961954,38.05686653806188],[13.341066726524561,38.056544177145526],[13.341630562735077,38.05651118789252],[13.341694596024816,38.056507441183946],[13.341989801593977,38.05660910389375],[13.342282848641798,38.056715332797516],[13.342528359309135,38.056845840448986],[13.342778130631057,38.05697620696464],[13.343049669281152,38.05763090741437],[13.343146028467023,38.057863235729215],[13.343125482368771,38.05834324901562],[13.343123633601786,38.058386435470844],[13.343068644366989,38.0589136374353],[13.343049602520598,38.059096186624416],[13.343106128986758,38.05962998360017],[13.343916757802315,38.06004579486713],[13.344706252246567,38.06041735737386],[13.345543610824688,38.06075559959585],[13.346262329297868,38.06117029771872],[13.3463753788031,38.061251676297076],[13.346969177639304,38.06168450037356],[13.347211350741528,38.061752180749544],[13.347580937464102,38.06185546848756],[13.348503026604297,38.0618933399921],[13.34901831263291,38.06194524502449],[13.349504176588717,38.061991319756],[13.351194108579707,38.06137475910682],[13.352029075911826,38.061204194013875],[13.352929653614362,38.06111239426702],[13.353045129819774,38.06114047909374],[13.353076800300256,38.061149654272924],[13.353792821489282,38.06132786922084],[13.35440026720142,38.06154721656686],[13.354487167295309,38.06157764940991],[13.35457277759429,38.061609649462156],[13.354733855107193,38.06177011921312],[13.354866370173257,38.06190394220293],[13.354885833287918,38.06192471019281],[13.354911967075202,38.06195119107694],[13.35494273033014,38.06197962744492],[13.354978137390402,38.06201568926937],[13.355023171761767,38.06205914111199],[13.355056522454635,38.06208946283268],[13.355138954354478,38.06217624824502],[13.355293342686675,38.062308822793376],[13.35593599815196,38.062864982068184],[13.356657699377289,38.06371180295716],[13.35693111723151,38.06372417058394],[13.357649623511584,38.063738007878584],[13.35814012744745,38.0641566058365],[13.358548207619034,38.0644979293944],[13.358655624063337,38.06458777378354],[13.359367947123603,38.06431812400386],[13.359904036225513,38.06422165368717],[13.360318545960327,38.0641522035121],[13.361016975059467,38.06424314406692],[13.361053984403387,38.06424616165447],[13.361100361871545,38.064250779081824],[13.361134746190043,38.06425384829463],[13.361274185316741,38.06427429349236],[13.361300185428867,38.06424742869835],[13.361321222697532,38.06422032509429],[13.361614380580775,38.063829347116105],[13.361809872334243,38.0636484513873],[13.361940674771951,38.06352797061452],[13.36219240895481,38.06329545992305],[13.362459912692442,38.06305389980791],[13.363038132133166,38.062954798579646],[13.363163694546524,38.062935713844304],[13.363219071539342,38.06293442971923],[13.363395166507003,38.063006329535284],[13.363457985597586,38.06303144394952],[13.36356884924062,38.06307666250562],[13.364272962955566,38.063356187217636],[13.36445043782537,38.063426642552926],[13.365414659972119,38.06307103695098],[13.366317909249853,38.06298339528551],[13.366877344493073,38.06322738757062],[13.367086403651275,38.063393675666006],[13.367309386435139,38.06356560095717],[13.367510421226202,38.063723305672134],[13.367553693870429,38.06375696676621],[13.368170373372164,38.06422486710365],[13.368389388845376,38.06466253198358],[13.368518479583669,38.06549081850401],[13.368605811177007,38.06616754693082],[13.36878308395013,38.06690847076324],[13.36877718060916,38.0670026939757],[13.368749146043251,38.067450121822134],[13.368475486520547,38.06811699268589],[13.368410822310079,38.06878665770358],[13.368426026353164,38.06957703902604],[13.368256526104615,38.06972717183819],[13.368091174243338,38.069874835282526],[13.367917126989326,38.070538793801845],[13.367888080943532,38.070747986331355],[13.367880508202566,38.07080252335454],[13.367820964628807,38.07123135501643],[13.367853591328432,38.07145293174421],[13.36785991565291,38.07149588054346],[13.367863913760424,38.07152518017147],[13.367929136046648,38.071965959713395],[13.368140771312275,38.07199239117657],[13.368565956627501,38.07204074774186],[13.368747700121174,38.07203905355234],[13.369008738568226,38.072034844403184],[13.369066026956192,38.0720323333271],[13.369274764031902,38.07202832789377],[13.369388506150555,38.072002593722836],[13.369782273276485,38.07191350371389],[13.369846659572076,38.071898935670774],[13.370649161427135,38.071648378706016],[13.370853131261667,38.071537418790356],[13.371342311646377,38.07127129927651],[13.371910713494257,38.07084484080694],[13.372617459762308,38.07031413470999],[13.373362771954424,38.06964239462219],[13.374060464455276,38.06897242476578],[13.374709498596827,38.06856094895052],[13.375564508542782,38.068055805051564],[13.376631810322454,38.06772369823631],[13.377246342277989,38.06770076839269],[13.378085830651129,38.0679036005755],[13.378819828056852,38.06816440848735],[13.379639040746909,38.06831396000551],[13.380938443038671,38.06830146240647],[13.381262304145777,38.068274728979745],[13.382034538239353,38.06821097844328],[13.383160411355586,38.068380572803086],[13.384028244721017,38.068771436847435],[13.384625359960596,38.06856448424579],[13.385475785453671,38.068271920472014],[13.38551993769819,38.06825475807442],[13.38637364325878,38.06785517065801],[13.387146129106037,38.067461532809965],[13.388028668399691,38.06731136372368],[13.388288860382742,38.06727192659534],[13.388404552337484,38.067252348126125],[13.389488468936868,38.06722079386355],[13.390043413003212,38.06691632420508],[13.390186811328629,38.06681551485518],[13.390875589360471,38.066331292810304],[13.391620177004407,38.066150307777725],[13.392611627356322,38.066239276175445],[13.392705390638133,38.066272759029594],[13.393707357164939,38.06663055381722],[13.394574924144202,38.066589036488914],[13.395388868433292,38.06647253155501],[13.396016363774708,38.066309869463],[13.396175091338886,38.06603835474516],[13.396206113675682,38.065984065190094],[13.396348824467518,38.06573902499688],[13.396996689410772,38.06528693022707],[13.397678947345852,38.064910107036255],[13.398316949584617,38.064341304421525],[13.398452061622498,38.06410880267737],[13.398648663700751,38.063770482848064],[13.399103679686048,38.06341567367208],[13.39925207729188,38.06330203917129],[13.39968876670761,38.06316407311062],[13.400634791509123,38.063101566337494],[13.401456523204143,38.06311578006051],[13.401523125507115,38.06294675027916],[13.40162581580961,38.06268613408699],[13.40140505245741,38.06229362818662],[13.401304703029604,38.06168946526672],[13.401527884802773,38.06137488704038],[13.402021671559577,38.061239269911574],[13.402427049780712,38.06089983144335],[13.402344441790591,38.060520162584],[13.402466520573618,38.06014631305535],[13.403122449117117,38.05990103858582],[13.404118939424793,38.05962497303976],[13.404249505700689,38.059591959714],[13.404955578782747,38.059413427582506],[13.405842685183812,38.05949720228735],[13.406579298594181,38.05969469159553],[13.407547775109647,38.059698832630296],[13.408142183883884,38.059626973659356],[13.408763785417296,38.05935593606138],[13.409196442055354,38.0589028621189],[13.409953315820093,38.05887461380304],[13.410427084199545,38.058874622537864],[13.411772325742557,38.058810537198205],[13.412667400021418,38.05907407497877],[13.41356940354568,38.05902662207541],[13.414423716972012,38.05906202298946],[13.41513262421541,38.05944963475418],[13.415284620463577,38.059822181039124],[13.41561753198241,38.06006078573437],[13.41629767457179,38.05992815726154],[13.417249483774972,38.059667165092044],[13.418358893823259,38.05999013262505],[13.419447214957684,38.060246338094586],[13.41986992776307,38.05967653174206],[13.420608909512728,38.05927492175459],[13.421358713084224,38.059113999020624],[13.421432137887741,38.05910327732101],[13.421936679482515,38.059499577617366],[13.422087429496042,38.059921686118315],[13.422022449056309,38.06028440058519],[13.42175213441687,38.06071337971931],[13.421673660973502,38.061171151104695],[13.42200669734984,38.061581887347664],[13.422607549348072,38.06173486825473],[13.423339599475767,38.061572158214226],[13.4239099790547,38.06155064987372],[13.424172215368985,38.061826548155224],[13.42421665406485,38.06187330191964],[13.424262231427683,38.06192533365868],[13.424422360892896,38.062089723755165],[13.42447071710473,38.062225830014995],[13.424670219420639,38.0627873654432],[13.424692770109761,38.06276469705106],[13.424740033368346,38.062717186542265],[13.424890186915666,38.062569039206494],[13.424952727035276,38.062503918714235],[13.424966365390667,38.06245647141721],[13.425065718080265,38.06219154576955],[13.425131567645979,38.06200892905267],[13.425148757676672,38.061963257102285],[13.425167794092633,38.0619129961273],[13.425460866961217,38.061747112740576],[13.42549025080027,38.06177433362976],[13.426013449064353,38.0623768163414],[13.426036027899254,38.06240259794043],[13.426466567728237,38.06304831742158],[13.426968861432057,38.06316830073456],[13.427134060686482,38.063207760782845],[13.427609012082554,38.063184925203366],[13.428012904969025,38.063165588630746],[13.428433786933711,38.063309714243324],[13.428782790142574,38.06342922504859],[13.428890526189301,38.0636415324023],[13.429013202026539,38.063884339243465],[13.429020016720822,38.06407331443949],[13.429034284706477,38.06446896152538],[13.429201145717203,38.064621500271784],[13.429224415691206,38.06464911221208],[13.42943158611976,38.06484595000362],[13.429458748191676,38.06487172264356],[13.429508250552427,38.06491357996141],[13.429618583275277,38.065006871878744],[13.429671026436518,38.06505047067203],[13.429839904996792,38.06519400880043],[13.430029711036962,38.065354498770155],[13.430557192800318,38.065801655993475],[13.4306908346834,38.06591494576451],[13.431012347539411,38.06580373492242],[13.431173947752564,38.06585783325223],[13.43137495954117,38.065925126401126],[13.431512425024948,38.066015348813075],[13.431712308898039,38.066146537747976],[13.432249640583311,38.0660721931832],[13.432402226056212,38.06632310550755],[13.432602027384437,38.0662661165737],[13.433148321511009,38.06611029597857],[13.433325499279228,38.06635577718206],[13.43333085989312,38.06667979675042],[13.433355822132846,38.06705709975696],[13.433575939475434,38.067372539662856],[13.433609938296373,38.06742126029484],[13.43409389050881,38.067289035441256],[13.434300158681298,38.067230909301465],[13.434459057718689,38.06772240468081],[13.434527629538628,38.067836337611745],[13.434544163783618,38.06788309735129],[13.434591609978446,38.06797952899098],[13.434722271032701,38.06822461926676],[13.434737480744152,38.06846123753284],[13.434740828599507,38.06850660083844],[13.434731630267152,38.06853573179738],[13.434708330353878,38.06861732795526],[13.43468454282795,38.06867771831838],[13.43460680566438,38.06898265616088],[13.434563570864512,38.06913790465681],[13.434541972705125,38.06921383273809],[13.43453833932235,38.069447061015275],[13.434535130181757,38.07007464611303],[13.434526419766916,38.07034654569081],[13.434518935936435,38.07050658850061],[13.434505695282825,38.07085930976559],[13.4344720355203,38.07137393720188],[13.434424449309315,38.07142753585755],[13.434271695111985,38.07159958918015],[13.434029392019292,38.0718725033916],[13.433609032463895,38.07228015922519],[13.433606983631993,38.07239070243928],[13.433602348890206,38.07264065631804],[13.433617041366759,38.07267166352343],[13.433790051966898,38.07303511049901],[13.43393651807146,38.073268193924974],[13.434089128049408,38.07350946577031],[13.434134684938632,38.07357407583367],[13.434131583599244,38.07372078574602],[13.434128875350288,38.07378713388756],[13.434132987551738,38.07382593784243],[13.43412775774068,38.07413383722142],[13.43393393231904,38.07470856044485],[13.434027045923111,38.075065945115455],[13.434042741090249,38.075118467292434],[13.434217728752119,38.07577408279013],[13.434144479581098,38.076398772096574],[13.434135804863214,38.0764727498515],[13.43393730521322,38.07666430438614],[13.433828835673575,38.076772112107065],[13.433698934274119,38.076897883237095],[13.433564417133146,38.07702812199986],[13.432858901621957,38.077165309156115],[13.432706504003244,38.077195637762614],[13.432570017855806,38.07722331684221],[13.432407617150847,38.077281634575364],[13.432366579769663,38.077296370543486],[13.432132147761662,38.07738055061803],[13.431706097372862,38.07753353735356],[13.431673028577494,38.07754541151637],[13.431395390584235,38.07760544296543],[13.43114386422221,38.077656712177856],[13.430929272031692,38.07770039829185],[13.430665877419289,38.07775413854455],[13.430608943856178,38.077765743065314],[13.429975318410591,38.078050854857864],[13.429970515734015,38.078133185402145],[13.429960908929253,38.07830031066764],[13.430009846256516,38.07865710038721],[13.430024777076346,38.078765957586754],[13.43004676325691,38.07892625616646],[13.430434189542867,38.07949252162977],[13.430493457317972,38.07958934946175],[13.430557411629266,38.07969345203981],[13.430595929266723,38.07975615522098],[13.430711688272613,38.07994459462796],[13.43089628838954,38.080245096956524],[13.43091498908846,38.08032380260198],[13.430964389497795,38.08053171099486],[13.431002333580476,38.080691401054914],[13.431338011274383,38.08086743987926],[13.431516709718103,38.080961154427044],[13.431587225988626,38.08099813581779],[13.431667164956654,38.0810400469311],[13.432609496059376,38.081243112961985],[13.433647658928281,38.0817352287389],[13.433841190061495,38.08207264017208],[13.433865071559174,38.08211427586707],[13.434019712207832,38.0823876264984],[13.433993957613337,38.08245355526005],[13.434169725933288,38.08252557842356],[13.434130519739412,38.08267480062301],[13.434099546949993,38.082793610743046],[13.434081584021882,38.08286251694027],[13.434014312814677,38.08304616028302],[13.433860722116945,38.08337075486955],[13.433856019483958,38.08351919409788],[13.433789872196414,38.08362177610932],[13.433716558682361,38.08370556538449],[13.433584240731351,38.0840503500437],[13.433571156933752,38.084339160117615],[13.433568011077567,38.08440859500372],[13.433564537703237,38.08448077117438],[13.433521443999341,38.08498703579312],[13.433488781316626,38.085370752957736],[13.433505942478769,38.085467194694225],[13.433512721197236,38.085505288109495],[13.433522225933784,38.08555860266953],[13.433571391661072,38.08584667622256],[13.433581775180734,38.08590822172074],[13.43359008284514,38.08595749447144],[13.433611422738116,38.08608393035407],[13.43353786608719,38.0861680160575],[13.433490316417075,38.08624105230308],[13.433471946987327,38.08626996607652],[13.433447082522221,38.08630903227738],[13.433427544447461,38.08633949877278],[13.433391503416585,38.08639558422395],[13.433368883611875,38.08643063792034],[13.43335691141754,38.086471982602646],[13.433215114442014,38.08696166439619],[13.43329710887722,38.08704553153273],[13.433548302263798,38.086856827385866],[13.43414509612261,38.08648656312983],[13.434291217529237,38.08639692898628],[13.434457025249873,38.08631547556433],[13.434588620684975,38.08625104947828],[13.434770992598521,38.08616176339775],[13.43493514109138,38.08608139877483],[13.434963631721098,38.08606757665494],[13.4350705358116,38.08605627600268],[13.435439275433279,38.08602867904582],[13.436305536064177,38.085952817139955],[13.436465946541848,38.08595046456227],[13.436506067150564,38.08594918559712],[13.436563770998033,38.08594793857709],[13.437231094358172,38.08592271878651],[13.43734095062981,38.085918536413395],[13.437673169588818,38.08590596675647],[13.437897389355559,38.0859319452615],[13.438226272784291,38.08597004973458],[13.438485378385773,38.08600006838963],[13.438551830836287,38.08600776756311],[13.439345999460752,38.086099772839106],[13.439619485605208,38.086129948019625],[13.440008714114917,38.08604370932789],[13.440167214105408,38.08601346313511],[13.440228344176258,38.085996645152875],[13.440703324957292,38.0858953270441],[13.4408343557159,38.08586737549084],[13.441715790080218,38.08569890820453],[13.44170960176043,38.08573137326771],[13.441683104757411,38.085881040376115],[13.44166199995973,38.08598110753733],[13.441655429706756,38.08601558104836],[13.441600074059503,38.08631607732227],[13.441608318116156,38.08639082598684],[13.441612412436944,38.08642755516876],[13.44162185843427,38.086510043323734],[13.44162507898609,38.08653884406134],[13.441650412604663,38.08676958509109],[13.441694978363218,38.0871767094474],[13.441887225569271,38.08724603759478],[13.44198144970233,38.08728001516027],[13.442081635243074,38.08731614361037],[13.442260000999214,38.08738046344115],[13.442381010815927,38.08744749408944],[13.442982951414225,38.08778086550508],[13.443054269427481,38.088111386168],[13.442984913130442,38.08815076904414],[13.44295359711779,38.08817362623736],[13.44180516963321,38.08882121021482],[13.441762237469089,38.08884618851121],[13.44161225268258,38.088912636690544],[13.441472622397825,38.088975622320945],[13.441142872067955,38.08912436983566],[13.440621729896831,38.08943287263518],[13.440029611880071,38.08991010060386],[13.439850356836047,38.09021109975533],[13.439793663699778,38.090306297775115],[13.439893290859082,38.09049814492561],[13.440000072497389,38.09070376818651],[13.440235892935771,38.09095151682231],[13.440984014641597,38.091085300174086],[13.441562647222469,38.09130204183563],[13.441636494809885,38.09132176610913],[13.441717441995852,38.0913419410502],[13.442311202794167,38.091489843030544],[13.442680827728784,38.09149223573756],[13.443466209846404,38.0914973177956],[13.44352959888065,38.09149772782935],[13.44391230904443,38.091712880742605],[13.443940042932486,38.09172839323666],[13.444522755692557,38.092054490250234],[13.444927230784792,38.09224139262758],[13.445018121799178,38.092283391448724],[13.445268019189555,38.09203408149383],[13.44535594054683,38.09194636578405],[13.445424257024005,38.09189875313446],[13.445614110382124,38.091760599452726],[13.445669438401888,38.09172034267538],[13.445721843559589,38.091680239901926],[13.446064088631404,38.09143319072102],[13.446214022812626,38.091305124306885],[13.446327703566611,38.091208023093756],[13.446744549197518,38.09085149896967],[13.446826074576903,38.09073881806025],[13.446929790459155,38.09059735922798],[13.44716450141977,38.09028156083009],[13.44728742815449,38.09021535709355],[13.447839161681653,38.089918211475116],[13.448023690485533,38.08981882883849],[13.448107471480391,38.08978960612564],[13.44839503423237,38.0896893006277],[13.448562171392538,38.089631001328215],[13.4489529851414,38.08949466986295],[13.449023129969502,38.08947020122516],[13.449211184171038,38.089439191670586],[13.449516329935893,38.08938887470148],[13.450086000123298,38.08929494122275],[13.450167873728462,38.0892611314132],[13.450497495212026,38.08912381511925],[13.450636251776592,38.08906601078944],[13.450860317625587,38.08897266612756],[13.451375978647112,38.08875784380077],[13.451468297207853,38.08871938392411],[13.451524600916125,38.08884336739043],[13.45153950762996,38.08887619217994],[13.45155842593334,38.08892055658744],[13.451569976738432,38.08894764299427],[13.451872631628893,38.0896097405002],[13.451927525618435,38.089927376016576],[13.45195408861816,38.090079125904744],[13.451963555694098,38.09013314072733],[13.452046158577815,38.090566811561274],[13.4520841157903,38.09065939024937],[13.452338846119675,38.09128068352949],[13.452338705226408,38.091911126461994],[13.452637689475901,38.09226001619991],[13.452709026978463,38.09261851131924],[13.452338002451686,38.09294235419197],[13.451738885703994,38.093221773585796],[13.451349031298362,38.09344246753709],[13.451101496311594,38.09357813732755],[13.450916696485534,38.093681462836095],[13.450812444837752,38.09373975310366],[13.450680498816672,38.09381352769038],[13.450053962093616,38.09416383436687],[13.450417696880779,38.09465917905684],[13.450467213445156,38.094729955903745],[13.45077241545986,38.095148052351796],[13.45085199577445,38.09525613832071],[13.450905657313985,38.09533057808752],[13.450596123239125,38.09544688959493],[13.45004384767233,38.095400281831736],[13.449882502066249,38.09538546552939],[13.449088259288295,38.095255508748096],[13.449047477256919,38.09524882871998],[13.448229523800316,38.09516325124077],[13.447559970456256,38.09514194379056],[13.447276196511549,38.09510189673527],[13.447072712125115,38.09507318016467],[13.446710373029934,38.09506216685852],[13.446403159293315,38.095051866026516],[13.445684685103114,38.09510780464136],[13.44515028629001,38.09503218746263],[13.444685766528673,38.09500733366844],[13.443773264037445,38.09492047535125],[13.442719448217408,38.09480679656588],[13.441418303570932,38.09483315418484],[13.441217459823674,38.095011226235044],[13.44100615623133,38.09493986140718],[13.440415414686031,38.09491956765467],[13.439908776989226,38.0950218988966],[13.43964918855796,38.095059154016994],[13.439515015418719,38.09500419666182],[13.439332194200594,38.09507655861492],[13.439244447502757,38.09512523568029],[13.439242071519276,38.09523737702067],[13.43904452298827,38.095259684429124],[13.438491320180226,38.09529733476518],[13.437761811063336,38.095319648261714],[13.436991485131845,38.095357446784426],[13.435167058253507,38.09544523703549],[13.434517516624664,38.09551663073854],[13.433493996126387,38.096031370704964],[13.433328622785433,38.09618929354507],[13.432778258504603,38.09635807983927],[13.432205222195408,38.09663862829898],[13.43165040432488,38.097015505766464],[13.43111443086788,38.097456667946275],[13.4308042558041,38.09775675233953],[13.430306086321007,38.09816359626257],[13.429484211603206,38.09882572963288],[13.428954158883846,38.09911205416256],[13.428251747545499,38.099292520572334],[13.42781562375822,38.0992694242739],[13.426641588366357,38.09904659331596],[13.425987641652362,38.09900330795517],[13.42562071434726,38.098808545399514],[13.425163514295777,38.0987506361648],[13.424492927833231,38.098465494448725],[13.423645155200076,38.09829878990711],[13.422838800897887,38.09823618807815],[13.421878193730532,38.09824053987585],[13.42036757130586,38.09844460629515],[13.41916282195723,38.09863552276245],[13.41758744494068,38.09880416348672],[13.417474233832577,38.09899248839419],[13.4172130872341,38.098954460905915],[13.417445474247831,38.09830172492712],[13.41709854301674,38.09819350074036],[13.416725674050017,38.09827477544702],[13.416417920225149,38.09837418169265],[13.41658357229606,38.098790643459374],[13.416846564536247,38.0987424096428],[13.416929762533009,38.098933370538944],[13.416447774705988,38.099013184680906],[13.416190259132836,38.09834909379278],[13.41583080258338,38.09823827350885],[13.415562966313374,38.09822936121561],[13.414717058373002,38.09830272707345],[13.414260841570146,38.09832834899337],[13.414003542281435,38.09845204112575],[13.413748762439191,38.098459195905136],[13.413144716400952,38.09850400729873],[13.412794772439113,38.09857345157905],[13.41228519053298,38.0985877552626],[13.411721568541026,38.098622517528945],[13.411222168416815,38.098785302058516],[13.41099050281115,38.09896230741486],[13.410828938210328,38.09899721347067],[13.410495127818375,38.09893971488809],[13.41024079679093,38.098925670360146],[13.409850192972005,38.09901574283285],[13.409472747528135,38.09911658981013],[13.408587566091049,38.09914699327127],[13.40795327888064,38.09935032238637],[13.407117086773216,38.09959327591889],[13.406228207803737,38.09979314256121],[13.405927019941725,38.09984645777463],[13.405811149388684,38.09986695031127],[13.405327193784009,38.09993456311975],[13.404720384435256,38.100106446361025],[13.404302970914268,38.10019614394649],[13.403803086201469,38.10038007147399],[13.403596807357939,38.100620980368504],[13.403389621192408,38.100904252894445],[13.403156773244694,38.1011342054448],[13.402749288883044,38.101382961790755],[13.402423117615593,38.101590446693095],[13.402165305971014,38.10173528950764],[13.401974040432004,38.10190222037156],[13.401686911219594,38.10216320275745],[13.4014140980399,38.10238201794791],[13.401196032077067,38.10254857009483],[13.40083156139894,38.10283550938898],[13.400504927786743,38.1030013205582],[13.398957954238831,38.103405848758285],[13.39877023338247,38.10354921698137],[13.398058774394745,38.1037280171393],[13.397424615830781,38.10388960151257],[13.396792552163257,38.10395393503855],[13.39623976506924,38.103909917725055],[13.395716423386306,38.103927083103365],[13.395314236007675,38.104031045373915],[13.394774423989583,38.10409663244968],[13.39398541005223,38.10430472752279],[13.393023378203736,38.10468677985101],[13.392571565792773,38.10494813668716],[13.392643400456796,38.105180157894075],[13.392149192821202,38.10527067834652],[13.39129624358489,38.1055873383418],[13.391045933634853,38.10577846745147],[13.390641850045892,38.10596749725819],[13.389212716942774,38.10660457752277],[13.389088842435205,38.106651878121205],[13.387506349708895,38.10725607283799],[13.386513069646433,38.107655879749],[13.385767196033989,38.107998282959066],[13.385033644307576,38.10831773719641],[13.38481976200641,38.1084108768816],[13.384260533873878,38.108658550300966],[13.383621471896916,38.109038890605206],[13.383166654956725,38.10943392220669],[13.3829441386459,38.10975919831212],[13.382630664344568,38.110022394129],[13.38220955010279,38.11028413308191],[13.381733326427689,38.11048923227464],[13.38154497465882,38.110572151814715],[13.381358927648265,38.11067004638253],[13.381174471971011,38.11081049958675],[13.381053021991558,38.110909490955756],[13.380953915406467,38.11105957308664],[13.380881450169968,38.11124248797024],[13.38074249196186,38.11133793072783],[13.38065681462639,38.11149904006301],[13.380462415380508,38.111626175715585],[13.380307605185262,38.11181877068032],[13.380016711804037,38.11197703005137],[13.379723896829782,38.11222181314466],[13.379623346992984,38.11243680158891],[13.379400142557573,38.112628443625276],[13.379547780214613,38.11276030835119],[13.379477206796055,38.11285670005384],[13.378838955384357,38.11263152830659],[13.378551636248043,38.11262755574923],[13.378312206593481,38.11313812744363],[13.378470563079985,38.113199816054816],[13.379056642620826,38.113376599324546],[13.379109538888162,38.113392554853895],[13.378795384980645,38.11398322012796],[13.3789840778454,38.114115655434176],[13.379190016422704,38.114086033264364],[13.37962634030531,38.113540310669016],[13.379865961835737,38.11348934050572],[13.379903354970969,38.11350939082858],[13.379929093978966,38.11363710868736],[13.379753585904753,38.11387957642177],[13.379481326070854,38.114168550492394],[13.37936822698705,38.11424426290325],[13.37925530842842,38.11422757698218],[13.378939206280867,38.11428813160053],[13.377923236746469,38.11566967766093],[13.377618697510151,38.11587923359122],[13.377380998039065,38.1160516468109],[13.377239646219039,38.11625524405543],[13.376930251479438,38.116629607126455],[13.376244240043555,38.11732332835128],[13.375056303002253,38.11843201131753],[13.374495809818761,38.11901925975096],[13.374159269241895,38.11938243580245],[13.373560001905709,38.119724737407466],[13.37325294664765,38.11988836162246],[13.372853025549164,38.12013465183088],[13.372452835933416,38.120392921196],[13.372242873356603,38.12028207615909],[13.372015391262835,38.12027893719795],[13.371890317408042,38.12044506894763],[13.371763393245642,38.12069513933036],[13.37163646709267,38.12094520876422],[13.371612240133562,38.12135258615499],[13.372115404320253,38.121923163007985],[13.37229688889574,38.121949652112036],[13.37278542629063,38.122496054883904],[13.372532353966761,38.123643736639686],[13.372267854819304,38.124623366943624],[13.372116438171124,38.12529279550212],[13.372065406294524,38.12562938023621],[13.371670919394392,38.125649855038354],[13.372481552479751,38.12251581597154],[13.371335505210645,38.121516624244904],[13.370849357965037,38.12154585096902],[13.370749606029122,38.12057316193966],[13.370218231999118,38.12058977758501],[13.369302376151943,38.12015735993841],[13.369098049805146,38.11979476250987],[13.368771587020472,38.119466467151575],[13.368503643753886,38.11923489318993],[13.368173187910678,38.11908641898475],[13.36767403325899,38.11901951978475],[13.367292199402712,38.119134120482336],[13.366998949789343,38.119357898005056],[13.36689995211703,38.119716265361895],[13.366877577706783,38.120039722425204],[13.366995297847113,38.12020324289456],[13.367382950364116,38.120508421520384],[13.367508979405805,38.120600754772134],[13.368233853130839,38.1211318196595],[13.368242610152079,38.12141973493999],[13.368997555761505,38.121976056124176],[13.37033243317074,38.1229596962095],[13.369992725889698,38.12371455039326],[13.369247434772145,38.12541232297493],[13.364965265133153,38.12559186650752],[13.364423805429531,38.12661746433803],[13.368091713436465,38.12685634271248],[13.367732803352844,38.127449035659694],[13.36404135961101,38.12729522493526],[13.363648448060133,38.12804095746993],[13.363612632522772,38.12810893278092],[13.363926783024494,38.12814775809111],[13.366890214236646,38.12851284290723],[13.367362096712462,38.128570969773634],[13.366912570285121,38.12935025032916],[13.363205897278371,38.12890588301409],[13.36266649838133,38.12983758560479],[13.365679278954774,38.13039186237648],[13.366048253753535,38.130443768473256],[13.365933118673842,38.1309686511217],[13.365658250496907,38.130964424397355],[13.364404029075008,38.13080866473283],[13.363335382440237,38.13063498592087],[13.36268752340948,38.134016221542666],[13.366228408677332,38.135175139434935],[13.366914466898262,38.13539948086208],[13.366933566722846,38.13543649114415],[13.366979590981597,38.135525672607514],[13.367085656943784,38.13548963372551],[13.368143455256133,38.13513021635436],[13.368905292628948,38.135498748203254],[13.369274370534432,38.13417947156299],[13.368123675464052,38.133984500857814],[13.36817214454503,38.13384199551977],[13.369299811239195,38.13405453633963],[13.369616433667112,38.133056681894324],[13.36794621941744,38.132800815286636],[13.367927956870139,38.13260369164585],[13.369620006890866,38.13289565230919],[13.370306069548935,38.13056061294233],[13.37114015838261,38.13073326348667],[13.37057807469983,38.13258678854265],[13.371500767495759,38.132850165547076],[13.37159291657062,38.13277984794322],[13.372539442012554,38.13298983308103],[13.37294835159245,38.13191271994794],[13.373767175823273,38.129713722950605],[13.374944965556015,38.126548528567],[13.375019414589621,38.126348446851964],[13.37527477646961,38.12639702133281],[13.375425305021853,38.126425654722],[13.380130559353939,38.12255320515003],[13.380331131432722,38.122699155610015],[13.378049057542512,38.12452004677929],[13.375880259734481,38.12633351236104],[13.375531170493801,38.126758214784715],[13.375268824283065,38.127498405093085],[13.374903078519358,38.1285303155662],[13.37309709545652,38.13337340423842],[13.372729682400742,38.13360097808629],[13.370792152303522,38.13314459055848],[13.369698305479066,38.13599297851714],[13.370367390719194,38.13645865755553],[13.37080319482974,38.136777530866304],[13.371240474646415,38.136408124606476],[13.371351896715883,38.13649021946533],[13.370830921598971,38.137002014653525],[13.370816120734224,38.137158408336894],[13.371514632672655,38.137320227646],[13.371455044512414,38.137453630834905],[13.371623667567698,38.137509649866104],[13.372344833089434,38.1376717812047],[13.372570068018412,38.13772860292355],[13.371589101529114,38.1401932171366],[13.372762657129687,38.140439773461715],[13.373696548989965,38.140676521188446],[13.373996813037046,38.139909147110934],[13.375008694288509,38.137302275359424],[13.375631120502407,38.13612119787418],[13.37537937225355,38.13604703709808],[13.375939054791752,38.135006434816226],[13.376190799748407,38.13508059368172],[13.377434803102677,38.13275374156152],[13.37736107463507,38.13271737129372],[13.377531508570856,38.132425257799625],[13.377812537928357,38.1325233695005],[13.376676654389776,38.13468092238908],[13.375292594558463,38.137270874174746],[13.373870939526523,38.140879181181795],[13.373195358938945,38.141093630376574],[13.373117961784299,38.1412221282232],[13.373159797530143,38.14135228300016],[13.373456277970101,38.141427066188896],[13.372170946507055,38.14425980253332],[13.371977718749365,38.14423356786199],[13.372166774780972,38.1437768085143],[13.371343505266486,38.14191606472209],[13.368806069709544,38.14272893911038],[13.369004229368304,38.14320285917585],[13.370430735065444,38.14273970978185],[13.370982223796942,38.142560376923726],[13.371030580502609,38.142612191056976],[13.370458969054761,38.14281077712295],[13.369092321755554,38.143262972477146],[13.3692632900223,38.14361873226294],[13.370461532806447,38.14323556975391],[13.370569551613706,38.14320102812631],[13.371226789365931,38.142992105826494],[13.371275501873244,38.143049863430285],[13.370627589630745,38.14327251449575],[13.369381209706937,38.14367926296874],[13.369350555389309,38.14369480314777],[13.369216489028181,38.14368661343541],[13.369053386952002,38.14373439356855],[13.36887097057139,38.14371140468516],[13.368679538674241,38.143790027019776],[13.368681669617192,38.14382569234568],[13.368784488311952,38.143905263986774],[13.368851805736437,38.1440219032606],[13.368957467487679,38.14414902812834],[13.369102251233253,38.14417341935794],[13.369121566829222,38.14424418805435],[13.369279274016149,38.144232353595356],[13.369463558732006,38.14418234799724],[13.369667470170084,38.14421329349014],[13.369964490698003,38.144264529622184],[13.370081350312374,38.14437217119818],[13.370183321332282,38.14447959400795],[13.370396259778289,38.1445163665944],[13.370463329022549,38.14462483177254],[13.370597987509349,38.14460313712137],[13.370626222553906,38.144674204352796],[13.370728702566394,38.14475808919539],[13.370861008917625,38.144842375895614],[13.370888713735747,38.144936998417435],[13.370976556951383,38.145008886390166],[13.371004538654853,38.14509173075821],[13.371079843928323,38.14505743832612],[13.371196984222543,38.145153300449664],[13.371105726533035,38.14523448528926],[13.37107382279619,38.14532826900441],[13.37117551998878,38.14544746797964],[13.371202442371542,38.14557742386967],[13.371345975030511,38.145826779931035],[13.37283974778102,38.14502293877103],[13.373242652432014,38.14433355921472],[13.37332918397069,38.14446431614288],[13.373188261063133,38.14476862230483],[13.372927061875497,38.145118381443496],[13.371810072583676,38.145738975973345],[13.371403229725665,38.14593358131518],[13.37144481223713,38.14607549589597],[13.371559504442246,38.146134669352165],[13.371542314075606,38.1463831194344],[13.37161238679479,38.146584324484934],[13.371726903011055,38.14679794466015],[13.371749907202403,38.14710452825189],[13.371727408877376,38.14744580733697],[13.371799051169942,38.147576363154464],[13.371780748183609,38.147729236242704],[13.371851584309375,38.14789512725536],[13.37187643400039,38.14811928452995],[13.371829617805261,38.14821286803258],[13.371961930764472,38.14829715214216],[13.372079055037778,38.148393014708994],[13.372165082704905,38.14854732587039],[13.372279604176372,38.14876094606925],[13.37233580399145,38.14891485738648],[13.372427623981837,38.14906563341698],[13.372603954987902,38.14929336384535],[13.372793500424894,38.14967601761704],[13.372760246159782,38.149899096039526],[13.37276574464649,38.15000443985545],[13.372770171911485,38.15008924396277],[13.372909350809257,38.150191771755594],[13.373234137209424,38.15021862935366],[13.373243319444448,38.149805193087346],[13.373427178904267,38.149807740281545],[13.373434128562765,38.15013198399106],[13.373925387604183,38.150306442270356],[13.373791654788386,38.150595189872554],[13.373826651192054,38.1509309852324],[13.374307501514137,38.15093764794759],[13.37428243518781,38.15079200121447],[13.374424110753163,38.15078278505332],[13.374387872540714,38.14986576144324],[13.37409435260057,38.14970521190812],[13.374239755422481,38.149528395280264],[13.374545431631912,38.1497785207393],[13.37461491930659,38.15047246563145],[13.375324047442392,38.15166705912657],[13.375145396363857,38.15206695581583],[13.375288065961872,38.15201304677159],[13.375490544411164,38.15245176593078],[13.376218035289067,38.15218238957049],[13.376184505424922,38.15114245826677],[13.376298160084188,38.151121670590875],[13.376190919366769,38.14957775168194],[13.375712044861544,38.148844602649795],[13.375912757549766,38.148724449431455],[13.376433069159956,38.14950286327413],[13.376641593580816,38.15222178232347],[13.37645861441317,38.15236591823084],[13.376088712672171,38.1527171047924],[13.375811655085968,38.1530124595045],[13.375501227739395,38.15331737748355],[13.37515624110465,38.15366350005651],[13.374944602505192,38.15395060116263],[13.374833098328658,38.1541123567512],[13.374563420386984,38.154482771916385],[13.374571199641688,38.15460767701346],[13.3745583434273,38.15471484311681],[13.3744202434704,38.15481201878374],[13.374427761660792,38.15494426575309],[13.374321011457933,38.155041875465855],[13.374350368972824,38.15513311546822],[13.374462618673467,38.15525853968364],[13.374333501601711,38.15542191130357],[13.37419189444656,38.155675944463816],[13.373996015366952,38.156020060056264],[13.373698492421614,38.15670134199168],[13.373404838987652,38.157209262181],[13.373228571096782,38.15761144690926],[13.37311410992106,38.15805577854993],[13.373203261600503,38.158279989624084],[13.373211143847037,38.158395696334445],[13.373153914075274,38.158617861680206],[13.373036524205018,38.15872359569517],[13.372958942203361,38.158920716857914],[13.37287968525208,38.15919212230149],[13.372745970258185,38.15956186028919],[13.372662509083074,38.159780983508455],[13.372523831266136,38.1601450963711],[13.372398828855207,38.16041062635061],[13.372339097716583,38.16070544842803],[13.372280547477068,38.16091731429828],[13.372294391145232,38.16110183826542],[13.372110854837597,38.16128361664323],[13.371909385421464,38.161465160272456],[13.371850191644526,38.16170536342175],[13.371823416999858,38.162102007467496],[13.371759494658304,38.16255485632999],[13.371717936463313,38.16280949011623],[13.37151675810372,38.162976856123606],[13.371511090360478,38.16323199493071],[13.37123783247069,38.16341252582626],[13.371090499737175,38.16358063185634],[13.37092427025286,38.16379099887195],[13.370795190019434,38.16394517998776],[13.37059522046185,38.16408010966586],[13.370475351334376,38.164403916968205],[13.370278572715893,38.1647015784722],[13.370165175600564,38.165050452217635],[13.369949517048166,38.16524772011546],[13.369586011015327,38.16544293665454],[13.3695542590333,38.16548803022058],[13.369411458938375,38.165690834564465],[13.369407007258989,38.16589103574848],[13.369170968279064,38.16605464400571],[13.369146854579817,38.16618781201422],[13.369799371456729,38.16629699120674],[13.369840124252542,38.16636430972826],[13.369729878181367,38.16657138841055],[13.36922408660157,38.166514305928295],[13.36892505883147,38.166660341313346],[13.36849484241524,38.16700482600938],[13.368086474577021,38.16731621686878],[13.367763704960005,38.167578747802],[13.367180408006355,38.16815471870657],[13.36698100825142,38.16856915637804],[13.366995216559904,38.168681590063514],[13.367052838151476,38.16913755575998],[13.367022405856765,38.16955434860316],[13.367135728677399,38.170156708806466],[13.36725353322359,38.17055886653651],[13.367185706513242,38.17075816516353],[13.367330204250887,38.17091037541028],[13.36728051525397,38.171243443388306],[13.36703625633055,38.17177407748422],[13.366794973069974,38.17217124309241],[13.366718915536573,38.17248850892913],[13.366838632775904,38.172801837444716],[13.36712584933582,38.17325886461175],[13.367498403926708,38.17370031545859],[13.367739782403229,38.174307735038255],[13.367858596524329,38.17469530071639],[13.367737434160231,38.175364793969095],[13.367386028726376,38.17588007421904],[13.366845691899066,38.176292035606636],[13.366499348958053,38.176534967908886],[13.36650870148691,38.177534137388065],[13.366562276214871,38.177680438348915],[13.36658581801072,38.17777167529039],[13.366709844963271,38.177945103097066],[13.36675761657298,38.178097284297834],[13.36670309614172,38.17824803771558],[13.366598095535073,38.178367784052575],[13.36660547022032,38.178610301586296],[13.366654144872118,38.1787220716032],[13.366677449069043,38.178823407250384],[13.36663707474224,38.178913743613776],[13.366557872505403,38.17902374927907],[13.366551551943045,38.17930648814853],[13.36648445221047,38.17944695739165],[13.366367131321631,38.1795463199217],[13.366336816305301,38.179758017565426],[13.366217451805918,38.17994826149797],[13.366175723016404,38.18009920192923],[13.366146309183891,38.180270489289846],[13.366168260130369,38.180432412080656],[13.36607809171251,38.180461446714034],[13.366024448782882,38.18057180941405],[13.365958036785187,38.180682002015125],[13.3660080656369,38.18073318699442],[13.365965410322307,38.18092451963522],[13.365933976577818,38.181186687601794],[13.365902305526966,38.18145895338915],[13.365979252463505,38.181449926510915],[13.366002580881519,38.18155126137237],[13.365909915181838,38.18169137231651],[13.365796381122129,38.1820960432306],[13.36571757346456,38.18228462821074],[13.3656383654701,38.182394633554814],[13.365687493310455,38.18248622707506],[13.365661241148652,38.1825161642246],[13.365571499885423,38.18252502174772],[13.365428135208267,38.18264422292728],[13.365230911307515,38.1828838851707],[13.36501932206414,38.18319406202415],[13.364796530387343,38.18343336453583],[13.364559352299553,38.1837431841083],[13.364427183999164,38.183933256583046],[13.364386805728156,38.184023592409446],[13.364271261035686,38.18404219026027],[13.364190929553631,38.18420266528803],[13.364072004930788,38.184372729104105],[13.363863786763972,38.18453143730879],[13.363656709233426,38.184639655020135],[13.363590051881742,38.18475992652314],[13.363496474841075,38.18494042832598],[13.363261332826411,38.18515936420054],[13.36307936366865,38.185288133653],[13.362885507109802,38.1853763436357],[13.362753782998016,38.185546201817864],[13.36279056954616,38.18561743134627],[13.362751091878364,38.185667374451434],[13.36266382157926,38.185565155286504],[13.362561757492596,38.1855536266471],[13.362485018187828,38.185552554650144],[13.362379333722636,38.185702591771964],[13.362251229607999,38.18571090152605],[13.362183449316174,38.18588166177823],[13.362180519701397,38.18601293319282],[13.362244441866368,38.186013818693084],[13.362253401266402,38.18618566912762],[13.36220155878376,38.18621524765591],[13.36210061255606,38.18615323113573],[13.362021635109405,38.1862531357333],[13.361954305257639,38.186403700207734],[13.361886738670254,38.18656436335761],[13.36157801550128,38.18664085380073],[13.361447882887232,38.18674004280008],[13.361432158173033,38.18687112662684],[13.36130426672663,38.18686935648788],[13.361214303288365,38.18688829094437],[13.36128968492342,38.18694995187013],[13.361262523940066,38.18702027791674],[13.361179467870445,38.187301925853504],[13.361035849052138,38.18743123934046],[13.360947243154945,38.187389586387226],[13.36084357932021,38.18744874243251],[13.360775341614824,38.18763969787938],[13.360772572647111,38.18787582336082],[13.360517389158373,38.188278695965465],[13.360309703474227,38.18855852476859],[13.36023666711237,38.188822552914125],[13.360122824847892,38.188909329718925],[13.360074118987002,38.18908535588131],[13.359795754594526,38.18952323107295],[13.359608082007117,38.18990935111513],[13.35942434956583,38.190118841520174],[13.359507490339805,38.19040273496236],[13.359368919323346,38.19059516228722],[13.359229142054765,38.19084060835277],[13.35926990134896,38.191017880615156],[13.359090151406354,38.191050703589134],[13.359039447833368,38.191315062205625],[13.35885095712343,38.191736515014234],[13.358555780250263,38.19192676053503],[13.358130721523654,38.19192082375214],[13.35795055139184,38.19197131236388],[13.357770021455105,38.192045922503574],[13.357367214108603,38.19199578952424],[13.357346757770939,38.19206966618095],[13.35722517623523,38.19204572648598],[13.357116814778896,38.19185134189686],[13.356929339775514,38.191833891198726],[13.356724755902452,38.19174202291784],[13.356555543774933,38.191747059906874],[13.35639656245085,38.19171517631111],[13.356315376528883,38.19156569009628],[13.356036157741006,38.19145051503999],[13.355943919407876,38.191375053498724],[13.355899640077576,38.191255755494176],[13.355684144581604,38.1912304720208],[13.355640031197593,38.191103752734676],[13.355555024692903,38.19112482239525],[13.355525849157786,38.19116892061261],[13.355066698705393,38.19111797893261],[13.35496423130777,38.19107945476923],[13.354870176459595,38.191085551035805],[13.35486665901226,38.19124126533511],[13.354808822816212,38.19130721620773],[13.354688400549446,38.191231362635385],[13.3546134587512,38.191222896558614],[13.354527435869016,38.1912884374348],[13.3541172393343,38.1911491840885],[13.353748671312662,38.19124785329023],[13.353401060607617,38.19125040147912],[13.353384096967513,38.191168563223485],[13.353291530366112,38.191107924608836],[13.353195795791889,38.19118817526313],[13.353063655052459,38.191215992573106],[13.353033980878978,38.19128233483461],[13.352902666090515,38.19127306515869],[13.352784939116962,38.19107856388707],[13.352692041540772,38.191032765292206],[13.352370087414569,38.19114690923331],[13.352229393671676,38.19113752599105],[13.352050639298273,38.19114984576605],[13.35191849692675,38.19117766184705],[13.351788697326944,38.19110167429531],[13.351558109999907,38.190912985630085],[13.35128629355409,38.19088692664679],[13.351083063624207,38.19092308053468],[13.350886696582448,38.190979472560386],[13.35077771153908,38.19106251888543],[13.350755461196607,38.1911852121746],[13.35078223182854,38.19129322880474],[13.350809198652202,38.19139354573031],[13.350193689815363,38.19148484651527],[13.350050451262234,38.19135981135547],[13.34996231082002,38.19138163907501],[13.350066453956629,38.19151380594288],[13.349813190403486,38.19151793171512],[13.349811090834079,38.191610161904975],[13.350258192041006,38.1920777301365],[13.350337124534141,38.1920327272459],[13.350688260236877,38.192437435333],[13.35156610528021,38.19237289297138],[13.351537551442194,38.19191120360971],[13.351596303821424,38.1918966452976],[13.351653703814007,38.19237412264797],[13.35175105854084,38.19237548802306],[13.351749998636482,38.19242160348082],[13.352374229653675,38.192376543653836],[13.352461484100814,38.192393150503044],[13.35252772353472,38.192478654479615],[13.352487221195537,38.19254726222493],[13.352368851110665,38.19261479555223],[13.352250654056498,38.19267465064485],[13.352113859227533,38.192695796693116],[13.35193846206202,38.19270101890947],[13.351910652004891,38.19263911730234],[13.351705867670752,38.19265162872587],[13.351218895551815,38.19265632030596],[13.350584433417065,38.192724292493786],[13.350231889075559,38.19238105863007],[13.35013767154924,38.19224134806479],[13.350178151053072,38.192172723922546],[13.349150966981684,38.19108961043877],[13.348362338530023,38.19108620979956],[13.348332256992322,38.19112423445325],[13.347816447821037,38.191113122391826],[13.347339290109145,38.19111409562258],[13.347047082701405,38.19111766780033],[13.34693150648188,38.19106223035332],[13.346833286709822,38.191099277650366],[13.346600008163545,38.19108063071478],[13.34656786756297,38.191210865646546],[13.34652666931582,38.19131022641013],[13.346454866856748,38.1914706683789],[13.34640621390256,38.19146998347049],[13.346448280241253,38.19133218697814],[13.34636934926625,38.191377207033284],[13.346252014289128,38.19139862057055],[13.346200910592497,38.19150554206015],[13.346143543358684,38.19145860598735],[13.346175880352268,38.191320673249834],[13.346097144660911,38.19135799345861],[13.34604604075332,38.191464914892975],[13.345975128062344,38.19158692182063],[13.345912881415103,38.19175518067636],[13.345863686147323,38.19177755329953],[13.345888892638282,38.191524196985334],[13.345800081101764,38.19157677564397],[13.345749842609962,38.191645262190605],[13.345717851386873,38.19176781787315],[13.3456474595045,38.1918667667606],[13.345538988501424,38.19192675164269],[13.34542009170113,38.19201733611808],[13.345339769105651,38.19212382851963],[13.345135180724212,38.19212862960373],[13.344940496221797,38.19212588767714],[13.344871490077905,38.19216336242546],[13.344918755360345,38.192225522635106],[13.344799685547693,38.19232380444422],[13.344730158397569,38.192384318067155],[13.34452591599071,38.19237375914753],[13.344399195552414,38.192379655714554],[13.344329666859354,38.192440169164364],[13.34435747174959,38.19250207382124],[13.344336967511733,38.19254791402813],[13.344248823541866,38.192569737628446],[13.344208586042859,38.192626822587535],[13.344264911199696,38.19271987355094],[13.344225096779809,38.192757760850725],[13.344149311400804,38.192664434235894],[13.34405074095123,38.19271685730566],[13.344088819524774,38.19275583979793],[13.344039100865755,38.19280126963367],[13.343952194199002,38.192769297429635],[13.343844240341845,38.192806205054914],[13.343716652067451,38.19285053666505],[13.343674751657565,38.19298063371544],[13.343518988664854,38.192978439040196],[13.343361163547222,38.19306847211869],[13.343193933362487,38.193142990456565],[13.34304546889543,38.193248540206234],[13.342836705730162,38.19343779424267],[13.342729445878023,38.19344396487235],[13.342639735946731,38.193534959209614],[13.342548658422553,38.19368742651996],[13.342536125021377,38.19381027454744],[13.342660240021656,38.19391964679288],[13.342639540793988,38.193973185485056],[13.342485186326408,38.19390949690763],[13.342340565738079,38.19384594459343],[13.342232436305565,38.19389054971504],[13.342066962538226,38.193888214002705],[13.342025754561012,38.19398757369076],[13.341905437619571,38.194139648646264],[13.341771439195638,38.19403779740579],[13.341616891546245,38.19398180635411],[13.341595864578451,38.19405070315805],[13.341545447351193,38.194126868149915],[13.341448784682248,38.19409473946008],[13.34128122419409,38.194184633336185],[13.341164927685686,38.194159927170325],[13.341037067883198,38.19424755833673],[13.340967083886511,38.19429552270419],[13.340808383029927,38.194423969609936],[13.340776034920358,38.19456190150133],[13.340762803276942,38.19471548646012],[13.340761162056923,38.19478849793588],[13.340610775685878,38.19497857508353],[13.340490302564346,38.19513832707701],[13.340163291196147,38.19538740381804],[13.339913631310928,38.19566065611962],[13.339607320926373,38.19585621107345],[13.339458519451357,38.19597711510302],[13.33933995622085,38.19605231536011],[13.339377662652652,38.196106661126485],[13.339375574141899,38.19619889009062],[13.3392568371623,38.196281790043564],[13.339107836872788,38.196410372738846],[13.338989099187508,38.196493271558026],[13.338957444181794,38.19660044813907],[13.338792486566879,38.196575052021004],[13.338732334141657,38.19665107827465],[13.338652346030807,38.196742207838135],[13.338525616943523,38.19674809852225],[13.33832935115386,38.19681451923959],[13.338064071784052,38.19691839098287],[13.337934705299373,38.197039568919784],[13.337807453784414,38.19706853478012],[13.33774677700586,38.19716761765646],[13.33763881201463,38.19720452015498],[13.337549638064573,38.19727245326741],[13.337482364493455,38.19723305417394],[13.337432466188899,38.19728617952953],[13.337354764189529,38.1972773795161],[13.337314421774709,38.19733832181822],[13.337158845192535,38.19732841951194],[13.337070168694407,38.19737329616323],[13.337143686088549,38.19756653569216],[13.337084752089812,38.19758876713353],[13.336973179818454,38.197356540064646],[13.336836543836316,38.19736998997257],[13.336709116470889,38.197406615779386],[13.336649658044506,38.19745190410778],[13.336772006676792,38.19763815445682],[13.336702816170247,38.19768330492018],[13.336617824424051,38.197566778285356],[13.336541866815777,38.19748112655291],[13.336182208955453,38.1974529704903],[13.336189474853803,38.19756071647232],[13.335819909852638,38.197540101362605],[13.335524009467743,38.197705030529036],[13.335457609910193,38.19762721404677],[13.335516894338157,38.197589605375185],[13.335564878280206,38.197621049640695],[13.335802016568028,38.19747065417571],[13.335852442032635,38.19739447227921],[13.335894182482553,38.19727205715699],[13.335916087612812,38.197164743995586],[13.33574453864594,38.197000860456086],[13.335824157224282,38.19692509353541],[13.335729611985814,38.19680074807898],[13.335468886672103,38.1967047958723],[13.335128846412031,38.196669216151044],[13.334681062049164,38.196662872415914],[13.334349379734146,38.19668891892419],[13.33384123929598,38.196766276210305],[13.333336422019675,38.1969283559454],[13.333010322158856,38.197061471372606],[13.332866464156007,38.197135940618836],[13.33273436342661,38.19726160385293],[13.33263664415158,38.19729592807714],[13.332448746497722,38.19731875702063],[13.331931679033548,38.19760730180415],[13.331741834895514,38.19773031516969],[13.331446344443227,38.1979217855409],[13.330487633560319,38.198591751443004],[13.329922680377795,38.198996933449685],[13.32961359485943,38.19923229777236],[13.329112513244452,38.19966898153439],[13.328875747229104,38.199849268814035],[13.328637608806252,38.20009075152869],[13.328484729010064,38.20027732864346],[13.328021393224828,38.20075791559064],[13.327722769892437,38.201100551709146],[13.327357446513346,38.20153405909591],[13.32717095315647,38.2017762707412],[13.326828954533331,38.20231980798148],[13.327001846371287,38.20238858781344],[13.327141251077677,38.20222731941966],[13.327102960614434,38.20220637739371],[13.327176707051617,38.20209008744961],[13.327344420292714,38.20210268985273],[13.327567359918959,38.20224360463252],[13.327347656080434,38.2025261466242],[13.32748755442036,38.20262506582605],[13.327320808508482,38.20285225243347],[13.327249048209312,38.20288185080266],[13.327165297181928,38.20287044574644],[13.326971891375798,38.20313296179715],[13.326612929198342,38.203005405634265],[13.326673528072275,38.20289915552963],[13.326711700899027,38.2029251925151],[13.32689981012473,38.20261159477732],[13.326733136342545,38.202553099417045],[13.326479250756716,38.20291678794573],[13.326257883950115,38.20327073451506],[13.326069119508393,38.203612373859016],[13.326026642583386,38.2036962813793],[13.325740276464543,38.20496431836787],[13.325604567176617,38.20559178005331],[13.325649174936345,38.20591397610286],[13.32578642781729,38.20635377074852],[13.325858684690662,38.20655718939574],[13.325884133752583,38.20662883427666],[13.326028434534765,38.20676086710128],[13.326099491950414,38.206686640153826],[13.326262216981172,38.20677105052303],[13.326225367270427,38.20686629672037],[13.326388794986364,38.20691995163857],[13.326533275479434,38.20704515383358],[13.326849607581766,38.20723437895736],[13.327093409586633,38.20680685799905],[13.327162595804374,38.20673983988749],[13.327231455602279,38.206755169500525],[13.327179267380217,38.206842274012295],[13.326952315133992,38.207290569699715],[13.327167208816839,38.207368901214856],[13.327503055131645,38.20746261395897],[13.327718882669407,38.207499906915956],[13.327808803610063,38.20735750910621],[13.327935261276709,38.207133543490045],[13.328072573715872,38.2068139618247],[13.328297988214132,38.20681032442897],[13.328222799646579,38.20711174668415],[13.328582975311262,38.20745588867811],[13.328345565882087,38.207761960590375],[13.328514624839782,38.20794909339224],[13.328631698224374,38.20813547322986],[13.32874908028943,38.20830817325957],[13.328866544463343,38.20847747647231],[13.328923285823528,38.20864931923165],[13.32888643781847,38.20874456613692],[13.32900397895899,38.20891043486152],[13.329088110872174,38.20902109673258],[13.329059921497882,38.20911646781095],[13.329116507544462,38.2092951575241],[13.329190587831837,38.209467244849094],[13.329282447372895,38.2096190662638],[13.329410531302651,38.20970298120748],[13.329434331000748,38.20979910546189],[13.329503502379195,38.209806934135656],[13.329578669669901,38.20993115108769],[13.32949755993254,38.210066824640954],[13.329617299912574,38.21013693715113],[13.329664666252246,38.21023552655153],[13.329708307899068,38.21032636296668],[13.32984301260203,38.21049932678606],[13.3298751822605,38.21060925211705],[13.32999350306726,38.210740912127875],[13.32996547058286,38.21082945247869],[13.330094202602327,38.21088602503717],[13.330126195048221,38.21100278105621],[13.330244518184301,38.21113444159832],[13.330380178492044,38.21126636462588],[13.330515374356601,38.211418797131536],[13.33059101134887,38.21152250439813],[13.330597187056178,38.211632042829436],[13.330628405891801,38.21178300692578],[13.330704352253603,38.21187301549708],[13.330666397836497,38.212016150832476],[13.330542910338787,38.21211017460432],[13.330540097932305,38.21223328927976],[13.330346351163575,38.21236735406265],[13.3299727776416,38.21240650316929],[13.32986551754627,38.21254865804347],[13.329761693153683,38.21254033858736],[13.329623524192781,38.21251783296717],[13.329458741181648,38.212522335750805],[13.32921754737556,38.21245733844176],[13.329054626987457,38.21237976494133],[13.328899920827538,38.21232282154104],[13.328816560504533,38.212177969474695],[13.328672864026021,38.21201856453837],[13.328419192777893,38.211741298282135],[13.328221312120935,38.21167691079929],[13.327962473587753,38.211625326596184],[13.327658283346102,38.21166203510734],[13.327466085949759,38.2117277155188],[13.3274374802632,38.211747677552516],[13.327360398329953,38.21180147054267],[13.32704581808384,38.21191328278009],[13.326872533629949,38.21191081046676],[13.326836615853146,38.2119650374366],[13.326714365784659,38.212004339365556],[13.326549272673144,38.21202251774151],[13.32636427709052,38.21215328167742],[13.326156472094292,38.21214346819188],[13.326007760272264,38.21220292936263],[13.325823929459192,38.21228240963267],[13.325630640471621,38.2123959555612],[13.325471092471815,38.21255103023499],[13.325286924141116,38.21264417061566],[13.325166407325794,38.21260824314162],[13.325069995758863,38.2126547612137],[13.324823311577841,38.21282911812493],[13.324585597320706,38.212989917410496],[13.324444139141807,38.213111047621986],[13.324315119518534,38.213068164834304],[13.324246902621022,38.21301929486134],[13.324063379925805,38.21308509278288],[13.323904893361837,38.2131922782344],[13.32368342389815,38.21340120962489],[13.323569203730191,38.213467990829905],[13.323447439886303,38.213486778057856],[13.323269901991702,38.21366896490455],[13.32314813555861,38.213687734812034],[13.322919539593062,38.21382814409779],[13.32278447684276,38.214048568353036],[13.32263215180853,38.214265311582416],[13.322584121080002,38.214469869761444],[13.322692354358256,38.214662964624786],[13.322810048464756,38.21482200884405],[13.322807714391008,38.21492459631894],[13.322822981507418,38.21501374966987],[13.32286317877591,38.21515115972169],[13.322956767997402,38.21522774048791],[13.323120757245192,38.21525745396097],[13.32315291977376,38.21536738245385],[13.323082186825367,38.21542792845788],[13.322950002468053,38.215521822273594],[13.322902751617065,38.21569219097671],[13.322863869165138,38.215876344312434],[13.322790622959934,38.2160463453972],[13.322814414663277,38.21614245248996],[13.3228808963612,38.2162665511392],[13.323192010746094,38.216252416241225],[13.323543029764899,38.21618670659466],[13.323697126313098,38.21534697751305],[13.323765993888506,38.215362308709395],[13.32362084282777,38.216225537199826],[13.323450117714295,38.216285804032495],[13.323183085934668,38.216318761492396],[13.322888152412478,38.21632822213563],[13.322887063850501,38.21637610941013],[13.322902198699298,38.21647209274926],[13.322984751141883,38.216651157784135],[13.323654942444067,38.216530752512654],[13.323706157278979,38.216565679426374],[13.323874863806388,38.21639021865422],[13.324239073511114,38.21600545711433],[13.32426017068839,38.215841566965516],[13.32431306678121,38.21542500448594],[13.324460207216235,38.21543394111511],[13.32445852779701,38.21588544997634],[13.324421282855788,38.21599779113248],[13.324321730714122,38.21618108489855],[13.323913873871664,38.21657891192918],[13.323843763959072,38.216612118657785],[13.323894512161983,38.21666757323567],[13.3238324369869,38.21672826223537],[13.323483331677105,38.21683274187579],[13.323335230768247,38.21686482455683],[13.323118130226748,38.216882243297846],[13.322710575119727,38.21689010461318],[13.322536477027727,38.216921834963415],[13.32238634992365,38.21704282157118],[13.322349179576554,38.217151763932556],[13.322327277783868,38.21734984432272],[13.322333443551136,38.217459402694416],[13.322346217393921,38.21765797456427],[13.322283986566164,38.217725510775324],[13.32227203309061,38.21786899412634],[13.322241938542758,38.21804644018318],[13.322183355362899,38.2183329532085],[13.32222150559324,38.21855927021191],[13.322244187123294,38.21870326456864],[13.322204966823895,38.21890109936912],[13.322235237542172,38.21909308417751],[13.32227494573294,38.21925100583157],[13.322204053864589,38.21931841841266],[13.322089847358937,38.21938519787458],[13.321966156669198,38.21948604477315],[13.321915118903846,38.21944426654683],[13.321855399951248,38.21940236809999],[13.32178733507111,38.21934666606139],[13.321643777153495,38.21940661372982],[13.32125518166054,38.21974410659963],[13.321065015627234,38.2199368633342],[13.320965449579216,38.220228650223504],[13.32092662841099,38.22057017434646],[13.32098516594147,38.2207176065656],[13.320795538473908,38.2208859407977],[13.320768042398065,38.22100301819697],[13.320762826998568,38.221033589515905],[13.320942988605745,38.2212056914284],[13.32060088496724,38.221274104749035],[13.320101236580138,38.22146241002396],[13.319754645054902,38.22172622883396],[13.319468819820402,38.222039784832184],[13.319242632725256,38.22245190837362],[13.319204407736887,38.22276884931346],[13.319196519399485,38.22311097722428],[13.31894836735882,38.22313185703074],[13.318758750776063,38.223300168851615],[13.318818392649758,38.22339877314173],[13.31860063504564,38.22344452104774],[13.318439158958032,38.22373541504098],[13.318214653489774,38.22407426527924],[13.317993508809197,38.22426657220724],[13.317618756641851,38.224407803897414],[13.317341920580727,38.22433053868301],[13.3169379227421,38.22439803139769],[13.31668807160425,38.22449219577656],[13.316466944363961,38.224684482166474]]]}}]}
