{"type":"FeatureCollection","metadata":{"code":"084009","referenceDate":"2026-01-01","sourceDbfExportDate":"2026-02-18","upstreamArchiveUrl":"https://www.istat.it/storage/cartografia/confini_amministrativi/non_generalizzati/2026/Limiti01012026.zip","sourceManifestSha256":"70ac8256c4785dc6ed2814c32b6965ae76f9161b51abaa1660059e1c6cbd8ca6","license":"https://creativecommons.org/licenses/by/4.0/","attribution":"Istat, Confini delle unità amministrative a fini statistici al 1° gennaio 2026, versione non generalizzata.","modifications":["Converted from WGS 84 / UTM zone 32N (EPSG:32632) to RFC 7946 WGS 84 geographic coordinates.","Converted from shapefile to per-municipality GeoJSON without geometry simplification."]},"features":[{"type":"Feature","id":"084009","properties":{"code":"084009","name":"Cammarata","alternativeName":null,"regionCode":"19","regionName":"Sicilia","territorialUnitCode":"084","territorialUnitName":"Agrigento"},"geometry":{"type":"Polygon","coordinates":[[[13.695533702928993,37.69487556014311],[13.695060874378568,37.69487627726325],[13.694991874322794,37.69487638208893],[13.694185180059105,37.69487760087387],[13.692912384674441,37.694946377290954],[13.692708194825153,37.69491479102161],[13.691983070448085,37.694802616716956],[13.691396637151382,37.69471189528159],[13.690849718540353,37.694488145404186],[13.690468632487304,37.69433223768205],[13.6904364591893,37.694319075109185],[13.689992861935567,37.69413759056339],[13.689606478868416,37.69397950996512],[13.688246531865918,37.69326147584032],[13.687154546568642,37.6928164131962],[13.686384265478248,37.69275480429357],[13.68536233279505,37.6928247736385],[13.684344152150748,37.69287390485914],[13.684295317818346,37.692876260624004],[13.683227181000849,37.69299982306204],[13.682275175193372,37.69294315244433],[13.681154148706867,37.692823407763235],[13.680390199883085,37.69260890763607],[13.680346322923441,37.69259658781482],[13.680290308961876,37.69258086117725],[13.679879375582777,37.69246660688012],[13.67958793364073,37.69238418555479],[13.678818540383801,37.692166593540314],[13.678686777001666,37.692109435778534],[13.677748824994785,37.691702553927726],[13.677105600059578,37.69137276581123],[13.676636291813827,37.69113214409288],[13.676291790726696,37.6908705083978],[13.676263013641826,37.690848654068496],[13.675841876011477,37.6905288126922],[13.67572914215921,37.690449340844744],[13.67563223893149,37.69038102926393],[13.675602447259294,37.690360028298485],[13.67528316977343,37.690134951064955],[13.67524530243883,37.69010825593134],[13.6751918693968,37.69007058794231],[13.67447689592545,37.68977535194305],[13.674291457260543,37.6896987912774],[13.674238773385992,37.689681523556224],[13.674141989324964,37.68964980268245],[13.673096899174482,37.68930726491819],[13.673066143280716,37.689289996637264],[13.672133377593525,37.68876627946884],[13.672151206802468,37.68866243918746],[13.672324862291722,37.68779627481446],[13.672366837268395,37.68758691056816],[13.672961416671933,37.68645671577649],[13.67299674251642,37.68638956802548],[13.673082992165048,37.68622561842593],[13.673123117796287,37.68609259821367],[13.673492656631813,37.68486749628149],[13.674239838025938,37.68432674245947],[13.674905754413171,37.68385675417827],[13.67483426181727,37.68331815138464],[13.674785952755489,37.68295419497529],[13.674210491950378,37.68213727851607],[13.673453348681704,37.68137034479394],[13.673447345255985,37.680997090307216],[13.673442638604659,37.68070434457372],[13.673908890446965,37.679987879854345],[13.673780052509729,37.679571982489996],[13.673356772769193,37.678795181785766],[13.67334055040761,37.67876541082276],[13.673330704928823,37.678034104048265],[13.673272601524463,37.67770111379482],[13.673207805799544,37.67732976887824],[13.672646164975594,37.67643866095777],[13.67257931460863,37.67633259486066],[13.672288349622038,37.67574455344169],[13.672181261007278,37.675092087316024],[13.67214966885761,37.674861929900416],[13.672069012123895,37.6742743284088],[13.672064646946318,37.67424252937872],[13.672061082034453,37.67421655954086],[13.672013754276726,37.67417644271595],[13.67140833446249,37.67366328059672],[13.671362310846606,37.67362427076468],[13.671262308811604,37.673539506262586],[13.671200918892506,37.6734874688464],[13.67118715621062,37.673442944772404],[13.671017420246868,37.672895201989334],[13.67094623506258,37.672738921264184],[13.670680281614315,37.67215502908382],[13.670494758160816,37.67184216599713],[13.670196366528968,37.67133895491044],[13.670040212939275,37.6710937702397],[13.669936242044328,37.670930521578505],[13.66983426119153,37.67077039450359],[13.669699883704922,37.67055939756348],[13.669362623194337,37.6699567686577],[13.669293105968585,37.66983255142722],[13.66918689278207,37.66973547818653],[13.66881384143958,37.66939453045104],[13.66814922118,37.66911696102491],[13.667758647967059,37.668987226997864],[13.667337819702626,37.66884744146079],[13.667069645731857,37.668573429278794],[13.666970291270019,37.66847228775635],[13.666596469334223,37.66833563629185],[13.666146061991359,37.668170998699466],[13.666083102164102,37.66814833721052],[13.665938090925392,37.668091034130896],[13.665607196702366,37.66796009464586],[13.665568021479245,37.667944592486506],[13.665191456730787,37.66779557838021],[13.664570974053959,37.6674710704914],[13.66443477096653,37.6673540428576],[13.664270531070247,37.667212925244165],[13.663907558293742,37.666916929123985],[13.663741592383357,37.66678158699628],[13.663478881562591,37.66656734714707],[13.663439217749596,37.6665353442355],[13.66340313074338,37.666505349269435],[13.66335415630573,37.66646562532897],[13.66328849063105,37.66641206066327],[13.663228278595993,37.66638235872049],[13.663094838120188,37.666316532387675],[13.663055282548122,37.666297019718726],[13.662998630428612,37.66626907232886],[13.662919566974866,37.666230064832405],[13.662384018611723,37.665965240124315],[13.662356105377855,37.665951441282886],[13.662321868195399,37.665936936538685],[13.662145613897032,37.66586363630589],[13.661466951762748,37.66558139353195],[13.66085044863023,37.66517804414482],[13.660802994870902,37.665134203528716],[13.6603153229901,37.66468365771336],[13.659748191810333,37.664073454631136],[13.659432217551567,37.66335874356853],[13.659174361569875,37.66255393831675],[13.658925483038013,37.66193788231076],[13.658381124585658,37.661050047924284],[13.65826552950344,37.66084050752898],[13.658144650310339,37.660620001689615],[13.658127732773938,37.66058914180794],[13.658000996870426,37.66035794800992],[13.65770650591776,37.659725673330925],[13.657397089579012,37.65917229502445],[13.65737644068,37.65913536413409],[13.657350308451386,37.659113948432896],[13.656818222117591,37.65867789329745],[13.656607702452652,37.65859798943939],[13.656356247943616,37.65850254850075],[13.655398824442399,37.6581936964002],[13.65448175057054,37.65811063470233],[13.65339373925474,37.658079364999146],[13.653224472741146,37.658097360210164],[13.652584187427776,37.6581654270317],[13.652314856538302,37.65819405777657],[13.65122322617552,37.658388053818115],[13.650942001523047,37.65845346307461],[13.650255311294364,37.65861317453667],[13.649231458979813,37.65881572544051],[13.648959313813991,37.658871603402204],[13.648720188324633,37.65892070102674],[13.648104630899665,37.65904708592121],[13.647870040680194,37.65890226666855],[13.647631286464078,37.65875487896199],[13.64758025524797,37.65872337236219],[13.647524148308527,37.658688733986494],[13.647480897339788,37.65866203366386],[13.647155312973105,37.65846103655279],[13.646503607549601,37.65795530937496],[13.64634462037124,37.65789117766662],[13.64618256789136,37.657825808648894],[13.645932373174093,37.65772488351284],[13.645599004311439,37.657725672202965],[13.645535562734748,37.65772607510011],[13.645286889688514,37.6577276546423],[13.644909315580886,37.657730052698554],[13.644783341142789,37.6577308083421],[13.644625047855891,37.65773175757745],[13.644477577735058,37.65773264245855],[13.64391421395201,37.65773602640024],[13.642775997258514,37.65784124950264],[13.642323019165492,37.657907676146614],[13.64226635877957,37.6579159844613],[13.641809927823877,37.657982915468324],[13.640868217752699,37.658026819559495],[13.639825670202471,37.65798686205773],[13.63961439818194,37.657960359000796],[13.639579629005947,37.65795599457783],[13.639033615448334,37.657887493037784],[13.63823255516932,37.65768941846539],[13.637441781761455,37.65755397342255],[13.63621935375262,37.65743325851127],[13.63524199746674,37.65756406483044],[13.634311710077174,37.65759844685162],[13.633958798354112,37.657269551989934],[13.633676600656976,37.65700655580835],[13.633186330699623,37.65652377448605],[13.632652514269418,37.656382594569266],[13.632609447000904,37.656371200407186],[13.63251998215698,37.65634753894534],[13.632430517307828,37.65632387651317],[13.632119028280451,37.65635547266611],[13.631974381562598,37.656370144756686],[13.631932395387233,37.656374403320264],[13.631780795712167,37.65638978647427],[13.631583567804244,37.65640979093047],[13.631369568439741,37.656431496054054],[13.631306246292162,37.65643791867661],[13.631154623091454,37.65645844253361],[13.630204019090328,37.65658711570103],[13.62947946109814,37.656525554574806],[13.629151234218238,37.6564844226737],[13.628310401602866,37.65619327730597],[13.628004383381429,37.656087313211636],[13.627948657122795,37.65606801610577],[13.627886063398092,37.6560463412387],[13.627664572574444,37.65596964618088],[13.62756292585191,37.655934442287155],[13.627083865711182,37.655733796154216],[13.626789202410514,37.655610380101756],[13.626742316094592,37.65559074212784],[13.626690763174453,37.65558111034333],[13.625844240042367,37.65542294949882],[13.625740835538306,37.655403630195906],[13.625621975469386,37.655385363965884],[13.625568276997681,37.65539341811092],[13.625164743895317,37.65545394110143],[13.625079371750816,37.65546674471881],[13.624681321241642,37.65552644363292],[13.624589064694094,37.65554027928716],[13.624403525138655,37.65558287573645],[13.62419983575608,37.65562963870995],[13.624059674717003,37.655661816080816],[13.623998643297561,37.65567582773201],[13.623907388154743,37.65569677784317],[13.623394067978069,37.65581462108469],[13.623331772558274,37.65584905620469],[13.622768208370156,37.65616058445521],[13.622634486029492,37.65623450294507],[13.622436505002682,37.65637142338574],[13.622308250082027,37.65646084309832],[13.62225790163354,37.656495944165826],[13.62216920026144,37.656557787775796],[13.622096796841412,37.65660826614144],[13.621575626607164,37.65697162225328],[13.621523342711761,37.65700807335787],[13.621432466344492,37.65707143108291],[13.621363127059363,37.65706515475892],[13.621268248116223,37.6570565651233],[13.62061722622875,37.6569976239756],[13.620433605620523,37.65691402490598],[13.620325891830099,37.65686498551871],[13.619670403299112,37.656568955009334],[13.618904624310932,37.65635679380696],[13.618765119054085,37.656318143308674],[13.61863960417292,37.65628336830905],[13.618601918751422,37.656272927630795],[13.617710922574542,37.65603591686194],[13.617643044162143,37.6560178606206],[13.617420482045446,37.65592060477077],[13.617171499082756,37.655811801724575],[13.617094235460831,37.655778038541925],[13.617056879780502,37.65576171432736],[13.616982779733956,37.655729332775635],[13.61690077614894,37.65569349668436],[13.616725786982943,37.65561276906955],[13.616354965836507,37.65544169343337],[13.616271064072974,37.65540298637468],[13.616109318435804,37.65546549446971],[13.616019406445908,37.65550024239861],[13.61593934327634,37.65553118446829],[13.615764495810094,37.65559875571095],[13.615175206289537,37.655826461200256],[13.614915738132789,37.65596921856384],[13.6148186360401,37.656022644010505],[13.614487841808577,37.656204642238755],[13.614366918165961,37.65625239171569],[13.614244984870856,37.65630053998972],[13.613620575601427,37.656547098852855],[13.613078361797685,37.65661080073712],[13.6126927927467,37.65665609819682],[13.612642889988255,37.656661960570524],[13.612544620221062,37.65666443536702],[13.612281870754265,37.656671052417536],[13.61167870086681,37.65668623995113],[13.611297722869146,37.65664114448741],[13.61092376327761,37.65659682293836],[13.610840333106708,37.65658529876883],[13.610517367138751,37.656526147530144],[13.610182063405913,37.65646767314319],[13.61014112512861,37.6564605335273],[13.609943076873428,37.65642136802138],[13.609768954915051,37.65638685607391],[13.609361989099048,37.656306421093824],[13.609202957172746,37.65623460353029],[13.608905486563334,37.65610026882318],[13.608563713979306,37.655945924691586],[13.60843617839533,37.65592233742381],[13.60803379828815,37.65584791610823],[13.607990279208645,37.65583986628493],[13.607876696977609,37.65582069716475],[13.607840362225028,37.655812139091516],[13.607776251039565,37.65580876246646],[13.606957473234285,37.65576563545696],[13.606185933178374,37.655791330617404],[13.60580415799269,37.65580627058241],[13.605645079147896,37.655812495055066],[13.605467137650155,37.65581945733439],[13.60508557658548,37.6558343856841],[13.604860636268132,37.655829216537576],[13.604179499949076,37.655813559061095],[13.60405531310934,37.655804780565674],[13.603420750057008,37.655759923206205],[13.602581141266796,37.65579500668837],[13.60191461525201,37.65586781804012],[13.601842739046498,37.65587566964083],[13.60148414438785,37.65592326914454],[13.601217780756583,37.65595862462777],[13.60097466293693,37.65591246969147],[13.60083608764325,37.65588616068804],[13.600460556203421,37.6558148659087],[13.59997923465801,37.65569377696378],[13.599817614615752,37.65565311649645],[13.599129315751046,37.65550215521407],[13.598742100104566,37.65540047920406],[13.598226159495459,37.65526500007084],[13.598036280472884,37.65518024783012],[13.597845840360552,37.6550952443032],[13.597562888202015,37.65496894706967],[13.597114859350674,37.654623613017506],[13.59708430480668,37.6546000622194],[13.597021264186006,37.65455147168246],[13.596803913445855,37.65438393681508],[13.596245916364786,37.653935158876514],[13.595652192435791,37.65350354339808],[13.594981728578592,37.65308837175316],[13.594642965942155,37.65296202570343],[13.594602419074315,37.65294517567838],[13.594555301778684,37.652919840828766],[13.59449920609356,37.65290181987243],[13.59436460996716,37.652859606012896],[13.59431556318448,37.65284152689109],[13.594012093860636,37.652727761729594],[13.593569942581906,37.65258714621414],[13.593376505598227,37.65252562813636],[13.592952714734416,37.652390847470436],[13.591801321300572,37.65213405694942],[13.590896493381004,37.652041015505006],[13.590214403122772,37.652012400055504],[13.590119838776525,37.65200843236115],[13.589978725957877,37.6520025124076],[13.588995131621044,37.65188325592734],[13.588806822646184,37.65184268547634],[13.588716386510429,37.651823201274496],[13.588632523701715,37.651805133193015],[13.588506976948324,37.651778084352536],[13.588464196649397,37.651768867187],[13.587579729808985,37.65119093548345],[13.587448697232182,37.65096163294653],[13.587414768868783,37.6509022587533],[13.587382134529408,37.65084515138189],[13.58743141699174,37.65075922403273],[13.587581583241342,37.6504973951408],[13.587604920330024,37.649899848964665],[13.587536088952419,37.649462550742186],[13.587512985915069,37.64931577767482],[13.587500811794563,37.649106026143585],[13.587482618239164,37.648792574644716],[13.587478955977387,37.6487294686404],[13.58739799007455,37.64853881954712],[13.587305884163932,37.64832193662025],[13.587251861180814,37.648226042246534],[13.587179189820269,37.64809704591989],[13.58698399337437,37.64775055672729],[13.58693229996441,37.64765879615605],[13.586501629215114,37.64701265022665],[13.586480346986079,37.64698743654178],[13.586312453669786,37.646812179290585],[13.586282658180828,37.64678107674221],[13.586220441735412,37.64671613158808],[13.58590231821691,37.64638404872589],[13.585754108594244,37.64623278420619],[13.58544758591496,37.64591994167388],[13.585113717283333,37.6456225397621],[13.585009457610967,37.64552966627538],[13.584697631888421,37.645251896086855],[13.584509848878552,37.64507850936166],[13.584479155400269,37.64505012509544],[13.584209217582876,37.64480048644066],[13.584065827962705,37.644667880729195],[13.583995249317516,37.64462153774989],[13.583837314906964,37.6445178348341],[13.583616582273486,37.64437289548682],[13.583343735419435,37.64419373609249],[13.583204989938572,37.64410152355526],[13.583025005164076,37.643962378012425],[13.582770662648993,37.6437657472985],[13.582593711941616,37.643628945200525],[13.582484204692832,37.64354428358049],[13.582430407889817,37.64350269271043],[13.582216130993682,37.64333703203279],[13.582041676017088,37.64320215646977],[13.582003479736972,37.64317141663753],[13.581382545202002,37.6426716766478],[13.58133169672892,37.64263470590389],[13.58124031026469,37.64256826146025],[13.581117783366096,37.64247917609374],[13.58073057502526,37.64219764361512],[13.580588926392258,37.642094652374794],[13.580014164705105,37.64171542257034],[13.579963952515778,37.64168229185775],[13.579924724823895,37.64165640878781],[13.579738232712854,37.64153336083807],[13.579353095142181,37.64093368535938],[13.579047754849501,37.64030838317015],[13.57894936261843,37.640145889037434],[13.578750732405506,37.63981784445157],[13.57865926401433,37.639636370573285],[13.578606443879199,37.63953157642058],[13.578554845312567,37.639429203304644],[13.578209944281342,37.63904634133993],[13.577631708061956,37.63867225754438],[13.577453146983572,37.63855673707111],[13.5773629555817,37.63849838801777],[13.57731363625184,37.63852166713603],[13.576805529356667,37.63876149707436],[13.57671047015132,37.63880636483658],[13.57636486584649,37.6389694901435],[13.575531659128146,37.638679911401425],[13.574677837409588,37.6382740417849],[13.574247704534455,37.63808976882378],[13.574167561252308,37.6380554333996],[13.573834580857515,37.63791277951874],[13.573599692107015,37.63781310174494],[13.573315253830145,37.63769239706384],[13.57254167463698,37.637364112436195],[13.571993580464586,37.63717699844799],[13.571719927625638,37.63708357465578],[13.571621033629697,37.63704981333972],[13.571475341022115,37.63700007300262],[13.571396093406554,37.63697301831372],[13.570533700867566,37.636566867407055],[13.570236851017436,37.63642691788599],[13.56982016917836,37.6363034872057],[13.56940658745943,37.63618445306177],[13.569147527662315,37.635942335493894],[13.569101948351939,37.635940339815676],[13.568663242585316,37.6355303755972],[13.568519921529559,37.63543319505648],[13.567827467217977,37.6349741311044],[13.567258950344032,37.63449861189343],[13.566801033587039,37.633982934593355],[13.566570893393592,37.63372376084937],[13.566530327380422,37.633671844959686],[13.566499833457488,37.63363281886168],[13.566467916531899,37.63359197196673],[13.566397565756509,37.633501934540455],[13.56636855769625,37.633464809611745],[13.566251538892066,37.63331504579037],[13.5661230280304,37.6331505728864],[13.565951067163239,37.63293049045843],[13.565075118302136,37.63258846849519],[13.564779195858609,37.63246042681755],[13.56434443765192,37.632272310869254],[13.563624404112929,37.632003026240895],[13.562138125298217,37.631506739986825],[13.561191587052985,37.631178673681994],[13.560778208199332,37.631065611654044],[13.56036956509256,37.630953842616705],[13.559562357262065,37.63108642173919],[13.558817107590999,37.63140533781369],[13.558636785644563,37.63148250202967],[13.558120735666451,37.63178167713436],[13.557757184206654,37.63183177296623],[13.557668105996505,37.63160870962737],[13.55763765485893,37.63153245239498],[13.557783146807536,37.631255026684954],[13.557800022969074,37.63122284548593],[13.557919685324952,37.63099466738098],[13.558182722596236,37.63033154866826],[13.558324813702495,37.62996471106789],[13.558397869806686,37.62977610066988],[13.558428307054688,37.629473415438234],[13.558433038399333,37.629426370444385],[13.558438783933365,37.62936923529691],[13.557983325049602,37.628553605689774],[13.557967433199709,37.628525146250304],[13.557841876085288,37.627869484759394],[13.55780308723274,37.627666922539895],[13.55764507217957,37.62706082987771],[13.557570054817617,37.62677308358406],[13.557375033197006,37.62630241494116],[13.557127490688654,37.62570498036366],[13.557119937806027,37.625676548376155],[13.557046788410828,37.62540120559652],[13.556981771610165,37.625156469825065],[13.556949273561184,37.62503413844491],[13.556934689880332,37.62494808141369],[13.55688474730651,37.624791245189776],[13.556848358391058,37.62460669294823],[13.5566477201964,37.623589092989235],[13.556580214325233,37.62334771975531],[13.556382344739005,37.62264021009764],[13.556051028822964,37.621887811558494],[13.556023994670635,37.62181425574625],[13.555626358966606,37.6212599992386],[13.55537302968905,37.6209638093339],[13.555309059155247,37.62088901732436],[13.555128677623212,37.62067811409599],[13.554480701146547,37.62013803944214],[13.553596723410632,37.619649877753794],[13.55236881829418,37.619207284975424],[13.55205886983116,37.619124322080886],[13.55199707859507,37.619107781530694],[13.551535721069987,37.61898429181327],[13.551482788908597,37.61896115735151],[13.551273958736259,37.6188698923819],[13.551053708955868,37.618773634038256],[13.550997627060893,37.61874912515212],[13.550366635836115,37.6184733541315],[13.54969951686628,37.61801450582774],[13.549607294219951,37.61795107362365],[13.549242079455354,37.617441888626686],[13.549209728307204,37.61739678168316],[13.54851808829603,37.61684710739269],[13.548167885075989,37.616594335607125],[13.548095268445456,37.61654192139659],[13.54788327712699,37.61638890758805],[13.547768967428501,37.616306397905504],[13.547862675848801,37.61609114544314],[13.547913967291183,37.61559808450944],[13.547936982875047,37.615376847795275],[13.547948746662218,37.61526375544976],[13.547654855709077,37.6149614775462],[13.547641725271655,37.614932805386786],[13.547332430644637,37.61463234900967],[13.547123986497047,37.61427790679571],[13.547096211147444,37.614218311621435],[13.546786918485171,37.61355466791028],[13.546433398110763,37.61302569586287],[13.546340681482341,37.61261949234348],[13.546332129734354,37.61189933924371],[13.546353779570168,37.61120196318548],[13.546355000805628,37.61116259577675],[13.546361241476676,37.61096157915599],[13.546807569585983,37.610147300456184],[13.547062286397813,37.609711549833094],[13.547078819269272,37.60968326687973],[13.547111033141062,37.609628158643204],[13.5472047957842,37.609467754373085],[13.547278961675007,37.60918419916618],[13.547414203606923,37.60866712289857],[13.547413150636473,37.60783618129013],[13.547410798925627,37.60779700407964],[13.547412822126004,37.60757744077393],[13.547372867548885,37.607050166231495],[13.547371607088913,37.606987699123465],[13.547368097313958,37.606937479967954],[13.547448518645615,37.60688786919445],[13.547497773557787,37.60685748418876],[13.547547986374154,37.60682650919224],[13.547757451420471,37.60669729142545],[13.54787949467154,37.606650935528904],[13.548146755290889,37.6065494191292],[13.548402149640273,37.6065672560156],[13.548462600410037,37.60657147870283],[13.548569763696085,37.606578963171636],[13.548633932804252,37.60658366088225],[13.548823912180787,37.60659671305947],[13.548914873632748,37.606603065000215],[13.549208446041261,37.60658444619718],[13.549649201741918,37.6065564913723],[13.549732425552461,37.60655121287246],[13.54992961908985,37.60647472037074],[13.550212140058711,37.60636512920368],[13.55038350303954,37.60629865370174],[13.550425137723328,37.60628358610209],[13.55061124698508,37.6062162324811],[13.550729340231268,37.60617349370158],[13.550840516659946,37.60613325923259],[13.550940729111485,37.60609699138967],[13.551002351375248,37.6060937625961],[13.551065201344718,37.60609046921447],[13.551758845743507,37.60605412138656],[13.553173926487487,37.606089483322556],[13.555482985526577,37.606108250327665],[13.555601310493792,37.60609208223413],[13.55651722787908,37.60596692302516],[13.556942258142461,37.605720823197146],[13.55692574285662,37.60532625258075],[13.556919207735701,37.6051700949328],[13.556703211177448,37.60459979207794],[13.55608061580793,37.60341932120781],[13.555781937005444,37.60301209289979],[13.555671217048559,37.60247731000854],[13.555658462272484,37.60241570566844],[13.555664465151683,37.60228870584185],[13.555682062632414,37.60191638982579],[13.55569641742437,37.60161269316695],[13.555935606119906,37.601330265495335],[13.555958655953726,37.60130058642057],[13.556118417251678,37.60111454058921],[13.556518608651427,37.600815221659005],[13.556819993733233,37.60058979984618],[13.557622422024389,37.60009494272953],[13.55902613440646,37.599518262367695],[13.559656878112394,37.59912008336968],[13.559802828340203,37.59900080894429],[13.560220841426581,37.598659193859476],[13.56105631437245,37.59820805851626],[13.561415242601651,37.59801156559541],[13.56189279885452,37.5977501263533],[13.5623874344143,37.597359456839634],[13.56311808889096,37.59704520355511],[13.563528407566034,37.597025607500996],[13.563786379335344,37.59701328695552],[13.563867171985697,37.59700942853596],[13.564813917288172,37.597209140013376],[13.565605817667581,37.59723698541951],[13.566028354552541,37.597201482990236],[13.566252625262843,37.59718263809675],[13.567095027464283,37.597170885866234],[13.567295277323568,37.59716809090877],[13.567341133025943,37.59716745100831],[13.56830326835323,37.59717967645226],[13.569234125438047,37.59707377139216],[13.569849173040055,37.59692832158773],[13.570664788291111,37.5964810567564],[13.570809236189502,37.59640004239996],[13.5709169160235,37.596321801277604],[13.571407998145617,37.59596496827185],[13.571628571133546,37.59584729807272],[13.57203613739423,37.59562987007458],[13.572519284569026,37.595329669629756],[13.572615716287942,37.59488879083355],[13.57266680003545,37.59465523879483],[13.572706769447628,37.59380712362033],[13.572831228734124,37.5933701189142],[13.572985579557482,37.59282814867207],[13.57336027313342,37.59216739912022],[13.573387496002512,37.59200763306292],[13.573487715968687,37.59141945249724],[13.57352638287025,37.59057363747986],[13.573630944605808,37.589844580705154],[13.57385437247376,37.58945089451865],[13.574290358137205,37.589132267196455],[13.574837650784444,37.588941850412816],[13.574894974723394,37.588921905189075],[13.575238715858307,37.58865638127413],[13.575307384296455,37.588578818796734],[13.575353556846185,37.58852666467529],[13.575632983518707,37.588211030413724],[13.57600421051156,37.58778232792563],[13.576194907152695,37.58758629000567],[13.576244066065614,37.587535755018955],[13.576350198690848,37.58742664778544],[13.576418455406502,37.587321917480466],[13.576688943342369,37.586906891547635],[13.57692263051777,37.58653082184274],[13.576928328873086,37.5864704196049],[13.576931718393228,37.5864344722877],[13.57696419627321,37.58609015477598],[13.576941401648975,37.58603444326229],[13.576898113265356,37.58592864520662],[13.57681275772753,37.58572003214782],[13.576469002350061,37.58543676807832],[13.576267429689505,37.58527066688136],[13.57590712301547,37.58510453582968],[13.575798593791129,37.58475199442167],[13.575779041854958,37.58468848073688],[13.57545654320085,37.58387019728486],[13.575292539415747,37.58350281014473],[13.575037807776306,37.58301481769772],[13.57500801424387,37.58295774296056],[13.574573695743364,37.58256483158935],[13.57407229223357,37.582208294809156],[13.573580487126392,37.58185815208419],[13.573625116769797,37.581282280697806],[13.573677608940526,37.58087334102231],[13.57371748532545,37.5805626988818],[13.573729404873413,37.580307330467754],[13.573755704898149,37.57974392196613],[13.573537819242977,37.57873919073418],[13.573517981136261,37.5784900789646],[13.57347329389779,37.57792890420702],[13.573503228569164,37.57754048188776],[13.573594794009026,37.5774633023609],[13.573700553850454,37.57737415904077],[13.573998867264745,37.577122708808446],[13.574080692567245,37.57705803301617],[13.574170470950735,37.576987070059694],[13.57448116651603,37.57674149080187],[13.57478453888049,37.576268154959365],[13.574704275548463,37.575789447513635],[13.574788955077628,37.57548669452601],[13.575112843443426,37.57508235528488],[13.575240232074245,37.574334408416554],[13.575395866362703,37.57400637843765],[13.57561787112159,37.57353845266649],[13.57592782942712,37.572711370786045],[13.576008066378966,37.572082323087145],[13.576234995517067,37.571727726650685],[13.57631472082698,37.57160314741907],[13.576321908225518,37.57156884568249],[13.576840146388657,37.57179637944354],[13.577328391210875,37.572013024236796],[13.577813290655365,37.57199418092216],[13.577886550722306,37.57199133397954],[13.578116434875588,37.571982400207716],[13.578648786685665,37.57197971076436],[13.578900803621762,37.572004630270044],[13.579095004198606,37.57202383341829],[13.579256658769246,37.57203981814469],[13.57933511791493,37.57204543299836],[13.580107091132422,37.572096397161076],[13.580502188113456,37.57194620247528],[13.580615308485514,37.57180125600108],[13.580733704966562,37.571649549601595],[13.580948188571796,37.57137471859533],[13.5816579099466,37.570356448562585],[13.582035001158905,37.569802859565584],[13.58218561814693,37.56958174291263],[13.58229751915439,37.56941746481684],[13.582671952047056,37.569116771314555],[13.582902626135432,37.56893152433244],[13.583137233700661,37.568743116747996],[13.583954782990185,37.56807637561025],[13.584643791541955,37.56770964879802],[13.584812775219826,37.567619706238624],[13.585769099108965,37.5672785180488],[13.586873930862282,37.56694956132089],[13.587160783065599,37.56694733068899],[13.587813266816111,37.566942254435624],[13.588762418029637,37.56720991770599],[13.588984803240889,37.56727263034016],[13.590149672424745,37.567402855574414],[13.590311056902921,37.567397199507944],[13.59130406713881,37.567362387532455],[13.592642328425105,37.5670853125837],[13.594756383594705,37.566872681192564],[13.595990169118235,37.566451410389405],[13.596134767481889,37.56640173015763],[13.596622087224704,37.566227315635466],[13.596946127703234,37.56611133842705],[13.597377384688063,37.565956983767684],[13.597483171071062,37.5659298331478],[13.59794535873484,37.56581120959243],[13.598083901296693,37.56577565075322],[13.599206537567632,37.56548750545091],[13.59932232422895,37.5654577860194],[13.6007954742264,37.565438533196875],[13.60166973044018,37.56547400000545],[13.602039591197505,37.56548900194142],[13.60390503719912,37.56562776013534],[13.605137249855437,37.56571468258416],[13.606009958292695,37.56571658566729],[13.607221557130032,37.56567595582343],[13.607326963515384,37.56568797679132],[13.60754768237361,37.56571314671416],[13.607605812064374,37.56571977562769],[13.60829474012398,37.56579833665084],[13.608347149951811,37.56580662090441],[13.60934518109217,37.5659643868949],[13.609629310439818,37.56605591125516],[13.609721599713744,37.56608564034712],[13.610155390499736,37.566225372962265],[13.611169320108411,37.566498650039975],[13.611724476679612,37.56648816864286],[13.612813382114581,37.56641851385584],[13.61297507740032,37.56639567240655],[13.613981956815374,37.56625343305176],[13.614752402521944,37.56622550436175],[13.616085139310895,37.566393935699935],[13.616986103726749,37.56605241723307],[13.61765777901949,37.565879734927925],[13.618528870998956,37.56593564859871],[13.618644491896557,37.56595603791729],[13.61952119365929,37.566110636337136],[13.620400810056575,37.56644903806873],[13.620654729614582,37.56654672386839],[13.621343745116064,37.56674386542311],[13.622046663957141,37.56687786920375],[13.622754997907403,37.56701298818417],[13.623457895652974,37.567217589399604],[13.62353158103262,37.56723915676693],[13.624226026923902,37.56763491029466],[13.624274003888416,37.56768235820288],[13.624617236571021,37.56802180644879],[13.624648640219284,37.56805286368482],[13.624959269903647,37.56839865033437],[13.625079451602632,37.56850646436694],[13.625133945045018,37.56855706120431],[13.625346393144953,37.568745930206056],[13.625683325538946,37.569047910741965],[13.626455800223345,37.56950840938821],[13.62685523599841,37.56996326675081],[13.627057830044587,37.57011220866797],[13.62750355261847,37.57043988579922],[13.627885466576037,37.57068864490985],[13.62799582363021,37.570760526885046],[13.628620133737508,37.571071700663154],[13.628937889233383,37.5712300777726],[13.629444013409769,37.57149323139277],[13.629559443799504,37.57155324699384],[13.629590855223768,37.57156957862812],[13.629643786712714,37.57159709825281],[13.629791400634538,37.57167384716632],[13.629861516889886,37.57171525932893],[13.630162598142332,37.57189308739768],[13.630191417364115,37.57191010794359],[13.630361684772614,37.57201067264554],[13.630474078783546,37.572077054099694],[13.630642388542118,37.57221505749836],[13.631021706804127,37.5725260715715],[13.631795323839208,37.572878405711506],[13.632652991585774,37.57305857345561],[13.633454095256186,37.57323870919218],[13.633516028237619,37.57328343183897],[13.633912408872629,37.573569661340436],[13.633939961732338,37.57388500452079],[13.633958870829572,37.574101419540824],[13.63426388984203,37.57418342571691],[13.634375272418952,37.574213370699226],[13.635063980203858,37.57434837700087],[13.635359424336466,37.57469087871588],[13.635380347987827,37.574715133305745],[13.635464940709504,37.57481294572862],[13.635854237272376,37.57515032071494],[13.635892104538009,37.57515140518926],[13.635937921412218,37.57515271803521],[13.63603307591042,37.57515544376139],[13.63635087369364,37.575164544330576],[13.636628139498947,37.57491498285412],[13.636759617332144,37.57473107083785],[13.636883193338436,37.574558214743746],[13.637107165279383,37.574054082381735],[13.637374350990132,37.57369908361824],[13.637491518912205,37.573597858578886],[13.637972338754999,37.57318245539159],[13.63815306354031,37.57304593118645],[13.638336411792881,37.57290742567569],[13.638440333129115,37.5728289192125],[13.638500557716975,37.57278342452518],[13.63854246981827,37.57276970702994],[13.638617066667562,37.57274529391631],[13.638731050329808,37.57270798761932],[13.639039176228424,37.572607141037174],[13.639171526728635,37.57256382539758],[13.63922547375807,37.572546169096135],[13.639298271389379,37.572522343362216],[13.639897645242208,37.57239951891736],[13.639954600040234,37.572387840833684],[13.640127825389326,37.57235232796259],[13.640894339069725,37.57191912883035],[13.640984182046305,37.571901156222474],[13.641182276614023,37.57186152974384],[13.641296372104028,37.57183870896585],[13.64134805074034,37.57182836835591],[13.641384015345034,37.57182117396104],[13.641816364570554,37.57173468739552],[13.64191760179183,37.57171443507443],[13.642290703883965,37.57176571725093],[13.642365935314345,37.57177560561488],[13.642493902745514,37.571793062673066],[13.642552660515806,37.57184257334526],[13.642894662434172,37.57213074650727],[13.643164168725912,37.572600777202965],[13.64319132376014,37.572648137996254],[13.64333086732881,37.573117699247064],[13.643377306436948,37.573131286783244],[13.643690288942393,37.57322286353556],[13.644015902604915,37.57309149144155],[13.644047652849547,37.5730786814673],[13.6441569800052,37.57303457213913],[13.64419786949827,37.5730180750073],[13.644580889675712,37.57286353977069],[13.64539064690918,37.57251189975516],[13.646049029215794,37.571841997446306],[13.646539735792395,37.57143892936024],[13.646856355142944,37.57117885417691],[13.647140247480374,37.570945658732185],[13.648220610740662,37.57035646860403],[13.648386358126508,37.57026607579911],[13.649108386773646,37.56977828869458],[13.649703196215205,37.56945085394456],[13.6501947815828,37.56916330508367],[13.650367728704857,37.56906214160522],[13.651026703921461,37.56861156107599],[13.651262330362279,37.56845044673612],[13.651997367162968,37.56782027622909],[13.65235488713703,37.56747549327243],[13.652469613239525,37.56736485373603],[13.65258768600933,37.56731300753235],[13.653348547444548,37.56697890836692],[13.6537628979556,37.56689029886503],[13.654110553982848,37.56681595139678],[13.654470691588136,37.56682587233566],[13.655185116462016,37.56684555032133],[13.656057217785733,37.56683810350189],[13.656873350423083,37.56678332140516],[13.657903461698373,37.566814633717144],[13.658257950092498,37.56681824340908],[13.65899028198311,37.56682569491801],[13.660055538417165,37.566774556138995],[13.661379199107877,37.56680772632062],[13.66156644745652,37.56680601636571],[13.662636444468077,37.56679623855564],[13.663656940435072,37.56685038282234],[13.663919704953663,37.56679591834507],[13.664216355420647,37.56673443067088],[13.664677241647126,37.566638898844985],[13.66575103512512,37.5664416366455],[13.665927217314021,37.56640926982978],[13.666194775110162,37.56638437032946],[13.6674014388671,37.56627207393795],[13.667575962435615,37.566229341611056],[13.667748293439468,37.56618570886865],[13.668118531231293,37.56609353048352],[13.668207696509596,37.566070252552024],[13.668911093063997,37.56583341728672],[13.669257502031162,37.56571669778844],[13.669601228319955,37.565662058275],[13.669779836685645,37.56563366562632],[13.669852680753964,37.56562208635472],[13.670074671006184,37.565586799610905],[13.670370722754438,37.56553974230289],[13.670416413157694,37.56556187463121],[13.670886271403747,37.5657894655347],[13.671327805310277,37.56611239950745],[13.671431288334363,37.56617728501622],[13.671522822467018,37.56625503182439],[13.672331638703138,37.566625967437446],[13.672987581387142,37.56672378005578],[13.67424869214392,37.567079009160565],[13.675035397944065,37.56741251454808],[13.675228336540695,37.56759099043447],[13.675548818356397,37.56788744476821],[13.675679366929321,37.5678646799457],[13.675828754452535,37.56783862933344],[13.675871194691823,37.567831228676425],[13.67619723531566,37.56777357120827],[13.676660473969415,37.567664859538844],[13.676981490722858,37.567589523722724],[13.676587631538323,37.567989733974436],[13.676075927913768,37.56879912674136],[13.675948140205744,37.569001255025704],[13.675197034750589,37.56964995262307],[13.674622620146556,37.56961671544417],[13.67448186900367,37.56960522422246],[13.674103052677031,37.56957429434341],[13.67405966817874,37.5695697081747],[13.673490185866894,37.56950950616136],[13.673451884825752,37.56950546015789],[13.672972631067328,37.569454794545166],[13.67292143442969,37.56946092770909],[13.672740258939102,37.56948263139375],[13.672374495998422,37.56952644884734],[13.672257272000573,37.569540490764275],[13.67216478110005,37.56955157026842],[13.671258652547987,37.56966011169246],[13.670968184411976,37.5697970077576],[13.67070804460676,37.56991960606838],[13.670231085270336,37.570144390950524],[13.67010514686525,37.57041150903177],[13.670044003311547,37.57054119563348],[13.670014374152638,37.57060404413301],[13.669854643386179,37.570942832849596],[13.66987334761427,37.57099825446322],[13.670023311413415,37.571442596686246],[13.670080339920576,37.571611565577534],[13.670160143037071,37.571887460220665],[13.670268097838893,37.57226067426021],[13.670288915639471,37.57233264397305],[13.670305043714556,37.57238839998785],[13.670282276748887,37.572487209683125],[13.670213446537277,37.57278592470456],[13.670108366201768,37.57324195995174],[13.669775481407294,37.5734289803202],[13.669459907436785,37.57360561424949],[13.669236930967106,37.573730418929266],[13.668986963378048,37.57387032870434],[13.668682350117187,37.57404193858914],[13.668385344513593,37.57420925751022],[13.668135865002464,37.574349803633815],[13.667843453152983,37.57451453642597],[13.667678949616711,37.57468754114727],[13.667596361460864,37.57477439537832],[13.667305845610732,37.5750799203711],[13.667231676896924,37.575157921214576],[13.667281525185782,37.57524745265293],[13.667343347063127,37.575358487488224],[13.667604528988319,37.57582758040931],[13.668031268220238,37.57609995216133],[13.668254270476284,37.576242284437384],[13.668355131577123,37.57630666023334],[13.668817044936196,37.576194539761104],[13.669241934196398,37.57609140417842],[13.669374997986326,37.5760697665383],[13.669416176223503,37.57606307013203],[13.669935057134833,37.575978692616296],[13.670176694341153,37.575939398217415],[13.670495116901186,37.57588761602705],[13.6707982089176,37.57583832583323],[13.671055197801161,37.57579691870504],[13.671386273508256,37.57574357415308],[13.671526833714193,37.57572092893614],[13.671615305527755,37.57570667337124],[13.671854710303283,37.57566809720801],[13.67211760972697,37.57586242960273],[13.672194370106316,37.57591916822773],[13.672536908302227,37.57617236646354],[13.67259567574394,37.57629375368128],[13.67281004653922,37.57673654415644],[13.6730064063426,37.57714212427746],[13.672985985862443,37.577178843384004],[13.672964240286028,37.5772179466683],[13.672943579716689,37.57725509676649],[13.672902943219585,37.57732817021488],[13.672468660485132,37.57810907258632],[13.671268291864367,37.57863624280301],[13.670832648111588,37.57897547544753],[13.670686774306365,37.57954861163893],[13.67074883300118,37.57962518049471],[13.671107548070587,37.5800677722432],[13.672062698689876,37.58054771538157],[13.67312971746687,37.58106375253416],[13.673227193367955,37.581124239735516],[13.673375063576147,37.58121599931324],[13.673669136827096,37.58139848442095],[13.674057091724533,37.58163922211771],[13.67423322735235,37.58174851981462],[13.674262616017332,37.58176781742148],[13.674969376352308,37.58220531344946],[13.675022356293477,37.582238189135495],[13.675064976248539,37.58227913547031],[13.675205527886073,37.58241416698377],[13.67619036034571,37.58336030660582],[13.676267213166314,37.58344088417129],[13.676599921053425,37.58378971480152],[13.67665144370544,37.583843736477874],[13.676678651147498,37.58387226094906],[13.676902829461408,37.58410877204521],[13.676983165667107,37.58420165320247],[13.67700250797422,37.58422401654024],[13.677242918991887,37.58450196827238],[13.677657785328465,37.584981612252975],[13.678191392622715,37.585285058523134],[13.678386819720423,37.5853961895471],[13.678447809001105,37.58542062218105],[13.678667763660252,37.58550873487921],[13.679028224970393,37.58565313141134],[13.67960864546843,37.585885637481994],[13.67968194547761,37.5859157988091],[13.680150734485439,37.586350387043936],[13.680206910790695,37.58640246416855],[13.680355609372043,37.58654128810727],[13.680551662692528,37.58675119578281],[13.680715792607453,37.58692692141348],[13.681265262937986,37.586971227252036],[13.681387067700078,37.5869810480327],[13.681469009258494,37.58698765135339],[13.68162187685734,37.58700001597674],[13.681706678483355,37.58700682154267],[13.681744465675047,37.58700986825645],[13.681941288803072,37.58698971952835],[13.682123653802389,37.586971056646966],[13.68220073638197,37.586963156067554],[13.68227643217025,37.586955410536284],[13.683003155687183,37.58688103246858],[13.684529661320425,37.5870409653182],[13.685337505694102,37.5869824572939],[13.686211587790893,37.58691914584885],[13.686254006187067,37.58691607291708],[13.687343914903144,37.586712846360946],[13.688529194629478,37.58628292204294],[13.689743566182955,37.58647826363874],[13.690032545240992,37.58652474695005],[13.690511574271467,37.58625669362984],[13.691061862908166,37.58593215095535],[13.691901522965868,37.58537413829455],[13.692059408478936,37.58526921450423],[13.692207861390596,37.58517055428167],[13.693871802930303,37.584661286456715],[13.694051590402088,37.58460625895124],[13.69535818937293,37.58443036273411],[13.695511453793902,37.584438862431604],[13.696986360746875,37.58452077182772],[13.69758030895864,37.584455468314125],[13.697784628486131,37.584433003067986],[13.698110928526036,37.58439712608852],[13.699171833668814,37.58424888809803],[13.69923972301245,37.58423940159174],[13.699308424495623,37.58422980158975],[13.699515897408322,37.5842008107528],[13.699847551671063,37.584154466804236],[13.701987740379163,37.58414334836994],[13.702286937489859,37.58409067361449],[13.702318611364225,37.5840850979484],[13.7027270799147,37.58394497505356],[13.702796327428542,37.58380921968927],[13.702914653749799,37.58357724695844],[13.703082310996864,37.583475330886586],[13.703144244286223,37.58343768312958],[13.703261920305199,37.58336615057388],[13.703441875679143,37.583256759854045],[13.703507563860756,37.58319984640466],[13.703559823344413,37.58315456787752],[13.703924046412482,37.58283899154935],[13.70465892223523,37.582424646536424],[13.704817350050606,37.58233502666645],[13.7055569162101,37.582118609353365],[13.706518206278,37.58216575741095],[13.707190973656528,37.58241941752731],[13.70730881790331,37.58246454155306],[13.70746220188429,37.582560179995625],[13.707503438521243,37.58259477886365],[13.70778809730729,37.58278526730178],[13.707903978317646,37.58286281229201],[13.708065349404006,37.58297079805781],[13.708112845519308,37.58300258164618],[13.708874669350454,37.58352961154633],[13.708921176946479,37.58356178643291],[13.708969481883452,37.583595202468935],[13.709083645336282,37.58367418105871],[13.70913120136051,37.58370707852078],[13.709598854422385,37.583866248622684],[13.709662707280925,37.58388812139916],[13.709985019009562,37.5840041063423],[13.710242949159861,37.584243480389404],[13.710728104639271,37.58436592571418],[13.71104265034093,37.58432714910296],[13.711090133418855,37.584322966776945],[13.71118113864007,37.584316283377625],[13.711245117529966,37.58423282225581],[13.711305438111246,37.5841604394661],[13.71139975137484,37.58405883047347],[13.712132556598517,37.584262450844065],[13.712577797165181,37.58403301454891],[13.712802206610732,37.58386868476853],[13.712930197441244,37.583775392779316],[13.713037163161818,37.58369742679815],[13.713162116250373,37.58369129887152],[13.713419017659302,37.58367919763844],[13.713558186236524,37.58367264085992],[13.713672861256534,37.58366723894029],[13.71384916237982,37.58370950234398],[13.713941936743122,37.58373174254175],[13.714179861039778,37.583788777615375],[13.714515288056068,37.58386991054839],[13.714578274124783,37.5838848521023],[13.714856356200604,37.58395081666623],[13.714902306437347,37.58396254778462],[13.715138165241703,37.58402276061457],[13.715182658253475,37.584034119489786],[13.715952607933211,37.58410729324337],[13.71657447911858,37.58422197010286],[13.717158594864202,37.584489022602135],[13.717587078759006,37.58464983438785],[13.717781435972316,37.58472277667195],[13.717901162078546,37.58476770900002],[13.71798461052164,37.58474071264002],[13.718171860838156,37.58468013531309],[13.718243484728147,37.58465696980412],[13.718930433859201,37.58443473336172],[13.719005257365776,37.584410527821554],[13.719979266306492,37.58441203258233],[13.720228664950588,37.58460260599027],[13.720316913379351,37.58467232112791],[13.720599773765402,37.58526520102623],[13.720469007174811,37.585623913171],[13.72041421644141,37.58615519684291],[13.721046144610524,37.58631671691668],[13.721858505920851,37.58637870749668],[13.72316119527872,37.586466067850864],[13.724691233174784,37.58634615240134],[13.725745279461808,37.586348882312365],[13.725860895534943,37.58639220340475],[13.725948221742787,37.586427531497044],[13.726094713763414,37.58648132517651],[13.726245726818618,37.58653820538104],[13.726920027642693,37.586789048008406],[13.726982707950391,37.58681253507551],[13.726953291523273,37.58696291233944],[13.726943799187492,37.58700612329615],[13.726870751475353,37.58738484017799],[13.726859313385182,37.587444990499684],[13.726867127659427,37.58832562634061],[13.726908294203254,37.58839667029287],[13.727109358235069,37.58874366183612],[13.728270785328393,37.58898971383514],[13.728317423861567,37.588980698929696],[13.72972626268346,37.58870837745925],[13.730111801055346,37.588661068723695],[13.730632193359583,37.588597210805986],[13.730735528709728,37.58858452967693],[13.731039792306294,37.588611133730744],[13.73122362052612,37.58862720649718],[13.73138817552973,37.588641594760304],[13.731485450239088,37.58865009905907],[13.731647322544243,37.5886647622424],[13.732376383365704,37.588727989534206],[13.732650893394787,37.5887630822581],[13.732967473971364,37.58880355115243],[13.733169138900587,37.58882931178651],[13.733528729261469,37.58887529283807],[13.733973912873129,37.58930317368741],[13.73399687112094,37.58933345167898],[13.734061624392098,37.58941884980641],[13.734106614714097,37.58947818399166],[13.73415551419325,37.589542672524864],[13.734238645069754,37.589652304348625],[13.734253628941463,37.5896836251105],[13.734386445063153,37.589847222142375],[13.734484167277193,37.58997609574178],[13.734563927654316,37.59002369521226],[13.735145107339887,37.59037052843069],[13.735210516206351,37.590375606307326],[13.735345553434184,37.5903860893922],[13.73587006329362,37.59042680834101],[13.735914213253169,37.59043023538498],[13.736160596372263,37.590449362632455],[13.736364303450049,37.59046517522824],[13.736481106538466,37.59044656106182],[13.736573880536534,37.590431113329046],[13.736832122956345,37.59038811424354],[13.73704104123587,37.590353326950684],[13.737119940862192,37.59034018937884],[13.737241219817383,37.59031999494748],[13.737383016533233,37.590331879708295],[13.739219521926328,37.590485785162265],[13.740040665290353,37.59091877999813],[13.741121367797865,37.59126251030612],[13.742762200540401,37.59148129819258],[13.743259440010819,37.592160268033545],[13.744087518441413,37.59274603451684],[13.744924006822508,37.59265409276676],[13.745110900726006,37.59263354901763],[13.745360051377961,37.59260616455691],[13.745741695658104,37.59256421392972],[13.745801442622382,37.592557646432134],[13.747220905583383,37.59226629313927],[13.74841243909396,37.5923623434259],[13.748635767652328,37.59238034480566],[13.750163048572434,37.59244934294034],[13.750227123716718,37.59241781348593],[13.750505369541129,37.592280897623624],[13.750601729268604,37.592233481976265],[13.750668652714932,37.59220055049024],[13.750901263018575,37.59208608848109],[13.75135404755215,37.59186328166952],[13.75147495445514,37.591803785458474],[13.751832883937272,37.5916028584633],[13.751867244008446,37.59158347615881],[13.752057697198804,37.59147603264711],[13.752129229927716,37.59143567749125],[13.75217670859297,37.59143214862668],[13.752386871293389,37.59141652871863],[13.752950062300568,37.59137466855785],[13.752990903059318,37.59137163331745],[13.753330963674113,37.591466131774254],[13.753452507644079,37.591499908133976],[13.753516223370546,37.59151761401625],[13.75364965862104,37.59155469249619],[13.753758485446903,37.59158493388662],[13.754037916237976,37.59166258332772],[13.754095712783155,37.59172531426986],[13.754289803024735,37.591935968537186],[13.754689796839108,37.59237009302626],[13.754712705566213,37.5923949572539],[13.754917899369643,37.59261765725369],[13.754998385485267,37.592673642243135],[13.755377611898657,37.592937427926415],[13.755517819085,37.59303495332652],[13.755746903526916,37.59319430012002],[13.755795805657373,37.59320049409984],[13.755896637026984,37.593213266754354],[13.75594834486399,37.59321981654492],[13.756459677640992,37.59328458526342],[13.757215895800236,37.593380368530276],[13.757887518085365,37.59356740404165],[13.757963877994166,37.59358866885121],[13.75803879075712,37.59360953099845],[13.758188073471393,37.593651100570085],[13.75833140243206,37.59369100765463],[13.7584951831822,37.593758198908674],[13.758601177615233,37.59380168378053],[13.759350656850687,37.594109160019066],[13.759509071181906,37.59417414870839],[13.759707701648399,37.594255635292654],[13.759807165829505,37.594296439974656],[13.759840074922343,37.59430994007617],[13.760139042516814,37.594408732165085],[13.760507735778532,37.594530562291844],[13.760645369551803,37.594576041479456],[13.760853876704926,37.594644938672864],[13.761117355670113,37.59482832363895],[13.76114732874444,37.594849186116406],[13.761403765348104,37.595027667950376],[13.761681078819787,37.59522067832691],[13.761749586608335,37.5952683597232],[13.761971677607592,37.5954166665107],[13.762122960757166,37.59551769003477],[13.762433056457882,37.59572476051364],[13.76247953402452,37.596319499477225],[13.762938292394828,37.59656040978062],[13.763287596845089,37.59674384184881],[13.76470214312243,37.596884728214164],[13.765324573918031,37.59707681695882],[13.765637357790391,37.59717334411219],[13.765654792378871,37.59722235344339],[13.765870847068697,37.59869610917711],[13.76535443595391,37.59927486120363],[13.76528703029998,37.599348554326426],[13.765087891990584,37.5995662642097],[13.764677496225705,37.60023181948073],[13.764643334098984,37.6002872205079],[13.764541164527111,37.60045291271297],[13.764311415833676,37.60074059099914],[13.76402224588454,37.601102671231374],[13.763892710301917,37.601264865614695],[13.7638030468112,37.60187636111181],[13.764029311328114,37.60258315163493],[13.764126974439526,37.60317219536498],[13.764204322290313,37.60363871060358],[13.76383453870039,37.60394956721005],[13.763523515362547,37.60376756364751],[13.762875548922992,37.60386806602915],[13.762402676226115,37.6043634778358],[13.762410043677075,37.60462084130086],[13.762552913075627,37.60476468843725],[13.762771829403334,37.60498510323079],[13.762889432835605,37.605103510102914],[13.763342606731626,37.60532473638216],[13.763472880344652,37.605388332191936],[13.763527172961647,37.605411624929815],[13.763654949130892,37.605466443928215],[13.764249757323956,37.605721630789475],[13.764391250677612,37.60606486913265],[13.763660776971093,37.606346580165074],[13.762709198532018,37.60666857798168],[13.762348894705314,37.60679049570499],[13.762208836540102,37.6068378876246],[13.762111667933617,37.606870766789726],[13.762312211034606,37.60711971372065],[13.762345263672897,37.60716074331085],[13.76253358845376,37.60729678561707],[13.763046538897308,37.607667326029514],[13.763189221767835,37.60777039463299],[13.763401961079381,37.60787445889112],[13.763622151238607,37.60798065909032],[13.763659196378633,37.60799852666249],[13.76426326595409,37.608289881629354],[13.764307792366274,37.608271430520006],[13.765137660335887,37.607938543214026],[13.765288497433735,37.608101435952165],[13.765329020267838,37.608145198059205],[13.765399681670413,37.60822150559651],[13.765566566600778,37.60841860784986],[13.765399010245988,37.60852511567779],[13.765364864131175,37.608546821321816],[13.765132528096176,37.60869450500496],[13.764865269146606,37.608864387176176],[13.764917511630058,37.608904164786125],[13.765126430813508,37.60906323380399],[13.765202178310302,37.60912090762328],[13.766467933587734,37.61003676059925],[13.766502305142504,37.6100616300718],[13.766578266167112,37.610116591743534],[13.766786146127268,37.609796479909484],[13.766906784494935,37.6096107084545],[13.76709027547416,37.60932814862041],[13.7672948348251,37.60920711458614],[13.767493625780782,37.60908949182546],[13.767626829013278,37.60901067717579],[13.767657426452258,37.60899257269355],[13.767723580727505,37.60895342971297],[13.767856988540295,37.60887449396116],[13.768074640147898,37.608745709653384],[13.768675001395282,37.608330850548434],[13.769002158450666,37.608104776437564],[13.769198030525475,37.607966855497224],[13.769486916012807,37.60776344010809],[13.769527189897106,37.60773508036793],[13.769624969693432,37.60766623031531],[13.76990795173281,37.607466967780276],[13.769995436020004,37.60743034553105],[13.770095434869216,37.607388482926126],[13.770385765884056,37.60726694245279],[13.770823631262976,37.60708363795824],[13.770974577191755,37.60702044572708],[13.771003474728083,37.60700834751458],[13.772003850320987,37.60677644144885],[13.772909716778427,37.60690286805375],[13.773036321510927,37.60692053768193],[13.77317884685942,37.606940427304934],[13.773645304905125,37.60684497795091],[13.77386704464741,37.606752343856996],[13.774546549257558,37.606468471879694],[13.775129657019281,37.6064291013183],[13.775465108872549,37.60640645029633],[13.77552129991374,37.606420298252225],[13.776132452592602,37.60657091380974],[13.776186810579864,37.60658430987622],[13.7763020151769,37.606634630274534],[13.7764940830031,37.60671852432025],[13.776525558677486,37.60673227305359],[13.776745058095052,37.606828146882286],[13.776884803059014,37.60688918540127],[13.776958543315493,37.60698378504834],[13.777139976275786,37.60721654392431],[13.777011757634556,37.6073357868859],[13.77683087469071,37.6075040101193],[13.77668895333601,37.607635996687414],[13.776996200650165,37.607710915059755],[13.777298331529142,37.607815860017276],[13.777559161446469,37.60790645752363],[13.777891091782076,37.60846853488059],[13.777912325068902,37.6085044911791],[13.778720978788234,37.60889042159874],[13.77977719813263,37.609518645341204],[13.779964478523528,37.61005680459686],[13.780043890105278,37.6102955437583],[13.780262618855213,37.6109531041585],[13.780460285821194,37.61198296007653],[13.780378026530851,37.61235418648234],[13.780218494250803,37.61307413109787],[13.780210623376725,37.613109653000805],[13.78018753991805,37.61321384499707],[13.780161998380155,37.61331418519673],[13.779887150456002,37.61378294561496],[13.779854147283807,37.61383923051297],[13.779848962606078,37.613864483382784],[13.77989365517926,37.61388539147682],[13.780005577160441,37.61393775385834],[13.780155794058723,37.61400803199992],[13.780192173299843,37.61427475995508],[13.780215950776487,37.61444910736489],[13.780184792271235,37.61449470812952],[13.78002290511734,37.6147316378475],[13.779989962146539,37.61476167484149],[13.780001686311858,37.61480243932542],[13.780078650184699,37.61523139363604],[13.780322261651698,37.61540594947149],[13.780508027533068,37.61553905647921],[13.78070606519232,37.61568095488147],[13.78090364109587,37.615874036162126],[13.781092147131988,37.61605825301905],[13.781274509745801,37.616236464754564],[13.781539590715344,37.61660016547747],[13.781717554946253,37.61684433359974],[13.781743405917096,37.61687474687776],[13.781988180125499,37.61716271230304],[13.78235204158801,37.61759077068617],[13.782547052208347,37.617899906356705],[13.782660839984267,37.61808028274627],[13.783074435751645,37.618416939142584],[13.784049183249646,37.61845613958637],[13.785407100038249,37.61856754513446],[13.785796909239917,37.61894117739728],[13.785876092089369,37.61964487883638],[13.78606632441514,37.62051291025099],[13.786232356653873,37.620823015469725],[13.78655777429011,37.62143080757108],[13.786604270763679,37.62151764758522],[13.787118688029553,37.62210942131507],[13.787429165161978,37.62246658199026],[13.787505923304629,37.62255488086821],[13.787564993823622,37.622607643157885],[13.78857869939461,37.62351308798415],[13.790216057604349,37.62311553188661],[13.790506018975435,37.62284654884007],[13.790606078597873,37.622753729563456],[13.790688175299296,37.622677571787484],[13.79087083430125,37.62258182677995],[13.791018676709978,37.62250433047372],[13.791163423621649,37.62242845667145],[13.791200633788842,37.62240895124336],[13.791277379365154,37.62236872274159],[13.791395974397155,37.6223065566351],[13.791601314917848,37.62227735144885],[13.791672269600147,37.622267259978365],[13.791729433532968,37.622259128337085],[13.792282990874194,37.62218039440119],[13.792448214331266,37.622167399689516],[13.792843538616085,37.62213630976961],[13.79323877339266,37.62210522486869],[13.793280376580814,37.622101953189905],[13.793345105100256,37.622117812058356],[13.793574450693978,37.62219003282496],[13.793912293103027,37.622296417737616],[13.793951709094483,37.62229184625123],[13.794480513288413,37.62223050791859],[13.795268569986472,37.621842700409424],[13.79563862626421,37.62152385145832],[13.795992612030988,37.62121884453175],[13.797143860361782,37.620735172400124],[13.797577980982213,37.620480866640165],[13.797810472661698,37.62034467234836],[13.797932780820618,37.620273024335475],[13.79870190610206,37.619805445470426],[13.79875632310669,37.61977550871679],[13.798942745141805,37.61972178754166],[13.799838519586517,37.61946365156912],[13.800641769889548,37.61940879624333],[13.800984013078175,37.61938542178917],[13.801412704780745,37.61922410442156],[13.801520779904731,37.619183435464244],[13.801562111836292,37.61914031863619],[13.802123237388788,37.618554974858384],[13.802166762557754,37.61850957285902],[13.802580902861623,37.61807755070634],[13.802695448401574,37.617965369807074],[13.802757220759064,37.617904874032334],[13.802781278446183,37.61788131428828],[13.803126204363451,37.617543512317006],[13.803257460352881,37.617414966275895],[13.803289651113822,37.61738344074732],[13.803374877062728,37.61729997411209],[13.803850111293057,37.617296790127845],[13.80418271554881,37.617294561816614],[13.80441591408588,37.6172929979069],[13.804647106268417,37.61729144787514],[13.80472368935403,37.61729093391613],[13.80489334540953,37.61728979566851],[13.805565704971304,37.61725313694285],[13.805879772931112,37.617236011825234],[13.806349763582718,37.61720349324715],[13.806482530061228,37.6171943058654],[13.806911732595092,37.61716460929966],[13.807423527315715,37.61726111399269],[13.807815702989103,37.617335061333755],[13.808030543933992,37.61737557092628],[13.808265076703126,37.61744563022261],[13.808390516770027,37.617483102198435],[13.80884190367358,37.61761793798684],[13.809462683470075,37.61780337090866],[13.810228367489655,37.61810077609505],[13.810299296826525,37.61811184072238],[13.811154711739178,37.61824528333738],[13.81202496400956,37.618316326537986],[13.812163988842332,37.61832540176122],[13.812875838023192,37.61837079314296],[13.813786795976847,37.618036359449384],[13.814882997592031,37.617839010759155],[13.815015109192062,37.61781712313519],[13.815128430939687,37.61779689632635],[13.815221026005203,37.61780341202648],[13.81539394943694,37.617815579750335],[13.815887422393036,37.61785030387658],[13.815968682281964,37.617856021932155],[13.816180407694883,37.61787092010284],[13.816597631392153,37.618020442914684],[13.817635306098436,37.61829991887567],[13.818048809632648,37.61842483925736],[13.818170704521954,37.618461437054485],[13.818503562755847,37.61856137334658],[13.818670953212793,37.61850026476274],[13.818863470163002,37.61842954085574],[13.819321800375588,37.61825990279306],[13.819358586534001,37.61824069689492],[13.81944479718833,37.61821597807256],[13.819483472381835,37.61820177020252],[13.81958067476754,37.618123250160274],[13.820637041354862,37.61726991302683],[13.821400508888386,37.61665316359328],[13.821656443726946,37.616433688940354],[13.822158672289703,37.61600300452685],[13.822831062383619,37.61547606056107],[13.822895688298301,37.615425413840974],[13.823180177835482,37.61520246002372],[13.824105464524358,37.61510245023223],[13.824224730151869,37.61508955910116],[13.824790565988788,37.61502839640951],[13.825668079497486,37.61547872641268],[13.826226984138026,37.61598036329343],[13.826890058598947,37.61626611341017],[13.82732674187419,37.616252695382215],[13.827651923393766,37.61642600014542],[13.827765614142661,37.61648681268762],[13.827961134167262,37.61659139669554],[13.828689890362702,37.61710407305358],[13.829046472599217,37.617353668157946],[13.829485930293757,37.61766127023086],[13.830325181871503,37.61821662468316],[13.830419837230556,37.6182792610617],[13.830898700166497,37.6185961279987],[13.830937962723848,37.61890732075018],[13.830947572192247,37.61898347942745],[13.83100409041536,37.61943142066751],[13.83105147534581,37.61980697397564],[13.831070513636655,37.619957856957775],[13.831072654463085,37.62008403487862],[13.831074623779685,37.62020020236006],[13.831083457056874,37.62072099088794],[13.831084438763838,37.62077890589847],[13.83109063617343,37.62114432457573],[13.831092070553659,37.621228853230065],[13.831094056735635,37.62134595746074],[13.831111883836307,37.62145529111601],[13.831148007919595,37.6216768181172],[13.831181353653127,37.62188130586115],[13.831212520572421,37.622072430017205],[13.8312397428583,37.6222393585632],[13.831253888158429,37.62232609954442],[13.831264463597236,37.622390952009724],[13.83127968120093,37.62248425615225],[13.831270486584172,37.6231059862086],[13.831372360217172,37.62378169393268],[13.831500214415922,37.62432351088524],[13.831263090580148,37.62504241970103],[13.8308596609074,37.62617560708055],[13.830782684130469,37.62638382265119],[13.830468364409187,37.62723402799143],[13.830058332178824,37.628113104665445],[13.829664018730934,37.62887398922684],[13.829625625639268,37.62894807232018],[13.829361436304518,37.62920656226748],[13.828503006702078,37.62978434302648],[13.82835909503002,37.630172514367985],[13.828331787071853,37.630246172102645],[13.828302307769167,37.63032568588388],[13.828147032836734,37.63074450163975],[13.828002671702556,37.630862701703634],[13.827931388314667,37.63092106831585],[13.827679062617555,37.63112766600681],[13.827327856530092,37.63141522265704],[13.827086119451316,37.63142368994447],[13.826819716585153,37.63143302140231],[13.826657621884472,37.631438699222144],[13.826572340800631,37.631441686434066],[13.82532920486874,37.63196993347099],[13.82517490877985,37.63213307049671],[13.82507528031446,37.632238406442866],[13.825023941621529,37.63229268668823],[13.824880685428756,37.63244415021778],[13.824658226189827,37.632679352074746],[13.824616160578643,37.63272382802275],[13.824545019194955,37.63279904388844],[13.823685815348185,37.63337682401082],[13.82353305478827,37.63344552864739],[13.823432386797457,37.63349080450763],[13.822866935686974,37.6337451143342],[13.822474065366459,37.63392180523302],[13.822430101973007,37.63394157739882],[13.822099124191807,37.63420118631276],[13.821977705926905,37.63429642239177],[13.821923880423885,37.63433864067914],[13.821888907718433,37.63436607257471],[13.821557927221322,37.634625679267],[13.821364317348932,37.63493458981191],[13.82113483495733,37.635300731169416],[13.821048423703392,37.63543860088236],[13.820472303254956,37.63626112885366],[13.8204441932153,37.63630124875126],[13.819466852524954,37.63716525667139],[13.818506071875905,37.6376953742331],[13.818224358589564,37.637749392764746],[13.817310444088713,37.63792463328065],[13.817028228916529,37.637978746964954],[13.816004915581832,37.63822100194165],[13.815643166086547,37.6383704397439],[13.81558869934055,37.638392939145156],[13.815407892179481,37.63846762777896],[13.81532770898435,37.63850075092092],[13.815091540914068,37.638598309020374],[13.81442573523384,37.63917036336984],[13.813950173337869,37.63973516748935],[13.813824984383126,37.63988384699517],[13.81336566882452,37.64026733842249],[13.813258260445368,37.64042273675156],[13.81324064758593,37.64044821897494],[13.81299416607148,37.640804830746525],[13.812618530403745,37.640971545023596],[13.812161623111015,37.64117432794683],[13.811572032432068,37.64140792925603],[13.811080867794407,37.641602529556266],[13.811008466928316,37.641631214527855],[13.810783281872297,37.64172682862845],[13.810633004597301,37.64179063655536],[13.811067548828674,37.642227637576816],[13.811400879991478,37.64272719378433],[13.81155994125669,37.64296557270592],[13.81171394252438,37.64319636772367],[13.811787017196718,37.643305880365105],[13.811959423450025,37.64373288189933],[13.812038053121164,37.643927623386176],[13.812157549811875,37.64422357629342],[13.812343239439201,37.64468346362437],[13.812799319903615,37.6453829531128],[13.812846324504306,37.645455046735236],[13.812884382722924,37.645513420034945],[13.81320680653433,37.64600793835451],[13.813264693248271,37.64610160028717],[13.813453292068159,37.64640675669872],[13.813695058163537,37.64679793102923],[13.813968156590544,37.64723979747151],[13.814094319934718,37.64743736225885],[13.814709337990024,37.64840042073164],[13.81507211725616,37.64875933433845],[13.815471909853086,37.6491548599213],[13.815657712379377,37.64933867910707],[13.815934944027571,37.64973932764565],[13.81611696858946,37.650378017048965],[13.816157507438257,37.65052025862025],[13.816246351181295,37.65083198827532],[13.816850433463657,37.65136108192738],[13.81688437631159,37.65138005281121],[13.817131719276011,37.651518302471224],[13.817234986840953,37.65157602134322],[13.817542663600097,37.651747991057285],[13.81788232625568,37.65193783812084],[13.817919273402554,37.651958488564],[13.81804341081936,37.652027871502085],[13.818378927498218,37.65221539681333],[13.818591859706538,37.652334408290145],[13.819009555997276,37.65257394508202],[13.819715179425451,37.652978593763876],[13.8197460832551,37.65299631582483],[13.819833474092967,37.65304642913445],[13.819859861979515,37.65306156157774],[13.819951257497811,37.65311397463521],[13.820057716061852,37.65319954778672],[13.820204105354357,37.653317217432694],[13.820235778019967,37.65334267584277],[13.820621686976407,37.65365287546167],[13.820846680765694,37.65383372595293],[13.820894622605017,37.65401717494343],[13.820936976765182,37.65417924007778],[13.820961447279654,37.654272876171994],[13.821023618343595,37.65451076728601],[13.821053134682048,37.65462370843582],[13.821065057526797,37.654669329852865],[13.821078149040604,37.65471942135226],[13.821096242895218,37.65479176804523],[13.821130505537248,37.65491975890369],[13.821141655487018,37.654962418610296],[13.82115637570878,37.655018746184915],[13.821091219012066,37.656306909512374],[13.821740657682405,37.65760250171073],[13.821753177948915,37.65762747731664],[13.821794895274955,37.65771079965794],[13.821852192183925,37.657840130169795],[13.822232401170353,37.65869831504344],[13.822723359737997,37.65916222503764],[13.822957999218362,37.660138684864975],[13.822980453650331,37.660197340904965],[13.823013110385263,37.660282646011126],[13.823057648416588,37.66039898717786],[13.823182817713972,37.66072595150322],[13.823338995798219,37.66113391252368],[13.82331239815636,37.66117090228625],[13.823225865654026,37.66129124221824],[13.82309547105693,37.66147258060287],[13.823126565113967,37.661572745394004],[13.82330043022434,37.662132820177696],[13.823381363054065,37.66227396216969],[13.823432039408441,37.66236233955409],[13.823518564709886,37.66251323456999],[13.823718729171087,37.66286230736624],[13.823741874671997,37.66290267125863],[13.823799191752144,37.66301204763452],[13.823812139408972,37.66303675600271],[13.824126481381255,37.663636599623864],[13.82433059257733,37.664169321693535],[13.824355553948646,37.66423740130871],[13.824301108468054,37.664811376336424],[13.824222861968465,37.665449437056445],[13.824362565852306,37.6659660260314],[13.824527817850392,37.66638401936612],[13.824569261884712,37.66648884727805],[13.824715462591918,37.66663743945136],[13.824848200027407,37.66677234520052],[13.825049394617999,37.66688489509784],[13.82517441078958,37.66695482965632],[13.82543534968279,37.667200778173346],[13.82531121847283,37.66763361031196],[13.825229115557832,37.667635414647165],[13.82475686853949,37.66764579504868],[13.8246805146741,37.66764747404105],[13.824483290871694,37.667651808735734],[13.8238595732892,37.6676638615184],[13.823597533483007,37.668426548464005],[13.823211345479596,37.66992823310067],[13.823233839209042,37.67066798784989],[13.823166172330817,37.67137254983427],[13.823138760999104,37.67165796132174],[13.822955463427142,37.672466938769034],[13.822933221489171,37.67316125843296],[13.823059461685475,37.67377518658862],[13.823080644878058,37.67384072597162],[13.823171440551942,37.67412163698211],[13.82319482257301,37.67419397885125],[13.823275624160493,37.67444396553238],[13.823508115512517,37.67506647990487],[13.823438979428325,37.67512360331872],[13.822910935732102,37.675559889736995],[13.822642270301113,37.67578186597813],[13.82241966564115,37.6758715248613],[13.82181082624342,37.676123012834324],[13.82125928605392,37.676338877150044],[13.82120480036607,37.67636082229531],[13.82079734601337,37.676379395529594],[13.820708874240694,37.67638342825874],[13.819646371167837,37.676431853889895],[13.819252614977716,37.67644979852355],[13.818227798875197,37.676654031743794],[13.818012604981345,37.676696916126325],[13.817885158518282,37.67672231379734],[13.81766008389852,37.676767166346416],[13.817327214575837,37.67685432797483],[13.816903258862144,37.67696533009852],[13.81677016510905,37.67700017740015],[13.816582317301775,37.67704936369412],[13.816491737823247,37.677073080490715],[13.816413385883907,37.6770914833565],[13.816343813869526,37.67711181322333],[13.81620271029741,37.677148759108896],[13.81612744934431,37.677143752041644],[13.815944548984355,37.67713158247533],[13.815814368621737,37.67712292188463],[13.815744783623252,37.677118291916365],[13.815691324083726,37.67711473454327],[13.815644380306255,37.677111611083156],[13.815081716701133,37.67707204509049],[13.815028381901644,37.67705801183197],[13.814498876574364,37.676918686831335],[13.81427074392075,37.67685865969443],[13.813518829663256,37.67666095769365],[13.811929655753708,37.67630374465865],[13.811516650166817,37.676265894350834],[13.811054867590784,37.67622357386704],[13.810475413669293,37.67617046336917],[13.810404266172078,37.676163941713064],[13.810314233813914,37.67614826369037],[13.810243877451185,37.67612952538387],[13.809375769143735,37.6759818782639],[13.808512690443035,37.675828842793536],[13.80757769587052,37.67573736668515],[13.80740692627255,37.67572065899401],[13.807328577729912,37.675712993307584],[13.807279127878193,37.67570815516763],[13.806819210202157,37.67549294353866],[13.806545511262831,37.67536486843606],[13.80646491782959,37.675327155686055],[13.806381754420716,37.67529008457493],[13.806103228623433,37.675344912246494],[13.805638909209806,37.67543070091238],[13.805478865910077,37.675701144258994],[13.80493987300624,37.676611924813784],[13.804839020165561,37.67704996219334],[13.804740758144296,37.67747673699054],[13.804627728452212,37.67796764746583],[13.804598539492426,37.678094415311115],[13.80462841742318,37.67822652122179],[13.804677939334963,37.67844027701104],[13.804709003954043,37.67857436423788],[13.804750740708231,37.67875451114971],[13.804816327446927,37.67903759767745],[13.804896744592158,37.67938469727342],[13.804905612370838,37.679422965366186],[13.804936378666065,37.68009966277408],[13.804938399031888,37.68014411079206],[13.80494075225501,37.680195898079965],[13.80494711463816,37.68033584695472],[13.804977168504802,37.68099683745717],[13.804981116254746,37.68108360841888],[13.804983671788484,37.68114723306825],[13.804989081919626,37.681281859036595],[13.805007148972761,37.681731384752055],[13.805025215467005,37.682180911371866],[13.805029985962246,37.68229957536419],[13.805017787437148,37.68243806420421],[13.804997809025812,37.68266487907677],[13.804989521837262,37.68275897573866],[13.804947135743273,37.68324019438994],[13.804939019219416,37.68333233982591],[13.804922146686609,37.683523915118116],[13.804905448739209,37.68371347688835],[13.804891806808504,37.68374054843304],[13.804754941931524,37.68392793485338],[13.804737384867751,37.68395197297128],[13.804705954660049,37.68399500435631],[13.804366971207099,37.68445911139288],[13.804337695518242,37.68449919371379],[13.804234454096544,37.684640541002516],[13.80419036376791,37.68470090399389],[13.804033335370779,37.68491588858058],[13.803977478390088,37.6849923625265],[13.803812603260111,37.685136152189294],[13.803734923786028,37.68520389662307],[13.803705944617162,37.68522917091224],[13.803555412221018,37.68536045066212],[13.803516523429664,37.685394364882136],[13.803169609163714,37.68569690616384],[13.802964311024901,37.6858759457053],[13.802634767937423,37.68618784435344],[13.802477246779086,37.68633731973486],[13.802100930785349,37.686694407704586],[13.801979743096151,37.68680789188572],[13.801880921310433,37.686900207378294],[13.801709498156969,37.687052004339684],[13.801660873480131,37.68709685699635],[13.801555774541546,37.68718942211385],[13.801453342987179,37.68727963955623],[13.801403694497564,37.68732336590171],[13.80114389432278,37.68754928243136],[13.801029696078347,37.687652760098196],[13.80091726508625,37.68775177994002],[13.800590025513934,37.68803998793294],[13.800467500963231,37.688147896863455],[13.800377924467611,37.688163366776934],[13.800222015564481,37.68819029261765],[13.800035453458406,37.68822251226954],[13.799868487446671,37.68825134582611],[13.79967605301023,37.68828458615205],[13.799642101675865,37.68829044957418],[13.79958005577183,37.688301165705184],[13.799147506724827,37.68820851658386],[13.798301727556808,37.688027351486895],[13.798167407605689,37.68799858027887],[13.7978425351668,37.687989534373344],[13.797682531181904,37.687985078948095],[13.797646319613763,37.687984071012075],[13.797595804078775,37.68798266386262],[13.7968326257046,37.687961408589054],[13.796625626485934,37.68795564203033],[13.795279519223863,37.688024121354125],[13.79483158117829,37.68804884696825],[13.794360265999877,37.68814311563857],[13.793377965667398,37.68833957907847],[13.793087001682888,37.6883964627027],[13.792166514658684,37.68832166196998],[13.790803357770747,37.68821087487381],[13.790700300849839,37.688212375966266],[13.789919692626977,37.68822374452131],[13.789340093015792,37.68823218198349],[13.78885147444912,37.6882382326928],[13.788761667744069,37.68823547712746],[13.788731027094428,37.68813606287542],[13.788690550129951,37.688004731308986],[13.78852524529851,37.687468376422224],[13.78838919097513,37.68694598955171],[13.788380314772578,37.686911910565556],[13.788343641185216,37.68677110165784],[13.788315837581012,37.68671843497548],[13.788188590044763,37.68647739347191],[13.788113530742777,37.68633520817837],[13.78797538988541,37.686073529881725],[13.787951786714352,37.68602881773103],[13.787890266679536,37.68591227979444],[13.78787010611377,37.685874091525086],[13.787864929178514,37.68571655643977],[13.787860516818292,37.68558226559082],[13.78785612504122,37.685448627694626],[13.787845739352521,37.685132600630915],[13.787843855706967,37.68507527867491],[13.78783988829887,37.68495452103564],[13.787819963233096,37.684887393322036],[13.787760131654753,37.68468581703064],[13.787750942952567,37.68465486205915],[13.78771467659479,37.68453267747954],[13.78762807971571,37.684240924109204],[13.787592952793267,37.68412257624161],[13.78735492229099,37.68390927443323],[13.78728715125762,37.683848543854324],[13.787240168774513,37.6838064415763],[13.787180300994548,37.683752791804515],[13.787045025353173,37.68363156809444],[13.78699548914903,37.68363106920387],[13.786572356666577,37.68362681132997],[13.786301075446334,37.68362407979623],[13.786232465369672,37.68362338841716],[13.786024563712168,37.683621295636506],[13.785518708948855,37.68369195489254],[13.78547707605858,37.6836977699923],[13.78535550266026,37.68371475126234],[13.784915564871605,37.6837762007561],[13.78470570740026,37.68380551229683],[13.784354734593665,37.68386521044118],[13.7842369009721,37.68388525252252],[13.784052961216991,37.6839165384561],[13.783901961148493,37.68394222164455],[13.783794309162543,37.68396053181652],[13.783247764984843,37.68405128781683],[13.782763970580746,37.68405829593386],[13.781799426127478,37.68407226169009],[13.780897108233088,37.68392946777115],[13.780481790177815,37.683863739746634],[13.779965618245132,37.68378204973299],[13.77947124718086,37.68363861585881],[13.779385078232922,37.683613613944445],[13.779236725490394,37.68357057034584],[13.778745355617627,37.68342800291525],[13.778659392728024,37.68340306142514],[13.77852238074209,37.68336330706123],[13.778210950649724,37.68327294526168],[13.778082062251544,37.68323554858736],[13.777504735248966,37.6830680326849],[13.777426801416999,37.683045419052725],[13.776931131654289,37.68295842163414],[13.776543490554362,37.68289038319403],[13.776358111454298,37.68285784531075],[13.775785091334896,37.682757265232006],[13.775247620512356,37.6826629229861],[13.775212072541763,37.68265668314846],[13.77491626060186,37.682604757638465],[13.774644487101721,37.682640631558016],[13.77408269530118,37.682714784714015],[13.773520903226789,37.682788935211825],[13.773143103325983,37.68283880060497],[13.773081339816022,37.682840751411106],[13.770697037744672,37.6829160321442],[13.77051111308964,37.682921900005226],[13.770386020394854,37.68292584788068],[13.769572226838036,37.68297634297103],[13.769400814930393,37.68298697812392],[13.769002746583748,37.68301167466639],[13.768950697447845,37.683014903672316],[13.768501220581793,37.683042788926684],[13.768128581779418,37.68304994039324],[13.767944469282478,37.683053474881746],[13.767872399398357,37.6830548580895],[13.767306537128102,37.6830657156883],[13.766966278878158,37.68307224220148],[13.766852095885977,37.68307443221132],[13.766719981651582,37.68307696581292],[13.766618558918177,37.68307891061331],[13.766073675758333,37.683089359932836],[13.76586835875846,37.68248306109789],[13.765858666523137,37.682361393506774],[13.765851681904905,37.68227367854153],[13.765844175700177,37.68217941971214],[13.765755600012008,37.68106701854526],[13.76496538161916,37.68018498447197],[13.763953466095147,37.67987444972013],[13.76363349439292,37.679776254863526],[13.76247232874406,37.67941990013208],[13.76242855874155,37.67940804369683],[13.761929267307938,37.67933778645135],[13.761057871457954,37.679215237249906],[13.760306295160946,37.67932615906486],[13.760268646594414,37.67933171483147],[13.760091161510628,37.67935790828742],[13.759706506010676,37.67940028786849],[13.759540170381554,37.67941861346592],[13.759373593886753,37.67943696568193],[13.759143942077635,37.67946226712072],[13.758581376979018,37.679524244639154],[13.758539666870425,37.67952883932299],[13.75844425830141,37.67953935006986],[13.758289408075587,37.679518172395724],[13.757428973071296,37.67940049396129],[13.7569998651824,37.67934180470266],[13.756792509410944,37.67931344411177],[13.756748864724859,37.67931218984187],[13.756526413757813,37.67930579375996],[13.755783640821619,37.67928443708945],[13.755225139133461,37.67943633438252],[13.755177377062711,37.67944932423414],[13.754620264396834,37.67959660127903],[13.754525290370175,37.67962667106866],[13.754335088413846,37.679678398727106],[13.75407203296194,37.67974993963171],[13.753926554608624,37.67978950242472],[13.753506710624427,37.6799017640693],[13.753186818879756,37.67998729906362],[13.752608998077871,37.680141797170506],[13.752468567497072,37.68017934509912],[13.751407713203745,37.67987997513768],[13.750920086108717,37.679855199883804],[13.750670232913496,37.679842504647986],[13.750600614480017,37.67983896740746],[13.750378953333515,37.67982770351089],[13.750101849425413,37.67981362257982],[13.750025098830656,37.67980972181453],[13.749851529748582,37.67972470453254],[13.74965589128502,37.67962887693867],[13.749531694518096,37.6795680425901],[13.749362808805218,37.679485318334685],[13.748428494813687,37.67902765968762],[13.747700107760178,37.67909691055421],[13.747556080351082,37.67911060427971],[13.74723255575836,37.67914448782786],[13.74709498201906,37.679308431939994],[13.746950102495752,37.67948108360794],[13.746851065564556,37.67959910432329],[13.74655296726311,37.67995433874434],[13.746300171810022,37.68032053837771],[13.746179603625167,37.68049519297369],[13.746164151061784,37.68051757814847],[13.745959840602048,37.68081353874739],[13.745943253910157,37.68084297234717],[13.745515841473656,37.681601413585554],[13.744879036544,37.68195169124339],[13.744785087940388,37.682003367582475],[13.744566228331104,37.682123750749454],[13.743977256134345,37.68230721245442],[13.743824532124664,37.6823547845422],[13.743619762457703,37.68241856814456],[13.743075448311545,37.68308890205431],[13.742644438109663,37.68377043461216],[13.741816279404738,37.683283204891936],[13.741647443798366,37.68318387295524],[13.741605607244828,37.68315925816999],[13.741576750648203,37.683142419825984],[13.741535325786243,37.68312317374425],[13.741226325463671,37.68297959946985],[13.740655714110273,37.682714466848715],[13.740367129158018,37.68258037544155],[13.740092260128748,37.68245265422535],[13.738863586856768,37.68199785281023],[13.737808909937751,37.682006555027144],[13.736389819885886,37.682097457844726],[13.735562197547855,37.682308243723135],[13.733975073321295,37.6827124487968],[13.732785836392653,37.68289334439008],[13.732735710256623,37.682900968348314],[13.732689847645439,37.68290794440443],[13.732542021229081,37.682930428875295],[13.732485996335502,37.682938949186294],[13.732499668657635,37.68298893320864],[13.73243594562201,37.683074958965065],[13.732362887757368,37.68317358610557],[13.732264454107412,37.68330647067667],[13.73163108007486,37.68385875794749],[13.731542421388335,37.68394181092808],[13.731251173592543,37.68421464282201],[13.731194437506783,37.68426779310399],[13.731135897168917,37.68432263150942],[13.730927956518522,37.68451742242111],[13.73085536631027,37.6845816159533],[13.730805311780474,37.684625880872865],[13.730255234596566,37.68511232508444],[13.730202495244706,37.68515896350417],[13.730085603439848,37.68517138492504],[13.729842763435872,37.68519719034133],[13.729358604563298,37.68524863857183],[13.729282354318292,37.68525674107664],[13.729223069534864,37.68525219411275],[13.728917875116686,37.68522878559126],[13.728782718862822,37.68521841986226],[13.728402241898625,37.68518923703251],[13.728021416607694,37.68516002552749],[13.727398726045788,37.685112260125955],[13.727334790791925,37.68510735510311],[13.727050430190612,37.68508554065441],[13.726836229204896,37.685069108450556],[13.72663982272614,37.68504457284082],[13.726325523817737,37.68500531135793],[13.72539065380219,37.68488852145641],[13.724926463659127,37.68483053010596],[13.724708819256245,37.68480333816372],[13.724589967038265,37.68478887183334],[13.724420037414037,37.68476818818635],[13.724180228418575,37.68473899799501],[13.724026448091001,37.684720279709246],[13.723979735479901,37.68471459402158],[13.723785525817052,37.684690952383434],[13.723351301203222,37.684638096159105],[13.723248487635207,37.68462558003567],[13.723044318717328,37.68452724363768],[13.72292920075854,37.6844717987617],[13.722743568013952,37.68438321833882],[13.72187601719707,37.68396923231283],[13.721244496548435,37.68418756911426],[13.721132553275961,37.68422627125353],[13.720935842688556,37.68429469685445],[13.720375298346795,37.68453913896002],[13.719951534141487,37.68472393111161],[13.719823986901028,37.68477955093795],[13.719684000093965,37.684842406703794],[13.71962489294956,37.68486651802486],[13.719548009857863,37.68490554958486],[13.718497844214365,37.68543868002219],[13.71828836314224,37.68554502370556],[13.716439130904424,37.685932987276345],[13.71612586065689,37.68599870782264],[13.715938007802228,37.686041741770566],[13.715379001585598,37.6861697984642],[13.714579301700065,37.686352988928554],[13.714292463223122,37.68641869293193],[13.714219434650207,37.68643542090011],[13.714074887589401,37.686468531624094],[13.713766262509065,37.68654738640821],[13.71370471067017,37.68656316618166],[13.713391108033765,37.68664356214267],[13.712804021058359,37.68679406779695],[13.712353022672298,37.68690968272195],[13.712124873125768,37.68696600123631],[13.711992119341547,37.68698036108591],[13.711906208375416,37.68698965334447],[13.711204038550195,37.68706560177406],[13.710508762746468,37.68714079993717],[13.710437751755588,37.687148479687],[13.710334467894148,37.68715966224211],[13.709928502496476,37.6873360806021],[13.709804014832859,37.68739148178853],[13.70950123813592,37.687526224585724],[13.709468559850345,37.687540767249146],[13.709294637248474,37.68761816610751],[13.709241822872901,37.6876660430539],[13.709026737711135,37.687863343148],[13.709001851516039,37.687886169735854],[13.708659940185303,37.688199807050296],[13.708613365518675,37.68824253044991],[13.708343394861236,37.6884419807389],[13.708174455043313,37.68856679064231],[13.708084952082034,37.68863291360825],[13.707421815714957,37.688931856635556],[13.707094707565783,37.68902976115853],[13.706383902702948,37.6892425039711],[13.706292996634227,37.68926971153939],[13.706115299604052,37.689330468470224],[13.705735559135231,37.68946030477716],[13.705599023712535,37.68950698780965],[13.705345998340682,37.689593498172485],[13.705252873991325,37.68961584324813],[13.704694251692798,37.68974988381091],[13.70437760613008,37.689825859734974],[13.703994349231102,37.68993394914787],[13.70393385597199,37.68995100992184],[13.703871269493458,37.689968660466924],[13.703819531816672,37.68998325211672],[13.703496181206143,37.69031308810623],[13.703472843584946,37.690336893634104],[13.703357803116395,37.690454239728886],[13.703199289993231,37.69067012452871],[13.703145650501602,37.69074317840288],[13.703068279266022,37.69084855211764],[13.702618785790053,37.69122223968896],[13.702417897666066,37.691336395972286],[13.702363093569405,37.691367538617925],[13.702057361206183,37.69153960690117],[13.701966378159732,37.69164150828522],[13.701902196955563,37.69171339340661],[13.701781236747356,37.6918488707124],[13.701745996926958,37.69188833781835],[13.701617521302817,37.69203223210753],[13.70136986463692,37.69213631309888],[13.700658491781407,37.692435272601735],[13.700141939125535,37.69261257410262],[13.699767663546167,37.69274103871206],[13.699310749540567,37.692869254541485],[13.699266829222731,37.69288157869247],[13.698411233205391,37.69312166389031],[13.698313156422113,37.693137987448004],[13.698256263552373,37.69314745661389],[13.697722506499751,37.69323629007336],[13.697183184124349,37.69332604755531],[13.697141862574469,37.693358692986365],[13.697067847992212,37.693417165154294],[13.696768962448978,37.69365328348436],[13.696117652979085,37.694566323210246],[13.695652075576556,37.69481287532745],[13.695533702928993,37.69487556014311]],[[13.683929646390895,37.647428400472734],[13.684204074912973,37.647964575192624],[13.684550872486655,37.648347954690934],[13.684614937623822,37.648418775788116],[13.684664265234339,37.648375548227435],[13.68475435753977,37.64829659432763],[13.684847211617612,37.648215221367266],[13.68502663541431,37.6480579811303],[13.685077836590734,37.6480131091323],[13.685136937023474,37.64796083156819],[13.685278553070097,37.64783556409795],[13.68560554257082,37.64754632002483],[13.685629646108508,37.647527473308635],[13.685805530763634,37.647389949547325],[13.686582459165336,37.64678246325489],[13.687367029663536,37.645744159732544],[13.687458097371596,37.64549736636457],[13.687575537948307,37.64517015954644],[13.68780051239807,37.644543333906896],[13.68814769029902,37.643562081093144],[13.688163232246035,37.64351815346508],[13.688229543490484,37.64333073164396],[13.68836550180924,37.642912056465654],[13.688537491958925,37.64238241723227],[13.688553220749467,37.642333982849735],[13.68858570184347,37.642300469260285],[13.688801848365308,37.64207744656286],[13.689039628829605,37.64183210374255],[13.689166022864741,37.64170168820183],[13.689315094070466,37.641235949867585],[13.689536826784975,37.64054318987368],[13.689556162885964,37.64046067352698],[13.689642146619132,37.640006965402215],[13.689711537209595,37.639653667703605],[13.689731098326078,37.639553138989214],[13.689764507162435,37.63938145626058],[13.689819405275115,37.639099337312814],[13.689848407482915,37.63895028864864],[13.689832482868928,37.638648532732375],[13.68982279727333,37.63846498709681],[13.689836750990114,37.63842201413241],[13.68991041858524,37.63819514329482],[13.690058546569652,37.637738958184165],[13.69017015617286,37.63739523178978],[13.690201030963905,37.63729069768816],[13.690324422365235,37.63687292934314],[13.690459500480294,37.63641559771577],[13.690905024830943,37.63555581923829],[13.69092553276526,37.63549213475933],[13.690938099852671,37.635453105622226],[13.690995525719694,37.635274767661876],[13.691017000082384,37.635215010787896],[13.691155748330964,37.63477718819199],[13.69116974402756,37.63474104788331],[13.691186444411994,37.63468185676558],[13.691240640540892,37.63451354382273],[13.691537899321101,37.6339344944604],[13.691838858372304,37.633348227469284],[13.691714773298918,37.632753757046366],[13.691703420999245,37.632719843571614],[13.691682725145945,37.63260022109725],[13.691588706372025,37.63227359872276],[13.6915752981425,37.632217063691606],[13.691416165847736,37.631649485663],[13.69121710882793,37.630691562058225],[13.691112623812197,37.63039997789087],[13.690875370844461,37.629737863369016],[13.690851368086934,37.62967087772733],[13.690827124878709,37.62960321992517],[13.690762510187314,37.62942338671422],[13.690652296678849,37.62915990665141],[13.69044878971228,37.6286733859566],[13.691140145690083,37.62735803042584],[13.691177447581431,37.62718029532461],[13.691207462130969,37.62703727505574],[13.691300721048687,37.62659290060597],[13.69134830855263,37.62643046972709],[13.691379632242823,37.62632355442271],[13.69144723645402,37.62609280800509],[13.691492929540031,37.625936836743044],[13.691262943883395,37.62553330400894],[13.691229992100137,37.62545787277958],[13.691199918107406,37.625422717638344],[13.691186581767411,37.625379568477335],[13.6910362555632,37.62513551921509],[13.690954479089138,37.624994678431364],[13.69039010310996,37.624202158448156],[13.68959801528052,37.62349072938621],[13.689317151507549,37.62328864316014],[13.688885861261305,37.62297832182132],[13.688859769070344,37.62295954830684],[13.688214671408849,37.622278293355926],[13.688011256339484,37.62190156903995],[13.687857278623715,37.621616402487795],[13.687754111849959,37.62142533559956],[13.687484436819192,37.62118164189123],[13.6870962076278,37.6208323754555],[13.68703671782529,37.62074850095239],[13.686878836652141,37.620525911764794],[13.68672610614138,37.620310581281736],[13.686709502715019,37.62028717340494],[13.686484256645326,37.61986228136597],[13.686127408869625,37.61918913431126],[13.686048023470128,37.618986719296345],[13.685934397399091,37.61869699619878],[13.685727006262846,37.61816715544753],[13.685725771460458,37.61809897689556],[13.685717620632659,37.617649016500685],[13.685715556217696,37.6175349757688],[13.685749966118701,37.617373804408246],[13.685912868331002,37.61661078544154],[13.686167585814607,37.61584920212851],[13.686246372240564,37.61561363384084],[13.686276462236435,37.61521249101843],[13.68629808839035,37.61492420311296],[13.686307182430209,37.61480295584717],[13.685956010139513,37.614781582017784],[13.685877833813251,37.61478922586289],[13.685721064784829,37.61480455428343],[13.68538883579667,37.61483703766839],[13.6853417642547,37.6148416395376],[13.685229856594262,37.61485258126823],[13.68441380515809,37.61487155102505],[13.683647024032638,37.61468366390894],[13.683314358417144,37.61460282017762],[13.683255091412711,37.61458841508294],[13.68320187871869,37.61457548294998],[13.683028408475174,37.6145333163353],[13.682946437403439,37.61451338666416],[13.682919124878987,37.61449682792144],[13.682861191793167,37.61446199849882],[13.68278821567917,37.61441867328659],[13.68227705193276,37.61411686575528],[13.682016664791634,37.614043910356116],[13.681971916222773,37.61403137324765],[13.681865218377938,37.61399875704801],[13.681784406497382,37.613978829976894],[13.681653338542583,37.61394189799277],[13.68161776210146,37.613932130964606],[13.681510000968466,37.613901938739666],[13.6810540413756,37.614032629135586],[13.68052836641535,37.61431470890343],[13.680400239722939,37.61434547036904],[13.680064996716084,37.61442596024146],[13.67959569880339,37.6145386332545],[13.678989281766942,37.614234029685264],[13.678943246458253,37.614204061399],[13.678896609129128,37.61417370004827],[13.678272222094492,37.61376721717861],[13.677963239936641,37.61373589984992],[13.677570108817605,37.613696051400915],[13.677451074790993,37.61362730000684],[13.677199079341616,37.61348175584155],[13.676923467815703,37.61332256966304],[13.676777505574139,37.61323826604539],[13.67624229365497,37.61337254042352],[13.676136385935127,37.61339952664353],[13.67606172573244,37.613371374815635],[13.675720407761638,37.61324267527847],[13.675498782518037,37.61308133551305],[13.675323463396088,37.61295370525682],[13.675291596474425,37.61293050721668],[13.675128000863376,37.61281141154978],[13.675057936769134,37.61279228139909],[13.674609677764026,37.612669888605524],[13.674431891138846,37.612630976549966],[13.673660578405377,37.61246215259177],[13.673110657346456,37.6122115657689],[13.673053829486483,37.61215833630751],[13.673009898562603,37.61211718690689],[13.672996156290116,37.61209220351551],[13.672745964277777,37.6118639359565],[13.672497280554369,37.61163702097824],[13.672005116550208,37.61128055455422],[13.67115906803184,37.61109122864138],[13.67095135431581,37.61070097366542],[13.670875025565461,37.61058398003403],[13.67078071457455,37.61045701964744],[13.670579962890907,37.61017001415018],[13.670519241885874,37.610083204678446],[13.669879020853573,37.609813662690634],[13.669428369418355,37.609600256579725],[13.669332906338106,37.60955504865831],[13.66908058659345,37.60943556099601],[13.668948694699361,37.609295506024644],[13.668886934800318,37.60923072094856],[13.668826541766226,37.60916818262952],[13.668603179318534,37.60893102021157],[13.668545644135769,37.608869929135686],[13.66851215200532,37.60883436823346],[13.668457858322732,37.60884762679702],[13.668306470514013,37.60888459886669],[13.668192993929384,37.608912311961426],[13.668101829571002,37.60892301817572],[13.66804424893204,37.60892978036831],[13.667976365591665,37.60893775247793],[13.667353699342534,37.609010874598276],[13.667085596032184,37.60899865068412],[13.666854305198093,37.60898810480155],[13.666335158441916,37.60896396143963],[13.666112875212862,37.60874426221539],[13.665893106430001,37.60851501577346],[13.665848199210101,37.608468171781894],[13.665817396656399,37.60843603918728],[13.665789034702,37.608406454892624],[13.665572732085499,37.60771906862297],[13.665543790634755,37.60764893771571],[13.66510288084673,37.60726920645313],[13.664873439531016,37.60707159945013],[13.664454120797984,37.606592606064375],[13.66434006625155,37.60646231723588],[13.663771974653473,37.605625811100516],[13.66370633331689,37.605529153812455],[13.663663626932498,37.60546626786859],[13.663585224300219,37.60535081908132],[13.663556878178772,37.60530907836674],[13.663237579262423,37.604944336870545],[13.662855878374048,37.6045083047732],[13.662793552248091,37.6044512332321],[13.662759669465368,37.60442020605118],[13.662685506535656,37.60435229539792],[13.662300006150312,37.60399928539185],[13.662231393742195,37.60393645461178],[13.662066110783812,37.60380352471032],[13.662040574985426,37.603761718254155],[13.662006727606633,37.60373072185653],[13.661899044222551,37.6036321129148],[13.661585659465725,37.60329710200998],[13.661450868542692,37.60315300993286],[13.661391076346858,37.603080073427435],[13.661285718709472,37.60297646901979],[13.661159845448127,37.602863677363764],[13.660848103202273,37.60258433382374],[13.660688256378958,37.60244341100185],[13.660561774835216,37.60232775814875],[13.660429090423419,37.60220885996046],[13.660131810642277,37.60218281986829],[13.659930678637473,37.60216520159794],[13.659614586378872,37.60213751266254],[13.6593277388316,37.602316051851524],[13.65918966804419,37.60240198932238],[13.658738959039137,37.602505421620386],[13.658405862357565,37.602572582798686],[13.657801069203476,37.60218900768471],[13.65762347105826,37.60215473214607],[13.65685056595986,37.60200388156707],[13.656486870395032,37.60157004929842],[13.656413980916994,37.60059579255254],[13.6563510528185,37.600507945567635],[13.656242553454993,37.60035647635068],[13.65617535882519,37.60026267216015],[13.656045548158046,37.60008145330699],[13.65595063593731,37.59994895330204],[13.655928688310004,37.599918594970696],[13.655866499118703,37.59983260971075],[13.655636899763683,37.59951530770479],[13.655616492394481,37.599484161640675],[13.655562194920478,37.59941185123362],[13.655506308626656,37.59933457832993],[13.655452662410136,37.59926040402028],[13.655426177351904,37.59903787294966],[13.655377808033352,37.59863147664277],[13.655366926054125,37.5985400459791],[13.65535251201295,37.59841893197848],[13.655324644638991,37.598184781183846],[13.655226537571755,37.598048670233396],[13.655119598881814,37.59790030456897],[13.655049070168227,37.597802455387466],[13.654809618868445,37.597470240799716],[13.65460515222566,37.59718656071126],[13.654256634599578,37.59704107150507],[13.654132326055766,37.59698917607096],[13.653604983071403,37.59676902985363],[13.653469302090178,37.59672962124317],[13.653154682489044,37.5966382384032],[13.653156419563006,37.59659195066617],[13.653162967488466,37.59641750462144],[13.653175669381328,37.596079038897294],[13.652489742191307,37.59599286029501],[13.65238496790688,37.59597969553014],[13.652072514912579,37.59588835374922],[13.652036086577073,37.59587770413926],[13.651983382252908,37.595862299314184],[13.651938314210884,37.59584912167743],[13.65187313225733,37.59583006607083],[13.651809691136563,37.595811518941716],[13.651772862959278,37.595800754456086],[13.651618308764995,37.59575557244515],[13.651188071117785,37.59571845071353],[13.650759160694662,37.59568144338573],[13.650195404028088,37.59555735142],[13.649396619040031,37.5952601842434],[13.64864143722019,37.59488569838784],[13.648374693293237,37.59475342328455],[13.647750879436765,37.594561259929826],[13.647247406098549,37.594406163444546],[13.646441648767276,37.59408419612777],[13.646134573706233,37.59396149246844],[13.644578870613321,37.59358383482481],[13.643597468248869,37.59335324612023],[13.643563307417535,37.593345219684494],[13.6435285964434,37.59333706453106],[13.643435708272587,37.593328560835104],[13.642613923323042,37.59325332203986],[13.64238954433099,37.5932327779579],[13.64231108528458,37.59322559402688],[13.64194710524117,37.59319226707958],[13.640794702220633,37.59317922760748],[13.640349446101986,37.59317418614371],[13.63940481439202,37.592828653540785],[13.639327940054342,37.59278635227563],[13.638652611736926,37.592414740453655],[13.637426050721308,37.5920397739222],[13.636346207314466,37.59180575233654],[13.636151189990578,37.59176348689454],[13.635971502602956,37.59174852530179],[13.63515873165952,37.59168084442667],[13.635031305688399,37.59167023317542],[13.634172934626925,37.59156217775688],[13.634031310282067,37.591504696050556],[13.633530703736442,37.59130150934963],[13.633474688661535,37.59126600698695],[13.633248272450599,37.591122502185115],[13.632938681122388,37.59092627881839],[13.63166914977247,37.5909289413721],[13.630947411091416,37.59094679459688],[13.63049265559978,37.59095804104158],[13.630433892467243,37.590959494014875],[13.629510473099558,37.59086502524615],[13.629432280354424,37.59085702598655],[13.629336885159535,37.59084726582963],[13.6292000853597,37.59082439836293],[13.62916370041005,37.59081831480265],[13.62835552281826,37.59068321037323],[13.626391490311327,37.59059613380501],[13.626051505424979,37.59052256628233],[13.62548293483823,37.59039756143553],[13.624376828074725,37.59019558118874],[13.623860085285985,37.5901717302057],[13.623561026606264,37.59015792616468],[13.623303616027785,37.59014604293938],[13.622531742190217,37.59011041003014],[13.622226014395684,37.590126206729074],[13.622156023910739,37.59012982350654],[13.622087839580784,37.59013334684581],[13.621262573396443,37.59017598527938],[13.620679763543631,37.59048479389638],[13.620507227753313,37.59070612520232],[13.62049015070051,37.59072803218908],[13.620366553409946,37.590886583582765],[13.62007249228144,37.59146097864823],[13.61977204519698,37.59177222340111],[13.619610605216417,37.59201629161296],[13.619469078920059,37.592236655593105],[13.619326678359256,37.59255404379839],[13.619177563582387,37.592886390278835],[13.619162655974765,37.592919617201204],[13.618832205113184,37.59362602194389],[13.61848620814562,37.594174698367816],[13.618399587420704,37.59431618146706],[13.61811268010189,37.59473051898555],[13.617923625890619,37.59500353702739],[13.617502894869578,37.59565720622848],[13.617086508140481,37.59617561914356],[13.616816716297205,37.59683922373011],[13.616782997827551,37.596922156151464],[13.61673910053936,37.59703013431666],[13.616718155430073,37.59708164928146],[13.616273301815944,37.59786007566309],[13.615472302936475,37.5982111834159],[13.615449835904055,37.59840914416111],[13.61544372143009,37.59844095885105],[13.615406166981803,37.59874287911766],[13.615265141321597,37.598891768926315],[13.614679715682902,37.59950983419369],[13.614016350528926,37.59979924643263],[13.613535544433262,37.600267898149454],[13.61314033106362,37.600653114674465],[13.61232556505766,37.60143771270473],[13.612302413326807,37.60145988444806],[13.612277225774537,37.60148413255335],[13.612114096522449,37.60164117670108],[13.611969838653733,37.60175960048825],[13.61161101296315,37.6020541627961],[13.611388310395036,37.60223698060208],[13.610727657809912,37.60249024755444],[13.610628336982579,37.60249920560743],[13.609933341153077,37.60256188454158],[13.609656586449889,37.60263013123727],[13.60947744710417,37.60267430648838],[13.609271333285948,37.60272513358845],[13.609229076406068,37.602766733720706],[13.608853108350061,37.603136873737725],[13.608637811853988,37.6033488302141],[13.607761846206794,37.60415986743961],[13.606850921723385,37.605057829764576],[13.606591176978084,37.60516500451895],[13.605126853018117,37.60576918855445],[13.605065688920961,37.605766854015656],[13.603349667393932,37.60570133858629],[13.603341791743544,37.6057328244626],[13.603304166208712,37.60588324076563],[13.603104537399416,37.60668130895178],[13.603325658843833,37.606882044199146],[13.60354585355281,37.6070304757188],[13.603580826695483,37.607054048958894],[13.603836690376042,37.60722652305922],[13.60395390009335,37.607305531150665],[13.6046471617906,37.60780753545264],[13.605002137818245,37.607983804465405],[13.605151518609222,37.608057982338316],[13.605493082890485,37.608512941832004],[13.605562377122231,37.608683004388446],[13.605754951051049,37.60915562474452],[13.605585542999707,37.60971161217608],[13.605577361324569,37.61011720541898],[13.605769376817928,37.61042017562142],[13.605963072298417,37.61072579236665],[13.605996017125035,37.61113418176537],[13.605999464420886,37.611176915629194],[13.60595435302474,37.61179783480909],[13.606036171484348,37.61224043025087],[13.606085619298275,37.612308411674746],[13.6064485696232,37.61280739187884],[13.606540669353246,37.612934008932875],[13.606716978322,37.613176392116486],[13.607376824689746,37.61408351190851],[13.608009313085603,37.61495299653506],[13.608213031969019,37.615233043035225],[13.60820421556649,37.61531506727107],[13.608191015038315,37.61543397161986],[13.607988283226069,37.61732415201832],[13.6079623212124,37.61756570350676],[13.607760299998263,37.619445283601934],[13.608700713643696,37.61962635517623],[13.608814742554253,37.619648311089286],[13.609211792297998,37.6197247575302],[13.609257738321173,37.61973360406569],[13.61006965388093,37.61988992333636],[13.61011649041857,37.619898940900946],[13.611351305467226,37.62013666809857],[13.611395569747753,37.62014518968396],[13.611526585331655,37.62017041146935],[13.61158466496484,37.62018066862051],[13.61198066866221,37.620266961228864],[13.614448842927127,37.62081117033516],[13.615410929852922,37.62102868015702],[13.615454906027091,37.62103862181226],[13.616299058933036,37.621229461092],[13.617366992079173,37.621458285054125],[13.617410902865098,37.62146769356897],[13.617623939188224,37.62151333889779],[13.617672524900708,37.62152374916123],[13.618568104082232,37.62171563226659],[13.618614859780106,37.621725650107095],[13.618928229556373,37.62179278928212],[13.619594628887883,37.62192650060131],[13.620244872018784,37.6223130085252],[13.620431026933883,37.622051285649505],[13.621030441335082,37.62209755388373],[13.62129420936849,37.62243871192981],[13.62136859375869,37.62253457530966],[13.621924447017685,37.62259477511459],[13.622284083992547,37.622633723028926],[13.622974475399669,37.62265165755692],[13.623259317619523,37.62276867683577],[13.623334640486076,37.62279962034239],[13.623736675810447,37.622901504996165],[13.623819229133618,37.62292242608852],[13.62438326879817,37.623082648759464],[13.62462772793613,37.623383755624246],[13.624519605822169,37.62370546171493],[13.624479710383351,37.623974947103285],[13.624620354941804,37.624160555587814],[13.624701708506352,37.62426791733773],[13.625102262785395,37.624177755343325],[13.62517155697299,37.62394777055328],[13.625446448672859,37.62365530308588],[13.625531904833576,37.62377234388677],[13.625703907163388,37.6240079188705],[13.62593146070357,37.62405456074291],[13.625969329559469,37.624062322914554],[13.626038901673235,37.62407658367237],[13.626358351753696,37.62414205957425],[13.626394447150364,37.62418122571797],[13.626668716368144,37.62447882590019],[13.626761074238521,37.62502005151551],[13.626809504124557,37.62520055228899],[13.626857734126999,37.62538030979252],[13.626876281758722,37.62544943740369],[13.626909328068047,37.62557260104633],[13.626958216259371,37.625653253615],[13.626986066132568,37.62569919905096],[13.627060879245098,37.62582262059713],[13.627121117318746,37.625921998015436],[13.6272125723166,37.62606978486042],[13.627349639269802,37.6262251487747],[13.62749253314895,37.62638711901137],[13.627618578844169,37.626529991308615],[13.627731007556612,37.62665742482428],[13.627764643205907,37.62669554971787],[13.627825627967784,37.62676467430302],[13.627872957614851,37.62681846440632],[13.628066248920119,37.627163508966426],[13.628081299882165,37.627190369269975],[13.628119045528077,37.6271745444527],[13.628561345380332,37.62698912060691],[13.628849726854131,37.626860236628715],[13.62907501633391,37.62675954906045],[13.629306033196736,37.62696627270872],[13.629385369536967,37.627037264975186],[13.629431711581088,37.627078734385215],[13.629522191875582,37.62716929867847],[13.629743388486174,37.62739068736059],[13.630258973613081,37.62764734910033],[13.630799864144944,37.62788949253442],[13.631171116174961,37.628009973467236],[13.631258065520763,37.62804257429962],[13.631288561239062,37.6280548944261],[13.631320467764885,37.628067140135315],[13.631421115723045,37.62810371936212],[13.631845568642982,37.628260381423125],[13.632118041230196,37.62817063278621],[13.632769298816394,37.62795611769487],[13.632793955899023,37.62784734281853],[13.632940282413715,37.62786333061896],[13.633442592962066,37.627869144727605],[13.633994575927089,37.627905499508806],[13.634087655190138,37.62796651831219],[13.634203307744032,37.62800810171235],[13.63424254388008,37.62802543554998],[13.634561657914308,37.62814683294648],[13.634842750865536,37.628229997471074],[13.635209837336031,37.628419056383905],[13.635429298315273,37.62853065320349],[13.635601845812413,37.62861840284495],[13.636080210123644,37.62890365291828],[13.636447469322743,37.629082704393],[13.636432349909752,37.62922240438174],[13.636434267992438,37.62946217636564],[13.636419458946154,37.62964074629759],[13.6364300437403,37.6299329273594],[13.63666009564839,37.63027819281222],[13.636851829314216,37.63032612076191],[13.637041590911927,37.630359868792006],[13.637222566721396,37.63045102766928],[13.63740649432514,37.630554557590884],[13.637696448284784,37.63071774820411],[13.637760912846545,37.63075403059947],[13.637822150203618,37.630802713351024],[13.638141392923435,37.631056499494356],[13.638290067421268,37.6311581890568],[13.638395657395801,37.63123041091346],[13.638689173472653,37.631431164550186],[13.638878068912161,37.63150835573314],[13.639038271051724,37.631573822190695],[13.639623828794186,37.631813104089424],[13.639928202297154,37.632021308552474],[13.639996337069753,37.632067915275286],[13.640047498572484,37.63210291226243],[13.640085498841005,37.63212890510205],[13.64019834550526,37.63220609598509],[13.640098564750755,37.63240651240938],[13.640153769419596,37.63251200223996],[13.640212399680495,37.63262403220175],[13.640256364581244,37.63270802748945],[13.640505327731645,37.632943191316556],[13.640676791510883,37.63316416948859],[13.640858316690348,37.63336149030593],[13.640879021502315,37.63338399671399],[13.640958460111369,37.633470344274684],[13.641131647520783,37.6336171918996],[13.64118559993291,37.63382220255515],[13.641196257185857,37.63386269803875],[13.64116288689926,37.633990688843376],[13.641128640195602,37.63412742109963],[13.641125950325977,37.63427484572506],[13.641122985295066,37.63443740391147],[13.64112191855166,37.63449619418053],[13.641337410054458,37.63452252636373],[13.64182390578531,37.63469519192309],[13.64191054135841,37.6347409049552],[13.642257235671078,37.6349238350734],[13.642497001737947,37.63506560821768],[13.642585417818628,37.63511788695998],[13.642636302178481,37.6351479665222],[13.642827761790068,37.634980337956605],[13.642904480478007,37.634906303540866],[13.643285328021307,37.63468590987169],[13.644028320466907,37.63458455945878],[13.644744359851805,37.634582814757664],[13.645291022733431,37.6345691024046],[13.645700550505447,37.634498882784605],[13.646081333825883,37.634628123822544],[13.646198379487409,37.63459666610828],[13.646384291094131,37.634546688597545],[13.646498900055333,37.634535454917014],[13.646879235939442,37.63449817323973],[13.646990745150589,37.63448895176933],[13.647114154228927,37.63447514477186],[13.647230697288983,37.63447118914006],[13.647555161505801,37.63446017541242],[13.647763115424942,37.63445311667113],[13.64780287352009,37.634456991998825],[13.647858449953073,37.63446934775112],[13.647940357869942,37.63446975146316],[13.647974567030387,37.634472338223794],[13.64803451846383,37.6344726730232],[13.64812136255633,37.63445805533721],[13.648277590744453,37.63444296754969],[13.64838076957415,37.634437103253674],[13.64841295963191,37.634437622607585],[13.648687404253494,37.634457321218065],[13.648785044703597,37.6344643222173],[13.649128870622551,37.63455318116626],[13.649321922720878,37.63464530178472],[13.649595953250756,37.634773306655006],[13.649808015755655,37.63485565623546],[13.650037902378,37.634993149520255],[13.650187809512891,37.63503981175625],[13.650426836090089,37.63511050958172],[13.650468943411695,37.63512296204556],[13.650697125885603,37.63517987550673],[13.650831587771725,37.635242680382575],[13.650902995910995,37.63527603321366],[13.650984108178973,37.63531392072442],[13.651241815500933,37.63543429728403],[13.65128609734453,37.635425086365224],[13.65134339622991,37.6354131681952],[13.651575165990527,37.635364957642366],[13.651608204836,37.635358084772825],[13.651776315747455,37.635323116019435],[13.652035890347582,37.63515136120108],[13.652178003257355,37.63505732846808],[13.652230436867573,37.63503635040861],[13.652477307078948,37.63493757863002],[13.65277115548536,37.63482001144312],[13.653386282832717,37.634777071834456],[13.653440596344025,37.63477328047902],[13.653806846140686,37.634833998188185],[13.653841889195803,37.63483725721898],[13.653903996536119,37.63485010387901],[13.654197263864127,37.634898720602735],[13.654377676157264,37.6349078606687],[13.654503976898138,37.63491425869924],[13.65469640733396,37.634924007415464],[13.655094442038529,37.63496290483495],[13.655204847468102,37.63497369508559],[13.655657621721181,37.634960370543396],[13.655873868806026,37.63495400507537],[13.656019166469944,37.63503762195747],[13.656086868322998,37.63507657750124],[13.65626453430611,37.63517881681397],[13.65640102688408,37.635257361733736],[13.656838404183974,37.63550572575655],[13.657022118145287,37.635589204986026],[13.657512969332204,37.635812245624926],[13.658746633840526,37.63592553332542],[13.659740233780097,37.636115870448634],[13.660428695282452,37.63630474164633],[13.661042731703569,37.636376832741306],[13.6614468860465,37.63642428086653],[13.662012245621565,37.63646718359817],[13.662324231094278,37.63626163669752],[13.662384383081445,37.63627361781611],[13.66253370496773,37.63633030792415],[13.662677153871096,37.63638476915397],[13.662718535864364,37.63640047985721],[13.662782282322905,37.63642468250595],[13.662848566575045,37.636455122004506],[13.662971781152784,37.63651911096626],[13.663067621649697,37.63655978550099],[13.663157110550317,37.63660254333639],[13.66327782494521,37.636660218845634],[13.663729225530526,37.63679318813251],[13.663748513533687,37.63687005426109],[13.663759879708596,37.63691535178443],[13.663771090320495,37.63696002776277],[13.663792437032493,37.63704509768451],[13.663832879985595,37.63735193158717],[13.664314329420192,37.6376368106752],[13.664606163618211,37.637821119573545],[13.66478233037988,37.638102322687956],[13.664809454680835,37.63814138322361],[13.665091210312692,37.638547120142555],[13.665353327307518,37.63875693390178],[13.665481485485177,37.63885951851538],[13.665549490912579,37.6389139526365],[13.666029933043303,37.63935194775857],[13.666669282894057,37.63968234660176],[13.666951899760802,37.63991361435574],[13.667020255120692,37.63996955027044],[13.66704978732929,37.639993716410814],[13.667092855844013,37.640028368099884],[13.667148007375834,37.64007274160931],[13.667171196577389,37.640091399976214],[13.66727117381436,37.640171840455785],[13.667297246946832,37.640192818726455],[13.667605632541028,37.64044093784748],[13.6677191560407,37.640532275479586],[13.66816846544436,37.64080039147833],[13.668262494517387,37.64078595203938],[13.668452848763648,37.640756721610764],[13.668487925920024,37.64075133463317],[13.668781189409904,37.64070630045134],[13.669432404654119,37.641056464296604],[13.669781420815953,37.64130594571861],[13.669815284033465,37.641330146444595],[13.669880008968871,37.64137641188219],[13.669998390550113,37.641466590840245],[13.67026279813911,37.641668006797474],[13.670364507970234,37.641745485777854],[13.670528962730666,37.641870760012445],[13.670735817280335,37.64202428696071],[13.670767055624186,37.64204747212146],[13.670844820111721,37.642105188315526],[13.671052512272464,37.642259336153],[13.671122134389442,37.642311009044036],[13.671180306306002,37.64236901164333],[13.671536081191979,37.64272371144315],[13.671578214080073,37.642765717521954],[13.671747003913513,37.642887036346075],[13.671792250723007,37.64291955632955],[13.672216443532802,37.643224442719415],[13.672417168935297,37.64339526494118],[13.67277505554336,37.64369984333686],[13.673064864217858,37.64392375112066],[13.673218307936866,37.644042302425625],[13.67340145525955,37.64418380256423],[13.673581984862945,37.64433170678123],[13.673826056432153,37.644531668272094],[13.673862808513565,37.644535167602996],[13.674560253214949,37.64460157455697],[13.675812273854081,37.64495936086341],[13.675854300990489,37.644972600515295],[13.675887768048554,37.64498313532834],[13.676671453890028,37.645229941492325],[13.67717713162556,37.64538919193974],[13.677564603393787,37.6454869233225],[13.677692910726405,37.645519285073796],[13.678225827454584,37.64565369929127],[13.678282189505207,37.64567099369861],[13.679311148531283,37.645986715058804],[13.679383672066068,37.64600539636011],[13.67941936693408,37.646018293845756],[13.67950179620803,37.64604439649351],[13.679544623864267,37.64605835134036],[13.680011139324685,37.64620149027581],[13.68017624812076,37.64625215012175],[13.680296910179058,37.64628917081888],[13.680357441078465,37.646307742967075],[13.68042197949595,37.64632754532567],[13.680573367240902,37.64637409689358],[13.680651360966321,37.64640137112053],[13.680767252574071,37.64644189693682],[13.681276130016979,37.64661984472741],[13.681337654014783,37.6466413586686],[13.68144070666898,37.646677393501506],[13.68169715372034,37.6468276632918],[13.681740881120579,37.64685365645578],[13.681769588029297,37.646870721629256],[13.681895781939732,37.64694574017117],[13.68194304406393,37.64697383509732],[13.682016473373574,37.646998571094024],[13.682073844378165,37.6470179029209],[13.682183132925248,37.6470559539823],[13.682318578567871,37.647100349172455],[13.682528858028489,37.64717118372192],[13.68296258273335,37.647140696057626],[13.68305292096368,37.64713774499856],[13.683100477444404,37.6471330539644],[13.68324526861674,37.647122298706925],[13.683414032254058,37.647108946805304],[13.683929646390895,37.647428400472734]]]}}]}
