{"type":"FeatureCollection","metadata":{"code":"086007","referenceDate":"2026-01-01","sourceDbfExportDate":"2026-02-18","upstreamArchiveUrl":"https://www.istat.it/storage/cartografia/confini_amministrativi/non_generalizzati/2026/Limiti01012026.zip","sourceManifestSha256":"70ac8256c4785dc6ed2814c32b6965ae76f9161b51abaa1660059e1c6cbd8ca6","license":"https://creativecommons.org/licenses/by/4.0/","attribution":"Istat, Confini delle unità amministrative a fini statistici al 1° gennaio 2026, versione non generalizzata.","modifications":["Converted from WGS 84 / UTM zone 32N (EPSG:32632) to RFC 7946 WGS 84 geographic coordinates.","Converted from shapefile to per-municipality GeoJSON without geometry simplification."]},"features":[{"type":"Feature","id":"086007","properties":{"code":"086007","name":"Centuripe","alternativeName":null,"regionCode":"19","regionName":"Sicilia","territorialUnitCode":"086","territorialUnitName":"Enna"},"geometry":{"type":"Polygon","coordinates":[[[14.797840678101055,37.70690953342168],[14.797829630730849,37.70699227670063],[14.797894375853193,37.70719032152384],[14.7980415178116,37.70763244432349],[14.798252904393916,37.7080333825157],[14.798369798504279,37.708255101748094],[14.798374409639258,37.70828167678042],[14.79843308619592,37.70861985316272],[14.798440119657013,37.708660396323445],[14.798502591297822,37.70902043684875],[14.798494990993431,37.70907879908761],[14.798470735357272,37.709265061193484],[14.798433367648293,37.70951911406352],[14.7984217231235,37.709598283476474],[14.798302493306215,37.709980982097676],[14.798261508488265,37.710112535496336],[14.798124623942126,37.7105536089875],[14.798442981943921,37.71081701848607],[14.7986825308238,37.71101522195778],[14.798426340623106,37.7113489339819],[14.798394056400136,37.711390985314694],[14.798375700167599,37.71146628124868],[14.798222465368326,37.71209483464051],[14.798006970382666,37.71247492730674],[14.797973613692625,37.71253376204],[14.7979588552039,37.71255979319451],[14.797861499795621,37.71273150140033],[14.797746321352799,37.71262155959677],[14.7972611142768,37.71215840873425],[14.797200952103639,37.71210098097629],[14.79634162787978,37.711280700694836],[14.795844749009431,37.71103395954919],[14.795537805261763,37.71088153435075],[14.795337522667571,37.71077438508479],[14.794619411918887,37.710384479049345],[14.793467474844228,37.710191667345825],[14.793224435751279,37.71015122238357],[14.793154025366984,37.710141328964404],[14.792329053541426,37.71007431620299],[14.791444562023706,37.70987488111781],[14.79069346607233,37.70939020039001],[14.790662872689978,37.709364723564256],[14.790177655884495,37.7090454990977],[14.789971828580958,37.708907758150396],[14.789672116448118,37.708680206420205],[14.789570172819406,37.708602805832676],[14.789281554713916,37.70838367393418],[14.788557315903164,37.707723970206295],[14.78800232553742,37.70716395672755],[14.787424412330195,37.70717216236824],[14.787271538337682,37.70721167577511],[14.786625525560476,37.7073786529576],[14.786515372602707,37.7074071255317],[14.786208977071754,37.707486318539],[14.785177795252592,37.70730305476688],[14.784764510646799,37.707360141992694],[14.78450988704299,37.70739531255177],[14.783633678199195,37.70751633861712],[14.783233467252643,37.7076337144471],[14.782591746845144,37.70782191861951],[14.782604555128248,37.707619381364275],[14.782610202420772,37.70755926240471],[14.782624097429778,37.70736150832128],[14.782626642317148,37.70732511946429],[14.782264599697651,37.70655977798181],[14.78205248230061,37.705773564407984],[14.781792266574872,37.705169755910475],[14.781808692493462,37.70487998456623],[14.781810880179231,37.70484139075537],[14.78181632345519,37.70474537289616],[14.781827446627966,37.704549163117306],[14.78186518092092,37.704084529953356],[14.781876348943426,37.70394699511025],[14.781885983009275,37.70382838725049],[14.78163830771477,37.703457999965906],[14.781129292975816,37.70308697480429],[14.780501063553652,37.70300918068663],[14.78044544870357,37.70300229353161],[14.7802448434575,37.70297745220916],[14.779944879589266,37.70295151058226],[14.77972082536599,37.70293213446562],[14.779382235816914,37.702902852115265],[14.778851343512315,37.70272570614059],[14.778759188905939,37.7026949563915],[14.778092466248303,37.702242165181325],[14.778008815980032,37.702185355962584],[14.777921816034306,37.70212626739376],[14.776889208502928,37.701857073309064],[14.776730696674761,37.70181574911939],[14.776085119625963,37.701590934394055],[14.775433539028015,37.70149512499465],[14.775316587375176,37.701477928084216],[14.775213392002085,37.701462753739825],[14.774874052355456,37.70145126981416],[14.774372800072793,37.701434303171304],[14.773646768154958,37.70146772796338],[14.773394967774527,37.70139755613481],[14.773198044826728,37.701342676057486],[14.772967134284286,37.70127832467596],[14.772905539038787,37.70125121072944],[14.77283221383564,37.70121989572066],[14.772764004358951,37.701188906374526],[14.77255113680699,37.70109520137977],[14.772410629240618,37.70103334932288],[14.771913837232082,37.70069093910764],[14.771460074467415,37.700319405222785],[14.77115696913678,37.70004027477392],[14.77079422086225,37.69970621497394],[14.770771485383529,37.69967884699054],[14.770668004356411,37.69955428347886],[14.770284089237418,37.699092141089736],[14.769623643056207,37.698272900880546],[14.769603605300947,37.69824804492811],[14.769584284800654,37.69822407914477],[14.769556468644033,37.69820105976127],[14.769283432102817,37.697975104936],[14.769227005789277,37.69792840734401],[14.768667856834357,37.69746566706028],[14.768046625885933,37.69683098539786],[14.767818743053457,37.69659817555846],[14.767527232243177,37.69631616929715],[14.767062054132865,37.69586614805442],[14.76695242424621,37.69576135626264],[14.766372498184417,37.69524460883095],[14.76594864861677,37.69503836970139],[14.765851525090579,37.69499111052762],[14.765749841035126,37.694969047901864],[14.765659975820707,37.69494954788917],[14.765313728725191,37.69487441681464],[14.765280160567334,37.694867132855244],[14.765244069401687,37.694859307420984],[14.76488722679801,37.694781877256474],[14.764431007536638,37.69471364400207],[14.764397403961807,37.694708614680565],[14.764207389497438,37.69468019982408],[14.763141778284421,37.69457942685002],[14.762817093880134,37.694501955242444],[14.76268800854728,37.69447115056501],[14.761996954033783,37.69432501162422],[14.761862085763527,37.69430561132492],[14.761168515861458,37.694205844003996],[14.761083557268877,37.69417918643626],[14.760986710969181,37.69414879695268],[14.76052797798678,37.694004853261454],[14.760126418959166,37.69387884755647],[14.75950345466631,37.693706845232576],[14.758948356743486,37.69339813601992],[14.758913413131184,37.69337870295764],[14.758789412194588,37.693309741457426],[14.758428547115072,37.69291109102191],[14.758197401866557,37.69255539324884],[14.758123830261471,37.692442176204096],[14.757546658054139,37.691838072959484],[14.757056199217201,37.69155737162895],[14.756992471477162,37.69152089860845],[14.756817019900808,37.69135794248392],[14.756581381531875,37.691139084366],[14.756437780914307,37.69100570949108],[14.756202484198125,37.69069534057443],[14.756159381793145,37.690638484852435],[14.7560589016672,37.69050594474402],[14.75582480639539,37.69019237086432],[14.755704471765037,37.69003118119776],[14.755217075872087,37.689607209682144],[14.754833032602733,37.68915566612351],[14.754347677609362,37.6886483350066],[14.753853510158622,37.6882776315368],[14.753759687331854,37.68820661341647],[14.753633367447412,37.68811357775671],[14.753606010154714,37.688093292691306],[14.7532836337455,37.687854245886975],[14.753201461107858,37.687765513802624],[14.752898857786054,37.68743875307823],[14.752847627246224,37.6872940186541],[14.752697626475994,37.68687023787712],[14.752601013944112,37.6867904136999],[14.752527381034843,37.68672954252436],[14.75246027571071,37.686673400972666],[14.752380568059932,37.68660669583145],[14.751983571858672,37.68641682512304],[14.75121421758054,37.68620918635649],[14.750601796580002,37.68613561964899],[14.75054657931924,37.68614470992431],[14.750057254117268,37.68622527477121],[14.749930993680918,37.68632806098487],[14.749704303938975,37.68651260751373],[14.749454903689967,37.68698309546327],[14.749409854923492,37.68706807971387],[14.749351591942737,37.68717798937596],[14.749272503915456,37.687090446533865],[14.749147155931748,37.686951698783936],[14.749003364310651,37.68682646740272],[14.748885370514886,37.686723706591245],[14.748785033108662,37.68663633407081],[14.7487429914463,37.68660900910706],[14.748650929914117,37.686549175375795],[14.748575977418152,37.68650045928546],[14.748319276413657,37.68633361721111],[14.748184642684334,37.68630550487145],[14.747708469700912,37.6862186537326],[14.747574560870316,37.68628059269775],[14.747517199101125,37.68630712499371],[14.74743239758519,37.686346349586316],[14.747300437032996,37.686407387308776],[14.746973509847484,37.68659996021983],[14.74672233855289,37.68674791006137],[14.74667549095264,37.68677550591288],[14.746553490137975,37.68684186749337],[14.746431032565503,37.686908477233],[14.746132394478309,37.687070920803606],[14.745866726744637,37.687512694314066],[14.745604854870926,37.688117377532876],[14.745506396612441,37.68830815762594],[14.745364158076985,37.68858374688645],[14.7449550017145,37.689087595766615],[14.744865650561035,37.68910478828822],[14.744345368640985,37.68920489827217],[14.744296490046565,37.68921430331278],[14.744248712895816,37.68921522420352],[14.744073765771693,37.68921860291608],[14.743535840339455,37.68922896909005],[14.74296991785799,37.68946367578372],[14.742593321518699,37.68985789123095],[14.742177855593166,37.690111594164854],[14.742151898370016,37.69007949311215],[14.742085937259478,37.689998113830505],[14.741994258600675,37.68986705264201],[14.74185834184017,37.68968771659121],[14.741830142193445,37.6896505074913],[14.741788561403032,37.68959564397797],[14.741450756697269,37.689036027417785],[14.741076577159328,37.68865598187004],[14.740735970538449,37.688764871710234],[14.740349404879822,37.68897035365298],[14.740283739282436,37.689005259317874],[14.740161317624102,37.68905380852915],[14.739982014701285,37.689124916444385],[14.739783631438597,37.68920358943491],[14.739714421729843,37.68923103513269],[14.739578292740003,37.68928501968692],[14.739193264148684,37.68949172010193],[14.739146041260087,37.68951707101099],[14.738942782886058,37.68962618849867],[14.738895802326397,37.689651408653475],[14.738847563426752,37.689676265341554],[14.738765030561852,37.689718805562755],[14.738056316025428,37.690084009204156],[14.737950219581432,37.69019926294668],[14.73799528548436,37.69048469288916],[14.738069984960923,37.690649331862716],[14.738177801550412,37.690876993253305],[14.738248748288918,37.69098461426134],[14.738300371465401,37.69106292765268],[14.738331130239219,37.69110958806557],[14.738360254083169,37.6911537681419],[14.738386066773026,37.69119292295814],[14.738435345202596,37.69158905810738],[14.738072663156737,37.69171479897694],[14.737799029519378,37.69194868871769],[14.737559175726572,37.69239024923752],[14.737452185569081,37.6925938220722],[14.737420390979297,37.69265433245376],[14.737401978504412,37.692689375684964],[14.7373419217949,37.69280367685926],[14.73710346269574,37.693116891683786],[14.736760150773815,37.693130483954576],[14.73661570492946,37.693136202271944],[14.73604878000399,37.692900554169384],[14.735607939906707,37.69278443084281],[14.735255931974573,37.69269169964168],[14.735044594812395,37.692576209254185],[14.734978713912,37.69254020611136],[14.734824951501093,37.692456177186855],[14.73474107466763,37.69231429781041],[14.734611577688037,37.69209525336365],[14.73457741271853,37.69192723978053],[14.734499656091476,37.69154485423471],[14.734502543265128,37.69085830958984],[14.73454940753489,37.690465228214315],[14.734607794211556,37.689975497740726],[14.73459315927406,37.689592066785245],[14.73458453273832,37.68944179582432],[14.734576987803148,37.689201278777006],[14.734573553735299,37.689160174156385],[14.73456405516408,37.68903625035875],[14.73456071101471,37.68896444917615],[14.734547941932428,37.68869026673946],[14.73454442610649,37.68861480563398],[14.734498531553216,37.6884101915843],[14.734473271027394,37.688297573596756],[14.734466613238057,37.688267890405896],[14.734442800615382,37.688161739887136],[14.734398628297173,37.68796479063768],[14.734242576732896,37.6874693396576],[14.734208340897045,37.68736064773509],[14.734182585756585,37.68728107297499],[14.734143368382178,37.687184288802186],[14.734120616121917,37.68712812925058],[14.733984518226688,37.686792230880606],[14.733825194706197,37.68687428042079],[14.733531085099342,37.687013504947416],[14.733427678599487,37.68706245361389],[14.732756671260962,37.687412504131494],[14.732349256690668,37.68761916775972],[14.73209945743797,37.687464819668584],[14.731893116548294,37.68717381813656],[14.731863479009117,37.68713202163435],[14.73146697699074,37.68650770302404],[14.73115626921764,37.686030167930745],[14.731115624714382,37.68595081157731],[14.73100100250279,37.68571911129322],[14.730963495106812,37.685643293620764],[14.730895596724164,37.6855060420741],[14.730817547760571,37.68534827119544],[14.730801523490147,37.68531587843288],[14.730650057112266,37.6851066255878],[14.730260262413722,37.68456810785454],[14.730100741313738,37.684296311375185],[14.730083331056361,37.68426664614827],[14.729979052803088,37.68408897075849],[14.729770283500704,37.68384167354397],[14.729659617518402,37.683710584775085],[14.729482716647462,37.68350103701573],[14.729018282617204,37.68305107123529],[14.728566241732706,37.682679275749116],[14.72803499171871,37.68235409066906],[14.727877303957968,37.68233809087276],[14.727821948164287,37.68233247328178],[14.72766039368527,37.68231607918832],[14.72728064422177,37.682389167957055],[14.726955851114923,37.682451678621895],[14.726581919822504,37.68244965534375],[14.726198722077154,37.68204297022224],[14.725736242553696,37.68170232430985],[14.725367771590706,37.681430916419956],[14.725316069021204,37.68139283221195],[14.724931023560574,37.681274294569874],[14.72467982450591,37.68131252504317],[14.724637459381007,37.681318972332335],[14.7244123816031,37.68135322314959],[14.72439189787349,37.68129957950285],[14.724325829656088,37.68109092604474],[14.724229385536141,37.68078634390477],[14.72441722601866,37.680530501717165],[14.724679321622562,37.680173517022475],[14.724719465881279,37.680118838983134],[14.724823866072997,37.67951736938668],[14.724292519346482,37.678832900935674],[14.72413536127065,37.67863044941944],[14.72352549921399,37.67787248952451],[14.72335868152332,37.67722346146614],[14.723579765142635,37.67701318799436],[14.723917283663448,37.67669216768117],[14.72485900482514,37.67656688594673],[14.725815952983604,37.67663723433566],[14.726341485140244,37.676674289581165],[14.726494824557454,37.67668510160359],[14.7265581477465,37.67668956664594],[14.72695081761618,37.67666682632236],[14.727299489836177,37.676637864676785],[14.727334925299886,37.676553503492045],[14.727500328334425,37.676276821430946],[14.727343213187305,37.67582763502736],[14.727513552241968,37.67553448282091],[14.727721248831115,37.67517461929877],[14.72774778182853,37.67511713604337],[14.727770966158081,37.67506535487509],[14.727785507147136,37.67503287383067],[14.72793210215921,37.674705404887426],[14.727973981839883,37.674611854490394],[14.728062992475355,37.67441302024212],[14.728314342228437,37.67385390595796],[14.728426499007774,37.673773586188524],[14.728552319188903,37.673683481451626],[14.728955989077123,37.673395310189846],[14.729256642062616,37.673199060112985],[14.729519036541891,37.67302778125821],[14.730044459585281,37.67272581149806],[14.730247508980455,37.67261643724865],[14.730419157916746,37.67245521259516],[14.730446738209679,37.67242930530478],[14.730496450856688,37.67238260745297],[14.73054318751538,37.67233871744409],[14.730578322950592,37.672305943290255],[14.730659205007795,37.672230496696656],[14.730930133020934,37.67197777391826],[14.731096637214497,37.67174772795906],[14.731412833900634,37.67129356282851],[14.731611024419408,37.67101263062051],[14.731741676687806,37.67082743337067],[14.7317621156074,37.67079845956467],[14.731834247457972,37.670372823944625],[14.731911160941744,37.669918978837345],[14.731969779390672,37.66957307718752],[14.73196292496502,37.668824010208866],[14.73168025821596,37.668041123938096],[14.731650902026086,37.66792539284336],[14.731589714938375,37.66768417702113],[14.731524628808398,37.66742758775029],[14.731476056023075,37.6672349102751],[14.731364558420092,37.666794963962964],[14.731300650544739,37.6665428180565],[14.731250851435092,37.6663513704933],[14.730978138966474,37.665307278866926],[14.730534281265673,37.66442297202484],[14.730533434221874,37.66438487645499],[14.730596951303214,37.66413181434189],[14.730776428799187,37.66341673544581],[14.730790476306009,37.663360764147924],[14.730804397931465,37.663221510937994],[14.730896725067902,37.66229784310723],[14.730721375901572,37.66109790043243],[14.730236441056109,37.66055163757469],[14.730165850512499,37.660474578107205],[14.72980578050431,37.66011952070122],[14.729624431385268,37.6599405346998],[14.729700463626004,37.65967455745444],[14.729762906069265,37.65945629853889],[14.72980717445567,37.659301562013425],[14.72999263727422,37.65890827712986],[14.730037863526665,37.65881237037667],[14.730299234644232,37.65825810825804],[14.730924739832771,37.65792042632123],[14.731149041518714,37.65780042248744],[14.731412755797,37.6576569641508],[14.731534060165602,37.65766966739504],[14.73236592829965,37.657756778949356],[14.7326244315389,37.65797788786069],[14.732849893702419,37.65817073252249],[14.73288736595627,37.658202783241684],[14.733212256265443,37.6584806722414],[14.733480268509135,37.65891620929498],[14.733512619542383,37.65896878376576],[14.733561823014412,37.65904874218514],[14.73392404405374,37.6594686317914],[14.734068559158088,37.6596361537707],[14.734142619044261,37.659710164523716],[14.734181750509002,37.659748862819185],[14.734332044237656,37.65989882602195],[14.734404575909368,37.65997113324574],[14.734467416568558,37.66003377782276],[14.73461157785619,37.66017749353138],[14.734748681627602,37.66031414920258],[14.735618654222344,37.66077579254875],[14.735928265635632,37.66092520828163],[14.735991338615241,37.66095564695318],[14.736216528498419,37.66150728405331],[14.736204326003334,37.66215601091274],[14.736056097074679,37.662580915992194],[14.735997468980397,37.66274897230809],[14.735880264498967,37.662973956856426],[14.735785862622327,37.663155166707845],[14.735724397453277,37.663273154752666],[14.73572316573272,37.66330811091815],[14.735718943156462,37.66342791418158],[14.735697780685687,37.66402836873409],[14.735809052162393,37.66441229127548],[14.735865645932881,37.66460754592244],[14.736323147729385,37.66454046137857],[14.736705199703225,37.66448444036085],[14.737098901220891,37.664398947032495],[14.737312747719033,37.66435431584157],[14.737614409613013,37.66428591181076],[14.737892979969446,37.66437207853394],[14.738349631866292,37.664513325364545],[14.7384724317629,37.66454372051044],[14.73850848033446,37.66455009497973],[14.738850879800125,37.6646293501261],[14.738997080035096,37.6646631906481],[14.739279928102501,37.66472866031139],[14.739369337789205,37.664749354791326],[14.74000697691002,37.66488410097006],[14.740104660767608,37.66490474284167],[14.741182496774337,37.66503215303698],[14.741359881738038,37.665037318620094],[14.741687552499831,37.66504686339897],[14.742192602574288,37.6650615727406],[14.743270327051972,37.66419876366209],[14.743546764218273,37.66379172996909],[14.743640106917383,37.66365428850191],[14.743781769685812,37.66344570242715],[14.743866934199286,37.66332276909476],[14.744477534460225,37.66282325142661],[14.744864720291446,37.66217419417399],[14.744904846083893,37.66202316427314],[14.744959048621364,37.661819145322696],[14.745009844718982,37.66162795312013],[14.745034186869072,37.66153632669831],[14.745187591552027,37.660958912312836],[14.745123811248655,37.66027210894133],[14.745098757608279,37.660002308118635],[14.74544644004107,37.65954597293173],[14.74554398653573,37.659417941527536],[14.745693642940424,37.65894316431087],[14.74570938941889,37.65889321007152],[14.74580768428534,37.65858138136913],[14.745767076914674,37.658440301319324],[14.745516414064303,37.65756940746439],[14.745269205443567,37.657253848636444],[14.745163955390169,37.657119497488225],[14.744975943658133,37.65687950218859],[14.744816840763704,37.656676407877036],[14.744444985956441,37.65572013654009],[14.744569251185005,37.65490254453297],[14.744951884827534,37.65430328615542],[14.744984924046427,37.65425495984399],[14.745119326975459,37.65404432949919],[14.745630882746978,37.65375722086988],[14.745949443047602,37.65357842860905],[14.746113293753764,37.653526993544396],[14.746319415556414,37.653462288425395],[14.746665985680997,37.65335349331594],[14.74706174885716,37.65322925506687],[14.74751674852042,37.65268940928768],[14.74759234549181,37.652499880965586],[14.747709470596819,37.65220623628947],[14.747771419249226,37.652050922516445],[14.747804210545139,37.65196871094696],[14.748268169784149,37.65159043819234],[14.749062729653627,37.65120503160017],[14.749296752252441,37.65121158090521],[14.75007264066723,37.65123439945411],[14.749961854043303,37.65097488560595],[14.749945600749253,37.65093681030951],[14.74988058516481,37.65078245588078],[14.749678744390291,37.65061969299808],[14.749652791907627,37.650598769796744],[14.749604558225496,37.65055988910049],[14.749291181340798,37.650307184107085],[14.74884366623508,37.64994463899976],[14.747947736642097,37.649130615947534],[14.746975669346227,37.64818118519324],[14.746300381455242,37.647106957927086],[14.746187124833874,37.646684444143226],[14.746087723870273,37.64626893619572],[14.745534985406008,37.645752722045714],[14.745506489248582,37.6457261077904],[14.745378391395654,37.64560647378637],[14.745217991101757,37.64545667008874],[14.745148408895398,37.64541880441684],[14.745015496937034,37.64534678949203],[14.744949041614731,37.64531078193749],[14.744908614872974,37.64529039646609],[14.744867920296137,37.64526745311914],[14.744819046710818,37.64524133562264],[14.744381221990743,37.64500311968243],[14.744364094640503,37.644969936407136],[14.744155355082727,37.64453109525791],[14.743997569276802,37.64419936912539],[14.743979769033983,37.64414699505455],[14.74371920560371,37.643380297067864],[14.743592814699916,37.6430083895625],[14.743289638127727,37.64216126929819],[14.743235596483109,37.642054159334954],[14.743197680999463,37.641979011562206],[14.742902959993739,37.641394869698324],[14.742861898779097,37.6413134858716],[14.742828230424522,37.641269673260936],[14.742551571879027,37.640909655760815],[14.742051749509592,37.64025922323791],[14.741867979080979,37.640140058503164],[14.741655463944443,37.64000346414725],[14.74147330160817,37.639885404878264],[14.740839667363145,37.639479096499024],[14.739980872381318,37.63921495137359],[14.7393686869931,37.63933571140169],[14.739116746305177,37.639385409784175],[14.738368340955564,37.639689735646265],[14.738156596482238,37.63980110507396],[14.737881238309107,37.639945931144105],[14.737618397170595,37.640084173027184],[14.737236715119678,37.64042233727172],[14.736701251777033,37.64089674460594],[14.73666410626109,37.64092965410779],[14.736076910731265,37.64108422195986],[14.735950551036913,37.64111748290568],[14.735773566177475,37.64089466998419],[14.735678649661246,37.64077517480225],[14.73562301640196,37.64050133056236],[14.735533781137946,37.640062100389954],[14.73539775403448,37.63996946911729],[14.735341961338872,37.63993147466351],[14.735296309963577,37.63990038603459],[14.735169111437157,37.64005384148579],[14.735054862274056,37.64019167426592],[14.734715048308948,37.64060162800636],[14.73453118356038,37.640891881165494],[14.73448708171878,37.64096149897318],[14.73436851107112,37.64114867641227],[14.734304539370505,37.64124966189939],[14.734201644392327,37.64141209080418],[14.733759661350225,37.641699194947336],[14.733696398591011,37.64169973230159],[14.733029914141044,37.641705378335466],[14.73297763736572,37.64170582074686],[14.732800490860509,37.641698230805545],[14.732759508866517,37.64169647507631],[14.731691114716263,37.64165069680174],[14.731648545972995,37.64164863724429],[14.730850424875541,37.64153448969003],[14.730686658598493,37.64151136141663],[14.7304873919622,37.64150548424872],[14.730087748290314,37.64151470719025],[14.729430516218704,37.64151864662668],[14.728137210737964,37.64172118223575],[14.72802530486649,37.64177960411062],[14.727172029034113,37.642225061058994],[14.72637648794363,37.642763403226766],[14.725750881022128,37.643248462617606],[14.7251375585704,37.64353488319479],[14.72466834831839,37.64364364167888],[14.724403545404526,37.64370501942342],[14.724368645920258,37.64371368512743],[14.723651692550797,37.643893036023],[14.723438681055056,37.64399888545741],[14.722913639042687,37.64425979608801],[14.72264065414327,37.6446106459512],[14.722490505423728,37.645160321672805],[14.722434980657939,37.64537072274987],[14.722343221439225,37.645718424162126],[14.722307004781625,37.64585565972628],[14.72182985399571,37.64635823559289],[14.721170342763381,37.6467346377275],[14.720446641611963,37.64680652543707],[14.720104402326953,37.646840518831574],[14.719561103291758,37.646906354880656],[14.719253870763195,37.64694358322281],[14.718925237238151,37.64698340363828],[14.718446528269236,37.647558054090176],[14.718128108234485,37.64798088428682],[14.717899206321107,37.64854665062932],[14.717688752533746,37.64849992469284],[14.717140230901473,37.64837550210674],[14.717012511815106,37.6483500782712],[14.716875023206825,37.648322708662214],[14.716665766646784,37.648281052880236],[14.716545019944835,37.648257016111536],[14.716449646323072,37.64823803173707],[14.716270837135701,37.64802904962936],[14.71625171127468,37.64800669571463],[14.715713621101038,37.64737709075328],[14.715454406188819,37.646987669546895],[14.715371687402184,37.646863399741505],[14.71521778956973,37.64663219415789],[14.715084530938068,37.646431994589435],[14.7148877906557,37.64622957813304],[14.714654251758288,37.645989296733035],[14.71459999443373,37.64583862815447],[14.71453079263571,37.645646460904615],[14.71445274040523,37.64542971247399],[14.71440464200605,37.64535155743204],[14.714239823457522,37.64508373148646],[14.714135668578319,37.64491448309714],[14.714069492764926,37.644806948750855],[14.713981475863369,37.64458407038019],[14.713931941020432,37.6444586341881],[14.713834926793908,37.64421296314195],[14.713687339884588,37.64395908025743],[14.713599777860427,37.64344572678936],[14.713929436210831,37.642960129744026],[14.713933050899046,37.642599097449896],[14.71392235165916,37.64254518294135],[14.713901394996013,37.64243956675628],[14.713864936643686,37.64225582798097],[14.713926010574784,37.64198827222763],[14.713934912480239,37.641949271311574],[14.714057313996472,37.64140348000459],[14.714095696507231,37.64131789764725],[14.714200455220425,37.64107473803369],[14.714289012499746,37.640869183118326],[14.714297846412578,37.64084462025676],[14.714380102198726,37.64061590861073],[14.714520593859403,37.64022526746938],[14.714544856706777,37.64015780363611],[14.714564157393903,37.640104136220344],[14.714592138969248,37.639770770440705],[14.714613281939513,37.63951887596582],[14.71474220095598,37.63933801879745],[14.71480866119433,37.639244785569026],[14.714828232689968,37.63921732969216],[14.715016809139026,37.63895278139924],[14.715101848563966,37.63883347895178],[14.715181366579356,37.6387681086366],[14.715352068434315,37.6386277763047],[14.714764816201413,37.63810270277436],[14.714547375842814,37.637913628293056],[14.714366115832703,37.63775601177646],[14.714007421676955,37.63744410270788],[14.713679672966132,37.63694424935515],[14.713619384863069,37.636855898029914],[14.712957232038153,37.636556680978835],[14.712695106358476,37.63647257253405],[14.712646605478861,37.63645701017853],[14.712260081074527,37.636332984985515],[14.711824232060234,37.63619313060134],[14.71103452943315,37.635897688697234],[14.710868147857878,37.635835439737],[14.710784977659591,37.6358043240667],[14.710673723552704,37.63576270028298],[14.71063692217374,37.6357489328324],[14.709982844402104,37.635528716739806],[14.709835274548798,37.63547903157675],[14.709696411812718,37.63543227851359],[14.70847608311807,37.63485238510134],[14.707614267001945,37.63439848164411],[14.707545899530084,37.63434288954128],[14.707337234511112,37.63417366627905],[14.707057897189031,37.63394712923708],[14.706851735419013,37.63377993323961],[14.706701374139973,37.63365799106467],[14.706653895876084,37.63359918456509],[14.70645208988941,37.63334922835066],[14.706152621150737,37.632978302220536],[14.705913469142923,37.63259821465859],[14.705864107498192,37.632519354343735],[14.705847047568955,37.63254472355106],[14.70581490284764,37.63260916900082],[14.705719513218789,37.632770723224574],[14.70564916971923,37.63288985968539],[14.70539000784234,37.633070708564674],[14.705286126523706,37.63314319836579],[14.70507033534262,37.633293782111714],[14.704550646832049,37.633594401046075],[14.704344158638147,37.63371384506828],[14.704128161965608,37.63380221299013],[14.703707594228826,37.63397427235504],[14.702844959979924,37.63406338037324],[14.702364597172034,37.633998900971505],[14.701829042098357,37.63314041546765],[14.701242637668049,37.63223713947622],[14.700519539203821,37.631885109315505],[14.699728145315133,37.6318544808426],[14.699228861729539,37.63183515391957],[14.698151156634944,37.63190537286918],[14.69700719357906,37.63179426481486],[14.696199834125446,37.63217995822578],[14.695154198586923,37.63284498904827],[14.69422334578533,37.633382921905934],[14.694054260085945,37.633614394108115],[14.693790468049169,37.633975514471715],[14.693471272243738,37.634371309372945],[14.69323804354659,37.6347754292959],[14.693106500790485,37.63500335611461],[14.69257138028955,37.635434361593326],[14.692525002500272,37.63544229239638],[14.69242262325004,37.63545980088077],[14.691997289474742,37.6355325376797],[14.691800423213424,37.635566203022066],[14.69096118592463,37.635564068574546],[14.690472905253339,37.635923016313775],[14.6896307063303,37.63627322157234],[14.688905072738702,37.63684733014796],[14.688371626784296,37.63740750998941],[14.688210881531493,37.63757630874065],[14.68749553013909,37.637889980438274],[14.687251091831078,37.63790538552603],[14.68669557472028,37.63794914008643],[14.686612142700643,37.637955310065166],[14.686579077861555,37.637957755225365],[14.686088483159898,37.637994032836204],[14.685231054190247,37.638207298552686],[14.684942882985505,37.63827897283887],[14.6848775016726,37.63830092922926],[14.684006776973508,37.638593333145316],[14.683956469270898,37.638610225893046],[14.682967622688832,37.63907661547935],[14.682696890166191,37.639206918906645],[14.681922847894914,37.639579456705135],[14.680595555790068,37.640404266917585],[14.680104955546584,37.6404932306474],[14.679938817575499,37.64033314814095],[14.67983221806958,37.640230432149124],[14.67949549542465,37.639906030114695],[14.679085145392207,37.63914205249351],[14.679045197572893,37.63906767839426],[14.67900062835279,37.63898469992842],[14.67800401887085,37.638729014641456],[14.677371242662304,37.63849401025531],[14.67703554467434,37.63784917317748],[14.67699980485655,37.637780518578204],[14.676785062998064,37.63768481791443],[14.676161999877182,37.63743612334388],[14.675982871040759,37.63716104843466],[14.67578896814498,37.63686328688992],[14.67566752691676,37.63667679572058],[14.6752713399228,37.636324590670974],[14.675126122036701,37.636236580743955],[14.674876843773522,37.63608550694007],[14.674390815132304,37.63579094692648],[14.67395546397008,37.635252991327214],[14.673697437789615,37.634934149724174],[14.673579247840479,37.63478809915745],[14.673555218146111,37.634700605725946],[14.673516568892563,37.63455988093245],[14.6734983776863,37.634493647169485],[14.673445046702406,37.63429946532602],[14.673420685101874,37.63404728813236],[14.673391162113285,37.63374167351467],[14.673370649117244,37.633092264119675],[14.673315538654299,37.63269498207064],[14.673303037294998,37.632604897903946],[14.673212616738471,37.63253796522596],[14.673178860335446,37.63251297686964],[14.672947827904267,37.63234195334316],[14.67287492046824,37.632287981342465],[14.672801802965969,37.63211253291274],[14.6726972840129,37.63186173202759],[14.672639479617887,37.631723026385906],[14.672473138944934,37.63132387394282],[14.672328305005014,37.630556680230825],[14.672333264467744,37.63021275759112],[14.67233423717795,37.63014529767254],[14.672340905594247,37.62968287041806],[14.67239931777434,37.62943752556855],[14.672410761048111,37.62938945909471],[14.67257452406573,37.62870160670552],[14.672759782490747,37.62827844254316],[14.672782438586477,37.62822669071943],[14.672798581180128,37.62818981773942],[14.672931355385042,37.62788653048341],[14.672983739823174,37.62776687326904],[14.672996249150286,37.62773830001343],[14.67300037947812,37.6276854018919],[14.67303692571173,37.627217442909796],[14.673054599477991,37.62699114465188],[14.673058173875608,37.62694536888232],[14.673063979578366,37.62686278800815],[14.67309041744321,37.62648671147843],[14.673099676991502,37.626354992927496],[14.673106599036805,37.626256519732365],[14.673129768255563,37.62592691900108],[14.673282210608841,37.6251431364758],[14.673310951416726,37.62496817233425],[14.673324310513276,37.62488685019023],[14.673370168444318,37.62460768356783],[14.67339102889723,37.624480701392336],[14.673396239699294,37.62444898103731],[14.673522333318113,37.62394348869196],[14.673558687762192,37.62379774386621],[14.673593984081066,37.62365624690355],[14.673538255054213,37.623245703751984],[14.673482622058247,37.62283507220024],[14.673484397570615,37.622791548238126],[14.67348726784234,37.6227212808447],[14.673509483687281,37.62217722801276],[14.673726591600571,37.621598350459315],[14.673749319050875,37.621537751332845],[14.673812328732456,37.62138811446357],[14.673913930335525,37.6211468251877],[14.673942779167842,37.62107831396364],[14.673413268343392,37.62089681704055],[14.6734093307798,37.620863103796275],[14.67338438156906,37.62064957511915],[14.673348160986304,37.620339566221304],[14.67298817416307,37.61961650834859],[14.672508589353065,37.61896204190386],[14.672445006358595,37.61887527276444],[14.672367292745122,37.61879549652416],[14.67232146746943,37.61874845282163],[14.672245962561199,37.61867371563108],[14.672136633151515,37.61856550011408],[14.671970321664038,37.618400887042675],[14.671767906295557,37.618200539458165],[14.671746916114117,37.618179762719265],[14.671630776678619,37.61808672691703],[14.671501121354863,37.61798286401629],[14.671456045673748,37.617946755684],[14.670697565383655,37.61733914690698],[14.669702990467579,37.61666018437306],[14.669013633657734,37.61587421057917],[14.668273715023762,37.61493539679568],[14.66757249238773,37.614039717057906],[14.667146603783948,37.61368090107205],[14.666726033914376,37.61332656232405],[14.66598167315957,37.612727765973965],[14.665814522430285,37.61256539102013],[14.665359222619834,37.612123093613796],[14.664808161557499,37.61149923368107],[14.664007654137492,37.61046878409325],[14.663253682368737,37.60956660046198],[14.662917364088782,37.60916219865379],[14.662853488131235,37.60908539062412],[14.662779783736038,37.60899579361084],[14.662749914457834,37.60891397342978],[14.662688366171093,37.60874537170268],[14.662619761409248,37.60855538812289],[14.662489461337954,37.60819455284445],[14.662435323428307,37.60809030414336],[14.66239987598051,37.6080220468852],[14.662368454673533,37.60796154028478],[14.66216643802884,37.60757252922833],[14.662024035495472,37.607298312116825],[14.661979736218754,37.60719036587929],[14.662121228367432,37.606895712023324],[14.662690008516648,37.606535259234676],[14.662793455932187,37.60645692267123],[14.66332792397944,37.606052190256555],[14.663510395535937,37.605398637614556],[14.663563706970253,37.605265362838054],[14.663601972712438,37.60516969732395],[14.663765121678486,37.604761828503705],[14.663817679897202,37.60465806593457],[14.664151869850109,37.60399828050169],[14.664528678706777,37.603187940256134],[14.664975395782292,37.602450760451994],[14.665301771256242,37.60187764049796],[14.665646941641409,37.60156417424902],[14.665829554648237,37.601399122701274],[14.665864527236382,37.60138819476852],[14.666219384516745,37.60127732008063],[14.666348984115007,37.60123682580423],[14.666390726008883,37.601224737141976],[14.667178568102932,37.60099656772679],[14.667973407117536,37.600782720634584],[14.66821905428489,37.60072324020722],[14.668816357408385,37.60057860918545],[14.668855251397533,37.60056919102995],[14.668932535861737,37.60050679200664],[14.66906197306608,37.60040228606306],[14.669221178050204,37.600273745325815],[14.669355282088993,37.600165470001556],[14.669335919894733,37.600103691904415],[14.6691792759302,37.599633101836766],[14.669418814039334,37.59911068551234],[14.669840763507679,37.59861548061354],[14.669944519737776,37.59809286055877],[14.6700708498241,37.5976254180557],[14.670438376521002,37.597399520548045],[14.670500800560749,37.597371214440045],[14.670684089339776,37.59728810203528],[14.670968755726475,37.59715902073959],[14.671434057671608,37.596853036723665],[14.67154890314376,37.59683232759166],[14.6718770004924,37.59677316255946],[14.672419221361254,37.59685503869307],[14.672942280838916,37.596406718065566],[14.672949406990924,37.59636763254212],[14.67296901059572,37.596260109219905],[14.672985098001313,37.59617186803475],[14.673022590720246,37.595966234844845],[14.673023687817087,37.59586895455694],[14.673024384017225,37.595807332419035],[14.673026018547676,37.59566260981617],[14.672955950247442,37.595587715491],[14.672753582949744,37.5954053193384],[14.67212272816768,37.59505089838505],[14.67253170300664,37.59472961478485],[14.673166374592197,37.59428940791323],[14.673423743328044,37.59403760072097],[14.673477448711663,37.59398505478911],[14.673625947888668,37.59383976241867],[14.673734942824112,37.59373312300317],[14.674050438893303,37.593507313666436],[14.67416467958366,37.5934255460082],[14.674324993429238,37.59331080537368],[14.674715671844194,37.592981295113724],[14.674837235114234,37.59287876565276],[14.674856495636638,37.59282136669742],[14.675033741145292,37.592293148739365],[14.6749573291877,37.59168919025051],[14.674777360683631,37.591229754649135],[14.674711239407236,37.59095899738829],[14.674666781955992,37.59077694520168],[14.674644823300957,37.59068702009412],[14.67468693981802,37.59060482853642],[14.674824557916233,37.59033626340468],[14.674989526023285,37.59026417955342],[14.675048567665714,37.59023838039391],[14.67518023125127,37.590180847995406],[14.675374554512915,37.59010729532568],[14.675597830218942,37.59002342081932],[14.67576667814304,37.58995999159366],[14.676083764911116,37.589808372403304],[14.676144854689163,37.58977916019004],[14.676232604827142,37.5897372027425],[14.676698602891525,37.58963785207344],[14.676913011785944,37.58948464594231],[14.676992947085083,37.589427527271965],[14.677162734858934,37.589306204510216],[14.677201955049432,37.58927817854254],[14.677245670467412,37.589246940610096],[14.677316503268573,37.5891963266643],[14.677424263389488,37.58911932586201],[14.67777008077946,37.58888378290246],[14.67792568057907,37.58877780029202],[14.677921565085564,37.58858169461827],[14.677920721376239,37.58854148747881],[14.677919940643182,37.58850428853004],[14.677919226786807,37.58847023801782],[14.677918550499834,37.588438031139844],[14.67790713024167,37.587894231114525],[14.677967549172369,37.58742546481931],[14.678176297228523,37.58739452652966],[14.678233074458179,37.587386112144365],[14.678620545200586,37.58732868304859],[14.678985802532898,37.58714901490606],[14.679377247896133,37.58702598257873],[14.679755681090485,37.5869070394093],[14.67982414431962,37.58690938033348],[14.679886510890544,37.586913288462085],[14.68000258677751,37.58691628332057],[14.68004033740643,37.58691677519502],[14.68009336999416,37.58691858893968],[14.680344379183333,37.58692717129482],[14.680452755920799,37.58693087861887],[14.68050169858729,37.58693255207041],[14.680629009411389,37.586936905097296],[14.681145084908973,37.58686353388449],[14.681259599248136,37.58684725363493],[14.681683766205184,37.58678694869342],[14.682477593328096,37.58668289691529],[14.682911672466405,37.586626747620606],[14.683014476632588,37.58663133389884],[14.683801982786454,37.586666590799155],[14.683873129770985,37.586686615864764],[14.684798357508631,37.586947018660354],[14.686322530383537,37.58783433044958],[14.68732417634076,37.58820775504716],[14.687698179231244,37.58834718467715],[14.687851739618145,37.58840443105923],[14.688005809196987,37.58846186866398],[14.68857637131413,37.58832450390362],[14.689152028549094,37.58818590879589],[14.690128242576236,37.58771108542777],[14.691296340084957,37.587407018953165],[14.691849278553562,37.58734203020984],[14.691936755459707,37.587331748529785],[14.692565345270951,37.58725786422862],[14.693314198024584,37.587194617983336],[14.694025087809239,37.586963501821295],[14.694245594284887,37.5868918137718],[14.694346546710625,37.58685899303066],[14.694550459153488,37.58679269958936],[14.696111236015591,37.586807163597506],[14.696805013659953,37.586774784251965],[14.696910978537344,37.58676983849656],[14.697395519505243,37.58674722206496],[14.697445304978256,37.58672218244312],[14.697869980457739,37.58650860293935],[14.69824786070181,37.58631855508343],[14.69857402053379,37.58615451579487],[14.69969134468988,37.58531605938221],[14.699915676064984,37.585191373851224],[14.700047711517769,37.58511893201562],[14.700182114500576,37.585045191553725],[14.700662122674903,37.584781828858624],[14.701148285924441,37.58451070869652],[14.70117853989156,37.58449402277254],[14.701261271220035,37.58445454718639],[14.701324501039284,37.5844134041975],[14.70195684300975,37.5840641757507],[14.702371310602652,37.583983321547116],[14.70278367639457,37.58390256778021],[14.703806787000026,37.58321157545976],[14.705122871923669,37.58223488895135],[14.70559181617716,37.58188686963013],[14.705646435805274,37.58184633375244],[14.705809806000936,37.581731998146374],[14.70649308759112,37.58125377448828],[14.7066033283894,37.58118226125644],[14.706634436313948,37.581154840823544],[14.706741708971878,37.581079756285334],[14.706803341359475,37.581036618427824],[14.70737511939202,37.580636409212076],[14.707482633199609,37.5805611548068],[14.707598345630286,37.580480161647365],[14.707675520287387,37.58042093344611],[14.708492908558563,37.57979359749785],[14.708557119811626,37.579744298673276],[14.70858502790906,37.57972287625852],[14.708618236585462,37.57968924551197],[14.708722061370496,37.57961769515233],[14.708838972770439,37.57952876497533],[14.709232285356762,37.5798089890892],[14.709606222199477,37.5798178506613],[14.710118546944349,37.57964896455875],[14.710273444983624,37.57972940572287],[14.710682967022853,37.579945495953396],[14.711171032297436,37.58021661476299],[14.711261062374179,37.58023779220331],[14.711518560276925,37.58029835979286],[14.711678580168774,37.58033599856527],[14.711779318725261,37.58034814338805],[14.711930965522258,37.580366426111354],[14.712210899709003,37.58040017681257],[14.712317855922267,37.58036986630277],[14.712552970476871,37.58030323469804],[14.712718743658394,37.580256255219986],[14.712956021862354,37.58019410160762],[14.713193647828547,37.5801318568211],[14.713298822941379,37.58010430643486],[14.713372073614455,37.58008454828868],[14.713695678540999,37.579997259538935],[14.714015575901133,37.57943035569312],[14.714684393086001,37.57907155281864],[14.715816067761173,37.578904043547446],[14.716377783227305,37.57897066733893],[14.71682557263822,37.57902377683756],[14.716928583879044,37.57897836577129],[14.717364545260942,37.57878697137662],[14.717663226546923,37.57865450469605],[14.717939080408948,37.578514492162],[14.7179879462299,37.57848968961669],[14.718423259263737,37.57826873781312],[14.71888893520506,37.57804609793887],[14.719434525991366,37.57778524674638],[14.719482155290853,37.577760792682504],[14.719959371208208,37.577515773163434],[14.720533578795308,37.57722095022708],[14.721291628833399,37.57685921906948],[14.72152484358214,37.576748725378664],[14.721568082313594,37.57672729714909],[14.722371029114962,37.5763103352303],[14.722609729490856,37.57618757120031],[14.722691768699741,37.57614616041382],[14.723434158932601,37.57581050845301],[14.723548581808785,37.575758559356245],[14.723706377755642,37.57568390085173],[14.723846965763391,37.575618093784776],[14.723757273586838,37.57530877803407],[14.723667238682305,37.5751742698099],[14.723519710632806,37.57495339803913],[14.72349242353864,37.574906283887074],[14.723461619973742,37.57484376192577],[14.72332912812146,37.57459369859306],[14.723351823724942,37.57450425612469],[14.723363296433082,37.57445904810656],[14.723399668410982,37.57431569980615],[14.723832018519944,37.57402686586537],[14.72385525206774,37.57398080029713],[14.723944891160023,37.57380307440901],[14.723760110468595,37.57363098673408],[14.72370401669802,37.573578743050724],[14.72367029892643,37.57354734058557],[14.723528764055752,37.573415527432765],[14.72326567458882,37.57326593103282],[14.722946167641798,37.573148407634484],[14.722897817842217,37.5731318875952],[14.722844545311832,37.573111028557086],[14.722620011709067,37.57302699918299],[14.722057435338076,37.572834908548764],[14.722064458636533,37.57272402683791],[14.722068708357538,37.57263705161495],[14.722082125427118,37.572401606953186],[14.722059829251483,37.57216639759661],[14.721551749373297,37.57207632389735],[14.721098405628814,37.572091621376195],[14.720531806823256,37.57184687048479],[14.72036409720696,37.571698634140205],[14.720332113949153,37.57167036452607],[14.720309994602635,37.571650812701535],[14.720367760870447,37.571607030666556],[14.720558924983669,37.5714737787686],[14.720560233974872,37.57144811250038],[14.720549669679288,37.5713958419272],[14.720501066686465,37.57120697789992],[14.720055774917245,37.57102254085347],[14.71995505527184,37.5709809355932],[14.71937198152903,37.57078696327814],[14.719183290235572,37.57072419021375],[14.719053373698308,37.570680968747936],[14.719047911025498,37.570603825905366],[14.719032800656636,37.570390390622386],[14.719022316163876,37.57017256345519],[14.719011295626249,37.570086628420235],[14.719259506899938,37.56934464760921],[14.719291108616021,37.56925018188887],[14.71933041832792,37.56913266990966],[14.71910386932792,37.56883310853898],[14.719053154377928,37.56881136084654],[14.718900608293502,37.56874594178876],[14.718641674927179,37.56863503612873],[14.718376720394962,37.56866023419851],[14.718068358057055,37.56868956122537],[14.717950575182604,37.568700763698],[14.717915680197928,37.568704082516014],[14.71789067576176,37.56842719269889],[14.717884279813813,37.56835636501883],[14.717880342303616,37.568312768718776],[14.717873390028739,37.56823577828066],[14.71782077618811,37.56820082271319],[14.717672931726185,37.56810259787093],[14.717343100878372,37.56788346148403],[14.716971266532246,37.56770055013948],[14.716697420517415,37.56756583938144],[14.716552019615147,37.56749431315245],[14.716461028194,37.56747373966783],[14.716342816471819,37.56744701233726],[14.716286387417824,37.567435527836544],[14.716241714958588,37.56742415541715],[14.715986655215412,37.56736649325229],[14.715713197462666,37.56733524228646],[14.715182937787281,37.56728255360776],[14.715145485524332,37.567286629533385],[14.714882806338009,37.56732776325701],[14.71482733411217,37.567327223053354],[14.7147506774532,37.567336537308506],[14.714535256995031,37.56736271452135],[14.714185568274088,37.567226677708895],[14.71434587495629,37.566883559478576],[14.714177841348953,37.56675053363436],[14.714140406823162,37.56672894265571],[14.714096789711503,37.56668637018392],[14.713967946201437,37.56668123225308],[14.713826325174931,37.56667558579857],[14.713384270352211,37.56665795611763],[14.712992596723828,37.566590977074334],[14.71282797214851,37.566562824016934],[14.712728236785317,37.566545768779655],[14.712499287653431,37.56643857834854],[14.712421643235853,37.566402226617534],[14.712243839141008,37.56631897997936],[14.711657354606505,37.5660443907114],[14.711628249656155,37.56603076376872],[14.711552336095119,37.56599522041681],[14.711080925817765,37.56590100669197],[14.710945081515527,37.56586773256993],[14.710858666570962,37.565849591683296],[14.710681670032521,37.565812431685686],[14.710630314641415,37.5657663030957],[14.710488252118003,37.565638695222354],[14.710407103464838,37.56556944220815],[14.710380351582371,37.56543785755841],[14.710363674908372,37.5653572441953],[14.710310311513537,37.56513504539511],[14.710328416519214,37.564602207489465],[14.710223269106663,37.56444668018166],[14.710177038321087,37.56437481874754],[14.7101330655184,37.56430646564443],[14.709902061781767,37.56434934911705],[14.709832196591263,37.56436231841016],[14.709790837024785,37.56436999665727],[14.709657082018955,37.56439482684072],[14.709266901705698,37.56457657470837],[14.709155489566509,37.56462847059603],[14.70912236834039,37.56454274952608],[14.70905001152502,37.56435548942078],[14.70896684841081,37.56414025392961],[14.708762350606055,37.563803268403305],[14.708692319159903,37.56368786218054],[14.70864353546282,37.56360747384695],[14.70862158947507,37.56355556320759],[14.708575700164563,37.563482815803845],[14.70855028544858,37.56345380903426],[14.708183505067533,37.56315468816603],[14.708086675880537,37.56307572103743],[14.708065985923898,37.5630529295343],[14.708032861969674,37.56301644050668],[14.708008527713975,37.562989636211945],[14.70784982720694,37.562814814870535],[14.707724663771359,37.56267693949502],[14.70766959162973,37.56262205880428],[14.707424793597252,37.562382837051146],[14.707047751493118,37.56220211998755],[14.706981972832104,37.56217059195234],[14.706830839893758,37.56221264087346],[14.706271341519678,37.56236374341747],[14.705728640737897,37.562460712283915],[14.705668238128933,37.56247134508676],[14.70549760700222,37.56250138107088],[14.705302691508896,37.562286744893875],[14.705202012494215,37.56217588029618],[14.705168465054712,37.56208090374306],[14.704956610004698,37.561481122416545],[14.70473748525042,37.56134783855034],[14.704687730235944,37.56131899003811],[14.704501549335037,37.561205065435445],[14.704424967425178,37.561158206049235],[14.704487165279966,37.56101704768762],[14.704504578276735,37.56097752612291],[14.704552640934663,37.560868450419754],[14.704684567023346,37.56051869942968],[14.704735959458889,37.560382454215514],[14.70458863690194,37.56020282021998],[14.704419928797572,37.560138104397204],[14.704288757112296,37.560087786880665],[14.704114628823557,37.56002099190315],[14.703835967113905,37.559895481145425],[14.703672536047678,37.55982187091473],[14.703709372232018,37.559665771794506],[14.703753654771106,37.55947812313137],[14.703800298128618,37.559427469812725],[14.70395776085584,37.55926103526577],[14.70403315906707,37.559004258260984],[14.704050259958048,37.55894677474783],[14.70403711682817,37.558921849526754],[14.70402168851903,37.5588967488062],[14.703869213238947,37.55864867134002],[14.703712663962726,37.5584222133574],[14.703617453776234,37.558224392927464],[14.703593150320085,37.55817538428116],[14.703578214664123,37.55814532107192],[14.703563036266745,37.55805977089447],[14.703531488326025,37.55788193529181],[14.703493789795676,37.55766941929132],[14.703479739734625,37.55758482444253],[14.703573836436641,37.55742184246524],[14.703631431330317,37.557322748477574],[14.703808609288656,37.55701791043584],[14.703845801977332,37.55646923763797],[14.70378848865972,37.55616111614826],[14.70377859012518,37.55610790211414],[14.703655548949413,37.55576505492666],[14.703556857538441,37.555527699377066],[14.703531713857542,37.55546722945111],[14.703452462229516,37.55519032257472],[14.703397665323761,37.55499886735611],[14.703398548743914,37.55456673630945],[14.703438025092126,37.55454201629668],[14.703659555947914,37.554403296877844],[14.703702356782156,37.55438743843756],[14.703760004093803,37.5543660802952],[14.703972436542083,37.554287369863815],[14.704023709396669,37.554268372140164],[14.704113811308009,37.554234988420625],[14.704148529119516,37.55417722174791],[14.70423918415918,37.55402637180895],[14.704193022831094,37.553955818532856],[14.704088516452256,37.55379608933532],[14.704063595338186,37.5537579987025],[14.704047200412605,37.55373294210187],[14.704015120391803,37.55368390444344],[14.703920972481615,37.5536144067577],[14.703808766517032,37.55353157625178],[14.703587335546969,37.553368143363656],[14.703502990308909,37.553306494438914],[14.703179168721345,37.55306993543506],[14.7027539875665,37.55283346667336],[14.702726681548972,37.552814511796164],[14.70262376770076,37.55276110950247],[14.702369161052058,37.552638421023744],[14.702286268662734,37.55253312706027],[14.701959192739437,37.55215641647751],[14.701655656565116,37.551957338675095],[14.701597295288014,37.55189275677345],[14.701328327939505,37.55159511373757],[14.70121193280141,37.551475261641095],[14.7011258652623,37.55138664211391],[14.701175348412939,37.55134359057844],[14.701201222677764,37.55132107056218],[14.701305409411013,37.551230385400366],[14.701350131697174,37.55117913128357],[14.701249067422681,37.55078301399451],[14.70122830480861,37.55070204230277],[14.70118037542685,37.55067787917965],[14.701059226284144,37.55061680408226],[14.700857356033097,37.5505150328851],[14.70067932991805,37.550425277270904],[14.700631477798938,37.55040115877909],[14.700562116738672,37.55036619037796],[14.700438187344629,37.55030371171702],[14.700265645267454,37.55016979198786],[14.700056818246821,37.55000770647269],[14.699975395249554,37.549944508908716],[14.699761355645743,37.549778377687076],[14.699662861218718,37.54967954189634],[14.69950373858968,37.549515329819656],[14.699451142323893,37.54946709079458],[14.699185837000025,37.54920086226044],[14.69911336030452,37.54908605566608],[14.699043778055417,37.548975834056215],[14.698837646169128,37.54864930661032],[14.698803967237543,37.54859595443247],[14.698713527394885,37.54820521358653],[14.69867983677793,37.54805964980836],[14.69862676847366,37.54783036405403],[14.698716258257864,37.54762496257137],[14.698729638507995,37.54759435747952],[14.69884380742245,37.54733383921828],[14.699623576751607,37.547309448595655],[14.700812055332303,37.54747468483226],[14.701150911810707,37.54769233440672],[14.701415668655766,37.547952293426704],[14.701692566127521,37.54822420890865],[14.702089516127547,37.54886929939341],[14.702176668658957,37.549010929399245],[14.702367096332946,37.549181749701056],[14.702603566639622,37.54939084260541],[14.702795595189759,37.54949750143182],[14.703203555421089,37.549724092742856],[14.703916244846983,37.5500248854928],[14.704639546909455,37.55021487571398],[14.705546921733783,37.549984092434386],[14.705717480089255,37.54995011884804],[14.706532529523994,37.5497877630891],[14.707278558755293,37.549609811346095],[14.707405714021954,37.5495065376365],[14.70780016663587,37.54918616560419],[14.708381544857971,37.54861109623993],[14.708890946868511,37.54798294056888],[14.70897237574174,37.54788252981015],[14.709438124633724,37.54680851756356],[14.709451412641284,37.54677787535803],[14.709601616351538,37.54658258307733],[14.709640293532217,37.54653268158178],[14.709903680031044,37.54619285387058],[14.71017059571147,37.54584848391292],[14.710498601862371,37.54574623282245],[14.711395232786096,37.54546672795105],[14.711563564135771,37.54541424798508],[14.71194909269757,37.545294054462126],[14.712927411480642,37.54535164203061],[14.713228881921708,37.545369205065306],[14.71351122588292,37.5451439628884],[14.713567943483719,37.545019188502565],[14.71359392801946,37.54496202792697],[14.713670148046308,37.54479435268057],[14.713809351526328,37.54448810015606],[14.713821498264355,37.54402839827565],[14.713711043307539,37.54335186699819],[14.713000461826622,37.54270896682448],[14.712456786145838,37.54244996578062],[14.712220203471317,37.5423372600048],[14.712117053716897,37.54215419019195],[14.71209628093939,37.54211732226904],[14.711961004738393,37.541877231594285],[14.71196807145806,37.54169116287742],[14.711969454667562,37.54165501463869],[14.711975636655856,37.54149110599228],[14.71197954536765,37.54138806519555],[14.711982203480048,37.541316273588635],[14.711985040982178,37.54123905674343],[14.711986366544705,37.54120320386935],[14.711987593593626,37.54117121855511],[14.71199827771514,37.54088745869699],[14.712104936325115,37.54066027732556],[14.71225190335378,37.54034725215561],[14.712469696123307,37.53988500020525],[14.71248798281432,37.53984196055599],[14.712715346603181,37.53942490747492],[14.712965129830256,37.538962247086296],[14.712990638790924,37.53891762802608],[14.713016225465383,37.538888275355525],[14.713309881859823,37.5385552899274],[14.713599747533488,37.53862876259268],[14.713920883684,37.53871016043693],[14.714337716266035,37.53910834605735],[14.714395636572476,37.53918226727081],[14.71451689884229,37.539337085797754],[14.714717885946609,37.53959369184477],[14.71481164391425,37.53971339445684],[14.715307381624248,37.540254201684185],[14.71560457169166,37.54053900341407],[14.715825905625739,37.540751127684324],[14.716052792758445,37.540857856065536],[14.716447880825132,37.541043704426684],[14.716541525613327,37.54108775253559],[14.716810291144984,37.54121417795747],[14.7170708911556,37.541361474492035],[14.71712495963978,37.54139206731046],[14.717224313247819,37.54144856909292],[14.717275333973706,37.541477066585514],[14.717436164494986,37.54156805176017],[14.717499373294865,37.54160379061991],[14.717779542885689,37.5417051822756],[14.718425951359766,37.5419391082072],[14.719523361691873,37.5420140579308],[14.719770074659591,37.541948616736335],[14.719982658538623,37.541892227119114],[14.72027125498768,37.54181567435477],[14.72037508413333,37.54175307882956],[14.72044401997675,37.54171151915023],[14.720530086241293,37.541659632367946],[14.720940964627486,37.54141167821633],[14.721067066162734,37.541291751294914],[14.721091911406692,37.54126808263466],[14.721185571513159,37.54117896302457],[14.721620757497845,37.540764359983626],[14.722213341567366,37.540125668564556],[14.722723464502259,37.539443732557906],[14.72324975471133,37.53827263991298],[14.723004840324622,37.537316935661764],[14.722991642003908,37.53721077316276],[14.722981040441145,37.537125427554905],[14.722937471463615,37.536774773766545],[14.722916157630998,37.53660325252804],[14.723048784575429,37.53651223155097],[14.72313834537886,37.536450761586714],[14.723697477446702,37.53606701432431],[14.723791390501592,37.53600256682683],[14.723946712670658,37.535887953301774],[14.723975393225079,37.535866790994234],[14.72403894985348,37.53581989270125],[14.724178541000914,37.535716889553164],[14.724443406977892,37.53552144348392],[14.724614302539658,37.53539533861531],[14.725130058280218,37.53501475426648],[14.726063934846792,37.534800883747934],[14.726599350578628,37.53467826103043],[14.726851945319952,37.53462041263462],[14.727518923997206,37.53475898717502],[14.728455924384255,37.53513873812764],[14.728964000004494,37.53558082415222],[14.728997227768241,37.53560973428199],[14.729054062367588,37.535663357996604],[14.729618748467592,37.536196123136705],[14.729682821180571,37.53622667406472],[14.729723785326696,37.536246207170194],[14.729924435819365,37.53634187991316],[14.730082753131443,37.536417366730475],[14.73020440574379,37.536475371478346],[14.73049305262299,37.5363810509202],[14.730694017339372,37.5363148020184],[14.731040202026342,37.53602956979551],[14.731276940555247,37.535834414351534],[14.73185046265133,37.53522777375864],[14.732215253508176,37.534678888250575],[14.732091470359405,37.534318098336605],[14.731721832649514,37.53387474165185],[14.73111145699673,37.53335985049866],[14.730511210144957,37.53309651797401],[14.729620705233167,37.532797793333074],[14.729237400229044,37.53273041193344],[14.728838679543552,37.53266033272293],[14.728071595896314,37.53234436933516],[14.728059943234237,37.532319332087305],[14.727959362055731,37.53210862945305],[14.728164914202319,37.53156789071223],[14.72844931112898,37.53092840654312],[14.72884797903993,37.53043414955189],[14.72945843798972,37.53005787655463],[14.730371824711783,37.529582157883866],[14.731059523477567,37.52922376001367],[14.731636622154802,37.528909846822685],[14.732407834576888,37.528649491165424],[14.733232424117743,37.52856882400185],[14.733774709226518,37.528859726847635],[14.733809963200695,37.528910770880465],[14.733833993009396,37.52894556582098],[14.73394877284886,37.5291117632506],[14.734086496826023,37.52931076577615],[14.734137218050249,37.52938088839909],[14.734300613513879,37.529606783717696],[14.7343739736181,37.529708207636766],[14.734735714226089,37.52980182326084],[14.734883699580646,37.52984012057037],[14.735039972412306,37.52988056233419],[14.73514346063816,37.52988888053467],[14.735841806588525,37.529945006434815],[14.736650643255878,37.530020292204995],[14.737152513112255,37.53006612952031],[14.7377269251219,37.53006664136823],[14.737884066201984,37.530066781136846],[14.7380044586684,37.53006688841373],[14.73850314290671,37.529790520172455],[14.738575204502505,37.52967411438568],[14.738754528626915,37.52938443964817],[14.738710868528418,37.52884420415943],[14.738598712864784,37.52823979717685],[14.738379873749713,37.52778936714352],[14.738340223260003,37.52770778648598],[14.738229578910708,37.527481367974474],[14.738204014738162,37.52739001037438],[14.738180167303273,37.52730470839922],[14.738040840833042,37.52680664280768],[14.737994829898215,37.52664215630746],[14.738019786859343,37.5265143867703],[14.738119546393154,37.52600367740595],[14.738575753313416,37.525220772666394],[14.739092091616447,37.52428629823609],[14.739123972368809,37.52422860953223],[14.739162518348053,37.52422156661586],[14.739711919368142,37.524121181605175],[14.73976995268437,37.524142733496625],[14.739866065965856,37.52417842578652],[14.740252915503039,37.52432208367361],[14.740727967861446,37.5246207303958],[14.740963873509662,37.52518984210426],[14.741120443208736,37.52575607591201],[14.741311093006516,37.52635215296517],[14.741479891414462,37.526633639250015],[14.74176082743866,37.527102122626815],[14.742135312199412,37.527540469739776],[14.74221750080687,37.5276366714167],[14.74227350201413,37.52770222167496],[14.742416045209302,37.52786907217343],[14.742845682964338,37.52787061991475],[14.743274740285495,37.52758097682672],[14.743592026887741,37.52736713459754],[14.744389570820942,37.52633247611839],[14.74498408382736,37.52455709255647],[14.744980032192483,37.52404414875843],[14.744975682556667,37.52349303878189],[14.744842815433456,37.52260158970574],[14.744656192627419,37.52142911167507],[14.744656513184829,37.521399282585016],[14.74467846099968,37.52051368229405],[14.744682099137492,37.52036572298809],[14.744663595998393,37.52020584997713],[14.74458295007827,37.51951763195684],[14.744528671965497,37.519013923012736],[14.744734530310657,37.51830175067908],[14.744765133714296,37.51822486610542],[14.744831876910116,37.51805716814006],[14.744919723683124,37.51783642534387],[14.745042333337086,37.51752832728614],[14.745406012541535,37.51727119041667],[14.745452346461994,37.51725399477226],[14.74581458562718,37.517417901389635],[14.746096276310634,37.51754535977801],[14.746139256694912,37.517564807799864],[14.746219053077386,37.517614608958155],[14.746784947843034,37.517967805519014],[14.74685154076822,37.51800937132698],[14.747584536447814,37.51825487614182],[14.7482316601681,37.51818277229735],[14.7490689621124,37.51808561540351],[14.749541364240674,37.51803402090884],[14.749963434241975,37.51798792665798],[14.750799323864939,37.51788182908728],[14.75188754115302,37.51773188874226],[14.753020193191299,37.51751675445586],[14.753971623229118,37.51717769377175],[14.755069240660694,37.51670995055538],[14.755373975864114,37.51619232758427],[14.755535777804948,37.51591748583438],[14.755244353429278,37.515141819995485],[14.755379841853145,37.51445758698638],[14.75539310466557,37.514390622646616],[14.755484612649836,37.51392847181792],[14.755551215857464,37.51373272116799],[14.755677059679813,37.51337262813052],[14.755712970267322,37.51326997213929],[14.755817302160587,37.51297138827161],[14.75600635799599,37.512303703352686],[14.756012453110676,37.51227771128643],[14.75602266176564,37.51225003457438],[14.756241457567606,37.51165662794861],[14.756650175140441,37.510948013294396],[14.756698840432149,37.510884904195464],[14.756788898417655,37.51076813617817],[14.757151649430684,37.51029784637185],[14.757210586075061,37.510245429484335],[14.757467664268,37.51001678757071],[14.757729984024214,37.50978346616387],[14.758470497329432,37.50933823325487],[14.758559410160998,37.50928477340956],[14.758626338188646,37.50924453154937],[14.758724375540975,37.50920486527874],[14.758777005932703,37.50918356951819],[14.759689292703435,37.508814446487435],[14.760249028172838,37.50866381502209],[14.760301450302848,37.50864970686873],[14.760721582900294,37.50853664091082],[14.761310379979582,37.50766389708493],[14.761277739924447,37.507316182243514],[14.76127368112609,37.5072729118516],[14.761246916468025,37.506987373281554],[14.761010231390935,37.506555615927354],[14.760686392393911,37.50602210888923],[14.76058307182732,37.50585189053812],[14.76057101952009,37.50574550228703],[14.76055300725516,37.50558652069103],[14.760527795778119,37.505363985417176],[14.760581893552786,37.50517822804224],[14.760756264577797,37.50458090160574],[14.761097058737871,37.50417842181721],[14.76159511310215,37.50359017486546],[14.762469556756455,37.503061264001985],[14.763189374416017,37.502911201981114],[14.763559780415978,37.50283759668196],[14.764325149472041,37.50294793711518],[14.764289209168991,37.50340653284599],[14.764203718086831,37.503558929465036],[14.764030364856527,37.503867947079215],[14.763960785408385,37.50399196936901],[14.763948343575038,37.504361641264445],[14.764127831407887,37.50483896417158],[14.76436184036118,37.50530008467117],[14.764469696131906,37.5054964887257],[14.764802270315803,37.506102185270066],[14.76538765406504,37.50687917142571],[14.766074611229277,37.50772770642457],[14.76668774954107,37.508631860118385],[14.766855119730803,37.508878665818344],[14.766985592966197,37.50907105878488],[14.767011053894588,37.50910860214729],[14.767880799349081,37.509543084793286],[14.768571691465537,37.509273481823925],[14.768656530319623,37.509240386336664],[14.768797428367538,37.50918535358455],[14.768893344742438,37.509191962211034],[14.769206517425927,37.5092135383675],[14.769465246401614,37.50923137898798],[14.770027231527164,37.509242367875544],[14.770450131632415,37.50925063715223],[14.770593480534707,37.509258642440805],[14.771160852291658,37.50929034141598],[14.771456404833248,37.509306846723206],[14.77172444467717,37.50926995932953],[14.772283446278367,37.50919302075814],[14.772496613652198,37.50916362198928],[14.772850179861488,37.50873239377224],[14.772816170952591,37.5081826912772],[14.772947107149811,37.50792600045101],[14.773284757838288,37.507264041602184],[14.773773790923931,37.50666780962633],[14.773809390987369,37.50662440687118],[14.774044399687803,37.506337875507775],[14.774432647986533,37.5051935996328],[14.774615832128436,37.50426450659312],[14.774662077211346,37.50403002339993],[14.775061448899066,37.503022611101976],[14.775438018955656,37.50222997390755],[14.775660734255169,37.501611092957845],[14.775710073035935,37.501473990331654],[14.775852488792202,37.50143909688781],[14.776514016153882,37.50127701309745],[14.777149296308606,37.501521342536286],[14.777452626812924,37.50197583876465],[14.777474458126392,37.50200853937588],[14.777913996846081,37.50243253459595],[14.779011906128646,37.50278597616744],[14.779126634030693,37.50281435026488],[14.779334048979964,37.50286564754699],[14.779442095931856,37.50289236981396],[14.779711035100314,37.50295888270707],[14.78028700128098,37.50310132560427],[14.780422187335066,37.50313475749291],[14.78051518479504,37.50315775640659],[14.780857968076711,37.50317913623016],[14.781099395782242,37.50319419331647],[14.781229441419915,37.50320230446086],[14.781399116429442,37.503212886457995],[14.781581447003877,37.503213195887284],[14.781661443546435,37.50335706623752],[14.781733981702963,37.50346698359275],[14.781883507007151,37.503459639953256],[14.782009093497493,37.503453471873875],[14.782234179847874,37.50344241570212],[14.78258316382632,37.5035713314408],[14.782666635768255,37.50360216532986],[14.783116000055761,37.503768158963275],[14.783170534868118,37.503741117602814],[14.78338803496016,37.50363326867474],[14.783395644806136,37.50351957799501],[14.783411610165999,37.503281042833],[14.783541847958553,37.50310694186929],[14.783659969972778,37.502947637184946],[14.78422412895579,37.50287526176874],[14.784374061864417,37.50286019935759],[14.784633294532895,37.50267868428325],[14.784599332826357,37.50260704457],[14.784509227356079,37.5024169684104],[14.784514437878522,37.502252323262745],[14.78452377669915,37.501957173985566],[14.7848323639861,37.501767050211264],[14.784958693677945,37.50168921740165],[14.78498816419446,37.50167106019006],[14.785090836386297,37.501683379273295],[14.785263337529749,37.50170407706462],[14.78535907800796,37.50171556451724],[14.785586912832025,37.50174290168967],[14.786096020339851,37.501942920801206],[14.786571214207004,37.50209733730109],[14.78679597670658,37.50262864170042],[14.786749752605354,37.503117000854985],[14.78655574164532,37.50368465094052],[14.786652789705837,37.504127623821375],[14.786664619163114,37.504181624427126],[14.786676911327547,37.50423773299977],[14.786687926183484,37.504288013614946],[14.78671878072791,37.50432172798033],[14.78691144361347,37.504532251019675],[14.787019087386264,37.50464987201553],[14.787096736933155,37.50473471845348],[14.787189678672705,37.50482131015926],[14.787415569164908,37.50484212991931],[14.787615038744727,37.50486051425802],[14.78787533376188,37.50488450351346],[14.788420034155365,37.50507324855909],[14.788538300200413,37.50511422795398],[14.788609015812138,37.505138730851264],[14.788637199250207,37.50537054040926],[14.788659995069338,37.50555802477462],[14.788694072442118,37.50579263028314],[14.78869671586265,37.505859328291294],[14.788730299545241,37.50595710645664],[14.788780712736685,37.50610379793378],[14.788807959883584,37.50618311274008],[14.788864886527954,37.506348807003214],[14.788888995948048,37.50641897728817],[14.788899261749632,37.50644643996097],[14.788941609144223,37.5065597237642],[14.789013734800125,37.50675266411186],[14.78910627333112,37.50669848772258],[14.789578312395754,37.5064228422508],[14.789935723939994,37.50623750584251],[14.79003276548179,37.50618718327117],[14.790134483449869,37.50624203727883],[14.79023238420419,37.50629483031535],[14.79051845553579,37.50644909689875],[14.790745304408793,37.506699936243315],[14.790780450233298,37.506738798875425],[14.790836902574897,37.50680122051653],[14.79099194140174,37.50697265434212],[14.79115690219269,37.507235561470324],[14.791252199987033,37.50738744121197],[14.791349640486748,37.50757842786737],[14.79137128570282,37.50762057758182],[14.791398590374703,37.50767375413092],[14.791624012217731,37.50811274648525],[14.791644941900534,37.508153503668524],[14.791695032209645,37.50855933497096],[14.791720866642997,37.5087686448571],[14.79173264732256,37.509007566924154],[14.791747271966253,37.50930412753071],[14.791754187337581,37.50944437892051],[14.791973942417405,37.50999188048127],[14.79201401415167,37.51001735058115],[14.792043006858862,37.510029231288534],[14.792131674715915,37.510065562571114],[14.79248815652045,37.510211650377094],[14.792631231936344,37.51031311485847],[14.792714610243188,37.51037224357597],[14.792894700187206,37.5104999572045],[14.792933915862625,37.510596024573736],[14.79308652017414,37.51096985441932],[14.793016777344667,37.51145487412259],[14.792922747245793,37.511579403547564],[14.792867780292525,37.51165219864675],[14.792818892305148,37.51171694409122],[14.792778531372505,37.5117703958187],[14.792540278570671,37.51207692111252],[14.792522988567953,37.512119246460756],[14.792335390039758,37.512578562972216],[14.792323042583126,37.512608792522194],[14.792312343923463,37.51263498648231],[14.792296898166006,37.51281799628929],[14.79226523371279,37.513193168182966],[14.792365041802872,37.51387912285453],[14.792509775418251,37.51401932738105],[14.792681187631104,37.51418537342632],[14.793018507018562,37.51429069064266],[14.793169534160366,37.51433784344567],[14.793291380496319,37.51437588580533],[14.793598548858826,37.51448421639333],[14.793820804959037,37.51456260101819],[14.79430349583812,37.51482263323175],[14.794365491790536,37.51485636966578],[14.7947486994986,37.51531684299122],[14.79472117746165,37.51565598082989],[14.794713676156594,37.5157483854199],[14.79466352844268,37.51583175702241],[14.79459231617038,37.5159501497424],[14.794513203055594,37.51608167869106],[14.794473944962215,37.516329254516464],[14.794466322853754,37.51638367691918],[14.794450421145276,37.51649722958065],[14.794663236755738,37.5167797579477],[14.794708674379741,37.5168400793908],[14.794756672341606,37.51696021086983],[14.794770938376908,37.516995917779155],[14.794855935489943,37.517208652990995],[14.794919294272558,37.51740228687934],[14.794966138341895,37.51754544742433],[14.794989278178242,37.51761616436398],[14.795019801357343,37.51784742068623],[14.795025283093464,37.5178889502525],[14.795046053110429,37.518056702571755],[14.795032775391798,37.518109395163826],[14.79501528598295,37.518178796144824],[14.795005840492836,37.51821628430967],[14.794984940700447,37.51829921983126],[14.794955327856961,37.51841673320704],[14.794765079581348,37.51851550711177],[14.794591408805696,37.518605674544276],[14.794095591090514,37.5186591271525],[14.794039584533312,37.51866516518771],[14.79400321696565,37.518669085164504],[14.793515486731865,37.51872165024091],[14.793210911612267,37.51882890957263],[14.793046027526293,37.51909111887581],[14.793029828325928,37.51911687880643],[14.793039986260293,37.51929512511429],[14.793041816383644,37.5193272098881],[14.793061163822074,37.51966668379891],[14.793007506418553,37.51974680692371],[14.792890267577647,37.519921871363536],[14.792855440462379,37.519973877094884],[14.792527399106543,37.520143035153524],[14.792513866551792,37.52022118433925],[14.792458616583614,37.52054025530903],[14.792479441708705,37.52067296184268],[14.792549524848635,37.52111959535632],[14.792559187300384,37.52118117140507],[14.792641216714097,37.52143925917972],[14.792732902200566,37.52172772505501],[14.792750743056857,37.52178385401736],[14.792773941706779,37.521847931561325],[14.792940458063923,37.52230787166011],[14.793234063135655,37.52269623350592],[14.793481721909943,37.52312062962141],[14.793662616732714,37.523602980720064],[14.793302765005633,37.52383863395296],[14.793221941135936,37.52398706360488],[14.79320776093557,37.524013815227796],[14.793085733345846,37.52424381562772],[14.793070323981265,37.52427286196216],[14.793000862172189,37.52464310804884],[14.792880022655769,37.52470402271355],[14.792703126838383,37.524793195307595],[14.79232310292319,37.52498476068089],[14.79216003509716,37.52507700479998],[14.791942150164047,37.52520026206547],[14.791612857419379,37.525386523848354],[14.791490989429109,37.5256725345099],[14.791437141032281,37.52580249737043],[14.791235767677065,37.52613518890199],[14.791164767991745,37.52625248758187],[14.791137116931026,37.52646036123383],[14.791119740941912,37.52659098059017],[14.791059475465188,37.527044028612686],[14.791037607725453,37.52720842381404],[14.791093650625266,37.52749243077367],[14.791100351673544,37.52752639044037],[14.7911816156213,37.52793818533319],[14.791192424761336,37.527992958288515],[14.791262067662934,37.5280710493694],[14.791500212401505,37.52833808315534],[14.791529693572162,37.52837114058215],[14.791699980186795,37.528562082686854],[14.791875348838328,37.528691596903585],[14.792018309426119,37.528797177712335],[14.792445599811035,37.52911273798479],[14.792475739897794,37.52914588694277],[14.79254437717358,37.529221371161185],[14.792936094388242,37.529652162252546],[14.793044948485349,37.52977187518993],[14.793095349535333,37.52984772374897],[14.793254083788606,37.53008660440688],[14.793518455301982,37.530484451859294],[14.793545532711475,37.530522340343396],[14.793733246783084,37.53078498499947],[14.793856277369356,37.53095712553789],[14.793911548579084,37.53103446046761],[14.79433979508676,37.53131821248012],[14.794376275262342,37.531342383697435],[14.794463557597426,37.531377309648384],[14.794872063204723,37.53154076492299],[14.794921823932224,37.53153551168587],[14.795482389260705,37.53147633037906],[14.79571082107882,37.53145221271757],[14.79604466010816,37.53143912649988],[14.796231050179287,37.53143182126625],[14.796335324158417,37.531427732721994],[14.796605997882184,37.531417120254694],[14.79728331554223,37.53187883900343],[14.797746612094105,37.53224083600289],[14.798165256404621,37.5325375235208],[14.798527049919315,37.532692989579374],[14.799125453824775,37.53262974876343],[14.799431330231824,37.53271144290409],[14.799431299839265,37.53275163966525],[14.799431218103052,37.532858589216865],[14.799431161052848,37.53293294962001],[14.799431074637003,37.53304450826957],[14.799386997285003,37.53338520697659],[14.799362216611058,37.533576756310595],[14.799260477386953,37.533841523451635],[14.79922622608898,37.53393065547916],[14.79914362399573,37.53414562104907],[14.799129442187898,37.53429194118216],[14.799108721796618,37.53450572804953],[14.799087593566359,37.53474356593953],[14.799134539636036,37.534838000180926],[14.799309215294073,37.53518936608792],[14.799322945626677,37.53521698542218],[14.799493327748317,37.5354165860733],[14.799739563345465,37.53570504694819],[14.800014946877711,37.53613677382262],[14.800033214149204,37.536165413495674],[14.800016250535636,37.53619162709374],[14.799959696661421,37.536279028361946],[14.799822983249904,37.53649030780726],[14.799709006866506,37.53651990705647],[14.799465483455563,37.53656919742896],[14.799272095253851,37.53660817180294],[14.799223473823927,37.53661797072586],[14.799175944254905,37.53662755019454],[14.79894023864256,37.53667606358481],[14.79873347312301,37.53695021385288],[14.798699816410561,37.537010241018095],[14.798723116239525,37.537074656829205],[14.798827893395403,37.5373643347694],[14.798840394347259,37.53739889562647],[14.79911149926044,37.537687101758486],[14.799248749702636,37.537821165464386],[14.799318595519882,37.53788939148761],[14.799376022517551,37.53794548485278],[14.799462413192423,37.53802986726124],[14.799770331772162,37.538317209905436],[14.799801413217674,37.53834621547278],[14.79983124138157,37.53838718123357],[14.800149412564705,37.538824163906135],[14.800219736304404,37.538910716622325],[14.80024204496134,37.53894452295908],[14.800272792102172,37.538977205850195],[14.800322503100693,37.5390395075903],[14.800438937824833,37.539184418336724],[14.800467767765669,37.53922029854876],[14.800582713942283,37.53931797052218],[14.800670514735685,37.53939257500999],[14.80079022115042,37.539447020060784],[14.800821878310261,37.53946141781432],[14.800913770408073,37.539503213621806],[14.800951768805293,37.53952049706073],[14.80129216005372,37.53960948023441],[14.801537698791563,37.53974497021768],[14.801535402596285,37.53978150603607],[14.801608572959005,37.539998928023486],[14.801538982735153,37.54033991023399],[14.801333639286668,37.54050366676349],[14.801267329391763,37.54055654660833],[14.800792047004016,37.54060177109186],[14.800713578504594,37.5406104008475],[14.80023581197201,37.540662944185684],[14.800153345938668,37.54067467094192],[14.79972707130061,37.54073528643358],[14.799595674165891,37.54077190240053],[14.799464118632509,37.54080856203652],[14.799393859998869,37.540828140162816],[14.799241753112426,37.54087052651939],[14.799197015884635,37.54088299215349],[14.799148239947836,37.54089658396637],[14.798794141725352,37.54116789504572],[14.798762138785301,37.54119241642442],[14.798732448812187,37.54125233011757],[14.798666233121866,37.541385952751085],[14.798653635770922,37.541411374953974],[14.798621482971818,37.541476257393],[14.798594325684356,37.54153105842219],[14.798631992960479,37.5418707340063],[14.798638065124278,37.5419231496446],[14.798661417512797,37.541972475984835],[14.79879528397037,37.542255221227585],[14.798897136230998,37.54241094201238],[14.799020588263893,37.54259968142401],[14.799064823014286,37.54262622062601],[14.79924590308197,37.54273486109006],[14.799716176343324,37.5427853333411],[14.79993843777992,37.54280917883329],[14.80028327465841,37.54284510545649],[14.800536811200923,37.54287151844702],[14.80117066412274,37.543027060241066],[14.801195381470773,37.54308452195526],[14.801313299518114,37.54335864516086],[14.801371629273364,37.5434942389493],[14.801381115146832,37.543540354135985],[14.801417742667525,37.543718385930894],[14.8014634608203,37.54394057109923],[14.801473848664044,37.54399104363237],[14.801472987554343,37.54408765797209],[14.801470800054469,37.54433326069524],[14.801458635209686,37.5445859076274],[14.801448545812374,37.54491945841546],[14.801487960617981,37.54508900458465],[14.801521188891341,37.545231939793744],[14.80154940603979,37.545353319959354],[14.801566319729309,37.54542996090619],[14.80166457294845,37.545875197539324],[14.801672716588337,37.545912098123914],[14.80171538963882,37.546322773711296],[14.801721619955272,37.546382738221865],[14.801745686521556,37.54661433704311],[14.801748558254735,37.546641973757204],[14.80176077873918,37.54677061653962],[14.801803338476455,37.547218598831414],[14.801826441820236,37.54746178706995],[14.801821061380089,37.54758350217773],[14.801817328327843,37.54766799061078],[14.80180211834837,37.54801208278656],[14.801795729956336,37.54805915881329],[14.801773695739001,37.548221542781945],[14.801744630980373,37.548435757620574],[14.801637175837346,37.548464833485504],[14.801586774522576,37.54847847150099],[14.801330769231093,37.54854774326529],[14.80124634751786,37.54857058646453],[14.801119485596038,37.548602557576615],[14.800776464985782,37.54868900288027],[14.800680138350707,37.54871327780101],[14.800449629643824,37.54879707619303],[14.800135884823934,37.54891113043052],[14.800020987869681,37.54936012792469],[14.7999312088912,37.549879201423],[14.79991813318684,37.54995479580394],[14.799918999985373,37.55001197954017],[14.799925827330755,37.55046216603435],[14.79992635167184,37.550496739995445],[14.79992541211933,37.55088646777432],[14.799925331501347,37.5509198626262],[14.799901210430667,37.55100583578155],[14.799842341616204,37.551215648483264],[14.799830469776426,37.55125795827991],[14.799795553058317,37.55138240296152],[14.799778711519465,37.55144243089075],[14.799884614929365,37.55175928438929],[14.799894533668446,37.551788956570434],[14.79994446715607,37.55193835570953],[14.80013881121996,37.55211106506387],[14.800202797528977,37.552147164717994],[14.800367824305896,37.552240263046166],[14.800492818278036,37.55231077703923],[14.800747794811981,37.552454618350076],[14.800992413909249,37.55265955194793],[14.80109173601263,37.5527427630049],[14.801256854129576,37.552881092568484],[14.801289876194414,37.55290875780737],[14.801595120961435,37.55349978181517],[14.80165146444208,37.55393357113895],[14.801660246162841,37.5544462297289],[14.801431146016252,37.55491662051827],[14.801047782614468,37.555257328962824],[14.800645422401063,37.55539281786792],[14.800487623503797,37.55541050144121],[14.80026519547892,37.555435427740406],[14.80017160162734,37.55544962186056],[14.799847539636628,37.55549876775011],[14.799815829713216,37.55552302402495],[14.799495347491497,37.555768175433826],[14.799064091953388,37.556129249800236],[14.798907946982304,37.556225885585775],[14.798667324521254,37.55637480293208],[14.79858605680141,37.5564250991073],[14.798552523306974,37.556439262210986],[14.798290464586112,37.55654994729317],[14.797994703351414,37.556536115690534],[14.797830772769867,37.556528449363896],[14.797681190796283,37.5565214503699],[14.797485656070593,37.55642896313862],[14.797340773147612,37.55636043327381],[14.797080056313485,37.55625177165487],[14.796937449330695,37.55626861652555],[14.79663535046172,37.55630430148586],[14.796491834580793,37.55632125360579],[14.796301660858811,37.556439077167084],[14.796267194380107,37.55646043114331],[14.79610608513557,37.556560246922196],[14.795982792685576,37.55663663161185],[14.795758517188197,37.55686066198804],[14.7956390400407,37.556976227393584],[14.795596535278465,37.55702246626921],[14.795344727144945,37.55741968932251],[14.795023688744289,37.55801350553629],[14.794738574156018,37.55828606571895],[14.794666853278393,37.55835369544423],[14.794588277617446,37.55837608342777],[14.794265594530842,37.558462404544436],[14.794097817317123,37.55850728550713],[14.793925558782266,37.558589422667715],[14.793792518743007,37.558652860054245],[14.79375733424741,37.558867083503145],[14.793721268243102,37.55925496558977],[14.793692382295626,37.559327809367474],[14.793574723455325,37.559624510466044],[14.79342785275691,37.55978347333197],[14.793369293808535,37.55984685449307],[14.793330720730598,37.55988860433871],[14.793300270768452,37.55992156011276],[14.79293195322327,37.55988790563348],[14.792804158413965,37.55987622813821],[14.792465107753618,37.5595328582688],[14.792205173987231,37.559298104285546],[14.791958221980329,37.5590925405584],[14.791921836077838,37.55906225310071],[14.791627826824435,37.55912454961743],[14.791492860282993,37.5591531463014],[14.791417177704448,37.559197652879114],[14.791328027642804,37.559250078569505],[14.791050179502596,37.559413472394105],[14.79101324438777,37.5594522603392],[14.790882259640677,37.559589814444266],[14.790708428665704,37.559772361329436],[14.790697312190574,37.55987865624919],[14.79066300460216,37.56020666640938],[14.790707111707171,37.5607018466964],[14.790852303016566,37.561342815652125],[14.790965568681619,37.561583227707],[14.791004623506133,37.56166612340707],[14.791027548914071,37.56171412199823],[14.791051885832884,37.561765079293146],[14.791418921081325,37.562232077295626],[14.791525814389278,37.56237514982399],[14.791551421310665,37.56240299736139],[14.79167086170615,37.56255709316572],[14.791909962869369,37.56282946734597],[14.792015184382253,37.562949160465635],[14.792187425370066,37.56314508714801],[14.792216387033461,37.56317803178023],[14.7923359589982,37.56331404757762],[14.792467346537894,37.563463501725884],[14.792491504189739,37.56349098109788],[14.793073220906829,37.5642760432881],[14.793173460400993,37.56439507675794],[14.793265839151726,37.56450477352544],[14.793559078045723,37.56485298492299],[14.793868306221087,37.565367523202504],[14.794020149952951,37.56562018180366],[14.794349283058569,37.56607204599974],[14.794534222951748,37.566331183525364],[14.794591902865044,37.56641200559434],[14.794662160785293,37.56651045102029],[14.794844225155508,37.566765560911854],[14.795443254281338,37.567366022063496],[14.795511873112655,37.56743480329494],[14.795923705257815,37.567884636631575],[14.796241099959778,37.56823131376667],[14.796285531704134,37.56827599488664],[14.796433485074264,37.5684227384111],[14.79645410892281,37.56844710983859],[14.796594210336462,37.56858214979235],[14.796621824855187,37.568609538000814],[14.796923085177408,37.568908331274365],[14.797001590287273,37.568986191431065],[14.797085635023684,37.56904874302593],[14.797282930569315,37.56919558537799],[14.797318751321786,37.56922224498028],[14.797826847643414,37.569600403326085],[14.798120920874696,37.56976501427228],[14.798924469684854,37.57018992065845],[14.799142983141623,37.57029624497461],[14.799824153713471,37.57062768392054],[14.800020539887461,37.57072324029454],[14.800812002280642,37.5711568069261],[14.800912878201745,37.57124816555045],[14.80099866609562,37.57132585903562],[14.801144878304758,37.57145828011743],[14.80147890786155,37.57176079179014],[14.80179539500502,37.5720812059118],[14.801886552970583,37.572173493837084],[14.802070191803521,37.57235940757152],[14.80268747249207,37.572637307705506],[14.80275267869579,37.57266666321139],[14.802821989974321,37.57269749591375],[14.803196905109541,37.57286427013368],[14.803319618516543,37.572940813647264],[14.803348489886588,37.57295868186214],[14.80341146013324,37.572997659352694],[14.803489160083188,37.57304575802866],[14.803548204740459,37.57308230780083],[14.803866086332851,37.57327908189859],[14.80405034344217,37.573427116005234],[14.80432245039599,37.57364572569373],[14.80444138674248,37.573741279497725],[14.804745802304241,37.57421910945578],[14.80484883655569,37.57440567839886],[14.805049464976072,37.57476896381584],[14.805263302955385,37.575417787134946],[14.80524959698492,37.57622185548815],[14.805529079779378,37.576905691347086],[14.805733168964835,37.577364564232596],[14.805772259604284,37.57745245101961],[14.805854040207526,37.577636325745736],[14.805920393931595,37.577936940171085],[14.80594194625996,37.578034582500074],[14.805949676177065,37.57806960096757],[14.805974757287457,37.57818322352598],[14.806003521752128,37.57831353251617],[14.806261072796918,37.57915146160394],[14.806629762464157,37.57964590240797],[14.80671263579639,37.57975704119178],[14.807220781122206,37.580209043224976],[14.807527537659842,37.58039566841059],[14.80788792741644,37.580614921432826],[14.808532493368086,37.5811479526506],[14.809312904546685,37.58146497583444],[14.810204907414336,37.58185300589572],[14.810461002494616,37.581837530192],[14.810557342785756,37.581831708461],[14.811225846459926,37.58179131023217],[14.811989018572381,37.58174259611455],[14.812395614506935,37.581716640489255],[14.812473023012569,37.58171169859527],[14.812963801786863,37.581750557402415],[14.813145492325699,37.581764941878134],[14.813186881235014,37.581768219242434],[14.813234909903302,37.58177202182833],[14.81340058598082,37.5817851377188],[14.813465090223463,37.58183348796387],[14.813540206064452,37.58188979148879],[14.813722801535665,37.58202665702021],[14.814297145505476,37.5824571496663],[14.814577927523043,37.58266760451879],[14.814609125320986,37.582697775188436],[14.814650293015863,37.58271693552922],[14.814739071130242,37.58275825479905],[14.814858694102705,37.58281392996938],[14.814925967124726,37.582845240112476],[14.815098582577512,37.58292557852085],[14.815369255710864,37.583051554754505],[14.815747913633562,37.58315337916034],[14.815904295434581,37.58319543113055],[14.816457411338552,37.5833468142122],[14.816874269806267,37.583539746288615],[14.817372536010426,37.58388191075402],[14.817412105452219,37.58396322520439],[14.817434582877057,37.58401193668373],[14.817454368607407,37.58405481499862],[14.81749649384802,37.58414610013851],[14.817617197103887,37.58440766521887],[14.817992333698937,37.584866195935746],[14.818579806435942,37.58534572710452],[14.818840470575635,37.58560483320438],[14.818866335879607,37.58563054416967],[14.819088753965755,37.58585163110843],[14.819619010232724,37.58587941269021],[14.819913353866427,37.58570871793474],[14.820085690794029,37.58560877534471],[14.820301443207375,37.585523503856656],[14.82040387579172,37.58548302045868],[14.820465466010251,37.58545867782464],[14.820788605898391,37.58533096285254],[14.820932060664248,37.58535778936776],[14.821511792168756,37.58546619717105],[14.821875275519192,37.58563949016881],[14.82203943930813,37.58588693413204],[14.822192569689342,37.58611774617749],[14.822258344317671,37.58621688831758],[14.82266476223571,37.586469057159015],[14.82361718969376,37.5865974472101],[14.824008844275395,37.58668172504836],[14.824409310334165,37.58676789845139],[14.824500862768955,37.58678759836537],[14.82467134897915,37.58682428412703],[14.82470303368993,37.58682888126584],[14.82560810795453,37.5869601792895],[14.826238257355989,37.58696139728269],[14.826372452707755,37.5869616563933],[14.826526593420272,37.586961953568945],[14.826556882303672,37.586952405833834],[14.826776489408838,37.5868831802969],[14.827003791711363,37.58681152979973],[14.827263474058451,37.58672967016828],[14.827269111447526,37.586760393245655],[14.82728517057385,37.586847904108254],[14.827310078167475,37.58698364367075],[14.827318790772871,37.5870311193701],[14.827324970140031,37.58706479331715],[14.827373147994997,37.58732732313469],[14.827726424213456,37.587586622308216],[14.828054343105233,37.58784717850933],[14.82836042133567,37.58814480152141],[14.828579329729463,37.588382114466974],[14.828613718837381,37.58841939625633],[14.828641051214,37.58844902530909],[14.828783004305574,37.58860291321992],[14.828818736990849,37.58864164872926],[14.828844805302502,37.58866991001754],[14.829002599644987,37.58887721202135],[14.829035071914616,37.588919871686485],[14.828799435759832,37.5889755095949],[14.828716910556931,37.58899548408939],[14.828571789936074,37.58902997606685],[14.828254847967314,37.58913569920946],[14.827800224030986,37.5892887457233],[14.827373570662157,37.589456166587425],[14.827222431152437,37.58963917519299],[14.827132976419147,37.589954899570245],[14.827071753002144,37.590170989253274],[14.827048558749953,37.59024224532171],[14.826953785721944,37.59053335449838],[14.826916127963399,37.59064902074335],[14.826877803550301,37.59076915148519],[14.826804622387304,37.59099853467859],[14.826771351011052,37.59113484747555],[14.826730710466064,37.59130632274384],[14.826699717481072,37.591489474034546],[14.826685245862226,37.59157499125149],[14.82666350565599,37.5917034631337],[14.826594872852167,37.592172700437864],[14.826537913074722,37.59290549484215],[14.82653528946514,37.59293851750236],[14.826539544851206,37.593159294749356],[14.82654137509367,37.593254233832084],[14.826544304632005,37.593406153410214],[14.826548956982208,37.59347634685892],[14.826563990742635,37.593703189240586],[14.826578154170868,37.593916909911464],[14.826587413006793,37.59405662035426],[14.826769631031624,37.59477672116139],[14.827153477127792,37.59534506570054],[14.827373317608105,37.5956244714723],[14.827803260317745,37.59599309802882],[14.828168089253284,37.5964469870753],[14.828419772862382,37.59685308434251],[14.828654308776603,37.59750980833727],[14.828845167350881,37.59819572084483],[14.828836649862199,37.598673392180025],[14.828834390458024,37.59880013384089],[14.828832315921803,37.59891649022211],[14.82881900481015,37.59899236618156],[14.82881052157476,37.59904055796903],[14.828738757090512,37.5994480917893],[14.828729822802028,37.59949993086317],[14.82872310096235,37.599538829443425],[14.82870709460219,37.59962931350606],[14.828688365577143,37.59989899368512],[14.828670868626864,37.60015094180952],[14.828654303507442,37.60035075702476],[14.828641453940032,37.600505759182425],[14.8286168401635,37.6008026898288],[14.828604640455925,37.60094986531585],[14.828590134127023,37.60112484936988],[14.828576181328891,37.60118753290567],[14.82838349335926,37.60205324997666],[14.828325353680796,37.602828009385895],[14.828176798202144,37.603233698235194],[14.828201221367447,37.603630931184526],[14.828206805499642,37.6037217252468],[14.828209622339674,37.603767503617185],[14.828213339101582,37.60382788386219],[14.828216362140454,37.6038770762149],[14.828219879357427,37.6039343292973],[14.828231149024008,37.60411764339546],[14.828197052108333,37.60464268226034],[14.828181292309191,37.60488535191185],[14.82817462710794,37.60500183230131],[14.82817936986222,37.60522790780036],[14.828181406955014,37.60532502751795],[14.82817346722062,37.60540110896624],[14.828184821918812,37.60548444370199],[14.828192680446845,37.605775832386335],[14.828046487327217,37.60646702168875],[14.828032305011948,37.60668264264247],[14.828009900704489,37.60707210270185],[14.828019562605087,37.60713335044514],[14.828090024312184,37.60757993410581],[14.828099739500841,37.607641498753566],[14.828091251929608,37.60775871937683],[14.828059672033893,37.608202297982594],[14.828051500150607,37.60830775590017],[14.828004179048952,37.60855128120666],[14.827937579090472,37.608893994335794],[14.827778458249037,37.609273200194956],[14.82760843837632,37.609517689088534],[14.827576352888215,37.60956382694731],[14.827371645544744,37.609858192868636],[14.826992329421245,37.61040583630138],[14.826334543516957,37.61110904116175],[14.82625785344447,37.61116988813773],[14.82610048185313,37.61129474571398],[14.825744591866783,37.611577098620714],[14.825018144189016,37.61205414401968],[14.824441162366012,37.61219907891633],[14.82427046739506,37.612241956706676],[14.8233403056238,37.61246581039758],[14.82328764842477,37.61248788921071],[14.822818279760932,37.61268468731107],[14.822454488653218,37.61283715170788],[14.82242135908462,37.61285111245262],[14.822320525553623,37.612901271127306],[14.821537098353618,37.61329097039602],[14.820684638429379,37.613866495548784],[14.820558494944812,37.614013895998184],[14.820276394116949,37.61434352577333],[14.819900661853124,37.614983239613366],[14.819773946205142,37.615705126401025],[14.819783558514146,37.61640677305823],[14.819941856581703,37.617056060376775],[14.820245322657021,37.61758113623019],[14.820311420282692,37.61763373781983],[14.82058723663335,37.617853227060394],[14.820777796562703,37.618004869673555],[14.820840854202027,37.61804599943217],[14.820888535364297,37.61807522681347],[14.821570844888162,37.61852213238685],[14.82195464588946,37.618772465945824],[14.822522447615482,37.61910764019455],[14.822678317639117,37.6191996538561],[14.822735480521862,37.61923339693219],[14.823130530810698,37.619529691424134],[14.823435625850907,37.6197568313682],[14.824040373036715,37.62009759984784],[14.824287288352595,37.62023673153339],[14.824424460544941,37.62035679870743],[14.824469462533692,37.62039618770604],[14.824503354192673,37.62042585347308],[14.825143815810357,37.62098644271466],[14.825947187814482,37.62162625350024],[14.826444482965913,37.62217771062843],[14.826630968860288,37.62244557162455],[14.82667078559338,37.62250276161687],[14.826839760062644,37.622745467242474],[14.826856507110811,37.6229436345611],[14.826864373035912,37.623036720859865],[14.826894383260651,37.623391834318035],[14.826917407134998,37.62366427862722],[14.826888020595037,37.62384222533123],[14.826857523975553,37.624026893615586],[14.826698650732125,37.62419307437073],[14.826584736335546,37.624312225391286],[14.826466856521915,37.62443568922492],[14.826350554912477,37.62449535520808],[14.825938000727925,37.624698107090175],[14.825769162361045,37.62478110613156],[14.825739408533085,37.62479929620722],[14.825396496512264,37.62500892884769],[14.825304169051169,37.62506536997944],[14.82497601413784,37.62526597452273],[14.824564148786173,37.62603124872767],[14.824439596525007,37.626663033727525],[14.82446570538926,37.62684101625637],[14.824505285239894,37.62711081210162],[14.824562500992942,37.62750083010535],[14.824564925947747,37.62755071655214],[14.824583641168411,37.62793564470698],[14.824594918728542,37.628167590092524],[14.824694586375427,37.628970535368886],[14.824976793814189,37.62966544087044],[14.825197445159374,37.630006826692956],[14.825350273156987,37.63024327945348],[14.825724737773363,37.630667925553176],[14.825867118915246,37.63171193008185],[14.825717691118069,37.63257673363962],[14.825466483325952,37.63326204364198],[14.825090723837581,37.633883748050636],[14.824659120993822,37.63451500149307],[14.824283921868307,37.635035410706905],[14.823733377095895,37.63586071078818],[14.823584140645838,37.6359901175037],[14.82281770235204,37.63665631057261],[14.82229469332808,37.637087268805665],[14.821614715398159,37.63746525342994],[14.82082079317127,37.637590083633775],[14.819835234846618,37.63762535959519],[14.818872310397074,37.6374074806371],[14.81814649467469,37.63726336161749],[14.817624231023299,37.637173843112116],[14.817240112961493,37.63710793084246],[14.816538248569763,37.637007636414424],[14.81569982005787,37.636979353612034],[14.814905221971078,37.63708616480415],[14.814203221042028,37.6373099165261],[14.813374694364738,37.63764343449515],[14.812693040677855,37.63810920319678],[14.812546826560554,37.63822532274379],[14.812170832566148,37.638524335687826],[14.811648375815976,37.639090258639705],[14.811046108982625,37.639684884065986],[14.81075329599457,37.639958419828915],[14.810722335791342,37.639987338375576],[14.810420372548053,37.64026940098937],[14.81034086006478,37.64041382194804],[14.81020846644071,37.640654295122374],[14.810192388810409,37.64068349796592],[14.810139828401024,37.64087383658765],[14.810094576695606,37.6410377056196],[14.810013823927036,37.64133014340511],[14.80991833032515,37.64167595397167],[14.8099015779285,37.64178577025387],[14.809862481772583,37.64204206201005],[14.809837389351658,37.642206555999934],[14.809835589733492,37.64309780529511],[14.809697395292572,37.64375987920363],[14.809681928865412,37.64381002116335],[14.8094345951015,37.6446118727815],[14.809082062448331,37.64531567478561],[14.808468289517135,37.645809573781456],[14.807572321528395,37.64617791027189],[14.806743496134343,37.64646413234699],[14.805451442231456,37.64637266192969],[14.80478352809156,37.646218855735015],[14.803865890709003,37.64582984281258],[14.802834908295155,37.64552067434965],[14.802678001765392,37.645516163772434],[14.802422089192214,37.645508803258494],[14.80182652440412,37.64549167144765],[14.801692014121421,37.64548029053834],[14.800852175813295,37.64540922886467],[14.800652108741893,37.645383850248926],[14.80038757122664,37.64535807743615],[14.800053315426885,37.64530788860277],[14.799638757034186,37.64525529680353],[14.799038610046308,37.645280402919944],[14.798369905232658,37.64527963071871],[14.79766644149872,37.64539534677658],[14.797313689988643,37.64597983175476],[14.797198027086893,37.646692180731456],[14.79717441447942,37.64726043550321],[14.797125802835541,37.648088736458966],[14.796682522995036,37.64858318491762],[14.795967613170387,37.649169779455214],[14.79517253298922,37.64976257048721],[14.79458138339169,37.65021255334915],[14.794013485504603,37.6506973718974],[14.793434340128568,37.6511287264516],[14.793172246216464,37.65147921369146],[14.792693789603842,37.652146260771225],[14.792549178158506,37.65247105073427],[14.792518998633101,37.652538682417386],[14.792420726221156,37.652758476652714],[14.792454219274376,37.653074563952224],[14.79246077589209,37.653152785462346],[14.792467786942689,37.653180172536054],[14.792498156058079,37.65345229537149],[14.79265685845748,37.65386199553152],[14.792869231468043,37.65433642239531],[14.793151334277121,37.654914371131674],[14.793636425607945,37.65556333811771],[14.793792813001378,37.655901484163266],[14.793813251464341,37.65594567811257],[14.79384704706834,37.65601872679923],[14.79386537584771,37.65605839962803],[14.793986465721115,37.65632249139029],[14.794244224770623,37.657103392292875],[14.794269458304342,37.65717983970598],[14.794301491992933,37.65727688723721],[14.79448168035717,37.65752723547012],[14.794515784743655,37.65757461920125],[14.794551315601357,37.65762201452391],[14.79471334701631,37.65783814972581],[14.7947376081905,37.657870512223674],[14.794757810347429,37.657897475729825],[14.794922530932224,37.65811718044907],[14.794967962027123,37.658275681877214],[14.795095174127098,37.658719487660385],[14.795157883456474,37.658938217473874],[14.79515331970471,37.65903943540422],[14.795147563117395,37.65916699444806],[14.795136898655928,37.65940355326804],[14.795122631192406,37.65972085326507],[14.79491715255421,37.6602800999327],[14.794291192598779,37.66076553590569],[14.793530329916946,37.66107945445039],[14.792815019449115,37.66158317262441],[14.792121703854185,37.662375731543335],[14.792065163201672,37.662635243129614],[14.792002802799086,37.66291611449855],[14.791937193690137,37.663222610009115],[14.79179935184182,37.66424146063666],[14.791841374416915,37.66497075994719],[14.791771385929232,37.66606116000702],[14.792075392708393,37.66695535897303],[14.792073973805305,37.66722771947186],[14.792140610817468,37.66777353507193],[14.792467290692334,37.66845956758877],[14.792658948145204,37.66892046486477],[14.79272593240218,37.669488771644794],[14.792588969000791,37.6700648804588],[14.792473960114322,37.67076818098999],[14.792365399023682,37.67100142389897],[14.792221778831578,37.671309991586234],[14.792210244328723,37.671334774625535],[14.792170046394368,37.67146598607922],[14.792038744427513,37.67189457335461],[14.792033839237336,37.67192278163455],[14.791987419321718,37.672189765760876],[14.791946391802117,37.672425729758686],[14.791853991962041,37.673055888581864],[14.791931525582044,37.67364167054053],[14.792122307682085,37.67438166779586],[14.792222473300235,37.67487633130206],[14.792276258632333,37.675125784990044],[14.792379971036768,37.67560670430598],[14.792617641504842,37.676094572005894],[14.793067655110692,37.6766822545692],[14.793530966756945,37.67719502086859],[14.794040993665144,37.677354438539346],[14.794364440036118,37.6770647296577],[14.794518819273216,37.67691903253567],[14.7952450356288,37.677009252085604],[14.795264968981453,37.67706629701363],[14.795469233758899,37.67765081022707],[14.795427695346214,37.677825551810685],[14.79538455733018,37.67800702272606],[14.79537617006629,37.67804230442684],[14.79533470392267,37.67821674267143],[14.795329291876634,37.67825379413586],[14.795300428161534,37.67851300486202],[14.795240467633715,37.67897307477453],[14.795212395494946,37.67907298090218],[14.795113739972564,37.67937189620406],[14.79517989253832,37.67990198887875],[14.795191561452265,37.68011439503435],[14.795201716119639,37.680299245981395],[14.795137533299656,37.68047607894655],[14.795126069026129,37.68050766772622],[14.795110236494683,37.68055128844159],[14.795315242394185,37.6806818886936],[14.795387233926055,37.68072775291974],[14.795608610321105,37.68086878135217],[14.79592699049496,37.68103463961353],[14.79623212412064,37.68119359689146],[14.796672355586606,37.681437427863266],[14.796948970930499,37.68157586511542],[14.797216774182521,37.68170989161293],[14.797576781329507,37.68183674886405],[14.797931118054166,37.68194497840781],[14.798701219767253,37.68218125876024],[14.799120181201818,37.68232486390082],[14.799856344013875,37.68274086723737],[14.800331993733659,37.68304819724631],[14.800624938727433,37.68353558569193],[14.800959371644602,37.684062829305034],[14.801031863425422,37.68417712660523],[14.80112964177108,37.68435670993429],[14.801173261637729,37.68443682333654],[14.80121970403846,37.68452212279918],[14.801359995499872,37.684779784597914],[14.801472337618355,37.684959733395566],[14.801586463147444,37.68514253668382],[14.801744926780838,37.685396358234115],[14.801800229870787,37.685484939510935],[14.801844555902617,37.68556206880224],[14.801954199505117,37.68575302071407],[14.801998404318674,37.68582998578863],[14.802118601698151,37.68603926243881],[14.80214852323602,37.68609135789508],[14.802172264402573,37.68613269628789],[14.802351653113652,37.68665706294594],[14.8023611898803,37.68672501123535],[14.802451629284164,37.68741512802385],[14.802427140012552,37.68813420821508],[14.802243613014372,37.68888366892831],[14.802072555806474,37.68969325814336],[14.801932912521613,37.690460775249214],[14.80189738573751,37.69116273193613],[14.80183232933695,37.691242990068524],[14.801715085373857,37.691396170974926],[14.80168407925205,37.69142609660703],[14.801612354936788,37.69142299508665],[14.80156973729667,37.69142115263714],[14.801152753782846,37.69140312325235],[14.800967357068497,37.69139510679996],[14.800582469781192,37.69135324965693],[14.800276029697143,37.69131992380014],[14.800127623636808,37.691303784519796],[14.800010881250936,37.6912866908669],[14.799437953999565,37.691202801315406],[14.799226674914252,37.69121014967474],[14.798664811977266,37.69122968895732],[14.798074252672112,37.69140961053576],[14.79777945845369,37.69172345203648],[14.797691348574226,37.69217719734602],[14.797663852388007,37.6923187734194],[14.797855430818398,37.692786410671246],[14.797911805806612,37.69356226435402],[14.798068189528662,37.69394161861823],[14.798049500280893,37.694191000375596],[14.798033906055426,37.69440013763702],[14.798257525921004,37.6950327381621],[14.79829066274968,37.695098122686474],[14.79861913731769,37.695746262585615],[14.798698732357552,37.69612700936554],[14.798705770302474,37.696160676820185],[14.798724586136716,37.696250683571904],[14.798729961346359,37.69627639635044],[14.798824741502,37.69631873354071],[14.798876783573974,37.69634198058661],[14.799187911946621,37.69648095791571],[14.799297067524364,37.69652971644712],[14.79988870908573,37.69658732032934],[14.8005001803643,37.69681240282522],[14.80060057395927,37.697045982409335],[14.800591394877872,37.69720834269126],[14.800577099093116,37.697461217339914],[14.800533466044072,37.69756373369568],[14.80045089047227,37.697757748114675],[14.800365274428485,37.6978194670036],[14.800189481965244,37.69794619297339],[14.799439511216187,37.69838827121438],[14.799297298209611,37.69848475023379],[14.799055433927537,37.69864883639064],[14.798914902728901,37.69874417608189],[14.798885587046009,37.69876406540738],[14.79879200318386,37.698827552766836],[14.798530497091766,37.69918702415016],[14.79853822302441,37.69956967442091],[14.798538940538204,37.69960519214518],[14.798539621079902,37.6996389032515],[14.798662467431386,37.69976111480543],[14.798902691753002,37.69999905965947],[14.79909336720436,37.700151709589306],[14.799389888204384,37.70038909225709],[14.799505120936013,37.70059639087956],[14.79953631442707,37.70065247036729],[14.79959161670758,37.700752056129495],[14.799705422171508,37.700956370681475],[14.799499904119704,37.7014886024966],[14.799185247854275,37.701800702330885],[14.798919657973046,37.7020640888032],[14.798260490460896,37.70251283132432],[14.798158653840053,37.7026385465774],[14.798126658855228,37.70267804136174],[14.79807415730752,37.70274298939771],[14.798052292359209,37.702770037267975],[14.79799862527383,37.70283642544551],[14.798269077644234,37.70327990827838],[14.798630717635707,37.70370314661817],[14.798675205383102,37.70395524940494],[14.798615441954725,37.704111964753395],[14.798580020900886,37.70420484321345],[14.798447792976507,37.704551573145274],[14.798348782356491,37.70490961102064],[14.798254360432152,37.70525104921657],[14.798231382980953,37.70533413904449],[14.798120367655313,37.70561145855034],[14.797989675098737,37.70593793323146],[14.797962664167391,37.70611041545182],[14.797898046441984,37.70652305813691],[14.797840678101055,37.70690953342168]]]}}]}
