{"type":"FeatureCollection","metadata":{"code":"086001","referenceDate":"2026-01-01","sourceDbfExportDate":"2026-02-18","upstreamArchiveUrl":"https://www.istat.it/storage/cartografia/confini_amministrativi/non_generalizzati/2026/Limiti01012026.zip","sourceManifestSha256":"70ac8256c4785dc6ed2814c32b6965ae76f9161b51abaa1660059e1c6cbd8ca6","license":"https://creativecommons.org/licenses/by/4.0/","attribution":"Istat, Confini delle unità amministrative a fini statistici al 1° gennaio 2026, versione non generalizzata.","modifications":["Converted from WGS 84 / UTM zone 32N (EPSG:32632) to RFC 7946 WGS 84 geographic coordinates.","Converted from shapefile to per-municipality GeoJSON without geometry simplification."]},"features":[{"type":"Feature","id":"086001","properties":{"code":"086001","name":"Agira","alternativeName":null,"regionCode":"19","regionName":"Sicilia","territorialUnitCode":"086","territorialUnitName":"Enna"},"geometry":{"type":"Polygon","coordinates":[[[14.496982015214204,37.68601058284314],[14.496941740441745,37.68609220800593],[14.49671439262761,37.68655297787775],[14.49664894934208,37.68668561691422],[14.496638130270506,37.68674165249592],[14.496586498738827,37.68700909857108],[14.49649736264709,37.68747080752469],[14.496492945526136,37.68791375311354],[14.496491617377513,37.6881086609144],[14.496521804898995,37.68836254509867],[14.496550476437182,37.68860366023957],[14.49656667561259,37.68873985286106],[14.496293674178245,37.689683850760694],[14.496154058554705,37.689832644134746],[14.495979480365,37.69001869532688],[14.495833257762667,37.69019529922655],[14.495766861012031,37.69027549028331],[14.495533611924708,37.690557198711396],[14.495460227163722,37.69066287842704],[14.495329570660575,37.6908510358676],[14.495251350156128,37.69096368106899],[14.495136010681408,37.69112977921992],[14.495040929700421,37.69126670361951],[14.494759389056021,37.69127065206067],[14.494707666816447,37.6912713778575],[14.494141794665037,37.69127931735343],[14.494008898849097,37.69128118681291],[14.493569049896493,37.691203265896384],[14.492995984917062,37.691105141556285],[14.49278286994317,37.691068099330266],[14.492671870513195,37.69104880743701],[14.49236415674676,37.69091959570819],[14.491586662677204,37.690593111387805],[14.49054645796804,37.69009477740554],[14.490259391500206,37.689937856078046],[14.49006969534996,37.68983416044438],[14.489983272784876,37.68978691476589],[14.489948375494297,37.689672586983406],[14.489840316787673,37.68931857916372],[14.489792094541396,37.68916059636017],[14.489715354311484,37.688909184208676],[14.48967212966901,37.688855800497805],[14.489084970580782,37.688130618145145],[14.488910635035705,37.68798836853334],[14.48856380212442,37.68770536716158],[14.488385734848372,37.68756006967449],[14.48765211101732,37.6870608916605],[14.486962108804736,37.686816253269974],[14.48624927721467,37.68655018128083],[14.485501035101294,37.68646580366409],[14.484888912616512,37.686498880039935],[14.4840203437668,37.686087856951595],[14.48392777614205,37.68604405048763],[14.483526174420456,37.68584621404696],[14.48346801826424,37.685818553294894],[14.482842556431681,37.68550949215644],[14.482543089912694,37.6851220939841],[14.482449589734179,37.68500113952541],[14.481490234201264,37.68453798336761],[14.481456821429193,37.684519031567376],[14.480639663072349,37.684336045924304],[14.480421495580677,37.684257126176774],[14.479779833670676,37.68402501194165],[14.479101911585524,37.683626708629795],[14.478402855585399,37.683038093060524],[14.478371204512918,37.68300230915768],[14.478285129862426,37.68290499252098],[14.47807603538825,37.682679806644586],[14.478020909639346,37.6826118819946],[14.477513821075286,37.682032925323455],[14.47610362225201,37.68103627923039],[14.47498772605005,37.680582086044744],[14.474848229569695,37.68052530705422],[14.473650785553177,37.679887848524324],[14.472918179844664,37.67921747567352],[14.473069641430058,37.67868824428825],[14.473536414666464,37.67836492641967],[14.473935932318252,37.67806048321921],[14.474029299334328,37.677646500631134],[14.474035728052453,37.676734666405174],[14.474175500956978,37.6762487548283],[14.47424317643706,37.676072151149334],[14.474406461509108,37.67564605066796],[14.474207538273092,37.67489683115029],[14.47421240185527,37.674213398517324],[14.474214395502992,37.67393317934427],[14.474001886899448,37.67336463754267],[14.473836817227395,37.67313238400638],[14.473610144373955,37.672813455257064],[14.473056852529785,37.67241381056087],[14.472788967524712,37.67189062033184],[14.472779921507762,37.67180659889575],[14.472753251608133,37.67155887292874],[14.472723871056603,37.67128595405327],[14.472739757004863,37.67105826509268],[14.472757805963038,37.67079958986869],[14.472762787347087,37.67072820124237],[14.472665153309707,37.67011380182792],[14.472597534260458,37.669989700873444],[14.472418769275011,37.66966160917992],[14.47185580807376,37.6690823609434],[14.471156978357325,37.66849368521029],[14.470605072722721,37.66796793923405],[14.470314436399711,37.667308493529696],[14.4702321249006,37.66704095116311],[14.470147861390235,37.666767067792954],[14.470074833371667,37.66660644497953],[14.469836206845418,37.666081586684356],[14.469614582247155,37.66534014266569],[14.469561666612291,37.665120466097626],[14.469539609089813,37.66502889545558],[14.469449451986105,37.6646546096728],[14.469255904334412,37.66421503163601],[14.469235757470758,37.66416809257977],[14.46915949987946,37.664004126091946],[14.468911935611265,37.6633523662674],[14.46884779738194,37.663183410031905],[14.468842165947983,37.6631540538987],[14.46882232550617,37.66305060405906],[14.468749235954945,37.66266950440865],[14.468732449641626,37.6625241395534],[14.468687128373213,37.66234563014301],[14.468675281486894,37.66228383988055],[14.468455713805838,37.661493218355965],[14.468385783075018,37.661242445487744],[14.468320548027254,37.66120250768397],[14.468252195059732,37.661159410726476],[14.467763940346023,37.6608617428218],[14.467187812806051,37.660958921237714],[14.467027060393654,37.66098603550637],[14.466655961787112,37.660559889417875],[14.466486433604995,37.65987983929257],[14.466457466005068,37.65975659155141],[14.466231793048644,37.65916102757756],[14.466360511329398,37.65888107069345],[14.466228478742362,37.65868143081162],[14.466198736857107,37.658636458614765],[14.466145403448367,37.658555814715136],[14.465985151548322,37.658313484008374],[14.46577925321,37.65800212477172],[14.465733789305206,37.65793337518712],[14.465823636666446,37.65778113602171],[14.466223109845009,37.657104262478605],[14.466456286333726,37.65670915907003],[14.466633573616342,37.65660558277516],[14.467069539253142,37.656350881327775],[14.467214086215275,37.65626643156656],[14.467633903279534,37.65601884307053],[14.46766668066112,37.65599890715514],[14.467757788938258,37.65594878032341],[14.46792541600809,37.655850845135824],[14.46796680534188,37.6558200283494],[14.468441387711698,37.65546665530792],[14.468485692399858,37.6554336663138],[14.468586342879526,37.65535872137658],[14.468612628028362,37.655311143624495],[14.468711409483774,37.65513233969516],[14.468759633354805,37.65504504959791],[14.469122302146951,37.654388579834595],[14.469274658443544,37.65411279499525],[14.469321444199858,37.654028106826736],[14.469968105522723,37.653519879490716],[14.469992931551609,37.653500367718706],[14.470398002333456,37.65318200553799],[14.470516415982967,37.65308893631165],[14.471789119815378,37.6529297597693],[14.472761745898746,37.65277152551601],[14.472913544025353,37.65274644119186],[14.473585423976434,37.65219119711736],[14.474411007918818,37.65086085981708],[14.47468279152601,37.65062088632593],[14.474792977203427,37.65052333806223],[14.47508906781923,37.650261205757985],[14.475131973858474,37.650223219871684],[14.475163129457073,37.65019563744869],[14.475598025583404,37.65005666295693],[14.475757034952503,37.65000584924013],[14.476243126511637,37.64985051259342],[14.476699859164182,37.64904329365186],[14.476898159883753,37.64869281472985],[14.476920632363422,37.64865309511467],[14.476950766017252,37.648593025855924],[14.47696330673854,37.64856802582752],[14.47710454911946,37.648285140280976],[14.477898644464437,37.646703426975904],[14.478458443553574,37.64584908346353],[14.478557741985714,37.64579113086462],[14.478631844396588,37.6457478824044],[14.479157088956136,37.64544133929281],[14.479322579731145,37.64534475425775],[14.479376391243063,37.6452848273825],[14.479819383263784,37.64472584993249],[14.47995790542563,37.644551056967536],[14.480238164482508,37.64419741443523],[14.481180834441648,37.6438820590046],[14.48127332290704,37.64385111712942],[14.48131640090226,37.64383670617307],[14.481488827466695,37.64377902174202],[14.481521488052422,37.64377455020965],[14.481936952075339,37.643717665780585],[14.482891897662263,37.64358690526939],[14.482957102043475,37.64357798036925],[14.483000797593869,37.6435711231894],[14.483832129775907,37.6424116411116],[14.484170186764558,37.6418474876532],[14.484296413802815,37.641636838350564],[14.48432831329035,37.641583601168996],[14.484360752193762,37.641529465543314],[14.484739812859512,37.64088506062481],[14.484777358079471,37.64082123370757],[14.485071926665551,37.64032346615965],[14.485185690129176,37.64012705292625],[14.485199127582035,37.64006739766532],[14.485595084398886,37.638309640616995],[14.485396743873888,37.63777224468611],[14.48532804795683,37.63758611143009],[14.484623523369903,37.63617850730473],[14.484431612349379,37.635989430921704],[14.48436741509846,37.635926180687115],[14.483991154135161,37.635555469764064],[14.483863624394434,37.63542981969647],[14.483759555813904,37.635327445727775],[14.483711793863009,37.63528022563237],[14.482751150762665,37.63490862643931],[14.482778598348448,37.63457745688959],[14.482788604375454,37.63445673824309],[14.482837563522303,37.633844513399076],[14.482862770536297,37.63382031611305],[14.483121720554443,37.633571740925596],[14.483258430627611,37.633440506359115],[14.483557151171722,37.6331537494868],[14.48434258283612,37.6323936815095],[14.48439215567782,37.632345710889034],[14.484436260140816,37.63230302965709],[14.484754477806009,37.63199508272963],[14.484941792666904,37.63137172015114],[14.484995929339194,37.63119156615159],[14.48503756131448,37.63105338800485],[14.485244218644704,37.63037039433028],[14.485443364669209,37.62991963639979],[14.485587682414144,37.62959297283034],[14.485707618703945,37.62934447791059],[14.486050929876999,37.628633160135394],[14.486104442717973,37.62852228356065],[14.486353808954325,37.62821765662024],[14.486572099604077,37.62795099091028],[14.487052640386446,37.62736394910604],[14.487920148178121,37.62657963357269],[14.487942558228186,37.626559373137965],[14.488044835690117,37.626466903163994],[14.488165505021895,37.62632601711613],[14.488275831310991,37.62619720748226],[14.488298878324446,37.626170300122865],[14.488821919058312,37.625559623207245],[14.489156255730856,37.62474050146268],[14.489201808151943,37.6241724868449],[14.489209760972361,37.62407332495913],[14.489243581029617,37.62365159879167],[14.490052483066638,37.62289811124925],[14.490123796203086,37.62283448424771],[14.49081643996,37.622216502528886],[14.490844519650791,37.62206526823745],[14.491021688163736,37.62111101617116],[14.491032770282729,37.62105135518188],[14.491040701613679,37.6210086658976],[14.490990474061876,37.620126474666485],[14.490948779790186,37.619701456085295],[14.490873522507579,37.61893456378318],[14.49085237043788,37.617919973419],[14.49084850067266,37.617734319592536],[14.49084826560185,37.61768412134075],[14.490860183148987,37.61755867133862],[14.49086533337116,37.61750445581368],[14.490891798455916,37.617225873349845],[14.490901728596091,37.6171213371363],[14.490911874285164,37.61705143765637],[14.490916019786795,37.61697091301059],[14.490934797186823,37.61677325999939],[14.49090921227113,37.61660212318889],[14.49086894877474,37.61633279343031],[14.49084540773311,37.61615495936587],[14.490775557625954,37.61570807674629],[14.49077140463437,37.61568029673863],[14.490772616376425,37.615611856782714],[14.490775196737077,37.61546607107316],[14.490781637431272,37.61525729549134],[14.490780967123921,37.615140015263435],[14.490784430175756,37.61494429693187],[14.49078783034872,37.61475223671627],[14.490808812400237,37.61461919194245],[14.4908506112346,37.61435414723865],[14.490907479726168,37.613993547223956],[14.490932116143487,37.613837320442315],[14.490954104857298,37.613697888823836],[14.49094545406162,37.61344943597433],[14.490931628119684,37.61305231114205],[14.490929807728111,37.613000024381805],[14.490919784268359,37.612740871711004],[14.490916161980095,37.61260806780265],[14.490821516401901,37.61166042924426],[14.490761103718192,37.61138981150969],[14.490720787103434,37.61120921133594],[14.49071425547221,37.61117995421534],[14.490668362168496,37.61097437102206],[14.49020730101243,37.61060451601823],[14.489732390314472,37.6102235456849],[14.48926033475477,37.609694834538224],[14.488776682056676,37.60915628104512],[14.488753378332985,37.609116160980335],[14.488569012672443,37.608798748352214],[14.48852735828566,37.60872703419427],[14.488415678402276,37.60853475876946],[14.48838972968031,37.60849008409111],[14.488218524613481,37.60819532581999],[14.48802572607483,37.60786338321915],[14.487485769047346,37.60731238637054],[14.487407444017595,37.607225167625415],[14.487187200847075,37.60697991601433],[14.486777704595507,37.60652391216829],[14.486350038809494,37.60614321990693],[14.486340596089994,37.60597085983769],[14.486326024618702,37.60570489060386],[14.486307935046765,37.6053747135799],[14.486298750733097,37.605207068887154],[14.486264492452339,37.60511510702877],[14.486222803279757,37.60500319545594],[14.486101154847717,37.60467664173532],[14.486017006521337,37.60445075123958],[14.485932019388366,37.604222605830735],[14.485658647236926,37.60401610091345],[14.485548533806652,37.60393292058058],[14.48528627397952,37.60373480683043],[14.485191621296826,37.60366330507559],[14.4852262961498,37.60323545819423],[14.485233840841824,37.60315088492616],[14.485247938810412,37.602992829407484],[14.48526234359575,37.60283136547922],[14.485181688778363,37.60268743791143],[14.485110940454767,37.602561184854835],[14.485049906044146,37.602452266895114],[14.48459860245158,37.60244326413561],[14.484388189235577,37.60243906641811],[14.484186348791352,37.60243503771974],[14.48382735374512,37.60242787383359],[14.483768222475884,37.60242460054409],[14.483623880914108,37.60241661255729],[14.483309259553435,37.60239920069986],[14.483029972791275,37.60238374253598],[14.482576020088482,37.602359055218976],[14.481323366511967,37.60232623156848],[14.480594230642367,37.60208447740391],[14.480305583580625,37.601988770519895],[14.479943060846686,37.60158536430546],[14.479747307869653,37.6013675320802],[14.4796878345306,37.601301350977366],[14.479540688418533,37.60113760681662],[14.479180178211362,37.60099227660107],[14.479072375319896,37.600948819366096],[14.478993662704566,37.60091708780693],[14.478944989713938,37.60089746721878],[14.478749900052176,37.60081882041338],[14.478691644507002,37.60077069960706],[14.478549417614428,37.60065322081466],[14.477950279213594,37.600158323545685],[14.477096827616874,37.59947179614374],[14.4770272199056,37.599415803106595],[14.476469472876056,37.59937100892056],[14.47603757873578,37.59933632077002],[14.475838468754198,37.59932032937492],[14.475800410727663,37.59930056182608],[14.475683340342362,37.599239754446],[14.474856159889823,37.5988101004972],[14.473834085182002,37.59892231774812],[14.473395917931686,37.598853536358085],[14.473295240355432,37.5988371120835],[14.473206182497094,37.598822583428095],[14.47309546801765,37.59878782763067],[14.473061333411458,37.59877627643952],[14.472353902624606,37.5985371936543],[14.471787626681731,37.598617492696796],[14.471764561139798,37.598588847371076],[14.47171192586638,37.59852348098994],[14.470972261753328,37.59760490797019],[14.470496641794746,37.59701423118915],[14.46854801355479,37.59694269587797],[14.46849938069432,37.5968392212837],[14.468485840959673,37.596802270225865],[14.468470392440604,37.5967601096116],[14.468049589902163,37.59561168651014],[14.468021737999134,37.59553567833996],[14.46798241945986,37.595428371107175],[14.467895963949097,37.59519241547209],[14.467896629946218,37.59492400060207],[14.467906012505358,37.59428138333874],[14.467909248917886,37.59405990320169],[14.467914299084514,37.59371410458765],[14.46791519922895,37.59365252455496],[14.467843793333017,37.59241551011277],[14.467681214656679,37.591805217421225],[14.46748074223725,37.59105266407563],[14.4674013005118,37.59041508574562],[14.467321221210945,37.589772367411015],[14.467308711945863,37.58967196102896],[14.467275798006943,37.589514790720095],[14.467072866028877,37.58854572212161],[14.467062937450098,37.58849830721858],[14.46704638114266,37.58841924586815],[14.467062354662836,37.58739000420153],[14.467067494904734,37.58705881136927],[14.467086936530695,37.586756749561665],[14.467089590509792,37.58671552664931],[14.46709283192972,37.58666516270463],[14.467123295394412,37.58619202243192],[14.467141555054537,37.585908423979475],[14.467143364923611,37.58588029193784],[14.467143061116436,37.58580245167641],[14.467142745240643,37.585748612183174],[14.467140970231604,37.5854447163245],[14.467138546636612,37.585029854361025],[14.467732330995187,37.58462757631852],[14.468272947797022,37.58426131119807],[14.468531969941115,37.58408582359992],[14.468695321960377,37.58397515187574],[14.468829219563995,37.58388443543381],[14.468652170414941,37.583839112382165],[14.468144654647972,37.583709188288005],[14.468091857554324,37.583695190363436],[14.467953857331409,37.583658601504624],[14.467739636008899,37.58360180310737],[14.467319606081135,37.58349043593157],[14.467285131625047,37.58348129608683],[14.467206930897655,37.583420526165625],[14.466911912163512,37.58319126853853],[14.466750646235267,37.58306594683594],[14.466653806118957,37.58299069135921],[14.466612483174355,37.58262221824426],[14.466562264715355,37.58217440427952],[14.466547593574603,37.582043577962104],[14.466556018817307,37.581769309732856],[14.466567426286996,37.5813979459952],[14.466577227524178,37.581078887812794],[14.466576445708087,37.58094063434606],[14.466575782063192,37.58082333438924],[14.466574397652884,37.58057823692139],[14.466573052039822,37.580340160895716],[14.466572446083378,37.58023282368598],[14.466599884892693,37.58011319649481],[14.466712811546596,37.5796208531021],[14.46678528772221,37.57929387426176],[14.466806416553252,37.57919854757176],[14.46690032528436,37.578774872035574],[14.467356140507377,37.578290054037815],[14.467398481397161,37.57826882867533],[14.467429631015703,37.578253214416726],[14.467778959563006,37.57807810175172],[14.467855982554612,37.578039490718496],[14.467996094831186,37.57747255751119],[14.468119325066137,37.57689825637056],[14.468160489353131,37.57670641643883],[14.468810593584285,37.57596947783424],[14.469113002012824,37.57589731515579],[14.469223231211247,37.575871011294716],[14.469289968129075,37.57585508601544],[14.46954846980861,37.57579339939036],[14.469857638771039,37.575362644654334],[14.470405460724145,37.57471596848876],[14.471021777175041,37.57406837385004],[14.471714866639358,37.573658025196494],[14.471786717844358,37.57362694374348],[14.471883354901586,37.573585142390705],[14.471996526487443,37.57353618637728],[14.47282830916284,37.57317637087817],[14.47347871785059,37.57279252385209],[14.473544520279338,37.572753689316265],[14.47371376045863,37.57241663417659],[14.473796783338393,37.57225128639569],[14.473801474569449,37.57168159099921],[14.473804130350247,37.571359650550384],[14.473860595938907,37.57104122503819],[14.473909602801575,37.57077406006855],[14.473893447543196,37.57063722700453],[14.47387136061811,37.57045019100504],[14.473849120897679,37.570261795451295],[14.473824834497394,37.57005610222006],[14.473819000393627,37.57000668880908],[14.47380265640784,37.56987079090451],[14.47368040325699,37.56954082211372],[14.473652923315937,37.56946665244636],[14.473609635405202,37.56934981277412],[14.473565102294371,37.5692418016954],[14.473760160045732,37.56924617428916],[14.473827162642188,37.56924767575059],[14.47401838975236,37.56925195958067],[14.474471106036853,37.56926210175558],[14.474509112394408,37.56926295288963],[14.475066430989013,37.5689489348692],[14.475163439490839,37.568555450348],[14.47519497514372,37.56842754013171],[14.474914205514589,37.5680309657124],[14.474468208366122,37.56765835959089],[14.474337996048085,37.56754984510966],[14.47426055751729,37.5674851845244],[14.474089897951405,37.56713049729809],[14.474014210484112,37.56697319454872],[14.473939042324531,37.5668169677518],[14.473926897147944,37.566791725560186],[14.473979690311925,37.56656837850995],[14.47412485092538,37.56595424927875],[14.474172321102873,37.56579613235197],[14.474184225111918,37.56575648775961],[14.47419921397539,37.56570552609165],[14.474226460923852,37.565612887591804],[14.474281594879788,37.565425439000805],[14.474838843820262,37.565131670264776],[14.474877282162966,37.565109793943364],[14.475207190785614,37.56493632199723],[14.47525378737397,37.564911818906914],[14.475429069584527,37.56481963379208],[14.475559812175565,37.56475087193266],[14.476326365532433,37.56458449509361],[14.476780128250473,37.56448600560025],[14.476853971717473,37.56447177315683],[14.476969548240387,37.56449950167798],[14.478085043370267,37.56475490851947],[14.478330157759334,37.56483528873783],[14.47860806700875,37.564926584005704],[14.478750950828584,37.5649817365719],[14.478734835309178,37.56524284969221],[14.47872963531176,37.56532716140576],[14.47872595543832,37.565386794563125],[14.477753203512373,37.56592562063543],[14.477595468206347,37.566146657835276],[14.477336680357213,37.566509297621046],[14.477138536296797,37.56721849570452],[14.4773277509047,37.56786014566215],[14.477365852267535,37.56792615854293],[14.477477487396257,37.568119575844904],[14.477501614619088,37.56816137822546],[14.477544944288724,37.568236448679706],[14.477573179958792,37.56828537024509],[14.478218642420261,37.56829583564214],[14.478325201227834,37.56821920046023],[14.478731896675784,37.56792671542823],[14.478815444479732,37.567866628878036],[14.479038447230309,37.56770624944911],[14.479057682435036,37.56763880321886],[14.479179732566756,37.567210824069726],[14.479186262254165,37.56718267213449],[14.479265407680675,37.566910395116736],[14.479272516836636,37.566885466270385],[14.47930142002667,37.56678411222988],[14.479317878611688,37.56672640049189],[14.479398168584796,37.56644485109908],[14.479452153718853,37.56627000407001],[14.479485352397656,37.56616248105899],[14.479595897292045,37.56580444646075],[14.47965339727301,37.5656182144409],[14.479721774536522,37.56560543744843],[14.480322234337235,37.565494791583035],[14.48039467356573,37.56549635403874],[14.480908990403028,37.565505680597745],[14.481477184441912,37.56528735170336],[14.48143984215331,37.564830493949785],[14.481417100939815,37.564802683277435],[14.481011347763095,37.56439360208306],[14.48097076110385,37.56434949511665],[14.480896807076729,37.56427413248498],[14.480840332343067,37.564217096138414],[14.480812294855399,37.564183494581215],[14.480436374041595,37.56369113381355],[14.48039678165261,37.562979511973914],[14.480702088094048,37.56275846203181],[14.480866444058684,37.56263969070836],[14.480920729615743,37.56260046770452],[14.481238965806515,37.56237075762368],[14.481488570159707,37.5623118617641],[14.482213275420387,37.56214092684902],[14.482345644004536,37.562158184400104],[14.48245390765373,37.562174859431266],[14.483401071001875,37.562308418729074],[14.483898394589126,37.56287462543406],[14.483929857734935,37.56291044609097],[14.48399466516919,37.56298422885741],[14.484075282752205,37.56307601095829],[14.484331007437168,37.56373705911816],[14.484745966617833,37.56431415150666],[14.485166713712212,37.56461997235152],[14.485197008488816,37.564641994253314],[14.485335006740083,37.56462571643363],[14.485374785727752,37.56462122377223],[14.48558176662787,37.56459704646645],[14.485597717498745,37.56393910312956],[14.4853227518446,37.563454404975666],[14.48487094892763,37.56265796798726],[14.484342855329194,37.56202369665142],[14.484326514730428,37.56198746586028],[14.484313782363726,37.56195905525049],[14.484178048566045,37.56165643113936],[14.484124942917065,37.561539178092595],[14.484175142458028,37.56109843637613],[14.484193451508188,37.56095651349893],[14.484223709742013,37.560721958979954],[14.484229520586512,37.56067692290464],[14.484239534694881,37.56059930290103],[14.484260862314834,37.56057036223389],[14.484742756842222,37.55991640567761],[14.484892325125855,37.55982315366383],[14.486049809860633,37.55910149143549],[14.487307245605828,37.55902488140867],[14.487600436734393,37.559338807642725],[14.487620845650635,37.55936065965533],[14.487688227490526,37.55943280333848],[14.487925643616087,37.55968700266282],[14.487871163138207,37.560992712068554],[14.487801480909011,37.561746267681215],[14.487793732990378,37.56183005905677],[14.487773546959916,37.56204834980543],[14.48783375804527,37.56319341032418],[14.487800089726983,37.563630330189156],[14.487758912681242,37.56416469852609],[14.487614870765748,37.564485226810596],[14.487383450562348,37.56500018490589],[14.487265083493755,37.56526356982177],[14.487117836917975,37.56541563475766],[14.487070097506539,37.56546493490065],[14.486952655204142,37.56558622010407],[14.4864685762926,37.5660973746614],[14.486576686124215,37.56650428400653],[14.487455288100058,37.56715654905499],[14.487839282022469,37.56741582718321],[14.487896694038707,37.56745416932738],[14.488007913609074,37.567529162493344],[14.488266668410109,37.56758489327309],[14.488306695665301,37.56759351425553],[14.48843843894004,37.56762434760335],[14.488449204166727,37.567653546239505],[14.488567805090238,37.56797521685975],[14.488726256562458,37.56840496448249],[14.488984204290833,37.5683714402112],[14.489100678438085,37.568353742492185],[14.489110778643386,37.567977567798536],[14.489116167192599,37.567776837619085],[14.489328003733329,37.56741903799758],[14.489403172759383,37.567292073222305],[14.489505356527335,37.567119481106765],[14.490266470384803,37.56677112410402],[14.490947623880023,37.56646025466029],[14.491685054678669,37.566164767673364],[14.491934068889488,37.56592620577007],[14.492195196911377,37.565676034237676],[14.492224414291474,37.56564804022733],[14.492304243043673,37.5655715661426],[14.492406476579882,37.56531558180059],[14.492508464618016,37.56505951251588],[14.491765296602972,37.56447073494745],[14.491155357553277,37.56406120928328],[14.490528240925888,37.56352362728114],[14.49050557137041,37.563504187844735],[14.49031279784362,37.56333888020658],[14.489929332869112,37.563084422404],[14.48915315527783,37.56230587428129],[14.488846445547493,37.56178097374597],[14.488683301124063,37.56150176829091],[14.488607758228717,37.56089759717911],[14.489010917093808,37.560403277589906],[14.489220269847165,37.56014658399118],[14.48924700165756,37.5601138081849],[14.489296920396482,37.560101990165265],[14.489549794311296,37.56004212736736],[14.490053866779954,37.5599227970141],[14.490655843849886,37.559704411881064],[14.490913229367157,37.559610482983466],[14.491206501694862,37.55950345462279],[14.491358040088773,37.559448151712026],[14.491435095180474,37.55940960293466],[14.491758191917,37.559247421789756],[14.49186221486889,37.55919594941525],[14.492266216383786,37.55899319982287],[14.493186386798465,37.558581828116615],[14.494809231353202,37.5581122090957],[14.49580672233484,37.55782707114146],[14.496882967161515,37.55782407003664],[14.497721602751476,37.557656611013314],[14.499137117997789,37.5576445069231],[14.4992296068075,37.557486316628605],[14.49925321778065,37.55744823416136],[14.499374643575502,37.5572382495506],[14.49947436117682,37.557067696201024],[14.499537574334148,37.55695958003054],[14.499464584735348,37.55609422105587],[14.499480530527466,37.55526210296456],[14.499482855546209,37.555140789415525],[14.499484740840632,37.55504244296064],[14.499486748542667,37.554938945638725],[14.499488937379605,37.55482340840037],[14.49949509945458,37.55450191381989],[14.499507353547337,37.55386244895981],[14.499514161472582,37.553507216507995],[14.499515369694306,37.55344417138345],[14.500475232558891,37.55391782607682],[14.500639817099055,37.55408578384769],[14.500709317549479,37.55415670710671],[14.50115010307063,37.554606519608505],[14.50193754205134,37.55706124455274],[14.502066768669117,37.557310634391065],[14.502250677861255,37.55766554553871],[14.503959359048967,37.55749787400125],[14.504117672068348,37.55748267003298],[14.504278673395675,37.557467194290304],[14.506096866205743,37.55646611122518],[14.506649388768293,37.55497957181631],[14.506793858623338,37.55371016074226],[14.506746639970816,37.55271167537929],[14.506734598897076,37.55245704824574],[14.50753883552166,37.552360899975874],[14.5080704044884,37.55246660251255],[14.508601824745044,37.55257223211454],[14.509266347417851,37.5530340436204],[14.510361815379813,37.55341713750469],[14.511160220330618,37.553946567963344],[14.51121520540196,37.55397917928406],[14.511289283276518,37.55402466555246],[14.511320677022047,37.55404516344886],[14.511351122039718,37.55406661054349],[14.511543131742497,37.554202010166065],[14.512043196164885,37.554554437017025],[14.51241366938918,37.5548155299274],[14.513234107966841,37.555286026054006],[14.513371436579446,37.555350203683204],[14.513522607731424,37.55542046774987],[14.513695244830613,37.555500709526484],[14.513868511052546,37.55558124206517],[14.513918853994511,37.55560463993323],[14.514095116244093,37.555686564050916],[14.514217615594879,37.55564391098345],[14.514658603437658,37.555490387101614],[14.515209829066597,37.55529847411531],[14.515320211369664,37.555260042835556],[14.51538251821187,37.555234609038564],[14.516379860697315,37.55482733395615],[14.516478268807692,37.55478714818042],[14.51751201864139,37.55427731158691],[14.518730048738032,37.5531826303287],[14.518928347674875,37.55230906951028],[14.519822618842769,37.55054535732561],[14.519874522873446,37.54947972896619],[14.519779971628079,37.549286871696474],[14.519375355435399,37.54846156129975],[14.51928278582167,37.54827273931304],[14.51893682798182,37.547769462001575],[14.518542363623808,37.547195610427295],[14.518185501927983,37.546393083212806],[14.518628826039878,37.54606171773115],[14.51868540580882,37.54606830835748],[14.518947566845865,37.54609884649465],[14.519138489154118,37.54612108621919],[14.519556471338428,37.54617350505762],[14.52005007294875,37.54651930053606],[14.520422529446531,37.54678022320983],[14.520604373757765,37.54690761130001],[14.520913800789565,37.546996870837155],[14.521678139212261,37.54721735194586],[14.521725096769758,37.54722123964072],[14.521777157322811,37.547225495629434],[14.522715807339559,37.547302393543156],[14.522802369570408,37.54730944982269],[14.522864158876246,37.54731488287825],[14.523194010557756,37.54734203997214],[14.523335903320321,37.54737815798913],[14.524146268043218,37.547586134903334],[14.524403496890615,37.54765214872255],[14.524971860465355,37.548237396993215],[14.525168529798268,37.54843998064392],[14.525672775420952,37.54902105948616],[14.525858744969003,37.54923536339148],[14.526078702216157,37.54948882965269],[14.526336159992177,37.54956015784282],[14.52710684444375,37.54977366724204],[14.527754263386814,37.54909363250123],[14.528098246272815,37.54873231284441],[14.528070231891013,37.54859301507863],[14.528046725359701,37.548476132271134],[14.527935226453577,37.547921725502356],[14.527905734238699,37.54777507519082],[14.527884066545134,37.54766736083023],[14.527867757874496,37.54758628878577],[14.527905161583318,37.54749343768726],[14.528270685717475,37.54658606479381],[14.528617284166494,37.54604207921349],[14.528830945474175,37.54570673788975],[14.528779720848858,37.54560896549117],[14.528431855275626,37.54494499195243],[14.528305013661553,37.544702882970995],[14.527766235783035,37.54394495857393],[14.528047002085406,37.54334396108469],[14.528171148650227,37.543078216412674],[14.528237098357147,37.54293704464107],[14.528483977286,37.54308294668055],[14.528559561080963,37.54312761485038],[14.52904853577497,37.543416586051976],[14.530279535741172,37.54423504617659],[14.530480804239454,37.54436886124085],[14.530847170691823,37.545479231477564],[14.530927642315913,37.54561751673002],[14.530989983577033,37.54572464628952],[14.531203570450307,37.54609167654614],[14.531329779917922,37.54630855535299],[14.531362209696907,37.54636431783536],[14.531941911612723,37.54602422735542],[14.533211678616816,37.54566971080575],[14.534049294927838,37.54568208892775],[14.534179680048576,37.54566647644033],[14.534283454684074,37.54564991913767],[14.534366385006772,37.5456441223463],[14.534471437096258,37.54563154255109],[14.534854092345892,37.54558572592505],[14.535713403838397,37.54532809342781],[14.535806709698878,37.54530011738403],[14.53586283517402,37.54513705621188],[14.5359352462884,37.54492667953976],[14.535955530029995,37.54486774794811],[14.535935970651417,37.54480978086277],[14.535862884173875,37.54459317746045],[14.535767144676566,37.544309432721334],[14.535416931600862,37.54396474132521],[14.534674331363245,37.54347630323018],[14.53420967251,37.54312532034406],[14.533942230070625,37.542923303849356],[14.533231361134385,37.542551594669014],[14.532168286349231,37.542338235123594],[14.53152860303746,37.54244228129971],[14.531409334741268,37.54246167881372],[14.531179072827609,37.5424127317778],[14.530628918171239,37.542295778882455],[14.530201961662703,37.541845460164346],[14.529695694984548,37.54137408514832],[14.529203602175508,37.54040690134312],[14.529523467216396,37.53999351530075],[14.530521698316122,37.539647287380404],[14.531688837507613,37.53943489968339],[14.53310418333654,37.53936838181831],[14.534176668718308,37.53979511064698],[14.5352159864312,37.54016897709654],[14.535273746808635,37.540189126320314],[14.535433385666195,37.540243267891995],[14.535496806439147,37.540264750622455],[14.536266554651716,37.54052506819219],[14.53675944570291,37.54064592768675],[14.536978278515251,37.540698659442995],[14.537060860741866,37.54061696799616],[14.537285535314064,37.54039472113405],[14.537377221729995,37.54030402522849],[14.537390435886254,37.54015133389218],[14.537429547388815,37.53969936260798],[14.537447634352443,37.53949036040106],[14.537474610510948,37.53917861853172],[14.537978590335578,37.538171362410196],[14.538629491152832,37.53741305168793],[14.538925424860588,37.53705718891936],[14.539224297349335,37.537231381463414],[14.539748152288475,37.53753669357768],[14.540511471001112,37.53856759721069],[14.540766235157125,37.53954363204237],[14.541089320240294,37.54034542362676],[14.54152656720395,37.54112382730928],[14.541963517546918,37.54176495783667],[14.542459022079607,37.54225252952008],[14.54297712593395,37.54260622936086],[14.543395079353116,37.54274409545923],[14.543921869954696,37.54282701681661],[14.54420947162524,37.54287228709145],[14.544252181364982,37.542860160059256],[14.54455653214602,37.54277375019764],[14.544805813196719,37.54270297489763],[14.54513012553338,37.54261089689301],[14.545207384330938,37.542588966669626],[14.545357937894767,37.54252553817377],[14.545487472772551,37.542470963538975],[14.545909413566255,37.542293194095436],[14.546187729574163,37.54198784017129],[14.546260323614709,37.541907637598925],[14.546538102765524,37.54159225130647],[14.546643585149322,37.54129824487527],[14.546688755681236,37.541172344633985],[14.546699091903411,37.54114353329799],[14.546694512270179,37.541063697063144],[14.54669255275478,37.54102953951543],[14.546668060195852,37.540602584499425],[14.546569856995637,37.54005130651529],[14.546698109363,37.53947584258512],[14.546927238102953,37.538927134743716],[14.54730032520552,37.53834995445093],[14.547357477279375,37.53833174599148],[14.547397132666568,37.53831919467072],[14.547499915984686,37.53828666775558],[14.547689935045051,37.53822724383495],[14.5483005879513,37.538371774270146],[14.548863778792546,37.53874399310317],[14.548893277066073,37.53875664144481],[14.549039733871178,37.538821765652365],[14.549541228633666,37.539044759059095],[14.549623046250073,37.53906456729654],[14.54983245948202,37.5391152692455],[14.549882408305331,37.53912736190072],[14.549914248706589,37.53913557556077],[14.550276508282781,37.53918338549717],[14.55071706819399,37.5393021651126],[14.550726221919758,37.53964382025801],[14.550634673434102,37.5398296500857],[14.550601828432184,37.539896020847245],[14.550427196048417,37.54024956118768],[14.550108206990114,37.54077804178469],[14.54974608082819,37.54118890242986],[14.549355964141563,37.541675509568556],[14.54937664502841,37.54182714284257],[14.549402150771275,37.542014165999575],[14.54940802713945,37.54205725223294],[14.549421231395167,37.54215406587025],[14.54947903361423,37.542229358200984],[14.549605500447985,37.54239407083571],[14.549631156180606,37.54242748834733],[14.549713067720182,37.542534172430685],[14.550549859246185,37.5427355464738],[14.551242953219495,37.54261612033274],[14.551682897567284,37.54254031094038],[14.552276398459263,37.54237219350391],[14.552495419978452,37.54231007557716],[14.552987877369523,37.542170630960435],[14.553072248186899,37.54214668112075],[14.553122361783737,37.542132537935665],[14.553394012391507,37.54200192887981],[14.553848919466432,37.541783202078406],[14.554734844708857,37.54137228432664],[14.555048513005582,37.541204140918005],[14.555312455974809,37.54106265151092],[14.555370185064541,37.5410317064275],[14.556005662450664,37.540826172273896],[14.556072957297202,37.54079927129671],[14.556292922124408,37.540711341746004],[14.556720690882555,37.54054034437219],[14.55694877074582,37.54010909667135],[14.55697215326527,37.54006488901738],[14.55711676738507,37.53977719354716],[14.55719003773447,37.53963143043006],[14.557723159980554,37.539408206485675],[14.557783421893982,37.53939407470081],[14.557884710133184,37.539370320297806],[14.558323883575719,37.53926731887418],[14.558596953078546,37.53933113190871],[14.558688960114678,37.53935263299711],[14.559176912716783,37.5394666593307],[14.559341423568716,37.53950510165719],[14.559940164183036,37.539555522040395],[14.56000911032533,37.53956132763297],[14.560040732438987,37.53954680360344],[14.560656406423767,37.53926401032404],[14.560897388980095,37.53915482812758],[14.561165804800956,37.53905958823186],[14.56126029001447,37.53902606307321],[14.561336601251504,37.53899898528733],[14.561488471935567,37.53899181027768],[14.562051764559271,37.53896519534767],[14.56221637450604,37.538957417468744],[14.562280115956828,37.53897619109144],[14.562628102539124,37.53911360816188],[14.562851835047745,37.539201956542925],[14.563060571541483,37.5393911252019],[14.56320118195008,37.539518553663896],[14.563229036766629,37.539592029359916],[14.563318892904002,37.5398290461931],[14.563379723907737,37.53998950248792],[14.5633294532803,37.54027867534272],[14.563295900644226,37.540397194525276],[14.562662868137215,37.54057253554784],[14.56223613611709,37.54067342782269],[14.562180050998519,37.54068668575409],[14.561949050330147,37.54074129947997],[14.561861072843904,37.54075410878326],[14.560804746330053,37.54090790473039],[14.560017649104394,37.54122276306302],[14.559624519510399,37.54138002333521],[14.559167833191754,37.54154381833259],[14.559055683089628,37.54158404228777],[14.558959468951578,37.541618546810085],[14.558728434126014,37.54170140627339],[14.558666464733626,37.54178058959126],[14.558374313725677,37.542153784698364],[14.558283878883625,37.542269306187514],[14.558426666438692,37.54265683334417],[14.558539816623753,37.54296392206036],[14.558586954273085,37.5429768215076],[14.558988525547576,37.54308671829376],[14.560110913550613,37.54339386874406],[14.561322281003207,37.543415423903745],[14.562749332605016,37.543239949395684],[14.563633640988892,37.54304512548153],[14.563748089273941,37.54294598419874],[14.564202494375035,37.54255234560344],[14.56485621961403,37.542942309132115],[14.56532493224327,37.5436355111248],[14.565350233428516,37.54367292896529],[14.565556705177322,37.5440060958197],[14.565688226063306,37.54421832235075],[14.56584699594347,37.54446970275734],[14.566408891247086,37.54460905264573],[14.56654471807075,37.54464273699368],[14.566848647014027,37.54474138346384],[14.566885909345558,37.54475265520092],[14.567458192831213,37.544729863861065],[14.568378021628066,37.54469330206015],[14.568829442835337,37.54464869690312],[14.569601376073743,37.54457240330851],[14.570386189961326,37.54449535196245],[14.570575771827297,37.54447678968894],[14.57074715905202,37.54442912752077],[14.570934828380441,37.54437693682239],[14.57134627092149,37.544262515592386],[14.571488648610462,37.54422297377755],[14.571532626446514,37.54421076065213],[14.571606463654593,37.544190254372296],[14.572047250805294,37.544067838339934],[14.572308423257178,37.543980825272364],[14.57263913637948,37.543870474255066],[14.573183614622073,37.54365789042849],[14.573646431441562,37.5438655706998],[14.573824669980716,37.54443550975289],[14.573652809427355,37.544830754815216],[14.573478000585014,37.54519456897768],[14.573438605227613,37.545268610863026],[14.573331573020894,37.545487395919814],[14.573229682275086,37.545591559456696],[14.573047961438988,37.545777329186194],[14.57283063757212,37.54599949740946],[14.572453681406007,37.54662953138828],[14.57263233723136,37.547044189236075],[14.573189565381467,37.54701370602882],[14.5732439391452,37.54701073179155],[14.573380835726422,37.54685056558474],[14.573574737172795,37.54662370592773],[14.573597103635828,37.54660482259998],[14.573677169487885,37.546537228122844],[14.573823268726715,37.54641388562887],[14.574071048871627,37.546204695500464],[14.574149322814428,37.54619427013207],[14.574595791924228,37.54614998682773],[14.575238785300797,37.54661241386778],[14.575690053727405,37.546901629428625],[14.57619823299,37.547129629331124],[14.576774498630485,37.54726661957023],[14.577178049609097,37.546986059494664],[14.577240042355594,37.546942734726585],[14.577239016421537,37.54688427555902],[14.577223089560768,37.545969257876074],[14.577224145085317,37.545792357541366],[14.577226849230174,37.54533889809455],[14.577071450828043,37.54472509550549],[14.57682603981757,37.544174058783085],[14.57665862994652,37.543758875084706],[14.576559074226633,37.54337198732077],[14.576866581983023,37.542986056578044],[14.577015002246323,37.542787720630436],[14.577361531531837,37.54274429047661],[14.577807216563308,37.5428267152707],[14.578800837329416,37.543272504845895],[14.579816727781544,37.54379826296133],[14.58095730111597,37.54425283244995],[14.581219058074849,37.5443245196958],[14.581657807806142,37.54444467913896],[14.582233035892147,37.544860775006455],[14.582479920310401,37.54521365924725],[14.582937815819601,37.54518683277878],[14.583430167682332,37.54515798657865],[14.583488133854143,37.545154590548066],[14.583687534696866,37.54516635250262],[14.583861877378695,37.545176637189925],[14.584291607764555,37.54520198527436],[14.584585010338548,37.54539288223956],[14.584566673968196,37.545536008754496],[14.584561677870203,37.54557500628722],[14.5845399697424,37.545744464996716],[14.584530561634494,37.54581790676599],[14.584507791300457,37.54599563880231],[14.584502046338518,37.54604049381526],[14.583974092690267,37.546385113930015],[14.583876687103807,37.54644869437958],[14.583817077458535,37.546487603561005],[14.58370635599724,37.546559875557456],[14.582866825317529,37.54692828632022],[14.581597889676702,37.54713926480108],[14.581202792766229,37.54723194053544],[14.580611721430932,37.547370581325794],[14.579816879785552,37.54757430258662],[14.579749856225412,37.54759147883764],[14.579215528796528,37.548006181190615],[14.579212330471137,37.54808421586057],[14.57919418349446,37.54852713032656],[14.579189010413202,37.54865336565618],[14.579457578524558,37.54896794076317],[14.579683937563413,37.54923307450448],[14.57979233346912,37.549318403703545],[14.580304166149357,37.54972131156128],[14.58114055480386,37.54987745548728],[14.581188037726205,37.54986896967428],[14.581877674221746,37.549745724077816],[14.58246996883339,37.54942147013691],[14.582575351725906,37.549356073728546],[14.582611023532749,37.5493339370069],[14.582725132549307,37.54926312476922],[14.583103808274917,37.54902812864844],[14.583151003765867,37.54898246252515],[14.583186573825039,37.548948045574036],[14.58335712412546,37.548783021062555],[14.583501627245115,37.54864320394461],[14.583672063599465,37.54839067057115],[14.583694635301171,37.54835716808954],[14.583901909263268,37.54804951433818],[14.58411980095905,37.547571040812436],[14.584314385138551,37.547158958383775],[14.584801992928389,37.5469985210974],[14.585413413410127,37.54696276162316],[14.586320604954908,37.54670589249734],[14.586380979932066,37.54666948986975],[14.586604953434971,37.546534398559594],[14.586659284310729,37.546501629813314],[14.586867752276717,37.54637588940824],[14.587138735836193,37.54621244040941],[14.587660925112367,37.545829262076545],[14.587797859740744,37.545728778569895],[14.588309602876736,37.54531512922561],[14.588719808138055,37.54483878258054],[14.589118707169133,37.5443809657887],[14.589584678965124,37.5439132144123],[14.589743021479297,37.54372830465013],[14.589767657846151,37.543699536539016],[14.589869533351647,37.54358032048579],[14.589909407276787,37.54348896061987],[14.589924702550249,37.5434536591238],[14.590018010116426,37.54323825358188],[14.59006724649986,37.54312458729653],[14.590020340889636,37.542584514957134],[14.590008309047294,37.54244594861884],[14.590003780972324,37.54240190270886],[14.589994624592023,37.542312789359066],[14.589987026004735,37.54223884331531],[14.58997957230995,37.54216631819123],[14.589987093445957,37.54210663972806],[14.59005071279209,37.54160672008521],[14.590107682946098,37.54133104788276],[14.59019022073024,37.540931660385965],[14.590271911092533,37.54042813671315],[14.590592114073866,37.539816527031746],[14.590889688365706,37.53918571142433],[14.590967297643543,37.53904571525957],[14.591016375368369,37.538957189501545],[14.591138162503487,37.53873750481738],[14.591393275642737,37.5382773124475],[14.591546519889832,37.5381004706299],[14.591605738138133,37.53803213367666],[14.59163066645375,37.53799891854359],[14.591704903917714,37.537916972882186],[14.591860135040445,37.53773748590316],[14.592217141274185,37.53747387050092],[14.59229423124611,37.53741694654026],[14.59241719555532,37.53732614883521],[14.592528229293402,37.53724633734545],[14.592577801071,37.537210707083304],[14.593030676991809,37.536885158807124],[14.593158657488356,37.53683485124247],[14.593642882890093,37.5366445036222],[14.594244649428287,37.53637734922836],[14.5945392108201,37.53630388048181],[14.594676676048843,37.53627012989393],[14.595191305657787,37.536143797326666],[14.595575519774478,37.53604947661631],[14.595631064401275,37.53603584062338],[14.596126129722911,37.53591430511131],[14.596527945013573,37.53587625379062],[14.596864593891318,37.5358443738707],[14.597157605390926,37.535816625857784],[14.597224091384989,37.53581032986306],[14.597426851893514,37.53580456420896],[14.597669091035447,37.535797677101485],[14.59799089190792,37.53578852734186],[14.598244945200813,37.535781302275986],[14.598401518106778,37.53577684925511],[14.598556028957383,37.535787107853345],[14.598608898526537,37.5357906169174],[14.59886405530546,37.53580755654181],[14.599223258534252,37.535831401956],[14.59956678976119,37.5358542056649],[14.599656062825735,37.53585532358395],[14.59969166384754,37.535855769037816],[14.60001161940127,37.53585977400715],[14.600540634395955,37.53586639386404],[14.600581771818954,37.53586830591721],[14.600823933716134,37.53587956045619],[14.601106503747953,37.53589269443994],[14.601391156468166,37.53590592218558],[14.601784967217077,37.53592422290494],[14.601952231724002,37.53597720352248],[14.602220859375667,37.53606228987335],[14.602543596355007,37.536164513923325],[14.602595382162546,37.536180916589785],[14.602847452489142,37.536260756933224],[14.603536456863301,37.53650702083951],[14.603899336368448,37.53672292731019],[14.60414715815883,37.53687048467356],[14.604664887652733,37.53722300281529],[14.604980276203667,37.53716820649637],[14.60512872017969,37.53714241566675],[14.60530417942566,37.53701415673811],[14.605423173520952,37.536927173719135],[14.60548523549959,37.53688180679397],[14.605606282476488,37.53679332235839],[14.60564003301869,37.536779343020356],[14.605956493500319,37.536648266488676],[14.606016424747478,37.53662344268037],[14.606207917994688,37.53654412690143],[14.606527757419919,37.53656390795186],[14.606660102761422,37.53657209298952],[14.606958786116005,37.536827230899675],[14.606987015193674,37.53685134614319],[14.607276283831563,37.53688264061734],[14.607507035760904,37.53690760426907],[14.608029243558999,37.5370177490108],[14.608074227349476,37.537017745774065],[14.608095159942634,37.53688536207517],[14.608103775688315,37.53683087831678],[14.608108118830618,37.53680341374675],[14.608130479657577,37.53666200815294],[14.608143315940662,37.53658351450704],[14.608214380861204,37.53644257566234],[14.608263120838652,37.536345909535626],[14.60829152483347,37.536289577336994],[14.608775444741768,37.53628004853902],[14.609337162389457,37.53625546919281],[14.609561303574187,37.53623866726586],[14.609801924809933,37.53622037373539],[14.609905055861743,37.53620514289166],[14.61017288962637,37.5358263187282],[14.610226037888063,37.53579580696234],[14.610502057299536,37.535637342037],[14.610601903798171,37.53560524172185],[14.610968796919334,37.535487282876865],[14.611520695020833,37.53530984150959],[14.611582366695885,37.53528915681839],[14.611636594400169,37.53527264130165],[14.612486118709207,37.535162861412495],[14.61251928680085,37.53515857474559],[14.613198176411625,37.53522297722244],[14.613342036490561,37.53538004796496],[14.61358218272226,37.535642244019044],[14.6136030560003,37.53566503394175],[14.613631651439468,37.535686137639594],[14.614062434815587,37.53600406498046],[14.614152483155861,37.53607052222274],[14.614144716609815,37.53642083538551],[14.614142566560092,37.53648778552869],[14.6145591976229,37.53684149889173],[14.614789464991125,37.53690738634302],[14.615216647495066,37.537029616651225],[14.61526036906831,37.5370421257215],[14.616459200953335,37.537189726169984],[14.616788066620162,37.53709075454421],[14.616996061386008,37.53701603004766],[14.617099051380682,37.53697902902184],[14.617275961622358,37.53691547128575],[14.617385914581874,37.53687596815231],[14.617594013682066,37.53680120434086],[14.617683790864284,37.536768949287996],[14.617750469627225,37.536752736961915],[14.61837488557561,37.53660091539927],[14.61896368422759,37.53655706432847],[14.619128676558667,37.53653974833696],[14.619328909339611,37.536518733259484],[14.619710948210734,37.53647863508735],[14.619763275198663,37.53647583982473],[14.619903152791787,37.536468368593766],[14.620504059707352,37.536436268630986],[14.620879001238848,37.53646006527478],[14.621556198107536,37.53650304298321],[14.622222809157062,37.536667003339396],[14.622390938798592,37.53693193744113],[14.622504220341233,37.5371104438519],[14.62296361672711,37.53710188973247],[14.623353027879338,37.537094638186204],[14.62365370268803,37.53711822509256],[14.623778914348591,37.53712804758336],[14.623941523574523,37.53714080312109],[14.624085018325305,37.537024194403685],[14.62419285901483,37.53693655824563],[14.62427108503343,37.536872988841786],[14.624321962912786,37.53687375190004],[14.624358216034393,37.53687429638499],[14.624485319074676,37.536876202872065],[14.62468307330753,37.53687916960927],[14.624916215965074,37.536882667627985],[14.62493615031547,37.53690953964039],[14.624958835450979,37.536940120619775],[14.625145862709612,37.53719224348981],[14.625245423742927,37.53732645553992],[14.62536606762302,37.53748908876152],[14.625812032155164,37.53743917361804],[14.62606810517862,37.537410511489334],[14.626393902425063,37.53765967328063],[14.626475791713489,37.53772229926385],[14.62653191947331,37.53776522424701],[14.626574964769365,37.53779814273383],[14.626812094369267,37.53794434928214],[14.627368353265563,37.53766568948837],[14.628225205799076,37.53755112967387],[14.628285397537788,37.53754308153371],[14.628418362186814,37.53763446165885],[14.628548915033988,37.537724182579275],[14.628680359027475,37.53781451790343],[14.628742460432058,37.53779762609065],[14.628941377557098,37.537743517850124],[14.629217111983401,37.53761938631933],[14.629274576950813,37.53759351643276],[14.629759963631075,37.53737542526238],[14.630072533540114,37.53730256392028],[14.630494201624385,37.53720426927331],[14.630874847340067,37.53711553624637],[14.630948724105684,37.53709722206672],[14.631386008026082,37.53695684286496],[14.63142712314899,37.536943643589275],[14.631606900497287,37.53688593103593],[14.632077802090429,37.53673475672031],[14.632196737505426,37.53668790439129],[14.632452840586279,37.53658642664967],[14.632816278229042,37.53644241895457],[14.633074377243611,37.536340148508536],[14.633118312624713,37.53632274462437],[14.63343157085855,37.53619861005692],[14.634428898173772,37.53587631389222],[14.634466179605528,37.53594879247496],[14.634743146895655,37.53648242124138],[14.634804413082147,37.53697098371724],[14.634830115279206,37.5371759387788],[14.635301061617376,37.53806036672319],[14.635614660971399,37.53870756110034],[14.635789470447044,37.53906831747663],[14.636018356368332,37.53954067005976],[14.636342693139895,37.54031732655075],[14.636768642024897,37.541129639880715],[14.636892089399074,37.54148417116596],[14.63707002698731,37.54199518749754],[14.637303079988936,37.54305980517884],[14.63736894045363,37.54363433307132],[14.637390061294228,37.54381856722769],[14.63736642594586,37.54392959719142],[14.637227318914126,37.54458255435044],[14.63781734177579,37.54471750446999],[14.637951399367791,37.5447481654859],[14.638573805032179,37.54483988327872],[14.639206779911333,37.54493109220907],[14.63971641352494,37.544942680193216],[14.640384152514839,37.54499845813603],[14.641131368073717,37.544964896421504],[14.641786827719118,37.54512927555179],[14.642374877718252,37.5453554003041],[14.643278447326901,37.54578245257815],[14.64347204678853,37.545841177905864],[14.643657706093158,37.54589749561811],[14.644037396302753,37.546012667035825],[14.64409209956837,37.546029260144806],[14.64481608319304,37.54617457263716],[14.645776736611316,37.546403071202654],[14.645927193192756,37.54646213700024],[14.646839290875938,37.54682019981401],[14.647456552658937,37.5470611204271],[14.648025454946975,37.54728317503011],[14.649123703529376,37.54765116837725],[14.649223961128396,37.54768476087577],[14.65224113588386,37.54858032682624],[14.652328399995374,37.54862125898702],[14.653179979730748,37.54902068671532],[14.654457673475836,37.549375657857176],[14.654776005779997,37.549380419524915],[14.656065041301714,37.54939969202941],[14.65844714112115,37.54958059870515],[14.658509394664069,37.5495860065375],[14.660362939367053,37.55030256511761],[14.660432191116914,37.55031153059338],[14.661731794641751,37.55047978686253],[14.662225025172088,37.55057283779476],[14.664051094547895,37.55091731589986],[14.664626509628384,37.55116468567794],[14.66473016598707,37.55121135036352],[14.664755534028425,37.55126961339604],[14.665098759015864,37.55205742312565],[14.66512275891023,37.55210796498406],[14.665415624456589,37.552724704827504],[14.66550307478098,37.552908875705555],[14.665681751736923,37.553285173440734],[14.666077770656672,37.55365154891292],[14.666618229745163,37.55415154424945],[14.668165707800158,37.554725170552686],[14.668967533255163,37.555098676620815],[14.669258021255217,37.55523399485808],[14.669630876634281,37.55540767439426],[14.669838358681755,37.55550432584093],[14.670307046821142,37.55580847051251],[14.670377493510633,37.55585417965034],[14.671203987677666,37.556390503920454],[14.67172523750783,37.556679506430775],[14.672481191297221,37.557098628092554],[14.67399458398879,37.55797539019949],[14.673141461125182,37.55889420747387],[14.673092214647433,37.55961690811197],[14.673080685459997,37.5597861021781],[14.673268623533108,37.5603891853002],[14.67352722980699,37.560776895118615],[14.673575416224788,37.5608491371504],[14.67369621005892,37.56103023224882],[14.674146862080152,37.56152837158366],[14.674281884899685,37.56159454290438],[14.67444979135082,37.56167683031198],[14.674648019867057,37.561774173393665],[14.674995564208224,37.561944293582954],[14.675078268286143,37.56197404352807],[14.675742126493992,37.562212830172896],[14.675801956577267,37.562233730920234],[14.675955507137193,37.562289581275266],[14.676134286580883,37.56297637712312],[14.676203023470432,37.56368899941606],[14.676231521178623,37.56398443148776],[14.675991458631476,37.56477693862151],[14.67573267553509,37.56506946011738],[14.67551312297408,37.56531763462241],[14.67505736300087,37.56554217680186],[14.674865423546974,37.565552249039406],[14.674300565204657,37.56556003661531],[14.673723235519539,37.56558400198878],[14.673157023708335,37.56539395388312],[14.672583113345988,37.56520540833024],[14.672310285120949,37.56510974230958],[14.671929820779937,37.56495370703979],[14.671734739453985,37.56487353525853],[14.671689350766846,37.56485490713172],[14.67160082890232,37.56481857826647],[14.671539831719866,37.564793543816826],[14.671406086360193,37.56471706965123],[14.670928207080946,37.56444381801363],[14.670887053416521,37.564660540028456],[14.67087327723401,37.56475590538776],[14.67072426552663,37.56522218930664],[14.670258090603125,37.565663252913915],[14.670246609336285,37.56628629934307],[14.670242651980908,37.56650119463646],[14.670281251718482,37.56668260259419],[14.670300658988138,37.56677381046571],[14.670386756696406,37.56717842869608],[14.670361608974432,37.56766575194224],[14.670334380539877,37.56788294791641],[14.67031578758786,37.568031260525665],[14.670303988467879,37.56812537470569],[14.67019816406846,37.56856483636689],[14.670017559208503,37.568723941817055],[14.669751101770071,37.56895867844217],[14.669487588284705,37.56919081956481],[14.669279323909928,37.56937428882448],[14.669206976970413,37.569435001572984],[14.668956649600961,37.569645070222165],[14.668906043239588,37.569687537556746],[14.66886554150464,37.56972153399727],[14.668744432286331,37.569823171082675],[14.66800158809061,37.56988950291325],[14.667805828738127,37.56990698031769],[14.667759402724496,37.569911125908746],[14.667280048640158,37.56990620003856],[14.66710817375017,37.56990443415282],[14.666604182038949,37.56989925173027],[14.666146210435112,37.56971710162424],[14.666006309189678,37.56966145819048],[14.665861310469706,37.56960378606605],[14.665665386409593,37.56952586034545],[14.665617965284788,37.56948521197537],[14.6654918716207,37.56937944211318],[14.665376795013822,37.569278909401135],[14.665255604926177,37.569175209542884],[14.664978155054076,37.56893779641058],[14.664097529388545,37.56826000727503],[14.663745915618753,37.568047487140696],[14.663497438525907,37.56789730092722],[14.663320745580064,37.5678118585069],[14.662944644465412,37.567629982284814],[14.662731342345543,37.56752682798572],[14.662649640058582,37.56750024301945],[14.662571447987029,37.56747480070344],[14.662489371587743,37.56744808328657],[14.661724681852622,37.56719942256761],[14.66104081899126,37.56752039531017],[14.66052130527657,37.567725437714536],[14.660305199764188,37.56802301490094],[14.660075891024183,37.568338767721265],[14.659589295726564,37.56840942515787],[14.659186576376587,37.568484495379074],[14.659068641134024,37.568506479296886],[14.659027039472107,37.5685640635493],[14.65884021066917,37.568821300046366],[14.65835127947549,37.569120004740576],[14.657989045233935,37.569341599416255],[14.657171004615618,37.56968247868664],[14.656785835313846,37.56984280836109],[14.656049706277184,37.5699321952034],[14.655943155790348,37.569905553108576],[14.655427080874919,37.569775325044645],[14.655302649008139,37.56971469215742],[14.654964668493756,37.56955000118378],[14.654684453229436,37.56922134843903],[14.654649646547655,37.56918052492789],[14.654356374731114,37.568836554797194],[14.654333520447516,37.56880035295634],[14.654187408291127,37.56857651672042],[14.654170345828165,37.568541880208755],[14.654085573549215,37.568407594805464],[14.653996464867006,37.56826644099831],[14.652989870944326,37.56792096228724],[14.652345653719053,37.56774936628391],[14.651812376232543,37.56776371706155],[14.651188762618903,37.568106498808696],[14.650767036554372,37.56872540634344],[14.650592744538589,37.56907704412739],[14.65040024501713,37.569463189466866],[14.650670555943686,37.56996108656436],[14.65099655783453,37.57010810974977],[14.651031371238666,37.57012381048906],[14.651426174343792,37.57038883501587],[14.651732196742481,37.57059425919622],[14.65210259006452,37.57119088437387],[14.65160341478814,37.57147817211143],[14.651736661861456,37.57187461016369],[14.65184811507595,37.57226311774343],[14.651473909868725,37.57255789696312],[14.650905570568147,37.572828261411324],[14.650043933471954,37.57321172851393],[14.649818469221708,37.57293223403546],[14.649548794092066,37.572526580840915],[14.649144625185423,37.57185730598381],[14.648929849590656,37.57153229300362],[14.64850222300195,37.57120623177282],[14.648254612357889,37.570783752954235],[14.647848921756797,37.57042063053821],[14.647820422816888,37.57038757719674],[14.647536960446894,37.570058818237484],[14.647368064854163,37.56986293371799],[14.647342088455408,37.569832806462],[14.646903838212125,37.569428356963876],[14.646832304993671,37.569362526872546],[14.646436873571206,37.569032592482756],[14.646237578172494,37.56886630428133],[14.646206700246747,37.568807404693814],[14.646073048847715,37.56855246697361],[14.645877345215439,37.5681791632672],[14.645722379043784,37.56743941911605],[14.645778620177333,37.567315691922225],[14.645945515943803,37.56694852561074],[14.645962912575925,37.56691025212449],[14.646029916331251,37.5668382317505],[14.64637274904895,37.56646973517611],[14.646391686066941,37.566316741526975],[14.646418839211321,37.56609842449467],[14.646541421750168,37.565950557259],[14.646716124857553,37.5657398185254],[14.647022968889447,37.56548879257999],[14.647026107109124,37.564793213850315],[14.646755407476286,37.56452263108586],[14.646065885928664,37.56432166389553],[14.645501316861433,37.564442862953584],[14.64540639098789,37.564463242090035],[14.64514782106723,37.56451875210616],[14.644912467204037,37.56494853720835],[14.644822168078674,37.56511343316736],[14.644783307536912,37.56518439452431],[14.644463033806597,37.565506832460294],[14.644337011516157,37.565633704465775],[14.644313710172106,37.56565716406057],[14.644292716383978,37.565678299300565],[14.643862978662225,37.56561338327789],[14.643739916733626,37.56549580686492],[14.643502826331828,37.565269284824026],[14.643463363600066,37.56523158065265],[14.64298373349873,37.56477332180463],[14.642479533447748,37.5647774954571],[14.642303504587582,37.56477894987261],[14.641637445773481,37.56456106813722],[14.640722191461416,37.564197586747895],[14.640293665823542,37.56409828039973],[14.6399875470468,37.56402733908207],[14.639941608525163,37.56401669263919],[14.63942168399239,37.56386157740401],[14.638676128041173,37.56350795879675],[14.638143629417858,37.56356046429318],[14.63772647699776,37.563649645373026],[14.637315903973418,37.56373741692924],[14.637236946143304,37.563865852969634],[14.637143022950106,37.56401863070167],[14.637122033556537,37.56405277198044],[14.637323882228083,37.56438519452816],[14.637658473584198,37.5646136791872],[14.637696510117154,37.564639652584425],[14.63772082407769,37.564658609792225],[14.638239854109361,37.56506328517526],[14.63837943750871,37.56517211262426],[14.638412598198277,37.56519796829913],[14.638463395990195,37.56523757258477],[14.638893182537709,37.5655679691346],[14.639069811918027,37.56570374876405],[14.6392775473153,37.56586344114742],[14.63936200547474,37.56674516329696],[14.638725536025927,37.567311285962695],[14.638483962951325,37.567369673501524],[14.638048432812374,37.56747493834826],[14.63786977190152,37.56751811851368],[14.637773156551047,37.56754146953058],[14.63770775493764,37.567698542039004],[14.637665622475948,37.56779973217059],[14.637615248916484,37.5679206703461],[14.63756678918406,37.56803747026406],[14.637544422022831,37.56826663060037],[14.637533675807957,37.56837673455551],[14.637519057910634,37.5685265154746],[14.637495506184646,37.56876783171022],[14.637108163299208,37.56919824329666],[14.636476416161042,37.56942627420533],[14.636150683173598,37.56954384756234],[14.6357925336738,37.56967312004092],[14.635740667942471,37.56969232233237],[14.634975656911394,37.569975553820974],[14.634723880771856,37.56995786561906],[14.634484230550363,37.56994111044652],[14.634307655764465,37.56992877962605],[14.633921485627722,37.56997748202993],[14.633735542449628,37.57000093313625],[14.633361328566902,37.57004812594382],[14.633185942775942,37.57007024345403],[14.633022247485282,37.57007945073977],[14.632109696047744,37.57013077593471],[14.632032541397484,37.570091267261546],[14.631768098192412,37.56995585543706],[14.631273658571992,37.56970266272101],[14.630710604394176,37.56906118393651],[14.630099567441148,37.5685035008118],[14.629651545075975,37.568094591222504],[14.629623463790246,37.568034192753956],[14.629382343936124,37.567515577821986],[14.6293831906102,37.567350154678444],[14.629384044369337,37.56718316208187],[14.629385195371517,37.56685408729971],[14.629343814820162,37.566519258255404],[14.629331096428523,37.56641617009962],[14.629129563965295,37.56642788476954],[14.629037833369251,37.56643300007873],[14.62856235928961,37.566452775064185],[14.628014848131079,37.566557163333506],[14.627445509128421,37.56659227709751],[14.62716412859765,37.56660962975815],[14.627053966448104,37.56661642339786],[14.626748933932104,37.566480234247294],[14.626313759379377,37.566405818502446],[14.62614961254918,37.56638735425144],[14.625732761694495,37.56637624188873],[14.625166107952506,37.56636111423023],[14.625028229597051,37.56635742688044],[14.624979104524725,37.56638508528161],[14.624783108568181,37.5664949581893],[14.624676428390783,37.566554554140495],[14.624689534897891,37.56658839065054],[14.624712468286328,37.566647594329226],[14.624844110118564,37.566987654783865],[14.62544231912786,37.56759571497604],[14.625493304740964,37.56764754135016],[14.625599142125791,37.56775726856266],[14.62544232855157,37.56793452131226],[14.625394279456565,37.56798883317381],[14.625381493976656,37.5680246464201],[14.625360769875822,37.56808550391283],[14.625339438464733,37.56814814590087],[14.625233611108728,37.56845891249926],[14.625261402744373,37.56848163836904],[14.625330430437582,37.56853808298644],[14.6256441263209,37.56879459254571],[14.625797871946428,37.56892031033469],[14.625849257139288,37.568936122258506],[14.625929794138004,37.568960904895796],[14.626375530874268,37.56909806466308],[14.626475236840795,37.569128745194796],[14.626555095948541,37.56913984916441],[14.627061775195413,37.569209339937096],[14.627414607274055,37.56925936142614],[14.6276660737037,37.569514432660114],[14.62777361245871,37.569623513691894],[14.627798126257263,37.569648378004636],[14.627684830723549,37.56976292231124],[14.62754049696154,37.56990884418041],[14.627433614789423,37.57001690322548],[14.627408193389355,37.570048236404936],[14.627383213832822,37.5700790254113],[14.627068870282484,37.57046646542932],[14.627133979973436,37.57088870555871],[14.627186003817574,37.57093039786132],[14.627208839455765,37.57094869878138],[14.627271203177562,37.57099867750673],[14.627655107156613,37.57130633845024],[14.627788560290707,37.571413287894735],[14.627833572578599,37.571506414535904],[14.627856066133647,37.57152898890493],[14.62790963561633,37.57161933952384],[14.627931885235876,37.57165893734248],[14.627967491692786,37.57171996566829],[14.628011534794313,37.571795454304514],[14.628289619544228,37.572288346736904],[14.628221263857867,37.572464202634485],[14.62816846060955,37.57259692512786],[14.627351278151881,37.572971336740586],[14.6272435711435,37.573001234201804],[14.627069338549505,37.57304959891968],[14.627007021639976,37.57306689722111],[14.626420691833825,37.57322964934488],[14.626354799027048,37.573247692641495],[14.625942839055309,37.5733604976701],[14.62569936412938,37.5734271671028],[14.625604132428364,37.57345324290497],[14.625585751732798,37.57355313623885],[14.625511389247606,37.5739572941117],[14.62585327804773,37.57436931842345],[14.626096963134769,37.57466298791622],[14.62621239411535,37.57470775340817],[14.626347244109603,37.574760048904515],[14.62656732291056,37.574845396527856],[14.626753095474493,37.57491743844068],[14.627421304521642,37.57491024476558],[14.628178240843795,37.575020318427875],[14.628643290259777,37.57499588172198],[14.628946543832186,37.57539317367717],[14.628950478199041,37.57541871696013],[14.62903394376528,37.575960641748],[14.629057482367715,37.57631382941991],[14.629076556452288,37.576600018017075],[14.629155747640157,37.57675924276877],[14.629258893803609,37.57696663194188],[14.629330551387921,37.57711069866965],[14.629413318070567,37.57727709629028],[14.62953548924851,37.57751517420027],[14.629626359670265,37.57769225594714],[14.629252000816894,37.57781818852625],[14.628675297575402,37.577717495227446],[14.628292636349517,37.577511267746374],[14.628019416383344,37.577364021043614],[14.627606508883195,37.57717032431406],[14.627085662057599,37.57692599123806],[14.626935701160145,37.576865435881004],[14.626426839789726,37.57666373892115],[14.62632956105012,37.57689208263056],[14.626246479614199,37.57706392092674],[14.626174930387393,37.57722267374351],[14.626022178035717,37.5772590281535],[14.625710200445157,37.57733327828861],[14.625618676748187,37.57735506018919],[14.625602290511459,37.57737931104339],[14.625573213428213,37.577422343565715],[14.62551905187384,37.577502502090944],[14.625265104590822,37.57787833222856],[14.62485584953798,37.57830075841758],[14.624397260183725,37.57847853651531],[14.62382881887952,37.578698896270545],[14.623729066114272,37.57881156666815],[14.62331935768554,37.579293842224935],[14.62321896849263,37.579412009809445],[14.623201922013672,37.57974463399445],[14.623196212820357,37.579856019851],[14.623181894918538,37.580135425590186],[14.623530813402365,37.580621437733804],[14.624049633394032,37.580938715180935],[14.624383816987423,37.58131855143824],[14.62452739795576,37.581481745938326],[14.624618415396748,37.58158519510922],[14.624781202026597,37.581770216612846],[14.624667847878113,37.58192514807075],[14.624646294802725,37.58195460524588],[14.624608454315796,37.58200632612389],[14.62432658607957,37.58239157732478],[14.624287277739455,37.58244530289253],[14.624235175179221,37.582516515007484],[14.624025724140427,37.58253352782387],[14.62356165038817,37.582571221012415],[14.623498208078118,37.58257637416303],[14.623157945725104,37.582604010735785],[14.622159911538308,37.58287901172368],[14.62184511591143,37.583048627097746],[14.621545749116295,37.583209928091186],[14.62135662516535,37.58333150292293],[14.621184806107859,37.58344195378013],[14.620887632495291,37.58363298508381],[14.62081395292776,37.58363547232215],[14.620639860892274,37.583641346495625],[14.620410528468328,37.58364908404748],[14.619924318240594,37.5836654881807],[14.618915665447886,37.58389901278138],[14.61887247195574,37.58395909426992],[14.618755410921711,37.584121928784874],[14.618482657219351,37.58428348179033],[14.618543277032352,37.58455805866404],[14.618626544751665,37.584630207723016],[14.618808450385876,37.58478782261605],[14.618711123305447,37.58487235606984],[14.61833135461451,37.585202205114186],[14.617944081197122,37.585551527103014],[14.617839832909505,37.58563051628763],[14.617281376792508,37.58605365795336],[14.617091334911898,37.58619765197425],[14.617050955970722,37.58623856018498],[14.616945792217805,37.58634510734369],[14.616807242571369,37.58648653197824],[14.616947795541735,37.58679513107334],[14.61700856249371,37.58692854924056],[14.61711032426691,37.587026053987024],[14.617320520774973,37.587227454103505],[14.617357597610791,37.58726297825999],[14.617715961661869,37.58755663346362],[14.617826847736168,37.5876484642616],[14.61806792176117,37.5878779480123],[14.618123487619867,37.58793084235519],[14.618313935008963,37.58835610140974],[14.617803821312215,37.588679799754935],[14.617759009005114,37.58868822313613],[14.617242954947963,37.588785217548896],[14.617145679829088,37.588803499513865],[14.616738577464927,37.58905570786095],[14.616236439322213,37.58936678828284],[14.616161195573095,37.58944222207752],[14.616065709296299,37.589537947587374],[14.615769707683532,37.58983468603957],[14.61544972622684,37.590392352336586],[14.615030375743336,37.59062616084868],[14.614622776812935,37.59048132208366],[14.61440952799772,37.59014715450399],[14.614473711906248,37.589613928477625],[14.614475153382832,37.5895869244112],[14.614481374793195,37.58953381655359],[14.614812480116298,37.58880458293716],[14.614860137002092,37.588264414242495],[14.614079131940239,37.588099135730154],[14.612888674820649,37.58837424621547],[14.612285912304968,37.588818075550925],[14.612241556022356,37.588850735762136],[14.612160046494095,37.58888994126318],[14.6116141781852,37.58915249815258],[14.611571507079756,37.5891730225766],[14.611033787234614,37.588956747825904],[14.610961191905812,37.58892754901707],[14.610954964453,37.58888155722122],[14.610894412998517,37.58843432612949],[14.610851291068018,37.5881158342205],[14.610893348082117,37.58798425816445],[14.610931016506312,37.587866409459295],[14.6111047811706,37.58732277871492],[14.61102716852518,37.58727021205697],[14.61090030178233,37.58718428509506],[14.610761544480681,37.587090305169184],[14.610304005332258,37.5867804106481],[14.60991659345257,37.5866804764602],[14.609522982450425,37.58657899910239],[14.609153099143011,37.58651609093308],[14.608923524647807,37.586477045507515],[14.60887149336706,37.58646194319107],[14.60855054678645,37.586368789902274],[14.608002928853274,37.586264812293294],[14.607915728330163,37.586248254756285],[14.607431839737643,37.58619222053454],[14.606965690519363,37.58613823861961],[14.606866574742032,37.586197014452324],[14.606835479205827,37.586215453296056],[14.606618818682078,37.5863439331917],[14.606538835820876,37.58639136319597],[14.606499344045307,37.58641478069513],[14.606480130611654,37.58644633790889],[14.606437951042755,37.58651561328203],[14.606337352203797,37.58668083428886],[14.606230592987766,37.58685617134456],[14.606202973078535,37.58690153374478],[14.60612624461019,37.58731126390428],[14.606086454198238,37.58752374459589],[14.606039013554112,37.587765539922195],[14.605948697972869,37.5882258765947],[14.605907778210005,37.588489121959796],[14.605841490988583,37.588919531047274],[14.605745703154474,37.58912987599333],[14.605536176871132,37.58958997850249],[14.605485294544476,37.589701707971074],[14.605436138585818,37.5897385428614],[14.604998392399114,37.59006435343244],[14.604897532938159,37.59009806877789],[14.60434631227437,37.59028996767196],[14.604258424769109,37.59032056549527],[14.603786503392868,37.5903677283128],[14.603615119589373,37.59038485567109],[14.603398010477456,37.59040655064041],[14.603227696491738,37.59045881356561],[14.60284234880012,37.59057706168601],[14.60266511631098,37.59049977451428],[14.602569584476571,37.59045811571211],[14.602446851571548,37.59040459315183],[14.601800379468242,37.59039260301839],[14.60152223612987,37.5905227464715],[14.601137877272446,37.59070258469592],[14.601077543052574,37.59070256627546],[14.600982950590089,37.59069683986764],[14.600414703076119,37.5906624434549],[14.600361025956701,37.590659193678015],[14.599839465991833,37.590535052612644],[14.599263500423783,37.59039795914287],[14.599056347854829,37.59034865120656],[14.598934773774694,37.590319712241886],[14.59869090560853,37.59030567792473],[14.598122788386862,37.59027298349032],[14.597952269235574,37.59026316916044],[14.597757355064592,37.590251951318926],[14.597501191183898,37.59042264921946],[14.597313612006705,37.590547645108146],[14.597208571972018,37.59088669347412],[14.597195347658696,37.59092938227359],[14.597151339926869,37.591071430508954],[14.597138369645243,37.59111331499907],[14.597110714411526,37.59120263186534],[14.59709566501054,37.59125119158717],[14.59596149345244,37.59135466462221],[14.595373827199827,37.59132933981055],[14.595315955893808,37.591326844439486],[14.595123720997611,37.59143426224983],[14.594963750614198,37.59152365016409],[14.594792434812177,37.591765854827784],[14.594955209947072,37.59200450941627],[14.595020858212976,37.59207473999956],[14.595514552575413,37.592426956823104],[14.595942596340665,37.5928161946852],[14.596176046497204,37.59300294883907],[14.596399018419653,37.593181320835846],[14.596659903619932,37.593395635464994],[14.596933781848282,37.59400913604509],[14.596501927228768,37.59411520854774],[14.596052691843422,37.59421680552301],[14.595704206680832,37.594295615714636],[14.595598434355617,37.594319536310955],[14.595481221103725,37.59434604450861],[14.5952694711953,37.59457990388836],[14.595068936275228,37.59480137598113],[14.594967999258602,37.594912851350756],[14.594925300866972,37.595046394135814],[14.594803321866856,37.5954278992266],[14.594772168594798,37.59552532943969],[14.594567906674127,37.59566234183227],[14.594306310399503,37.5958378093291],[14.594023686990539,37.59598566699041],[14.59347386814824,37.59627330532103],[14.59336462276883,37.59633045626298],[14.592724099299046,37.596902605064365],[14.592691330116017,37.5969318743609],[14.592250458945799,37.59728615212189],[14.591953065628239,37.59752513024975],[14.592039435016172,37.59773297134671],[14.59209962918155,37.59787782445341],[14.592143826364099,37.59798417881259],[14.592246557831299,37.5980007612821],[14.59228734990384,37.59800734587121],[14.592606969390694,37.59805893877762],[14.593570428290223,37.59784659326409],[14.59460282007849,37.597507175675275],[14.595180003292299,37.59770703514212],[14.595347997931848,37.59803212922206],[14.595062819543285,37.598500328534975],[14.59448241178699,37.59882275862111],[14.594171721752364,37.598891900407565],[14.59392153396979,37.598947576771096],[14.593723601386836,37.59899162421461],[14.592702986536874,37.59897038236401],[14.592238391637483,37.59916541825943],[14.592239903162696,37.59922029778807],[14.59224473496811,37.599329146236826],[14.592257921227061,37.59962621384245],[14.592335843114403,37.599670735449216],[14.592618190434905,37.59983205530985],[14.592766981640244,37.5999223352817],[14.593639166649458,37.59988238456714],[14.5944001274174,37.599506350219336],[14.594626270794235,37.59981518360744],[14.594463084998429,37.59993342704189],[14.594317107554843,37.60003920092321],[14.593897179099862,37.60035174579864],[14.593813622020628,37.6004264443346],[14.593453182335756,37.60074869605889],[14.593507167758787,37.60128852718678],[14.59383295510923,37.60182220103867],[14.594373224371623,37.602273641958945],[14.595232605261302,37.602736894628535],[14.595683367671125,37.602979665052835],[14.595854655943906,37.60307191623051],[14.59601759290521,37.60309663600257],[14.59670164052005,37.60320041474877],[14.596832749022495,37.603217377686185],[14.597642876744258,37.60332217805909],[14.597880444494049,37.603458386997175],[14.597987006979775,37.603519852827084],[14.598196484484893,37.60364018137938],[14.598186912618132,37.603893670920414],[14.598181584974542,37.60403474058355],[14.598005978376552,37.60438974984457],[14.597918221092764,37.60456715903034],[14.59757811219507,37.60471839353732],[14.597125214394202,37.604573383592815],[14.596832225482087,37.60438252517566],[14.596152597092406,37.60434509284115],[14.595764084928913,37.60479343239451],[14.595613613286025,37.605378995294394],[14.595542183798626,37.60602833344981],[14.59554198365999,37.60611916294925],[14.59554084224154,37.60663154444672],[14.595412385125547,37.60695499643782],[14.5951072040023,37.60682772771608],[14.594542048243303,37.60658227393936],[14.59404722144429,37.606283969996],[14.59339290103364,37.60564215017847],[14.592909045726762,37.60549508381439],[14.592848647928259,37.60547672642029],[14.592350832950128,37.605430628297256],[14.59209140054377,37.6051683956619],[14.591902693988283,37.60467097576635],[14.591894188070906,37.604643084260196],[14.591757240528516,37.60419400768816],[14.591726371978396,37.60369808114693],[14.591397668880688,37.6036529365087],[14.591056627447342,37.603867196269945],[14.590704477812688,37.604027980445665],[14.590387421998818,37.60427935563279],[14.590098756937051,37.60492774998954],[14.59002721645526,37.60559508493161],[14.589931692255508,37.60608672375847],[14.589817568015754,37.606674084387144],[14.589544249575056,37.607159705771515],[14.588916229202,37.607772449865784],[14.588324795612236,37.60815614340183],[14.587666034492981,37.60864205733189],[14.586849216022019,37.60873712372956],[14.586429520199953,37.60895962312732],[14.58593898077987,37.60907595113718],[14.585634565098587,37.60914815072756],[14.584897742640202,37.60923490676357],[14.584841058727655,37.60928428595548],[14.584604194176503,37.60949062688354],[14.584567125890882,37.60952291786523],[14.584566928413803,37.60962069941639],[14.584566141618842,37.61000009785287],[14.584719095873028,37.61078506075974],[14.58495519222088,37.61127349598551],[14.58509626011379,37.61154602501602],[14.585183083521526,37.61171376046728],[14.585267872917742,37.61187756287617],[14.585348855807482,37.61215601330737],[14.585361378436755,37.61219907026545],[14.585469959477052,37.61257241049448],[14.58544186767375,37.612641260725134],[14.585250803733361,37.61312071828892],[14.585096698368774,37.61342094917422],[14.584871901828553,37.613858897345274],[14.584404695954733,37.6143627108095],[14.58417799779525,37.614650305633965],[14.584525949267448,37.61489485668326],[14.585226126621876,37.61537475354769],[14.585230512828959,37.61575571575593],[14.585231138769652,37.61581005870839],[14.585233819902703,37.616042824550625],[14.585159883759863,37.616216102413006],[14.58496350313723,37.61667633617736],[14.584934857624981,37.6167434688448],[14.584131115935183,37.61704273420168],[14.584037116304723,37.617169656425155],[14.583945916417449,37.61730805986699],[14.584004435884035,37.617514773023935],[14.584032192829211,37.61761282010318],[14.584100823486638,37.6178552470495],[14.584117582573464,37.61788956499875],[14.58413451720821,37.61792424641664],[14.584437849373415,37.61854588236395],[14.584523945531789,37.618947040959334],[14.584530168160692,37.61897603261926],[14.584604071090876,37.61932037967573],[14.58456911534987,37.61935690074015],[14.584530893580908,37.61939683487753],[14.584472641850319,37.619457693905595],[14.584304062473375,37.61963381809381],[14.584148210857823,37.61979664423711],[14.58394112252302,37.62036462168029],[14.58405099079666,37.62088606140175],[14.583990976708627,37.62134691696708],[14.583965219468038,37.621544703208556],[14.583958094841371,37.62159941413434],[14.583555465033399,37.621831762721904],[14.58351104935269,37.621857395667185],[14.583451588860358,37.62189170911089],[14.583354646631838,37.62194765053214],[14.583293974646736,37.62215630271807],[14.583215061022878,37.62242768449651],[14.583181447458244,37.62254327844389],[14.583158380349762,37.62261286297844],[14.583126060355573,37.62271035439792],[14.582990384301715,37.62311962349243],[14.582939073341878,37.623274403776456],[14.582904006088691,37.62338018006357],[14.582495490560992,37.62340406881663],[14.582262367065592,37.623447898567754],[14.58211113844817,37.623476330672766],[14.58213080676882,37.62356188391906],[14.582233170578558,37.624007150111446],[14.582253933446406,37.62409746684871],[14.582433929070122,37.62444774720997],[14.582546346099354,37.624666514141225],[14.582577922107381,37.624891037221275],[14.58263280900613,37.62528132433846],[14.582593580660749,37.625340418168804],[14.582421403357623,37.6255997856458],[14.582347419580296,37.62571123493383],[14.582145331132098,37.62610624257772],[14.58211729843709,37.6261610337655],[14.582149311926369,37.62620464064835],[14.582189828989724,37.6262598299485],[14.582208361641213,37.62628507401182],[14.582422254335357,37.62657642079174],[14.582431444058756,37.62681229270605],[14.582092672343597,37.62674735877298],[14.581998923938498,37.626745317098866],[14.581879915555872,37.6267427240224],[14.581605166426831,37.62673673651542],[14.581700502270003,37.62692900194921],[14.581743601293311,37.62701592082362],[14.58180102957533,37.6271317384645],[14.582155770527974,37.62754108681649],[14.58188307468893,37.627819596856554],[14.581123855028286,37.627610301832746],[14.580756670184103,37.62767862416501],[14.58055933442709,37.62771549451261],[14.580475955796084,37.627781007315455],[14.580183406520613,37.62801674361962],[14.580066963124874,37.62811057326601],[14.579396821162824,37.628315673722085],[14.579063956710511,37.62825030326133],[14.578896317715449,37.628217069934735],[14.578695332857944,37.628177908036484],[14.578496968860673,37.628164081650226],[14.578333792277165,37.62815270835719],[14.578283205079895,37.628149182075965],[14.577868950819381,37.62812030702267],[14.577613431989384,37.628208714844696],[14.577380948444379,37.62828915274289],[14.57719802486348,37.628352442644626],[14.57681189974189,37.628656583041284],[14.57677200187056,37.6287213397743],[14.576742727391656,37.62876885520597],[14.576688686086685,37.6288565674923],[14.576617647470657,37.62897186832297],[14.576623148531521,37.62901122064267],[14.576660405319751,37.629278183813554],[14.576694122425288,37.62932401703803],[14.576727084464528,37.62936882194767],[14.576919584679356,37.62963048933971],[14.577008848197957,37.62965648833829],[14.577164707951395,37.62970188357031],[14.57722589428897,37.62971970524125],[14.577321440460283,37.629747533386954],[14.577484438287229,37.62979500778667],[14.577505100822009,37.62988576598052],[14.577640568975387,37.63048080289673],[14.577627385073779,37.63081451343252],[14.577358777179914,37.6312233734861],[14.577680488986186,37.63142135408452],[14.57770579952014,37.63143693096902],[14.577793404750103,37.63149084208521],[14.57766649934179,37.631742167034886],[14.577680067500419,37.63187528562291],[14.577691945933031,37.63199183048024],[14.577697571553385,37.63204702224502],[14.577783943126596,37.632216403034285],[14.577923090015224,37.63247496844761],[14.57817755167482,37.63266314611854],[14.578520810341377,37.63291698763654],[14.578601561183575,37.633035724792585],[14.57882246391606,37.6333605447345],[14.578850644438488,37.63340198462507],[14.57890801531061,37.633486343317536],[14.578948972046565,37.6336156012711],[14.57902471258327,37.633881927083706],[14.579071848534658,37.634047667352895],[14.579385428419988,37.63441764798072],[14.579496055351907,37.634829975807286],[14.579525211003075,37.63493864001801],[14.579552382293254,37.635039909123854],[14.579591892304729,37.63538560218384],[14.579595620122843,37.63541821447577],[14.579863045595333,37.63550847776542],[14.579923011831108,37.6355287180054],[14.57995958116763,37.635573553260556],[14.580028679669802,37.63565827315434],[14.580151748370326,37.635809164200886],[14.580222464223056,37.635895865214195],[14.58024401099701,37.63592688300563],[14.580418396969987,37.63631318296738],[14.580468005737703,37.63638063314697],[14.580631136166344,37.63660243362844],[14.580701393550719,37.63665498774226],[14.580981943599758,37.63686485018859],[14.581206928975005,37.637128757907256],[14.581212250826724,37.63723787564576],[14.581226640403111,37.637532940346254],[14.581237044006603,37.63755816334025],[14.5812967385427,37.637702892283606],[14.581416922801932,37.637994276676],[14.581517786377393,37.63844168832968],[14.581538910441006,37.638535388205874],[14.581394886108358,37.63877891328317],[14.581320568561445,37.63890457345085],[14.581194677233226,37.63911743750145],[14.58116092327123,37.63917450951606],[14.581113457622674,37.63921619686627],[14.580684884983237,37.63959258211711],[14.580659748321093,37.63961465815299],[14.579897204662554,37.64010771304113],[14.57942522584,37.64044092187561],[14.57934014623087,37.64050098566937],[14.579294215592096,37.640598845749565],[14.579270988485566,37.640648331058465],[14.5792479801254,37.64069735225688],[14.579075529726039,37.641064769035395],[14.579019264568208,37.64118464713148],[14.579009597307834,37.64126485227865],[14.578959516190631,37.64168037929576],[14.578976743695412,37.641716535590305],[14.579040256512414,37.64184983587502],[14.579149314681137,37.64207872440854],[14.579428627506225,37.642389532415365],[14.579548728045769,37.642523175235624],[14.579609345394186,37.64259062642644],[14.579694988271122,37.642719026841974],[14.580028438289919,37.643221499487815],[14.580072913767642,37.64328851806976],[14.580104124167926,37.6434635468211],[14.580121643118062,37.643561792366526],[14.580159667907223,37.64377503052542],[14.58021484889128,37.64421803723349],[14.580551770200914,37.644634160014405],[14.58065602097845,37.64472760368928],[14.580907329278485,37.64495285916318],[14.581116944817946,37.64514074254796],[14.581747994232611,37.645619433885756],[14.582402631287374,37.64605424601362],[14.583105170529564,37.646401232373165],[14.582988983871603,37.64681411657151],[14.582668905698165,37.647272687674366],[14.582573016705812,37.647434409026026],[14.582393887633046,37.64779438571536],[14.582298277900188,37.648268635298635],[14.582277181907523,37.648373280430654],[14.582254164031653,37.648487449668444],[14.582381749097266,37.64878947856598],[14.582500011842557,37.64904743941628],[14.58257082384089,37.649465416190054],[14.582587373304658,37.649563099562485],[14.582592803294153,37.64959515194669],[14.582601718409324,37.64964775645547],[14.582614331257036,37.649722175955326],[14.58262071891127,37.64975966812931],[14.582665567364815,37.649953101462096],[14.582691731578695,37.65006594418906],[14.582762614745295,37.650371661874054],[14.582809109906169,37.6505721892828],[14.583168979342632,37.65114252651842],[14.583206746082306,37.651175812734195],[14.583632267495737,37.65155085200901],[14.583692534655162,37.65160396818361],[14.583721433165081,37.651629436178624],[14.58377019199783,37.65175350589525],[14.583782194095482,37.65178404519106],[14.583812139082186,37.651860238740504],[14.583898090514305,37.65207898840705],[14.58392612084049,37.65215032503764],[14.583945425732775,37.65219945709385],[14.583912029768825,37.652285280662156],[14.583880486903208,37.65236633580376],[14.583830342798034,37.65249525041452],[14.5838936391375,37.653252959151324],[14.58397102388849,37.653604880565375],[14.58400278462489,37.654055744044236],[14.583625830740672,37.65438873398602],[14.582990444377634,37.65467322592665],[14.582331113728928,37.65500610387527],[14.582306286580737,37.65540113611575],[14.58249365328799,37.656312749405004],[14.582511044978467,37.65724143009631],[14.582391534735331,37.65825089303995],[14.58207045912672,37.65897957822321],[14.581929078773552,37.659942805882665],[14.582028857823271,37.6603949406706],[14.581471330407567,37.66068022759773],[14.58064986534187,37.66158795714261],[14.580044932425665,37.662316614067],[14.579454304549834,37.662538195194955],[14.578986750459682,37.663051011384965],[14.578403550979607,37.66381463703388],[14.578026170330919,37.66444472705848],[14.577360461487416,37.66490167098448],[14.576887620616189,37.66510865555187],[14.575832299400854,37.66541077965316],[14.574617655729192,37.66570243507266],[14.57280247287992,37.66586724838223],[14.570795339849598,37.665870087036865],[14.569367972803068,37.66564737629692],[14.568587121800135,37.66546604602386],[14.567839590509045,37.665238127654916],[14.566649203814471,37.665296740395284],[14.565481919436051,37.665210217349085],[14.564232519045188,37.66553941957549],[14.563855999728553,37.665908337453466],[14.563276422288485,37.66621259762888],[14.56180792207194,37.666716453661955],[14.561480607628399,37.666826528479824],[14.56107490211979,37.66722149833493],[14.560614482819462,37.6676709078746],[14.560181156883221,37.66803798470084],[14.559872593055829,37.66841719101275],[14.559517452763329,37.669091162233606],[14.559330958569749,37.66991922330084],[14.559275647764904,37.67012435114544],[14.559134256394218,37.670648720679736],[14.558910340545689,37.671208064481725],[14.558834870075522,37.671396587470106],[14.558634108546356,37.671914472804836],[14.558604672802451,37.67199040184008],[14.558139419771173,37.672521174162554],[14.558022241242872,37.672654853617075],[14.55736253256404,37.67296737341952],[14.556795463564855,37.672928908380406],[14.556197164846445,37.67257682355036],[14.555553940461785,37.67207832616828],[14.555307747466118,37.6714462761335],[14.555347599420358,37.67043609387395],[14.555440047434466,37.6700227819329],[14.555479111839059,37.66984832013323],[14.555522678664198,37.66965360207413],[14.555311718185838,37.66889609960942],[14.554973964995675,37.66860521155865],[14.554681754469675,37.6683535444354],[14.553761875924124,37.668285126381406],[14.552174693125728,37.668577478930516],[14.552036560108533,37.66860292162388],[14.550907199936653,37.668737354746334],[14.55080222606398,37.66874985026777],[14.550720356873676,37.66875959486683],[14.54967838149353,37.668866339881085],[14.549579540806118,37.668876466110795],[14.549342723372629,37.668892891936025],[14.549253453310673,37.668899083951985],[14.548452205264956,37.66884189073007],[14.548179684622712,37.66875389786536],[14.547296741103432,37.668468793563704],[14.54650628379764,37.668409429280715],[14.546265997517303,37.66839138181081],[14.54515283844596,37.668783742569296],[14.54458494925513,37.66896130413334],[14.543687504706106,37.66923770351569],[14.543525700200824,37.669274869214284],[14.543480608592724,37.66928522631773],[14.543256030144669,37.66933681166342],[14.543102065529096,37.66952059071161],[14.543061686280208,37.66956878983192],[14.542954913250734,37.66982915630387],[14.542892813812893,37.66998058701556],[14.542877216460099,37.67001861960851],[14.542806559502875,37.67043414471223],[14.542567645518513,37.67063187576634],[14.542452305683423,37.6706826495028],[14.541897156998104,37.67092778366891],[14.541760289297267,37.67098727595881],[14.541645253870767,37.67111388510527],[14.541326584339668,37.671464614311],[14.541408298459597,37.67184579913871],[14.541469879999688,37.67213305679631],[14.541556229798246,37.672759156846766],[14.541599848917917,37.67308795863761],[14.541552534655898,37.67357767003666],[14.541544612114068,37.673645189246024],[14.541543029286338,37.67367606301514],[14.541527544144348,37.67383633166549],[14.541331753506215,37.67429571029239],[14.540952832874206,37.674573346136654],[14.540798188131214,37.67468665537297],[14.540488051831153,37.67491389025318],[14.5401739582251,37.67506018288325],[14.539954928897224,37.67516219619696],[14.539407614655621,37.67541710932478],[14.539098718292129,37.67556097656739],[14.538896732933287,37.675655050354],[14.538859467423935,37.675660903073464],[14.537443394903502,37.6758833077319],[14.536400790246914,37.67575236654253],[14.535450513751394,37.67551363668122],[14.535130062092472,37.675432609254294],[14.534869928598226,37.67532233280134],[14.534836955291567,37.675311551290804],[14.534285836903907,37.6750839266236],[14.53422829738324,37.67506016067909],[14.533879756586133,37.67490647546537],[14.533700399296395,37.67482738891208],[14.533278220350638,37.674641230475835],[14.533113119193986,37.67454607737225],[14.533027051000836,37.67449647409756],[14.532896213897802,37.674421068117375],[14.532397301570217,37.674133525473515],[14.532328377138068,37.67409586285482],[14.53230032972222,37.674080537403704],[14.53225327320178,37.67405482593863],[14.532213167323679,37.67403291066652],[14.531190226772392,37.673475035075036],[14.530754371600406,37.67329092836172],[14.530673578117568,37.67325680113748],[14.530316749177844,37.673106073020506],[14.529872541194205,37.673034685809284],[14.52959933160786,37.67298983370636],[14.529469392895951,37.672968501496456],[14.529297065266356,37.67294021112873],[14.528764169966694,37.67303730592429],[14.52854402692571,37.67337678292781],[14.52850050328362,37.673443899571055],[14.528374269370984,37.67363856080688],[14.52818697982796,37.6738238795016],[14.527977865293215,37.67403079175981],[14.527709357000894,37.674296472498405],[14.527610084093435,37.67439469997081],[14.527449071724828,37.67453506840693],[14.527177755323988,37.67477159856232],[14.526917246144158,37.674998704682714],[14.526851415791974,37.67505609395619],[14.526777778104364,37.67512029076813],[14.52657719031003,37.675269255158284],[14.52638169154369,37.675412307385365],[14.526070987805904,37.67563965540139],[14.525837650152036,37.6757118958956],[14.525750203355507,37.675738969095704],[14.5252840656394,37.675883285380344],[14.525093909798601,37.675942157054145],[14.52473305846653,37.676089346025776],[14.52461268622882,37.6761384423437],[14.524254658243155,37.67628447901606],[14.523777053638202,37.67647928735456],[14.523297885352282,37.676674731746175],[14.522985626891646,37.6768047646711],[14.52292533496979,37.67682987061993],[14.522576703477624,37.676975049527194],[14.52253486397719,37.67699247704549],[14.522353622426973,37.67706794725404],[14.52201244219207,37.67721000800753],[14.521986350255773,37.677232279255556],[14.521453791725481,37.677686784367786],[14.521386114300956,37.6777445410906],[14.521214284867904,37.67789118567912],[14.521166907027538,37.6779284718778],[14.520793280434836,37.67822251560858],[14.520384808660078,37.67854397741397],[14.520314051070311,37.67859966350147],[14.520241282047094,37.678644565018814],[14.519631059123522,37.67902109501793],[14.518723984226932,37.678980412513795],[14.518090657758929,37.6790101394241],[14.51800930568769,37.67901395754224],[14.51625454116463,37.6784931171868],[14.51458203136639,37.67763979445159],[14.51396882084051,37.677194694762036],[14.51376942242419,37.677049958220955],[14.513460550221923,37.67682003868278],[14.513392340098513,37.67676926716293],[14.512697116766722,37.67625174499117],[14.512268819013885,37.67602448381285],[14.512090788930426,37.675930015259915],[14.511679267592601,37.675711652341114],[14.511311336637872,37.67551642013817],[14.51090045672263,37.67529839607565],[14.509884780855709,37.67454700299245],[14.509316453918068,37.67425301821652],[14.508716085619483,37.67393857109639],[14.50853786255249,37.67384670047472],[14.508315520221286,37.673816943575694],[14.508138992450771,37.67379332352608],[14.507815273967493,37.673750008339574],[14.50686900772402,37.67362338584311],[14.50678595566551,37.67361227234612],[14.506659070066311,37.67359529187506],[14.506546340027256,37.67362770592882],[14.505761471933761,37.673853379971945],[14.504996680037314,37.6741938243341],[14.504840423615512,37.674263380374754],[14.504783159999198,37.67432111466273],[14.504395724674907,37.674711733203395],[14.504189639019474,37.67491953089238],[14.503868307468524,37.67551300078341],[14.503852975690892,37.676198786020684],[14.504047737373142,37.67656007777736],[14.50441229301176,37.67723633268205],[14.504641425864644,37.67742269849689],[14.504881781855982,37.67761819031202],[14.50524699642128,37.67791523304335],[14.505628464898189,37.678125232854015],[14.506221357941158,37.67845294996132],[14.506307694924837,37.67849914607754],[14.506363851949862,37.6785300525761],[14.506501712965273,37.67860594233891],[14.506647586373816,37.67879716748535],[14.506701312686895,37.67928304720169],[14.506390308243915,37.679939060183024],[14.50591113453622,37.68038014741277],[14.505409065828598,37.68085604669483],[14.504836619167666,37.68169084540518],[14.504446111536302,37.68241134748415],[14.504102239089782,37.68295860027473],[14.503975728836364,37.6830622749109],[14.503743043818265,37.68325295556999],[14.503566263267729,37.68339782137403],[14.503191475863833,37.68345304014827],[14.502737755810259,37.6835198863508],[14.502630161483387,37.68352163791654],[14.502064445226036,37.68353084189399],[14.50185312671971,37.683534276912276],[14.501501182961372,37.683573173162166],[14.501049112877906,37.68362313451347],[14.500939737845659,37.683640060242354],[14.500900308847923,37.68364500835702],[14.500756396133246,37.68366308892889],[14.499820785870638,37.68381617980198],[14.499263088114565,37.68394454876314],[14.49905992557226,37.6839913070994],[14.498710685496272,37.68413360699666],[14.498501869363917,37.684218689345684],[14.498354788929529,37.68427861735874],[14.498163123662305,37.68438808256844],[14.498058615525274,37.68444777036928],[14.49788477891397,37.68469769160322],[14.49744047346931,37.685336446840786],[14.49713389405452,37.685787257622174],[14.496982015214204,37.68601058284314]]]}}]}
