{"type":"FeatureCollection","metadata":{"code":"086016","referenceDate":"2026-01-01","sourceDbfExportDate":"2026-02-18","upstreamArchiveUrl":"https://www.istat.it/storage/cartografia/confini_amministrativi/non_generalizzati/2026/Limiti01012026.zip","sourceManifestSha256":"70ac8256c4785dc6ed2814c32b6965ae76f9161b51abaa1660059e1c6cbd8ca6","license":"https://creativecommons.org/licenses/by/4.0/","attribution":"Istat, Confini delle unità amministrative a fini statistici al 1° gennaio 2026, versione non generalizzata.","modifications":["Converted from WGS 84 / UTM zone 32N (EPSG:32632) to RFC 7946 WGS 84 geographic coordinates.","Converted from shapefile to per-municipality GeoJSON without geometry simplification."]},"features":[{"type":"Feature","id":"086016","properties":{"code":"086016","name":"Regalbuto","alternativeName":null,"regionCode":"19","regionName":"Sicilia","territorialUnitCode":"086","territorialUnitName":"Enna"},"geometry":{"type":"Polygon","coordinates":[[[14.600500018937925,37.73515342090687],[14.599935419090905,37.73554638711473],[14.598390166752399,37.7358923372788],[14.598140888590434,37.735920262668984],[14.597991220602957,37.73593702858764],[14.597165319435279,37.73602954635171],[14.597061676645334,37.73604115595831],[14.595916752840255,37.735731097336256],[14.5952036101225,37.735312689549886],[14.595111249656894,37.73533438130755],[14.593876705137303,37.73562452255397],[14.59372644805168,37.735659834600625],[14.5924189472183,37.73607766754596],[14.591490005081312,37.736163485721285],[14.591363593813487,37.736175164574746],[14.591267277102242,37.73614659783058],[14.590606339898178,37.7359505256587],[14.590565306833746,37.735938353000506],[14.590467863140676,37.73590944488545],[14.589152824627309,37.735607413216705],[14.588085528615624,37.73563116689455],[14.587210489722453,37.73599686427822],[14.586454914736036,37.73625651729969],[14.586275591417081,37.736318139698966],[14.586144564475166,37.73636316618086],[14.58604273920752,37.7363981573516],[14.585814501745126,37.73632749853067],[14.585121725412003,37.736107415003936],[14.584259852272627,37.735905323054716],[14.583706102354826,37.73559853702811],[14.58312242793752,37.7351511828384],[14.583046487211568,37.73509297870293],[14.582926388428048,37.73500092721777],[14.582531514210432,37.73456504767778],[14.582284298772825,37.73415143096961],[14.582312391160034,37.7341230275334],[14.582454803609389,37.73397903876429],[14.58247162893317,37.732960954321236],[14.58247315753172,37.73286533496908],[14.582480160085778,37.73242713371301],[14.582488617859845,37.73189785747631],[14.582570372955697,37.73153058207957],[14.582687514104618,37.73100433211841],[14.582711307707232,37.73089746680766],[14.582745345485455,37.730744589827616],[14.582476089928791,37.73058436524717],[14.582304054619904,37.730481992964954],[14.581442174010785,37.730306870559474],[14.581198399859005,37.72993362143096],[14.581471304351691,37.72907348151467],[14.58160908028471,37.72892555597162],[14.582237630722863,37.72825477702011],[14.582289381614586,37.72820579168265],[14.582406129756333,37.72809528130651],[14.583241433100515,37.72730459234241],[14.583262711694065,37.7272547092421],[14.583609895240311,37.72644084188722],[14.583545326894445,37.72608155023787],[14.58348798241555,37.72576245285623],[14.583524623365792,37.72548130987672],[14.58353963337608,37.72536613835959],[14.58359482799614,37.72494264155143],[14.584167784873685,37.723972415860906],[14.584708039406,37.72275616849317],[14.58494109052313,37.72170304837681],[14.585036551810015,37.72158020657913],[14.585080857657887,37.72152319086462],[14.585444122186685,37.7210557254514],[14.585902440654001,37.72038847512249],[14.585953357716617,37.719966932033685],[14.58601979222377,37.71941690989742],[14.585970760292296,37.718676793352564],[14.585958536590832,37.718492264244375],[14.585964459511471,37.718034977146004],[14.585971748830987,37.717545468947534],[14.585974881999862,37.71733497489967],[14.585935511831087,37.71707676026295],[14.585922183596853,37.71698934716822],[14.585756502455151,37.715902710765185],[14.58545078117789,37.71499833120607],[14.585275510405335,37.71447983511209],[14.585265307021208,37.71444965197057],[14.585251595783935,37.714398409350146],[14.585009019274606,37.71349182049448],[14.584754346730099,37.713282543788665],[14.584128734566379,37.71276843862005],[14.584072121549951,37.712723750796364],[14.583868312266993,37.71256287378018],[14.583394551756165,37.7121889050531],[14.582589705137089,37.71162016272423],[14.582535052184863,37.711581543238296],[14.582209686370522,37.711086353855165],[14.582223171708737,37.71103350486691],[14.582302702449198,37.710726851061644],[14.582363551399276,37.710492223599175],[14.582464234334555,37.71010400304137],[14.582720418426476,37.708896761634755],[14.58300737701905,37.70804528544649],[14.583069195367525,37.70794823993437],[14.583129341451144,37.707855671575395],[14.583262589549156,37.707650600761255],[14.583423568047424,37.70740281428449],[14.583476766693565,37.70732092873777],[14.583592642002953,37.707142594928335],[14.583904371879818,37.70664250327558],[14.58416514113237,37.70622414901031],[14.584158204341179,37.705853418983985],[14.58415726359138,37.70580313316458],[14.584147807773448,37.70529771693908],[14.583983077931421,37.705004521537994],[14.583465983260604,37.70408415273394],[14.583169673876634,37.70355674574133],[14.583147750602457,37.70351772308638],[14.58321538443003,37.70322526038077],[14.583223585650156,37.70318979959111],[14.583287203281763,37.70291469639226],[14.583386168550344,37.70283678751259],[14.584005228867136,37.70234943206547],[14.585063334434055,37.70179452258979],[14.585166100341622,37.70174062783471],[14.585212103063435,37.701702753128316],[14.585659422822335,37.70133446500237],[14.585952273294499,37.70109335093633],[14.58599018360774,37.700190692517324],[14.585991578870944,37.70015748067199],[14.585972441761136,37.70001502745342],[14.58584279408707,37.69904997975527],[14.585795096285135,37.69869491415205],[14.584706796634531,37.69862059120177],[14.583676237407873,37.698366275762936],[14.58348310257089,37.69831861436667],[14.582595662226353,37.698083840215915],[14.5822714783102,37.69799807486362],[14.580706391942236,37.697939590832455],[14.58035668219805,37.697904302965426],[14.579584017291092,37.69782633209593],[14.578895822978556,37.69791920372229],[14.578560636551753,37.69795982034816],[14.57735968141391,37.69811645560729],[14.576972880255745,37.69833370662376],[14.576755662744274,37.69845570739928],[14.576210447052704,37.69861660747398],[14.575846592786434,37.698768902079635],[14.575146555752532,37.699011929402346],[14.57502810259355,37.69905305110368],[14.574677542801787,37.6992118443943],[14.574334383175248,37.69936728517425],[14.573323208413651,37.69966955838076],[14.572540274167162,37.699720175408864],[14.571837151096855,37.69964548522279],[14.571603976175705,37.699601941836946],[14.571010494566751,37.69949111568384],[14.570688673237973,37.699449579692214],[14.569990097451049,37.69935941591417],[14.569725610214476,37.699368288285534],[14.56959493853514,37.69937267046944],[14.569010856504917,37.699392883291864],[14.568120493652925,37.699608685173445],[14.568002957740706,37.699631356011174],[14.567308723250516,37.70007160937078],[14.566428145844412,37.70023341923401],[14.566254633121774,37.700265303906775],[14.565621875682908,37.70022990018866],[14.565394811854906,37.70021701855777],[14.565259011263642,37.70020931509541],[14.565084851741359,37.70019943401821],[14.565052481928802,37.7001951553694],[14.564965066503158,37.700183600622815],[14.56447757211121,37.70011916320708],[14.564277138440914,37.70009266802288],[14.564153516443872,37.700076327606254],[14.563542816466095,37.699995597988874],[14.563329790800378,37.699931227143885],[14.56251250615686,37.699684263628235],[14.561346576471152,37.699273542942905],[14.56092522072346,37.69911882650028],[14.56048778740578,37.69895820347858],[14.560407235666746,37.698928624979644],[14.559953038046007,37.69880098272589],[14.559557270976645,37.69868976060412],[14.55939959797192,37.698645449172425],[14.558933232617376,37.698633637310685],[14.558128929710877,37.698613262120304],[14.557789455841807,37.698553714723175],[14.557666282844018,37.698532109230285],[14.557516186947977,37.69850577804258],[14.557290112511406,37.698466114676485],[14.556439296806733,37.69850858659993],[14.555769220702421,37.69869555771631],[14.555361147294729,37.698747209820134],[14.555088095614845,37.698781770083585],[14.555082686498821,37.698883727800194],[14.55507981245962,37.69893792186371],[14.555075171636695,37.69902544082509],[14.55471987808218,37.698962949097684],[14.554566559928716,37.69893598314395],[14.554103463354341,37.698854528509294],[14.553978154162422,37.698832487978635],[14.55363223668568,37.69886450002098],[14.553053911016267,37.69892349727961],[14.552670919693755,37.6988531961154],[14.552506564655618,37.698646311077205],[14.55246744545105,37.69859706880392],[14.552434835596834,37.69855602115786],[14.552343322068483,37.698342987997385],[14.552153612702748,37.697904177769544],[14.552051533652207,37.69783740283909],[14.551998956738396,37.697803008532105],[14.551657924248664,37.6975799174365],[14.55153336918147,37.69737937507424],[14.551435184039818,37.69722128884976],[14.551410762590221,37.69718196979483],[14.551358087583134,37.696477754221306],[14.551125255282752,37.69570328292041],[14.550945808112846,37.69553709068019],[14.55091458208027,37.6955081668083],[14.550831606095885,37.69543131756979],[14.550584230657195,37.69539822558968],[14.550060562150623,37.695328172104325],[14.54986422798529,37.695230601550314],[14.549642839221233,37.69512057984016],[14.549517759444548,37.69500363253261],[14.549168526191481,37.694677098177664],[14.54920951346794,37.69463176230661],[14.549328583359312,37.69450005887047],[14.549365381719007,37.69445935721821],[14.54941535020007,37.69440408777126],[14.549534108629771,37.69427272834934],[14.54987108156658,37.694179437142445],[14.549995263797454,37.694145056405084],[14.55053376941056,37.69399596633048],[14.550572842554544,37.69397578833965],[14.550680447603005,37.69392022221304],[14.55081328640137,37.693851625944355],[14.550841002932843,37.693837312808],[14.5509319311862,37.69379035816345],[14.550910792571262,37.693749148224704],[14.55087343708261,37.69367632054193],[14.550765591874155,37.693466071785096],[14.550718894395404,37.69337503163026],[14.550627031925195,37.69333162987643],[14.550360809112675,37.69320585244924],[14.55019920306912,37.69312950036029],[14.549793150431478,37.69313716577993],[14.54958894693237,37.69314102112435],[14.549007777876449,37.693151988513755],[14.548923921663913,37.69311913129803],[14.548886932207942,37.69310463739181],[14.548650882969657,37.69301214328073],[14.548196430631366,37.692834069330154],[14.54807607857694,37.69279158069322],[14.547695413857031,37.69257025644256],[14.547687239639483,37.69244126644215],[14.547675851961936,37.692261546724346],[14.547647413492577,37.691812758218596],[14.547644082406707,37.69176018129901],[14.547686030277168,37.69136080432939],[14.547716064928375,37.691074841808536],[14.547805776537507,37.6909050226255],[14.54791191747375,37.69070410338755],[14.547977446535665,37.690580061562876],[14.548072115498957,37.69040085612617],[14.547960937263646,37.69001222676757],[14.547708760258743,37.689896641620535],[14.547448112325643,37.68977717486519],[14.547321559481327,37.6897191700747],[14.54727011148353,37.689695587250824],[14.546852417892087,37.68950413406357],[14.54627178430624,37.689180741393585],[14.546232484218153,37.68916041110385],[14.54613169593159,37.689104528512644],[14.546091265327087,37.6890801948961],[14.54586853887517,37.68895862029368],[14.54586511579472,37.688862054168624],[14.545861005656183,37.688746129559576],[14.545849340531484,37.68841711656001],[14.545854896798636,37.688385718635466],[14.545986146104228,37.68764410516747],[14.546016469354011,37.68747275695477],[14.546026073154373,37.68741848940165],[14.546017143919975,37.6873883690223],[14.54600679608015,37.687353467617505],[14.545803664237662,37.68666827401373],[14.545026921931019,37.68647942214185],[14.544785610214,37.686214394172346],[14.54474097633893,37.68616898580196],[14.544674456555537,37.686101311569324],[14.544504638735495,37.68592854841874],[14.54417036280005,37.68558846994647],[14.544121680538094,37.68553894354395],[14.543998456095819,37.6853757271823],[14.543896952231632,37.685237719358796],[14.543868247356503,37.68519868958881],[14.54373788415166,37.68502144034826],[14.543682990047346,37.68485386797988],[14.543576273703051,37.68452809954579],[14.543559999690931,37.684478420301055],[14.544039569019441,37.683922394071985],[14.544369225635005,37.6832765968181],[14.54445276653643,37.68311293832717],[14.544376192621357,37.68293445835175],[14.544197206731377,37.682517269689434],[14.544162203628218,37.68243568233476],[14.543701120691379,37.6820960298987],[14.543487534917775,37.68193869233517],[14.543438313582405,37.681902433046496],[14.543338095923495,37.68182860807742],[14.543296361896674,37.68164338809988],[14.543285300329007,37.681594294869846],[14.54325737232029,37.681470347192985],[14.543246294606726,37.68140162792916],[14.543183542990137,37.68114268634791],[14.543231026625229,37.681117418608025],[14.54331018667453,37.68107529509058],[14.543786819179976,37.68082165751928],[14.544155541243402,37.68027407510091],[14.544213724422393,37.680187669256334],[14.54428630425868,37.680079881862554],[14.544301772765099,37.68005690942841],[14.544330137677079,37.679869531036495],[14.544338343442638,37.679815323237534],[14.544375839169712,37.67955944124754],[14.544383786578571,37.67951512519124],[14.54441185216915,37.679502472652125],[14.544647110647139,37.67939641829583],[14.544760561691307,37.67934527375453],[14.544796802967033,37.679331693582405],[14.544837540918515,37.679310570429195],[14.544908624517847,37.679278525425126],[14.545171004693271,37.679160458794485],[14.545214565868328,37.67914060407665],[14.545226757949784,37.679115414760325],[14.545302114394262,37.67895972575663],[14.54533093802311,37.6789001755316],[14.545569717402211,37.678406845651395],[14.545593602824866,37.678357499685035],[14.545765136683583,37.677947496834484],[14.545821700385051,37.677824446512226],[14.545851818070728,37.67774030910992],[14.545952772965865,37.67749900303522],[14.545996082860293,37.67739547989899],[14.545999144542703,37.67733882467977],[14.546015537090643,37.67703542144181],[14.546034120830644,37.67669147925417],[14.54591709831717,37.67667648042258],[14.545722305846343,37.67665151165895],[14.545688214347557,37.6766471410314],[14.545456384116267,37.676614565941335],[14.544829150334861,37.67677978530029],[14.54461050452981,37.67683635262038],[14.54428633662784,37.67692021967601],[14.544099792698745,37.676780996695214],[14.544036509149675,37.67673376557701],[14.543801310881625,37.676558229179086],[14.543789020396265,37.67649017122246],[14.543779211312115,37.67643585771699],[14.543765795667872,37.676361571626614],[14.543760505400469,37.67633227421278],[14.543744253794522,37.6762422842902],[14.543592548251402,37.67540222115155],[14.543581108481979,37.675349713025604],[14.543549214079427,37.67520330967459],[14.543465420631803,37.674818681400446],[14.543453703231696,37.67476489355809],[14.543431049201626,37.67466090374291],[14.543385622073655,37.67445238774417],[14.543361047479005,37.67433958208715],[14.543284573208128,37.674246949679564],[14.543098905427499,37.67402205340536],[14.542803049829617,37.67366368277613],[14.542666806081073,37.67365696976975],[14.542588931584577,37.67362146200766],[14.54254022773547,37.673598259584395],[14.542332040121911,37.67349908042483],[14.542259041490091,37.67343835197792],[14.541935823804014,37.673169461055465],[14.541819648324775,37.67304535467913],[14.541556229798246,37.672759156846766],[14.541469879999688,37.67213305679631],[14.541408298459597,37.67184579913871],[14.541326584339668,37.671464614311],[14.541645253870767,37.67111388510527],[14.541760289297267,37.67098727595881],[14.541897156998104,37.67092778366891],[14.542452305683423,37.6706826495028],[14.542567645518513,37.67063187576634],[14.542806559502875,37.67043414471223],[14.542877216460099,37.67001861960851],[14.542892813812893,37.66998058701556],[14.542954913250734,37.66982915630387],[14.543061686280208,37.66956878983192],[14.543102065529096,37.66952059071161],[14.543256030144669,37.66933681166342],[14.543480608592724,37.66928522631773],[14.543525700200824,37.669274869214284],[14.543687504706106,37.66923770351569],[14.54458494925513,37.66896130413334],[14.54515283844596,37.668783742569296],[14.546265997517303,37.66839138181081],[14.54650628379764,37.668409429280715],[14.547296741103432,37.668468793563704],[14.548179684622712,37.66875389786536],[14.548452205264956,37.66884189073007],[14.549253453310673,37.668899083951985],[14.549342723372629,37.668892891936025],[14.549579540806118,37.668876466110795],[14.54967838149353,37.668866339881085],[14.550720356873676,37.66875959486683],[14.55080222606398,37.66874985026777],[14.550907199936653,37.668737354746334],[14.552036560108533,37.66860292162388],[14.552174693125728,37.668577478930516],[14.553761875924124,37.668285126381406],[14.554681754469675,37.6683535444354],[14.554973964995675,37.66860521155865],[14.555311718185838,37.66889609960942],[14.555522678664198,37.66965360207413],[14.555479111839059,37.66984832013323],[14.555440047434466,37.6700227819329],[14.555347599420358,37.67043609387395],[14.555307747466118,37.6714462761335],[14.555553940461785,37.67207832616828],[14.556197164846445,37.67257682355036],[14.556795463564855,37.672928908380406],[14.55736253256404,37.67296737341952],[14.558022241242872,37.672654853617075],[14.558139419771173,37.672521174162554],[14.558604672802451,37.67199040184008],[14.558634108546356,37.671914472804836],[14.558834870075522,37.671396587470106],[14.558910340545689,37.671208064481725],[14.559134256394218,37.670648720679736],[14.559275647764904,37.67012435114544],[14.559330958569749,37.66991922330084],[14.559517452763329,37.669091162233606],[14.559872593055829,37.66841719101275],[14.560181156883221,37.66803798470084],[14.560614482819462,37.6676709078746],[14.56107490211979,37.66722149833493],[14.561480607628399,37.666826528479824],[14.56180792207194,37.666716453661955],[14.563276422288485,37.66621259762888],[14.563855999728553,37.665908337453466],[14.564232519045188,37.66553941957549],[14.565481919436051,37.665210217349085],[14.566649203814471,37.665296740395284],[14.567839590509045,37.665238127654916],[14.568587121800135,37.66546604602386],[14.569367972803068,37.66564737629692],[14.570795339849598,37.665870087036865],[14.57280247287992,37.66586724838223],[14.574617655729192,37.66570243507266],[14.575832299400854,37.66541077965316],[14.576887620616189,37.66510865555187],[14.577360461487416,37.66490167098448],[14.578026170330919,37.66444472705848],[14.578403550979607,37.66381463703388],[14.578986750459682,37.663051011384965],[14.579454304549834,37.662538195194955],[14.580044932425665,37.662316614067],[14.58064986534187,37.66158795714261],[14.581471330407567,37.66068022759773],[14.582028857823271,37.6603949406706],[14.581929078773552,37.659942805882665],[14.58207045912672,37.65897957822321],[14.582391534735331,37.65825089303995],[14.582511044978467,37.65724143009631],[14.58249365328799,37.656312749405004],[14.582306286580737,37.65540113611575],[14.582331113728928,37.65500610387527],[14.582990444377634,37.65467322592665],[14.583625830740672,37.65438873398602],[14.58400278462489,37.654055744044236],[14.58397102388849,37.653604880565375],[14.5838936391375,37.653252959151324],[14.583830342798034,37.65249525041452],[14.583880486903208,37.65236633580376],[14.583912029768825,37.652285280662156],[14.583945425732775,37.65219945709385],[14.58392612084049,37.65215032503764],[14.583898090514305,37.65207898840705],[14.583812139082186,37.651860238740504],[14.583782194095482,37.65178404519106],[14.58377019199783,37.65175350589525],[14.583721433165081,37.651629436178624],[14.583692534655162,37.65160396818361],[14.583632267495737,37.65155085200901],[14.583206746082306,37.651175812734195],[14.583168979342632,37.65114252651842],[14.582809109906169,37.6505721892828],[14.582762614745295,37.650371661874054],[14.582691731578695,37.65006594418906],[14.582665567364815,37.649953101462096],[14.58262071891127,37.64975966812931],[14.582614331257036,37.649722175955326],[14.582601718409324,37.64964775645547],[14.582592803294153,37.64959515194669],[14.582587373304658,37.649563099562485],[14.58257082384089,37.649465416190054],[14.582500011842557,37.64904743941628],[14.582381749097266,37.64878947856598],[14.582254164031653,37.648487449668444],[14.582277181907523,37.648373280430654],[14.582298277900188,37.648268635298635],[14.582393887633046,37.64779438571536],[14.582573016705812,37.647434409026026],[14.582668905698165,37.647272687674366],[14.582988983871603,37.64681411657151],[14.583105170529564,37.646401232373165],[14.582402631287374,37.64605424601362],[14.581747994232611,37.645619433885756],[14.581116944817946,37.64514074254796],[14.580907329278485,37.64495285916318],[14.58065602097845,37.64472760368928],[14.580551770200914,37.644634160014405],[14.58021484889128,37.64421803723349],[14.580159667907223,37.64377503052542],[14.580121643118062,37.643561792366526],[14.580104124167926,37.6434635468211],[14.580072913767642,37.64328851806976],[14.580028438289919,37.643221499487815],[14.579694988271122,37.642719026841974],[14.579609345394186,37.64259062642644],[14.579548728045769,37.642523175235624],[14.579428627506225,37.642389532415365],[14.579149314681137,37.64207872440854],[14.579040256512414,37.64184983587502],[14.578976743695412,37.641716535590305],[14.578959516190631,37.64168037929576],[14.579009597307834,37.64126485227865],[14.579019264568208,37.64118464713148],[14.579075529726039,37.641064769035395],[14.5792479801254,37.64069735225688],[14.579270988485566,37.640648331058465],[14.579294215592096,37.640598845749565],[14.57934014623087,37.64050098566937],[14.57942522584,37.64044092187561],[14.579897204662554,37.64010771304113],[14.580659748321093,37.63961465815299],[14.580684884983237,37.63959258211711],[14.581113457622674,37.63921619686627],[14.58116092327123,37.63917450951606],[14.581194677233226,37.63911743750145],[14.581320568561445,37.63890457345085],[14.581394886108358,37.63877891328317],[14.581538910441006,37.638535388205874],[14.581517786377393,37.63844168832968],[14.581416922801932,37.637994276676],[14.5812967385427,37.637702892283606],[14.581237044006603,37.63755816334025],[14.581226640403111,37.637532940346254],[14.581212250826724,37.63723787564576],[14.581206928975005,37.637128757907256],[14.580981943599758,37.63686485018859],[14.580701393550719,37.63665498774226],[14.580631136166344,37.63660243362844],[14.580468005737703,37.63638063314697],[14.580418396969987,37.63631318296738],[14.58024401099701,37.63592688300563],[14.580222464223056,37.635895865214195],[14.580151748370326,37.635809164200886],[14.580028679669802,37.63565827315434],[14.57995958116763,37.635573553260556],[14.579923011831108,37.6355287180054],[14.579863045595333,37.63550847776542],[14.579595620122843,37.63541821447577],[14.579591892304729,37.63538560218384],[14.579552382293254,37.635039909123854],[14.579525211003075,37.63493864001801],[14.579496055351907,37.634829975807286],[14.579385428419988,37.63441764798072],[14.579071848534658,37.634047667352895],[14.57902471258327,37.633881927083706],[14.578948972046565,37.6336156012711],[14.57890801531061,37.633486343317536],[14.578850644438488,37.63340198462507],[14.57882246391606,37.6333605447345],[14.578601561183575,37.633035724792585],[14.578520810341377,37.63291698763654],[14.57817755167482,37.63266314611854],[14.577923090015224,37.63247496844761],[14.577783943126596,37.632216403034285],[14.577697571553385,37.63204702224502],[14.577691945933031,37.63199183048024],[14.577680067500419,37.63187528562291],[14.57766649934179,37.631742167034886],[14.577793404750103,37.63149084208521],[14.57770579952014,37.63143693096902],[14.577680488986186,37.63142135408452],[14.577358777179914,37.6312233734861],[14.577627385073779,37.63081451343252],[14.577640568975387,37.63048080289673],[14.577505100822009,37.62988576598052],[14.577484438287229,37.62979500778667],[14.577321440460283,37.629747533386954],[14.57722589428897,37.62971970524125],[14.577164707951395,37.62970188357031],[14.577008848197957,37.62965648833829],[14.576919584679356,37.62963048933971],[14.576727084464528,37.62936882194767],[14.576694122425288,37.62932401703803],[14.576660405319751,37.629278183813554],[14.576623148531521,37.62901122064267],[14.576617647470657,37.62897186832297],[14.576688686086685,37.6288565674923],[14.576742727391656,37.62876885520597],[14.57677200187056,37.6287213397743],[14.57681189974189,37.628656583041284],[14.57719802486348,37.628352442644626],[14.577380948444379,37.62828915274289],[14.577613431989384,37.628208714844696],[14.577868950819381,37.62812030702267],[14.578283205079895,37.628149182075965],[14.578333792277165,37.62815270835719],[14.578496968860673,37.628164081650226],[14.578695332857944,37.628177908036484],[14.578896317715449,37.628217069934735],[14.579063956710511,37.62825030326133],[14.579396821162824,37.628315673722085],[14.580066963124874,37.62811057326601],[14.580183406520613,37.62801674361962],[14.580475955796084,37.627781007315455],[14.58055933442709,37.62771549451261],[14.580756670184103,37.62767862416501],[14.581123855028286,37.627610301832746],[14.58188307468893,37.627819596856554],[14.582155770527974,37.62754108681649],[14.58180102957533,37.6271317384645],[14.581743601293311,37.62701592082362],[14.581700502270003,37.62692900194921],[14.581605166426831,37.62673673651542],[14.581879915555872,37.6267427240224],[14.581998923938498,37.626745317098866],[14.582092672343597,37.62674735877298],[14.582431444058756,37.62681229270605],[14.582422254335357,37.62657642079174],[14.582208361641213,37.62628507401182],[14.582189828989724,37.6262598299485],[14.582149311926369,37.62620464064835],[14.58211729843709,37.6261610337655],[14.582145331132098,37.62610624257772],[14.582347419580296,37.62571123493383],[14.582421403357623,37.6255997856458],[14.582593580660749,37.625340418168804],[14.58263280900613,37.62528132433846],[14.582577922107381,37.624891037221275],[14.582546346099354,37.624666514141225],[14.582433929070122,37.62444774720997],[14.582253933446406,37.62409746684871],[14.582233170578558,37.624007150111446],[14.58213080676882,37.62356188391906],[14.58211113844817,37.623476330672766],[14.582262367065592,37.623447898567754],[14.582495490560992,37.62340406881663],[14.582904006088691,37.62338018006357],[14.582939073341878,37.623274403776456],[14.582990384301715,37.62311962349243],[14.583126060355573,37.62271035439792],[14.583158380349762,37.62261286297844],[14.583181447458244,37.62254327844389],[14.583215061022878,37.62242768449651],[14.583293974646736,37.62215630271807],[14.583354646631838,37.62194765053214],[14.583451588860358,37.62189170911089],[14.58351104935269,37.621857395667185],[14.583555465033399,37.621831762721904],[14.583958094841371,37.62159941413434],[14.583965219468038,37.621544703208556],[14.583990976708627,37.62134691696708],[14.58405099079666,37.62088606140175],[14.58394112252302,37.62036462168029],[14.584148210857823,37.61979664423711],[14.584304062473375,37.61963381809381],[14.584472641850319,37.619457693905595],[14.584530893580908,37.61939683487753],[14.58456911534987,37.61935690074015],[14.584604071090876,37.61932037967573],[14.584530168160692,37.61897603261926],[14.584523945531789,37.618947040959334],[14.584437849373415,37.61854588236395],[14.58413451720821,37.61792424641664],[14.584117582573464,37.61788956499875],[14.584100823486638,37.6178552470495],[14.584032192829211,37.61761282010318],[14.584004435884035,37.617514773023935],[14.583945916417449,37.61730805986699],[14.584037116304723,37.617169656425155],[14.584131115935183,37.61704273420168],[14.584934857624981,37.6167434688448],[14.58496350313723,37.61667633617736],[14.585159883759863,37.616216102413006],[14.585233819902703,37.616042824550625],[14.585231138769652,37.61581005870839],[14.585230512828959,37.61575571575593],[14.585226126621876,37.61537475354769],[14.584525949267448,37.61489485668326],[14.58417799779525,37.614650305633965],[14.584404695954733,37.6143627108095],[14.584871901828553,37.613858897345274],[14.585096698368774,37.61342094917422],[14.585250803733361,37.61312071828892],[14.58544186767375,37.612641260725134],[14.585469959477052,37.61257241049448],[14.585361378436755,37.61219907026545],[14.585348855807482,37.61215601330737],[14.585267872917742,37.61187756287617],[14.585183083521526,37.61171376046728],[14.58509626011379,37.61154602501602],[14.58495519222088,37.61127349598551],[14.584719095873028,37.61078506075974],[14.584566141618842,37.61000009785287],[14.584566928413803,37.60962069941639],[14.584567125890882,37.60952291786523],[14.584604194176503,37.60949062688354],[14.584841058727655,37.60928428595548],[14.584897742640202,37.60923490676357],[14.585634565098587,37.60914815072756],[14.58593898077987,37.60907595113718],[14.586429520199953,37.60895962312732],[14.586849216022019,37.60873712372956],[14.587666034492981,37.60864205733189],[14.588324795612236,37.60815614340183],[14.588916229202,37.607772449865784],[14.589544249575056,37.607159705771515],[14.589817568015754,37.606674084387144],[14.589931692255508,37.60608672375847],[14.59002721645526,37.60559508493161],[14.590098756937051,37.60492774998954],[14.590387421998818,37.60427935563279],[14.590704477812688,37.604027980445665],[14.591056627447342,37.603867196269945],[14.591397668880688,37.6036529365087],[14.591726371978396,37.60369808114693],[14.591757240528516,37.60419400768816],[14.591894188070906,37.604643084260196],[14.591902693988283,37.60467097576635],[14.59209140054377,37.6051683956619],[14.592350832950128,37.605430628297256],[14.592848647928259,37.60547672642029],[14.592909045726762,37.60549508381439],[14.59339290103364,37.60564215017847],[14.59404722144429,37.606283969996],[14.594542048243303,37.60658227393936],[14.5951072040023,37.60682772771608],[14.595412385125547,37.60695499643782],[14.59554084224154,37.60663154444672],[14.59554198365999,37.60611916294925],[14.595542183798626,37.60602833344981],[14.595613613286025,37.605378995294394],[14.595764084928913,37.60479343239451],[14.596152597092406,37.60434509284115],[14.596832225482087,37.60438252517566],[14.597125214394202,37.604573383592815],[14.59757811219507,37.60471839353732],[14.597918221092764,37.60456715903034],[14.598005978376552,37.60438974984457],[14.598181584974542,37.60403474058355],[14.598186912618132,37.603893670920414],[14.598196484484893,37.60364018137938],[14.597987006979775,37.603519852827084],[14.597880444494049,37.603458386997175],[14.597642876744258,37.60332217805909],[14.596832749022495,37.603217377686185],[14.59670164052005,37.60320041474877],[14.59601759290521,37.60309663600257],[14.595854655943906,37.60307191623051],[14.595683367671125,37.602979665052835],[14.595232605261302,37.602736894628535],[14.594373224371623,37.602273641958945],[14.59383295510923,37.60182220103867],[14.593507167758787,37.60128852718678],[14.593453182335756,37.60074869605889],[14.593813622020628,37.6004264443346],[14.593897179099862,37.60035174579864],[14.594317107554843,37.60003920092321],[14.594463084998429,37.59993342704189],[14.594626270794235,37.59981518360744],[14.5944001274174,37.599506350219336],[14.593639166649458,37.59988238456714],[14.592766981640244,37.5999223352817],[14.592618190434905,37.59983205530985],[14.592335843114403,37.599670735449216],[14.592257921227061,37.59962621384245],[14.59224473496811,37.599329146236826],[14.592239903162696,37.59922029778807],[14.592238391637483,37.59916541825943],[14.592702986536874,37.59897038236401],[14.593723601386836,37.59899162421461],[14.59392153396979,37.598947576771096],[14.594171721752364,37.598891900407565],[14.59448241178699,37.59882275862111],[14.595062819543285,37.598500328534975],[14.595347997931848,37.59803212922206],[14.595180003292299,37.59770703514212],[14.59460282007849,37.597507175675275],[14.593570428290223,37.59784659326409],[14.592606969390694,37.59805893877762],[14.59228734990384,37.59800734587121],[14.592246557831299,37.5980007612821],[14.592143826364099,37.59798417881259],[14.59209962918155,37.59787782445341],[14.592039435016172,37.59773297134671],[14.591953065628239,37.59752513024975],[14.592250458945799,37.59728615212189],[14.592691330116017,37.5969318743609],[14.592724099299046,37.596902605064365],[14.59336462276883,37.59633045626298],[14.59347386814824,37.59627330532103],[14.594023686990539,37.59598566699041],[14.594306310399503,37.5958378093291],[14.594567906674127,37.59566234183227],[14.594772168594798,37.59552532943969],[14.594803321866856,37.5954278992266],[14.594925300866972,37.595046394135814],[14.594967999258602,37.594912851350756],[14.595068936275228,37.59480137598113],[14.5952694711953,37.59457990388836],[14.595481221103725,37.59434604450861],[14.595598434355617,37.594319536310955],[14.595704206680832,37.594295615714636],[14.596052691843422,37.59421680552301],[14.596501927228768,37.59411520854774],[14.596933781848282,37.59400913604509],[14.596659903619932,37.593395635464994],[14.596399018419653,37.593181320835846],[14.596176046497204,37.59300294883907],[14.595942596340665,37.5928161946852],[14.595514552575413,37.592426956823104],[14.595020858212976,37.59207473999956],[14.594955209947072,37.59200450941627],[14.594792434812177,37.591765854827784],[14.594963750614198,37.59152365016409],[14.595123720997611,37.59143426224983],[14.595315955893808,37.591326844439486],[14.595373827199827,37.59132933981055],[14.59596149345244,37.59135466462221],[14.59709566501054,37.59125119158717],[14.597110714411526,37.59120263186534],[14.597138369645243,37.59111331499907],[14.597151339926869,37.591071430508954],[14.597195347658696,37.59092938227359],[14.597208571972018,37.59088669347412],[14.597313612006705,37.590547645108146],[14.597501191183898,37.59042264921946],[14.597757355064592,37.590251951318926],[14.597952269235574,37.59026316916044],[14.598122788386862,37.59027298349032],[14.59869090560853,37.59030567792473],[14.598934773774694,37.590319712241886],[14.599056347854829,37.59034865120656],[14.599263500423783,37.59039795914287],[14.599839465991833,37.590535052612644],[14.600361025956701,37.590659193678015],[14.600414703076119,37.5906624434549],[14.600982950590089,37.59069683986764],[14.601077543052574,37.59070256627546],[14.601137877272446,37.59070258469592],[14.60152223612987,37.5905227464715],[14.601800379468242,37.59039260301839],[14.602446851571548,37.59040459315183],[14.602569584476571,37.59045811571211],[14.60266511631098,37.59049977451428],[14.60284234880012,37.59057706168601],[14.603227696491738,37.59045881356561],[14.603398010477456,37.59040655064041],[14.603615119589373,37.59038485567109],[14.603786503392868,37.5903677283128],[14.604258424769109,37.59032056549527],[14.60434631227437,37.59028996767196],[14.604897532938159,37.59009806877789],[14.604998392399114,37.59006435343244],[14.605436138585818,37.5897385428614],[14.605485294544476,37.589701707971074],[14.605536176871132,37.58958997850249],[14.605745703154474,37.58912987599333],[14.605841490988583,37.588919531047274],[14.605907778210005,37.588489121959796],[14.605948697972869,37.5882258765947],[14.606039013554112,37.587765539922195],[14.606086454198238,37.58752374459589],[14.60612624461019,37.58731126390428],[14.606202973078535,37.58690153374478],[14.606230592987766,37.58685617134456],[14.606337352203797,37.58668083428886],[14.606437951042755,37.58651561328203],[14.606480130611654,37.58644633790889],[14.606499344045307,37.58641478069513],[14.606538835820876,37.58639136319597],[14.606618818682078,37.5863439331917],[14.606835479205827,37.586215453296056],[14.606866574742032,37.586197014452324],[14.606965690519363,37.58613823861961],[14.607431839737643,37.58619222053454],[14.607915728330163,37.586248254756285],[14.608002928853274,37.586264812293294],[14.60855054678645,37.586368789902274],[14.60887149336706,37.58646194319107],[14.608923524647807,37.586477045507515],[14.609153099143011,37.58651609093308],[14.609522982450425,37.58657899910239],[14.60991659345257,37.5866804764602],[14.610304005332258,37.5867804106481],[14.610761544480681,37.587090305169184],[14.61090030178233,37.58718428509506],[14.61102716852518,37.58727021205697],[14.6111047811706,37.58732277871492],[14.610931016506312,37.587866409459295],[14.610893348082117,37.58798425816445],[14.610851291068018,37.5881158342205],[14.610894412998517,37.58843432612949],[14.610954964453,37.58888155722122],[14.610961191905812,37.58892754901707],[14.611033787234614,37.588956747825904],[14.611571507079756,37.5891730225766],[14.6116141781852,37.58915249815258],[14.612160046494095,37.58888994126318],[14.612241556022356,37.588850735762136],[14.612285912304968,37.588818075550925],[14.612888674820649,37.58837424621547],[14.614079131940239,37.588099135730154],[14.614860137002092,37.588264414242495],[14.614812480116298,37.58880458293716],[14.614481374793195,37.58953381655359],[14.614475153382832,37.5895869244112],[14.614473711906248,37.589613928477625],[14.61440952799772,37.59014715450399],[14.614622776812935,37.59048132208366],[14.615030375743336,37.59062616084868],[14.61544972622684,37.590392352336586],[14.615769707683532,37.58983468603957],[14.616065709296299,37.589537947587374],[14.616161195573095,37.58944222207752],[14.616236439322213,37.58936678828284],[14.616738577464927,37.58905570786095],[14.617145679829088,37.588803499513865],[14.617242954947963,37.588785217548896],[14.617759009005114,37.58868822313613],[14.617803821312215,37.588679799754935],[14.618313935008963,37.58835610140974],[14.618123487619867,37.58793084235519],[14.61806792176117,37.5878779480123],[14.617826847736168,37.5876484642616],[14.617715961661869,37.58755663346362],[14.617357597610791,37.58726297825999],[14.617320520774973,37.587227454103505],[14.61711032426691,37.587026053987024],[14.61700856249371,37.58692854924056],[14.616947795541735,37.58679513107334],[14.616807242571369,37.58648653197824],[14.616945792217805,37.58634510734369],[14.617050955970722,37.58623856018498],[14.617091334911898,37.58619765197425],[14.617281376792508,37.58605365795336],[14.617839832909505,37.58563051628763],[14.617944081197122,37.585551527103014],[14.61833135461451,37.585202205114186],[14.618711123305447,37.58487235606984],[14.618808450385876,37.58478782261605],[14.618626544751665,37.584630207723016],[14.618543277032352,37.58455805866404],[14.618482657219351,37.58428348179033],[14.618755410921711,37.584121928784874],[14.61887247195574,37.58395909426992],[14.618915665447886,37.58389901278138],[14.619924318240594,37.5836654881807],[14.620410528468328,37.58364908404748],[14.620639860892274,37.583641346495625],[14.62081395292776,37.58363547232215],[14.620887632495291,37.58363298508381],[14.621184806107859,37.58344195378013],[14.62135662516535,37.58333150292293],[14.621545749116295,37.583209928091186],[14.62184511591143,37.583048627097746],[14.622159911538308,37.58287901172368],[14.623157945725104,37.582604010735785],[14.623498208078118,37.58257637416303],[14.62356165038817,37.582571221012415],[14.624025724140427,37.58253352782387],[14.624235175179221,37.582516515007484],[14.624287277739455,37.58244530289253],[14.62432658607957,37.58239157732478],[14.624608454315796,37.58200632612389],[14.624646294802725,37.58195460524588],[14.624667847878113,37.58192514807075],[14.624781202026597,37.581770216612846],[14.624618415396748,37.58158519510922],[14.62452739795576,37.581481745938326],[14.624383816987423,37.58131855143824],[14.624049633394032,37.580938715180935],[14.623530813402365,37.580621437733804],[14.623181894918538,37.580135425590186],[14.623196212820357,37.579856019851],[14.623201922013672,37.57974463399445],[14.62321896849263,37.579412009809445],[14.62331935768554,37.579293842224935],[14.623729066114272,37.57881156666815],[14.62382881887952,37.578698896270545],[14.624397260183725,37.57847853651531],[14.62485584953798,37.57830075841758],[14.625265104590822,37.57787833222856],[14.62551905187384,37.577502502090944],[14.625573213428213,37.577422343565715],[14.625602290511459,37.57737931104339],[14.625618676748187,37.57735506018919],[14.625710200445157,37.57733327828861],[14.626022178035717,37.5772590281535],[14.626174930387393,37.57722267374351],[14.626246479614199,37.57706392092674],[14.62632956105012,37.57689208263056],[14.626426839789726,37.57666373892115],[14.626935701160145,37.576865435881004],[14.627085662057599,37.57692599123806],[14.627606508883195,37.57717032431406],[14.628019416383344,37.577364021043614],[14.628292636349517,37.577511267746374],[14.628675297575402,37.577717495227446],[14.629252000816894,37.57781818852625],[14.629626359670265,37.57769225594714],[14.62953548924851,37.57751517420027],[14.629413318070567,37.57727709629028],[14.629330551387921,37.57711069866965],[14.629258893803609,37.57696663194188],[14.629155747640157,37.57675924276877],[14.629076556452288,37.576600018017075],[14.629057482367715,37.57631382941991],[14.62903394376528,37.575960641748],[14.628950478199041,37.57541871696013],[14.628946543832186,37.57539317367717],[14.628643290259777,37.57499588172198],[14.628178240843795,37.575020318427875],[14.627421304521642,37.57491024476558],[14.626753095474493,37.57491743844068],[14.62656732291056,37.574845396527856],[14.626347244109603,37.574760048904515],[14.62621239411535,37.57470775340817],[14.626096963134769,37.57466298791622],[14.62585327804773,37.57436931842345],[14.625511389247606,37.5739572941117],[14.625585751732798,37.57355313623885],[14.625604132428364,37.57345324290497],[14.62569936412938,37.5734271671028],[14.625942839055309,37.5733604976701],[14.626354799027048,37.573247692641495],[14.626420691833825,37.57322964934488],[14.627007021639976,37.57306689722111],[14.627069338549505,37.57304959891968],[14.6272435711435,37.573001234201804],[14.627351278151881,37.572971336740586],[14.62816846060955,37.57259692512786],[14.628221263857867,37.572464202634485],[14.628289619544228,37.572288346736904],[14.628011534794313,37.571795454304514],[14.627967491692786,37.57171996566829],[14.627931885235876,37.57165893734248],[14.62790963561633,37.57161933952384],[14.627856066133647,37.57152898890493],[14.627833572578599,37.571506414535904],[14.627788560290707,37.571413287894735],[14.627655107156613,37.57130633845024],[14.627271203177562,37.57099867750673],[14.627208839455765,37.57094869878138],[14.627186003817574,37.57093039786132],[14.627133979973436,37.57088870555871],[14.627068870282484,37.57046646542932],[14.627383213832822,37.5700790254113],[14.627408193389355,37.570048236404936],[14.627433614789423,37.57001690322548],[14.62754049696154,37.56990884418041],[14.627684830723549,37.56976292231124],[14.627798126257263,37.569648378004636],[14.62777361245871,37.569623513691894],[14.6276660737037,37.569514432660114],[14.627414607274055,37.56925936142614],[14.627061775195413,37.569209339937096],[14.626555095948541,37.56913984916441],[14.626475236840795,37.569128745194796],[14.626375530874268,37.56909806466308],[14.625929794138004,37.568960904895796],[14.625849257139288,37.568936122258506],[14.625797871946428,37.56892031033469],[14.6256441263209,37.56879459254571],[14.625330430437582,37.56853808298644],[14.625261402744373,37.56848163836904],[14.625233611108728,37.56845891249926],[14.625339438464733,37.56814814590087],[14.625360769875822,37.56808550391283],[14.625381493976656,37.5680246464201],[14.625394279456565,37.56798883317381],[14.62544232855157,37.56793452131226],[14.625599142125791,37.56775726856266],[14.625493304740964,37.56764754135016],[14.62544231912786,37.56759571497604],[14.624844110118564,37.566987654783865],[14.624712468286328,37.566647594329226],[14.624689534897891,37.56658839065054],[14.624676428390783,37.566554554140495],[14.624783108568181,37.5664949581893],[14.624979104524725,37.56638508528161],[14.625028229597051,37.56635742688044],[14.625166107952506,37.56636111423023],[14.625732761694495,37.56637624188873],[14.62614961254918,37.56638735425144],[14.626313759379377,37.566405818502446],[14.626748933932104,37.566480234247294],[14.627053966448104,37.56661642339786],[14.62716412859765,37.56660962975815],[14.627445509128421,37.56659227709751],[14.628014848131079,37.566557163333506],[14.62856235928961,37.566452775064185],[14.629037833369251,37.56643300007873],[14.629129563965295,37.56642788476954],[14.629331096428523,37.56641617009962],[14.629343814820162,37.566519258255404],[14.629385195371517,37.56685408729971],[14.629384044369337,37.56718316208187],[14.6293831906102,37.567350154678444],[14.629382343936124,37.567515577821986],[14.629623463790246,37.568034192753956],[14.629651545075975,37.568094591222504],[14.630099567441148,37.5685035008118],[14.630710604394176,37.56906118393651],[14.631273658571992,37.56970266272101],[14.631768098192412,37.56995585543706],[14.632032541397484,37.570091267261546],[14.632109696047744,37.57013077593471],[14.633022247485282,37.57007945073977],[14.633185942775942,37.57007024345403],[14.633361328566902,37.57004812594382],[14.633735542449628,37.57000093313625],[14.633921485627722,37.56997748202993],[14.634307655764465,37.56992877962605],[14.634484230550363,37.56994111044652],[14.634723880771856,37.56995786561906],[14.634975656911394,37.569975553820974],[14.635740667942471,37.56969232233237],[14.6357925336738,37.56967312004092],[14.636150683173598,37.56954384756234],[14.636476416161042,37.56942627420533],[14.637108163299208,37.56919824329666],[14.637495506184646,37.56876783171022],[14.637519057910634,37.5685265154746],[14.637533675807957,37.56837673455551],[14.637544422022831,37.56826663060037],[14.63756678918406,37.56803747026406],[14.637615248916484,37.5679206703461],[14.637665622475948,37.56779973217059],[14.63770775493764,37.567698542039004],[14.637773156551047,37.56754146953058],[14.63786977190152,37.56751811851368],[14.638048432812374,37.56747493834826],[14.638483962951325,37.567369673501524],[14.638725536025927,37.567311285962695],[14.63936200547474,37.56674516329696],[14.6392775473153,37.56586344114742],[14.639069811918027,37.56570374876405],[14.638893182537709,37.5655679691346],[14.638463395990195,37.56523757258477],[14.638412598198277,37.56519796829913],[14.63837943750871,37.56517211262426],[14.638239854109361,37.56506328517526],[14.63772082407769,37.564658609792225],[14.637696510117154,37.564639652584425],[14.637658473584198,37.5646136791872],[14.637323882228083,37.56438519452816],[14.637122033556537,37.56405277198044],[14.637143022950106,37.56401863070167],[14.637236946143304,37.563865852969634],[14.637315903973418,37.56373741692924],[14.63772647699776,37.563649645373026],[14.638143629417858,37.56356046429318],[14.638676128041173,37.56350795879675],[14.63942168399239,37.56386157740401],[14.639941608525163,37.56401669263919],[14.6399875470468,37.56402733908207],[14.640293665823542,37.56409828039973],[14.640722191461416,37.564197586747895],[14.641637445773481,37.56456106813722],[14.642303504587582,37.56477894987261],[14.642479533447748,37.5647774954571],[14.64298373349873,37.56477332180463],[14.643463363600066,37.56523158065265],[14.643502826331828,37.565269284824026],[14.643739916733626,37.56549580686492],[14.643862978662225,37.56561338327789],[14.644292716383978,37.565678299300565],[14.644313710172106,37.56565716406057],[14.644337011516157,37.565633704465775],[14.644463033806597,37.565506832460294],[14.644783307536912,37.56518439452431],[14.644822168078674,37.56511343316736],[14.644912467204037,37.56494853720835],[14.64514782106723,37.56451875210616],[14.64540639098789,37.564463242090035],[14.645501316861433,37.564442862953584],[14.646065885928664,37.56432166389553],[14.646755407476286,37.56452263108586],[14.647026107109124,37.564793213850315],[14.647022968889447,37.56548879257999],[14.646716124857553,37.5657398185254],[14.646541421750168,37.565950557259],[14.646418839211321,37.56609842449467],[14.646391686066941,37.566316741526975],[14.64637274904895,37.56646973517611],[14.646029916331251,37.5668382317505],[14.645962912575925,37.56691025212449],[14.645945515943803,37.56694852561074],[14.645778620177333,37.567315691922225],[14.645722379043784,37.56743941911605],[14.645877345215439,37.5681791632672],[14.646073048847715,37.56855246697361],[14.646206700246747,37.568807404693814],[14.646237578172494,37.56886630428133],[14.646436873571206,37.569032592482756],[14.646832304993671,37.569362526872546],[14.646903838212125,37.569428356963876],[14.647342088455408,37.569832806462],[14.647368064854163,37.56986293371799],[14.647536960446894,37.570058818237484],[14.647820422816888,37.57038757719674],[14.647848921756797,37.57042063053821],[14.648254612357889,37.570783752954235],[14.64850222300195,37.57120623177282],[14.648929849590656,37.57153229300362],[14.649144625185423,37.57185730598381],[14.649548794092066,37.572526580840915],[14.649818469221708,37.57293223403546],[14.650043933471954,37.57321172851393],[14.650905570568147,37.572828261411324],[14.651473909868725,37.57255789696312],[14.65184811507595,37.57226311774343],[14.651736661861456,37.57187461016369],[14.65160341478814,37.57147817211143],[14.65210259006452,37.57119088437387],[14.651732196742481,37.57059425919622],[14.651426174343792,37.57038883501587],[14.651031371238666,37.57012381048906],[14.65099655783453,37.57010810974977],[14.650670555943686,37.56996108656436],[14.65040024501713,37.569463189466866],[14.650592744538589,37.56907704412739],[14.650767036554372,37.56872540634344],[14.651188762618903,37.568106498808696],[14.651812376232543,37.56776371706155],[14.652345653719053,37.56774936628391],[14.652989870944326,37.56792096228724],[14.653996464867006,37.56826644099831],[14.654085573549215,37.568407594805464],[14.654170345828165,37.568541880208755],[14.654187408291127,37.56857651672042],[14.654333520447516,37.56880035295634],[14.654356374731114,37.568836554797194],[14.654649646547655,37.56918052492789],[14.654684453229436,37.56922134843903],[14.654964668493756,37.56955000118378],[14.655302649008139,37.56971469215742],[14.655427080874919,37.569775325044645],[14.655943155790348,37.569905553108576],[14.656049706277184,37.5699321952034],[14.656785835313846,37.56984280836109],[14.657171004615618,37.56968247868664],[14.657989045233935,37.569341599416255],[14.65835127947549,37.569120004740576],[14.65884021066917,37.568821300046366],[14.659027039472107,37.5685640635493],[14.659068641134024,37.568506479296886],[14.659186576376587,37.568484495379074],[14.659589295726564,37.56840942515787],[14.660075891024183,37.568338767721265],[14.660305199764188,37.56802301490094],[14.66052130527657,37.567725437714536],[14.66104081899126,37.56752039531017],[14.661724681852622,37.56719942256761],[14.662489371587743,37.56744808328657],[14.662571447987029,37.56747480070344],[14.662649640058582,37.56750024301945],[14.662731342345543,37.56752682798572],[14.662944644465412,37.567629982284814],[14.663320745580064,37.5678118585069],[14.663497438525907,37.56789730092722],[14.663745915618753,37.568047487140696],[14.664097529388545,37.56826000727503],[14.664978155054076,37.56893779641058],[14.665255604926177,37.569175209542884],[14.665376795013822,37.569278909401135],[14.6654918716207,37.56937944211318],[14.665617965284788,37.56948521197537],[14.665665386409593,37.56952586034545],[14.665861310469706,37.56960378606605],[14.666006309189678,37.56966145819048],[14.666146210435112,37.56971710162424],[14.666604182038949,37.56989925173027],[14.66710817375017,37.56990443415282],[14.667280048640158,37.56990620003856],[14.667759402724496,37.569911125908746],[14.667805828738127,37.56990698031769],[14.66800158809061,37.56988950291325],[14.668744432286331,37.569823171082675],[14.66886554150464,37.56972153399727],[14.668906043239588,37.569687537556746],[14.668956649600961,37.569645070222165],[14.669206976970413,37.569435001572984],[14.669279323909928,37.56937428882448],[14.669487588284705,37.56919081956481],[14.669751101770071,37.56895867844217],[14.670017559208503,37.568723941817055],[14.67019816406846,37.56856483636689],[14.670303988467879,37.56812537470569],[14.67031578758786,37.568031260525665],[14.670334380539877,37.56788294791641],[14.670361608974432,37.56766575194224],[14.670415178361312,37.56769491050712],[14.67050863631499,37.56774577944225],[14.670870300811469,37.567942629099484],[14.670933174208589,37.56797684837851],[14.671140276899493,37.56808957362318],[14.6711790190998,37.56811146325716],[14.671219454723367,37.56813430921612],[14.671523043437078,37.56830583373562],[14.671683065069669,37.568396243964074],[14.671727151315539,37.568421150825074],[14.671977084907013,37.5685623608136],[14.672007631789956,37.56862736336386],[14.672077327388909,37.56877567658505],[14.672116877312883,37.56885983032123],[14.672145122779234,37.568919925034955],[14.67222910538177,37.5690986367686],[14.672252950033544,37.569149376047434],[14.67226975346904,37.56918513389166],[14.67229461990273,37.56924347487924],[14.672314504261811,37.56928522460191],[14.672324292528662,37.569313091692464],[14.672337665254398,37.569357433767756],[14.672433679318567,37.56956972599853],[14.672503804700744,37.569734244663],[14.672152376376859,37.570090116945956],[14.672103800917991,37.5701509161356],[14.672108447210709,37.570192361576176],[14.672095833258874,37.5702541378168],[14.672070595849315,37.570581077605055],[14.672057057402728,37.570718702389534],[14.672022766685481,37.571067245475554],[14.672093139735397,37.57125881936493],[14.672168983488092,37.571465281994726],[14.67212502400887,37.571514382693216],[14.672096476620961,37.57154627000126],[14.672023655936854,37.57162760977775],[14.671941864104953,37.57171897020793],[14.671884760533196,37.571782752364165],[14.671815219938813,37.5718604284547],[14.671730473908756,37.57201402028114],[14.671657498985777,37.572146278379094],[14.671576666475998,37.57229277498275],[14.67163066010479,37.57275154279938],[14.671654508594498,37.57279207618668],[14.671855481640648,37.57313364948271],[14.671922955322787,37.573248324997145],[14.672296015850687,37.57339462794169],[14.672534004876837,37.57335819352469],[14.672630977311274,37.57334334689691],[14.67267218927411,37.573337038087516],[14.67302848041748,37.57328248964958],[14.673111454160171,37.573269786716445],[14.673148615576027,37.573265793054745],[14.673393851354017,37.57323944916254],[14.673444735690353,37.57323397182974],[14.673757223359948,37.57320039198287],[14.674077271262504,37.57323224380177],[14.674205518640576,37.5732450071236],[14.674320576003588,37.57325224348498],[14.674423414217296,37.57326669192573],[14.674503687505002,37.57327468015903],[14.67499408679311,37.57331526322023],[14.675397167803744,37.57334862946359],[14.675567232277292,37.57348961978029],[14.675724032290315,37.57361961343251],[14.675835745814899,37.57371222791636],[14.675974377660348,37.5738271583166],[14.676067113427802,37.57390893566934],[14.67622464819043,37.57404785572637],[14.67634976352943,37.57415818761848],[14.676538167704697,37.57432432867246],[14.676566711792011,37.57483175437542],[14.676570111044368,37.574892175107934],[14.67658156662313,37.574930851272356],[14.676691964699598,37.57530356926368],[14.676725207759212,37.575415797180234],[14.676962573201845,37.575858948169596],[14.676802832153237,37.57610070590681],[14.676625452082167,37.576271580533444],[14.6764535635925,37.576434552521675],[14.676425918090443,37.57646097626106],[14.676572360301833,37.577000788725805],[14.676851612030099,37.57737215560351],[14.677307143876643,37.57746575696119],[14.67738378617623,37.57748150439724],[14.677469148457293,37.57746668449514],[14.67779841460081,37.57740951805014],[14.678245437691954,37.57733190510301],[14.678766675741922,37.577520555179575],[14.678816803988585,37.577659520373935],[14.678836900254826,37.57771523264463],[14.678955779994261,37.578044789963435],[14.679115564799206,37.57855745030853],[14.679135455840543,37.578621268076986],[14.679121113872121,37.57902704305649],[14.679112116738239,37.57905393563559],[14.679017720570918,37.57933609212642],[14.678939742641681,37.579563082943515],[14.678787679615231,37.57992663062666],[14.678733496898538,37.5800539989014],[14.678649311618946,37.580166163898305],[14.678449736329638,37.580432066687344],[14.678368957454694,37.58053969204522],[14.678275701497354,37.580629825138],[14.678191321904668,37.58070820773582],[14.678146984703616,37.58075422953008],[14.678016029898119,37.5808807987988],[14.67800456120903,37.580977175107165],[14.677983059295403,37.58115785943908],[14.677979642453508,37.581188950432974],[14.678116665362385,37.58135772449816],[14.678141264605095,37.581388024247794],[14.678229064924844,37.58149617191548],[14.67862514442809,37.58175837564314],[14.678588821553834,37.58182372827765],[14.678511951746062,37.58196203178221],[14.678463004086911,37.58197294087589],[14.678379219496941,37.58198829587179],[14.67797619959003,37.582063074588476],[14.677872259628218,37.58216367045816],[14.677830114258409,37.58220445964741],[14.677687207835207,37.5823427681259],[14.67747563993158,37.58254752660688],[14.677346600380993,37.582756741925586],[14.67731101187415,37.58281444202881],[14.677267172628715,37.582887153504046],[14.677221238083208,37.58295999487897],[14.677203818379349,37.58298823899959],[14.67716156546964,37.583004747966676],[14.676695304150615,37.58318693103547],[14.676606811527009,37.58322150749165],[14.676375826718724,37.58331175962579],[14.676228501799756,37.58389275347521],[14.676969578606418,37.58461382642469],[14.677059296121968,37.584701135055084],[14.677263551138335,37.585105666606964],[14.677396530948359,37.585369034245225],[14.677484326385342,37.58592741874825],[14.677442541935898,37.58648259059472],[14.677565285973708,37.58658800174473],[14.677602512266466,37.58662139839506],[14.677658328158861,37.58666983267941],[14.67772375126809,37.586726603827024],[14.677956556474175,37.58692861935849],[14.677962024009808,37.58717570755641],[14.677967549172369,37.58742546481931],[14.67790713024167,37.587894231114525],[14.677918550499834,37.588438031139844],[14.677919226786807,37.58847023801782],[14.677919940643182,37.58850428853004],[14.677920721376239,37.58854148747881],[14.677921565085564,37.58858169461827],[14.67792568057907,37.58877780029202],[14.67777008077946,37.58888378290246],[14.677424263389488,37.58911932586201],[14.677316503268573,37.5891963266643],[14.677245670467412,37.589246940610096],[14.677201955049432,37.58927817854254],[14.677162734858934,37.589306204510216],[14.676992947085083,37.589427527271965],[14.676913011785944,37.58948464594231],[14.676698602891525,37.58963785207344],[14.676232604827142,37.5897372027425],[14.676144854689163,37.58977916019004],[14.676083764911116,37.589808372403304],[14.67576667814304,37.58995999159366],[14.675597830218942,37.59002342081932],[14.675374554512915,37.59010729532568],[14.67518023125127,37.590180847995406],[14.675048567665714,37.59023838039391],[14.674989526023285,37.59026417955342],[14.674824557916233,37.59033626340468],[14.67468693981802,37.59060482853642],[14.674644823300957,37.59068702009412],[14.674666781955992,37.59077694520168],[14.674711239407236,37.59095899738829],[14.674777360683631,37.591229754649135],[14.6749573291877,37.59168919025051],[14.675033741145292,37.592293148739365],[14.674856495636638,37.59282136669742],[14.674837235114234,37.59287876565276],[14.674715671844194,37.592981295113724],[14.674324993429238,37.59331080537368],[14.67416467958366,37.5934255460082],[14.674050438893303,37.593507313666436],[14.673734942824112,37.59373312300317],[14.673625947888668,37.59383976241867],[14.673477448711663,37.59398505478911],[14.673423743328044,37.59403760072097],[14.673166374592197,37.59428940791323],[14.67253170300664,37.59472961478485],[14.67212272816768,37.59505089838505],[14.672753582949744,37.5954053193384],[14.672955950247442,37.595587715491],[14.673026018547676,37.59566260981617],[14.673024384017225,37.595807332419035],[14.673023687817087,37.59586895455694],[14.673022590720246,37.595966234844845],[14.672985098001313,37.59617186803475],[14.67296901059572,37.596260109219905],[14.672949406990924,37.59636763254212],[14.672942280838916,37.596406718065566],[14.672419221361254,37.59685503869307],[14.6718770004924,37.59677316255946],[14.67154890314376,37.59683232759166],[14.671434057671608,37.596853036723665],[14.670968755726475,37.59715902073959],[14.670684089339776,37.59728810203528],[14.670500800560749,37.597371214440045],[14.670438376521002,37.597399520548045],[14.6700708498241,37.5976254180557],[14.669944519737776,37.59809286055877],[14.669840763507679,37.59861548061354],[14.669418814039334,37.59911068551234],[14.6691792759302,37.599633101836766],[14.669335919894733,37.600103691904415],[14.669355282088993,37.600165470001556],[14.669221178050204,37.600273745325815],[14.66906197306608,37.60040228606306],[14.668932535861737,37.60050679200664],[14.668855251397533,37.60056919102995],[14.668816357408385,37.60057860918545],[14.66821905428489,37.60072324020722],[14.667973407117536,37.600782720634584],[14.667178568102932,37.60099656772679],[14.666390726008883,37.601224737141976],[14.666348984115007,37.60123682580423],[14.666219384516745,37.60127732008063],[14.665864527236382,37.60138819476852],[14.665829554648237,37.601399122701274],[14.665646941641409,37.60156417424902],[14.665301771256242,37.60187764049796],[14.664975395782292,37.602450760451994],[14.664528678706777,37.603187940256134],[14.664151869850109,37.60399828050169],[14.663817679897202,37.60465806593457],[14.663765121678486,37.604761828503705],[14.663601972712438,37.60516969732395],[14.663563706970253,37.605265362838054],[14.663510395535937,37.605398637614556],[14.66332792397944,37.606052190256555],[14.662793455932187,37.60645692267123],[14.662690008516648,37.606535259234676],[14.662121228367432,37.606895712023324],[14.661979736218754,37.60719036587929],[14.662024035495472,37.607298312116825],[14.66216643802884,37.60757252922833],[14.662368454673533,37.60796154028478],[14.66239987598051,37.6080220468852],[14.662435323428307,37.60809030414336],[14.662489461337954,37.60819455284445],[14.662619761409248,37.60855538812289],[14.662688366171093,37.60874537170268],[14.662749914457834,37.60891397342978],[14.662779783736038,37.60899579361084],[14.662853488131235,37.60908539062412],[14.662917364088782,37.60916219865379],[14.663253682368737,37.60956660046198],[14.664007654137492,37.61046878409325],[14.664808161557499,37.61149923368107],[14.665359222619834,37.612123093613796],[14.665814522430285,37.61256539102013],[14.66598167315957,37.612727765973965],[14.666726033914376,37.61332656232405],[14.667146603783948,37.61368090107205],[14.66757249238773,37.614039717057906],[14.668273715023762,37.61493539679568],[14.669013633657734,37.61587421057917],[14.669702990467579,37.61666018437306],[14.670697565383655,37.61733914690698],[14.671456045673748,37.617946755684],[14.671501121354863,37.61798286401629],[14.671630776678619,37.61808672691703],[14.671746916114117,37.618179762719265],[14.671767906295557,37.618200539458165],[14.671970321664038,37.618400887042675],[14.672136633151515,37.61856550011408],[14.672245962561199,37.61867371563108],[14.67232146746943,37.61874845282163],[14.672367292745122,37.61879549652416],[14.672445006358595,37.61887527276444],[14.672508589353065,37.61896204190386],[14.67298817416307,37.61961650834859],[14.673348160986304,37.620339566221304],[14.67338438156906,37.62064957511915],[14.6734093307798,37.620863103796275],[14.673413268343392,37.62089681704055],[14.673942779167842,37.62107831396364],[14.673913930335525,37.6211468251877],[14.673812328732456,37.62138811446357],[14.673749319050875,37.621537751332845],[14.673726591600571,37.621598350459315],[14.673509483687281,37.62217722801276],[14.67348726784234,37.6227212808447],[14.673484397570615,37.622791548238126],[14.673482622058247,37.62283507220024],[14.673538255054213,37.623245703751984],[14.673593984081066,37.62365624690355],[14.673558687762192,37.62379774386621],[14.673522333318113,37.62394348869196],[14.673396239699294,37.62444898103731],[14.67339102889723,37.624480701392336],[14.673370168444318,37.62460768356783],[14.673324310513276,37.62488685019023],[14.673310951416726,37.62496817233425],[14.673282210608841,37.6251431364758],[14.673129768255563,37.62592691900108],[14.673106599036805,37.626256519732365],[14.673099676991502,37.626354992927496],[14.67309041744321,37.62648671147843],[14.673063979578366,37.62686278800815],[14.673058173875608,37.62694536888232],[14.673054599477991,37.62699114465188],[14.67303692571173,37.627217442909796],[14.67300037947812,37.6276854018919],[14.672996249150286,37.62773830001343],[14.672983739823174,37.62776687326904],[14.672931355385042,37.62788653048341],[14.672798581180128,37.62818981773942],[14.672782438586477,37.62822669071943],[14.672759782490747,37.62827844254316],[14.67257452406573,37.62870160670552],[14.672410761048111,37.62938945909471],[14.67239931777434,37.62943752556855],[14.672340905594247,37.62968287041806],[14.67233423717795,37.63014529767254],[14.672333264467744,37.63021275759112],[14.672328305005014,37.630556680230825],[14.672473138944934,37.63132387394282],[14.672639479617887,37.631723026385906],[14.6726972840129,37.63186173202759],[14.672801802965969,37.63211253291274],[14.67287492046824,37.632287981342465],[14.672947827904267,37.63234195334316],[14.673178860335446,37.63251297686964],[14.673212616738471,37.63253796522596],[14.673303037294998,37.632604897903946],[14.673315538654299,37.63269498207064],[14.673370649117244,37.633092264119675],[14.673391162113285,37.63374167351467],[14.673420685101874,37.63404728813236],[14.673445046702406,37.63429946532602],[14.6734983776863,37.634493647169485],[14.673516568892563,37.63455988093245],[14.673555218146111,37.634700605725946],[14.673579247840479,37.63478809915745],[14.673697437789615,37.634934149724174],[14.67395546397008,37.635252991327214],[14.674390815132304,37.63579094692648],[14.674876843773522,37.63608550694007],[14.675126122036701,37.636236580743955],[14.6752713399228,37.636324590670974],[14.67566752691676,37.63667679572058],[14.67578896814498,37.63686328688992],[14.675982871040759,37.63716104843466],[14.676161999877182,37.63743612334388],[14.676785062998064,37.63768481791443],[14.67699980485655,37.637780518578204],[14.67703554467434,37.63784917317748],[14.677371242662304,37.63849401025531],[14.67800401887085,37.638729014641456],[14.67900062835279,37.63898469992842],[14.679045197572893,37.63906767839426],[14.679085145392207,37.63914205249351],[14.67949549542465,37.639906030114695],[14.67983221806958,37.640230432149124],[14.679938817575499,37.64033314814095],[14.680104955546584,37.6404932306474],[14.680595555790068,37.640404266917585],[14.681922847894914,37.639579456705135],[14.682696890166191,37.639206918906645],[14.682967622688832,37.63907661547935],[14.683956469270898,37.638610225893046],[14.684006776973508,37.638593333145316],[14.6848775016726,37.63830092922926],[14.684942882985505,37.63827897283887],[14.685231054190247,37.638207298552686],[14.686088483159898,37.637994032836204],[14.686579077861555,37.637957755225365],[14.686612142700643,37.637955310065166],[14.68669557472028,37.63794914008643],[14.687251091831078,37.63790538552603],[14.68749553013909,37.637889980438274],[14.688210881531493,37.63757630874065],[14.688371626784296,37.63740750998941],[14.688905072738702,37.63684733014796],[14.6896307063303,37.63627322157234],[14.690472905253339,37.635923016313775],[14.69096118592463,37.635564068574546],[14.691800423213424,37.635566203022066],[14.691997289474742,37.6355325376797],[14.69242262325004,37.63545980088077],[14.692525002500272,37.63544229239638],[14.69257138028955,37.635434361593326],[14.693106500790485,37.63500335611461],[14.69323804354659,37.6347754292959],[14.693471272243738,37.634371309372945],[14.693790468049169,37.633975514471715],[14.694054260085945,37.633614394108115],[14.69422334578533,37.633382921905934],[14.695154198586923,37.63284498904827],[14.696199834125446,37.63217995822578],[14.69700719357906,37.63179426481486],[14.698151156634944,37.63190537286918],[14.699228861729539,37.63183515391957],[14.699728145315133,37.6318544808426],[14.700519539203821,37.631885109315505],[14.701242637668049,37.63223713947622],[14.701829042098357,37.63314041546765],[14.702364597172034,37.633998900971505],[14.702844959979924,37.63406338037324],[14.703707594228826,37.63397427235504],[14.704128161965608,37.63380221299013],[14.704344158638147,37.63371384506828],[14.704550646832049,37.633594401046075],[14.70507033534262,37.633293782111714],[14.705286126523706,37.63314319836579],[14.70539000784234,37.633070708564674],[14.70564916971923,37.63288985968539],[14.705719513218789,37.632770723224574],[14.70581490284764,37.63260916900082],[14.705847047568955,37.63254472355106],[14.705864107498192,37.632519354343735],[14.705913469142923,37.63259821465859],[14.706152621150737,37.632978302220536],[14.70645208988941,37.63334922835066],[14.706653895876084,37.63359918456509],[14.706701374139973,37.63365799106467],[14.706851735419013,37.63377993323961],[14.707057897189031,37.63394712923708],[14.707337234511112,37.63417366627905],[14.707545899530084,37.63434288954128],[14.707614267001945,37.63439848164411],[14.70847608311807,37.63485238510134],[14.709696411812718,37.63543227851359],[14.709835274548798,37.63547903157675],[14.709982844402104,37.635528716739806],[14.71063692217374,37.6357489328324],[14.710673723552704,37.63576270028298],[14.710784977659591,37.6358043240667],[14.710868147857878,37.635835439737],[14.71103452943315,37.635897688697234],[14.711824232060234,37.63619313060134],[14.712260081074527,37.636332984985515],[14.712646605478861,37.63645701017853],[14.712695106358476,37.63647257253405],[14.712957232038153,37.636556680978835],[14.713619384863069,37.636855898029914],[14.713679672966132,37.63694424935515],[14.714007421676955,37.63744410270788],[14.714366115832703,37.63775601177646],[14.714547375842814,37.637913628293056],[14.714764816201413,37.63810270277436],[14.715352068434315,37.6386277763047],[14.715181366579356,37.6387681086366],[14.715101848563966,37.63883347895178],[14.715016809139026,37.63895278139924],[14.714828232689968,37.63921732969216],[14.71480866119433,37.639244785569026],[14.71474220095598,37.63933801879745],[14.714613281939513,37.63951887596582],[14.714592138969248,37.639770770440705],[14.714564157393903,37.640104136220344],[14.714544856706777,37.64015780363611],[14.714520593859403,37.64022526746938],[14.714380102198726,37.64061590861073],[14.714297846412578,37.64084462025676],[14.714289012499746,37.640869183118326],[14.714200455220425,37.64107473803369],[14.714095696507231,37.64131789764725],[14.714057313996472,37.64140348000459],[14.713934912480239,37.641949271311574],[14.713926010574784,37.64198827222763],[14.713864936643686,37.64225582798097],[14.713901394996013,37.64243956675628],[14.71392235165916,37.64254518294135],[14.713933050899046,37.642599097449896],[14.713929436210831,37.642960129744026],[14.713599777860427,37.64344572678936],[14.713687339884588,37.64395908025743],[14.713834926793908,37.64421296314195],[14.713931941020432,37.6444586341881],[14.713981475863369,37.64458407038019],[14.714069492764926,37.644806948750855],[14.714135668578319,37.64491448309714],[14.714239823457522,37.64508373148646],[14.71440464200605,37.64535155743204],[14.71445274040523,37.64542971247399],[14.71453079263571,37.645646460904615],[14.71459999443373,37.64583862815447],[14.714654251758288,37.645989296733035],[14.7148877906557,37.64622957813304],[14.715084530938068,37.646431994589435],[14.71521778956973,37.64663219415789],[14.715371687402184,37.646863399741505],[14.715454406188819,37.646987669546895],[14.715713621101038,37.64737709075328],[14.71625171127468,37.64800669571463],[14.716270837135701,37.64802904962936],[14.716449646323072,37.64823803173707],[14.716545019944835,37.648257016111536],[14.716665766646784,37.648281052880236],[14.716875023206825,37.648322708662214],[14.717012511815106,37.6483500782712],[14.717140230901473,37.64837550210674],[14.717688752533746,37.64849992469284],[14.717899206321107,37.64854665062932],[14.718128108234485,37.64798088428682],[14.718446528269236,37.647558054090176],[14.718925237238151,37.64698340363828],[14.719253870763195,37.64694358322281],[14.719561103291758,37.646906354880656],[14.720104402326953,37.646840518831574],[14.720446641611963,37.64680652543707],[14.721170342763381,37.6467346377275],[14.72182985399571,37.64635823559289],[14.722307004781625,37.64585565972628],[14.722343221439225,37.645718424162126],[14.722434980657939,37.64537072274987],[14.722490505423728,37.645160321672805],[14.72264065414327,37.6446106459512],[14.722913639042687,37.64425979608801],[14.723438681055056,37.64399888545741],[14.723651692550797,37.643893036023],[14.724368645920258,37.64371368512743],[14.724403545404526,37.64370501942342],[14.72466834831839,37.64364364167888],[14.7251375585704,37.64353488319479],[14.725750881022128,37.643248462617606],[14.72637648794363,37.642763403226766],[14.727172029034113,37.642225061058994],[14.72802530486649,37.64177960411062],[14.728137210737964,37.64172118223575],[14.729430516218704,37.64151864662668],[14.730087748290314,37.64151470719025],[14.7304873919622,37.64150548424872],[14.730686658598493,37.64151136141663],[14.730850424875541,37.64153448969003],[14.731648545972995,37.64164863724429],[14.731691114716263,37.64165069680174],[14.732759508866517,37.64169647507631],[14.732800490860509,37.641698230805545],[14.73297763736572,37.64170582074686],[14.733029914141044,37.641705378335466],[14.733696398591011,37.64169973230159],[14.733759661350225,37.641699194947336],[14.734201644392327,37.64141209080418],[14.734304539370505,37.64124966189939],[14.73436851107112,37.64114867641227],[14.73448708171878,37.64096149897318],[14.73453118356038,37.640891881165494],[14.734715048308948,37.64060162800636],[14.735054862274056,37.64019167426592],[14.735169111437157,37.64005384148579],[14.735296309963577,37.63990038603459],[14.735341961338872,37.63993147466351],[14.73539775403448,37.63996946911729],[14.735533781137946,37.640062100389954],[14.73562301640196,37.64050133056236],[14.735678649661246,37.64077517480225],[14.735773566177475,37.64089466998419],[14.735950551036913,37.64111748290568],[14.736076910731265,37.64108422195986],[14.73666410626109,37.64092965410779],[14.736701251777033,37.64089674460594],[14.737236715119678,37.64042233727172],[14.737618397170595,37.640084173027184],[14.737881238309107,37.639945931144105],[14.738156596482238,37.63980110507396],[14.738368340955564,37.639689735646265],[14.739116746305177,37.639385409784175],[14.7393686869931,37.63933571140169],[14.739980872381318,37.63921495137359],[14.740839667363145,37.639479096499024],[14.74147330160817,37.639885404878264],[14.741655463944443,37.64000346414725],[14.741867979080979,37.640140058503164],[14.742051749509592,37.64025922323791],[14.742551571879027,37.640909655760815],[14.742828230424522,37.641269673260936],[14.742861898779097,37.6413134858716],[14.742902959993739,37.641394869698324],[14.743197680999463,37.641979011562206],[14.743235596483109,37.642054159334954],[14.743289638127727,37.64216126929819],[14.743592814699916,37.6430083895625],[14.74371920560371,37.643380297067864],[14.743979769033983,37.64414699505455],[14.743997569276802,37.64419936912539],[14.744155355082727,37.64453109525791],[14.744364094640503,37.644969936407136],[14.744381221990743,37.64500311968243],[14.744819046710818,37.64524133562264],[14.744867920296137,37.64526745311914],[14.744908614872974,37.64529039646609],[14.744949041614731,37.64531078193749],[14.745015496937034,37.64534678949203],[14.745148408895398,37.64541880441684],[14.745217991101757,37.64545667008874],[14.745378391395654,37.64560647378637],[14.745506489248582,37.6457261077904],[14.745534985406008,37.645752722045714],[14.746087723870273,37.64626893619572],[14.746187124833874,37.646684444143226],[14.746300381455242,37.647106957927086],[14.746975669346227,37.64818118519324],[14.747947736642097,37.649130615947534],[14.74884366623508,37.64994463899976],[14.749291181340798,37.650307184107085],[14.749604558225496,37.65055988910049],[14.749652791907627,37.650598769796744],[14.749678744390291,37.65061969299808],[14.74988058516481,37.65078245588078],[14.749945600749253,37.65093681030951],[14.749961854043303,37.65097488560595],[14.75007264066723,37.65123439945411],[14.749296752252441,37.65121158090521],[14.749062729653627,37.65120503160017],[14.748268169784149,37.65159043819234],[14.747804210545139,37.65196871094696],[14.747771419249226,37.652050922516445],[14.747709470596819,37.65220623628947],[14.74759234549181,37.652499880965586],[14.74751674852042,37.65268940928768],[14.74706174885716,37.65322925506687],[14.746665985680997,37.65335349331594],[14.746319415556414,37.653462288425395],[14.746113293753764,37.653526993544396],[14.745949443047602,37.65357842860905],[14.745630882746978,37.65375722086988],[14.745119326975459,37.65404432949919],[14.744984924046427,37.65425495984399],[14.744951884827534,37.65430328615542],[14.744569251185005,37.65490254453297],[14.744444985956441,37.65572013654009],[14.744816840763704,37.656676407877036],[14.744975943658133,37.65687950218859],[14.745163955390169,37.657119497488225],[14.745269205443567,37.657253848636444],[14.745516414064303,37.65756940746439],[14.745767076914674,37.658440301319324],[14.74580768428534,37.65858138136913],[14.74570938941889,37.65889321007152],[14.745693642940424,37.65894316431087],[14.74554398653573,37.659417941527536],[14.74544644004107,37.65954597293173],[14.745098757608279,37.660002308118635],[14.745123811248655,37.66027210894133],[14.745187591552027,37.660958912312836],[14.745034186869072,37.66153632669831],[14.745009844718982,37.66162795312013],[14.744959048621364,37.661819145322696],[14.744904846083893,37.66202316427314],[14.744864720291446,37.66217419417399],[14.744477534460225,37.66282325142661],[14.743866934199286,37.66332276909476],[14.743781769685812,37.66344570242715],[14.743640106917383,37.66365428850191],[14.743546764218273,37.66379172996909],[14.743270327051972,37.66419876366209],[14.742192602574288,37.6650615727406],[14.741687552499831,37.66504686339897],[14.741359881738038,37.665037318620094],[14.741182496774337,37.66503215303698],[14.740104660767608,37.66490474284167],[14.74000697691002,37.66488410097006],[14.739369337789205,37.664749354791326],[14.739279928102501,37.66472866031139],[14.738997080035096,37.6646631906481],[14.738850879800125,37.6646293501261],[14.73850848033446,37.66455009497973],[14.7384724317629,37.66454372051044],[14.738349631866292,37.664513325364545],[14.737892979969446,37.66437207853394],[14.737614409613013,37.66428591181076],[14.737312747719033,37.66435431584157],[14.737098901220891,37.664398947032495],[14.736705199703225,37.66448444036085],[14.736323147729385,37.66454046137857],[14.735865645932881,37.66460754592244],[14.735809052162393,37.66441229127548],[14.735697780685687,37.66402836873409],[14.735718943156462,37.66342791418158],[14.73572316573272,37.66330811091815],[14.735724397453277,37.663273154752666],[14.735785862622327,37.663155166707845],[14.735880264498967,37.662973956856426],[14.735997468980397,37.66274897230809],[14.736056097074679,37.662580915992194],[14.736204326003334,37.66215601091274],[14.736216528498419,37.66150728405331],[14.735991338615241,37.66095564695318],[14.735928265635632,37.66092520828163],[14.735618654222344,37.66077579254875],[14.734748681627602,37.66031414920258],[14.73461157785619,37.66017749353138],[14.734467416568558,37.66003377782276],[14.734404575909368,37.65997113324574],[14.734332044237656,37.65989882602195],[14.734181750509002,37.659748862819185],[14.734142619044261,37.659710164523716],[14.734068559158088,37.6596361537707],[14.73392404405374,37.6594686317914],[14.733561823014412,37.65904874218514],[14.733512619542383,37.65896878376576],[14.733480268509135,37.65891620929498],[14.733212256265443,37.6584806722414],[14.73288736595627,37.658202783241684],[14.732849893702419,37.65817073252249],[14.7326244315389,37.65797788786069],[14.73236592829965,37.657756778949356],[14.731534060165602,37.65766966739504],[14.731412755797,37.6576569641508],[14.731149041518714,37.65780042248744],[14.730924739832771,37.65792042632123],[14.730299234644232,37.65825810825804],[14.730037863526665,37.65881237037667],[14.72999263727422,37.65890827712986],[14.72980717445567,37.659301562013425],[14.729762906069265,37.65945629853889],[14.729700463626004,37.65967455745444],[14.729624431385268,37.6599405346998],[14.72980578050431,37.66011952070122],[14.730165850512499,37.660474578107205],[14.730236441056109,37.66055163757469],[14.730721375901572,37.66109790043243],[14.730896725067902,37.66229784310723],[14.730804397931465,37.663221510937994],[14.730790476306009,37.663360764147924],[14.730776428799187,37.66341673544581],[14.730596951303214,37.66413181434189],[14.730533434221874,37.66438487645499],[14.730534281265673,37.66442297202484],[14.730978138966474,37.665307278866926],[14.731250851435092,37.6663513704933],[14.731300650544739,37.6665428180565],[14.731364558420092,37.666794963962964],[14.731476056023075,37.6672349102751],[14.731524628808398,37.66742758775029],[14.731589714938375,37.66768417702113],[14.731650902026086,37.66792539284336],[14.73168025821596,37.668041123938096],[14.73196292496502,37.668824010208866],[14.731969779390672,37.66957307718752],[14.731911160941744,37.669918978837345],[14.731834247457972,37.670372823944625],[14.7317621156074,37.67079845956467],[14.731741676687806,37.67082743337067],[14.731611024419408,37.67101263062051],[14.731412833900634,37.67129356282851],[14.731096637214497,37.67174772795906],[14.730930133020934,37.67197777391826],[14.730659205007795,37.672230496696656],[14.730578322950592,37.672305943290255],[14.73054318751538,37.67233871744409],[14.730496450856688,37.67238260745297],[14.730446738209679,37.67242930530478],[14.730419157916746,37.67245521259516],[14.730247508980455,37.67261643724865],[14.730044459585281,37.67272581149806],[14.729519036541891,37.67302778125821],[14.729256642062616,37.673199060112985],[14.728955989077123,37.673395310189846],[14.728552319188903,37.673683481451626],[14.728426499007774,37.673773586188524],[14.728314342228437,37.67385390595796],[14.728062992475355,37.67441302024212],[14.727973981839883,37.674611854490394],[14.72793210215921,37.674705404887426],[14.727785507147136,37.67503287383067],[14.727770966158081,37.67506535487509],[14.72774778182853,37.67511713604337],[14.727721248831115,37.67517461929877],[14.727513552241968,37.67553448282091],[14.727343213187305,37.67582763502736],[14.727500328334425,37.676276821430946],[14.727334925299886,37.676553503492045],[14.727299489836177,37.676637864676785],[14.72695081761618,37.67666682632236],[14.7265581477465,37.67668956664594],[14.726494824557454,37.67668510160359],[14.726341485140244,37.676674289581165],[14.725815952983604,37.67663723433566],[14.72485900482514,37.67656688594673],[14.723917283663448,37.67669216768117],[14.723579765142635,37.67701318799436],[14.72335868152332,37.67722346146614],[14.72352549921399,37.67787248952451],[14.72413536127065,37.67863044941944],[14.724292519346482,37.678832900935674],[14.724823866072997,37.67951736938668],[14.724719465881279,37.680118838983134],[14.724679321622562,37.680173517022475],[14.72441722601866,37.680530501717165],[14.724229385536141,37.68078634390477],[14.724325829656088,37.68109092604474],[14.72439189787349,37.68129957950285],[14.7244123816031,37.68135322314959],[14.72435471010491,37.68137079777767],[14.724208314056343,37.681416761884286],[14.724172114780512,37.68142812719272],[14.724069684563851,37.68146028793826],[14.723746954690506,37.6816249806618],[14.723543184628399,37.68172896598149],[14.723387112479813,37.68186041966488],[14.72316478157734,37.68204767735619],[14.722855307955818,37.68230833090198],[14.722754782475931,37.68239299832093],[14.722680547421506,37.68252135247993],[14.722606114000154,37.68265004573107],[14.72241133317255,37.68298455601383],[14.722349305599282,37.683091078149914],[14.722322902025342,37.68313642120009],[14.722203046403173,37.6833434123183],[14.722142638394569,37.683447734645625],[14.722112365419648,37.68350001573326],[14.722201498837393,37.68375846934274],[14.72224779469752,37.683892712019414],[14.722328716118998,37.68412736159884],[14.722400459109139,37.68433537542605],[14.722458104434493,37.68450251869554],[14.722553124325367,37.684778035833524],[14.722564873654287,37.68481210711234],[14.722789138919909,37.68497039520758],[14.722862346075996,37.68502206441094],[14.724155476772703,37.68593472396473],[14.724635497055758,37.68627350038155],[14.72448355960547,37.68682776545099],[14.724390484894764,37.68715411724759],[14.72427382794958,37.68757838719333],[14.723843454889767,37.6875791048103],[14.723468951159102,37.687579330047406],[14.7230393246039,37.687579991237705],[14.72299184061104,37.687580067224324],[14.722579550774556,37.68742196669638],[14.722538348538938,37.68740616588025],[14.722424251887617,37.687362413344275],[14.722187655026538,37.68747015107072],[14.722123013260742,37.687499587579296],[14.721937285150009,37.68758416079532],[14.72156301459752,37.68758543168994],[14.721376775518474,37.687586069871855],[14.721291067187215,37.68758636116967],[14.721048403188794,37.68758795761517],[14.720982887671145,37.68759260219105],[14.72093419039811,37.68778055525665],[14.720767836726928,37.68866056101999],[14.72090163315445,37.68889933906396],[14.72093807105339,37.6889634583892],[14.721030207520425,37.6891256134633],[14.721128891982891,37.689301230896156],[14.721154663637888,37.68934709294247],[14.72120829990541,37.6894425427903],[14.72136507323793,37.68978694758251],[14.721407741502121,37.68988068072501],[14.721366997203164,37.690114459556575],[14.72133855311076,37.6902383354237],[14.72129290657075,37.690437119911635],[14.721255679546475,37.69059923264727],[14.720825367665638,37.691532937593884],[14.72078733540282,37.6916154585298],[14.720747535040099,37.69170181935597],[14.720575138128458,37.69207588487251],[14.720358877813968,37.69254096196343],[14.720310460884868,37.69265017146898],[14.720278507973312,37.69271949920281],[14.719927458486369,37.69282209193119],[14.719561765602132,37.692927663857105],[14.719263677612233,37.69301600706688],[14.719159658611298,37.69304683438077],[14.719052975922443,37.69307845196866],[14.718972922022912,37.6931302264283],[14.718638886581857,37.69334617181903],[14.718614665571636,37.6934246551852],[14.71858429114391,37.69352307765987],[14.718572608932561,37.6935609315435],[14.71855391152188,37.69362233036824],[14.718425132690426,37.694045212432776],[14.718380092878762,37.694191239048386],[14.718309558088647,37.694419924884315],[14.718189202512637,37.694815111817654],[14.718152315759745,37.69493384275583],[14.718060185525967,37.695230388588854],[14.718023085983535,37.69535075831815],[14.71794600656807,37.69560109541199],[14.717912559544676,37.69568818337605],[14.717847057270173,37.69585881138932],[14.717813920037273,37.69594511458787],[14.717447420794128,37.69631627043329],[14.717139550838972,37.696630556549245],[14.717071185664249,37.696699430441804],[14.717021181422899,37.69674980677752],[14.716733485388525,37.69703964139479],[14.716635121135232,37.69713913184274],[14.716565900203374,37.69720914444151],[14.716475804954955,37.69730027116335],[14.716476112788216,37.69753151560701],[14.716476751195694,37.69762921327887],[14.716477070280515,37.697677986953636],[14.716477545172582,37.69775119445797],[14.716477807073788,37.69779247582503],[14.71662972229957,37.697961257109576],[14.716705898015757,37.69805794508254],[14.716748809824306,37.69811333838829],[14.716798493699283,37.698177472703875],[14.716798906380827,37.69826501355008],[14.716800412450477,37.698583711983034],[14.716800853609694,37.69867697403264],[14.71727837113691,37.69880001615432],[14.717335194251316,37.69887343777139],[14.717418409834197,37.698980962355925],[14.717503295547745,37.699090647126006],[14.717483379930771,37.69940216966223],[14.717481599055777,37.69943151738258],[14.71746092960759,37.69977235117921],[14.717453919835496,37.69987942650966],[14.717436308532024,37.70014839870098],[14.71743166282864,37.70021937432687],[14.71740812315774,37.70060310378201],[14.717038712839686,37.700789856531344],[14.71691819797573,37.700849449487166],[14.716466478688115,37.70107983676683],[14.716120054950371,37.701255382771095],[14.715792301592836,37.70142211236149],[14.715405243466455,37.70161871604442],[14.715426141154861,37.70189001572237],[14.715365235875847,37.701885361099606],[14.714849881249613,37.701846022435085],[14.713759666106027,37.701950802336945],[14.713170430566535,37.70197720010526],[14.712512711550577,37.701822380077104],[14.711980596423116,37.70153317146397],[14.711725702356484,37.70137278091981],[14.711505831202233,37.7012344270019],[14.710793416887968,37.700972353532094],[14.710711482926811,37.700942212647],[14.710067990719615,37.70073266930974],[14.709841946626247,37.70071970366353],[14.709760238817381,37.70071501791383],[14.709260720398031,37.70068636508998],[14.708650406963269,37.70056749190906],[14.708414756729976,37.700506869567654],[14.707980737661185,37.700395212926026],[14.707482507608118,37.7002146231882],[14.706712709849898,37.70012147900139],[14.705974307224048,37.6999390307092],[14.705432301281043,37.69967728093953],[14.70529464410248,37.69959324165063],[14.705127359828449,37.69949111400894],[14.704991651661082,37.69940826342279],[14.70489959582238,37.69935206164169],[14.704504621445404,37.69920993816413],[14.704140703657547,37.69908734021753],[14.703573469561892,37.69904960549835],[14.702971716007411,37.69897753833939],[14.702370706054362,37.699173235853394],[14.701395052859892,37.69902702838234],[14.700777584252073,37.698917292152544],[14.700420156050034,37.698853767850515],[14.700206370821318,37.69879105164413],[14.699459261130734,37.698571877663596],[14.6993668772005,37.69854477572311],[14.698771043762044,37.69810178041967],[14.698234367092653,37.69770343308252],[14.697261123384395,37.69740234150227],[14.696463470098559,37.69758021045748],[14.696334763432773,37.69760890980375],[14.695844345559594,37.69771979252439],[14.694677955529908,37.69830751808536],[14.694626308184445,37.698333470193376],[14.693895379567529,37.69790839227446],[14.693790502764033,37.697847399444804],[14.693754700731613,37.69782657819888],[14.691934265508678,37.69646991254782],[14.69062573799774,37.696361765314926],[14.690131422587653,37.696320914324744],[14.688419338340823,37.696478053825885],[14.688350301293225,37.696423095505764],[14.68812553414999,37.69624416183045],[14.687750446960015,37.695945558601366],[14.687419492370829,37.6951467164157],[14.687382599495741,37.69505766464347],[14.687299068599135,37.69485603740212],[14.687189229199378,37.694590901881284],[14.686400101771255,37.693634337353416],[14.686357273478258,37.692857653489376],[14.686335649418544,37.6924796183514],[14.685833212505779,37.69185836207906],[14.6855465435404,37.69150389383876],[14.685270896905093,37.69124014736039],[14.68467785103581,37.69067269728147],[14.684641956207495,37.690625216749325],[14.684427664284552,37.690341751255886],[14.68398850535013,37.68976082694968],[14.684145219220959,37.68911269819999],[14.684195533846829,37.68890460714994],[14.684164879091993,37.68883047870294],[14.683744090624598,37.68781292611009],[14.683718985054698,37.68775221336168],[14.683703744323022,37.687715356422174],[14.683656351543375,37.68765204217666],[14.683600753058947,37.68757776576775],[14.683268736241383,37.68713421359562],[14.683226825848946,37.6870782246918],[14.683029400378253,37.686814471837984],[14.68298557489015,37.68675592339222],[14.682950155584313,37.68670860379554],[14.682777068914119,37.686477366098394],[14.682869812757058,37.6858309300122],[14.682952967749449,37.685251328631054],[14.683022862063055,37.68523721970444],[14.683429396759298,37.685155155365514],[14.683995681115576,37.68504084022498],[14.684476827562563,37.68482527132408],[14.68453485008242,37.68479888416333],[14.684656382400847,37.684743615449655],[14.68461440544143,37.684655181090086],[14.684554349644287,37.68452866150378],[14.684158757375538,37.683667465008675],[14.684230730248693,37.6835931502076],[14.684340682261062,37.68347962089714],[14.684395127257227,37.68342340086053],[14.68443226771234,37.683385052420036],[14.68449854303925,37.68331661774309],[14.684645171489088,37.683165216754055],[14.6847522732137,37.683054627309765],[14.684776446099562,37.68302966736295],[14.685775863711507,37.68257397802454],[14.685836291691901,37.68173611292355],[14.685750305501244,37.681331994929586],[14.685703578685022,37.681112381810344],[14.685989759373678,37.680782281864545],[14.686088764181417,37.68066808337381],[14.68626361028998,37.6804664033892],[14.686569533905361,37.67986792577463],[14.68659430550028,37.679819464344035],[14.686622524900505,37.679764259147575],[14.686646676309175,37.67972911577851],[14.686711626933016,37.67964438089783],[14.686735267348164,37.67961354005325],[14.68679590914148,37.67953442477267],[14.68681372204813,37.679511186382946],[14.68690490019251,37.67939223201057],[14.68723968881533,37.67895545372882],[14.687323880093578,37.67884208175712],[14.687353765406938,37.67865293484065],[14.687439989353106,37.67810720855437],[14.686890944321835,37.67696640505265],[14.686862145438631,37.67690656658461],[14.686823407421896,37.676826074599],[14.68675736774787,37.675941471479746],[14.687610418612758,37.6752677995641],[14.688124534341556,37.674475494969585],[14.688216059698899,37.67370342947733],[14.688137651342064,37.67363617766416],[14.688102932417934,37.6736119674497],[14.687617486828797,37.67327355235121],[14.687215997834102,37.67299042902811],[14.687077049100107,37.672896800625004],[14.687020136960419,37.67288051255069],[14.686441178157773,37.67271481760632],[14.686030528852461,37.67259729367796],[14.68538865654358,37.67241358844534],[14.685284742705111,37.672402677474366],[14.684713886140692,37.67234274515895],[14.684451605984233,37.67231520996757],[14.684323419568454,37.67230175213566],[14.684143031691802,37.67228281531532],[14.683994350449087,37.672267206334524],[14.68356901090073,37.672311442325054],[14.683016966115721,37.672367387056234],[14.682622700761513,37.67240779845781],[14.682555417980307,37.67244484405851],[14.682271508270853,37.672601148318876],[14.681603228994822,37.672969071869616],[14.681566824842134,37.672989349662586],[14.681376652323777,37.67313205538289],[14.681177598088,37.67328203799516],[14.680841235620562,37.67353547675383],[14.680539275462456,37.67376299408177],[14.680305811481238,37.67393890521318],[14.680074651476271,37.67411307249459],[14.6791748105387,37.675110776562185],[14.67904224277609,37.67547307929148],[14.678979755635691,37.67563876195122],[14.678778587790028,37.67618330393949],[14.678726160074048,37.67632522181889],[14.678776091628613,37.67680655071804],[14.678795948900824,37.67699795806482],[14.678813436393458,37.677166535137516],[14.678831774621331,37.67734330269727],[14.678869420452475,37.677706175738514],[14.678879716836878,37.67780541704064],[14.678718582898298,37.67883982123957],[14.678704516806198,37.678930125529575],[14.678406057936753,37.67981326429689],[14.678107986665642,37.68048009833822],[14.678010678732472,37.68069779025281],[14.677934884371309,37.680867357035574],[14.677736869453893,37.68131037116529],[14.677674009911385,37.681451002087854],[14.677070072371704,37.6823076465484],[14.676990259754431,37.68242085338476],[14.676942375582016,37.68248877297895],[14.67684148729326,37.68263187298252],[14.676759796950202,37.68274774409146],[14.676703256978685,37.682827940198784],[14.675965964806325,37.68374090446894],[14.675936150040952,37.683777822660645],[14.67585447050568,37.683878962418014],[14.675803014227665,37.68394267542688],[14.675539809896415,37.68432469091804],[14.675137895285626,37.68490802046242],[14.675002631081139,37.68510433523071],[14.674962551441562,37.685157700673436],[14.674930664700291,37.68520015689965],[14.674570680319942,37.6856794385684],[14.674474090673515,37.68580803290175],[14.674341417978846,37.685984675440736],[14.674290032211367,37.68619961863024],[14.674187864376465,37.686626978618214],[14.674155807995065,37.686761068995466],[14.673863416537719,37.687552845156915],[14.673988760073449,37.687785445549466],[14.67417482724062,37.688130726926346],[14.674370463341784,37.68871210925759],[14.674449870728226,37.68894808341717],[14.674479851123271,37.689037181027096],[14.674542206726771,37.68922253077267],[14.674255939292832,37.68997902270946],[14.674074788374298,37.690313590431245],[14.674026065631447,37.69040357432713],[14.673940627566873,37.690561368870654],[14.673661593645049,37.69107670986416],[14.672863004481524,37.69193895686266],[14.672224247993768,37.69291951653737],[14.671470726798233,37.69395511328992],[14.671345936833905,37.69461551316195],[14.671308705293255,37.69481254950472],[14.671289829157958,37.69491244227086],[14.67111259557357,37.69585036471067],[14.671063861911657,37.69610825908432],[14.67095947553781,37.69690097175704],[14.670432674654947,37.69778159861152],[14.669834309751131,37.698261131763175],[14.66967070194566,37.69839224833475],[14.669168425507515,37.69911189883822],[14.66917526400966,37.699152232878696],[14.669202568930876,37.69931329593423],[14.669266790151116,37.699692095442494],[14.669422369876164,37.700609756199086],[14.669192126563779,37.70127576101772],[14.66883563011742,37.702337212790496],[14.668609180096743,37.702934657494815],[14.668479987055191,37.70327892556428],[14.668465461938885,37.703509216863516],[14.668445998554638,37.70381780096327],[14.668406920169177,37.70443738907444],[14.66821795242081,37.70487537955739],[14.667841611236463,37.70574765593322],[14.667707830273665,37.70605772469164],[14.667393188411454,37.70708904460347],[14.667351036029581,37.70722720713171],[14.667224795547158,37.707685178438545],[14.667050799637252,37.70831638939423],[14.667036363524561,37.70836875557822],[14.666983174556336,37.70856170480999],[14.666970651550201,37.70860713614768],[14.66614795928789,37.709648290147896],[14.66567100612205,37.710040311674675],[14.665376196503134,37.71028262267245],[14.66471392552163,37.71082694736574],[14.664253928451743,37.71160740638397],[14.663913891317218,37.71218432303974],[14.66372594069315,37.71268607552608],[14.663680438885416,37.71280754448541],[14.66366852556164,37.71284122616209],[14.663582088034543,37.71307009403844],[14.66356242375947,37.71312259303497],[14.663512094219417,37.713256943653214],[14.662916696553724,37.71340625193324],[14.662862375582426,37.713397831012685],[14.661979783903233,37.71326101882721],[14.66097164072461,37.71297874643679],[14.660496233513417,37.71291722256276],[14.660171510914088,37.7128751983448],[14.659894412882323,37.712839337129616],[14.659691918674223,37.71283027301476],[14.659114790218224,37.712804439938665],[14.65863512521186,37.712782966399246],[14.658227824698482,37.712663095915225],[14.658193380049331,37.71265295868919],[14.65724189880227,37.71237292680191],[14.656586992567423,37.71162350090413],[14.65580471057806,37.711573183791586],[14.655566400079973,37.71155785467898],[14.654943376544376,37.71129092112381],[14.654569972708254,37.7111309360103],[14.654283214327453,37.71103349311264],[14.65414941616873,37.71098802611381],[14.654027854852249,37.71094671802696],[14.65318008152871,37.71065862844402],[14.6528817612793,37.71055725321254],[14.652560693504771,37.71045947124399],[14.652345132616725,37.7103938221232],[14.652188653191411,37.71034616595316],[14.651624532682137,37.710174359107135],[14.650047846316651,37.710162397549524],[14.648365203409687,37.710148723064094],[14.647991163130122,37.71016133702663],[14.647017985970079,37.710197758436934],[14.646511636091157,37.71050037779013],[14.645834557973615,37.71090502545122],[14.644870835781774,37.710814041597786],[14.643827208028757,37.7108641669371],[14.64373956398467,37.71090961999146],[14.642690144083273,37.71145386154167],[14.64232553012278,37.71164295001138],[14.642235991078453,37.71165247830003],[14.641440530934993,37.71172144401637],[14.640698983975648,37.711601140876965],[14.640221736592522,37.71152371373913],[14.64009172570039,37.71150261232981],[14.639985534400608,37.71150300399846],[14.639024727940221,37.71150654448485],[14.637743477932334,37.71141274323141],[14.637681152818784,37.711406739732276],[14.637007905712373,37.71134189010939],[14.636495662224926,37.711292546197264],[14.636284657851652,37.71129006453388],[14.635915542879363,37.71128572421235],[14.635327462387368,37.711278804856704],[14.634824820558665,37.71197132936233],[14.634742510668776,37.71224912365376],[14.63459972729209,37.71273101261723],[14.634571155112686,37.71282744821411],[14.633997857179324,37.713516577662936],[14.633819855288555,37.71373054109974],[14.633771621869741,37.713788518499605],[14.633636772924685,37.71386793708099],[14.633155715745483,37.71415125401413],[14.633011963355367,37.714235914948645],[14.632702514257868,37.71441816221526],[14.631318480550252,37.71471653646061],[14.631225885393636,37.71473649799194],[14.631220640352277,37.714808338793695],[14.631176598209342,37.715411779868674],[14.631312360105852,37.715951618686],[14.63144447681874,37.716476955410954],[14.631757629491325,37.71722878489295],[14.631926071777194,37.717633179828184],[14.631299980804847,37.71844947291954],[14.63122412595255,37.71854837261453],[14.631092765985256,37.71871963635427],[14.63102197322206,37.71897444742712],[14.630868467803428,37.71952697785567],[14.63079239546845,37.7198007946361],[14.630975597272077,37.72105044909935],[14.630989305354348,37.721143949731115],[14.63128429467899,37.72161434443432],[14.631359428742398,37.721734151866585],[14.631419198707643,37.72182946101041],[14.631651682938747,37.72220017628143],[14.631889538976555,37.72257944867051],[14.632579140220052,37.7233678424505],[14.63323454770994,37.72389232759685],[14.633611315486792,37.72417085402892],[14.633969305099555,37.724435495816074],[14.634024944895966,37.72461036437801],[14.63417032780208,37.72506726953519],[14.634104565950969,37.72511721951816],[14.633885467145227,37.72528364414769],[14.633676811423488,37.72544213268202],[14.63354415587232,37.725542906475695],[14.63256571626626,37.726053421162376],[14.632527012379079,37.72608332231679],[14.632319354035241,37.72624375749707],[14.63218401666756,37.72634831604703],[14.632158090796683,37.72636834570554],[14.63198494811748,37.72650211293256],[14.631258301556919,37.726857623788916],[14.63114349550109,37.72691379266003],[14.630390855566349,37.72749674729637],[14.62957081685372,37.728134696379065],[14.628840299008548,37.728943889042334],[14.628019477126731,37.72953459418881],[14.627192068280609,37.7295067060012],[14.626147281764604,37.72961075684561],[14.62556972299712,37.729775807977006],[14.624898528839253,37.729967614168345],[14.623989011151,37.7305320407134],[14.623772275232357,37.730670313614496],[14.622727328944384,37.73051040004913],[14.622011187900345,37.73068869554955],[14.621914812246374,37.73071745196383],[14.621233815624715,37.73092064001277],[14.620340276981368,37.731187237946116],[14.619888584257977,37.73115193161486],[14.619480292759071,37.73112001687288],[14.619250651175575,37.73110207156587],[14.61817580205425,37.730847381507665],[14.617399658179936,37.73072629887239],[14.61724638278571,37.73070238606116],[14.616939153225882,37.730654454533806],[14.616535004011714,37.73068785451833],[14.616392731028292,37.7306996115919],[14.6162307387757,37.73071299787869],[14.615905662555512,37.73073986066875],[14.614632909638305,37.7310707471525],[14.614350431101046,37.731157965151],[14.614214123046946,37.73120005094699],[14.61409856645636,37.73123572837079],[14.613842945475998,37.73131465178865],[14.61359801216713,37.7313902751225],[14.613394009147504,37.7314527337234],[14.613304829735913,37.73148003657446],[14.61319319063011,37.73151421613136],[14.612666069685337,37.731675597894224],[14.611785474350032,37.73189213305549],[14.611624089890627,37.73193181704015],[14.611499946384013,37.731994123440266],[14.610819146074768,37.73236733996504],[14.610562660790416,37.73250749627024],[14.609776886201239,37.73300188050508],[14.609723822695985,37.733014367828204],[14.608913077033705,37.73320515913418],[14.60852900817968,37.73327058084144],[14.607719848554618,37.73340840883165],[14.607489661433949,37.733440856825034],[14.606778446208644,37.733541111963156],[14.605346103850216,37.73380525068647],[14.604456783735696,37.734042746653756],[14.604073891194007,37.73414499622512],[14.603791530586745,37.73417351018541],[14.603652035336314,37.73417856390327],[14.602849446536469,37.73424242400617],[14.602449973337176,37.7342742071005],[14.601552077659855,37.734604355690735],[14.60102620808231,37.7347977096357],[14.60099414673924,37.73480949803303],[14.600500018937925,37.73515342090687]]]}}]}
