{"type":"FeatureCollection","metadata":{"code":"087015","referenceDate":"2026-01-01","sourceDbfExportDate":"2026-02-18","upstreamArchiveUrl":"https://www.istat.it/storage/cartografia/confini_amministrativi/non_generalizzati/2026/Limiti01012026.zip","sourceManifestSha256":"70ac8256c4785dc6ed2814c32b6965ae76f9161b51abaa1660059e1c6cbd8ca6","license":"https://creativecommons.org/licenses/by/4.0/","attribution":"Istat, Confini delle unità amministrative a fini statistici al 1° gennaio 2026, versione non generalizzata.","modifications":["Converted from WGS 84 / UTM zone 32N (EPSG:32632) to RFC 7946 WGS 84 geographic coordinates.","Converted from shapefile to per-municipality GeoJSON without geometry simplification."]},"features":[{"type":"Feature","id":"087015","properties":{"code":"087015","name":"Catania","alternativeName":null,"regionCode":"19","regionName":"Sicilia","territorialUnitCode":"287","territorialUnitName":"Catania"},"geometry":{"type":"Polygon","coordinates":[[[15.045389577624407,37.56228742446715],[15.04526917099401,37.56230215449591],[15.044848323107276,37.56236079499849],[15.044642897301689,37.562385587462195],[15.0445253619297,37.56239162753397],[15.044371061046663,37.56238532130852],[15.044212277891017,37.562367856643455],[15.044037396553028,37.56234819203137],[15.043816500752177,37.56237180141544],[15.043778084435955,37.562375907609194],[15.043812332096618,37.562320390398796],[15.04394513248725,37.56210511808446],[15.044009958933474,37.5620000316338],[15.044117836476442,37.56182515766103],[15.044214985171319,37.5615674364128],[15.044227316039413,37.5615347234548],[15.044321968596638,37.56128362350185],[15.044231026928204,37.56108734206167],[15.044099470051513,37.560803400846105],[15.044049153304245,37.56069911764937],[15.04368896596124,37.56079890023229],[15.043630323743109,37.5608151461162],[15.043575960421325,37.56079586604224],[15.043423119634841,37.56074166188963],[15.04307592829138,37.56061861098123],[15.043000568545448,37.56068873575837],[15.04297694923779,37.560710714680425],[15.042860016166701,37.560819524276354],[15.042685765569104,37.560981668668255],[15.042612683463298,37.561049674459554],[15.042430985048544,37.561248833017345],[15.042315448107013,37.561375470974326],[15.04219707170531,37.56149085261674],[15.042061295147892,37.56162319508534],[15.04200107818661,37.561681889121914],[15.041468628684534,37.56181725821866],[15.041294972659308,37.56182311005111],[15.041097356950416,37.56182977454754],[15.040958400007277,37.561834456702464],[15.040901342501948,37.56181960348009],[15.040301476114314,37.56166343365019],[15.03999643904649,37.561483336940924],[15.039747868879132,37.561080410575244],[15.039723483555807,37.560547781711016],[15.039752325951598,37.56049008957335],[15.039774650467573,37.560445434792335],[15.039790573792741,37.560413582761484],[15.039872787401967,37.560249132639555],[15.039965977434873,37.560062725088],[15.039985569780981,37.56002353628237],[15.040440796678828,37.55950885699962],[15.040702881959259,37.55924467549897],[15.040754771845112,37.559192560882515],[15.040833300922342,37.55911369351477],[15.040870385357842,37.55894695029681],[15.040920502198416,37.558707054289265],[15.04092464905797,37.55866509700351],[15.040945678968002,37.558608372893865],[15.040940513146507,37.5585775101924],[15.040916703412245,37.55843526551106],[15.040865872626306,37.55813159585257],[15.040855456153931,37.55806936535533],[15.040849747117655,37.55803525789221],[15.040842984464119,37.55799485904805],[15.040831723314465,37.5579366727347],[15.040742087306828,37.55747351347726],[15.04055997910743,37.556778566352584],[15.040549450538123,37.55671834962554],[15.040469588226228,37.556229655423515],[15.040434875095414,37.55618779540848],[15.04021488947975,37.55592250566719],[15.04017197937173,37.55587075797174],[15.040060338030644,37.55573089346182],[15.03988804842396,37.55575117806503],[15.039793721190362,37.55576228494368],[15.039688473889022,37.555774677887506],[15.039653672191372,37.55577877613234],[15.039189588651732,37.555798105493075],[15.038991673361858,37.555787743814626],[15.03866873141397,37.55577083647323],[15.03863134934319,37.55574923306133],[15.038297880169225,37.555556514296796],[15.038182425431554,37.55548979071117],[15.038141719778823,37.55531309467255],[15.038133699099076,37.555278287521695],[15.038099769460423,37.55513103597759],[15.038078920180057,37.55504055460403],[15.037953003195462,37.554688537770794],[15.037891111737743,37.55451550775717],[15.037857791220153,37.554429332444826],[15.037757135230297,37.554387805910494],[15.03772337882917,37.55432813210419],[15.037763655447181,37.55411114505529],[15.037776056191957,37.553907101595804],[15.037815300746479,37.55370110607508],[15.037876889041394,37.553545005800714],[15.03788557558894,37.5532950981753],[15.037871029381169,37.553115466151844],[15.037812732568737,37.55260317334587],[15.037643784266264,37.55173782397542],[15.037603229035339,37.55147509296937],[15.037424381603588,37.55134994732365],[15.036880522844053,37.551372692049334],[15.036418753866421,37.55143225704159],[15.03634675662944,37.551316978295695],[15.036285288811252,37.551212672012674],[15.03623945920228,37.551122914870156],[15.036223051630811,37.551039323800744],[15.036132781158823,37.55093649535326],[15.035980264257086,37.55077929306139],[15.03586011404869,37.550605078227335],[15.035874526318311,37.550485365509154],[15.035879705840332,37.55043562552811],[15.035902205435008,37.55033663693127],[15.03601554170585,37.55023377417417],[15.036205125011975,37.550066659089666],[15.03647059107241,37.54990009985352],[15.036577648040534,37.549798853118844],[15.036661521488519,37.54974135313287],[15.036761597710008,37.54971892905637],[15.036962927068608,37.54968864910714],[15.03709203157737,37.54967404450418],[15.037246304513179,37.549619580971495],[15.037338409250786,37.54956707831507],[15.037465139464627,37.549434163857754],[15.037474568846367,37.54925507259175],[15.0374615125229,37.54909380465272],[15.037478143670667,37.54896673419342],[15.037522258106907,37.548809676881824],[15.037603652143117,37.5486697571551],[15.03761815759016,37.548634449977186],[15.03771302237536,37.548607440332745],[15.037761815563256,37.5485935483655],[15.038013531833714,37.548530834293466],[15.038154403570358,37.54849573666275],[15.038305153799916,37.54845817596014],[15.038379569878323,37.54838765742022],[15.038411495256394,37.54835740366268],[15.038476302427222,37.54829599016402],[15.038604695357948,37.54817431935208],[15.038716130155514,37.548068720200874],[15.038765454985363,37.547853666371836],[15.038811658243334,37.547623127754015],[15.038929906784077,37.54749819889171],[15.039221227889422,37.547215672878856],[15.039271374890351,37.54717099503614],[15.03936620092726,37.54708651306056],[15.039479818698439,37.546985288055126],[15.039620346737385,37.54686008784039],[15.03968372490256,37.546807884624165],[15.0399569869537,37.54658280218837],[15.040075271292743,37.54653716477905],[15.040244493559706,37.546471871755884],[15.040401218136667,37.54641140192733],[15.040435112968394,37.5464193859065],[15.040578574768324,37.54645317705047],[15.040704790841362,37.546482906779026],[15.040783323432843,37.54650140474113],[15.04084405261786,37.546482468504124],[15.041020261843823,37.54642752462477],[15.041108435218405,37.546400030606044],[15.041377148037588,37.54631624106623],[15.04141998540268,37.546302883918024],[15.041521688119461,37.546256852734274],[15.041649179699304,37.546199148947835],[15.041930277856368,37.54607384098654],[15.041983046163528,37.54605031675878],[15.042178822730317,37.54592096652566],[15.042467639113942,37.545730143662816],[15.042529049093712,37.545689569972595],[15.042834110105206,37.54543727607194],[15.042866026282615,37.54541088026795],[15.043128747636295,37.5451936013009],[15.043419603348928,37.54497774591986],[15.043449392138752,37.54495563827295],[15.043530414703973,37.544895507065355],[15.043635314436028,37.54481765632062],[15.043744907653876,37.54473632142176],[15.043773698932181,37.54471340087957],[15.044347947551318,37.544291803257885],[15.04443849659751,37.544231028098615],[15.044573931036252,37.54414055578169],[15.044891113416984,37.54394005858989],[15.045264498931616,37.543649239092254],[15.045341104660553,37.54364262307482],[15.045395686116422,37.543637905639386],[15.045687214973121,37.54361272567345],[15.045762531779701,37.54360621882231],[15.045927552215659,37.54356631056053],[15.04614912274702,37.54351271655281],[15.046201122682456,37.543500139725374],[15.046242478247148,37.54349030160285],[15.046367865290856,37.543448322668695],[15.046529119218434,37.54305159478298],[15.046543262633396,37.54301103360001],[15.046721687913895,37.542720575898215],[15.046760755680857,37.54265697810924],[15.046814646308567,37.54256924909803],[15.046837277743915,37.54253544044314],[15.046852975234476,37.54251239295573],[15.047157778026635,37.542064877567974],[15.04717727811255,37.54203587955859],[15.047244216356932,37.541903710378406],[15.047277969041255,37.5418370671111],[15.047413974593598,37.541568522087275],[15.047484382378004,37.54105470834759],[15.047651014174713,37.54050481402293],[15.048208131532173,37.539954771059804],[15.048265270219476,37.53981231613004],[15.048287701041712,37.539756393040115],[15.048356423952253,37.53958506425608],[15.048387473832673,37.53953282754023],[15.048405872661812,37.5395018725361],[15.048440282691276,37.539423758977684],[15.048535919925527,37.53920650754512],[15.048566752873619,37.53876482976778],[15.048589196405773,37.53843808968914],[15.0485692137104,37.538169937067],[15.048075799602117,37.53807365146571],[15.04802292066077,37.53806333148928],[15.047983315387087,37.53805657384068],[15.048208372529674,37.53759658044865],[15.048349937717171,37.53729401626117],[15.048411356794373,37.53724164400098],[15.048524795239203,37.53727837525117],[15.048575772383538,37.5373162411974],[15.048653202241518,37.537318411415725],[15.049278830691176,37.53722165146922],[15.049401425177487,37.53720919592673],[15.049407023725461,37.537421144384034],[15.049419194380459,37.53757123723709],[15.04947194641601,37.537793064979866],[15.049499383576551,37.537882432062986],[15.049510333347312,37.53791720289314],[15.049547365675307,37.53807780998791],[15.049554040788474,37.538112247076846],[15.049563877613654,37.53816299548465],[15.049543364203005,37.538206112150796],[15.049529181985731,37.53832728995719],[15.049449454303522,37.53843671341601],[15.049483507797085,37.53860220354324],[15.049515709068814,37.538663254401534],[15.049679021342618,37.53897843648733],[15.049690406068764,37.539088856119584],[15.049722215498566,37.53931037270274],[15.049770236640608,37.53931145588246],[15.04986000089444,37.53931347968833],[15.049911873168824,37.539314648290485],[15.049972015438618,37.53931611704063],[15.05016803371143,37.53962757597456],[15.050294631956634,37.539898722883564],[15.050402339194108,37.54005977853908],[15.051160787226816,37.53958445110876],[15.05178245857086,37.539572306731394],[15.05209561350492,37.53956413069926],[15.052244109034637,37.53955252497122],[15.052009811162497,37.53930046042504],[15.052197410507567,37.53920664115815],[15.052302324317864,37.539340740414964],[15.052414580450211,37.53926616537939],[15.052676602828258,37.53922431517914],[15.052695360512095,37.53928094613609],[15.05263563422427,37.53952541520722],[15.052752185490041,37.53956476589623],[15.052793096174362,37.53958006112988],[15.0528915583347,37.53961392758177],[15.053284406460412,37.539723388057574],[15.05338496458479,37.53975126431683],[15.053471230597609,37.53977229644915],[15.053513223647487,37.53977345873097],[15.05373033854291,37.539767602613686],[15.053851471561977,37.539749648773586],[15.054235149287344,37.5396927790052],[15.054336023652834,37.53967675106752],[15.054409354683603,37.539663623809524],[15.054889270017984,37.53957738410782],[15.054965879390865,37.53955961356639],[15.055079441205594,37.53953355964747],[15.055524205470372,37.539422187669956],[15.05564726870144,37.539251356882204],[15.056247207600942,37.53920984030952],[15.05634581148021,37.53861040622376],[15.056186565825405,37.537755416907494],[15.056172487095527,37.53767982893509],[15.055979932405904,37.536923509489554],[15.055897043829416,37.53663958238429],[15.05584155661209,37.53626882970988],[15.055988282632393,37.53591062082497],[15.056129441005513,37.53552766946639],[15.05645170157924,37.53472530259125],[15.056543584234374,37.53445505782887],[15.05663071075948,37.53437765679347],[15.056790726655498,37.53413707260321],[15.055742082827226,37.53332172899787],[15.055164036880546,37.53335495815772],[15.054825735183929,37.53333202888246],[15.05477523244778,37.53331950865454],[15.054638507711797,37.53327453918672],[15.05428113580347,37.53315699757476],[15.05421963530311,37.533122582848286],[15.054200933188241,37.53309965034134],[15.054162820869115,37.53311679468494],[15.054158727236274,37.53318475670101],[15.0539568223253,37.533118489471434],[15.05373203207364,37.532825852564606],[15.053689341098067,37.53277027679179],[15.05340316216226,37.53242689839939],[15.053254635555291,37.532427995753245],[15.05315047721619,37.5324287687785],[15.052941716526611,37.53218004674068],[15.052872923987938,37.53206927686028],[15.052252444876427,37.53193652880268],[15.051473080378017,37.53176978335608],[15.051589323623354,37.53136240812935],[15.051657074825881,37.531088757323566],[15.051995184564325,37.5311247543012],[15.052411161049063,37.531169039589045],[15.05290296384558,37.53089130838255],[15.052954883634385,37.53035767527916],[15.053020794855273,37.53036240386905],[15.053067604139773,37.5300019125231],[15.053168490674807,37.529224940078095],[15.05333563185866,37.5292211041387],[15.053454126708997,37.52883874240206],[15.053580516654783,37.52862743738136],[15.053528808101621,37.528358616142185],[15.054718700659537,37.52784015728875],[15.05477234799393,37.527815525960506],[15.054639917978898,37.52763944346938],[15.054620077131158,37.5276011470064],[15.054515340117145,37.52752233391226],[15.054444479038374,37.527360118429556],[15.054424663747216,37.527319571354525],[15.054271812613921,37.52701849344748],[15.054377286024703,37.52697406735966],[15.054317438942139,37.52672724793402],[15.054223860121771,37.52653202403684],[15.054146072141462,37.52649548504596],[15.053230550202567,37.52549243894003],[15.053213823561418,37.52535993973483],[15.053519051189957,37.52506799187187],[15.053515030712102,37.5249313089665],[15.052960211800523,37.52503482469233],[15.052788079500399,37.52497699932889],[15.052819664425062,37.52476824916117],[15.052156572631718,37.524819323470446],[15.051873699869722,37.52489831591131],[15.05164740555451,37.524961513324556],[15.0516077868219,37.52496154295386],[15.051521814927167,37.52496318882035],[15.051304941106757,37.52496733478742],[15.051096806201231,37.524971312651296],[15.051060501735005,37.52497200781006],[15.050989293139033,37.52491341868364],[15.05091066441752,37.52484872343099],[15.050730548810057,37.52470052498341],[15.050659231835539,37.5243665115211],[15.05061701282764,37.52416877819571],[15.050561217543178,37.524007418838664],[15.050514952520578,37.523873620799236],[15.050241781705685,37.52368274521185],[15.050189443231524,37.523646174693525],[15.049485083287228,37.52383575494196],[15.048945987356257,37.52389047859556],[15.048749535273982,37.52391041906977],[15.048708845061707,37.523892981199815],[15.048081618488913,37.52357495438871],[15.047662725511943,37.523333997145194],[15.047221220992894,37.52311784872463],[15.046745955017343,37.52318113188042],[15.046652677587165,37.523291585004124],[15.046429326332413,37.52355082290444],[15.046072607883124,37.524010771586916],[15.045581086307513,37.52442320506243],[15.04542691254858,37.52452385760378],[15.045330515114662,37.524586790855516],[15.045221904004034,37.52465769788332],[15.044983430557354,37.52474289924163],[15.04486830957469,37.52478402955865],[15.044818124362687,37.52473358751153],[15.04465316645978,37.52456778096591],[15.044712409406625,37.52429736355271],[15.044715767413086,37.524195015415955],[15.044721940190879,37.5240068587835],[15.0447318538065,37.52370471178337],[15.044799545484471,37.52335316031387],[15.044808961344675,37.52328238495123],[15.04483455323195,37.52308998596982],[15.044869725374225,37.52284046709847],[15.044877179148475,37.52278526198732],[15.044881704924784,37.52275305369995],[15.04490378665705,37.52259595926376],[15.044964224722381,37.52218132298388],[15.044979852181438,37.522070887476815],[15.044900426445226,37.5220346493441],[15.044693348072173,37.52194016766775],[15.044488913868902,37.52184689177563],[15.043997866842192,37.521622842781866],[15.043900713852405,37.52156063037947],[15.043857666989828,37.52153306540932],[15.043519552675187,37.52131655281193],[15.043414288776955,37.521211917837334],[15.043305375245733,37.52110555305454],[15.043168528229861,37.52097190790058],[15.043015373240602,37.520837678881],[15.042749611151685,37.52060475623348],[15.042397592538784,37.52036392146576],[15.04228546444994,37.5202872078391],[15.042248158954802,37.52026494133308],[15.04222253381032,37.52024963200972],[15.042083948093909,37.52016683678929],[15.04191201206171,37.52006285878419],[15.041800308815306,37.51999529183952],[15.041561534789464,37.519850860463656],[15.04149920471403,37.519813156175516],[15.04125531665327,37.519665629444376],[15.040908972293545,37.5195014463111],[15.040781230386086,37.51944089148734],[15.040580187693953,37.519345587275176],[15.040552715996082,37.519329905218164],[15.040495826986735,37.519297426766805],[15.040455977088202,37.519276004020064],[15.040424308470199,37.51926518082992],[15.040371326484307,37.51924516572328],[15.040320259215104,37.51921984900564],[15.0399449383064,37.519033788100806],[15.039732610452024,37.51892852899759],[15.039693253552414,37.51890901852009],[15.039668108361209,37.518784730583995],[15.039659223745046,37.51875354826793],[15.039625226553692,37.518600168988264],[15.039579812571807,37.51839528236155],[15.039432707062701,37.518390830150466],[15.039093212579358,37.51837741587082],[15.038688793994835,37.518297615704846],[15.038619493193536,37.51828414635253],[15.038566964031942,37.51827393410702],[15.038224622679943,37.51820870233209],[15.03764458069381,37.51806240971556],[15.037482402664077,37.51776268899581],[15.03746903086225,37.51773797688948],[15.037409554939277,37.517632087535084],[15.037397671988044,37.517508688241485],[15.037372509017198,37.517091291816925],[15.037309541577823,37.516927402787985],[15.037168571170668,37.516586601511456],[15.037071430817335,37.516046512513995],[15.037055092864918,37.51595567944182],[15.037078761730262,37.51575766478629],[15.037101935498892,37.515575761587165],[15.037122721200882,37.51541259345681],[15.03723568778833,37.51500694254748],[15.037238376168611,37.51471850763532],[15.036884665828827,37.51451130684279],[15.036397975581995,37.514297378539894],[15.036137486629114,37.513819733002975],[15.03583177358375,37.51342097810314],[15.035446887040191,37.513051537145294],[15.035073294041668,37.51268435352476],[15.034971301372847,37.51231256772958],[15.035027656978732,37.511870890245646],[15.035231226238773,37.51163873398769],[15.035548444946226,37.51145580056057],[15.035617670384076,37.51141601505494],[15.035748763455981,37.51134563210045],[15.035900341309313,37.5113031797027],[15.035069995435357,37.51086741060312],[15.034882809764182,37.510784033562715],[15.034778220660723,37.510791584224435],[15.034581977125223,37.510715491018864],[15.03433685732306,37.5106204640185],[15.034250925953321,37.51050858288374],[15.03378842790608,37.5103192718751],[15.033499362396647,37.51024824015518],[15.033493244882079,37.51020105071416],[15.033400599932934,37.50999059520889],[15.033268755945343,37.5096910952986],[15.033192349427459,37.50956338955023],[15.033182093427916,37.509538786237634],[15.032955449390554,37.50837420394668],[15.032927136942028,37.50831563316545],[15.032883042443475,37.50822295763179],[15.032712751587496,37.50826045803914],[15.032656690237275,37.508272803311954],[15.03235083901973,37.50787889723342],[15.031780362110924,37.50742474229002],[15.031624952563988,37.507291998291834],[15.031218315531635,37.50694466401118],[15.030917902176288,37.50668805835836],[15.030426596111045,37.50609159585489],[15.030199096124914,37.50581539803655],[15.029902008212002,37.505315321214766],[15.02979248467905,37.505037822866406],[15.029832807173849,37.504219824370104],[15.02988063697489,37.50414973777313],[15.030035827603934,37.504173648908946],[15.030042222136863,37.50414158559301],[15.030113788070636,37.5038312998343],[15.030124159499039,37.5037863345182],[15.030158815498542,37.50363607106426],[15.030235826737313,37.50340242649851],[15.030264614702322,37.50331508717551],[15.030317033932842,37.503156051387734],[15.030565677183068,37.5025070097309],[15.030735241001734,37.502166705365525],[15.030882213949766,37.501930065025405],[15.03108571403567,37.50154243436012],[15.031118635671575,37.501477263363896],[15.031243967075227,37.50122916127206],[15.031174185901978,37.50113750150139],[15.030960976700518,37.50085743206841],[15.030915046272096,37.5008337286011],[15.030397995118888,37.50056688551507],[15.029594660167549,37.50033724140688],[15.028890394637694,37.50033516323487],[15.028345748584037,37.50056592047981],[15.0283050134887,37.500583179515615],[15.026064825926023,37.50027498786851],[15.026344683593688,37.499849021887115],[15.026367144232342,37.49938030917996],[15.026322691930663,37.499234400613595],[15.026247524167168,37.49896087522837],[15.026275711512127,37.49893349361396],[15.026604462540085,37.49861409658955],[15.026898468397691,37.49825348951454],[15.02690968107644,37.497974054314334],[15.026434520378064,37.49791333537522],[15.026090647808664,37.49770018662974],[15.026018037568978,37.497655178745745],[15.025936637327561,37.49760472266482],[15.02587062177835,37.49751679000317],[15.025789485479176,37.49740871461126],[15.026048176994067,37.49696704424919],[15.026056635588755,37.496879525347026],[15.02606405070089,37.49679055404634],[15.02608333715492,37.496559115969944],[15.025955005746237,37.49641605803942],[15.02591357338733,37.496369870507074],[15.025867405140815,37.49639368661804],[15.025811710079882,37.496422416129015],[15.025528999714803,37.49656824408544],[15.02521232138483,37.49680265224372],[15.024624001246595,37.49670362558874],[15.024024330776353,37.496370260735524],[15.023537795548238,37.496126974207],[15.02349147000707,37.4961575075123],[15.02304463435295,37.496452060727165],[15.023010477114404,37.49647457613191],[15.022949637680602,37.49651467450886],[15.022821877397474,37.4967018962869],[15.022757394898559,37.49679638987761],[15.02268787143977,37.49688250065917],[15.02261855241956,37.49696836062351],[15.022590524884173,37.49698243007046],[15.02238405491963,37.496740119487676],[15.0223144611139,37.49640792502522],[15.022303404157926,37.496355145963605],[15.022259434438412,37.49614525320002],[15.022126673181361,37.49615409559181],[15.022076158849258,37.496157459655926],[15.021852191613988,37.496172375113495],[15.021836527953209,37.49611004695907],[15.021734736972501,37.495705011724446],[15.02172760890623,37.495676642370924],[15.021663405179057,37.495319165695065],[15.021579596270636,37.494852507310696],[15.021568970480617,37.49479333445397],[15.021444858801491,37.49472843933396],[15.021172967588164,37.49458608647881],[15.020804554372111,37.494613197300964],[15.020313235008295,37.494649350570434],[15.019587076254933,37.494656106251696],[15.019485913681375,37.49463821012247],[15.019037534186255,37.49455888631104],[15.01898962192699,37.494550409527484],[15.018978251146246,37.494280001037716],[15.019351496043292,37.49403657813238],[15.019621814878361,37.49377197746954],[15.019656851103868,37.49373907352374],[15.019527939678,37.493473368734165],[15.019464897492371,37.49334210057644],[15.019690646191904,37.49314418697142],[15.0198448098327,37.49293454017669],[15.019882888343393,37.49288275627733],[15.01974578318828,37.492732605961216],[15.019701851014625,37.49268449168916],[15.01967634035677,37.49256395832596],[15.019655565763127,37.492468982554236],[15.019620376386131,37.49241731224446],[15.0194754757197,37.492204541327254],[15.019441463331319,37.49190034175442],[15.019509236606115,37.49153978266132],[15.019452499029452,37.49084575166949],[15.019610718931023,37.49026885987912],[15.019511180046004,37.48988473626901],[15.019482725200573,37.48986479752233],[15.0192951878737,37.489541195619694],[15.019225901937004,37.48942164238627],[15.019135303717272,37.48903406658839],[15.019123897205334,37.488700580726025],[15.019644077112567,37.488033471757504],[15.019689679772476,37.48795930353083],[15.019926743861712,37.48757373577323],[15.020288558663461,37.48698779361913],[15.020367947922177,37.48686026871599],[15.020416760126238,37.48678186055218],[15.02044989668927,37.48672863811785],[15.02048076869114,37.48667904990245],[15.020700393849216,37.48663025176281],[15.020840466914496,37.486599129720744],[15.020876628707777,37.48659109560081],[15.021555303830699,37.4865459083876],[15.021867140611327,37.4865064014248],[15.021921779040142,37.48649947571118],[15.022267884675237,37.48645561778733],[15.022684730073765,37.486455544597746],[15.022969202933561,37.486455494524456],[15.023038007248326,37.486463646075045],[15.023127164531644,37.48647420971883],[15.023188425859086,37.486474300842126],[15.023464163854412,37.48651413693587],[15.023500841740757,37.48651848224471],[15.023558323515449,37.486516496592856],[15.023828871448284,37.486507150860696],[15.024108095900369,37.486544510899485],[15.024655321351885,37.486618949218986],[15.024762136209652,37.48663278417649],[15.02497244319136,37.48666160585184],[15.025174994758254,37.486689387602624],[15.025266818509548,37.48648595352051],[15.025478687618062,37.48601654886816],[15.025417894146818,37.485587474663134],[15.025338343612244,37.485427242599954],[15.02523105757658,37.48521114581701],[15.025321407330473,37.484814515960416],[15.025495841003464,37.48471517264598],[15.025558127433035,37.48467577782858],[15.025503725928523,37.484428461563304],[15.025459763867476,37.48422860736343],[15.025485533478978,37.484042266192844],[15.025513134151124,37.48384268660101],[15.025555665474565,37.48372854016971],[15.025586076445473,37.48364767427186],[15.025659915650413,37.483451336092195],[15.025712801989672,37.48331071219612],[15.02576312750495,37.48317689612724],[15.025784579604963,37.483119855640986],[15.025814660820615,37.483050541037514],[15.025901244624453,37.48285103102963],[15.025954082790287,37.48272928048406],[15.025988005379665,37.482651114983064],[15.026046316968356,37.48256780090953],[15.026110637159661,37.48247591202704],[15.026130284748369,37.48244784186023],[15.026259335097018,37.48226346785227],[15.026361035030567,37.48202006565671],[15.02653059832519,37.4816865334895],[15.02661871606883,37.48152028149131],[15.02667752241826,37.48140933025484],[15.026893295848547,37.48109208403695],[15.026948838025914,37.481010419909246],[15.027095770263564,37.48069489428696],[15.0271460306677,37.48053892399092],[15.027197435322979,37.48037939920633],[15.027163299879776,37.479820570164094],[15.027103449897552,37.479582408427405],[15.027080219654678,37.47948996673609],[15.027038724603104,37.479324841348415],[15.027029004178539,37.47919643134129],[15.027004612478269,37.47887415940388],[15.027011673311627,37.47874387671813],[15.027022364075528,37.478546639797315],[15.027038320918587,37.478252224097545],[15.027094677612832,37.47770236464199],[15.027117086173606,37.47708943170863],[15.027051858586777,37.47658469219409],[15.027017723048038,37.475998821232466],[15.02692418811343,37.47538590726815],[15.026888675530364,37.47530496090317],[15.026869523442738,37.47526130765845],[15.026853151106364,37.475223992629154],[15.026595947590623,37.47463785582081],[15.026480826134748,37.47443751620081],[15.026290397628683,37.47410611940171],[15.026003421684111,37.47379839493162],[15.025645520916013,37.473421222953405],[15.025488222736922,37.47334254660649],[15.02531319134759,37.473255000152875],[15.025160124260426,37.47317843977516],[15.024785914925605,37.47314197233661],[15.024412705094411,37.47307895162696],[15.024013676255713,37.47306314661948],[15.023960306088336,37.47306103251099],[15.023654703584377,37.47222281625905],[15.023484897056319,37.471736107757],[15.023428153407128,37.471078136149984],[15.023385521354228,37.47089636181141],[15.023373421233119,37.47084476573666],[15.023269610568255,37.47040213208193],[15.023200613185201,37.469938517651656],[15.023158769228358,37.46950024347293],[15.023156234809445,37.4694737372063],[15.023144837550975,37.46917628823012],[15.02313343544453,37.46882477556751],[15.02315267143159,37.468795542556016],[15.023192757252312,37.46873462495906],[15.023208986447077,37.4687097023216],[15.023229163110074,37.46867871732994],[15.02324826313893,37.46864938145212],[15.023269070665766,37.468617424499534],[15.023656398665345,37.468628612950106],[15.023845816781542,37.468635343819265],[15.024337017543024,37.46853291442762],[15.024363819791692,37.46851887525407],[15.024671252152954,37.46831968520914],[15.024888739620085,37.4680476505588],[15.024965136934048,37.46795007904371],[15.025002017475185,37.46791209861779],[15.025285773253376,37.46761988279503],[15.025324464149977,37.467580100384545],[15.025371637951343,37.46754507183666],[15.025414031099613,37.46751359662081],[15.025461206384664,37.467478545461894],[15.025505299843552,37.46744783826301],[15.025530381193423,37.4674271489636],[15.025564309991347,37.467379826369026],[15.025674434355562,37.46721425396319],[15.025705378062499,37.467138696674695],[15.025779023208726,37.466949363476516],[15.025971131368255,37.466588780680105],[15.026158106669232,37.46625956512769],[15.026209007922747,37.46618267026043],[15.026219767684973,37.466144806933286],[15.026185831805604,37.466135798007954],[15.025772755399048,37.46601184468555],[15.02555633531319,37.46594672656979],[15.025239436388155,37.46585152328689],[15.024964140754635,37.46576940400358],[15.023935701972372,37.46539858669335],[15.02371807160385,37.46532752706989],[15.023636764513578,37.465300601211446],[15.02352583028582,37.46526400858234],[15.023408178901146,37.4652251483899],[15.023362828760819,37.46521016644505],[15.023288386760107,37.46518557402899],[15.023073143909647,37.46511443421312],[15.022943002398284,37.46507141601684],[15.022736836404617,37.46500326029125],[15.022678184066459,37.46497897312254],[15.02262366502548,37.46495638804364],[15.022491344741738,37.46490153317565],[15.022444240868369,37.464881987179396],[15.022378052471291,37.46485453005128],[15.02233839172579,37.46483807666259],[15.022238411792339,37.46479662905653],[15.022069628244793,37.46472664001809],[15.021952095647096,37.46467791639222],[15.02183848747487,37.46463081006761],[15.021790331322059,37.46461050394882],[15.021673568676919,37.46456244720735],[15.021540578602995,37.464507320342705],[15.021489609300716,37.46448620839457],[15.02137696711052,37.46443956433731],[15.021345365777307,37.46442649132194],[15.021295864348753,37.464409880199256],[15.021123291714574,37.46435202392742],[15.020981784979098,37.4643046270762],[15.020653601361602,37.46419471008362],[15.020587217036615,37.46417249135738],[15.020135334829536,37.464021026956395],[15.019954369820773,37.46398506215158],[15.019891382665179,37.46397252785155],[15.019094924545533,37.46381388484682],[15.018133695064954,37.463525599608616],[15.017944146158431,37.46348597502883],[15.017316647425128,37.46335447293649],[15.01724452548501,37.46332624944455],[15.017023788197639,37.46323991283662],[15.016940944566034,37.46320751438823],[15.01684438863853,37.463169756420974],[15.016789211171174,37.46314818503811],[15.016719371227,37.46312085447446],[15.016643006032755,37.46309097077832],[15.016548587010343,37.463053692903785],[15.016506790824492,37.46303021795858],[15.016382524473055,37.462960280229076],[15.016348594923047,37.4629411250411],[15.016292133814337,37.46290926090614],[15.015962393685545,37.46272370778707],[15.015932634526477,37.46269652309388],[15.015849585802137,37.46262065782203],[15.015805711882882,37.46258057881677],[15.015783280699782,37.46256008706837],[15.01549868980182,37.46230011310775],[15.015435998910155,37.46223156999533],[15.015012353050091,37.46176838061922],[15.01477195004048,37.46153290832756],[15.014749742177516,37.46151115564125],[15.014469482401386,37.461236640085836],[15.014083914567504,37.46104510873177],[15.01393851415614,37.4609728805385],[15.013830409251646,37.46091917807408],[15.013598710802082,37.460804079780594],[15.013066035431262,37.46047928693042],[15.012990950253077,37.460455105733615],[15.012514737600387,37.460301726144735],[15.01238864346389,37.460261361122676],[15.012187499722438,37.46021110387994],[15.01106572073048,37.45992777052759],[15.010496296387249,37.459828746470535],[15.01017877210263,37.459773347643825],[15.00999087679674,37.459740675567915],[15.0098158935708,37.459713280143696],[15.009664469826447,37.45968959907595],[15.009571513212911,37.459675393417065],[15.008554116258106,37.45951596454956],[15.00849504404051,37.45951763620698],[15.007669511930693,37.45954554223133],[15.007583392889924,37.45954862228631],[15.007481830972695,37.459551520835454],[15.006708757566532,37.45955818736037],[15.006667109745512,37.459558536219895],[15.006354105037731,37.459552880538936],[15.006283684648883,37.45955160796541],[15.00614346917235,37.45954907399671],[15.005796446606244,37.45954280290471],[15.005715613774633,37.459549608306276],[15.005579873589387,37.45956103608769],[15.005287613223345,37.45958564231805],[15.00501030845915,37.459498625431074],[15.00483531265812,37.459443712945934],[15.004442729774139,37.4593614712499],[15.004035609913158,37.4593194381529],[15.003949659745537,37.459310453889664],[15.003876143190617,37.4593025781071],[15.003645968770739,37.45927886339321],[15.003256221574896,37.45923842593565],[15.003150517596925,37.459227428478854],[15.00227985304729,37.459200406048694],[15.001651173879544,37.45914422541492],[15.00157877850509,37.45913740082297],[15.001463595167806,37.45912536656595],[15.00102484791005,37.45908016718962],[15.000945602214287,37.45907199018505],[15.000454315495876,37.45900561595605],[15.000278481368198,37.45898185873332],[15.00019003579271,37.458962234719685],[15.000061955521428,37.45893381768245],[14.999935220274175,37.45890569829554],[14.999880780281277,37.458893620147315],[14.999678991729825,37.45884889757117],[14.999507792771048,37.45881377161834],[14.999306518582255,37.458772529805664],[14.998872504819802,37.458683794104864],[14.998732664051028,37.45865651030961],[14.998363343267641,37.45860527306791],[14.998161510367295,37.458574146762366],[14.998014209097061,37.45855142934859],[14.9976741801908,37.458481988507046],[14.997440381797805,37.45843424176092],[14.996648894009592,37.45817283418334],[14.99607089465628,37.457877194828114],[14.995972686601702,37.45782696307997],[14.995895732206929,37.457787601195236],[14.995834224931182,37.45775614208815],[14.995710423727258,37.45769281738561],[14.995628100434692,37.45765145058698],[14.995569411297904,37.4576219603344],[14.995248967130603,37.45745349453586],[14.995163803033234,37.45741812440462],[14.994741334527255,37.45720581058784],[14.994400121294415,37.4570343313458],[14.99413711338152,37.456875324321864],[14.99396207048984,37.45676860096547],[14.993907285387028,37.45673519912745],[14.993762894178655,37.4566471643751],[14.993376027674856,37.45641297815671],[14.993152338639037,37.456277569487064],[14.99283267595289,37.456039530467365],[14.992802517384183,37.45601707356972],[14.99251074234346,37.45579979689744],[14.991921179978672,37.455511343477994],[14.991697420554098,37.45540186426473],[14.991659302815355,37.45538321619695],[14.991590978535456,37.455349781179166],[14.991399876841637,37.455255824955834],[14.991125421192248,37.45515446062863],[14.990775237869952,37.45502596027081],[14.990572502160132,37.454951540517065],[14.990531119340506,37.45493634350302],[14.990349729382457,37.45486975724136],[14.990181705076207,37.45480807399073],[14.990142248818016,37.454794177561965],[14.989998656129645,37.454743477947645],[14.989948121332116,37.45472561398037],[14.989726622407549,37.454647414526875],[14.989617974832369,37.45460903399956],[14.98954944798336,37.45458482674947],[14.989471952395476,37.45455743660625],[14.989407316149087,37.45453456691982],[14.989368233533288,37.45452038388657],[14.98924032473936,37.454481425575175],[14.988824878364643,37.454538517690565],[14.988755399290708,37.45454876792893],[14.98863269607256,37.454566870009],[14.987615159435812,37.454269318997255],[14.986894345787436,37.454128826529015],[14.986624533484791,37.4540755725316],[14.986504783463523,37.45405193351935],[14.985934424647901,37.45393049668983],[14.985766191546983,37.453894322468315],[14.985444374946136,37.453824837078955],[14.985406210428172,37.45382076443919],[14.984750074223896,37.45374571253187],[14.984695967806655,37.453739523720245],[14.984596433101895,37.453728137904136],[14.983792214741982,37.45369075165202],[14.983656675104285,37.45368445034259],[14.983624072446956,37.45368293426891],[14.98310109474488,37.45375089873188],[14.98280998938414,37.45378872783663],[14.982758605993105,37.45381198130256],[14.98245421008886,37.45394973351421],[14.98225915466772,37.454038064886575],[14.982116763690554,37.454102445826685],[14.981894076091296,37.454203220066304],[14.981235461622044,37.45426620902824],[14.980424233831524,37.454223264623906],[14.980311248428087,37.454206000216494],[14.980022968925518,37.45416195045733],[14.979957968759178,37.45414627304552],[14.979896489390422,37.45414262476395],[14.979733985194713,37.454046558306885],[14.979301231122147,37.4537863601104],[14.979146665940965,37.45369196435931],[14.978863204975829,37.45348514688108],[14.978654371238084,37.453336945817554],[14.97854080417635,37.45324372051446],[14.978382879531399,37.453120331192906],[14.978287018329128,37.45304543268515],[14.978251814768436,37.45301792550721],[14.978129745827761,37.45292254993859],[14.978106777071684,37.452904603431804],[14.978024786190334,37.45298122087416],[14.977960102898036,37.45304091451915],[14.977614368027833,37.45335991768966],[14.977541322452343,37.45342731559986],[14.977442721929744,37.45355329094921],[14.977223938187274,37.4538297817756],[14.977143658864335,37.453931583746574],[14.977075518665133,37.454017323856554],[14.97698471159653,37.45410315058566],[14.976856287614794,37.454224531288226],[14.976773596047666,37.45430268577255],[14.976546017367534,37.45451778177821],[14.97639019622455,37.45458908335189],[14.976127612015665,37.45470923557699],[14.976054236210095,37.454714010881425],[14.975893845357113,37.45472445067475],[14.975471805722789,37.45475192004329],[14.975155152502444,37.4549681809049],[14.9746236015049,37.455373673877155],[14.974584582943352,37.45540396529208],[14.974219758721052,37.45568720036944],[14.974182531379705,37.455716101942045],[14.974047344239507,37.45579117006759],[14.973809330443158,37.45592333817934],[14.973677100804622,37.455961251099595],[14.973437809188773,37.456029859108966],[14.973243930583866,37.45608544636315],[14.973097143233419,37.45618975917969],[14.972946115634732,37.456297083517725],[14.972857873907127,37.45635979050141],[14.97282547639629,37.456382812970794],[14.972801238071838,37.456410041753706],[14.97272924301458,37.456490917475534],[14.972601734185607,37.456634155816886],[14.972542686947998,37.45670048618724],[14.972458018683826,37.45677188749526],[14.972074027807105,37.45709570722618],[14.972018182289936,37.457142801916675],[14.97193268682919,37.45720812327318],[14.971875395957476,37.457251483796284],[14.971794526498881,37.457312691922596],[14.971585185479556,37.457471133603825],[14.971332477598201,37.45766239732258],[14.97113034052975,37.45790253570051],[14.971104924162534,37.45793273032506],[14.971020553106628,37.458032962838516],[14.970878138687993,37.458202150904874],[14.970687694409039,37.45842839494175],[14.970623431408127,37.458511583131],[14.970325684038082,37.458897016945436],[14.970122013330668,37.45921244374826],[14.969873075806312,37.459663072919064],[14.969822411989082,37.45975061178604],[14.969522301353043,37.46026915588881],[14.969338121367548,37.46045376955827],[14.969182934638493,37.46060932241837],[14.969115244602571,37.46067059972951],[14.969075658524739,37.46070643495148],[14.96884968085407,37.46090980608175],[14.968685212729579,37.461059866601985],[14.968601548874345,37.461143070598496],[14.968456540354412,37.46128727756365],[14.96835997967099,37.461383304479625],[14.96824121478949,37.4615014138181],[14.967848141935537,37.461801016090575],[14.967797568586866,37.46183626648733],[14.967373080780897,37.46213214625814],[14.967022401406957,37.46245652928682],[14.966671679196514,37.46282825336421],[14.966490605554803,37.463170713546354],[14.966320873221123,37.463420799463606],[14.96613805169223,37.46390529978245],[14.966118399327133,37.46398343593065],[14.964997578175774,37.46398827395469],[14.963818739652087,37.46396087207113],[14.963700604193523,37.46395838222605],[14.963588353653222,37.463959823764604],[14.96340818993488,37.463953740767245],[14.963288427452634,37.46394969472592],[14.963022311995909,37.46394177431625],[14.962744501747872,37.46393350494551],[14.962447589268132,37.463899910293904],[14.96188458945887,37.463834851879575],[14.961740965949312,37.46381825259101],[14.961362134406137,37.463854190871665],[14.961321842827605,37.4638581273669],[14.960833472809096,37.46390584216483],[14.960762127017091,37.463919433533846],[14.960484026003696,37.463972411921425],[14.960205966820592,37.4640253821413],[14.95982977039009,37.46409704578686],[14.959650807548764,37.464143916724545],[14.959520187091265,37.46417812619234],[14.959097742308181,37.46428876345411],[14.958953282352727,37.46432659717456],[14.958900720798596,37.46434066251646],[14.958842759233516,37.464356173060004],[14.9586422753492,37.46440986081071],[14.95847943460003,37.46448951853898],[14.958152332563975,37.46464952810534],[14.957850500046176,37.46479717337258],[14.957777489508459,37.46483311215249],[14.957708921006985,37.46486686389796],[14.957227401382172,37.465100512562636],[14.956929877342112,37.465294751965665],[14.956757290552963,37.46540981642302],[14.956368508978613,37.46589630669873],[14.956143892295534,37.46604139621264],[14.955962838706597,37.466158344276174],[14.955864053101626,37.46622215324763],[14.955709544079701,37.46632195506887],[14.955549954848399,37.466309485355794],[14.954828679635783,37.46625312185549],[14.95476890706919,37.46624845169699],[14.954638472410622,37.46623825785415],[14.954434583843158,37.46622232303526],[14.954107703285143,37.46610880841388],[14.953258787167663,37.46581400089727],[14.95307030223894,37.46576447056582],[14.952690108201661,37.46566456115004],[14.952365570465963,37.46557927813998],[14.952246767458233,37.465556370915614],[14.952037668571375,37.465516053931196],[14.951890442073237,37.46548482064153],[14.951852399520522,37.46547674982748],[14.951811886354625,37.46546815581341],[14.951570340610834,37.46541691267108],[14.951494955197855,37.465400919970904],[14.951278180438784,37.46535604530472],[14.95119419248792,37.46533866000618],[14.950704111409747,37.46523720522591],[14.950567802739574,37.46520898735955],[14.950251158122141,37.46510235302572],[14.94992638403364,37.464992980037515],[14.949842655184014,37.46497001258809],[14.949222485725999,37.46470365112546],[14.94917556841124,37.46469870834806],[14.948965163735034,37.46467005316496],[14.948668428053265,37.46463130896129],[14.948587095113238,37.464635594489415],[14.948398603708196,37.46464552859426],[14.94782990686126,37.46467549458306],[14.947273190467573,37.4646934285103],[14.946983464632476,37.46470265720057],[14.94670874767095,37.46467248371335],[14.946497262828538,37.46464837103301],[14.94647094215477,37.46442461214568],[14.946441064130333,37.46417061465874],[14.946468434419053,37.46409803563687],[14.94648571735469,37.464052207802034],[14.946610999455945,37.46372000191998],[14.946812140053863,37.46313422077349],[14.947097981200796,37.46269266562378],[14.947423342524758,37.46231424188689],[14.947853375130975,37.461818689895004],[14.948218464480084,37.46122394278185],[14.948278660503055,37.46090868350268],[14.948309243041301,37.460748514482354],[14.948434078018092,37.46009732909654],[14.948547549211934,37.45952950508254],[14.948618795906524,37.459323414997826],[14.948672162106128,37.459169021237166],[14.948839184268836,37.458808548701676],[14.948871036544956,37.458773004557685],[14.94904538053781,37.458578454803444],[14.949179815383527,37.45842843952997],[14.949199573923144,37.458399380425284],[14.94922675333647,37.45837606170865],[14.949558572605028,37.45803064853337],[14.94968128793728,37.45792920597743],[14.949801105490987,37.457830161791925],[14.950075311366351,37.45760349222116],[14.950606963968342,37.45725895247409],[14.951104703224019,37.45691663930892],[14.95140457034464,37.456698294791266],[14.951500619701104,37.45662835717669],[14.951704345346803,37.456518464337705],[14.95185125705072,37.45643921653794],[14.95191114461862,37.456403386014],[14.952243903065742,37.45620429720715],[14.952338116225249,37.45614792994764],[14.952385718518856,37.45611944940101],[14.952468566159295,37.45602068464709],[14.952500770657927,37.45598229367903],[14.952765666435441,37.45566650418222],[14.952856191023153,37.455558131317844],[14.952868726898645,37.45551364265928],[14.952982040712213,37.45505786431815],[14.953050826008381,37.454781194203356],[14.95302865408583,37.454481346099385],[14.953019993476552,37.45436429502988],[14.953017459623618,37.45432398141054],[14.95301480943269,37.45428180775487],[14.953008720247038,37.45418480433964],[14.953006569556852,37.45415045704738],[14.952943928777726,37.453921487622516],[14.952882032931795,37.45370236004547],[14.952837279543205,37.45354392311056],[14.952822649117747,37.45349212538646],[14.952837474570947,37.45323328249236],[14.95285982105185,37.45284315711469],[14.952884526998385,37.4525757714023],[14.952888041280133,37.452537738028],[14.952928114452758,37.45210405874844],[14.953003033241986,37.451896978148056],[14.953143310134802,37.451509244808506],[14.953347063287382,37.451112732411175],[14.953344275459688,37.451082523618304],[14.953316777301284,37.45078451644262],[14.953302147745266,37.45062596719584],[14.9532668069386,37.45054296578457],[14.953110221503188,37.4501752077877],[14.953076957632241,37.45010251462178],[14.952895707560451,37.449706416694276],[14.952875890842298,37.44966263013352],[14.952847665804372,37.44960026650174],[14.952676763065398,37.44922264720203],[14.952530490958633,37.448899442367576],[14.952362239222388,37.44852767059453],[14.952210777233702,37.44830792916519],[14.952176440851751,37.44825811296391],[14.952142326479013,37.44820861766846],[14.952037518436805,37.448056559566055],[14.951969956924268,37.447614865933666],[14.951916232660693,37.44738969980773],[14.951888223527458,37.44727230873324],[14.95181217929444,37.44683963519429],[14.95172196163453,37.44649706377479],[14.951326331478862,37.44640676741439],[14.950274880199878,37.44648746069418],[14.949641642674052,37.44668549038377],[14.949187572519145,37.44694644624116],[14.948740608552521,37.44720331413262],[14.948707229837222,37.447222495622746],[14.948669929678633,37.44724392923636],[14.948696138481223,37.44708292367933],[14.948755128536835,37.44672052130589],[14.948771163211562,37.446622013735954],[14.948811297949943,37.446267634168045],[14.94885078204736,37.44591899144449],[14.948845241605232,37.44581586976774],[14.948821124531724,37.445367037406825],[14.94879700818225,37.444918205896975],[14.948792178104538,37.44482829610037],[14.948816262022284,37.444467183572556],[14.948849285889008,37.44397202562742],[14.94872839259984,37.443034549662],[14.948608599977934,37.44267747330158],[14.948597840066409,37.44264539963365],[14.948555750528236,37.4425199399999],[14.94847737290158,37.44228630762539],[14.9484678475367,37.4422345330547],[14.948409765653286,37.44191881455657],[14.948356309292896,37.44162824449574],[14.948316613089885,37.44155133893555],[14.948175867802544,37.44128581071437],[14.94814626494474,37.44125406042025],[14.948116614132081,37.441222260333554],[14.947903937582423,37.44099416103478],[14.947814197108181,37.44089791193653],[14.94735938762603,37.440607005235165],[14.947296119649668,37.44058084414766],[14.94676239628465,37.44036015985392],[14.946695743468648,37.43993294462308],[14.946571541227373,37.439698521856],[14.946569281223615,37.439671670547796],[14.946560897918229,37.439572079292724],[14.946557598914493,37.43953286976292],[14.946535123566175,37.43926585175467],[14.946693560475378,37.439004530061986],[14.946979096840886,37.43886044702599],[14.947546419225311,37.43894992199025],[14.94760390063657,37.43903622963777],[14.947625490573868,37.43906864400299],[14.947664483323688,37.43912475691503],[14.947790364984982,37.439305898188046],[14.948041235728487,37.43952792837703],[14.948070662327789,37.439554898155826],[14.948100154719182,37.43958192851115],[14.948346254886108,37.43980748611185],[14.948485120403333,37.43965262968053],[14.948515940579039,37.439618261386755],[14.948716922714485,37.43915865048993],[14.948841410874966,37.43893336288975],[14.949036649101187,37.438563885844395],[14.949112950980359,37.4384040503111],[14.949126899407446,37.43837483124881],[14.94919345758202,37.43823540722413],[14.949207193216063,37.43818083390481],[14.949251750687106,37.43811329387692],[14.949360059135348,37.437973487161244],[14.949712775651191,37.4375185881095],[14.949534914640804,37.437248093866486],[14.949261075484635,37.43684236947786],[14.94919455026807,37.43661999765653],[14.949182780598115,37.43652825477015],[14.949136378945125,37.43641868754312],[14.949132215297864,37.436360592568064],[14.94912900198416,37.43631575316143],[14.949095030630824,37.43584177010063],[14.949195381570451,37.43538921138673],[14.949250914726951,37.43513876535518],[14.949398310041097,37.43448083818994],[14.94952067798755,37.434142117925276],[14.949593664141915,37.433940087178364],[14.949616019879466,37.433869932312874],[14.949726155340507,37.4335242824494],[14.949797553177532,37.43330020994603],[14.949835015221305,37.43304158649826],[14.949848374246324,37.432933889919475],[14.949933846182471,37.432317784377055],[14.949968468349484,37.43127220758318],[14.94995762360443,37.43056011360352],[14.949788572982113,37.429838943787416],[14.94976146104879,37.42974357445946],[14.949652803154084,37.42936135878932],[14.94950666752725,37.428847310917824],[14.94925837584869,37.42827934610635],[14.949200245097675,37.42820020790397],[14.94880063082207,37.4276561662305],[14.94870088581298,37.42752037056006],[14.948273185574633,37.42689982127067],[14.947654845683385,37.42621451646955],[14.947090186434679,37.42556526436136],[14.946959930567706,37.42539933902949],[14.946615935951735,37.42496114244958],[14.946514049511844,37.4248531220612],[14.945935501593123,37.424239732936755],[14.945444313404485,37.42361304705153],[14.945317293042256,37.423452996951276],[14.945093337635393,37.42318813501646],[14.944983548998577,37.423058293706156],[14.944916859086518,37.4229794239442],[14.944716952568204,37.422742996985775],[14.944618582456846,37.42262665849832],[14.944571997174021,37.42257156105027],[14.944477061864083,37.42238593337116],[14.944447449850747,37.422328320379606],[14.944222151095063,37.421886342517446],[14.943736653639395,37.42127092132598],[14.94355429880943,37.42106325151],[14.943239798015435,37.42070508723847],[14.943129070114844,37.42058718627321],[14.94290121295818,37.42034456639023],[14.942878341083977,37.420320213039936],[14.942833140801978,37.42027208287862],[14.942502986024408,37.41992053165616],[14.941862241482726,37.419154049895155],[14.94143036018024,37.4186310512411],[14.941049484483475,37.41795256767934],[14.940866189901271,37.41752206705434],[14.940688416156949,37.417226777567706],[14.94044008255289,37.416881882898565],[14.940177598416573,37.41653923138059],[14.939841826316618,37.41599823687595],[14.939731374840257,37.415836128311106],[14.939477821436716,37.41546399070894],[14.939164661594159,37.41490723509922],[14.93880076259662,37.41425579663956],[14.938597856298397,37.41363375303987],[14.93803645790583,37.412680252660365],[14.93791063884812,37.412463246641046],[14.937627391962232,37.41197471438785],[14.93733686424285,37.41144274886975],[14.93728379130034,37.41132798715734],[14.937021025856833,37.410759791663075],[14.936772895364344,37.410218830672505],[14.936434441568268,37.409560643647694],[14.936005679451615,37.408821288283605],[14.935947409769495,37.40866472546247],[14.93587727260026,37.40847627733545],[14.935834112838913,37.40836031773675],[14.936047290667434,37.40823172741185],[14.936075129240104,37.40820032576011],[14.93626634308066,37.407902018618316],[14.9364786390272,37.40740412388396],[14.936501360451528,37.40729474232117],[14.936508000491601,37.40726277690436],[14.936572247067515,37.4069534871317],[14.936619435524104,37.40682264621381],[14.936753446189092,37.406451074331166],[14.936790251199605,37.40636954985406],[14.936969919606897,37.40597157105475],[14.936998157465432,37.405909020558994],[14.937013819049517,37.40587432860447],[14.937496991545762,37.40550320762901],[14.937564996902816,37.40545097168748],[14.937628893297328,37.40542717928207],[14.937916533506971,37.405320074823706],[14.93804292176575,37.40527301225898],[14.938175351021565,37.40522369992916],[14.938599894005005,37.40518226193505],[14.938817724795596,37.40516099748721],[14.938870019109586,37.40515589410761],[14.939034846858796,37.40513980436969],[14.93907088791106,37.40513628625349],[14.939929587251438,37.40517052685223],[14.940308412485278,37.40518057244801],[14.94047337197349,37.4051849470393],[14.940606556431534,37.405188478974154],[14.940654221206538,37.40518974249212],[14.94070920167817,37.40519120055546],[14.94074312205936,37.40519465399815],[14.94085844604836,37.40520639967674],[14.941194543325945,37.40524062902402],[14.941398391762881,37.40526138983267],[14.941918159359455,37.40525263143057],[14.942080625251949,37.40520582509315],[14.94213978216814,37.40518878251359],[14.942347635166866,37.4051288996395],[14.942765858405384,37.40492854961533],[14.943079560348563,37.404703368609084],[14.943285932029882,37.40449840376303],[14.943567074130137,37.40403571343696],[14.943589381512348,37.403999001336565],[14.943635036938408,37.40392894143456],[14.943681901276651,37.40384734594553],[14.943720021271767,37.403777308844255],[14.94393081526464,37.40339002800326],[14.943997669599073,37.403281469233804],[14.94403672857526,37.403218045475874],[14.944073768378988,37.40315790186487],[14.944124352691091,37.40307576210193],[14.944224934478056,37.40291243834252],[14.944277075498391,37.40284166935594],[14.944473006863877,37.40257573410556],[14.94453031498294,37.402497948994515],[14.944637304860628,37.40231791603722],[14.944685785408883,37.402236336780895],[14.944756571433278,37.402117224423364],[14.944842044439449,37.40191306052353],[14.944904485350413,37.40176390864289],[14.944982940633329,37.401576504151194],[14.94515276941781,37.40110110961156],[14.94523221937806,37.400585111912235],[14.94537653965059,37.40023362786878],[14.945444636682264,37.399812273267955],[14.945583400463553,37.39932108024614],[14.945696692762178,37.398865941023125],[14.946092393261882,37.39851233177093],[14.946600957079744,37.39828947469552],[14.947312995254714,37.397929241241854],[14.94751531895076,37.39781234995165],[14.947878118722558,37.397602743341324],[14.948330321981295,37.397206347695914],[14.9490084141704,37.39690017036658],[14.949221441530575,37.39681145552571],[14.949694948053159,37.39661426452604],[14.950251568880942,37.396305789487485],[14.950500282085972,37.39604674702532],[14.950930000219788,37.39545202165006],[14.951303092285555,37.395008235124806],[14.95172158576831,37.39426929239561],[14.952341371169592,37.39330751071154],[14.95236617680518,37.393269016598715],[14.952818116420747,37.39318807913115],[14.95317971771763,37.393053010536434],[14.953660235005657,37.39315904739642],[14.95372192585133,37.39317265938789],[14.953744291890482,37.39306172910737],[14.953774673886643,37.392911041217175],[14.953803832665349,37.39276641882896],[14.953818236352204,37.39269495720948],[14.95384655018176,37.392557513537966],[14.953872489850042,37.392454285771606],[14.954061717894737,37.39170127635365],[14.954080433548928,37.39161971817835],[14.95413669618195,37.39137454184113],[14.954158658235501,37.39127882659119],[14.954175175165492,37.391206834210166],[14.954186327933932,37.39115826267345],[14.954308100846553,37.390628752543286],[14.954718088865153,37.38985371455349],[14.954874825663449,37.38940104574947],[14.95502078482562,37.38897950252936],[14.955124104575418,37.38880171369123],[14.955340248086099,37.388429783908364],[14.95566831601216,37.38765471730058],[14.955928565588552,37.38689990823249],[14.956403384597346,37.3862871616151],[14.956945809663067,37.3859335688749],[14.957330008425659,37.385701599910455],[14.95797124909466,37.385368315715304],[14.958832818574201,37.38492469298739],[14.959341324079805,37.38460937905314],[14.959917801723433,37.38429654676401],[14.96048253605663,37.38399008268645],[14.960526057899875,37.38397407176145],[14.961363796873808,37.38366587522998],[14.962425822936257,37.383249320951435],[14.96322673185534,37.38277718858272],[14.963328715108773,37.382716753120555],[14.963467666733903,37.38263440948381],[14.964052882768447,37.38228760496834],[14.964369266460752,37.382071379874915],[14.964878702091498,37.381871740886886],[14.96495122533528,37.38184331957434],[14.965035832658486,37.3818101631304],[14.965508106072576,37.38175408283128],[14.965736185928291,37.38172699894654],[14.966059170854498,37.38169012738596],[14.966128004528523,37.38168226950425],[14.966182854013832,37.38167102419652],[14.966313206386415,37.381661123332044],[14.96642525315472,37.38164832921238],[14.966662215597085,37.38160390612583],[14.966953376812118,37.381549323871674],[14.967179192895674,37.381492074344],[14.96745265359945,37.381422744447654],[14.968311816405027,37.38120491989409],[14.968987552151674,37.38098321181153],[14.969046133598205,37.38096399120121],[14.96922231639742,37.38087826806122],[14.969380140279403,37.380801475695336],[14.96967245210466,37.380659245509484],[14.969712688163707,37.38063966866006],[14.97032274566789,37.3803761794376],[14.970423294569368,37.38033973623943],[14.970469986775013,37.380322813137916],[14.970786272873076,37.38020817673774],[14.970822494126367,37.38019361847753],[14.971010263281851,37.380025152972664],[14.971061286733693,37.37997937450062],[14.971181388542961,37.379871620732175],[14.971304858981666,37.37979296457488],[14.9716446172191,37.37957652375599],[14.971749297743248,37.37953266212172],[14.971823686277656,37.37950149409602],[14.971974920120651,37.37943812789954],[14.972282258525453,37.379309355087464],[14.972315457168067,37.379296665170344],[14.972931531341372,37.379212310128295],[14.973023265446207,37.37919975009529],[14.973062234871962,37.37919092138985],[14.973196899202268,37.37915578349093],[14.973655365669304,37.379036151821744],[14.973749607648253,37.37901453514677],[14.974004149300729,37.37895614961494],[14.974254051450757,37.37889882685526],[14.97451127205219,37.37885599487454],[14.974860260356664,37.37879788089823],[14.97490811573768,37.37878991155939],[14.975010871615673,37.37877280010098],[14.975202433655967,37.378774986542474],[14.975241834626457,37.37877543682018],[14.975978366878048,37.37878384284098],[14.976016145471743,37.37878427342554],[14.976552237499671,37.37879948105471],[14.976976222635995,37.378811505941336],[14.97711818779542,37.37882460374288],[14.97747152203786,37.37885720254204],[14.977563567066664,37.378865696199405],[14.977610368588579,37.37883313105968],[14.978094549113251,37.37849624001122],[14.978175387747596,37.378416666847166],[14.978210809779256,37.37838179941373],[14.97843515127371,37.37816096841337],[14.97862555705611,37.37797354032804],[14.978732372341492,37.37784984129775],[14.978836547990227,37.377729199617924],[14.978880032536612,37.3776788427596],[14.979006895376934,37.377531929110134],[14.979092328987408,37.377499293400426],[14.979403663531677,37.37738036731652],[14.979655371510358,37.37728421609941],[14.97974397553134,37.37725036953882],[14.980415981333868,37.37714833998699],[14.98046628514583,37.37713553577969],[14.981133381042568,37.37671202246545],[14.981596567537844,37.37629747413511],[14.981815910556268,37.37528815048241],[14.981845334738564,37.3751527555603],[14.981517941890058,37.374557799308],[14.981551925583586,37.374122880781044],[14.981796470358313,37.374020852311354],[14.982017120626164,37.37392879064294],[14.982207206396842,37.37384948096449],[14.982410380373569,37.37376471174292],[14.98266828332114,37.37371043997674],[14.98290983710896,37.37365960890183],[14.983020321927444,37.373636358408646],[14.98312028985902,37.373625163864176],[14.98346789668142,37.373586242125796],[14.983567220636703,37.37357512040629],[14.984206264205477,37.37350356233072],[14.984962952003855,37.373636621687794],[14.985572811739404,37.37381923507617],[14.986431161228303,37.37405368597452],[14.986877906457176,37.374057607712814],[14.98721047236658,37.37406052537057],[14.987447244039988,37.37397015389876],[14.98752499306383,37.37394047880826],[14.98786473478573,37.373810429777215],[14.988385192984344,37.373431949789314],[14.988724062931254,37.373116489315876],[14.988767569477698,37.37311124493583],[14.989064716575918,37.37307542381471],[14.98911922059018,37.37306885348838],[14.989326288061696,37.373043890788026],[14.989695389104694,37.37299939378311],[14.990418232224483,37.37305129560272],[14.990636478118684,37.37304931042572],[14.990755745683447,37.37304822543425],[14.991319239106025,37.37304309595372],[14.99140084466415,37.373042352722564],[14.991456743732227,37.37299508223007],[14.991855172537722,37.37265814843493],[14.991920428276613,37.37260296454967],[14.991973700807524,37.37257134219407],[14.99206308194045,37.37251828610287],[14.992385572724277,37.372326888502634],[14.99262697918877,37.37218743522574],[14.992925668027944,37.37201489017117],[14.993750165795925,37.37169268953703],[14.994414836757706,37.371709831075954],[14.99445040718758,37.3717107479784],[14.995026393619815,37.371954152444715],[14.995681447283298,37.3719992411669],[14.996280017193522,37.372159257449646],[14.996867304921393,37.37255813688744],[14.997567547527218,37.37281054034564],[14.997933381674377,37.372790204325916],[14.998025090590245,37.37278509974756],[14.998065247018973,37.372782867621666],[14.998149732158652,37.37277817024912],[14.99825674642064,37.37277219010642],[14.998365781838501,37.37276838509552],[14.998432886328036,37.37276601599588],[14.998536003297636,37.3727564572333],[14.998582902777342,37.37275224891966],[14.999239074394563,37.372693363708144],[14.999905434839496,37.37270238583701],[15.00006188483246,37.37270661950322],[15.000571799371487,37.3727204173824],[15.000826169474248,37.37264597918617],[15.000872701030096,37.37263236212102],[15.001105392697626,37.37256426669947],[15.001249461174753,37.372522106282986],[15.00148774747956,37.372326919673725],[15.001674382851235,37.37217479054614],[15.001799397163468,37.37213346043853],[15.00239015609918,37.371951957935885],[15.003090384590886,37.37179195208363],[15.003903556133862,37.371537282949284],[15.004390631362737,37.37145374650106],[15.004498713511136,37.37143520956612],[15.004532916723933,37.371429343438336],[15.004626362503277,37.37141331635722],[15.00523624870428,37.371230768522494],[15.005708887659367,37.37097865258467],[15.00582349919721,37.370917515663905],[15.006033503031034,37.37078248224212],[15.006230073180879,37.37065608720367],[15.006918966142628,37.37037661648929],[15.007585313012127,37.37033151299898],[15.008251668599316,37.3705658190055],[15.008627391133956,37.3705527539538],[15.00875599749905,37.37054828076007],[15.009279372328626,37.37025025648526],[15.01002476243488,37.37011500483365],[15.010634613969637,37.369934660890415],[15.011365406308899,37.369711442686835],[15.012272153157763,37.36949282947043],[15.013107864836451,37.36940261025215],[15.013841940933645,37.36926732074062],[15.014643792246408,37.36924919757548],[15.01488706938174,37.36934182456083],[15.01507786408213,37.3694144669565],[15.015140760174235,37.369438413531334],[15.015188251116697,37.36945609523955],[15.015649002304817,37.36962764218171],[15.016371889546631,37.36996106314832],[15.0170027486174,37.37032915473407],[15.017128676100635,37.370402630638495],[15.017722012524768,37.37078130812847],[15.017862899913245,37.37087122416342],[15.018653586182769,37.37137588052149],[15.01901508987348,37.371709345142186],[15.01970416196332,37.372204990022084],[15.020540005058022,37.372475247709694],[15.021104748825048,37.3726013422893],[15.02165816226597,37.372538148659956],[15.02239221726778,37.37236675158202],[15.022650297084166,37.3723084079543],[15.02299076848669,37.372231437738115],[15.023419915423599,37.37211641224329],[15.023747494136074,37.372222266621165],[15.024292604808247,37.37276299331887],[15.024594915799868,37.37333980152557],[15.024708057738655,37.373934685970966],[15.024821282790736,37.37478197442388],[15.024807226956133,37.37528693572276],[15.024798954940556,37.375584192925245],[15.024810475948339,37.376287279282295],[15.025036653960044,37.37713452438616],[15.02530792601279,37.377684307378246],[15.025737317827835,37.37818898968601],[15.025997177217157,37.37845933458254],[15.026098617242726,37.3778103264069],[15.026358262254298,37.377413669176235],[15.026990603606418,37.376899737015925],[15.027518928044866,37.37653390389162],[15.027641123374421,37.37644929086487],[15.027680062981146,37.376422327269026],[15.027755636986788,37.376370003087374],[15.027821335883614,37.376324002110984],[15.027939133886724,37.37624151920465],[15.028161632381847,37.376067479858605],[15.028298785591424,37.375969427038626],[15.028368202224174,37.37591691077114],[15.028536136968533,37.37574832476162],[15.028763366410322,37.375520209944796],[15.028993126890208,37.3752859932568],[15.029161358557014,37.375114496628385],[15.029610008763974,37.374339202053676],[15.030049641907913,37.37393969622046],[15.030264861964987,37.373744117142955],[15.030738990022597,37.37316711113365],[15.030789835168871,37.37309425201504],[15.030832581340212,37.37303299707383],[15.030986523854775,37.372812403389936],[15.031015141440479,37.37277139406171],[15.031122761095622,37.37261717787611],[15.031267931266676,37.37245937265893],[15.031305685688203,37.37241833303485],[15.031404174948214,37.372311270618475],[15.031529169901214,37.37217539473859],[15.031829887028636,37.371924553964654],[15.031938583186593,37.37183387737788],[15.032037233137146,37.37175159509096],[15.032357218286634,37.37146980070158],[15.032405150343134,37.3714275898786],[15.03246406854653,37.371375705198545],[15.03248667735751,37.37135578668884],[15.032515670330207,37.37133025432711],[15.032559392549134,37.3712917512412],[15.032692260672647,37.37078399800529],[15.032708747087428,37.37065725040685],[15.032741220213444,37.37040758538767],[15.032762224357754,37.37024609692431],[15.032728063117256,37.36960612677315],[15.032792825170892,37.369218513846285],[15.032916646580404,37.36827202216402],[15.03291636169106,37.36762651404678],[15.032916339464895,37.367577968132025],[15.032893586011223,37.36715431999261],[15.032893326809091,37.366559417877816],[15.032913547612754,37.36627115695362],[15.032938220924644,37.36591941929519],[15.03297523067081,37.365679107817655],[15.033039563194752,37.36526137901418],[15.033024564707205,37.36490996139751],[15.033016535165189,37.36472182142494],[15.03301514477349,37.36468913997934],[15.03301093785576,37.364590566431175],[15.03300816325731,37.36452567305924],[15.033005822316738,37.36447073655593],[15.032995522946878,37.36443000825739],[15.032962926102368,37.36433310326717],[15.032752204615862,37.36372828759896],[15.03244006906841,37.36302612337924],[15.032418959357248,37.36250120055583],[15.032417323178164,37.36246050035345],[15.032701089120337,37.362356076870405],[15.03274882781707,37.36233889256227],[15.032877600542264,37.362292538782725],[15.03321193673922,37.362172186179],[15.033444694221215,37.36208839900422],[15.033939921051074,37.36211867268331],[15.03432556051799,37.362142245607664],[15.034715546366098,37.362129837642634],[15.034764793400932,37.36212827068768],[15.035183783998779,37.36211494017025],[15.035485198075381,37.36213084008576],[15.03557965380512,37.36213582483832],[15.035684210421447,37.362141338048346],[15.036033583880485,37.362159766531775],[15.036990620782472,37.36213241785049],[15.037209318049063,37.36214019463437],[15.037245713395361,37.362141487501184],[15.037326628342024,37.362144364433334],[15.03740540260826,37.3621471655677],[15.037995684039075,37.362168150697855],[15.03917015903411,37.362203836360145],[15.039586314466922,37.36222044554073],[15.040514012512155,37.362257464638475],[15.041575571022658,37.362347228561454],[15.042560915072574,37.3624280063503],[15.042998066042914,37.36248803312013],[15.043063396375892,37.362497003019804],[15.043608400915206,37.36257183713978],[15.044771632388489,37.36269985826521],[15.04523298136032,37.362753885640025],[15.045980040301274,37.36284136754534],[15.04696260416209,37.36301224052014],[15.048182338325441,37.36316497767316],[15.049289140765866,37.363326780888606],[15.050026749696782,37.36351375993997],[15.050283080227182,37.36357873734763],[15.050880143613616,37.36390120182133],[15.050983498388682,37.36395702054271],[15.051729136158725,37.364389363130336],[15.052373987483032,37.36478553745467],[15.05241689901344,37.36481387250601],[15.052987522751366,37.36499139572242],[15.053163812395258,37.36504673134232],[15.053378906032783,37.364910922863686],[15.054306700063329,37.36432510658344],[15.05493605277396,37.36398229966958],[15.05570444517298,37.3636261727347],[15.05575118264204,37.363603992090944],[15.055784478222835,37.363581092720516],[15.05584810130828,37.36353733391037],[15.056043033344961,37.36340326622105],[15.056091000467974,37.363370275545066],[15.05644019590133,37.36313429580065],[15.056525981294824,37.363054007268566],[15.056967769130905,37.36264052596853],[15.057396606844106,37.36227750731374],[15.057561568234945,37.362129203468875],[15.057848012988257,37.361871668742396],[15.058145617178443,37.361754541250406],[15.05858181788886,37.36158286603137],[15.059180591812927,37.361399401798934],[15.059318469401372,37.36135715601428],[15.059849416923191,37.36131437725983],[15.06016034915498,37.36128932388043],[15.060233403117184,37.36128165888543],[15.060562894644098,37.36121443905576],[15.060845964405647,37.36115668576272],[15.06138569448839,37.36104728519042],[15.061957485031579,37.36095764978479],[15.062057540829692,37.36094196841918],[15.062170647443349,37.360924235800965],[15.06308688456222,37.36078058726748],[15.064542794987352,37.36059900302987],[15.06461101434424,37.360590494172904],[15.065119312091971,37.360527094044635],[15.066971043029625,37.360262408155016],[15.067816143579202,37.360089418300824],[15.068393971982518,37.35997113518368],[15.068459799789062,37.35995766016295],[15.06895814266901,37.35985564528446],[15.07043725536217,37.35967450018413],[15.072029172234268,37.35935580327086],[15.073090456676232,37.35915009101734],[15.073461381159989,37.35911611904117],[15.074750261781194,37.35899806775832],[15.075938340782441,37.35885123728007],[15.076011078919763,37.358842247655325],[15.076161600049014,37.35882364452706],[15.077369758890367,37.358714706771664],[15.078562324399941,37.35861844792905],[15.078601405219068,37.358615287164604],[15.079106927300773,37.35857448669681],[15.079368311220511,37.35855338608433],[15.080870073165034,37.35848926332567],[15.081491269647781,37.358496857185955],[15.081836483147024,37.358501082280895],[15.081892841603246,37.358501756661916],[15.082005459808267,37.358503125737435],[15.082055028689748,37.35850439077684],[15.083501230074276,37.35856630934629],[15.083891324193672,37.35850516936627],[15.084483461325485,37.35841237123152],[15.085296587145098,37.35849517465095],[15.085921114874045,37.35849471636344],[15.086701086512555,37.35849413721171],[15.088809643724558,37.358507379555796],[15.089723180542414,37.35855048467391],[15.089765521928017,37.358554947873266],[15.08995316474886,37.35856992084917],[15.090129322626149,37.35858397770662],[15.090399096013623,37.35860550402362],[15.090686067571625,37.35862840261205],[15.090972663479114,37.35864173443457],[15.091521975603209,37.35864031325358],[15.091358647751216,37.35946322304211],[15.091213635980079,37.363088353524965],[15.091051938262694,37.365275411322],[15.091024645134125,37.36742182300817],[15.090745463933485,37.37132131177764],[15.090731383091255,37.37203678481017],[15.090658728834963,37.37374679642383],[15.090547224918023,37.374758929122564],[15.0905079057015,37.375254908866985],[15.090488810138941,37.375495855987865],[15.090455420448249,37.37590600068498],[15.090716778463104,37.37721281141553],[15.09038657878528,37.379506579276764],[15.090463462042656,37.383813599987654],[15.090376900207504,37.3864036358177],[15.090432404280223,37.387827361052125],[15.09007956386377,37.39270707160366],[15.08988399424876,37.39414100234676],[15.09019026631646,37.39529981497201],[15.090139588989643,37.39791843636339],[15.090123311208961,37.39930644038413],[15.090195943113365,37.40005046263917],[15.090322042051246,37.400508261016164],[15.090555588887828,37.4008228848637],[15.090735340044718,37.401080181212606],[15.090832465098583,37.40114790072715],[15.090713964682951,37.4012382012409],[15.090488164631406,37.40136900112458],[15.090177566277246,37.40151350311521],[15.090240863108859,37.40178204235962],[15.09013661856166,37.40210407889099],[15.090226928168079,37.40262868036402],[15.090376999276572,37.40312938720502],[15.09052700111789,37.40357047207009],[15.090303547268052,37.40420263152101],[15.09040964993432,37.405430754723014],[15.091068241848127,37.40616955891028],[15.091397180964238,37.40624085151143],[15.091920224468009,37.40613312803438],[15.092144747603802,37.40638336455309],[15.092074343831921,37.40670480991871],[15.091996599321414,37.40680196938656],[15.091828964412839,37.40701146829434],[15.091716544814533,37.407487042926235],[15.091626924085356,37.408120327806216],[15.091345183464089,37.40874247942841],[15.091379609593073,37.409175123740155],[15.091343286960138,37.40950866431095],[15.091165740364453,37.4098422990564],[15.091064583656646,37.41029306981293],[15.091155469387624,37.410707623261025],[15.090975026737842,37.41098719790747],[15.090949599201565,37.411309649902854],[15.090941616252803,37.41141087049921],[15.090962140126145,37.41201477361449],[15.090943355710069,37.412835026522934],[15.090795001553024,37.413970878361546],[15.090696685665359,37.41444867188108],[15.09070894116574,37.41523286958428],[15.0906643689901,37.41581673533355],[15.090642191765205,37.41610725221311],[15.090507550760734,37.41691858652111],[15.090496645523498,37.417252101606365],[15.090469681094106,37.417363817302935],[15.090429189703679,37.417531584415705],[15.090361766635388,37.41785613349562],[15.09032838713887,37.418297832523635],[15.090303521052581,37.41875754134874],[15.09016024131763,37.41943367464873],[15.090124210908153,37.420019600008445],[15.09008042721252,37.42032404638155],[15.090037348881948,37.420623581630025],[15.089981452787807,37.42113516175502],[15.089970228297943,37.4212117699524],[15.089891770966368,37.42175265576702],[15.089869760847138,37.42225518428096],[15.08979438687157,37.423005629472385],[15.089788769412761,37.42303944936284],[15.089746990933039,37.42355324895427],[15.089725272880104,37.42428338944679],[15.089725931796071,37.424851251105274],[15.089717794066614,37.42513067177566],[15.089715218409806,37.42532897619829],[15.08970164884773,37.42579770542696],[15.089648568141959,37.42631151800882],[15.089544781578592,37.42694933371595],[15.089503191579922,37.427611857186264],[15.089478018288634,37.42783497976893],[15.089379688917498,37.42831277398185],[15.089323729435662,37.42878153872416],[15.089255263190282,37.42933837527314],[15.08921178284766,37.429691990852874],[15.08916720989113,37.43023284827329],[15.089145329837985,37.430839036727306],[15.089091156209731,37.431317398161084],[15.089076592667476,37.43144147107286],[15.089027716099798,37.43173600313907],[15.08899969912314,37.431936589809155],[15.088907195804298,37.43255859598866],[15.088887536538495,37.43266000729938],[15.088806001820876,37.43303639153581],[15.088719002180264,37.43353221638887],[15.088671277157077,37.43380266123186],[15.088592809177532,37.434352550854264],[15.08857039357706,37.43453059153407],[15.088528462070236,37.43490243039207],[15.088506154403767,37.435154841755576],[15.088515236503774,37.435682139780795],[15.088518228707859,37.435821835233476],[15.088496390151033,37.436464076717044],[15.08846260305082,37.43658128619001],[15.08843449916914,37.43670074623922],[15.088443028312932,37.43676157682645],[15.088409232000705,37.43685849251304],[15.088398028476941,37.436941890497906],[15.088375551443777,37.437047806417304],[15.088330482207603,37.43716502857872],[15.088299474998744,37.43723940507087],[15.088268524121954,37.43736336312808],[15.088265773990672,37.43742647260146],[15.088265832211992,37.4374715376396],[15.088265917593416,37.43754364318266],[15.08826039733391,37.43766082939375],[15.088246390740892,37.437750970549516],[15.08820980808469,37.43789521883104],[15.088204253161612,37.437967338786436],[15.088190190693705,37.438039456689275],[15.088193203573978,37.43818366664252],[15.088176522791663,37.43842030359826],[15.088148408491902,37.438553275668376],[15.088159870599506,37.438679445652944],[15.088171285763606,37.43877859505234],[15.088179954534404,37.43893182086323],[15.088151793593166,37.439033238806715],[15.088115319413532,37.43924734133117],[15.088092950455897,37.439454686951294],[15.088076201928608,37.439625947107565],[15.088053764382062,37.43977018227767],[15.087997382537095,37.439898680951394],[15.087943796865389,37.43999560539209],[15.087901740018708,37.44028632772547],[15.087873758030716,37.440518461929585],[15.087837147984358,37.44063566967696],[15.087797737206433,37.44075512472941],[15.087806283978141,37.440824967531604],[15.087826113047601,37.44086101077811],[15.08786857718942,37.440924085818295],[15.087927991982843,37.44097811832001],[15.087967634284437,37.441043441725554],[15.087945081617884,37.44109303029966],[15.087922555015366,37.441169659438735],[15.087874647373706,37.44127786672285],[15.087798486592366,37.44139284411165],[15.087730830292866,37.44153936224485],[15.087688657844756,37.44173543708141],[15.087688803012123,37.44185262652675],[15.087686271884182,37.44211402310168],[15.087703360501925,37.44223118349429],[15.087748903721304,37.442503810365736],[15.08774899944492,37.44259396044697],[15.087706723954383,37.44268187746395],[15.087593786017093,37.44279011036335],[15.087585421790546,37.442878006695935],[15.087568628297142,37.443015480510134],[15.087543495424868,37.44327013961361],[15.087495732349263,37.443522558428285],[15.087501619806067,37.44371860117548],[15.087501874146627,37.44393493330917],[15.087476623022424,37.44409944349103],[15.087490970203886,37.44429547189207],[15.08748833663563,37.44444871150745],[15.087488542786542,37.44463800601398],[15.087471708796606,37.44473715971613],[15.08744366619198,37.44492647732618],[15.087463707548965,37.44514278282286],[15.08745526650312,37.44517885030727],[15.087398828233857,37.4452532499563],[15.087370674710483,37.44534115685304],[15.087353891772793,37.44549665628247],[15.087376688406863,37.445647622615716],[15.087391040724434,37.44583915413193],[15.087433630259541,37.44601713272155],[15.087422484107037,37.44614559582702],[15.087388692672715,37.44626053913586],[15.08732378538368,37.44634396758874],[15.08726734959783,37.44641386954646],[15.08722503004123,37.446495024914974],[15.087185710652493,37.44670461135898],[15.087199964193474,37.446810507595956],[15.087242533776921,37.44695470130297],[15.087302052453357,37.447092118906056],[15.087353082247148,37.447236297286985],[15.087367499468638,37.447468395988935],[15.087305438262693,37.44757659874243],[15.087212326978962,37.44772089387846],[15.087136140305308,37.44782910680373],[15.087105204957771,37.4479575795436],[15.08708268262525,37.44802744275833],[15.087043198458975,37.44811761220196],[15.087003837537386,37.44829116377992],[15.087001160247619,37.44840833268866],[15.087035298783675,37.44860435234972],[15.087035520316526,37.44880490841623],[15.087024386592043,37.44894688240396],[15.087021692501422,37.44905730542581],[15.087038794204242,37.44919024397332],[15.087010732952388,37.449370547683536],[15.08697413951875,37.44949000554725],[15.086909258355519,37.449595956236024],[15.086796423171794,37.44980335254757],[15.086754285678378,37.45001070762908],[15.086743058588473,37.45009183961394],[15.08675450439819,37.450211245873696],[15.086763127437688,37.45033518489374],[15.08673209221444,37.450380272434586],[15.086703892193075,37.45043437408466],[15.086692739617835,37.450569584292055],[15.086698552668697,37.450713815258254],[15.086721273818005,37.45081293387416],[15.086814782620545,37.45101117388743],[15.086891329986736,37.4512004117705],[15.086919767293107,37.451355878421346],[15.086942574961348,37.451524853311334],[15.086908828269246,37.45167135087],[15.086846782061723,37.45178631662198],[15.086756493447757,37.45192160022732],[15.086733994367762,37.45202077049133],[15.086674878019135,37.45223939892786],[15.086632689549376,37.452417447513284],[15.086613010295475,37.45251660249618],[15.086582127534818,37.45269690445381],[15.086585033655954,37.45276901186444],[15.086596413930971,37.452823076249494],[15.086582384021135,37.45291323751573],[15.086610742038191,37.452987568126176],[15.086641934749386,37.45307542840926],[15.086627902234602,37.45316557091486],[15.086636568937605,37.45333007915037],[15.086608480038189,37.45348107693911],[15.086585962144973,37.45357348341405],[15.08656632724389,37.453706441012976],[15.086563582090236,37.453760536304436],[15.086577834233793,37.453870931129245],[15.086597705373753,37.453949791198376],[15.086561037237756,37.45401291980822],[15.086518804675652,37.4541571657821],[15.086490715512438,37.454310412798456],[15.086493647841852,37.454409558102036],[15.08649370649142,37.45445462407369],[15.0864683108959,37.454501982500695],[15.086476896249756,37.45458308571594],[15.086459995590024,37.45464393952507],[15.086423357357557,37.45472734374528],[15.086423435830953,37.45480846281836],[15.08642918829158,37.45487832058075],[15.086434941145939,37.45497746858551],[15.0864040040247,37.455103674179355],[15.086350458504135,37.455256946519455],[15.0863224126634,37.45544626341411],[15.086297192040755,37.45562655078122],[15.086277582005588,37.45578881535677],[15.08628057288004,37.45593302486008],[15.086297610143538,37.45599837324488],[15.08631755792644,37.45613131238462],[15.08630918282426,37.4562304527221],[15.086329127761168,37.45636790754607],[15.086320825077827,37.456527909895485],[15.08633231768555,37.456683386811626],[15.08631550671704,37.456809580381055],[15.086267668437172,37.45699890793883],[15.08624243359912,37.4571679328559],[15.086220042092236,37.457368496979704],[15.086197648679516,37.457573576744686],[15.086211968301765,37.45772004205983],[15.086181018832262,37.45786202613961],[15.086183991487843,37.45797018426657],[15.086220852773577,37.45808733615693],[15.086263540067272,37.45833067331692],[15.086252378600518,37.45844785697095],[15.086249663524839,37.45855603191561],[15.086252602754383,37.458646163800694],[15.086210369240815,37.458790408941695],[15.086173807094593,37.45895493328748],[15.086137345348805,37.459205090228664],[15.0861150302046,37.45945975052662],[15.086087099505955,37.45977298555534],[15.08606199222886,37.46005243532338],[15.086067762229838,37.460160596458024],[15.086056556862522,37.46024172735321],[15.086042556118219,37.46035214542208],[15.08605111638812,37.4604400327324],[15.086056995238764,37.46062029741156],[15.086040161747484,37.46074651106589],[15.086020735710264,37.46106424682245],[15.085973110551826,37.46143383587051],[15.085951063205304,37.46192058952628],[15.085948574121886,37.46222707217174],[15.085929011926991,37.462414107260344],[15.085895271343395,37.462578632461884],[15.085909529283054,37.462684529523386],[15.085906735358206,37.46271158630545],[15.085923757947766,37.46276790258372],[15.085923966316786,37.4629571800939],[15.085907226296527,37.46314423490411],[15.085862212008806,37.4633267984582],[15.08582843817301,37.46347103108983],[15.085834174425543,37.46353187574342],[15.085856883668914,37.4636242483095],[15.085851406041916,37.463777487515756],[15.085809223056767,37.463975813060465],[15.085823584520666,37.46416284504959],[15.085849262638055,37.46437014073136],[15.085874884786037,37.46452560640547],[15.085835435812866,37.46465182815999],[15.085821489859645,37.46481407631464],[15.085818834320479,37.4649673172458],[15.085776708858045,37.465210707067044],[15.085779736567343,37.46537069438069],[15.085743047226348,37.465424811884496],[15.085712038451996,37.46551721540053],[15.085692393110099,37.46563216452302],[15.085675617730587,37.465803425328424],[15.085704105030157,37.465994943778675],[15.085709905917799,37.46612789518845],[15.085670468551514,37.46623608925851],[15.085670531598367,37.46630819519225],[15.085704599743863,37.46642534483408],[15.085687712739599,37.466499727489825],[15.085670945804676,37.466659725560525],[15.085705052295072,37.466821959348934],[15.085725044123485,37.46699544796788],[15.085702595996176,37.46714644944153],[15.08566337688228,37.46746421306878],[15.08567477155528,37.46753405641304],[15.085658066088001,37.467770676056816],[15.08568936740503,37.467941903231406],[15.085672708193744,37.46821007709469],[15.085667242534585,37.46838134368868],[15.08565621856814,37.46862471071021],[15.0856677861559,37.46884329795085],[15.085665172750176,37.46903257287804],[15.085611724441321,37.469266981499544],[15.085603420429567,37.4694292332397],[15.08562910133852,37.469634261584154],[15.08560389869359,37.46985286953227],[15.085573098758696,37.47010301023257],[15.085544989034396,37.47024951165621],[15.08546597270931,37.47037350188145],[15.085471840911119,37.47057179517913],[15.085458007707306,37.470833205824114],[15.085449789614753,37.4710675623435],[15.085413322157304,37.47132223526283],[15.085385326362214,37.47156336552266],[15.085365729072999,37.47173689187407],[15.085428045235055,37.47184275540518],[15.085456397058534,37.47190809134397],[15.085453715439094,37.47203427370758],[15.085408579410577,37.47212219091254],[15.085369075121262,37.472194332526705],[15.08535222622806,37.472277728120865],[15.085312758337368,37.47239266966321],[15.08533268177159,37.472503066660416],[15.085397838422011,37.472617944944396],[15.085400806613995,37.472735135366705],[15.08533588670078,37.47283657249381],[15.08534164605141,37.472933471036136],[15.08533616930977,37.47308671026587],[15.085313653375389,37.47317010361161],[15.08529397272875,37.47326700862485],[15.085299745207914,37.47337516880402],[15.085271686287907,37.473557731668635],[15.0852802347149,37.47360955559205],[15.085325478347947,37.473627548786254],[15.085350993359045,37.47368386888689],[15.085376581137773,37.47379876489921],[15.08541068208849,37.47394297191344],[15.085371184802728,37.47403312228136],[15.085323269204261,37.47415935877231],[15.085340399017555,37.47429679273598],[15.085377298916095,37.47444100266776],[15.085329371240817,37.474549192915134],[15.0852956220206,37.474718216220886],[15.085281734894211,37.47492779678793],[15.08529316833232,37.47504270539881],[15.08534700549587,37.475144086653366],[15.08539523718785,37.475288263375624],[15.085369879488818,37.47536715941745],[15.085305116784632,37.47560381184062],[15.085276936126435,37.47568268639913],[15.085260151814847,37.47583593867933],[15.08527158607181,37.47595311537188],[15.08528311189081,37.476135631782796],[15.085283250828645,37.47626181506365],[15.08526650495104,37.47646013441588],[15.085529307621517,37.477536892419124],[15.08565920630785,37.479927594419806],[15.086125150825543,37.48176834651046],[15.086200470449553,37.48220948641311],[15.08641062352728,37.48279361661596],[15.087497710554748,37.484739437746796],[15.087947192943922,37.485233956649985],[15.088187946884162,37.48557338994325],[15.088742847128477,37.485959710252956],[15.08923838316525,37.48631985823904],[15.089745982580519,37.4866079385385],[15.090322225073873,37.48707821175592],[15.091359940176172,37.48771034664242],[15.092817135879208,37.487549191762085],[15.093143630580295,37.487375119190524],[15.093193011673298,37.48710108553434],[15.093420490973822,37.48703215583151],[15.093693669017668,37.487303777951745],[15.093681420275745,37.487639778999146],[15.09538945642962,37.487724648526466],[15.095413574348566,37.48786294873108],[15.093378296494272,37.487735790020466],[15.09331884845178,37.48806494260472],[15.091092541345688,37.48836239413853],[15.091742008901738,37.490832575845225],[15.094986269683508,37.4907632435871],[15.095171278879652,37.4921971230455],[15.095176978419106,37.49222416403759],[15.092614917352408,37.49236139841993],[15.091090683822644,37.49242794558398],[15.091102690849214,37.492995792812145],[15.09103765546601,37.49301386815452],[15.09104907462818,37.49310173646399],[15.091111281648823,37.49309494107306],[15.091111394562242,37.49317605734595],[15.090777742919085,37.493237159994926],[15.090928545018354,37.493994187493335],[15.090959839722297,37.49414963504766],[15.0909984737243,37.494553004074746],[15.091055340224706,37.49455057577988],[15.09110362513275,37.49487725989993],[15.091929727867429,37.49488139294874],[15.091915946149477,37.49340042644682],[15.091853053765748,37.49336947289854],[15.091853015716932,37.493338470067215],[15.091965699808322,37.49336243336115],[15.091992589503034,37.49488611434812],[15.092377692791187,37.49492371133433],[15.092404819371817,37.49628250111613],[15.091800756458815,37.497231651401705],[15.090578452170739,37.49917051324396],[15.090270748670676,37.499657488050694],[15.090405079941961,37.50001957897218],[15.090485949395699,37.5000538770883],[15.092070165313205,37.50014280819518],[15.092081510373632,37.500167584210764],[15.092149403274979,37.50017879706398],[15.092174821861441,37.50015174978288],[15.09241666823689,37.50017296080415],[15.093495789993664,37.50024986049275],[15.093885412830428,37.50026924985496],[15.093966888802257,37.50026788037123],[15.09399347979555,37.49998883571663],[15.09412620540392,37.50000599933911],[15.094330122851936,37.499906290874776],[15.09444995659297,37.49879367902922],[15.09369098649489,37.497929305131684],[15.093535755251352,37.49802386690912],[15.093458984811825,37.49795140731349],[15.093417073050404,37.497902334174405],[15.0934520322391,37.497852941362204],[15.093561441821606,37.49773909717354],[15.09506617622927,37.495289372553614],[15.096372572955843,37.49579509315278],[15.095371831226563,37.49734067301472],[15.095290629278828,37.49821716190823],[15.095227779484924,37.49881341991293],[15.095581288195715,37.49884074150592],[15.095661005569305,37.49884969639304],[15.09569450415559,37.49885356405296],[15.095863987100003,37.4988662648011],[15.095837323086133,37.49908235075557],[15.09518892677448,37.49903994666475],[15.09506662535062,37.50032184030538],[15.095770247090414,37.50141175815755],[15.097296885943166,37.501542496537944],[15.097568263512121,37.5015484373021],[15.098728105106627,37.500340756118334],[15.098846476900464,37.499305643161044],[15.098137447009222,37.49921342130182],[15.098174621387075,37.49902856737628],[15.098451509597936,37.49903728010174],[15.098590298030587,37.49816274912022],[15.098688587662837,37.4972213365936],[15.09902161216424,37.497244906860956],[15.099162254079681,37.49608069687603],[15.099536357236225,37.49322336047359],[15.099595653706487,37.4927970231072],[15.099449400519267,37.49253749802871],[15.099108665543909,37.4920496732556],[15.098580088308136,37.49151572982295],[15.09863565787446,37.491380290089154],[15.09874072959173,37.49134269222474],[15.099186066183965,37.491443675352535],[15.099483981689968,37.49143643000283],[15.099582468411919,37.49131813908313],[15.0995891272627,37.49114857237373],[15.09971506341064,37.49019453505937],[15.099966996119843,37.488340118754486],[15.099925642357535,37.488188120704415],[15.099014982749473,37.4869833547005],[15.098887753972903,37.486956631584256],[15.09876066211817,37.48703424415872],[15.09863699533066,37.486870390088036],[15.099044518370333,37.48668522571942],[15.0993442345001,37.48418448073527],[15.099171900057637,37.48399085737388],[15.099277153446856,37.48381285767845],[15.099615239056298,37.483748183303916],[15.09984887125737,37.48390085802636],[15.099486015447937,37.486732552653834],[15.099679415778839,37.48740943719017],[15.09975580648526,37.48742739421794],[15.099860458255996,37.487452089498234],[15.09997081402508,37.48749932674222],[15.10002743527196,37.48754433653728],[15.100115251607738,37.48765919198193],[15.100171922221177,37.48775153329052],[15.100217235287863,37.48779655755754],[15.10031639747921,37.48793169045938],[15.100398550298122,37.488039779272015],[15.10048633329043,37.488129844450434],[15.100483642314504,37.48823799985007],[15.100435743211216,37.48837325328349],[15.10041907549368,37.488589596431595],[15.100402352418175,37.488776633460716],[15.100388354414061,37.488878057588536],[15.100363315409615,37.48918452840183],[15.100301446620854,37.489454991181866],[15.10022277885524,37.48983364036443],[15.100163634873521,37.49001395579877],[15.100158058792971,37.49006804937277],[15.100192212523005,37.490230257048154],[15.100200801116864,37.490311376469755],[15.100175470980554,37.49040830001425],[15.100175690576346,37.49057278226037],[15.100187119465218,37.49066291600237],[15.100198666943388,37.4908431801849],[15.10019608149661,37.491023456865776],[15.100261177169644,37.49105945519807],[15.10034328644613,37.491122478352466],[15.100405572306784,37.49118551641699],[15.100394364109304,37.491257633675886],[15.10035777897399,37.49138385921594],[15.100312818325733,37.49160699536456],[15.100298973208124,37.491825589059765],[15.100287935276405,37.49202388799391],[15.100305211843205,37.492267245214],[15.100271603936568,37.49250162668744],[15.100297186428463,37.49260075894441],[15.100311521139712,37.492753966451254],[15.100280871431401,37.493087491829],[15.100172135774828,37.49319463836074],[15.10014268036401,37.49337604948176],[15.100125957581598,37.49356310544035],[15.100165607298873,37.4936081270391],[15.100162850398643,37.493664471315654],[15.100131855841692,37.493754628566286],[15.100120663631884,37.49384252455015],[15.100132059910031,37.49390786829682],[15.10014631517853,37.49398897031096],[15.100104043040224,37.494106181470976],[15.100027872705855,37.49424146291028],[15.100033586180384,37.49428651183513],[15.100030915571534,37.49440369814644],[15.09999168751255,37.4946831633594],[15.09997797887142,37.49499864954226],[15.099941300775894,37.49507078008483],[15.099921585839759,37.49513390130722],[15.099910395725313,37.495215032457736],[15.099882207825653,37.495287164850765],[15.099876629083175,37.49534124057625],[15.099868272525162,37.495449413360475],[15.099896650062123,37.4955102263987],[15.099857163058502,37.49560264908106],[15.099831850726066,37.495710833958874],[15.09984616108875,37.49582575767599],[15.09979561714419,37.496107468177954],[15.099767581204306,37.4962967872999],[15.099787482034918,37.49637562475253],[15.099787586333308,37.496449996210025],[15.099816196506188,37.49670010146804],[15.099788097457076,37.49682855935801],[15.099706287813019,37.49699087958918],[15.099700759297702,37.497090039476774],[15.099641764130817,37.49738754183837],[15.099630828990373,37.497657945161514],[15.099563102562369,37.497781950497675],[15.09956885039594,37.497856305776644],[15.099512610477255,37.498097463912224],[15.099467630308839,37.498307070664],[15.099496112101665,37.49844225525033],[15.099482110105608,37.49855042543162],[15.099465366106354,37.49873071779203],[15.099417478062323,37.49887496650506],[15.09942045602853,37.49898312247482],[15.099454493091098,37.49906421365352],[15.099423549438121,37.4991904410357],[15.099375660012711,37.49933468981805],[15.099378566824154,37.499397782508325],[15.099415603354002,37.499596060486255],[15.099381934603967,37.49980340421013],[15.099345393183498,37.4999746952739],[15.09932853859928,37.500046810859345],[15.09930596075192,37.50009188875362],[15.099306098619042,37.500191049290514],[15.099278041356262,37.500371338480655],[15.09926118419615,37.500452486131834],[15.099063503169647,37.5006870042715],[15.098995725668049,37.500765924383145],[15.098891201874824,37.500865165545164],[15.098823395505555,37.50091254863641],[15.098710451714227,37.50105460187271],[15.09861166011976,37.50121016929827],[15.09840271386743,37.50147848638092],[15.098303818641329,37.50156195014569],[15.098142760735621,37.50168828381],[15.098010010043561,37.50183259859674],[15.097882913824314,37.50195890468511],[15.097778419541253,37.50208518345906],[15.097713397055267,37.502112276031475],[15.097654074927737,37.50216640754462],[15.097620220420575,37.50222952493317],[15.097611781728942,37.50226559313297],[15.097555265911137,37.50230168181494],[15.097464823432052,37.50236485558981],[15.097348982368162,37.502464109486034],[15.097278383056155,37.50253626348916],[15.096863075828415,37.50293990456139],[15.096774980514477,37.50326331843382],[15.096663555297992,37.50328464480407],[15.096490517163614,37.503083693706884],[15.09646254697157,37.50325648512879],[15.096826853395187,37.50372480554531],[15.097416063853808,37.50449342790344],[15.097937512379307,37.504940151809954],[15.098431884779151,37.50527957984674],[15.098939615464761,37.50552956268853],[15.0990962930667,37.50559831503197],[15.099153872453135,37.50555400971732],[15.099388724309895,37.50567400764727],[15.09942458547438,37.505628188968416],[15.099595300747765,37.50568909277031],[15.099683357145123,37.505728289463136],[15.099662456366117,37.50576884874257],[15.099732831431432,37.505789061032516],[15.099815202511742,37.50582595569151],[15.099946268651541,37.50585104306177],[15.100026294830432,37.50586155014456],[15.100162534895633,37.50588766782597],[15.10017895803386,37.50585665152664],[15.10024482130649,37.50586017297389],[15.100308338763158,37.50586875182666],[15.100328177653305,37.50589577862353],[15.100408096757892,37.50588974549967],[15.100508139554503,37.50589800131272],[15.100508185786511,37.50593234275701],[15.100613954110162,37.50594962700149],[15.100700405565227,37.50595793562258],[15.10088004195074,37.50597495331061],[15.10089794558327,37.50593201109995],[15.10075602438235,37.50591209940377],[15.100764918897541,37.50584770193197],[15.100827733533915,37.505810445351706],[15.101026128295912,37.50583809726241],[15.101097393794724,37.50582970689046],[15.1010613974062,37.50601979011741],[15.101161102102752,37.506034013972474],[15.101239365859529,37.50604809925064],[15.101406026205286,37.50602104777577],[15.101496778716491,37.50602403045135],[15.101610472073371,37.505978621720786],[15.101715232561709,37.50596899193784],[15.101813252982042,37.50594857892785],[15.101937759549296,37.5059755225282],[15.10197453803891,37.50599352255461],[15.102000026337528,37.50601151848729],[15.1021583644517,37.50596631341867],[15.102246173443652,37.50605637423133],[15.10229140881919,37.506047319559556],[15.102350786828302,37.50602022185951],[15.10244699818007,37.50604717684857],[15.102489446064556,37.50606517701565],[15.10252915893185,37.506146268849115],[15.102532054906527,37.50619133318387],[15.102577391897976,37.506263395726265],[15.102614194218553,37.506281393404294],[15.10267642690859,37.50629034988522],[15.102738642892662,37.5062812802564],[15.102803667723872,37.50625418468934],[15.102874411135614,37.50627215642773],[15.102908510020422,37.506389297033685],[15.103007582469202,37.506434277699405],[15.103101023152341,37.50650631490884],[15.103174533643456,37.50648821687058],[15.103214197844649,37.506524240464685],[15.103140737937537,37.50658740460294],[15.103135195578666,37.506668519416095],[15.103174783522313,37.506668493998646],[15.103261146757163,37.50673150619724],[15.103302236258903,37.50678554847222],[15.10338992378224,37.50678547995588],[15.103565369374852,37.5068303870537],[15.103627618806094,37.506855120768456],[15.103667192760632,37.50683030335789],[15.103887803988071,37.50681207754488],[15.10389352317703,37.5068571429803],[15.103803120118858,37.506938346578785],[15.103740903877304,37.5069474177048],[15.103690068943395,37.50701054988797],[15.103701419091747,37.507037591541796],[15.10375516411546,37.50703753183194],[15.103874150097155,37.50716363369318],[15.10387430653049,37.50728981590952],[15.103930913936116,37.507307800177486],[15.104021372801714,37.50726264833666],[15.104089270244321,37.50728061841291],[15.104038460261922,37.507343750352],[15.10406394667915,37.507370778713494],[15.10401311179885,37.507433911036074],[15.104055599344697,37.50746993636546],[15.104134799135922,37.50746085170473],[15.104146198088033,37.50753293965164],[15.104233960255227,37.507577935271414],[15.104185929600094,37.50763205589403],[15.104372642583654,37.507631899859625],[15.10446320322102,37.50767687793154],[15.104737672968348,37.50773071106427],[15.10463883022716,37.50785699790466],[15.104627587296768,37.50791109041715],[15.104675830450272,37.50801920273016],[15.104684431832744,37.50809130793085],[15.104752350575097,37.5081182894961],[15.104820308168156,37.50816329772971],[15.104828887150978,37.50823540317643],[15.104893947173629,37.508235346318436],[15.104919361485022,37.50820827673817],[15.10491929043487,37.50815419965124],[15.105038076661746,37.508145068579296],[15.105069448821345,37.50832531674751],[15.10511472370723,37.50833428491445],[15.10512042454186,37.50837033820159],[15.10506957332978,37.50842221051237],[15.104947961696224,37.50843358891244],[15.104979152680636,37.5084853890375],[15.105064070042182,37.50853263136226],[15.105092403195888,37.50855965848445],[15.10502739687267,37.508595768324625],[15.104956723152393,37.50863187604726],[15.104908660168494,37.50864994570281],[15.104894598205638,37.508695023873216],[15.10493994491835,37.50875808894867],[15.105053210975685,37.50884811823445],[15.105109853529,37.50890215480019],[15.105118400458466,37.508938208030905],[15.105180634407395,37.50894716301902],[15.10503648584507,37.50901939525036],[15.105022584362668,37.5091906751783],[15.105067871901166,37.509226684424014],[15.105110359509238,37.50926269041139],[15.105093528762357,37.50935285221038],[15.105093615275251,37.509424956315335],[15.105073920996773,37.50949709125071],[15.105006089457023,37.50954221309344],[15.10498916095706,37.50957827938233],[15.104992494644094,37.50992980290816],[15.105015140472089,37.50994781597543],[15.105029351414696,37.509992865574674],[15.105083097430462,37.50999507232821],[15.105085996957309,37.5100378889562],[15.104998505104259,37.51018218483089],[15.104970303493786,37.51023629229318],[15.104896837637313,37.51030847004328],[15.104894049730493,37.51033550791475],[15.104919668182518,37.51044365080697],[15.104914108648295,37.51051575263171],[15.104993510887569,37.51065089287016],[15.105106637100077,37.51063276501591],[15.10514054413672,37.51060569754991],[15.105199952956362,37.51062366626066],[15.105211362659862,37.510677745474865],[15.105140702476357,37.5107318804992],[15.105154935749784,37.51078596082987],[15.105197404932884,37.51081295379807],[15.105245432364919,37.510767846786],[15.105296354832024,37.510776817021025],[15.105327601037922,37.51086691629329],[15.105437941284078,37.51087584478427],[15.10545493741295,37.51090287049036],[15.105404051848495,37.51092093924567],[15.105418224314974,37.51094796295863],[15.10541263102519,37.510993045512585],[15.105378726960636,37.51101109899577],[15.105322244786548,37.51108326255623],[15.105378834581614,37.51109221590901],[15.105432528507402,37.51105612123069],[15.105480647162423,37.51107410406013],[15.105477857598482,37.511110155935924],[15.105398693173619,37.51113726672952],[15.105311000805221,37.51113733809216],[15.10529693726944,37.51119144831542],[15.105435533475488,37.51118230316908],[15.105243354769637,37.511299644847234],[15.105113317895382,37.511371884089414],[15.104963405438932,37.51138102555301],[15.104918222608536,37.51142613429292],[15.104969200702358,37.51147115652114],[15.105189840035017,37.511470952326995],[15.10530307922445,37.5115271941704],[15.105416166643407,37.511488775658535],[15.105571800121787,37.51152469882016],[15.10558602821015,37.511587773460796],[15.10552100545409,37.511605856696555],[15.105455902552107,37.51158789021335],[15.105269311440503,37.51166918251742],[15.10519009231786,37.511660243084464],[15.105161854539972,37.511687310750816],[15.105312074056734,37.51190349275972],[15.105326287176359,37.51194856019298],[15.105343303059868,37.51198459879496],[15.105340552298593,37.51203867468078],[15.105264231952798,37.51206578635962],[15.105446295667836,37.51244663178852],[15.105541281997764,37.51258458560381],[15.1056085753469,37.512676347912276],[15.105757668803873,37.51274481534969],[15.10590365985287,37.51277534214531],[15.10593597081927,37.5130025926738],[15.105805568966378,37.51329766403355],[15.105729848231215,37.5133587457899],[15.10561316814069,37.51335765571605],[15.105529679545056,37.513433429466204],[15.105596847138143,37.513487096847044],[15.105703810643972,37.51358870726932],[15.105642255387309,37.51371335106493],[15.105592743797551,37.51376592915066],[15.105663402282929,37.51386227979327],[15.105683968633452,37.514004094114576],[15.105653481783492,37.51406997319176],[15.106039798724327,37.514407131350815],[15.10614929565763,37.51443002547144],[15.106184436667107,37.514421057337664],[15.106248114739723,37.514432040942424],[15.106291401367978,37.51452266798423],[15.106401480396071,37.51455267617377],[15.106670565813982,37.514552999511466],[15.106727844567446,37.51448572972462],[15.106657968209305,37.514289322200575],[15.10668010477354,37.51423101987667],[15.106770575327422,37.51424061270929],[15.106886269832074,37.514448931234675],[15.10700935228116,37.51452827200737],[15.107163501450804,37.514548847637485],[15.107219034016717,37.51446023649702],[15.10712818285137,37.514336358656024],[15.106884347239268,37.51420613170343],[15.10676728743502,37.51409075829914],[15.10661275861476,37.51395589575998],[15.106486769564212,37.51384098545166],[15.10639708400546,37.51373133372603],[15.106338845713955,37.51367720344736],[15.106269930873587,37.513602194523116],[15.106169949306224,37.5135859512106],[15.106071130145589,37.51358393473739],[15.10603075342003,37.5135288774037],[15.105996979691561,37.51344490111475],[15.106024558318913,37.51334345296418],[15.106113360515005,37.513002444646304],[15.106210366764701,37.513002363590715],[15.106261257327233,37.512973013069285],[15.106473446097539,37.51300211092126],[15.106742216397091,37.513010890325425],[15.10682154764519,37.5131009452709],[15.107031876529657,37.513261957621175],[15.107391756531214,37.51369566887056],[15.107721778320842,37.514181871893015],[15.10806971154301,37.51462990038983],[15.10830359260149,37.51487770788705],[15.108501582720546,37.51514939579568],[15.108597496289494,37.51522562074322],[15.108753442288295,37.51540672379662],[15.108879566880884,37.51566893748419],[15.109065993791784,37.516222043264186],[15.109072383514091,37.51649867617997],[15.108713680395082,37.516894885937106],[15.108671875080441,37.516971238513584],[15.108728309247292,37.517088851839446],[15.108683037165367,37.517083248583354],[15.108657620133721,37.517119330388844],[15.108567287948512,37.517245601976285],[15.108428737501251,37.517290802659595],[15.108335728645418,37.51753424343418],[15.10824245582462,37.517597424363224],[15.108152384526399,37.51791298663918],[15.108129885613506,37.51800314697082],[15.108141351240185,37.5181113044906],[15.108172623597248,37.51821942922603],[15.108178557593131,37.518399706993506],[15.10817584544654,37.51848082168597],[15.10826943917797,37.51864298240715],[15.108340324949637,37.51876009137033],[15.108533008768394,37.518978505584634],[15.108663394101567,37.51914738092186],[15.108785177172493,37.51922839171436],[15.10896076591514,37.5193656864767],[15.109238315756889,37.51956148079194],[15.109492058305944,37.5194863278682],[15.109657344930799,37.51949571453327],[15.109820195536608,37.51947648470461],[15.109954483398274,37.51958129262931],[15.110199189803916,37.51984625609137],[15.110326235729469,37.51991100447237],[15.110682376888132,37.51994374610891],[15.110776485241527,37.51986861138198],[15.110348106770118,37.5196900701153],[15.110177308567213,37.519624965735375],[15.110023390400368,37.519201565455916],[15.109951554888308,37.519216894613784],[15.109860398174247,37.51912349515434],[15.110102188226884,37.51903360157629],[15.110265240903843,37.51915364442101],[15.11041161266687,37.519330938051176],[15.110495401665087,37.51942367383239],[15.110631981703223,37.51945788705503],[15.110730947153899,37.51956654278779],[15.110808255915664,37.5196079661456],[15.110901697792338,37.51962647989034],[15.110955644232662,37.51966220151632],[15.111090766382947,37.519685997245354],[15.111176382415024,37.5196588145453],[15.111198913315825,37.519600198429714],[15.111275321633524,37.51960464424506],[15.111357372285346,37.51961357974684],[15.111433796818767,37.519640540880744],[15.111498824438687,37.519622453888495],[15.111544127121185,37.519640430828254],[15.111549718197656,37.51959536799531],[15.111589295098726,37.51956828128787],[15.111665678085728,37.51957723465588],[15.11171392267834,37.5196673156047],[15.111770577819986,37.51972134782547],[15.111889343385265,37.5196851883554],[15.111934607562294,37.51967612728554],[15.112010933250463,37.519639996876904],[15.112059077259717,37.51967600228825],[15.112076175972945,37.51976611603426],[15.112146897429813,37.51974802811499],[15.112273975451155,37.51960369736589],[15.112350361310236,37.51960361824791],[15.112336358975494,37.519693762657795],[15.1123024914404,37.51975013817197],[15.112333632664388,37.519765883944274],[15.112378915264374,37.51977484950984],[15.112458322001213,37.51990096883834],[15.112531862618034,37.51989187591423],[15.112588459117184,37.519909857030086],[15.112613994264262,37.519954907596194],[15.112724367050532,37.519972821963826],[15.112899966440802,37.520107860719015],[15.112939541835727,37.520080772738226],[15.112976350510207,37.52010778126493],[15.112911359221329,37.52016418811428],[15.113111636124009,37.5203578941327],[15.113172037643118,37.520416313962066],[15.1132483819959,37.52039596032948],[15.113288098243094,37.52045901899896],[15.11320331662785,37.52053120139829],[15.113274134362344,37.5205852161062],[15.113268547016698,37.52063029769551],[15.113364818773997,37.520684279557415],[15.113446754009379,37.5206120982296],[15.113494879749565,37.5206390891723],[15.113460992640706,37.520675171974695],[15.113486528616605,37.5207202222791],[15.113531851144034,37.52075622512949],[15.113554580788053,37.52082154877744],[15.113633851704476,37.520855271885644],[15.113735674320415,37.52083715188941],[15.113775345859475,37.520893448010675],[15.11374716849217,37.52095432005306],[15.113798177561847,37.521017364147816],[15.113885940843781,37.521053336899804],[15.113942578725974,37.52109159121044],[15.11403020133827,37.521037416200144],[15.114061365270546,37.5210621741742],[15.114069937537113,37.5211185012825],[15.114123733122785,37.52114324423106],[15.11431599940914,37.52107996345766],[15.11432745643572,37.521161061762754],[15.114412475278192,37.521260143336924],[15.114455092215625,37.52138629193861],[15.11468993965006,37.521404077200486],[15.114735285418902,37.52144911021313],[15.114839872049089,37.52138590762742],[15.114910590632661,37.52138584499107],[15.114896572284609,37.521457962702556],[15.114998433462388,37.521475894165555],[15.115024010500456,37.521547981771135],[15.114970336838281,37.521593092903906],[15.115196734633662,37.52163795106366],[15.115270356376012,37.52168293356666],[15.115259101542085,37.5217190016006],[15.115196894479107,37.52174610470536],[15.115287522661957,37.52180235108314],[15.115378108706755,37.52184733741341],[15.115437554351377,37.52186304849208],[15.115434810532653,37.5219171249205],[15.115482898257232,37.52190806328411],[15.115579132961289,37.521944037189044],[15.115542502633234,37.52203419608171],[15.115517129715828,37.52208830657702],[15.115570894490261,37.52211304501674],[15.115655764961003,37.52209719139522],[15.11570663550222,37.52206109281511],[15.115764585734773,37.522033988395705],[15.115774570812833,37.52208806650321],[15.1158057149191,37.52210606032886],[15.11589908745742,37.52209919697672],[15.11593021061314,37.52210592969738],[15.115941587964315,37.522144230673085],[15.115887850546025,37.52216005564354],[15.115856686761093,37.52213529908807],[15.115822780469701,37.522160121399764],[15.11577483302849,37.52225931097326],[15.115831454480372,37.52227728912475],[15.115919139561502,37.522259182915384],[15.116009687263196,37.52226809634394],[15.116057834857877,37.52230409978841],[15.116080569451793,37.522367173401115],[15.116100496963831,37.522457287823926],[15.116134485003435,37.52248429339015],[15.116244862551824,37.522504472102526],[15.116292992001158,37.522520200359814],[15.116321311216616,37.52253819238184],[15.116312880379258,37.52258327427171],[15.116312941813872,37.52261932564285],[15.116338480187697,37.52266437421403],[15.116386627080628,37.52270037754458],[15.116448895448427,37.52271833813171],[15.11651681331847,37.522727286332255],[15.116579039998113,37.52271820741982],[15.116658295027761,37.52273616863787],[15.116644255971302,37.522808289387626],[15.116550987716812,37.522862462862484],[15.116616139202886,37.522925488599896],[15.116700998246735,37.522916395858616],[15.116783076290982,37.52292532506022],[15.116862390520351,37.52299736623564],[15.116893576215869,37.52303563180384],[15.116913448250106,37.52306941835882],[15.117069025841106,37.52306024249345],[15.11717373743527,37.52306915750296],[15.117200677172058,37.52310969042245],[15.117258617168295,37.52307808830048],[15.117349104319915,37.5230419371854],[15.117397172468173,37.52302386279677],[15.11744530004745,37.5230508528061],[15.11744820714908,37.52309591676486],[15.117312577365425,37.52321323216449],[15.11717696947683,37.52333956104596],[15.11716581813754,37.52343871909967],[15.117233755187826,37.52346569178325],[15.117454452045749,37.52346547899422],[15.117550627160867,37.52346538171874],[15.117672260115247,37.523449489858024],[15.117737457703033,37.52351927719],[15.11764127988965,37.52353740248398],[15.117598881717358,37.52355545937645],[15.1175678170543,37.52360055626312],[15.11758772989461,37.52366364843904],[15.117551038084313,37.52372677042452],[15.117440782144625,37.523783212177804],[15.117375772569305,37.523817080163866],[15.117307937507176,37.52385321910955],[15.117240244823735,37.52397948564021],[15.117231855588557,37.52404259224625],[15.117147097093827,37.524114776330784],[15.117107541410347,37.524150877704514],[15.117116114055598,37.52421621744147],[15.117135965444287,37.52424099115502],[15.117184074096798,37.52424995540695],[15.117288869211158,37.52431519557528],[15.117354208790568,37.52449315647252],[15.117441957412339,37.52450883218781],[15.117456137899941,37.52453812187077],[15.117399596502349,37.52456520883085],[15.117365751885323,37.52462833034636],[15.117343159219137,37.5246644165499],[15.117334812475184,37.52474554957929],[15.117247249080862,37.52484478978543],[15.11724174585894,37.5249349166347],[15.117244672877026,37.52499800729225],[15.117202417983885,37.525115241517646],[15.117123326509242,37.525196439156545],[15.11704986119019,37.52526186090578],[15.11699047572664,37.52528669876568],[15.116962215965717,37.525304757512934],[15.116758540055784,37.5253319920746],[15.116764272524192,37.52536804291468],[15.116798261202334,37.52539504910004],[15.11695395051835,37.52544221598192],[15.117041698177905,37.525469172167654],[15.117106874822234,37.52553896180323],[15.117092795040287,37.525584042242166],[15.116993875016739,37.525649497683474],[15.116993936915463,37.52568554812091],[15.117002554122195,37.525764415795315],[15.11699694400469,37.52580948068593],[15.116954586649328,37.525854593067216],[15.11687823559277,37.52588171431788],[15.116739632569466,37.52590888319534],[15.116736850328099,37.52593592093367],[15.116751114794015,37.52600802467176],[15.116720071076674,37.52606213506576],[15.11665788129129,37.5260982529313],[15.116587283026835,37.52617944972553],[15.116559145034524,37.52627862505354],[15.116564956435926,37.52637776706292],[15.116550979803701,37.52648593645388],[15.116542527197247,37.52651299357529],[15.116570890456488,37.52656029108227],[15.116544124531922,37.526630169994],[15.116559922359619,37.526776615363076],[15.116588366757249,37.526882506422744],[15.116707224351838,37.52689140445135],[15.116888310946953,37.52689122393569],[15.117065128535494,37.52689103558929],[15.11706380831713,37.52695413377654],[15.117007226724544,37.52695420001607],[15.116894184654809,37.52703543019662],[15.116899933705039,37.52710077004729],[15.116900016807932,37.52714583324982],[15.116815214094894,37.52720001070473],[15.11671361027962,37.52736009046076],[15.116693863242372,37.52739617534126],[15.116710971987505,37.527477274673664],[15.116764791987903,37.52752453925467],[15.11679595974616,37.52754929617279],[15.116818674888338,37.52760335671633],[15.116796247568312,37.52773181850441],[15.116663351730733,37.52778602659983],[15.116499370037468,37.527874071087055],[15.116360910387098,37.52798237140275],[15.11625770732293,37.5280997012312],[15.116194268251022,37.528171822332894],[15.116191731358573,37.52836110953854],[15.116129743163324,37.52853243824571],[15.116189923232312,37.52882366041859],[15.115885755088975,37.52964433344573],[15.11540184388893,37.53042225511801],[15.11503803138507,37.53066295121382],[15.114815210336106,37.53061361012432],[15.114808987705175,37.530460988398495],[15.114910567676219,37.53030826184146],[15.11506003034267,37.53013641009651],[15.115263194474444,37.52989432974107],[15.115432789597715,37.52977698229465],[15.115438580955766,37.529321230985936],[15.115083037098014,37.529354368939714],[15.114948331549988,37.529384309781484],[15.114450654231192,37.52948614658676],[15.114477096860199,37.529644114941135],[15.114967384006697,37.52960488618139],[15.114956210094538,37.52964066922291],[15.11443975670994,37.52970377140343],[15.11438706146858,37.52951303711086],[15.114334817286979,37.52961742326143],[15.114369054449934,37.52997809263023],[15.114312821295155,37.529921507368165],[15.114282468735206,37.529653245454426],[15.114173931895929,37.52966229370033],[15.114181653554498,37.52981729920413],[15.113990921710043,37.52992777981322],[15.113908478290226,37.5298652580428],[15.113960828305693,37.52982943593006],[15.114102993718523,37.52978160277081],[15.114083847882611,37.52949842437159],[15.113952703380725,37.52940912022988],[15.11387785557919,37.52941813560604],[15.113877624772806,37.529266104222216],[15.113772863612322,37.52929601494866],[15.113522166879783,37.52935587594254],[15.113459362710884,37.52990444278283],[15.113556715078973,37.529925216817965],[15.113463870520311,37.53003352239135],[15.113384629212232,37.52999096229304],[15.11338113852226,37.53015790181877],[15.113235201294371,37.53018785196632],[15.113710999228893,37.53046463029333],[15.11366986526314,37.5304914991092],[15.113205309369958,37.53022365255962],[15.113063380010743,37.53042947860147],[15.113486761915361,37.53069736459785],[15.113434384335202,37.530715300605536],[15.112999800891327,37.53046531138501],[15.112857700422573,37.530557858293804],[15.112891724348307,37.53078140240121],[15.113236410993357,37.530989743718514],[15.113217743626405,37.53102255256787],[15.112850585214936,37.530805289386365],[15.112626066853831,37.53085319949856],[15.112625512552741,37.53048355375842],[15.11238967113214,37.530468873500965],[15.112242177530387,37.531126986160736],[15.11237521056709,37.531176941602666],[15.1127274498267,37.5310647546967],[15.11274252618342,37.53113330400391],[15.112687758224245,37.53112083999424],[15.112411165326662,37.53118978468634],[15.112406676618562,37.53124395090234],[15.112453635544432,37.53140702727909],[15.112511171737594,37.531434159496804],[15.113193709442905,37.53128612744066],[15.113170265839747,37.531228914248835],[15.113211577397294,37.531220290032415],[15.11323693584448,37.531355484717444],[15.11320633159925,37.531316163762206],[15.112511229273045,37.531473089468],[15.112428520712944,37.53143280688844],[15.112357297748881,37.53121273075551],[15.11222045926994,37.531157048049174],[15.112139180609413,37.531273504672576],[15.112400902771714,37.5316719968521],[15.112475205114942,37.53169672791717],[15.11256371846166,37.531612698865786],[15.112674171202878,37.531780483800006],[15.112772270047255,37.531698353351985],[15.112939960318021,37.531694377129305],[15.113177547627355,37.53155484378502],[15.113215302361251,37.53158918319184],[15.113160362990795,37.53169607517997],[15.113199542818421,37.53179339630788],[15.113330679610607,37.5318447244814],[15.113515090257492,37.53180829803275],[15.113557981857,37.531655629606604],[15.113646793579155,37.53177001472861],[15.113861222491277,37.531713179206434],[15.113902046612774,37.53164651053081],[15.11401794345445,37.531572028810295],[15.114170756827349,37.531592159248234],[15.114298052265497,37.5315717558521],[15.114337655069164,37.53155369854324],[15.114651515566178,37.53140916854877],[15.114775864121777,37.53130989632492],[15.114877841061999,37.531390933823516],[15.114971347651872,37.53147421876909],[15.115132573442366,37.53144476954988],[15.115217585916383,37.531525804689664],[15.115308226576019,37.531588814671984],[15.1154383045633,37.53153460671305],[15.115659064634535,37.53157042887475],[15.115862735829513,37.53153418288725],[15.116060760360279,37.53149793489154],[15.116154247159585,37.53157220599547],[15.11625051583888,37.5316149229078],[15.116355215990005,37.531623838826306],[15.11642025473682,37.5315989834962],[15.116448517792586,37.53157867542524],[15.116677566403395,37.53147930402887],[15.116954871279479,37.531481272958615],[15.117045430581395,37.53149921644319],[15.117150174020535,37.531523907936396],[15.117314304633334,37.53154176899802],[15.117523584149353,37.53146268650324],[15.117772480892427,37.531406112682404],[15.118004578814029,37.53145094416701],[15.118250755458194,37.531459707595076],[15.118527915344739,37.53136929524376],[15.11877118287357,37.531326229114285],[15.119031523355602,37.53134400522447],[15.119232304275002,37.53126943443467],[15.119557575378689,37.53118798278401],[15.119761326883687,37.53120580632219],[15.119993554118551,37.53133176796481],[15.120203101608352,37.53143970132581],[15.1202455907474,37.531457692216705],[15.120438112129218,37.531531858627886],[15.120661824251359,37.53164880518947],[15.12077799246336,37.531736564742005],[15.120809248998787,37.531817663439966],[15.120786890970232,37.53200020349912],[15.120792646935588,37.532052031347455],[15.120911574287486,37.532108237773336],[15.121146543404008,37.53217785342574],[15.121390048574558,37.532288016507835],[15.121466660635242,37.53241412742275],[15.121512276277086,37.532621406109385],[15.121535190842167,37.53279038329642],[15.121608915139285,37.532889456113],[15.121719373229794,37.532954691373554],[15.121778870866407,37.53299743768491],[15.121849728688874,37.53307172043896],[15.121869625448552,37.533132544427936],[15.121983145282787,37.53333973641763],[15.122048315208911,37.53338474799481],[15.12218696889186,37.53339360620206],[15.122320020190694,37.533431785503325],[15.122549216976665,37.53343154447261],[15.122803719838048,37.53332987693892],[15.12296494530911,37.53328463925948],[15.122984844114356,37.533349979287564],[15.122905970159021,37.533555109714726],[15.122688264722925,37.53367252015506],[15.12262626725561,37.53381904211221],[15.12269136978224,37.53384376284073],[15.122832765605155,37.53378053421293],[15.123016626982102,37.53374654148387],[15.123169488267827,37.533789183418705],[15.123192299811903,37.53389057295749],[15.123133107139555,37.53402358456582],[15.123110600626164,37.534113729750636],[15.123223842929644,37.534140664324816],[15.123294551427064,37.534122569912704],[15.12367917334992,37.53399822043246],[15.123741497299985,37.53404096615821],[15.123750209222976,37.53417615673446],[15.123710786982448,37.53428662957057],[15.123708027896066,37.534331692970675],[15.123815620310783,37.5343743863255],[15.124013888372577,37.534484594244596],[15.124169621414609,37.53455429151003],[15.124325332835143,37.53460144564625],[15.124560247582167,37.53462598858285],[15.124795072073125,37.5346077175603],[15.125010128333892,37.534616500661855],[15.12507241065585,37.53462319337298],[15.125946713957328,37.53459071759654],[15.126079699905219,37.53459057427069],[15.125986226346559,37.53506074699456],[15.125959648996112,37.53520283938386],[15.125826085695765,37.5357183111307],[15.125781350539048,37.536231406507795],[15.12555482151666,37.53667295713145],[15.125084439334358,37.53723297085503],[15.125023831071797,37.53730362721662],[15.12439206488901,37.537937291697425],[15.12403334723251,37.53857986888526],[15.124019486661648,37.538604703247444],[15.123453568233183,37.53916293896346],[15.123322903390862,37.539261940889084],[15.12307987861521,37.53944387548081],[15.122979487845207,37.539523936901105],[15.122832266196431,37.539631802308065],[15.12279278830417,37.53966907001748],[15.122574426293045,37.539875201752444],[15.122421657664596,37.54001941436408],[15.122370213861027,37.54006795662354],[15.122335312198858,37.54010092956912],[15.121999012892086,37.54044468883914],[15.12173789264591,37.540714784968905],[15.12127988901419,37.54151264944767],[15.121260997530682,37.541575679094954],[15.121230486000423,37.541681274828626],[15.121206085975452,37.54176532971719],[15.121138630594471,37.54199476386686],[15.120977488616278,37.54206614500737],[15.120698145148944,37.54217968573563],[15.120573801484817,37.542231168054094],[15.120210793656867,37.54243908048607],[15.120166051440465,37.5427721461028],[15.12009966659397,37.54334037392649],[15.120031273165647,37.54386684290846],[15.12000961676565,37.54403359774378],[15.119956320638078,37.54415040595215],[15.11979514631401,37.54450215471943],[15.119751121068306,37.54460282171998],[15.119455592765876,37.54494445280386],[15.119359468844902,37.545045966902556],[15.119290357167225,37.54511895224801],[15.11922396731085,37.54518907245819],[15.118994000186536,37.54543196107707],[15.119002476940178,37.54558678172051],[15.119015155764442,37.545818354845494],[15.11902803046889,37.546053470219775],[15.118994230143594,37.546442239433745],[15.118926568086044,37.546474897807876],[15.118896585059241,37.54648936939775],[15.118511449710137,37.54667525796253],[15.118512656050038,37.54672454149601],[15.118553916957593,37.54718066218773],[15.118543910889828,37.54773019660909],[15.118427486827967,37.54781612437864],[15.118114232922087,37.54804732135412],[15.117164031630985,37.54819603637575],[15.117016267826296,37.54821914098248],[15.116727644507138,37.54828577336821],[15.116539225705218,37.54832927031472],[15.116412328297834,37.54835855513392],[15.11593004429959,37.54847362669422],[15.115759399809518,37.5485063248432],[15.115227976325887,37.54813507682842],[15.11401838786545,37.54755046161091],[15.113301310613382,37.547197732714004],[15.113262439407121,37.54705252009524],[15.113170484622684,37.54679613483703],[15.113023975916347,37.54633264518722],[15.112868868408281,37.54607265893921],[15.11275526850079,37.54588224496725],[15.112459759772404,37.54537797161395],[15.112433632446807,37.54533338588276],[15.111794286077735,37.54483080037639],[15.111132797842847,37.544609084550416],[15.1112161685817,37.54447203174143],[15.11060273776056,37.54431333353603],[15.110172244634928,37.54404318780098],[15.110052016671814,37.54390011069636],[15.109989114509576,37.54382474593676],[15.109770313840029,37.543562590125156],[15.109609140695298,37.543369479134654],[15.109525286929854,37.54326900840078],[15.109473613776208,37.54318771209176],[15.10939406482127,37.54306172745183],[15.109252582605,37.54283765610947],[15.108846548935336,37.54230522757115],[15.108538904533706,37.541990430330635],[15.10822881563261,37.54186379646631],[15.10788171174218,37.54172080290571],[15.10768630357299,37.54164327752534],[15.10759912224198,37.54160868908651],[15.107269848273454,37.54147805250232],[15.107113214168436,37.541431955018545],[15.106691451999195,37.54130782740998],[15.106528042578645,37.541251516146374],[15.106421137082762,37.5412161127853],[15.106127080739025,37.541118863335356],[15.106034184918823,37.54108560264377],[15.105951250382013,37.541045283334775],[15.105728600636068,37.54093704512282],[15.10560095907292,37.54084619823197],[15.105401529700794,37.54070425817122],[15.10535644504619,37.54068301876831],[15.105074565918578,37.540550227323436],[15.104772810641428,37.54045717292792],[15.104722815797379,37.54044175573939],[15.104437530742844,37.54035378061254],[15.104192226259649,37.54026855442349],[15.104076878570414,37.540228480042465],[15.103918265650734,37.54017164066669],[15.103769742428543,37.54011841144893],[15.103610830238443,37.54006998186098],[15.103553230450155,37.54005242781121],[15.103194160070185,37.53994299828777],[15.10303123194965,37.53989334426401],[15.10258647733565,37.53975779886871],[15.102582535876104,37.53965277032799],[15.102566896075535,37.539236099488214],[15.10256595514116,37.539203611751624],[15.102558552753928,37.53894820808382],[15.10255021910641,37.53875440935189],[15.102530911384484,37.53830539312697],[15.102522541926561,37.53811077900958],[15.102453844844172,37.5378932596723],[15.102440469464435,37.53785092785128],[15.102351896143757,37.53757061024127],[15.10229832652821,37.537491344706794],[15.102264690422617,37.53744112459559],[15.101864765221839,37.53684885115775],[15.10147826545127,37.536605641123714],[15.101251308848658,37.536318138494195],[15.10112617759305,37.5358678650323],[15.101206060275524,37.53528994638222],[15.101027435475537,37.53512854377882],[15.100819905947295,37.53493872327729],[15.100639851309085,37.53503931494209],[15.100447011061926,37.535147052358354],[15.100039354590074,37.535318952507744],[15.099563657058024,37.535444869459916],[15.099507056353271,37.53550394070178],[15.099225854515371,37.535788641120725],[15.099090693038487,37.5361399171854],[15.098933106992016,37.53635510613592],[15.09854732775071,37.536501111523386],[15.098420617277522,37.53656083127425],[15.098122079778598,37.53669899525861],[15.097970424031327,37.53677176848485],[15.097427512793802,37.53683590968263],[15.096983408572566,37.53678692851821],[15.096779536960405,37.53677544760326],[15.096588129532552,37.536764668669875],[15.096250574339587,37.53680916527015],[15.095662385470279,37.53708039507128],[15.095243702647462,37.53734944615702],[15.094892057643003,37.5375860871498],[15.094552976255548,37.53781965066887],[15.09420287612943,37.537900790598876],[15.093872041393427,37.53790779107817],[15.093836178336932,37.53790854352132],[15.093648507088243,37.53791151883176],[15.093606912528871,37.537908467472704],[15.09347509711408,37.53789879728009],[15.093371019203113,37.537889799066804],[15.093185580853596,37.537873021654484],[15.093129574888872,37.53786877424711],[15.09297925437974,37.537856179130216],[15.092493585630757,37.53795558051541],[15.092063101137407,37.53826363875237],[15.091882250384357,37.53833968391604],[15.091678601165675,37.53842531669479],[15.091123198111218,37.53856207347138],[15.090655538373468,37.53848758448746],[15.090321097025658,37.5384370929262],[15.089982020974952,37.53867066060449],[15.089869184808128,37.53892400060571],[15.08983562444183,37.53927450569006],[15.090002680686087,37.53944145802793],[15.090026040435815,37.5394616977962],[15.09006166847877,37.53949907750492],[15.090301183331736,37.539707170004164],[15.09053768680398,37.53992154089703],[15.090571243675155,37.53995195958629],[15.090560265731295,37.54031929568782],[15.090561552126196,37.540897504508635],[15.090675666503211,37.54166337940793],[15.090489984613285,37.54257303275912],[15.090472659791487,37.54266393632493],[15.090326601086268,37.54314177599148],[15.090420754658577,37.543439150172446],[15.089683461082853,37.54418762719539],[15.089355419629674,37.54453087069153],[15.089344620570559,37.54490045591338],[15.088948674968496,37.54501770552209],[15.088837678631762,37.54501668600568],[15.088189826153561,37.54502548116631],[15.087395782263345,37.54519031456861],[15.086662585637198,37.545469026016285],[15.086186493006377,37.545729913058764],[15.086116119758154,37.545724559800405],[15.085812774664292,37.545695258349085],[15.085337542585734,37.545776083895376],[15.084748741383567,37.545651300748304],[15.084706454766547,37.54558771054228],[15.084689801161199,37.54556266669533],[15.08449697817635,37.545272707420324],[15.084443516135158,37.545192313353226],[15.084433230374735,37.54515671372561],[15.084412460465119,37.54508482808859],[15.084365380127133,37.54492188606974],[15.084259934873986,37.54457851978476],[15.08414517646988,37.544046674785385],[15.08411824484048,37.54397131494411],[15.083909907956897,37.54338832714218],[15.083884844502194,37.54333059711631],[15.083511493608228,37.54247062276878],[15.083014268106476,37.54201325134694],[15.082865348981416,37.54187626665818],[15.082763727684192,37.54179258353561],[15.082332641369895,37.54144252508014],[15.082166152629268,37.541089374274215],[15.082038936639757,37.54082092625701],[15.081976394413493,37.540677913884124],[15.08193776483733,37.54058675475819],[15.08192606000377,37.5405591351664],[15.081770050318,37.540190969976955],[15.081698397136169,37.54022775834125],[15.081380807533142,37.54044318045375],[15.08099520341357,37.54060937897381],[15.080589236536632,37.540785623903346],[15.079638889153049,37.541147513097116],[15.078904796241682,37.54177047475816],[15.078824049229189,37.54194115162601],[15.078812132176175,37.541966520673306],[15.07858685636201,37.54244617433247],[15.078413707787808,37.54286327352402],[15.078599962477764,37.543966108973706],[15.07862890092054,37.544162871064046],[15.078592173901981,37.54413983375892],[15.07834372225467,37.543983991626384],[15.077516004779149,37.54346596665876],[15.07736882941338,37.54342490861748],[15.077060657375906,37.54324956823638],[15.07677681175633,37.543095478033614],[15.076741386811458,37.54309424955688],[15.076383134910602,37.54308181361022],[15.075387817411437,37.54320339381072],[15.07478398443402,37.543277152001714],[15.073790352581813,37.54358249225559],[15.073695398660481,37.543611369523106],[15.07366466435625,37.54362071660363],[15.073508611214173,37.54366091623855],[15.07341738647072,37.54368463335009],[15.07292852102486,37.543811734131694],[15.072394118270566,37.5436953044761],[15.071807657489291,37.54346006696554],[15.071670112423014,37.543372605294074],[15.07141012771,37.543207297487605],[15.071325210577715,37.54315317188482],[15.071297304330562,37.54313538510378],[15.071038286397243,37.543039593669484],[15.070888776307086,37.54298428646897],[15.07085953684434,37.5429734628106],[15.070788215228998,37.54294789062663],[15.070188109397796,37.543100368602225],[15.069509143481794,37.54304764184244],[15.069259766988601,37.54257898270201],[15.06918015452706,37.542173562204034],[15.069321821810217,37.54186566497606],[15.069346181309152,37.54181087013549],[15.069450929336261,37.541585806143765],[15.069823957592451,37.54107378975518],[15.070092591783784,37.5408438201128],[15.070163091043758,37.54078278227734],[15.07034393271416,37.54062893523174],[15.070491095061673,37.540503831117796],[15.070820541720352,37.540115207511775],[15.070985650039358,37.5399221828702],[15.071012097013652,37.539891919065845],[15.07113355172623,37.53943854748134],[15.071169949222899,37.53930549225516],[15.071097820624274,37.53887944846217],[15.071078495491355,37.538763433029516],[15.071362563546494,37.53816634879402],[15.071375883873941,37.538138307761876],[15.07140648718386,37.538071475233686],[15.070809484307082,37.538058269969376],[15.070234487629063,37.538140514844336],[15.069804693124436,37.538222023080536],[15.069319398939136,37.538287745617986],[15.068721644876987,37.538437547213945],[15.068238357952355,37.538600704610374],[15.067849189199752,37.53870118333175],[15.06755140244786,37.53872986739744],[15.067423705986837,37.538734161718054],[15.06718364579681,37.538741642384736],[15.0665804537842,37.53873383721266],[15.065878975936648,37.53859759636071],[15.065531416343442,37.53856129668018],[15.064829968174807,37.538327433766405],[15.063867958748649,37.538372526091834],[15.063420523230608,37.53840763030245],[15.063041654466284,37.538453361598705],[15.062620135834962,37.53856059628759],[15.062504005070865,37.53858914255452],[15.06236234410487,37.5386239609244],[15.062289447715283,37.538642069641824],[15.062251002467194,37.5386516202173],[15.061536344309248,37.538715449429446],[15.061026285212856,37.538817217282514],[15.061016419080039,37.538847089150906],[15.06081216275455,37.539418801654655],[15.060597497158195,37.53958512277668],[15.060122884163793,37.539951580626976],[15.06009224679341,37.53996745538],[15.05970256297843,37.54017800521674],[15.05945873601923,37.54026783615586],[15.059383922411687,37.54029582375074],[15.058979828545407,37.54044699119901],[15.058727474046888,37.540572410860136],[15.058413477595986,37.54072817549566],[15.058344493377612,37.54078346894534],[15.058331216698278,37.54081324084862],[15.057881307230327,37.541160611249545],[15.057372478095402,37.54182810118224],[15.056874951593231,37.542521992971416],[15.056638023504668,37.54281977186085],[15.056412471506942,37.54309935045325],[15.05632611981209,37.543210102338755],[15.056131399389349,37.54345957473918],[15.05600488472117,37.54362210354159],[15.055801389602832,37.54409161910516],[15.0560602536033,37.54446081817658],[15.056718704549914,37.544460670315395],[15.057012203652677,37.54436004696139],[15.057245900335458,37.54429014750662],[15.05743019153649,37.54423502518401],[15.057730270364992,37.544293821397964],[15.057768896445722,37.544301081438185],[15.057804205215003,37.5443146228082],[15.058043044882737,37.54436097986329],[15.058158025419965,37.544435012142785],[15.058189775112954,37.54445558614409],[15.05846407656064,37.54463334594834],[15.05851656193592,37.544667357361206],[15.05860362863493,37.54462615894655],[15.058762707018351,37.54455088453711],[15.058802636048688,37.54453199063668],[15.058920779227115,37.544476085672486],[15.058959462917855,37.54445778149666],[15.059196093116565,37.54448665464147],[15.059331658274784,37.544503195232856],[15.059327898226801,37.54455087343904],[15.059321716863002,37.5445891735129],[15.059275833423497,37.5448735215602],[15.059120996482694,37.54504953811088],[15.058983248244317,37.54520614386963],[15.058868092587534,37.545415037842346],[15.058815563323638,37.54551023631206],[15.058744554293247,37.54563893095138],[15.058644481181235,37.545963605941346],[15.05884808728467,37.54650439834411],[15.059063356945696,37.54691043268095],[15.059302628536498,37.5473617283156],[15.059370567882391,37.54785681785404],[15.059340120908,37.54799978939578],[15.05932453701713,37.54807296154315],[15.059257821144449,37.54844316312304],[15.059223313378231,37.54861322415312],[15.059216900662499,37.54864482439646],[15.05913008531369,37.549072662503136],[15.059123290129873,37.54910615097217],[15.059029248645428,37.54955454512863],[15.058966181816215,37.54985517475002],[15.058941939265754,37.55039006452986],[15.058947935908412,37.55058216633422],[15.058951193037728,37.55068659833043],[15.058953463410138,37.55074048688766],[15.058705202888694,37.55112003902804],[15.05859763517615,37.551107082088],[15.058297446868329,37.5510667891999],[15.057843461678662,37.55097540502893],[15.057549581324016,37.55145407803422],[15.057098441918034,37.55233684673766],[15.05696401727428,37.552655026245404],[15.056923340632736,37.552747300676636],[15.056894951599821,37.55281536076655],[15.057144822371168,37.553482031804165],[15.057123068925218,37.55363103400761],[15.057089421591323,37.553869662134154],[15.057062777852423,37.553907035682755],[15.056624299110407,37.55453715183527],[15.056442797635272,37.55459235788991],[15.056000944296532,37.554726757898244],[15.055492656879466,37.554854196755365],[15.05490710443974,37.55505090484545],[15.054747163053477,37.5552247285958],[15.054700287785533,37.55525950228366],[15.054508126835326,37.555773429676535],[15.05447115784138,37.55580416064963],[15.054078051977722,37.55613307580796],[15.053364949456514,37.55658380401336],[15.053267043133312,37.55663292215622],[15.053061850031066,37.556735869422894],[15.052742589786687,37.556890356084175],[15.052335280851027,37.557026061571925],[15.051825417255182,37.557099557007604],[15.05136497140485,37.55716374487116],[15.050863976088271,37.55729742722424],[15.05092957303755,37.557669479017626],[15.050954813765264,37.557812644647626],[15.050988171345077,37.55791325887247],[15.051065477073061,37.558139961557266],[15.051078779717617,37.55818202582113],[15.051100619443163,37.558252725710425],[15.051180832568152,37.558512393922854],[15.051240711946019,37.558706233295496],[15.05103699540449,37.55869487407047],[15.050908907700881,37.5586147743303],[15.050818992739353,37.558558545374055],[15.050665396148096,37.5584966166713],[15.050470851455003,37.558522349762946],[15.050237709834157,37.558547804148134],[15.049728388489509,37.558561881115644],[15.049647962004508,37.55855397557642],[15.04941921329469,37.55853148631578],[15.049301756373499,37.55849147057885],[15.049006674786211,37.558488554327994],[15.048812486388554,37.558490331788555],[15.04873252580721,37.55871129205918],[15.04851049743071,37.55932669597521],[15.04830498531576,37.560129320089366],[15.048215441805693,37.56047143757674],[15.048142315761789,37.56072444224604],[15.048041839216896,37.56106965731019],[15.048023811920292,37.56113159524663],[15.047952074165963,37.56137532978222],[15.047879629997826,37.56162071623245],[15.04783522659877,37.56161791304935],[15.047612686375363,37.56165213134778],[15.047393833188208,37.56181997168389],[15.047179021800593,37.562021685778724],[15.04699143017161,37.562042191993335],[15.046827162912384,37.5620597851143],[15.046635779254936,37.56207859646418],[15.046093976784812,37.56219712483157],[15.045759529964151,37.56226271589414],[15.045664284730988,37.5622789990571],[15.045502631319984,37.56227022532249],[15.045389577624407,37.56228742446715]]]}}]}
