{"type":"FeatureCollection","metadata":{"code":"089013","referenceDate":"2026-01-01","sourceDbfExportDate":"2026-02-18","upstreamArchiveUrl":"https://www.istat.it/storage/cartografia/confini_amministrativi/non_generalizzati/2026/Limiti01012026.zip","sourceManifestSha256":"70ac8256c4785dc6ed2814c32b6965ae76f9161b51abaa1660059e1c6cbd8ca6","license":"https://creativecommons.org/licenses/by/4.0/","attribution":"Istat, Confini delle unità amministrative a fini statistici al 1° gennaio 2026, versione non generalizzata.","modifications":["Converted from WGS 84 / UTM zone 32N (EPSG:32632) to RFC 7946 WGS 84 geographic coordinates.","Converted from shapefile to per-municipality GeoJSON without geometry simplification."]},"features":[{"type":"Feature","id":"089013","properties":{"code":"089013","name":"Noto","alternativeName":null,"regionCode":"19","regionName":"Sicilia","territorialUnitCode":"089","territorialUnitName":"Siracusa"},"geometry":{"type":"MultiPolygon","coordinates":[[[[15.105563225904294,36.7900350678798],[15.105495456435296,36.790119484668416],[15.105752912505832,36.79036969156649],[15.10594400148301,36.7905384443739],[15.106054557411685,36.790997104919796],[15.106261133161794,36.791546070528156],[15.106336908926504,36.7921255900831],[15.106326686509304,36.7925547549776],[15.105869427917275,36.79294742336133],[15.105118437816651,36.79299802586258],[15.104641912909567,36.79296304400288],[15.104305849004406,36.79264697131475],[15.103990197521304,36.79240128655932],[15.103777174593185,36.79232891386889],[15.103467556038032,36.79234486246663],[15.103654718304313,36.79190658305205],[15.103822413983911,36.79140977301679],[15.10445906506123,36.79085308442173],[15.104600466455912,36.790583854307016],[15.10523804974211,36.79003902131297],[15.105563225904294,36.7900350678798]]],[[[14.943514983605477,36.79643086360477],[14.943704713857912,36.79643559231533],[14.94375852534927,36.79643693314843],[14.94402032302737,36.79644345650094],[14.944429509870318,36.79671234037171],[14.94447119723708,36.79673987617418],[14.944892598019903,36.79701821238341],[14.944978744309035,36.79707511220469],[14.945050856189061,36.797108439378896],[14.945316213010654,36.79723107598369],[14.945410478578049,36.797274641802765],[14.94587477657398,36.79748921839964],[14.945931444488277,36.797507302573074],[14.946088467517322,36.79755741318282],[14.946120080227928,36.797567500445524],[14.946195709541783,36.797591635892104],[14.946268563946301,36.79761488620646],[14.946325334101891,36.797633001956484],[14.946420904934717,36.797663501285236],[14.94656437822852,36.79770928565834],[14.946984870848263,36.797843470645226],[14.947038603583287,36.79786061783543],[14.947105607776026,36.79788200094655],[14.947212454674434,36.79797246724209],[14.947331723422867,36.7980734532773],[14.947678223818635,36.79836683207805],[14.947735217302366,36.79841508833207],[14.94777835775694,36.79845161485002],[14.947813134116872,36.79848105880816],[14.94798418121649,36.798577092542786],[14.948507645376313,36.79887098728871],[14.948612559255228,36.7989298882379],[14.948666664077576,36.798960265418046],[14.948892352153948,36.79912733964973],[14.949213333219909,36.79936495527738],[14.949618384986065,36.799664804393906],[14.949774007633506,36.79978000682439],[14.950163808257823,36.800149211582884],[14.9501955811494,36.80017930422751],[14.950536596483985,36.80050229779867],[14.950995429889252,36.80086179634506],[14.951028429349908,36.80091750693833],[14.951054040002072,36.800960742373334],[14.951211444185695,36.8012264693158],[14.951254994019166,36.80129999129359],[14.951331974063844,36.801429949191935],[14.951355362701541,36.801478610315705],[14.951373084570404,36.801515483012295],[14.9514392422545,36.80165313110795],[14.951522182395427,36.80182569628769],[14.951566418577364,36.80191773196823],[14.951761635406942,36.80210073380532],[14.951862450298249,36.80219523828531],[14.95191273551539,36.8022423782654],[14.951997591951976,36.802310294173566],[14.95206518836859,36.80236439544733],[14.95236775542686,36.80260656011554],[14.952436881750893,36.8026539658926],[14.952517309656125,36.8027091235339],[14.952761080038684,36.8028762965836],[14.952834143752149,36.80292640083203],[14.952862065730598,36.80294554921482],[14.953034241882381,36.80306362372031],[14.953179016028296,36.803139341539705],[14.953570293074465,36.80334398033223],[14.953649893071132,36.803388043635096],[14.953764593850082,36.8034730835396],[14.954087863887144,36.80371275857304],[14.9541632285336,36.80378026669709],[14.954361944336513,36.803958267058576],[14.95448035121562,36.804064330748055],[14.954618391135593,36.80420744042101],[14.95496922749112,36.804571161393355],[14.955028935136777,36.80463306052516],[14.955379336269928,36.80506928852003],[14.955592837159724,36.80533508053679],[14.955630219661895,36.805468755273154],[14.95564681080417,36.80553810189075],[14.955687829520237,36.80570954098812],[14.955779810463381,36.80609397542916],[14.955268339856795,36.80628589376329],[14.955219300797072,36.80630429447693],[14.95503670154987,36.806372607345665],[14.95496629661362,36.80639243902383],[14.954367659242433,36.806561056063025],[14.953794239021287,36.806722567814504],[14.953400282175682,36.806882945467194],[14.952886204814018,36.80709221987876],[14.952446457856395,36.807383502513765],[14.95236789581585,36.80743554108956],[14.951228487749008,36.80775379542345],[14.95035091470071,36.80793062808202],[14.949612936531107,36.807981131995156],[14.949485910719803,36.80798982393512],[14.948959243919543,36.80805496092487],[14.948737019696967,36.808082444969074],[14.948659208873623,36.8080920686106],[14.948270175999575,36.80816287109068],[14.948052720361922,36.8082024467488],[14.947975244472216,36.80821654642853],[14.947811855274157,36.80824628166839],[14.947703069249528,36.80826607970349],[14.947637088179594,36.80828470756898],[14.947525085379407,36.808316292587264],[14.947426853669507,36.80834400536983],[14.94736890510363,36.80836035412442],[14.947337559273462,36.80836919748018],[14.94702391653068,36.80845768305395],[14.946466398612294,36.80853967439389],[14.946069675464113,36.80861134441607],[14.94562243138485,36.808663023937925],[14.945443134517795,36.80867740812236],[14.945349629371766,36.80868533817749],[14.945247673668563,36.80869309177654],[14.945148928697247,36.80862446457408],[14.944686970012476,36.80831023800966],[14.944622023472267,36.80826163417678],[14.944127618386139,36.807886806272805],[14.94400768596992,36.80779438904798],[14.943595175138103,36.807461138971014],[14.943494228569488,36.80737958721528],[14.943464871347048,36.807355870337155],[14.943430240274893,36.807328207292905],[14.943083512225941,36.807051243425356],[14.942948015726486,36.80694301222962],[14.942897786088466,36.806908760378036],[14.942834688465643,36.80686573608109],[14.942416196245292,36.80658037612837],[14.941920604118833,36.80619383417836],[14.94183833442757,36.80612966503191],[14.941800199701175,36.80609992148671],[14.94164570627524,36.80596787757499],[14.941414804249527,36.80577029267534],[14.941388271499454,36.805747588445925],[14.941175242219972,36.80552649904499],[14.941585730581037,36.805308372576924],[14.941717211826209,36.80523850471014],[14.941858921004986,36.80516324800565],[14.941926591309478,36.80511276243396],[14.941984444512132,36.80506768454158],[14.942027642516283,36.80503488079053],[14.942068432409005,36.805003876466465],[14.942117342992857,36.804966765480785],[14.942195024650948,36.804902052104175],[14.942291492965145,36.80482623716978],[14.942396571081282,36.80474365369816],[14.943022304019431,36.80436500304753],[14.94322534341612,36.80396103477838],[14.942788829016338,36.803519368598266],[14.942592202983693,36.80340736962052],[14.942410343056917,36.803303780273616],[14.941665747097113,36.80287894148684],[14.941276313874377,36.802634360381155],[14.940995166155156,36.802454935296375],[14.940954854128767,36.80234525622999],[14.940855781733239,36.80207570246513],[14.940782400091324,36.80187604710721],[14.940750514503689,36.80178893234327],[14.940735133750223,36.801746907109575],[14.940682067229075,36.801601924409944],[14.940581820317059,36.80132803311815],[14.940543955970659,36.801279240128245],[14.940516239680969,36.80124352276958],[14.940233365228789,36.800878994991514],[14.9402014699996,36.8008378928805],[14.940168345089434,36.800795207009436],[14.940153172927426,36.80043296682427],[14.940145303002057,36.80024505617929],[14.940391660767483,36.79997096372709],[14.940447082193922,36.79990930270192],[14.940526541762306,36.79982089626449],[14.940659270422403,36.7994866675492],[14.940680252728486,36.79943382652689],[14.940716181293704,36.799343351855356],[14.940740914827062,36.7986536721132],[14.940716631750023,36.79849311215523],[14.940695876113207,36.79835588064322],[14.940635712605415,36.79815853818364],[14.940606726924102,36.79806440386818],[14.940584069604553,36.797990820299525],[14.94064003418825,36.797711228874675],[14.941111631788711,36.7975593232731],[14.941207641981409,36.797552140124544],[14.941550870379588,36.797526460112195],[14.941689705465057,36.79751607190726],[14.941840482797721,36.79750479044967],[14.942412088326009,36.797271365006786],[14.942639786594615,36.796951250356],[14.942694646546814,36.796874124031646],[14.942758989979255,36.79678366508379],[14.942877000687417,36.79669602083499],[14.942906493791869,36.796674116761686],[14.94309490270922,36.7965341898787],[14.943158142983915,36.79648722315905],[14.943243149611092,36.79642408994884],[14.943514983605477,36.79643086360477]]],[[[15.024518907513052,37.0752154972831],[15.0235930076521,37.07542109704799],[15.023493023201983,37.07544329850687],[15.02335968013314,37.07546577362932],[15.023032638253163,37.07552089766622],[15.022989096085842,37.07552823655722],[15.022921555326525,37.07553962031611],[15.022777423036926,37.07556391379169],[15.02256174366201,37.07560026556986],[15.022268162209128,37.07564974888797],[15.022002960590553,37.075718645251456],[15.021830760943208,37.075763380977925],[15.020985943779133,37.07598284990415],[15.019569518226039,37.07623503408451],[15.018903093855483,37.0762329796796],[15.018241903526087,37.07623515346958],[15.017217256004002,37.07613838902797],[15.017114410331375,37.07612867567625],[15.016936833145806,37.07611190622737],[15.016631927217711,37.076083109516034],[15.015109960589408,37.075869192706726],[15.014845612366145,37.07583203530177],[15.014656873716595,37.075814386741044],[15.014371744022785,37.0757877241452],[15.014157641653954,37.07576770326708],[15.013815080298249,37.075735669814144],[15.01359783639648,37.07571535323763],[15.013554316580937,37.075711283587424],[15.013499477642167,37.07570615809514],[15.01338076559982,37.07569506524749],[15.013229148767055,37.07571799440561],[15.012955592487037,37.07575114784631],[15.01296120876423,37.075692309580624],[15.013001275545978,37.07527257907703],[15.013037943649863,37.07488844571293],[15.013063907928526,37.07461644272569],[15.013081357980413,37.074426907481794],[15.01308904838565,37.07435306656181],[15.013060757045112,37.07408093146519],[15.01301245759023,37.073616336408094],[15.013003342010641,37.07352865422648],[15.01299804003463,37.0734776549129],[15.012981535075085,37.07331889727602],[15.012953151529715,37.07304586584702],[15.01283674603932,37.0722925748025],[15.012821318855856,37.0721927378118],[15.012741322114612,37.071675044337645],[15.012671259383598,37.07072003687777],[15.012547536870267,37.07023577252096],[15.012459580865976,37.06989149854639],[15.012426459965758,37.06925331485046],[15.012423591136743,37.06919802345928],[15.012423591994839,37.068811825158726],[15.012423594501948,37.06820569915186],[15.012333964731726,37.06738446202353],[15.01189549190496,37.067042230840464],[15.01131039547158,37.066874966953186],[15.011192832384815,37.06684135785746],[15.010859756140059,37.06674613794906],[15.010488668981743,37.06645675006138],[15.009914935193153,37.065700609403216],[15.009643258235563,37.06523963676435],[15.009622874380328,37.064707394158546],[15.009878732409023,37.064304931165616],[15.010172806926255,37.06384234974655],[15.011016339551905,37.0630771556592],[15.011309811774707,37.062956316529416],[15.012176046132762,37.06259963511184],[15.012861032456101,37.062571532936275],[15.013592150244483,37.06239932788815],[15.014245949226876,37.062030774176684],[15.014357449076707,37.06145355575094],[15.014301329176202,37.06101989156004],[15.014434747232068,37.060506811259636],[15.014256399832139,37.05989484927954],[15.014151658719248,37.059797359317834],[15.013853918331462,37.05952022982326],[15.013334927536766,37.05903715717904],[15.013018317194694,37.05840747079171],[15.012783947015272,37.05816965350784],[15.012511513854845,37.0578932119791],[15.011747132697774,37.05739656896959],[15.01211793627497,37.05646862891765],[15.012443961682251,37.05621578256355],[15.012950186417601,37.056280040257064],[15.013648309246005,37.05618826222993],[15.014254945759502,37.055738865996744],[15.014777607962532,37.05529014177154],[15.01491803727212,37.05516957730259],[15.015592592845922,37.05468296653927],[15.0161443561494,37.05425886046962],[15.01603567364407,37.05422009709443],[15.014730862564864,37.053754758375554],[15.012970442709163,37.05251222545897],[15.01180348529143,37.05215059523357],[15.011308191740758,37.05199710387907],[15.0111241952184,37.05194008175921],[15.008225279169325,37.052087477319105],[15.007327574771384,37.05124428492802],[15.00568488054943,37.051649623172366],[15.003928188941048,37.05208306313626],[15.000323750275202,37.05381873183028],[15.000061624205587,37.05409227275894],[14.999937336210749,37.054221973727024],[14.99968865191905,37.05448148432253],[14.998912838138262,37.05529105811295],[14.998530892464169,37.05568961825836],[14.997660900080334,37.056955614642135],[14.996435410985484,37.05724056484977],[14.9958368153731,37.05718407332294],[14.994900131153479,37.057095677148396],[14.994438001250627,37.056632832009775],[14.993903869030152,37.0560978609866],[14.993843775383045,37.056037673133595],[14.993608063530955,37.055290890155995],[14.993291531313517,37.05428802053207],[14.991997542853115,37.054090320318764],[14.988862974755964,37.05361134549529],[14.98881482286169,37.05360398687824],[14.988738431871605,37.05359231286523],[14.98838169035293,37.053537795139206],[14.98799507452774,37.053436175263236],[14.984843221506912,37.052607663784215],[14.984692863613258,37.05249900713198],[14.984073133757045,37.052063606325575],[14.984032463451127,37.052034872416186],[14.983627902904727,37.05174904868058],[14.983579575878112,37.051714905638],[14.98343633107977,37.05161370081686],[14.98319189657175,37.051441004253554],[14.982495346801002,37.050948872786755],[14.982540769430488,37.050782633852556],[14.982566029590606,37.05069018199188],[14.982591036329922,37.05059866194301],[14.982619787705673,37.05049343846313],[14.982674117346525,37.050294629998014],[14.98269041767527,37.05023498342269],[14.982711079451418,37.050159370882774],[14.983192425927603,37.049039741762236],[14.983296510820985,37.04879763265457],[14.983310174815635,37.04858592924037],[14.983339776249826,37.04812729586861],[14.983364377287089,37.04774614393153],[14.98340145818157,37.04717163919446],[14.983433718105648,37.046671804842525],[14.98345928948538,37.04627561647498],[14.983478098146271,37.04598421374988],[14.983483604958902,37.04589889214702],[14.984128128021123,37.04353282741174],[14.984641586148763,37.043106755985114],[14.984708835204222,37.043050952938565],[14.984732752293226,37.04303110582676],[14.985353629786244,37.04251588979548],[14.985501326010484,37.04239332759715],[14.986253885100338,37.041768821053864],[14.986322889762482,37.041711559239126],[14.98673320180595,37.04137105783615],[14.98686226600153,37.04126395243131],[14.986889716800563,37.04124117260197],[14.986915450774438,37.04121981724],[14.987077941683006,37.04108497119461],[14.987119924391585,37.0410501313744],[14.98722423937824,37.04059545034562],[14.987239375271917,37.0405294798334],[14.987271037215315,37.04039147203559],[14.98730228888112,37.04025525457951],[14.987319622705105,37.040179733556734],[14.987326252375956,37.04015084979992],[14.9874135755804,37.04007140595048],[14.987588313572045,37.03991243333099],[14.987920406649891,37.03961030117096],[14.98870134240256,37.03889980839504],[14.988741612941583,37.03886317002759],[14.98852018792101,37.03822400596465],[14.988508249153067,37.03819089809067],[14.988389000052775,37.03787659701143],[14.98693250521629,37.037737840608],[14.98685833851499,37.037730843264086],[14.986670026092327,37.037520033445695],[14.98653803052257,37.03737226668643],[14.986439253246559,37.03726168872105],[14.985339143704923,37.03603010597717],[14.985133280313214,37.03602219983621],[14.984951365606094,37.03601521323868],[14.984892888093032,37.036012967542895],[14.984521887439492,37.03599871906886],[14.983195313165444,37.035947757686415],[14.98300294324855,37.03594036649274],[14.982951263129367,37.03593838067643],[14.982837001855613,37.035933991248484],[14.980541520667646,37.03671620236635],[14.979669109385304,37.03726922046914],[14.97870820801936,37.03787831702276],[14.97862131892291,37.03793339337567],[14.977572432671192,37.03859824126701],[14.977112022763505,37.038890070780845],[14.97673566895286,37.039282170147004],[14.976489206442649,37.039538939633694],[14.976401622434299,37.03963018639544],[14.976039508726648,37.040007438802114],[14.975318669739238,37.04075840306221],[14.973719089867535,37.04139600143333],[14.9736812812955,37.041411071288586],[14.97277728135044,37.04177139582789],[14.971948878680598,37.04202347966485],[14.971487721147595,37.04216315332474],[14.971292258458089,37.0422223534318],[14.971037285546533,37.0422995770972],[14.970940443745805,37.042328905974486],[14.97082396160564,37.04236418446936],[14.970768642208572,37.04238093893417],[14.968419285941051,37.04309244987769],[14.967486272373746,37.04337499904241],[14.966403204899155,37.04349700297821],[14.966325676520592,37.04350573495215],[14.965123643924551,37.04364112556322],[14.962632898985888,37.043921630234074],[14.962560676391549,37.04392976269471],[14.962341744680655,37.04395441621165],[14.962129163734415,37.04397835388586],[14.962066332666929,37.043980090658614],[14.960702757007013,37.0440177808093],[14.96032121621159,37.04402832517737],[14.957290256343065,37.044112036708526],[14.955696205381713,37.043832348963406],[14.9556524423781,37.04382467152591],[14.955080234310849,37.043724266616714],[14.95236824209163,37.043248355705224],[14.95078718227665,37.043049340844405],[14.950742808036154,37.043043754434585],[14.950660632596367,37.043033410032514],[14.95059241380751,37.04302482123306],[14.950524825598826,37.04301631226556],[14.950480207615085,37.04301069571877],[14.950298283529978,37.04298779284757],[14.950249468366552,37.04298164668493],[14.949852793120623,37.04293170624122],[14.9494579772081,37.043100285723035],[14.948494737893053,37.04351156088573],[14.948383879719309,37.04355889381834],[14.948266635189542,37.04368712692566],[14.948178671335123,37.04378333540005],[14.948056939602564,37.04391815692137],[14.947969727666754,37.044016589383546],[14.9478957527762,37.044099170168145],[14.947386635026433,37.04466751825154],[14.947230947105885,37.04484131426804],[14.9459949832318,37.04543122045833],[14.9457066059338,37.04556885440327],[14.945072839606464,37.04587133070817],[14.945027548794254,37.04589294619554],[14.944469323283752,37.046159363465954],[14.944418290568555,37.0461837184443],[14.944250760576535,37.04626367194355],[14.94413562820761,37.04631861937822],[14.944078127381859,37.04634606096573],[14.944031732892961,37.04636820233819],[14.943910787173621,37.04642592345332],[14.943832873610491,37.04646310699133],[14.943610716360817,37.046569130649736],[14.94348627890411,37.04662851747984],[14.94279966537116,37.0469578330355],[14.942490082238354,37.04710393699337],[14.942287435564305,37.047200646140574],[14.942256059670088,37.04719219163576],[14.942178358919424,37.047171257167875],[14.941700551005134,37.047042522219044],[14.941635454883135,37.047024982718014],[14.940669248907453,37.046764650426425],[14.940239714117848,37.046648914864434],[14.94006907304624,37.04660293569583],[14.939986696553708,37.04658073869675],[14.938795989767252,37.04625989447882],[14.938730330461782,37.04624220158281],[14.938210291171952,37.04610206827584],[14.938160256488073,37.04608858489121],[14.938094911833414,37.04607097753442],[14.93759198550351,37.04593545174764],[14.937526249776145,37.04591773679049],[14.936733788735067,37.0457041837085],[14.936669504511647,37.04568686071786],[14.935371871757269,37.04533715688819],[14.935307561570712,37.04531982452857],[14.934643558829475,37.04514087296677],[14.9331424859387,37.04476509727036],[14.932964004230872,37.044720415437034],[14.932864070348781,37.04469539675985],[14.932763884801407,37.044671036902834],[14.932588786501254,37.044627357528306],[14.932545328238687,37.04461811509939],[14.932377579644632,37.04457360301622],[14.932253355707568,37.04454250371686],[14.932098539898044,37.044503743830106],[14.932031306846927,37.04448691182452],[14.931546767687614,37.04436560257404],[14.931368079026115,37.04432086471258],[14.931109235641161,37.0442560592372],[14.930998391760939,37.04422830807718],[14.929719052591944,37.04390799341273],[14.926967358119333,37.043218979333695],[14.925752185031268,37.04291467900281],[14.925476670378709,37.0428456836139],[14.925351955226624,37.04281445107984],[14.925029747280794,37.042733761234935],[14.924060397915433,37.042584988975776],[14.921345808854321,37.0421683164501],[14.920243235493308,37.04199905785316],[14.920122333967898,37.04198049667899],[14.919506068595265,37.04194301539706],[14.919361644825017,37.04193423088466],[14.91906578776309,37.04191623546385],[14.918956998632373,37.04190961785036],[14.918852969479888,37.04190329019644],[14.918784688886696,37.04189913684661],[14.917861621039528,37.04184298364312],[14.916169128639588,37.041740004186025],[14.915709843782912,37.04171205535857],[14.915110283964026,37.0416755673001],[14.914730824310624,37.04169455203141],[14.914694101415625,37.041696389248244],[14.914501215632763,37.04170603988046],[14.914085828838253,37.041726819868636],[14.914046367769673,37.04172879385742],[14.913887545877902,37.04173673858283],[14.913855404329956,37.041738346368945],[14.913818049466272,37.04174021582488],[14.913545051986903,37.04175387127797],[14.913452501781933,37.04175850053593],[14.91248737082963,37.04180677277359],[14.91224006423711,37.04212365122365],[14.912206616480711,37.04216650968775],[14.912172031088954,37.042210823817875],[14.912129650048735,37.042265129339945],[14.911856879112584,37.042614644221466],[14.91211040537928,37.042741688920536],[14.912404329409956,37.04288897626759],[14.912696736648531,37.04303550158345],[14.912764811070913,37.04306961389033],[14.91281849011192,37.043096512484944],[14.91286181316871,37.04311822225281],[14.912926624540994,37.04318459135717],[14.91316892205526,37.043440139752086],[14.912947568690445,37.043542339774504],[14.912908551256617,37.04356035562937],[14.91272844889168,37.04364351047271],[14.912649128086132,37.04368013381399],[14.91236545287896,37.04381110841579],[14.91129545191552,37.04431017320751],[14.911484657798809,37.04444391593943],[14.911582114105594,37.04451280478613],[14.911633834934918,37.044549363777435],[14.91172870708723,37.04461642665418],[14.912175507408238,37.044932249731545],[14.912022609433246,37.0453963953658],[14.91200185059367,37.045459411111715],[14.911952411599898,37.04560949292907],[14.910426390706226,37.045359918448746],[14.910359979218137,37.0453490563644],[14.910096997260778,37.04530604424098],[14.908198243602106,37.044995474659366],[14.908064220576492,37.044973552213655],[14.907780764172092,37.044927185197224],[14.907731915671546,37.04491919473971],[14.906757394734681,37.044759779134324],[14.906612575491506,37.04473698841716],[14.906376604209505,37.044700441223654],[14.906323253179064,37.04469145544849],[14.906043921256185,37.04464711489143],[14.905898777652979,37.0446240757437],[14.905447136436372,37.04455238068337],[14.905385064935684,37.044542526698905],[14.905138403904612,37.04450337040613],[14.905090178211985,37.0444957149664],[14.904997761890357,37.04448104499727],[14.904780115897262,37.04444649381046],[14.904664539020239,37.04442814669482],[14.904543475317636,37.044408928542055],[14.904475347521704,37.04439811277065],[14.90431110965621,37.044372039509305],[14.904091300643017,37.04433714498283],[14.903832847065877,37.04432404195384],[14.903786618861448,37.04432169865011],[14.903531634246026,37.044308771868494],[14.903255943483794,37.04429479376471],[14.903210976859214,37.04429251505531],[14.902957152200027,37.04427964431102],[14.902715724066727,37.044267403446554],[14.902553952303421,37.044259199804365],[14.902311432912205,37.04424690276929],[14.902145928519609,37.04423850955955],[14.902114131434,37.04423702575535],[14.9020647768675,37.04423472262962],[14.901940801748774,37.044228939205254],[14.901866441467883,37.04422547019003],[14.901689953400153,37.044175138854634],[14.901623853336769,37.044156276593846],[14.90087296017095,37.04394199533128],[14.900025211334016,37.04327105752725],[14.899962762049567,37.04322163202458],[14.899856945578982,37.04313788235457],[14.899000365847941,37.042459929527766],[14.898855349995555,37.04234515240479],[14.898771761693327,37.04227899357684],[14.898748802680354,37.042260822422996],[14.898679340585907,37.042205844854124],[14.89836420003602,37.04195641361488],[14.898016350893466,37.041891523852094],[14.8979171406082,37.041873015878046],[14.897847072184142,37.041859943614874],[14.897725231666767,37.04183721405563],[14.897603547300953,37.04181451348258],[14.897241838584588,37.041747034478696],[14.897123830104436,37.04172501956205],[14.896957152099779,37.0416939239741],[14.896152086878514,37.04109940247033],[14.895103092078314,37.040324212119884],[14.89435965265005,37.039774931324295],[14.894294978462739,37.0397259906301],[14.893237545249928,37.038943935227245],[14.893052666989812,37.038807200210236],[14.892583903946585,37.03846050296584],[14.892335137376199,37.03827651313743],[14.89106384203144,37.037336226166005],[14.89089629984658,37.03721230381034],[14.890342418813468,37.036802622512496],[14.890121857113872,37.03651374554689],[14.889455460679915,37.03564293043536],[14.888953757137964,37.034983792563786],[14.888729524390106,37.033883305665476],[14.88866942353681,37.03310770046752],[14.888700910955967,37.03270310881934],[14.888741759758776,37.03217820606195],[14.888799193841738,37.03144021535385],[14.888808325053468,37.03132303375035],[14.887627373759546,37.030701010120204],[14.887075273491618,37.03041020315532],[14.88640796355192,37.0302558177803],[14.886185285423608,37.03020429903224],[14.885939213260256,37.03014736712319],[14.885098282040726,37.02995280161949],[14.883987471105259,37.02989780775006],[14.882740821510934,37.0298499935353],[14.882706635340602,37.029835026602186],[14.882007546143667,37.02948463584769],[14.881727284971255,37.029344163953105],[14.881582343251573,37.029166834923544],[14.881312964358944,37.02883726110678],[14.881115754197467,37.028595980824726],[14.880953469814422,37.02830540647335],[14.88088810412532,37.028188365611854],[14.880808982087027,37.02804669445489],[14.880744222675842,37.02793073590731],[14.880585585186882,37.02764668555378],[14.880149753941783,37.026866285833606],[14.880084348065386,37.02660747292371],[14.879747488019026,37.02527448951063],[14.87953020639991,37.02441465916658],[14.879520853957,37.02437764626916],[14.879442017054895,37.0240656637303],[14.879395828065508,37.02388287862082],[14.879367904921844,37.0237723777876],[14.879344471059886,37.02367964288821],[14.879151785589388,37.02291710002432],[14.87892437438384,37.022715702890736],[14.878557518144326,37.0223908045824],[14.878531577800544,37.022055324750625],[14.878517685803974,37.02187565303818],[14.878506212223781,37.021727258631074],[14.87787571234646,37.02075946463947],[14.877781167909765,37.020616732949435],[14.877286084824496,37.019869298024844],[14.877111723510774,37.01960605491112],[14.876912946871485,37.01930595010117],[14.876822823763192,37.019169886502944],[14.876749542068936,37.01905924819122],[14.876460675841065,37.01862312027747],[14.876403662958117,37.01853704174697],[14.876338160005247,37.01843814589722],[14.87630859713307,37.01839351275127],[14.876109777739318,37.01805681172978],[14.876090857833656,37.01802477183283],[14.876018379894722,37.017902031253044],[14.87599450043277,37.01786159108189],[14.875878421396624,37.017665007725405],[14.875705034223772,37.01737137383515],[14.875589769518632,37.01717617008913],[14.875548860625154,37.017106889477176],[14.875522293920596,37.017061895705034],[14.875352037650323,37.016773556850225],[14.875251325708549,37.01675872499008],[14.874792140142349,37.01669109761203],[14.8744904373152,37.016373045019556],[14.87469810178323,37.015473850163495],[14.8743983546516,37.014715240768034],[14.87437658756619,37.01466015269807],[14.874189500431893,37.014186654807894],[14.874010667328825,37.01373404105285],[14.873864369774102,37.01336376836645],[14.873837414591636,37.01329554384168],[14.87370834411727,37.013071932074965],[14.873444799170029,37.012615337767485],[14.873311204834183,37.01238388223824],[14.873024621742884,37.01188736136248],[14.872989071434883,37.01182576805588],[14.872942307493256,37.0117447476913],[14.872927276896775,37.01171305862042],[14.872880134045182,37.01163702848868],[14.872736978789364,37.011389009194446],[14.872714900486718,37.01135074801669],[14.872412580914775,37.011083043465206],[14.871871671345014,37.010604054869034],[14.87170239544971,37.01045415496943],[14.871546958242238,37.010316508115665],[14.871358645772998,37.01014974807432],[14.870931841553947,37.00977178934269],[14.870797803121238,37.00970511523175],[14.870096304553252,37.009356162893454],[14.869978546643528,37.009297585683576],[14.86987031212309,37.00924374478042],[14.869510861725166,37.00906493677839],[14.86934797935839,37.00898391118594],[14.869047326621002,37.00883434921336],[14.868938031170224,37.00877997855884],[14.868811129974624,37.008716850865746],[14.868639060824862,37.00863125283291],[14.868487166962595,37.00855569093398],[14.868258194610284,37.00844178544568],[14.868383598784208,37.00811316916378],[14.868417091427988,37.008081793791774],[14.86864586420321,37.00787500989173],[14.868711757283494,37.00781544927853],[14.86915343833338,37.00741621257145],[14.869286732584067,37.00724486924057],[14.869493529902273,37.006979037175995],[14.869603802064155,37.006837284871196],[14.869625043874573,37.00680997910085],[14.869743807524875,37.006659776949604],[14.869788016730038,37.006603865438684],[14.869832201018239,37.006465941916076],[14.869844319758373,37.00642811532341],[14.870021294456441,37.00587569281794],[14.870048075637056,37.00579209297562],[14.870109079351801,37.00572286114841],[14.870180955989587,37.005641290660314],[14.870298968034518,37.00550736021781],[14.87037290896464,37.005337787067596],[14.870406380400382,37.00526102918889],[14.870422333865019,37.005224439838216],[14.870547080729288,37.00521824808095],[14.870754125958738,37.00520797118789],[14.870805415986121,37.005205425300815],[14.871054759552845,37.00519304739648],[14.871143907127546,37.00518862212952],[14.871216154059129,37.005185035757435],[14.871310944612611,37.00515161050895],[14.871671582060426,37.00502444348079],[14.871789255730995,37.004982948991206],[14.871877176517028,37.00495194546979],[14.8723799747794,37.00457597455216],[14.872559798426932,37.00445188819687],[14.872943620899132,37.004493209331294],[14.873058116669615,37.00450553477253],[14.87311988022756,37.004512183874084],[14.873151383126956,37.00450090348396],[14.873495854859296,37.00437756005924],[14.873610210700736,37.004336612934736],[14.873659816784864,37.00431885075845],[14.874258043797303,37.00411001742423],[14.874505340454196,37.00402257006828],[14.874574584500227,37.00397227792609],[14.874977582591509,37.003679567862974],[14.874958719515776,37.00351101316326],[14.874923232997928,37.00319393480343],[14.874990317242702,37.003059380159115],[14.875064151268022,37.00291128523983],[14.875096940604005,37.00284551835286],[14.875120324754917,37.002808424343755],[14.875254104490494,37.00259621273336],[14.875288356574636,37.002541877756855],[14.87596162949465,37.002312051190685],[14.876102516363408,37.002264068792066],[14.876430188419535,37.00215247233671],[14.876652262722368,37.002076838781136],[14.876684261519365,37.00206593971946],[14.876743188549833,37.002045870627406],[14.876915656021911,37.00183576858408],[14.877105838825223,37.00160408750035],[14.877200792784064,37.0014884125621],[14.877240037382446,37.00144060341039],[14.87774851426406,37.001234038402494],[14.877787854247433,37.00113213355792],[14.877819724440876,37.00102873484005],[14.877966776322927,37.000551631482374],[14.87835107368511,37.00008449448889],[14.878532321852528,36.99986417406862],[14.878632386738113,36.99972797043346],[14.878744518102788,36.999575341768086],[14.878810291038748,36.99948581480255],[14.878854108399773,36.99947551596088],[14.879224393842021,36.999388489493576],[14.879362568178024,36.999356014341096],[14.87942962168853,36.9993402549495],[14.879841995638326,36.99935985688671],[14.879985060816367,36.99936665727326],[14.880007329971196,36.99932566266816],[14.880025740062226,36.99929177471837],[14.880072153151515,36.99920633839993],[14.880174779365795,36.99901742504979],[14.880318168626713,36.99875347720678],[14.880336718793892,36.998719328417586],[14.880966297982287,36.997560376522365],[14.881156648416058,36.99698349090857],[14.881174877208979,36.996928247215266],[14.881219193119678,36.99679393957393],[14.881270890019842,36.99663853759873],[14.881332708983397,36.99645271374914],[14.881465056008603,36.99605487658432],[14.881488048096395,36.99598550338603],[14.881583361180809,36.995697945506464],[14.881791062715221,36.99553796079446],[14.881815471783112,36.99551916026348],[14.882052587767479,36.99533881150176],[14.882332915254455,36.995289018771885],[14.88245452695721,36.995267746977234],[14.88293954388713,36.99533280124875],[14.882992080865789,36.99533984757156],[14.882902697163647,36.99501502807085],[14.882860599392579,36.99486204460499],[14.882670143886953,36.99416992695778],[14.882482903709043,36.99348947399224],[14.882406867669213,36.99321314450812],[14.882625647664936,36.993227752437406],[14.882889791797242,36.99324538937656],[14.883181593514784,36.993263587199564],[14.883299083543573,36.993270915170996],[14.883471920425484,36.99328169292227],[14.883589498644046,36.99331344484948],[14.883859295693162,36.993386300430316],[14.884163637567438,36.99346556690854],[14.884355589140501,36.99314251091334],[14.884404892112554,36.99305953171842],[14.884423535876225,36.993028155549034],[14.884532888302282,36.9928441126481],[14.884873980243436,36.9922758221348],[14.884818055276394,36.99213484651067],[14.884694517431342,36.991823426689336],[14.884492912301194,36.99131321170693],[14.884324325274706,36.990888226227305],[14.884773284239577,36.9905675140414],[14.884933032983797,36.99045463217322],[14.88501987580652,36.99047015954035],[14.885524864593634,36.990560449313726],[14.885760102723365,36.990602508529484],[14.885886857890252,36.99045711257797],[14.885975415143166,36.99035553172511],[14.88613124771529,36.990176989724375],[14.886499029074747,36.98975563385854],[14.88692379781777,36.98890257097878],[14.887120581929228,36.98850629650648],[14.88710712351239,36.98816889057398],[14.887102587711164,36.98805515011813],[14.887085148743292,36.98761790827943],[14.887074355966462,36.98734727263774],[14.887066758710752,36.98715681174684],[14.887063114495358,36.987065434718204],[14.887151796228574,36.98670251804183],[14.887199493022182,36.98650732773581],[14.887254776799615,36.98638124255736],[14.887314800853849,36.98624434493261],[14.88740181410607,36.98604589446027],[14.887569681634163,36.98566303766918],[14.887329167316954,36.98490194151322],[14.887365414501524,36.98444158237911],[14.887376602676763,36.98429996012254],[14.887401776052025,36.98398971117312],[14.887438441619578,36.98353782574374],[14.887446266274841,36.98344139081428],[14.887471411897227,36.98312300699371],[14.887474337014229,36.98308597865139],[14.887510023334677,36.98263414197131],[14.887518102882867,36.9825318480249],[14.887522276985921,36.98244101985513],[14.887529137534244,36.98239223170332],[14.887543011300721,36.98221691270992],[14.887699215762526,36.98187600193997],[14.88781841031543,36.98161586437361],[14.887699710344314,36.98153953454779],[14.887357193092662,36.98131927557813],[14.8864763374485,36.98075552774915],[14.886394812947945,36.980613751684565],[14.886297308895315,36.98044418615243],[14.886224795418611,36.980311420139145],[14.886181936482059,36.97999986577235],[14.886118802334563,36.97954092220042],[14.886147909495573,36.97932126649002],[14.886167834024926,36.97918667259019],[14.886180509504632,36.9790998149589],[14.886246662866418,36.978646461667296],[14.886251305579714,36.978614647840445],[14.886290219559712,36.978347970213065],[14.886403138768076,36.97818861514462],[14.88659985753122,36.97791099625668],[14.88673370388849,36.977722105142924],[14.886890200550214,36.977501246601655],[14.887062348488012,36.977255689931404],[14.887083157522152,36.977226006938906],[14.887223653792452,36.97702559674606],[14.887366397357521,36.97682286026176],[14.88739001035255,36.97678932375656],[14.88747323269605,36.97667112333635],[14.887291584017023,36.97638017894739],[14.887056278690402,36.97600329020336],[14.886587878477549,36.97525924306228],[14.886462480826669,36.97505945280358],[14.886447741512768,36.97503596820143],[14.886382964358354,36.97493275907129],[14.885864742106213,36.97410707575488],[14.885844192130012,36.97407433247494],[14.88571644284615,36.97285650866277],[14.88586071002449,36.9717357341155],[14.885871252254313,36.9716538298793],[14.885865841552258,36.97146197820464],[14.88585242358957,36.97101503764028],[14.885850152183068,36.970939359770234],[14.885898636254568,36.970562677685564],[14.88591445070264,36.97043981453313],[14.885920026412785,36.97039649657731],[14.885932066946628,36.970302943947964],[14.886049132516854,36.970208121553874],[14.886184606710342,36.97009838890434],[14.886250781129318,36.970044787541944],[14.88653500042156,36.96981456915785],[14.886669113476996,36.96970593797064],[14.887064126882901,36.96960197923038],[14.887312272315514,36.96953667174831],[14.887633902119147,36.96892657866172],[14.887584487945164,36.967761139174115],[14.887361220429932,36.96684962113907],[14.887330978807697,36.96681807952481],[14.886852574433892,36.96631911222146],[14.886629346945945,36.9655756515522],[14.886610915204102,36.965514266167524],[14.886753569424336,36.96538474941055],[14.887074005839617,36.965093820503206],[14.887277666736308,36.964908912637554],[14.887587210601058,36.9646278686957],[14.887612296075005,36.96460679421074],[14.887724699949008,36.96453000255797],[14.887794916009762,36.9644820322622],[14.888304606216815,36.96413382183598],[14.888869825187303,36.96404493045514],[14.889410392204319,36.96407929013639],[14.889468123787625,36.96408295953475],[14.889743428209925,36.96410045769713],[14.889873056643284,36.964140880873735],[14.890241280322593,36.96425570524753],[14.890426497380536,36.9641909961907],[14.890701958066716,36.964093240154504],[14.890539305024001,36.963349746362205],[14.890442133197583,36.96317934996925],[14.890417867403185,36.96313679653531],[14.890377088136598,36.96306528628758],[14.889920054884197,36.96281432637217],[14.889866060215754,36.96278467709666],[14.889713204553471,36.962721815880876],[14.889340198459093,36.9625684167842],[14.889225732519577,36.96252134238889],[14.888772696399455,36.96233502758442],[14.888761917820904,36.962311077850046],[14.888595924193776,36.96190727857388],[14.888494115515137,36.96166030859085],[14.888778594092251,36.9609680935697],[14.888796236265119,36.96092516697892],[14.888939748145,36.960960073063895],[14.88904060064095,36.96098460389369],[14.889072753359487,36.96099242435986],[14.889221022037098,36.961026555063675],[14.889410334276421,36.961070134609656],[14.889559320343208,36.9611059097044],[14.889697504970131,36.961139089818815],[14.890675742434274,36.96136943373776],[14.891026733662471,36.961520725725904],[14.891653488640243,36.96179465939625],[14.891705010523124,36.961815511624785],[14.891724458210412,36.96176147359636],[14.89176431125789,36.96158109580215],[14.891844836901704,36.96126277094721],[14.891915801408938,36.96098224139878],[14.892014720988957,36.96059120557799],[14.892082950731641,36.96032147865258],[14.89211603126653,36.960190712755754],[14.892150658566202,36.960053826382946],[14.892230738171676,36.95996105830899],[14.892374445621314,36.95980190937513],[14.892562932130824,36.9595922511385],[14.892620454828107,36.959565471945446],[14.892954395573398,36.959410011947234],[14.892987347856804,36.95939467179637],[14.893125904008508,36.95933016938028],[14.893348936895725,36.95922597099033],[14.893465549716144,36.95917149126036],[14.893627141625494,36.959142566048456],[14.89374421467456,36.95912160990617],[14.893666610023946,36.958924853583994],[14.893574384622827,36.95869103455921],[14.893423508040692,36.95830850962417],[14.893350475119004,36.958123344878956],[14.893250659120705,36.9578702718431],[14.893288511354392,36.95760735466401],[14.89314836935657,36.95721827006539],[14.893343984377882,36.95687509488696],[14.893406431424571,36.9568659583336],[14.893704358407254,36.95682236944017],[14.893806381224536,36.956807443133684],[14.893836798310257,36.956829836309],[14.893950382598376,36.95691345311028],[14.894080280061488,36.957009079491876],[14.894192906141127,36.95709198856289],[14.894222540089935,36.95697486882307],[14.89427617355891,36.95676289915955],[14.894306688887498,36.956642298826175],[14.894357031203558,36.95644333697327],[14.894401111814979,36.95626912002704],[14.894422017744505,36.95618649487412],[14.894440620714802,36.95611297308911],[14.894447399961953,36.95608617800758],[14.894473154893609,36.955984387069286],[14.894531835002107,36.95560116198383],[14.894605248698037,36.95510018037878],[14.894619559206845,36.95482813560433],[14.894624830796522,36.954727917713896],[14.894620877977822,36.954376351159546],[14.894615822494268,36.95392654407966],[14.89461433924534,36.9537945705246],[14.894809667581919,36.95352211168684],[14.894840202033276,36.953479519673856],[14.894902451042535,36.95346220566465],[14.895356052430023,36.953336041226684],[14.8954140126351,36.953319919961324],[14.895724994010768,36.95323296430238],[14.895900430602534,36.9531240655072],[14.89595332047654,36.95309014642051],[14.896162996073919,36.95295432068905],[14.89636737319785,36.952678828914316],[14.896421058558023,36.95260513851486],[14.896469561621677,36.95253855807297],[14.896851016216758,36.95201494012758],[14.896906614682218,36.951938619457],[14.896928488914018,36.95191571128657],[14.897253415496165,36.95158142118432],[14.897292056779218,36.9515358601493],[14.897335233850558,36.95148970940495],[14.897446934440364,36.95136876470856],[14.897715455576568,36.95107742919874],[14.897962940538724,36.95079039737765],[14.898121365620227,36.95060665659212],[14.898510101130928,36.95061469260576],[14.898560416664923,36.95061573284285],[14.89888730470118,36.9506224902764],[14.89897679974987,36.95058708813687],[14.899401491414693,36.95041909288429],[14.899461829171008,36.950412546426364],[14.899581003285764,36.95039961738311],[14.900284266349658,36.95032331484929],[14.901150636088133,36.95023284715986],[14.901959758118528,36.95014524640561],[14.902312361716643,36.95012832934962],[14.902397851456582,36.95013003033961],[14.902702141664838,36.95011946086305],[14.902731201423254,36.95007513312938],[14.903377852101908,36.94908870366441],[14.904266806892764,36.94773261178012],[14.90428991428641,36.94708007844945],[14.904327916139854,36.94600696593267],[14.904330589896379,36.945931453728384],[14.904335753209555,36.94579096722164],[14.904346827364622,36.945489584483724],[14.904377433806125,36.945423092118524],[14.90457900048014,36.944985195190434],[14.904599658508644,36.94494094606981],[14.904691540215184,36.944744130053444],[14.904771189609631,36.94457351565669],[14.904798423372334,36.944515176462836],[14.904845238803587,36.94441537458389],[14.905003368413777,36.94407826887758],[14.905032158166472,36.944016886105665],[14.905058894766977,36.94395987864893],[14.90508248820338,36.94390243934916],[14.905110820627996,36.94384185708697],[14.905217179409322,36.94361442897819],[14.90511444326621,36.94302097458158],[14.905035910444678,36.94257345141212],[14.904814594521822,36.94131221653319],[14.904879094671863,36.94111358214145],[14.90490966384574,36.9410194362873],[14.904968468607619,36.94083495509492],[14.904999312515786,36.940738190569796],[14.90517387847307,36.94019462608783],[14.90522405552384,36.94003838003121],[14.905528570135917,36.93987996054423],[14.90606799982161,36.93959932828446],[14.906118738478524,36.93957293218346],[14.906482667684388,36.939476017202104],[14.906616392921237,36.939440823711166],[14.906918639796697,36.93936127714216],[14.907165859902817,36.939296213104555],[14.907210720854271,36.93928440652813],[14.907452271397503,36.93933464122527],[14.90773404592481,36.939393240445334],[14.908303896348967,36.93951174692805],[14.908506601310132,36.93955361596074],[14.909579465007123,36.93970846269641],[14.910030740244254,36.93969315985921],[14.910140771693184,36.93968942919875],[14.910191881955209,36.939647909748196],[14.91022130067507,36.9396240105302],[14.910535491961431,36.93936877542649],[14.910704501545535,36.939231478117804],[14.910709797364321,36.93917198677688],[14.910750037358463,36.93871992086938],[14.910777665348276,36.93840954050776],[14.910807827039267,36.93807069790094],[14.910818380056813,36.93795212940636],[14.91083319435668,36.93736601691063],[14.910838539740851,36.9371545220351],[14.910910856194334,36.93697820824729],[14.910938718816931,36.93691027545465],[14.911097900488127,36.93652217296726],[14.911235234468277,36.936187335068894],[14.91133529139109,36.936163917448944],[14.9114070851878,36.93614711503584],[14.911638581829395,36.93609293488609],[14.911957802445064,36.93601906662256],[14.912287405445513,36.935942795804614],[14.912508563121559,36.935891618400476],[14.91254390574702,36.93588344031555],[14.913059290976701,36.93576375794597],[14.913610014433205,36.935635866389134],[14.914074915212476,36.935527903221654],[14.914160756018541,36.9355082342419],[14.914664187763806,36.93539287962351],[14.915481656294178,36.93520556329758],[14.915710102709681,36.93522036950885],[14.915841146171907,36.935228862867014],[14.916148050560029,36.935248752942414],[14.916384982957164,36.93527201416053],[14.916592796326514,36.935277576182],[14.916816861373867,36.935292096990054],[14.916947832327017,36.935300549520555],[14.917089656821718,36.93530970412151],[14.917513033498764,36.935359392044184],[14.91761480936893,36.93537133604077],[14.918313165368017,36.93545329156526],[14.918601352304883,36.9354873995459],[14.91864463783793,36.9354925230671],[14.919164876652584,36.93555409484095],[14.9192220342893,36.935560859234286],[14.91954228056712,36.93559833364576],[14.91977439201276,36.935625494324434],[14.919937903366655,36.93564457895889],[14.920351798621978,36.93569288462064],[14.920584126778934,36.93571999952812],[14.920738450707717,36.935133705276314],[14.920757479447248,36.93506141034256],[14.9208152093233,36.934842087327986],[14.921064797360268,36.9339047390119],[14.921115549965716,36.933703577325694],[14.92112882494508,36.933661192939184],[14.92115259461092,36.93357078273722],[14.921238232814858,36.93324502916201],[14.921265324552536,36.93314198167676],[14.921358127005815,36.932788977845604],[14.921458732634322,36.932406294792514],[14.921478020045448,36.93233292562095],[14.921564151758178,36.932005294794514],[14.921530106881956,36.93188026678328],[14.921459537374945,36.9316210969285],[14.921209711948878,36.930700934948746],[14.9212606544222,36.930543589399974],[14.921298077096003,36.93042799868526],[14.921408759429221,36.930086125933734],[14.921447522955448,36.92996639329447],[14.921463892941919,36.92991583315194],[14.921599199571228,36.92949789742592],[14.921646231923905,36.929352621691045],[14.922005863967282,36.92940888083243],[14.922097764154296,36.929422436884764],[14.922336210340603,36.92945760763926],[14.922307688718742,36.929230186636374],[14.922286883849198,36.92906429372351],[14.922277317906307,36.928988012595994],[14.921452831339602,36.92823793457489],[14.92116916843439,36.92798062312187],[14.92103043364137,36.9278547888693],[14.92084161249958,36.927683524488],[14.920640172418702,36.92750239298927],[14.920516254331515,36.92738841757019],[14.919473674306818,36.9264414512573],[14.919384240268545,36.926359953291225],[14.919358261892958,36.926336280658575],[14.919152220741335,36.92614852297467],[14.919032298251143,36.926039239920065],[14.918958664694056,36.925972139954496],[14.918880286310847,36.92571206956481],[14.918867138823224,36.9256684423284],[14.918884662156922,36.925261797393404],[14.918904098171012,36.92481077121462],[14.918911114415163,36.92464793539721],[14.918915128424667,36.92455480061196],[14.918917186598916,36.924507035759454],[14.919288042448029,36.92357039276678],[14.919805499324028,36.92308830393942],[14.919916473474188,36.922985467600604],[14.919945609077125,36.92295846877367],[14.920188647786244,36.92273325076616],[14.920452706337144,36.92267216248819],[14.920819569188092,36.9225872898489],[14.921007750224414,36.92254375410927],[14.92121357092197,36.92254569055589],[14.921468845163412,36.922548090576925],[14.921564228597383,36.922548987643864],[14.92198381274337,36.922552931585564],[14.922067931054439,36.92255372217422],[14.92281694448156,36.922498811260766],[14.923034270294687,36.92248287855516],[14.924095128704336,36.92267280319627],[14.924184369920582,36.92274425204152],[14.924395195670794,36.92291304344907],[14.924715934369932,36.92316983090248],[14.924780250078696,36.92322132388794],[14.924998291845258,36.92346103090408],[14.925124197916976,36.92359944627732],[14.925344091735909,36.92384118771844],[14.925589921604997,36.92386126060689],[14.926140060744078,36.92390618363528],[14.926181105877502,36.92390953644379],[14.926234052649935,36.923786146440655],[14.926340291382814,36.923538562402754],[14.926537648192976,36.92307862815581],[14.926564964221056,36.92301497097084],[14.926632953636878,36.92285630389917],[14.92673476403755,36.922618706635596],[14.926785023485486,36.9225014115449],[14.926989665280729,36.92202383075272],[14.927083161609975,36.92196612526102],[14.927231695041213,36.921874450539676],[14.927529336656818,36.92168373589413],[14.927656602077748,36.92160218895469],[14.928065995992258,36.92133986780926],[14.928192594226712,36.92128632735468],[14.928436097586795,36.92118334638697],[14.928505946287915,36.921153805941415],[14.928536801982428,36.921140756175305],[14.928739370191751,36.920924485803496],[14.928942188791158,36.92070794605263],[14.929243693706784,36.920386041888996],[14.929319645308551,36.920304950273795],[14.929384780148908,36.92023572294131],[14.92955543935616,36.92005434391295],[14.929761425450566,36.91983541557738],[14.9298291742532,36.91976340985745],[14.930001779174068,36.919579959747225],[14.930054739063186,36.91930205774008],[14.930110111522504,36.91901149454097],[14.930141331702192,36.91884766871945],[14.930215097530253,36.91846058345185],[14.930227923599418,36.91839327881379],[14.930258095029359,36.91823496018277],[14.930314380894153,36.91793889652983],[14.93036131723604,36.917692009766064],[14.930400763818875,36.91748451794993],[14.930448569485714,36.91723305557311],[14.930487229753481,36.91703013428913],[14.930556821808539,36.9166648570656],[14.930594871608609,36.91646513473711],[14.93089784115112,36.91593689672241],[14.931123988767258,36.9155480159679],[14.931162923208563,36.915481065584544],[14.931189430962279,36.91543548444745],[14.931625102564988,36.915033510920146],[14.932068409964513,36.91462965911257],[14.932200699197706,36.91450914338116],[14.93226219249508,36.91445312179748],[14.932703897864837,36.91397913524269],[14.933045293493862,36.91361278450302],[14.933028220237542,36.91333681851098],[14.933026097377576,36.91330250030406],[14.933010239073482,36.91304614075708],[14.932996165818595,36.91281865539278],[14.932970601783579,36.912408755910874],[14.932953128000728,36.91212855965863],[14.932950698291835,36.91208959967178],[14.93308231924056,36.91208300274856],[14.93313835574749,36.91208019411962],[14.93350742755494,36.912061694153316],[14.934615678321169,36.91200613631467],[14.93471906955475,36.91200095283414],[14.934714308058302,36.91193971246942],[14.934677395898346,36.911464971892215],[14.934673875932054,36.911419698379255],[14.934647091429657,36.911075209426485],[14.934660735787418,36.9110427642169],[14.934679370305808,36.91099845205229],[14.934688585243467,36.910968910323525],[14.934829788905086,36.910640757684725],[14.934884964162597,36.91050901427774],[14.935077492389922,36.910049311958886],[14.935152157870279,36.90987102878968],[14.935210344172084,36.90973209367471],[14.935258157513232,36.90961792478849],[14.935567681087146,36.90915952519126],[14.935592066811596,36.90912341165119],[14.935648021581041,36.90904054156356],[14.9357142408433,36.90894247244067],[14.935666487012462,36.908669629742164],[14.935588405325477,36.90822349535144],[14.93554909802008,36.907998912204405],[14.935133260674284,36.90731768312319],[14.935350318092299,36.90685675184189],[14.935588675632085,36.90612921016335],[14.935506601814172,36.905901776556945],[14.935375046614855,36.90553579780912],[14.935304729333925,36.90534235845633],[14.935350628614525,36.90521553200829],[14.935398716274468,36.90508265872802],[14.935564603218896,36.90462429109704],[14.935607468511504,36.9045058508731],[14.935772047213412,36.90417198200286],[14.935845863571155,36.90402223501828],[14.935910007226122,36.90389211015256],[14.936320219495666,36.90368630366092],[14.9363528120046,36.90366995169129],[14.936483078338943,36.90360459573317],[14.936999965804995,36.90343240139286],[14.937581234267599,36.90334695036844],[14.937813056367418,36.90331286996498],[14.937774617554538,36.903163312940045],[14.937675449054488,36.90277746208452],[14.9376604551951,36.902718989888264],[14.937546516677527,36.902274655450185],[14.937525617866688,36.90219315316013],[14.937535162873774,36.902029799496496],[14.93754689575014,36.90182898713718],[14.937566494387646,36.901493542188206],[14.937569778635648,36.901433919219805],[14.937594733647664,36.900980949828565],[14.93759931379565,36.90089782222753],[14.937466969448009,36.90066180037519],[14.937396811995322,36.900536680396705],[14.937339610261496,36.900484837168094],[14.937215650116265,36.900372483919874],[14.936869100503856,36.900058383875226],[14.936721634224389,36.89992472418144],[14.93661151452326,36.89980955463283],[14.93643970604257,36.899629867737005],[14.936029082859273,36.899200407756624],[14.936001556755194,36.89917161815667],[14.935672492394492,36.89882745243841],[14.935706043128969,36.89876655504019],[14.935937425081905,36.89834657600441],[14.935964926266049,36.89829665712011],[14.936302142512254,36.89783656756055],[14.936443255295083,36.89764516734004],[14.936510042583503,36.89755457929859],[14.936853652669907,36.8975221796651],[14.937549295805061,36.89745658323916],[14.937835371209557,36.8974296045117],[14.938098675523923,36.89731550652478],[14.938148483633425,36.89729392339263],[14.938330526105236,36.89721503805181],[14.938640754934033,36.897080604749966],[14.939103841859533,36.89687992837411],[14.939182936878105,36.89679828425202],[14.939440846806821,36.896547984706906],[14.939139260521799,36.896285397716134],[14.93873191372779,36.89592153180056],[14.938691211778568,36.89574892974558],[14.938588321121614,36.895312611921135],[14.938909039049372,36.89524327331892],[14.939055753181343,36.89521155328358],[14.939252360165852,36.89516904743556],[14.939607885088753,36.89510611040833],[14.940015130213519,36.895034019293334],[14.94018311210187,36.89440226386515],[14.940065312645974,36.89404742414069],[14.93995900529329,36.8937271927612],[14.939919889689802,36.89360467171078],[14.939791427550086,36.89320228480399],[14.939805052721786,36.893160383677795],[14.939851845616658,36.8930164713519],[14.939936601327156,36.89275580835696],[14.939949114675168,36.89271732218858],[14.94002228997667,36.892695937824115],[14.940386030604568,36.89258964456499],[14.940529017863238,36.89254078379836],[14.941150163930386,36.892328526317016],[14.941150875622125,36.89174341433752],[14.94109490376792,36.89128493252444],[14.94108428753739,36.89077016047891],[14.941281527071066,36.89038600912485],[14.941320285874193,36.890310519453045],[14.941464971784292,36.890166671000294],[14.94171910866366,36.88991400155377],[14.941892358741148,36.88974175119065],[14.941985790660302,36.88965919346461],[14.942236110224446,36.88943800668321],[14.942432351284596,36.889264602645326],[14.942746805989634,36.88905754904956],[14.943060137654447,36.88906493387985],[14.943435802739144,36.88907378841624],[14.943509501627956,36.88907552459732],[14.943761300974206,36.889203526303874],[14.94394822034768,36.889298545557196],[14.94404404045434,36.88934725431479],[14.94420921013988,36.889431215445846],[14.94423871345353,36.88944621421303],[14.944866921241971,36.889734206978225],[14.945354644909177,36.889614094977645],[14.94544450156119,36.88927693684078],[14.94548397352513,36.88909565813778],[14.945662364818409,36.88881594865817],[14.94582262586506,36.8885646682174],[14.945856157969496,36.888512090777645],[14.94590391446482,36.888437210975745],[14.945932994360895,36.88839161506121],[14.946001416546748,36.88828433159452],[14.946686301582535,36.887824645691765],[14.947220986786672,36.88739293378067],[14.94739178258963,36.88713007002595],[14.947526900969299,36.886922113132854],[14.947595940874946,36.88681585546333],[14.947875845086141,36.88615124025284],[14.94792221706663,36.88604113007818],[14.947973080259443,36.88599960604541],[14.948397333081155,36.88565323899167],[14.948560469954566,36.88552005078615],[14.94871883147346,36.88539075939952],[14.948754677470035,36.88536149371319],[14.948809170313478,36.88531700568647],[14.948894195726542,36.88526420856514],[14.948925773615622,36.88524460021824],[14.949263866968515,36.88503466231179],[14.949460187378957,36.88491275628066],[14.949562473547543,36.88484924072029],[14.94961748738952,36.88481508001655],[14.949932456930034,36.88455101904641],[14.949988603976331,36.88450394691959],[14.950100016440357,36.884410541773605],[14.950183350060074,36.884088365179764],[14.950204467814316,36.884006721667475],[14.950235647979763,36.883886176953276],[14.950265207485758,36.88363420557638],[14.950337086350055,36.8830214872807],[14.950337615277135,36.8822804270231],[14.950337716087057,36.8821393755117],[14.950358900258648,36.88206487815107],[14.950423043064092,36.88183931406704],[14.950527923992485,36.881470492457325],[14.950786354484354,36.88106596819973],[14.950924127959171,36.88090053853006],[14.951146237312585,36.88063383855595],[14.951356235938894,36.88048400816681],[14.951439103540931,36.88042488492556],[14.951651767504723,36.88027315319466],[14.951888682244865,36.88012744433829],[14.952078113132814,36.880010939432076],[14.952185515235788,36.879937318587004],[14.952368614951318,36.87981181188162],[14.952421245120977,36.87977242599387],[14.95278461330591,36.87950049888462],[14.952919823625303,36.87939931178439],[14.952949423622634,36.879361202298924],[14.953242318005728,36.8789840994508],[14.953290845564554,36.87892161864282],[14.95329966729802,36.87853117083449],[14.953302654210235,36.8783989790149],[14.953261864357007,36.878263479518445],[14.953199728056925,36.87805706517574],[14.953134495594481,36.87784036981096],[14.953063541546715,36.877642630072934],[14.952966353345856,36.877371772847766],[14.953253161012187,36.87679432737063],[14.953306098766564,36.87674852152534],[14.953331165117348,36.87672940426114],[14.953834874570285,36.87634527208546],[14.953962960506704,36.876247593508],[14.954145186195818,36.876108624272646],[14.954372055238789,36.87604996056028],[14.954921177551359,36.875907968200806],[14.955009376931889,36.87588516085129],[14.955178724173129,36.87586837965361],[14.95583972905116,36.87580288029452],[14.956591103567675,36.87574034813825],[14.956696715360852,36.8756600583984],[14.956838349027244,36.8755523829688],[14.956990849515849,36.8751952166387],[14.957076399490427,36.87499484950807],[14.957088528387617,36.87496644347758],[14.957108360589707,36.87491999363343],[14.957230955790658,36.8748262108479],[14.957804198235353,36.87438767789221],[14.958544999652545,36.87380360145151],[14.958590538368753,36.873756019004574],[14.958668352114822,36.87367471058356],[14.959034411700557,36.8732922159981],[14.959140026224917,36.873181858275466],[14.95918733614892,36.87314649889324],[14.959634945946542,36.87281194940351],[14.959716652502928,36.87275087930601],[14.959779175347022,36.87270414645289],[14.960187500479963,36.87233409493903],[14.960240562242559,36.87228600546388],[14.960307589984389,36.87222525976695],[14.960630683194184,36.87186174345064],[14.960756132401006,36.8717209322679],[14.960791196275826,36.87170484587745],[14.961528727740186,36.87136649152547],[14.961598597369818,36.87133443660331],[14.961842699309765,36.87128169905244],[14.962182518624983,36.87120827860165],[14.962391327301907,36.87113400355914],[14.962742542570378,36.871009071458914],[14.96284149035274,36.87085035137038],[14.962915607769949,36.87073931554346],[14.962592044640932,36.87073627023296],[14.962558318834597,36.87073592065641],[14.962058449682882,36.870730731094994],[14.961533404604385,36.8706372609691],[14.961486547463412,36.87062891953996],[14.961092795472887,36.870558822608054],[14.960791783572338,36.87055516275231],[14.960643559039662,36.870553360814654],[14.960596361047621,36.87055278689336],[14.960408776774633,36.87055050583932],[14.960107064164365,36.87057391023267],[14.95955028731438,36.870617096385836],[14.95949674102996,36.87062127087045],[14.958921417099369,36.87066914624135],[14.958747808015584,36.87068359234857],[14.958438518312668,36.870726395471614],[14.95782789858567,36.87081089497642],[14.95724516723979,36.87074570210033],[14.956634017379844,36.87071271905269],[14.956403497330104,36.870700277973235],[14.956197964064659,36.870726767184706],[14.956097614784778,36.870739700153514],[14.955830885341145,36.870774075862364],[14.955647224960154,36.87084750670736],[14.955181548455258,36.87103368847635],[14.955135556217442,36.871052077078346],[14.955104155018292,36.871066714787155],[14.95468816107872,36.87126062855752],[14.954563633284371,36.87131867648861],[14.954518698120495,36.87133962288961],[14.954024400464261,36.87162774971811],[14.953642835766338,36.87176323448274],[14.953482393431473,36.87182020394223],[14.95343683748124,36.87183245381414],[14.953396303261329,36.871809899158],[14.953339818003235,36.87177846944745],[14.953313486452366,36.87176381648145],[14.953003473993713,36.87159131417314],[14.95275636035364,36.87125946510612],[14.952600695265573,36.870799920366814],[14.952492155901922,36.87047949119082],[14.952460541650993,36.87038311811138],[14.952368109384592,36.87010133855672],[14.952367675676625,36.869878830895374],[14.95236741451756,36.869744361260594],[14.952245627016056,36.86958324537086],[14.95218126705438,36.86949810142129],[14.95191789159147,36.869149673147845],[14.951657860693768,36.86880566480426],[14.951555975619815,36.86871911560859],[14.95130213764945,36.86850770548382],[14.950849217095925,36.86813654204281],[14.950816797294442,36.8681075074729],[14.95072053184132,36.86803348800114],[14.95049655061953,36.8678645131136],[14.950366094560799,36.867766833906224],[14.950054907255124,36.867533832286746],[14.949057929268362,36.867003363212],[14.94805075671718,36.86680500391674],[14.947966827833891,36.86678847376717],[14.94790175828003,36.86677565797728],[14.947841409538556,36.86672226436427],[14.947768625985274,36.866657866839866],[14.94764430622533,36.866547869769065],[14.947581354409342,36.86649217196905],[14.947362648163331,36.86629867703335],[14.947420435234209,36.865976403174635],[14.947509629838892,36.86547896856849],[14.94781471542209,36.86494951484137],[14.947858147306826,36.86487414102273],[14.947845115337731,36.86484242522685],[14.947668533346695,36.86441266033355],[14.947487271342752,36.863972196609836],[14.947259908057095,36.863838865713426],[14.946826698214055,36.86358481800514],[14.946118509686288,36.8635662202492],[14.945870681141256,36.863559710346294],[14.945737873455196,36.86355622301027],[14.94567793462884,36.86353896101039],[14.945553508000671,36.86350312701406],[14.945217678553522,36.863403597613136],[14.945164710659673,36.86334691290292],[14.945127026786672,36.8633009615182],[14.94503973191427,36.86319451412337],[14.944971184310347,36.863110925168804],[14.944879708203779,36.86299937692753],[14.94477443913665,36.86287100948033],[14.944640169433708,36.862764523610004],[14.944358530715661,36.86254116370066],[14.944106478894051,36.86234126441382],[14.943962882977177,36.86222738068744],[14.94377201861058,36.86220122480485],[14.943207119862759,36.86213932076837],[14.942642222784087,36.86207741389076],[14.942138357007234,36.862022192960794],[14.940355115549192,36.862219675973115],[14.938940220366792,36.86286894901849],[14.938602762586049,36.863662200836735],[14.938469348088299,36.863524161983136],[14.938357702364833,36.86340864568115],[14.93825680536614,36.86330425116604],[14.938128104819048,36.863171087209864],[14.9380047655536,36.86304329794529],[14.937652893694938,36.86267719264505],[14.937311834901923,36.862232051332796],[14.937024214873913,36.8618566506863],[14.936979776130611,36.86179864873835],[14.936723306716008,36.861463902413306],[14.936686435777943,36.861415776786174],[14.936646366796694,36.86136531365886],[14.936402102379638,36.86105767887756],[14.936168264037098,36.8607631719401],[14.935959043412295,36.86049966611626],[14.935781335522275,36.860275847651735],[14.935756834063875,36.86024498955136],[14.935572417380278,36.860068994728344],[14.93517583152132,36.859690518590824],[14.935124363833154,36.85964139928007],[14.93467631547851,36.859213802568306],[14.934570964667952,36.85911325957895],[14.934488846926,36.85903488851225],[14.934249703315784,36.858785129010194],[14.933962133956765,36.858484788819595],[14.933838516328942,36.858355680908545],[14.933806278911522,36.85832201274472],[14.933384053896846,36.85792840004431],[14.932965584945906,36.8575382843436],[14.9327535995959,36.857345820057375],[14.932454552847675,36.85707486217441],[14.932321480823338,36.85695418567911],[14.93218016443579,36.85682603250244],[14.932151333096675,36.85680086396773],[14.931984359598411,36.85665509872489],[14.931570296167985,36.85629362240575],[14.931507350165313,36.85623866920258],[14.931493796447016,36.8562129244129],[14.931310577441637,36.855864899316984],[14.93126805928367,36.85578413582009],[14.931198974076617,36.855652907808576],[14.931128132144899,36.85486926080578],[14.930862020601575,36.85453583503941],[14.930837584605369,36.854505219117215],[14.930799459752478,36.85445745029327],[14.930657052922554,36.8542790182808],[14.930444266098824,36.854012402490845],[14.929850623402656,36.85348854975937],[14.929343746037901,36.85283952875461],[14.929256109138116,36.85272731393854],[14.929111543179046,36.85254220195451],[14.929052097191958,36.852444983872076],[14.929007808255534,36.852372554827554],[14.928962920329433,36.852299144924274],[14.928764413461908,36.85197449913648],[14.928725838940668,36.85186096130606],[14.928647355817084,36.85162994778557],[14.928579677955774,36.85143074057431],[14.92854040288218,36.85131513507267],[14.928551033580845,36.85072954220626],[14.928927780267339,36.850136759356175],[14.928984306977249,36.850047820135366],[14.929102364913387,36.849862060001904],[14.92916995404991,36.84975571333633],[14.929791430326832,36.84952240336656],[14.92990364059508,36.84948027659367],[14.930447800527624,36.84927598655495],[14.930501370036412,36.849255874782756],[14.930774571833009,36.849153307576344],[14.932311907545376,36.848270734815536],[14.932761743338167,36.848026670781465],[14.932921611565876,36.84793993204935],[14.933074982472776,36.8478567175353],[14.933851918190348,36.8478731656682],[14.933927572346693,36.847874766457],[14.934028139095677,36.84794055147769],[14.93410550916239,36.847991161578676],[14.934276786300437,36.84810319960074],[14.934500045321977,36.848249237628345],[14.934991639977548,36.84857079776762],[14.935889644357577,36.84896685109838],[14.93679748533269,36.84904736653285],[14.93794815792718,36.84891221425005],[14.938256660522361,36.8488759775784],[14.938369381977372,36.848862735842545],[14.93840192777502,36.84885891332389],[14.938681188121235,36.848846497480665],[14.93959060140252,36.848806059976184],[14.94028427036938,36.84920984412337],[14.940533821345603,36.84935510599307],[14.940617275314722,36.849403682752595],[14.940644107909574,36.849419300341516],[14.941159296801853,36.85021255509956],[14.941842734181584,36.85074734921389],[14.941910565301185,36.85080042520286],[14.942292765499507,36.85081279635545],[14.942483222195769,36.85081896063636],[14.943513107286435,36.85045741384208],[14.943717259221401,36.85038574390876],[14.943973424019324,36.850293290447794],[14.944262646398476,36.85018890459902],[14.944412474017232,36.85013482764234],[14.944986735853927,36.8503292168635],[14.945092232390692,36.85036492861824],[14.945210007994136,36.850404795384975],[14.945500887393395,36.850503256535546],[14.945524977636863,36.85052758227051],[14.945563894529187,36.850566880421034],[14.945676787496662,36.85068087567389],[14.945898856638497,36.850905112654125],[14.946296986720993,36.85130712210584],[14.947238477405653,36.85184715645301],[14.948101715297062,36.8521098475147],[14.948752808347804,36.85201189235395],[14.949584268176256,36.85168935579242],[14.94975238155657,36.8516241401032],[14.950705033059117,36.85141651468574],[14.951153092179686,36.85155285880364],[14.951349272165075,36.85161255500309],[14.95138849998031,36.85162449227303],[14.951479372647464,36.85165214433231],[14.951930882834422,36.85189021477191],[14.952202849875288,36.8520336158004],[14.952313030225495,36.85209170942024],[14.95236773223465,36.85212055292195],[14.952869108186139,36.85241938498331],[14.95332945265127,36.851813442433695],[14.953666202886431,36.85122045719209],[14.954228179668354,36.850598139215506],[14.955081436510858,36.85014796444409],[14.955193747725186,36.85013980914362],[14.956089316180035,36.850074778204416],[14.956411366403914,36.85011540184039],[14.956497192378917,36.85012622807723],[14.957020360352628,36.850192219396284],[14.957940949428794,36.85038218031793],[14.958557666007001,36.85035567361461],[14.959118419991553,36.85011368376377],[14.9594668232256,36.849706869968],[14.959545894503485,36.84921233007661],[14.95922018137894,36.848499662593056],[14.95896249112856,36.84795177346756],[14.958851084088083,36.847714904320355],[14.958794882727638,36.847209180745985],[14.958884976232788,36.846900858241646],[14.959501829829003,36.84682257724128],[14.960647028483386,36.84676945021188],[14.96080393722778,36.84675635689673],[14.961733996068787,36.84667874324176],[14.96256417928018,36.846355672920026],[14.963361152814354,36.845615732091865],[14.963709645218202,36.845031126495506],[14.964661897390345,36.84424510860251],[14.965189646804058,36.84407452750406],[14.965884825204942,36.84434553397185],[14.96612102859174,36.845292227412244],[14.9664126037063,36.84573233814958],[14.966478807215397,36.84583226816727],[14.966961394362373,36.84625799948636],[14.967499622036467,36.84616787627311],[14.967859021906213,36.84536443703757],[14.968273905526758,36.84477874247745],[14.968902282780483,36.84419351364152],[14.969597387470992,36.844176493175205],[14.970573156764896,36.84426681680257],[14.971807971287205,36.84455560048722],[14.972021181013245,36.844538024739684],[14.972581330751908,36.84449185006347],[14.972950750907424,36.84419421010174],[14.972794455700313,36.8437430372149],[14.97261084798115,36.84344839848867],[14.972401559013637,36.84311254580645],[14.97239147812861,36.84256175789527],[14.972828197727953,36.84236421125651],[14.973479295075789,36.84268917524874],[14.974420111836126,36.84312101947271],[14.974757271926224,36.8434488746793],[14.97485790367711,36.843546727280994],[14.975340246482208,36.843718160501076],[14.976047285337156,36.843961500907916],[14.976630395368307,36.8441773584055],[14.976676801425596,36.84393877021563],[14.976766896256642,36.84350652823886],[14.976772002304541,36.84344928611134],[14.976788186022683,36.84336607647902],[14.97683568503369,36.843095509747066],[14.976843535133208,36.843050788877434],[14.976889421504115,36.842789415087964],[14.97679808882621,36.84226523709638],[14.976683904264863,36.84206349615418],[14.976660515740054,36.84202217236544],[14.976451382113687,36.84165266807822],[14.97601508720708,36.84103112621992],[14.975979187117446,36.84098275844099],[14.975945347158742,36.84093716699453],[14.975892312572682,36.84086571410063],[14.975599737222206,36.84047153106966],[14.975173245698743,36.83991247822423],[14.974865986279413,36.83934553292133],[14.974786476940425,36.83920107299715],[14.974678041451051,36.83904356977986],[14.974600980317685,36.838931635998954],[14.974483309129704,36.83876071724402],[14.97444147277291,36.83869727212209],[14.97411906538458,36.83797422566626],[14.973828363499068,36.83736109198451],[14.97368274754231,36.8370556520305],[14.97373431009881,36.83705926059905],[14.9739472957305,36.8370741659516],[14.974009366736992,36.83707850997115],[14.974187305282216,36.83709096363998],[14.97425923662631,36.83703612542135],[14.974289320103217,36.83701319061619],[14.97434958004866,36.836967250588486],[14.97461401348151,36.83676565688809],[14.974714633104997,36.836405050994976],[14.974781832369013,36.83611813409262],[14.974950279910905,36.83586437849568],[14.975645209966878,36.835892453544886],[14.976632810216367,36.83597301497496],[14.97732783075887,36.83595593699522],[14.977132980280269,36.835344228551],[14.976800939276497,36.83478317495099],[14.97684731556811,36.83399440700316],[14.97685415039361,36.833878164323096],[14.976229188635228,36.83330438969783],[14.975866250964232,36.833029796950996],[14.975639559008156,36.832857216639916],[14.975409445611332,36.83268418377172],[14.975074863307992,36.83243103829295],[14.974906138161057,36.83227713117947],[14.974606598061246,36.832003891941454],[14.97444681391395,36.83185813800274],[14.974413332313654,36.8318275953206],[14.974270653406359,36.83164965721001],[14.97399985162234,36.83131193019731],[14.97394224463393,36.83124008561869],[14.973863045504977,36.831141311005354],[14.973820247157095,36.83108793647504],[14.973632023430365,36.83070292019299],[14.973471328431195,36.83037421198969],[14.97345467417371,36.83031786196147],[14.973369735410406,36.830030448787205],[14.973320646060671,36.82986434738597],[14.973307303125717,36.829819206578584],[14.973237399806981,36.829582681310086],[14.972956499120516,36.82894202559345],[14.972496787772936,36.828331966950294],[14.972489860106066,36.82830274109686],[14.972342272782688,36.82809381910095],[14.972324455313048,36.82806859675709],[14.972023100341698,36.827639909713525],[14.97200414570027,36.8276151631786],[14.97186091512095,36.82741667070391],[14.971704406124205,36.82719977266754],[14.971560041183713,36.82699970598428],[14.971510628831018,36.82693122821898],[14.971462980341357,36.82687445448706],[14.97137235410451,36.82676646900707],[14.97123788549943,36.82660624413861],[14.971004421031493,36.82632805820115],[14.970621667029201,36.82590514817125],[14.970413544405172,36.8256769015235],[14.970195226121117,36.825475671382286],[14.97013325736365,36.825418552072215],[14.970027358339689,36.82532094170152],[14.969874792073266,36.82518031468989],[14.96980734929249,36.82511992647291],[14.969781669383847,36.825100291585464],[14.969713484814394,36.82504898388779],[14.969414543874128,36.824822999115675],[14.969155624027325,36.82462797730153],[14.968921289970655,36.824451469569404],[14.968826192167402,36.824394400229274],[14.968616972702046,36.82426884346632],[14.968407305034376,36.8241430145532],[14.968260604325131,36.82405497545161],[14.968229728193919,36.82403268566656],[14.967815154665107,36.82372965915311],[14.967667011821634,36.823621343547636],[14.967643457494923,36.823584333747],[14.96750143936131,36.82336118727672],[14.96726331470813,36.8229870341192],[14.967207698675784,36.822899646214836],[14.966825443722,36.82219659069547],[14.96670635889061,36.82200238353254],[14.966419472583292,36.821532557015445],[14.966399797370823,36.82150245328848],[14.966341348049067,36.82143511489103],[14.966283275287973,36.82136821114371],[14.966257465109301,36.82133845413537],[14.966171383879376,36.82123865018038],[14.965888052233739,36.82091009248266],[14.965839140124096,36.820853372589276],[14.965200780080277,36.82033871432996],[14.965100012505905,36.819952255941395],[14.965167161724716,36.81995074735879],[14.965298517398306,36.81994779453406],[14.965350789173312,36.8199466190614],[14.9654646233761,36.819944061289064],[14.965907456132891,36.81993410678856],[14.966793244568924,36.81941245341832],[14.967258361923442,36.8188947394203],[14.96747392968697,36.81865403778641],[14.967791479722734,36.818300692309315],[14.968023547514765,36.81804222441071],[14.968127339681915,36.81792662630418],[14.968156039770475,36.817893456950266],[14.968689470216454,36.81727599542145],[14.968773357183112,36.81724056067906],[14.968826615224561,36.8172180640209],[14.969259246189786,36.81703531445368],[14.969336258108443,36.81700278555425],[14.969372943012552,36.816987287451624],[14.970292828284872,36.81656289918812],[14.970764207943338,36.81640406668928],[14.971627739268074,36.81611308872313],[14.971752668487763,36.81605610458252],[14.972031596359258,36.81592887505931],[14.972692554293749,36.81562738527592],[14.973192626670292,36.81550052902398],[14.973511748863212,36.81541957482699],[14.973453580202099,36.81532534027123],[14.973368143449235,36.81518693325433],[14.973352933724685,36.81516229236828],[14.973249649025233,36.81499496513419],[14.97323517222755,36.814971510499895],[14.973218367156486,36.814944283059646],[14.973114082387646,36.814775334637176],[14.972927131577777,36.8144724582814],[14.972797857320977,36.81430135432567],[14.972642311963694,36.81410131621947],[14.972486714320851,36.8139078754577],[14.972305675833411,36.81366824524983],[14.972027752999582,36.81331786720843],[14.971958577904653,36.81323291648778],[14.971864840185539,36.81311066011246],[14.97168761615735,36.81288346209415],[14.971476127316329,36.8126123345315],[14.971413270847933,36.81253175356136],[14.971291241162811,36.81237183972628],[14.971237887065683,36.8123026501396],[14.970940701786896,36.81193687625722],[14.970623142298788,36.811542011182496],[14.970592865184713,36.81150436315272],[14.970245031605579,36.811071848713354],[14.970003379079744,36.81077136126511],[14.969982790715571,36.810745760441414],[14.969935568826008,36.81068704068019],[14.969847315311263,36.810577297307105],[14.969622651866336,36.810340779249245],[14.969497869642616,36.81020941147067],[14.969389957313902,36.81009580211939],[14.969114131224845,36.80980541672393],[14.969089916073186,36.809779923716974],[14.968909806167304,36.80959030460166],[14.96888672765252,36.809566008115695],[14.96878143060893,36.80945515208107],[14.968681962562794,36.80935043166474],[14.968580627837252,36.8092437448742],[14.96850962865254,36.809127229347474],[14.968439825971402,36.80901267780444],[14.96816454087587,36.80856090797894],[14.968148104867229,36.80853393292785],[14.968039180217414,36.80835517602047],[14.967997527240874,36.808287520514114],[14.968057397304483,36.80741686228483],[14.968059797203239,36.80738195652776],[14.968073495996379,36.807182726491206],[14.968077034685951,36.80714012341328],[14.968182807189814,36.80679424967327],[14.968196703547001,36.80674880628456],[14.96824598856185,36.80658764618294],[14.96832435967803,36.806331372114236],[14.968285187858429,36.80622012636113],[14.968186811443905,36.805940736479386],[14.968174026726752,36.8059044262944],[14.96810050902692,36.805695635775045],[14.968032418624775,36.805502255022816],[14.96790466437794,36.805384616288755],[14.967857909254127,36.80534156326921],[14.967394516228437,36.80491485944054],[14.967301769242473,36.80482945436792],[14.966931128389632,36.8044881524204],[14.966788211400942,36.80435654676648],[14.966699673709753,36.804284443176414],[14.966429050803725,36.8040637226414],[14.966304752056313,36.80396282610148],[14.96599676124388,36.80371200027032],[14.965907851085902,36.80363959254457],[14.9658254050924,36.803572447074586],[14.965515663806553,36.803453325633846],[14.965466232976867,36.80343431448907],[14.964816521457708,36.80318444003556],[14.964692621761273,36.8031466899956],[14.964621069554699,36.803124889155114],[14.964405058040137,36.80305907390828],[14.964095799953101,36.80296484597601],[14.964057192181077,36.80295308248611],[14.963804800048603,36.802877472412895],[14.963742799213453,36.802850939188346],[14.963207362478489,36.80255746082153],[14.963069140702917,36.80248063932493],[14.962953320111632,36.802416268331086],[14.962785118311563,36.80232278309246],[14.962697366872938,36.80227401028483],[14.962439810567203,36.80190561920907],[14.962383946938784,36.80182571415825],[14.96233085729243,36.801739151934655],[14.962305382813069,36.80169214098032],[14.962104665931557,36.80142623877504],[14.961812813190825,36.800660104960244],[14.961619628084085,36.80028799980207],[14.961465566209833,36.79999124863483],[14.96092826896379,36.79907319566898],[14.960828311318009,36.798951311305416],[14.960436564688717,36.798473628251216],[14.960387177111418,36.79841340633281],[14.960352999610548,36.79837173180134],[14.960233526184794,36.798226047935714],[14.960266261985641,36.79820964896837],[14.96051561931211,36.79808473247964],[14.960569642661845,36.79805766953974],[14.960626053114098,36.79802940999904],[14.96082883107311,36.79792782768883],[14.9610973420787,36.797793313823895],[14.961624591743414,36.79717049486473],[14.961970012265352,36.79682414100608],[14.962005634931943,36.79678842168054],[14.962118398872493,36.79667535224576],[14.962252756843014,36.79656716662106],[14.962946984281254,36.79600816860038],[14.963003340584672,36.79595992238437],[14.963223623611945,36.79576830493902],[14.963528448650216,36.795503146519835],[14.963560902171514,36.795474914799414],[14.96362070545021,36.7954228935931],[14.963977890949524,36.79516287153248],[14.964424231243534,36.79483794104674],[14.964450834609778,36.7948185742053],[14.964697084256859,36.79465022350372],[14.964734829233372,36.79462441824189],[14.964889781153929,36.794518483207916],[14.965609103492715,36.794026702086754],[14.965638547485272,36.79400616590372],[14.9656851524029,36.793973675836085],[14.965727896093615,36.79394420460734],[14.965837706098164,36.79386609349825],[14.966199471101453,36.79360876002134],[14.96643544527543,36.793440903468266],[14.966626619106739,36.79330491320023],[14.96732771823679,36.79301064032177],[14.967656146171905,36.79287278779087],[14.96785245469677,36.79277657941739],[14.967934114191369,36.79273656001963],[14.968035124885132,36.792687055733246],[14.968464667575565,36.79247654024084],[14.968499557195864,36.79245626469706],[14.968579921084833,36.79240956035248],[14.968848697012787,36.79225335964531],[14.968970817174881,36.79218238820058],[14.969108720118646,36.7921022454788],[14.96914660721495,36.792080226524675],[14.969194025847539,36.792044782394186],[14.969582643764946,36.79175344862],[14.969637893840728,36.791712028398294],[14.970037143561362,36.791412720282544],[14.97030240487245,36.79121385741395],[14.970785292928689,36.790793787356876],[14.970818596476562,36.79076481792032],[14.9709655181816,36.79070723228825],[14.971168561932355,36.790627649684524],[14.971230222539328,36.79060348182189],[14.971766000702575,36.790393014676376],[14.971816903131058,36.79036860463052],[14.971998293529483,36.79028162031407],[14.972040927843025,36.79026117495704],[14.972312508756023,36.790130940697495],[14.972848349010802,36.78987397889555],[14.972982400712514,36.78980969386249],[14.973391167353373,36.78956714386653],[14.973441203479341,36.789538968551135],[14.973743217094842,36.78936075819121],[14.973867664253994,36.789287324491355],[14.97392287082359,36.78925474796334],[14.973991442487074,36.78921428532225],[14.97431316019759,36.78902940622833],[14.97463239769094,36.78884595017156],[14.974734889476604,36.78879117592366],[14.974955529651739,36.78862512158546],[14.975415093992405,36.788285202467975],[14.975718317228198,36.78799964151629],[14.975768665944816,36.787952226376945],[14.97599827831564,36.78773598720807],[14.976220144431325,36.78740777599098],[14.976447880596618,36.78707088052258],[14.97653780742428,36.78693784861398],[14.976692326448452,36.786709259170465],[14.976771481405747,36.78659215909225],[14.976887011665978,36.786416269840274],[14.976902729828918,36.786392339567435],[14.976967646005784,36.78629350641604],[14.977040589738532,36.786182452971474],[14.977180113355724,36.78597003050602],[14.977202818583441,36.78593546254824],[14.977286633011781,36.7858078563207],[14.977646444867302,36.78537729561877],[14.977971775043542,36.78498799142554],[14.978025024209215,36.78493882250606],[14.978057480318057,36.78490885256921],[14.978116561300833,36.78485429587862],[14.97822455595207,36.78475457370266],[14.97843915702279,36.78455640882582],[14.978588059695117,36.78441891018165],[14.978812086940794,36.78421203793368],[14.97926770262532,36.78382847682169],[14.979516287065131,36.783619204280015],[14.979787329806372,36.783391021510496],[14.979928454318491,36.78335148832932],[14.98002575495298,36.78332423176952],[14.9806865655178,36.78313911744401],[14.980719106580823,36.78313000200248],[14.980878150531863,36.783085215180854],[14.980979869424502,36.78304953783755],[14.981122977515492,36.78299934248753],[14.981272135897422,36.782947025271056],[14.981490734224662,36.78287035121278],[14.981815455919943,36.782756454214734],[14.982106995440425,36.7825711794772],[14.982342123365505,36.782419109423806],[14.982622794290581,36.782237582783836],[14.982777385130229,36.782145996143065],[14.982809241505137,36.78212712360652],[14.982883693290809,36.78208301378067],[14.983250950135078,36.78186543205713],[14.983410518077871,36.7817708949411],[14.983716049351587,36.78158987861745],[14.983822667101684,36.78152671062001],[14.983945361954884,36.781455167449785],[14.983982750796132,36.781433366354875],[14.984480490684732,36.78114313255092],[14.984559136593782,36.78109727262872],[14.984910888363709,36.78089216193569],[14.985117950165819,36.78077142176858],[14.985159848263223,36.78074698940233],[14.985199953748818,36.780723603431895],[14.985348990159373,36.78058829543021],[14.985439060598324,36.78050652082415],[14.985613565722256,36.780348087677325],[14.985975351078668,36.78001962330711],[14.986014713517863,36.77998388678788],[14.986042410609464,36.779958740214695],[14.986258928472303,36.779685666998155],[14.986284699586093,36.77965316497496],[14.986871333135486,36.7789132952065],[14.987162693477341,36.77850826505237],[14.987344286423783,36.77825638526215],[14.987442940993592,36.77811935626486],[14.987588171592595,36.77795164700627],[14.98773091180181,36.77778681584876],[14.988029395502066,36.77744213357577],[14.988192829468076,36.77725340163995],[14.988291033785881,36.777106669420455],[14.988462979596322,36.77684975717977],[14.988604525476141,36.77663826319145],[14.988686933016467,36.776515134158764],[14.988718520779196,36.77638848463336],[14.988741274565717,36.77631350770967],[14.988811434278647,36.776053192463884],[14.988841053931187,36.775933797999734],[14.98885530011675,36.77589044139749],[14.988868602238211,36.77584108395572],[14.989012711004936,36.77530639886353],[14.989021480928772,36.775260458495815],[14.988977256399808,36.774335219020344],[14.98896694586707,36.7741182905298],[14.98896408378095,36.774068762421294],[14.988866024770536,36.773679136210525],[14.988855625871912,36.77363781509156],[14.988802838993314,36.773428065028064],[14.988742622657597,36.773188796833146],[14.988649423769388,36.772778193259306],[14.988617900243954,36.772639310395505],[14.988627353233353,36.772487589628604],[14.988636508281031,36.7723406228378],[14.988653902583543,36.77206144373774],[14.988653836322948,36.7718897108857],[14.988653691104977,36.77150339840755],[14.988693066232118,36.77143769240589],[14.988749558069284,36.771343422541236],[14.988855983927467,36.77116583141782],[14.988894271101382,36.77110194358696],[14.98894571230894,36.77101610245287],[14.989075264237751,36.770893903759855],[14.989527971595688,36.770466893798364],[14.989577628784815,36.77040349965824],[14.989652385445321,36.77030806799844],[14.989853604825019,36.77005216495129],[14.989881129979839,36.770031637462715],[14.990301853239927,36.76971788515253],[14.99043084041335,36.76962169266659],[14.9904610304179,36.76959825903817],[14.990505739752022,36.76954594976091],[14.990819179916574,36.76917922396701],[14.990841880428368,36.76915266565896],[14.990889241221089,36.7690972528917],[14.990907751939526,36.769075595737064],[14.991002072557327,36.76896524044543],[14.99103515502753,36.768938593929455],[14.99116249530402,36.768625168895696],[14.991253252048566,36.768401789737204],[14.991275216755577,36.76824199746485],[14.991293259171188,36.76811073252015],[14.99134928270039,36.76770317144346],[14.9913772167095,36.76749995108365],[14.991461899542943,36.767418383831505],[14.991825920192392,36.76706775347193],[14.99195206111911,36.76682661436991],[14.992014530546617,36.7667071908089],[14.991968887542347,36.766554482846274],[14.991902617260248,36.76633276259524],[14.991788134300341,36.765949736058104],[14.991767804633618,36.76588350256249],[14.991727025907679,36.76579301586047],[14.99159091574506,36.765490998408445],[14.991319880049502,36.764871368574155],[14.9911244616906,36.76442460090164],[14.99110493508249,36.764379958265174],[14.991085359565618,36.764335204686446],[14.991022821820602,36.76411938326464],[14.990968969449588,36.76393354462512],[14.99089429502802,36.76367584284102],[14.990765771178499,36.76323230207229],[14.990727418975542,36.7630999475291],[14.99072727742586,36.76299502796147],[14.990727137614531,36.76289077526477],[14.99072709915511,36.76286236711174],[14.990726463346537,36.76238894233834],[14.990825524786988,36.76231916832149],[14.991545575630509,36.76181199688146],[14.992153379927185,36.76147269378417],[14.9923555397553,36.76135756284353],[14.992447843920049,36.76125873438246],[14.992721344669842,36.76096424554775],[14.992804961558404,36.760874213222],[14.992845601735793,36.760830453652304],[14.992874535519611,36.760718464990376],[14.992917528199763,36.76055206335144],[14.992986314963453,36.76028583069053],[14.993057663272527,36.760009672964976],[14.993050363517536,36.759966573629],[14.9930424689208,36.759919953556],[14.992901989953879,36.75909046955364],[14.99255473937278,36.75864221927621],[14.992486166069067,36.75854601809185],[14.99242980974028,36.75851777718382],[14.992296001483904,36.758451915283175],[14.992264255488934,36.758436289728024],[14.99150164780841,36.75806092311158],[14.990905742259809,36.75781180690429],[14.990190648677629,36.75751286000905],[14.989047822876577,36.75691580655379],[14.988927197550645,36.75684892807981],[14.988868359963588,36.75681630760685],[14.988390391321365,36.75655130031871],[14.988141813385601,36.7564134754038],[14.987794005358346,36.756181860872566],[14.98755501187013,36.7560225867693],[14.987502621916567,36.75598767145024],[14.987355597463097,36.75588968831779],[14.986840829447138,36.755411639371715],[14.986791980309313,36.755339115039575],[14.986602703482815,36.75505809809228],[14.986466546868439,36.75484948594391],[14.986384027353662,36.75457279597231],[14.986303401038423,36.75430244410542],[14.986303930758552,36.75377136595485],[14.986354355852573,36.75348195410898],[14.986381468102161,36.75331359399185],[14.98632274515191,36.752762139816205],[14.98631962833337,36.752733128268176],[14.986315753948416,36.75269706953396],[14.986293430344336,36.75248929240967],[14.986213240481996,36.752196993278915],[14.986147907364714,36.75195884258601],[14.986111523103185,36.75185617934054],[14.986080285389164,36.75176803466144],[14.985938116285016,36.751366859405096],[14.985923849495343,36.7513266044226],[14.985564364335445,36.750777720567285],[14.985868768709935,36.750556129223284],[14.986527363273316,36.75007428419707],[14.986887202995607,36.74956108153152],[14.986999908585068,36.749399605247625],[14.987033947794464,36.74935083825736],[14.98727299627313,36.749008350814655],[14.987334897265358,36.74891966051491],[14.98740387489879,36.74879946013448],[14.987748457812778,36.74819898441741],[14.98800578031993,36.74792665760267],[14.98827539715538,36.74764131884973],[14.988473420480338,36.74752257851613],[14.988565482862356,36.747467373773894],[14.988859438318011,36.747291106578274],[14.989099722443635,36.747147021144684],[14.989157714302955,36.74711224604319],[14.989335935209764,36.74700756211216],[14.989640189348513,36.7469065730442],[14.990179351178819,36.74672948388858],[14.990737558749828,36.74663644607862],[14.991202938322523,36.74655887754108],[14.991254828287234,36.7465502285488],[14.991289417674844,36.7465421045337],[14.991838571817082,36.74641311991006],[14.992097090759831,36.74635239857467],[14.992316473162303,36.74624854365262],[14.993049630058275,36.74590146457936],[14.993490901107506,36.74559091375068],[14.993575506853881,36.7455313721407],[14.993975173337,36.745128597381594],[14.994041525473065,36.74506113139987],[14.994180864024056,36.74491945268868],[14.994293424799128,36.74428989517485],[14.994313214481407,36.74417920407971],[14.994112942059425,36.743512028901996],[14.993798868656688,36.742927105458264],[14.993418295920662,36.74227803748005],[14.993324924129164,36.74177361117849],[14.99328294504978,36.74154682263448],[14.993285127330672,36.74151793504754],[14.993287351165431,36.74148846210997],[14.993320358141546,36.741051435204994],[14.993336002774598,36.74084430164462],[14.993350329025288,36.74065461162279],[14.993922381218159,36.74003163963814],[14.994217864116782,36.739782509505204],[14.994460962309748,36.73957754578395],[14.994820858632309,36.73927615225149],[14.994936837498745,36.739171334089086],[14.995171477176369,36.73896323059943],[14.995368649355,36.73878843831812],[14.995394615035552,36.73874381284241],[14.995782787860044,36.738076685512375],[14.995841853304778,36.73784391472528],[14.995859899447545,36.73777279714828],[14.99588972967399,36.73765523920519],[14.996141978045314,36.73666115849036],[14.996401345150014,36.73552380704029],[14.99642327052099,36.735456594897556],[14.996432639003991,36.73542918366025],[14.996465668831272,36.73533254632427],[14.996485264304498,36.735275213321756],[14.996700476179441,36.734645536649964],[14.99672325078319,36.734578894477195],[14.996812999637688,36.734316300337966],[14.996828826473104,36.73424964588688],[14.997159633659495,36.73285641014262],[14.99740890591221,36.73184688746716],[14.997436714175734,36.73173425599559],[14.997464098511289,36.731623357005255],[14.997518220203387,36.73139347395679],[14.997524648313862,36.73092694574915],[14.997526841887014,36.73076785177484],[14.997530226030362,36.73052224623799],[14.997525300032896,36.730488020687105],[14.997497714415726,36.730296361377306],[14.997383608327365,36.72950358535968],[14.997327881780327,36.728538816199006],[14.997327955294566,36.72807170028524],[14.997327999582758,36.72779779426354],[14.997328028475998,36.72760948890338],[14.997330284982768,36.727534792727155],[14.997357920017325,36.72661989591002],[14.997368779218569,36.72626045513048],[14.997374047670577,36.7260860546878],[14.997510877466409,36.72529322309342],[14.997546548148327,36.725086535833874],[14.997553126068013,36.72505256734642],[14.997683500690819,36.72456716246417],[14.997789043963026,36.72417420268749],[14.997798035352805,36.72414071608246],[14.997897480612206,36.72375276935912],[14.997905830979299,36.72371826208237],[14.997992710180688,36.72337776287242],[14.998012086214555,36.7233018264374],[14.998021865146338,36.723262358596315],[14.998032378966007,36.723219914841174],[14.998157167982116,36.72271619394224],[14.998269374583717,36.722201979952594],[14.998335859747055,36.72175307740921],[14.99834365115953,36.721700467280264],[14.998357684544315,36.7216057077557],[14.998408247113256,36.721442679587675],[14.998550047003523,36.72098547264429],[14.998581018548851,36.72088560982016],[14.998729975250589,36.720526337916546],[14.998758821167794,36.72045676028628],[14.998917396188332,36.72007428201924],[14.999045162100472,36.72015440366067],[14.999173082279043,36.72023462175758],[14.99918699387336,36.7202069140007],[14.99923278176931,36.720103711148276],[14.999256763172664,36.720049655558924],[14.999283917361208,36.719988449489314],[14.999329674521123,36.71988101691455],[14.999422018263871,36.71966397659301],[14.999602175078836,36.719366840886146],[14.99971743409793,36.71912474957284],[14.9997153422227,36.719088855128206],[14.999697302956706,36.71882198571758],[14.99965611070245,36.71854506184757],[14.999637581761196,36.71834347257553],[14.999616779980268,36.718112762061665],[14.999569837009213,36.717761860320074],[14.9995480944871,36.71725688351789],[14.99963924066943,36.71689653453374],[14.999677739569549,36.716566066166024],[14.999727919877296,36.71634975642847],[14.999786612747736,36.716063262996336],[14.99985974863107,36.71574680359337],[14.999960203399356,36.71544918319496],[15.000061350652306,36.71521991533714],[15.000075956669942,36.71518680795386],[15.000233828939539,36.71488180475252],[15.00038128239911,36.71465832345386],[15.000448577589804,36.71455366409368],[15.00055826258055,36.714284849459354],[15.000617108794922,36.71399160199675],[15.00050593694299,36.71360570167415],[15.000443353520753,36.713548205663024],[15.000313259835554,36.71342868339245],[15.000256708520045,36.71340229017868],[15.000061351548638,36.71332177344285],[14.999926038655746,36.71326600416527],[14.999875816396644,36.713281669673854],[14.999456759600143,36.71341238089918],[14.99933347087306,36.713494733859704],[14.999236263768221,36.71355966510707],[14.998979523641019,36.713707675988395],[14.99886994981647,36.71376874829322],[14.998798965353155,36.71380831189105],[14.998486696518507,36.713982356747444],[14.998154841763533,36.71392039352657],[14.997766070971297,36.71373754546834],[14.99755643055645,36.71337911052168],[14.997393292882146,36.713079080545356],[14.997133461768948,36.712945967504055],[14.996630525773256,36.712723874297886],[14.996334774227819,36.71237205784407],[14.996286818754479,36.71204369456734],[14.996403112884677,36.71175204196302],[14.996467374783716,36.7114202726211],[14.996386016603111,36.7111656176962],[14.996273021644239,36.710935069411036],[14.996233245960337,36.7106760448128],[14.996113653746884,36.710468337149784],[14.996031061512285,36.71013497864316],[14.995885097799801,36.709723826676786],[14.995893001504472,36.70943090695649],[14.996262643893711,36.709189452498784],[14.996670717179871,36.7089033057993],[14.99697616012245,36.70872585195339],[14.99726905975916,36.70852736768419],[14.997383959587635,36.708448470956455],[14.99755379195915,36.7082578558704],[14.997578072696895,36.70823085895833],[14.997786767865206,36.70799882007289],[14.997802265919264,36.70797230413758],[14.997831537366794,36.707949042146716],[14.99825182190441,36.70778376865835],[14.998326986689623,36.70775890663976],[14.998556953221746,36.70768284303022],[14.998864116206585,36.70747945201461],[14.998888494127941,36.70746331024364],[14.999065471016245,36.70714408476656],[14.999099954890154,36.706996226181076],[14.999136425420605,36.70683984601455],[14.999197449597423,36.70655164207991],[14.999211692550452,36.70648412988035],[14.999270422988014,36.706260640277144],[14.999281375565818,36.7060973636792],[14.999292386417578,36.70593325786692],[14.999286588413083,36.70573042325873],[14.999284209614725,36.705647186795744],[14.99928108469916,36.705537807609524],[14.999268987583493,36.70531115430553],[14.999261645355505,36.70519829541685],[14.999254831693957,36.70509360136933],[14.999210614679244,36.704763426825714],[14.999201253536013,36.704693522577706],[14.99917557473006,36.70444504891692],[14.999181452413715,36.70438274642246],[14.999186663706398,36.70432749191126],[14.999189309661247,36.70430188598406],[14.999212139203,36.70408092869032],[14.99942687567667,36.70374379716388],[14.999695857904351,36.70379769403859],[15.000061343013407,36.70389642798683],[15.000109781619539,36.703909513024946],[15.000945160734307,36.704623314483115],[15.00097742478149,36.70466146542162],[15.001751780044767,36.70557707319028],[15.002523322064294,36.70708388809093],[15.002836878240574,36.707774077103394],[15.00302696870205,36.70819249232503],[15.003439539957094,36.70903719952137],[15.003460531334458,36.70908017667092],[15.003608271547314,36.70938265559963],[15.0036592492773,36.7094761111542],[15.003829238401002,36.70978775047771],[15.004369134538138,36.710790272558704],[15.00438248949021,36.71081507030917],[15.0051559064869,36.711986502174504],[15.005390810771889,36.71232513850209],[15.005664631080746,36.71272337220489],[15.00583550016858,36.71296618901989],[15.00602071424928,36.713233182290786],[15.006141777791738,36.713407700401255],[15.006577285984998,36.714278718969226],[15.00667706540774,36.71447950463274],[15.006890689303999,36.714909365363795],[15.00727257867907,36.7155133073977],[15.007283860695729,36.71559302765223],[15.007349084199953,36.71605397140561],[15.00762869603421,36.715733795784125],[15.007743103088732,36.715602193133456],[15.007821038777715,36.71551252972764],[15.008189542813817,36.71482781107392],[15.008077921389415,36.71420418688927],[15.008310353484715,36.71392103384034],[15.008446676017142,36.71375496293698],[15.008595728686176,36.71372644372433],[15.008850310790706,36.71367773208541],[15.00919842571223,36.7136111237117],[15.010495277752058,36.71371866081097],[15.011849376533977,36.71384354128485],[15.013295932369621,36.71407848320612],[15.014485533215652,36.71425934154009],[15.01460554479733,36.71427758605921],[15.014885888267866,36.714307657338225],[15.015602592720485,36.71438453013052],[15.016015400142903,36.714257838716485],[15.01621858243391,36.713354220622065],[15.016687848143668,36.71281513303265],[15.01738166989367,36.71271692697457],[15.018020366433005,36.71296804108529],[15.01846928349684,36.71325801626467],[15.018871917798952,36.712760551869046],[15.019408778214231,36.712121266978016],[15.019833102393696,36.711543951393196],[15.019993094733131,36.711440494047935],[15.020147663591132,36.71134050521996],[15.020184222165367,36.71131685628629],[15.020385882787359,36.71118606269328],[15.020583183032116,36.71105809761054],[15.020810890525249,36.711044916539],[15.021041844278384,36.711031535126374],[15.021099212133324,36.71102821144117],[15.02117019583225,36.711024099283954],[15.02121194690208,36.711021679971104],[15.021789091459487,36.71110597901036],[15.022067333798292,36.711146618704575],[15.022263621566532,36.71117528728665],[15.022372280883221,36.711194734954496],[15.022454752722192,36.711209495350616],[15.022504972342613,36.711218483192454],[15.023254960349458,36.71135270554245],[15.02336058850747,36.71137159876318],[15.0243131573705,36.71161573184968],[15.0243587686078,36.71164034582912],[15.024924706487043,36.71194572354422],[15.025013221251916,36.71199348461925],[15.025109618806418,36.71204549939051],[15.025163074509477,36.71207434354887],[15.025898433299103,36.712561721721165],[15.02610144918997,36.7126962734369],[15.026160507732218,36.71273541535477],[15.026238354306264,36.71278700812057],[15.026312064664857,36.712827548526754],[15.026494602447864,36.7129279431241],[15.02668686103424,36.71303368395502],[15.027061104414004,36.71323951318583],[15.027255316858586,36.71334259215711],[15.027369398124366,36.71340906850083],[15.028054043802111,36.7137964159565],[15.028164902818574,36.71386817389668],[15.028440724775987,36.71400771523852],[15.028511626097682,36.714048558066246],[15.028589200535302,36.7140363414872],[15.028870644484154,36.71399201693678],[15.029479713160281,36.713896092932366],[15.029548466007173,36.713885264777325],[15.02958233390653,36.71387993099206],[15.029700368419276,36.7138613409016],[15.029913996707712,36.71382769458587],[15.0304788946316,36.71373872307209],[15.030515943777369,36.71373288704097],[15.030760347254512,36.713713308389934],[15.031137645573448,36.71368308201915],[15.031528652542933,36.71365175494693],[15.031619975397268,36.713644438270855],[15.032046361238084,36.71361027514271],[15.032150293267971,36.713601947718836],[15.032207366364359,36.71359737525526],[15.032809392677363,36.71371767333111],[15.032890249665499,36.7137320718204],[15.032981934669241,36.71375375895418],[15.033220438112572,36.7138005063226],[15.03331715332712,36.713819221819136],[15.033458261122403,36.713847326512926],[15.033697309996954,36.71389509100894],[15.034528286403797,36.714103797726786],[15.034597970099936,36.71412471741502],[15.03473794455771,36.71416040357967],[15.035266943127839,36.71429526833792],[15.036485984647397,36.71481300559155],[15.036538082038032,36.71474129159013],[15.037180220550825,36.71385736132259],[15.037313812538637,36.713744711437414],[15.037350609728058,36.71371368271122],[15.03739709211034,36.71367034769452],[15.03773473747649,36.71387187710173],[15.037851599042979,36.71394419749283],[15.038366326576321,36.71426274076702],[15.038599790788757,36.714334373512884],[15.038893588635927,36.714424518773114],[15.039039348513542,36.71446924139291],[15.039251468129036,36.71447799541688],[15.040113258446604,36.714513554663206],[15.04021940564042,36.714572162275395],[15.040520567307674,36.714738443787276],[15.040630696723921,36.71479924952091],[15.040807283320046,36.71489674864758],[15.041055805853242,36.71503263738966],[15.041424081735768,36.71519972439409],[15.041800097532189,36.71537032210818],[15.041851083502976,36.7153934535895],[15.042010576715553,36.71546581454192],[15.04220646424714,36.71555468665305],[15.042380218419973,36.715632816195516],[15.042652136980005,36.71571562570639],[15.042682140238817,36.71572476171389],[15.042962204219574,36.715810050924716],[15.04311872026468,36.71585771510813],[15.043497077254587,36.71597301271489],[15.04426082190979,36.716252883749895],[15.044415369551347,36.7163095164826],[15.044851212305392,36.7164692251318],[15.04491015796452,36.71649082533681],[15.044994477098921,36.716521721289574],[15.045434372560365,36.71672098813358],[15.045487895215148,36.71674523161751],[15.045602997884554,36.7167973715004],[15.045653642193606,36.71682031165116],[15.045687243957698,36.71683553228053],[15.045966685876534,36.716962113147936],[15.046010518502712,36.71698196850148],[15.046150873386436,36.71704554536635],[15.04652268207553,36.7172363885237],[15.046583500994164,36.7172676048005],[15.046627160340655,36.717290014093095],[15.046751029428297,36.717357428827206],[15.046983841616298,36.717625634429105],[15.047127687252436,36.71779134816917],[15.047214497996304,36.71789135548435],[15.047583766702743,36.7185716539122],[15.047612246097378,36.71862411919208],[15.047708902351276,36.71880218501956],[15.047859913285365,36.71904241030968],[15.048024331034195,36.719303956989506],[15.048084596023926,36.719399823455554],[15.04809950886603,36.71942354520055],[15.048121237802555,36.71944400765207],[15.048143669507464,36.719465131797406],[15.048204927336373,36.719522820471],[15.048389704702368,36.71969682963422],[15.048456588556975,36.7197598142368],[15.048497713854422,36.71979854122627],[15.04871020979937,36.71999864973985],[15.048761372315798,36.72004682913757],[15.049041453667492,36.72023178542462],[15.049543785785612,36.72056350374257],[15.049624997088111,36.72061713243365],[15.049683814004146,36.72065597170278],[15.049737456054173,36.72069139372752],[15.049763722187826,36.7207087379155],[15.049896648949915,36.72079651589762],[15.05012777051329,36.72094913605617],[15.050155994441134,36.72096777174419],[15.050232688567956,36.72101841726009],[15.050277625085986,36.72104808901944],[15.050453014370223,36.721163905586195],[15.050520046357876,36.7212081692872],[15.051208661530067,36.72174207519469],[15.05134969901767,36.721851423944265],[15.05142383797707,36.72190828964264],[15.05179710424027,36.72219830315914],[15.052815475324207,36.72311115853213],[15.05288414490102,36.72317270902886],[15.052918360800804,36.72320337962292],[15.052945185827543,36.723227429578145],[15.05299407400949,36.72327125608521],[15.05409352672722,36.724099426778366],[15.0549568710988,36.72491039003481],[15.054977608062448,36.72496003450372],[15.055015160290917,36.7250499363613],[15.055515414623132,36.726247537939926],[15.0556083271748,36.72646996261137],[15.055639244021817,36.726543975198375],[15.056059816428794,36.727672112616325],[15.05616614287685,36.727957551633935],[15.056213290884134,36.72808412138887],[15.056261952039705,36.72817479012836],[15.05648965146389,36.72859905438684],[15.057088967248742,36.72971571187165],[15.057993316594663,36.73075838667698],[15.058822106595402,36.731552261464095],[15.058849460914475,36.73157844924895],[15.058869947763457,36.731598063882714],[15.059418205777032,36.732096767413665],[15.059449053855898,36.73212482770679],[15.059504726814103,36.73217546787649],[15.060103910934396,36.73272048014111],[15.060166870608036,36.73277874085323],[15.060238458479656,36.732851998127934],[15.060786684035358,36.733413007295965],[15.06085558364522,36.73348351241215],[15.061301570254837,36.73393988888529],[15.06159167571195,36.734233641612576],[15.061661665838422,36.73430451256837],[15.061916428210841,36.73456247454582],[15.062255607424886,36.7349059110229],[15.062396831807403,36.735024319518956],[15.062526621707644,36.73513313837681],[15.062685682165789,36.735266498704384],[15.06281025296888,36.73537093985005],[15.063178991031961,36.73568009486608],[15.063471356328032,36.73592521533334],[15.063570175803912,36.73600806546271],[15.063801119452254,36.736201687130354],[15.064034033278082,36.73636683543314],[15.064078441527343,36.73639832304754],[15.064163737486693,36.7364588006503],[15.064565447832749,36.736743629273484],[15.064723851095382,36.73685594294807],[15.065236680221645,36.737219551650874],[15.065997834323593,36.73788903370044],[15.066096784154288,36.73796312910208],[15.06624642586114,36.7379147567287],[15.06663954564149,36.73778767587018],[15.066685151866613,36.7377729334095],[15.067272275607248,36.7375831387573],[15.067643405433381,36.737463162538894],[15.067906998223092,36.737390718966516],[15.067962940480712,36.73737534444511],[15.0692229113031,36.73702905472455],[15.06926385489971,36.73701961001089],[15.06947403858101,36.73697112449339],[15.069932002117998,36.73686548001845],[15.070133673473704,36.73681902761473],[15.07078993145978,36.73666756355846],[15.07122184173415,36.736667121009475],[15.071593666101323,36.736666738688605],[15.071866177219025,36.73666645766879],[15.072152681791827,36.7366653801558],[15.072208802539153,36.73664963720791],[15.07243735678283,36.736655207134405],[15.072712405178697,36.73667296061493],[15.0727879376487,36.736673539928674],[15.072863953266882,36.73666989125893],[15.07289747156998,36.73666894038746],[15.073274100311671,36.736705491815],[15.07332772100625,36.736709922992766],[15.073670830662456,36.736738276160246],[15.073832497276452,36.73669631221282],[15.074053074067622,36.7366390580605],[15.074892481912814,36.73642119986414],[15.075043804150408,36.73638583507908],[15.07521634530576,36.73634551178847],[15.075742146177818,36.73622263003043],[15.075863799558178,36.73619801086476],[15.075900804785894,36.73619052168291],[15.076267345695202,36.736116341113295],[15.07632270265292,36.73610513828369],[15.076882967365544,36.736013421317324],[15.077127951602856,36.735979652633866],[15.077369623186286,36.73594571213211],[15.07768215554367,36.7358850240387],[15.077861547479685,36.7358497577131],[15.07796497162711,36.735818263953746],[15.078403411359647,36.73568475348827],[15.078463129670588,36.735666567700534],[15.078908254246409,36.73553101793722],[15.079279195799707,36.73541805848347],[15.079969702241966,36.735248398563996],[15.08053063496706,36.73511057277432],[15.080644820799238,36.73508252369518],[15.080867410056475,36.73462165046806],[15.080892204901405,36.73457031339151],[15.081145617042997,36.73414576488295],[15.081209947483828,36.734037991919124],[15.081229885180663,36.734004587821005],[15.081485188784718,36.733576868999265],[15.081988448163402,36.73277478396578],[15.082261801909429,36.732822086722884],[15.082474552517281,36.73285890181603],[15.082545831092853,36.73287123617385],[15.082707350842167,36.732899183716974],[15.08277448771431,36.73290284795775],[15.083044547761457,36.73299657424549],[15.083619307750949,36.73319439890452],[15.083809484732427,36.73326785272725],[15.08384903862956,36.733282139003975],[15.08390282453477,36.73329980815698],[15.084060724955664,36.733345601780265],[15.084193640533924,36.733386779339035],[15.084249545475526,36.73340550603505],[15.084324925020294,36.73343075494676],[15.084407567753951,36.73345843739726],[15.084768598111593,36.73358701178532],[15.085029824099177,36.73368004002307],[15.085343927436753,36.73379189969209],[15.085920884739743,36.7340085608398],[15.08621591146978,36.73406917368978],[15.086489369279217,36.73413575318813],[15.08705947005084,36.734274555665294],[15.087629571494436,36.73441335615446],[15.087742364843132,36.734440816553835],[15.088027231627228,36.734510169988766],[15.088201271108545,36.73457228106625],[15.088447750609442,36.73466024439673],[15.089482036271544,36.735029350362915],[15.089662712187081,36.73509382742626],[15.089707405123326,36.735109777365324],[15.089763437782398,36.735129772815256],[15.089954366312831,36.735188851834444],[15.090060780519977,36.73522177856873],[15.090123363148615,36.7352411439886],[15.090172032654776,36.73525188980569],[15.090581826368712,36.73538300345748],[15.09063465604018,36.73539935047571],[15.091915002136375,36.73579550668637],[15.092305094300057,36.73592783877914],[15.092350908716565,36.73594337993056],[15.09238347565866,36.73595442661132],[15.092819287382422,36.73610226601552],[15.093216139356496,36.73623688646217],[15.093298480345526,36.73626481911474],[15.093617183656637,36.73637292809701],[15.093697694176633,36.73640023811223],[15.093908057170799,36.73647159512557],[15.094956504639793,36.736785915699905],[15.095087528703573,36.736825194914026],[15.095272959522035,36.73688078544893],[15.09530777945096,36.73689176225959],[15.09535606765427,36.73690740451829],[15.0956765000931,36.73701120844757],[15.096126089503626,36.73715685065662],[15.097193170561201,36.73750251513096],[15.09733369426348,36.737548034517324],[15.09738387924025,36.73755735916199],[15.097965731407685,36.73775276586985],[15.098332929065366,36.737881589800416],[15.09976873977732,36.738386525264225],[15.100082641897675,36.73850323593386],[15.100867719498158,36.73879512583409],[15.101315697820846,36.73896167936423],[15.102104604034869,36.73925723459164],[15.102514370746935,36.73941074572505],[15.103077309459236,36.73959979671379],[15.103480883925833,36.739735627067446],[15.104330869179854,36.740140748585034],[15.105288419086406,36.740496139402744],[15.105416906709248,36.7405438264618],[15.10544996661576,36.74055589250299],[15.10571869327,36.740653964884785],[15.105990551018712,36.74075318039687],[15.10602581999997,36.74076605141862],[15.10634916839144,36.74088405717472],[15.106471016902743,36.74092852448777],[15.106773041095666,36.741038745039205],[15.10695350428229,36.74111547980705],[15.106982419254104,36.74112777241036],[15.107064350646677,36.74116262017242],[15.107179541599423,36.74121161477697],[15.107276852663283,36.74125299451232],[15.10775826174073,36.7414577107788],[15.10787211580864,36.74150612552534],[15.1083408078628,36.74175184341186],[15.108486024260738,36.74182799048039],[15.108652914907507,36.74191542557978],[15.108924282960915,36.74205759660624],[15.10909210234759,36.7421455177974],[15.109450212119304,36.742324347807475],[15.109506912384848,36.74235266201827],[15.11008920505257,36.74264343870401],[15.110247953740648,36.74272271200435],[15.110289881258813,36.74273108038804],[15.110558609834339,36.74278471051358],[15.11089647717065,36.74285214391437],[15.11122941742902,36.74291859007404],[15.111412729361572,36.7429551737887],[15.111790027555676,36.74293685451084],[15.112074419567202,36.742923044059935],[15.112162588509541,36.74291876296447],[15.112351270737946,36.742963028109216],[15.112741933888305,36.74305467794512],[15.112921069064262,36.74309670284686],[15.113161171280764,36.74315302968857],[15.113354776557117,36.743140550377326],[15.113483060661576,36.74313228889766],[15.11403662775475,36.743096493142254],[15.114591513844442,36.74300842826476],[15.115050179708915,36.74293563378455],[15.115143691637318,36.74292079212061],[15.115400540847101,36.74288002661227],[15.115697295552245,36.742851079360996],[15.116252140047143,36.7427969558708],[15.116722469297684,36.742751077631176],[15.116659897997257,36.74285818990127],[15.116487758315227,36.74313894304594],[15.116345290628258,36.74370204579136],[15.116296958002584,36.74389557042933],[15.116688336568087,36.74378394178049],[15.117417300872551,36.744020177657035],[15.11791958902153,36.744196668040914],[15.118024608665188,36.74433854629721],[15.11811191878585,36.7443646527398],[15.119043401753926,36.744615822970175],[15.119222596112882,36.74467182299362],[15.119502115024348,36.74475866091357],[15.119436309679207,36.745011782306676],[15.119145447149966,36.74524730172793],[15.11867528172725,36.745381831842764],[15.118339695576607,36.74528439441244],[15.118317543814547,36.74526078266042],[15.11811472611943,36.745057509916386],[15.118022616832272,36.74479492186291],[15.117984103798273,36.74461022837187],[15.117563297215503,36.74445672773046],[15.117295523500736,36.74436463398722],[15.117104243106317,36.744303245141396],[15.116970476787166,36.744334164407725],[15.11679832177421,36.7442727656246],[15.116492399147104,36.74424226736635],[15.11612919131794,36.74425802100419],[15.115689596557772,36.74432001602966],[15.115270368398363,36.74437159412918],[15.11505885339028,36.74439760713303],[15.114562028831823,36.74455202020324],[15.11410045138339,36.74482811067623],[15.112407939754572,36.74593915846237],[15.112189165981635,36.74610768212701],[15.111067037906375,36.74697203278878],[15.110169903643289,36.74784282532486],[15.109873140560673,36.74813086931299],[15.109220572680886,36.74893401475883],[15.109086524275453,36.749129611009565],[15.1087762217697,36.74932927590869],[15.108547480084606,36.74980666427989],[15.108586198858337,36.75014528035023],[15.108605615640315,36.75036076788294],[15.108682383268352,36.750576205321245],[15.108861959524795,36.750904833681616],[15.109102182610021,36.751344422332444],[15.109161613077854,36.751453173946665],[15.10912037322181,36.751549224826746],[15.109013988060543,36.75179701534773],[15.108881588318132,36.75210539499159],[15.108837649556925,36.75220773474879],[15.108627635362945,36.75242343337043],[15.10795874081861,36.75262414262467],[15.10786808055868,36.752642479059254],[15.107535055653559,36.752709830487746],[15.10741227150662,36.75272840505252],[15.106888713396824,36.753086906229285],[15.105674778283039,36.753995416750385],[15.105569214671016,36.75407177513496],[15.104403840443466,36.755545305357955],[15.103195173205103,36.75763276326262],[15.103117162290422,36.757767464645966],[15.103066345361565,36.75785521639915],[15.103024526084049,36.757955656957044],[15.102935999945895,36.75816827852596],[15.102833055965736,36.75841552566564],[15.102641582706644,36.75887539342051],[15.102466413248294,36.75929610474845],[15.102450109791299,36.75933526184226],[15.102336633850541,36.75960778453553],[15.101706861271344,36.76112026364963],[15.101449646992199,36.76183187225864],[15.100079356860366,36.76562267684931],[15.100041837096652,36.76617686234651],[15.100195726850098,36.76688482075571],[15.100062523898886,36.767377499806145],[15.100477623499009,36.76778293820889],[15.100675168112842,36.767931122039535],[15.100924141250502,36.76820799028115],[15.101193994239223,36.76983941448664],[15.099940994666508,36.77118114965442],[15.10007599385362,36.77227222224949],[15.099554245723429,36.773255350139856],[15.09938291120875,36.77286816616277],[15.098673718908207,36.77312966746175],[15.098777634012414,36.7736890719768],[15.098423430235929,36.774238319278965],[15.097864691130036,36.77452807374562],[15.097503849050652,36.77525765443737],[15.096795175509714,36.77572838296019],[15.096585310692113,36.77623190664806],[15.0964498315577,36.776315078748475],[15.096245102961062,36.77642086291039],[15.095795471861429,36.77642493986762],[15.095376241651891,36.77634768182928],[15.09530168753028,36.77638279053037],[15.0952006819972,36.77643034347549],[15.094945936266079,36.77655027674475],[15.094651096699842,36.7787127267091],[15.094647340773571,36.78075134393763],[15.094896600907365,36.78329131710487],[15.095045129496915,36.784818339292244],[15.095300708467235,36.78559837088446],[15.095325316066479,36.78563470304145],[15.095504638570352,36.78589947190609],[15.095648659294964,36.78611211752881],[15.095729696124806,36.786231767106656],[15.096024224503608,36.786666626822054],[15.09628256625189,36.787048054848945],[15.096318756552638,36.78710148637917],[15.096613292200695,36.78753634488155],[15.096912519878881,36.78797812264256],[15.097180532325325,36.788373810366494],[15.097200400546413,36.788406159378866],[15.097468312797576,36.78884238522262],[15.09755556467406,36.78898445096201],[15.097736227260222,36.78927861022251],[15.097763786129004,36.78932348239387],[15.097958640982558,36.78964074190692],[15.098167163129855,36.78998025382681],[15.098198322030084,36.79003098610592],[15.098272068392534,36.79015105740373],[15.0982914517431,36.79018261572231],[15.09869343880702,36.79083710745108],[15.09778965453496,36.792469328828055],[15.096768011716689,36.793831637342926],[15.095507917199521,36.79551183779868],[15.095337967691846,36.79584553924826],[15.094362874418781,36.79776011432496],[15.094292821688779,36.798340964266096],[15.094173495895781,36.799330350008326],[15.094540825534809,36.800285404462684],[15.094678532137848,36.80064343319165],[15.094984472317163,36.80143884146104],[15.095143886155801,36.80198829736793],[15.095345766938221,36.80213828377687],[15.095601708363539,36.802328432608704],[15.095879213730738,36.802779995934934],[15.0967921072256,36.80321280941419],[15.097973363067357,36.803343514081064],[15.09813714910168,36.80332585349228],[15.098487733965316,36.80328805287003],[15.098692714961294,36.803265949922796],[15.098745933162888,36.803198730636524],[15.098763872541822,36.803176071501476],[15.099026419058744,36.80284445122997],[15.099142180039195,36.80225487092308],[15.099592482635714,36.80233170530526],[15.099722010953665,36.80239647672698],[15.099728456160166,36.80258903281002],[15.099804333782576,36.80264942266309],[15.100120346526852,36.80269266453043],[15.100263487108322,36.80272579868264],[15.100441569618289,36.80273091750682],[15.100528344929797,36.80270501803305],[15.100648485894574,36.80255366276729],[15.10077134179469,36.80255055979001],[15.100916200218146,36.80222068715226],[15.101081817715427,36.80206927946563],[15.101293023029054,36.802044115531245],[15.101586337601052,36.8021576022216],[15.101742627389688,36.802335297633256],[15.101858299901865,36.802672251114046],[15.1018410407638,36.802901747970076],[15.101936316133527,36.802982568826046],[15.10241521315261,36.80297219178027],[15.102615525515352,36.80303331405634],[15.102806076130715,36.80319495525238],[15.10300342831883,36.80344197246195],[15.103138629648612,36.803577887366835],[15.103240707316134,36.803744085173726],[15.103446689001629,36.80387635353764],[15.103559661267694,36.80395626130171],[15.103572130971267,36.80411278705289],[15.103654247877119,36.80425143597731],[15.103708911359456,36.80449151557917],[15.103612941421169,36.80462505105623],[15.103631079698207,36.80485272352153],[15.103640148984534,36.80496656064439],[15.103513221860018,36.80519156221284],[15.103547673489661,36.80523691281181],[15.103611813020875,36.805321344091965],[15.103912826685406,36.80526684716286],[15.104128128288899,36.80507001163593],[15.104387890873177,36.80498518838163],[15.104634491733018,36.8049581944356],[15.104882674223434,36.805174013146825],[15.105181675397436,36.80535863763426],[15.105031876729125,36.80557784677283],[15.105221975857022,36.80573313737167],[15.105521815645371,36.80597807252098],[15.105630469836402,36.80606682916061],[15.106040016085746,36.80640137508012],[15.106100442997583,36.806450735875224],[15.106061316504903,36.807403631720064],[15.105923375362547,36.80775365185385],[15.105807780697361,36.80820273991923],[15.105807205889295,36.80867406735921],[15.105965411627155,36.80887546949125],[15.10662220604255,36.80918960218264],[15.106809990639483,36.80936535411558],[15.106917984511092,36.809531243154936],[15.106961242851188,36.80977667065293],[15.107057743428305,36.810095556026965],[15.107162713617344,36.81022349896553],[15.107438902786125,36.81041881763517],[15.107485190376504,36.810702189469986],[15.107392930015786,36.81103080550183],[15.107281612621179,36.811417556439594],[15.10727465733551,36.81162747064844],[15.106837827567789,36.811850036055866],[15.107054117548142,36.81223456662562],[15.107257816328389,36.81259670965993],[15.107273622975844,36.81263791338942],[15.10762609005227,36.812628876785126],[15.10773310476522,36.81267098622054],[15.107839556653063,36.81289172289743],[15.107848450282999,36.81318892974485],[15.107821228565625,36.81340465265682],[15.107923900502964,36.81357795835493],[15.107983273851708,36.81376540280956],[15.1080188266333,36.814025514900386],[15.108051399845587,36.814258157922595],[15.108216126490674,36.8143925435635],[15.108277694626496,36.81457034968662],[15.1082966098638,36.81480750573869],[15.108314012194821,36.815025690760855],[15.108352741874327,36.81521419938582],[15.108440934999209,36.815428733289004],[15.108524588703059,36.81558634958787],[15.108627299979286,36.81568583151736],[15.108760866702807,36.81572657065982],[15.108878850770893,36.81572048658531],[15.10904024561934,36.815664537145835],[15.109203910453038,36.81563704621595],[15.109236588724016,36.815749664129704],[15.109178662878216,36.815914581134344],[15.109156132302672,36.816077672793526],[15.109287429620583,36.81608995254601],[15.109428254707952,36.81607316499852],[15.109619300476606,36.81609188795895],[15.109601758772783,36.81616899503228],[15.10956137532922,36.81625680509544],[15.10961462467484,36.816330261208385],[15.109727622841564,36.816410160722825],[15.109909141890157,36.81645795029036],[15.110180508418292,36.8164439538246],[15.110229217077285,36.81646049229114],[15.110273695516433,36.81657250119804],[15.110282021542778,36.81667684986819],[15.110287632399812,36.816895641667045],[15.110350721867595,36.81709241788149],[15.11041078397692,36.81725124947982],[15.110373430033656,36.817377005171174],[15.110325790399372,36.817522341312525],[15.110278907605922,36.817677164261184],[15.110244581058057,36.817840864504234],[15.110199211818195,36.81801465928204],[15.110158829600874,36.818102470403176],[15.110097120062337,36.818219956433715],[15.11008563303311,36.81837295365372],[15.110085188605096,36.81851585544936],[15.110173391545905,36.818730387213236],[15.110287151150045,36.818819772610176],[15.110415738595094,36.818946493761715],[15.110399710282767,36.81904257280308],[15.110320902033349,36.81909426445663],[15.110125618522599,36.819171013807726],[15.109894180862792,36.81924010355046],[15.109628102607486,36.81932050353038],[15.109193809978724,36.819371477453025],[15.108910632866081,36.81938608112415],[15.108716551604106,36.819329413101826],[15.108640150200499,36.8191142706318],[15.108507334142372,36.819083018739285],[15.108403413667013,36.81911695325813],[15.108284218847222,36.81925645353818],[15.108074863641859,36.819305349360654],[15.107839639724899,36.81932700371725],[15.107560245326853,36.81938903574487],[15.107437265275868,36.8194811037444],[15.107528939163164,36.8195906805205],[15.107594743689427,36.81967301519245],[15.10767461821961,36.81978320019479],[15.107745721054936,36.8199319390828],[15.107708361912112,36.82005769442758],[15.107712452500696,36.82025751419478],[15.107798382714476,36.82044358931212],[15.107808976689048,36.820576397157964],[15.107761330958873,36.82072173375579],[15.10762004723967,36.8208814223686],[15.107607043252333,36.82101544694013],[15.107615564541756,36.82135024192647],[15.107983677591957,36.82154822351908],[15.108139078796588,36.82301663913395],[15.108253416473733,36.824122952302794],[15.108109356233475,36.82430003659097],[15.107412463246947,36.824027224325505],[15.106855311395268,36.82417367906361],[15.106824698401347,36.824234666219986],[15.106759451850202,36.8243646519167],[15.106586968963052,36.824708273586715],[15.106561223533996,36.82475956488137],[15.106527566148523,36.82482661579738],[15.106462263659816,36.82495671135748],[15.106584357925547,36.825037425359426],[15.10691590387673,36.825256604913584],[15.107095941433537,36.82537562241157],[15.107781059257565,36.82553143964163],[15.108178871254609,36.825839549198285],[15.108335698765993,36.826245811190525],[15.108200239731834,36.826552843386814],[15.108096775239567,36.82681536191266],[15.107481263562907,36.827398732236944],[15.107444403736443,36.82747940304367],[15.107353797989935,36.82767770092875],[15.107233824293951,36.82794027087987],[15.107023242575517,36.82840113766095],[15.106941897941855,36.828579165357056],[15.106945016634556,36.82863484308252],[15.107388863925765,36.8290807828757],[15.107333749600045,36.82972658156433],[15.107030424659602,36.830158478645714],[15.107361102147953,36.83043646980118],[15.1075754817822,36.830616696410914],[15.107937824949884,36.83092131286867],[15.107572317322154,36.83182863907375],[15.106596952579094,36.831903088850275],[15.10652389093035,36.83190866558026],[15.106170223917157,36.83193565770655],[15.106133815918634,36.83273176395418],[15.106059391825676,36.833135662528704],[15.106102532564146,36.83367638133752],[15.106125701726858,36.83418955297838],[15.106177463845047,36.83461552299048],[15.106237847128677,36.83492674422572],[15.106430093668825,36.835331183382884],[15.106491613348016,36.83565663465974],[15.107326829423307,36.836099359996574],[15.107588760729156,36.83648591568579],[15.107873605639233,36.83671412202935],[15.107590833650145,36.83695731078338],[15.106862084140596,36.83718063218224],[15.107185043825732,36.840372806800346],[15.107702763418219,36.84050686623902],[15.107733398614167,36.840514799641674],[15.10782026515326,36.84053729362568],[15.108221229271852,36.8406411206367],[15.108362530687439,36.8407876095411],[15.109011979142,36.841460887252865],[15.10924450458817,36.84170193770508],[15.109264522267035,36.841744925345466],[15.109606113318852,36.84204965171491],[15.10975607594885,36.842146693660844],[15.109937977633217,36.842346865866034],[15.110157680361961,36.84227837954713],[15.110282085597031,36.842500567447175],[15.109999900737234,36.84267705665475],[15.1099114212918,36.843053106680934],[15.109322241766282,36.84354071499563],[15.109067642266323,36.84377341231307],[15.109317958172973,36.844769612697306],[15.10983428445408,36.84566999482328],[15.110117499592588,36.84563335227033],[15.110990050356616,36.84587408882829],[15.111701153490054,36.84617077813859],[15.111762007664927,36.84633909221085],[15.11155669553216,36.84658781979368],[15.111576400853187,36.846834459857085],[15.111663893955425,36.84703950084977],[15.111791346007156,36.8472996310757],[15.111724963440595,36.847655492064376],[15.111502104608265,36.84798132762265],[15.111387425717158,36.84817775121761],[15.11121373000416,36.848377220262634],[15.111048372519422,36.84867118440182],[15.111424504290941,36.849174455322405],[15.111689699866746,36.84958030742424],[15.111996273376207,36.85004947659181],[15.112088526977105,36.85026005854827],[15.112325219495778,36.850458042568384],[15.112678899143615,36.85058266569724],[15.112336563689183,36.850826227479814],[15.112371259105764,36.85090543612593],[15.112755361104652,36.85146583995203],[15.114143779229666,36.853491472637785],[15.11580462620945,36.855587618310444],[15.116706017400503,36.85672520164615],[15.117048009531459,36.85720253397785],[15.117222460661326,36.85758054576027],[15.118600854216941,36.85829909278556],[15.118903131308622,36.85860342603436],[15.118376173684311,36.858841706847265],[15.119138552137104,36.859524522799994],[15.120893032811093,36.86111012560891],[15.121076494101905,36.86121375447471],[15.121303389932153,36.861173420452296],[15.121537215796952,36.861132756526146],[15.12179768802201,36.86112881594116],[15.121981602327272,36.861205034117056],[15.122053540383453,36.861363243552105],[15.122149501294148,36.861377332729994],[15.12218947446409,36.86143241719119],[15.122031797591346,36.861535821480544],[15.122144122331683,36.86160621583893],[15.12229945811021,36.861769637952],[15.122256063319929,36.86196268765859],[15.122893554591588,36.86255022993753],[15.124610175974258,36.86412669487105],[15.125141728937885,36.86444995521999],[15.126131454059141,36.86495449980243],[15.126485186118307,36.86515085142924],[15.126560454478433,36.86519264888989],[15.126592907315429,36.8652106584423],[15.126732251650612,36.86528798678322],[15.126791541469276,36.86563069655682],[15.126812737595433,36.86575321625587],[15.127142255964136,36.86592001375378],[15.127212680785714,36.865955646976126],[15.127397677204504,36.866049298117865],[15.127633817045547,36.866168839864166],[15.12778746145569,36.86613925984221],[15.128339010417898,36.8660330697871],[15.128540299362127,36.86599431491964],[15.12877521639622,36.86603001984093],[15.128889270124624,36.866047352654164],[15.128993800057826,36.866063240616874],[15.129082895083297,36.866071101921214],[15.129464886708798,36.8661048044414],[15.12957679676872,36.86611467841285],[15.129879105830629,36.866149051330176],[15.1298830799718,36.866175114350334],[15.129912302095125,36.8663667260065],[15.129957150200443,36.86666080189222],[15.129975881555671,36.866728367432344],[15.130083029870603,36.86680404278373],[15.130676914419611,36.86722347300417],[15.130874297888647,36.867362872776326],[15.131248539284803,36.867394687171256],[15.13147888860357,36.86741426970706],[15.13180560451605,36.86735722163159],[15.132299442719244,36.86727099296987],[15.132548464593048,36.867227510656],[15.13291026954609,36.86716433372628],[15.133168617239473,36.867119221336935],[15.133386877717308,36.86717419570724],[15.13359351025784,36.867026442580354],[15.134066506761215,36.86693764306698],[15.134430966484347,36.86682588974994],[15.134669751074158,36.86669921594636],[15.134920815635834,36.8666147685517],[15.135205150608456,36.866673960547224],[15.135533037900013,36.86663575989656],[15.135586316495568,36.8664874127639],[15.135694569341236,36.86639607664443],[15.135883080336896,36.866307724601235],[15.136046742144334,36.86624209209878],[15.136306085807007,36.86615006848743],[15.136437185812062,36.866121842765494],[15.136600559039968,36.866163381828045],[15.136786211283876,36.86626091762842],[15.136805345990973,36.86638851609424],[15.136637678309484,36.866560456199565],[15.136843523291637,36.86679829139926],[15.137310359866829,36.867572849238385],[15.13733882268793,36.867989750121794],[15.137212492520428,36.86815575927614],[15.137063490308666,36.868330173320956],[15.136960902021352,36.86843669555959],[15.136916628686656,36.86862354075661],[15.13709776470221,36.86875702871671],[15.137378395069232,36.86883773378489],[15.137689448904519,36.868936310268914],[15.13779367464602,36.86900581156282],[15.137920380949913,36.869412107386566],[15.13800773737964,36.869692220997706],[15.137586991041552,36.86980994124047],[15.137614050039643,36.87001918735088],[15.137499797637615,36.870072736143],[15.137320323672201,36.87005227369726],[15.137198388317577,36.86991866590478],[15.137065872438738,36.86992853925873],[15.13700446120837,36.870086506746695],[15.137017790795596,36.870252506292644],[15.137137043343069,36.870353482065255],[15.137280219826382,36.870375317839766],[15.137441049494763,36.870393038768476],[15.137758483571753,36.870286093810954],[15.137833511649253,36.87033459213558],[15.13735280578286,36.87052994387553],[15.138073089668985,36.87114233402057],[15.138084980920288,36.872196974889604],[15.138540925345877,36.872774116035586],[15.138581340648805,36.87306209264971],[15.138805296828352,36.87341481689235],[15.138916291195153,36.8736118882599],[15.1385961782174,36.87462973774149],[15.137943495326205,36.875822332716915],[15.137550647933475,36.87606545193632],[15.137435178420622,36.876048932433626],[15.137385475816197,36.87604026524056],[15.137287444763325,36.876092607852286],[15.137260830929215,36.876109728754265],[15.137041342539913,36.87618410873971],[15.136857523181797,36.87643663747824],[15.136836703040247,36.87647822182456],[15.136765855275897,36.876621628583884],[15.136671545544411,36.876812927067974],[15.136631702668943,36.8768983938743],[15.135961724486382,36.87680453929949],[15.13578759649431,36.876780145777666],[15.134759758850317,36.87625043901147],[15.134720467890343,36.87623018618341],[15.134148638815256,36.87573555167964],[15.133631780871116,36.87540233316638],[15.133568533326432,36.875366527718946],[15.133125649238997,36.8751157983007],[15.132642106520862,36.87492710793984],[15.132005358295633,36.8751153274601],[15.131196111907244,36.87541374244724],[15.130700279396795,36.87532845594364],[15.130321430552193,36.875263289500985],[15.130198212434724,36.87524760949047],[15.129680540004202,36.875181734182604],[15.129632625533256,36.875179575381324],[15.129098181170736,36.875155501287615],[15.12905938962536,36.87515375466833],[15.128704487036115,36.8751377648486],[15.12844029321606,36.87523164432193],[15.128244981641181,36.87530104757524],[15.128012682678502,36.875467604862585],[15.127977365685044,36.87549292606441],[15.12752792168764,36.8758151702282],[15.12744263163139,36.87580963850037],[15.127300344610955,36.87580041090127],[15.12720962996513,36.87579452704234],[15.126968389420181,36.875778879382466],[15.126873680270828,36.87569969033666],[15.126763894204586,36.87560789278592],[15.126713281879606,36.87562061470585],[15.126324357564567,36.875834534741216],[15.126193046135356,36.8759067600844],[15.126052186165085,36.8760190738784],[15.125795430051314,36.876223796031326],[15.125725520884254,36.87627953877568],[15.125151918946058,36.87673688682665],[15.124859461531232,36.87707152239022],[15.124197048921651,36.876739045549556],[15.123481703964826,36.876694276616725],[15.123235864347766,36.87680254710778],[15.123048162339332,36.876890483077204],[15.122772269284482,36.877019736628846],[15.12271869171006,36.87709153723385],[15.122524935194805,36.87735118891532],[15.122369131601552,36.87755998043903],[15.12204461761052,36.87780437172918],[15.121990375398134,36.87779143622877],[15.12131303660779,36.87761459198223],[15.120858872587501,36.877530708622395],[15.120438960710679,36.87745314838799],[15.120290713433569,36.8774307075795],[15.120045210645596,36.877393543243805],[15.119956847274674,36.87738016649921],[15.119723688957162,36.877344870802155],[15.119563620547012,36.877320638855345],[15.119177384649904,36.87751771993933],[15.118979705542422,36.87761858743002],[15.11893877574611,36.87773697488427],[15.118780365222973,36.878195170375946],[15.118768232693059,36.878230262863084],[15.118683289028832,36.8783425593685],[15.118603559595211,36.878447964876685],[15.11848836828175,36.87860023657138],[15.118219612640196,36.87859478101355],[15.118050733802294,36.87859135279886],[15.117882935021989,36.87862314218925],[15.117332013871119,36.87872751233358],[15.116872798457132,36.87904374291513],[15.116724581011566,36.879330959698606],[15.116661799801985,36.87945261309381],[15.116648527193393,36.87947833477619],[15.11653956770015,36.879553010448575],[15.116480823715822,36.879593271331686],[15.116307143463585,36.87971230374723],[15.116201130405905,36.87978495755942],[15.11600424343778,36.87972795237653],[15.115673547580124,36.87963220473118],[15.115135405422647,36.87951376104923],[15.115052269192393,36.879454182472045],[15.114761347192164,36.87924569911786],[15.114573092451698,36.87911078774331],[15.114260004136536,36.879066915611794],[15.114056865014343,36.87903845017197],[15.113204815819481,36.87945595717041],[15.113172089797338,36.87947199253995],[15.112968694793011,36.87957165601601],[15.11269026230438,36.87963576893509],[15.112274012336584,36.87973161423279],[15.112239388419777,36.8797395868181],[15.112076171531713,36.879777167990795],[15.11194836069827,36.87980659746774],[15.111252554193387,36.87989650666844],[15.110950381718578,36.879709004134554],[15.11063888339621,36.87951570984584],[15.110545268405842,36.87946133992973],[15.110366363184058,36.87941079515405],[15.110084903010012,36.87933127460892],[15.109804526484918,36.87938990360161],[15.109766654811427,36.879397823465254],[15.1094719186293,36.879459454521154],[15.109142073486671,36.87952842454355],[15.108435438787419,36.87970215435091],[15.107904448659472,36.87970968434409],[15.107773802958732,36.87971153655794],[15.107589961366239,36.87971640751059],[15.107415341985377,36.87972103462476],[15.107294044859165,36.879860667072656],[15.107180017070707,36.879991929473725],[15.107155428661388,36.880184774058286],[15.107135255424462,36.880342998146894],[15.107269496539912,36.8805768195022],[15.10759619883067,36.88104597170383],[15.107865666611827,36.88133358647401],[15.107827382928953,36.881415658618636],[15.107805789237144,36.881461951337336],[15.10774066789038,36.8816015499523],[15.107630141848128,36.88183849066712],[15.107386235273486,36.88193360722652],[15.107212448147115,36.88200137860422],[15.106958545551006,36.882100391388896],[15.106913145528754,36.88211520774636],[15.106739754222483,36.882171794998804],[15.106667577389977,36.882195349334964],[15.106490639461704,36.8822524944907],[15.10615224199853,36.882363532199065],[15.10595945713333,36.882426446802604],[15.105364327915828,36.882576380660915],[15.105221397261582,36.882580878949426],[15.105018521762142,36.8825872632601],[15.104832946379942,36.88259310340386],[15.10469309452603,36.88259750438504],[15.10466309301485,36.88257947764273],[15.104578176642663,36.88252845879694],[15.10444735085318,36.88244985424437],[15.103917089119992,36.88213125260616],[15.103275557194763,36.881689956163285],[15.102845439138974,36.88141312025206],[15.102783040592852,36.88137295999415],[15.10232001805413,36.88108949565108],[15.102166072639841,36.88099524952652],[15.102088069364376,36.88096606083675],[15.101996896885627,36.88093194278739],[15.101053881985452,36.88057905480004],[15.100918820574714,36.88052851214239],[15.100807310544635,36.88051209264286],[15.099571860856479,36.8803301695772],[15.09902258744031,36.88032096719271],[15.098962100053996,36.88031995397432],[15.098550310697224,36.88031339140493],[15.09762078331815,36.8804059238789],[15.097058662714398,36.880504624478476],[15.097037370119915,36.8807063120383],[15.097013999248459,36.88092768322312],[15.097160929581305,36.88150514578693],[15.097521579796734,36.88215484179467],[15.097622664513953,36.88264913665176],[15.09765545834431,36.88291971429154],[15.098115399095946,36.8829972732063],[15.098149714926361,36.88349727392002],[15.09823980168125,36.88376657681204],[15.098251821572545,36.88380250880939],[15.098272771270517,36.883868519768704],[15.098306033541444,36.88397332773597],[15.098432394281383,36.884371472479245],[15.09840764784893,36.88473430421081],[15.09840152820994,36.88482401596048],[15.098388193830669,36.88501953173093],[15.098321503831363,36.8852367102199],[15.097176367003676,36.88512919715886],[15.096225845369908,36.88517992829999],[15.095974943828589,36.885193318244724],[15.095674916802059,36.88527038540409],[15.09546057841812,36.88532544145169],[15.095400116164665,36.885333879196686],[15.09536563633713,36.88534704263408],[15.095288367511493,36.88536967695309],[15.095021784221922,36.885438151486504],[15.094815170050273,36.885460274313324],[15.094090678311206,36.885537846517295],[15.093345199880812,36.88560322442259],[15.093270764196355,36.88560930400508],[15.093203059979427,36.885636957389536],[15.093024410273228,36.88570992341382],[15.092945891809995,36.88574199349863],[15.092817798424639,36.88579431059044],[15.092746119110604,36.885823586764204],[15.09256477627227,36.88589765106473],[15.091963959567652,36.88623005508646],[15.09178006771104,36.88633179136404],[15.091618333844579,36.886367117588776],[15.091370535650617,36.88642082531855],[15.091196339515898,36.88645858059228],[15.090511652867614,36.88648706252233],[15.090199675470545,36.88648701286872],[15.089839426872985,36.8864869542729],[15.089726609843751,36.88648693544603],[15.089019387170413,36.886505324718456],[15.088502915888993,36.886453940796905],[15.088391575515494,36.88644609092719],[15.088252525327814,36.886433028267355],[15.088106910902617,36.886419339083915],[15.088009685468869,36.88641021573001],[15.087876325634442,36.88639791932544],[15.087187852218504,36.88627220143391],[15.086808680591984,36.88620324114362],[15.086434590371919,36.886185250243756],[15.086156903228757,36.886173209581365],[15.08575483326396,36.88615568381308],[15.084868863967575,36.886156858382684],[15.084575677196485,36.88615724632004],[15.084406921804838,36.88615746930278],[15.084227975821628,36.886185348321256],[15.084175375446197,36.88619354279863],[15.084008576728388,36.8862195299398],[15.083520962096141,36.88629549478804],[15.083456302566532,36.886305566900916],[15.083307823942201,36.88632869815161],[15.083131911972204,36.886388820100045],[15.08237794412873,36.88664649837756],[15.081243888585982,36.88688925383738],[15.080877382599107,36.8869679384216],[15.080827806486075,36.886978581700404],[15.080616123457911,36.887024026184605],[15.080170492270012,36.887119694639864],[15.079852386763836,36.8871879842819],[15.079625568912412,36.887312033466394],[15.079423985379334,36.887422267702156],[15.07908846221505,36.887602611081974],[15.079032442282072,36.88763272118131],[15.078953469556243,36.88767516858678],[15.07866815270768,36.88803672819207],[15.078618839322113,36.88809921921686],[15.078383478591997,36.888397469374354],[15.078315292882406,36.88849861850221],[15.078035873223172,36.88891310963045],[15.0780126585291,36.88894753554498],[15.078010687831936,36.88898057281789],[15.07799165978077,36.88929960888055],[15.077946210472302,36.88973171905264],[15.077823597407452,36.88986677321377],[15.077740571080541,36.88995822285721],[15.077559776270766,36.89015735775336],[15.077700876115076,36.89073210533635],[15.077758683186298,36.891273658603936],[15.077959397469414,36.89186862635869],[15.078067947802756,36.89227554521566],[15.078080947345995,36.8923242755928],[15.07811808882283,36.89246350484865],[15.078140973512939,36.89251153954976],[15.078316561014699,36.89288010162397],[15.07838274919987,36.89300584084891],[15.078402319394035,36.89306010925345],[15.078443503713602,36.893146555803646],[15.078497997602078,36.89332080189555],[15.078551828969365,36.8934929290761],[15.078599663051612,36.89364587830647],[15.078624610231921,36.893725643214296],[15.078636513732077,36.893763705806585],[15.078646431418074,36.89379541707934],[15.078719208674906,36.89408008888345],[15.078782700381922,36.89432844109972],[15.07881799701097,36.89460264575752],[15.078825422407395,36.89466032515669],[15.078826885900428,36.895103979871045],[15.078826908990733,36.89516544875189],[15.078756522423067,36.89555761079101],[15.078739326135882,36.89565342474052],[15.07871769886498,36.895696011921224],[15.078692969646335,36.89573478291119],[15.078626153419401,36.89583949921539],[15.07859190823488,36.89589316759788],[15.078545209271812,36.895966355639],[15.078510823602455,36.89602024542611],[15.078468791210105,36.89608611949135],[15.078390616148848,36.89616725827303],[15.07815632633029,36.8964104336491],[15.078110785311956,36.89679753684539],[15.078145974585498,36.89716924870915],[15.078101887149396,36.89751328863596],[15.078089376794484,36.89761090952317],[15.078023360633962,36.89768686239667],[15.077879176894532,36.89785274768652],[15.077831443420493,36.89790766650315],[15.077676354681685,36.89801789313702],[15.077462894427159,36.89816960591956],[15.077219187532856,36.898106985530646],[15.077112528199553,36.89807958024307],[15.07702344896173,36.898394670507294],[15.07695316266051,36.89858095764288],[15.076883419274127,36.8987553147297],[15.076804711040364,36.89885486965114],[15.07669987475851,36.898987473425024],[15.076675906299084,36.89901778963016],[15.076637484357857,36.899045157649695],[15.076544170279833,36.89910997718902],[15.076325015941812,36.89926247274114],[15.076213942570059,36.899315495098676],[15.07577965712535,36.899522809032874],[15.075435716238879,36.89968007369497],[15.075286305753135,36.899748388047165],[15.07524474367135,36.899788047581886],[15.07516414311229,36.89986495818325],[15.075039586463701,36.899983811176554],[15.0750591702025,36.90017918901478],[15.075083788477308,36.90042479453042],[15.074940788745891,36.90070016275976],[15.074826876516756,36.90091951706232],[15.07451301147604,36.90101145876857],[15.074481951728696,36.90102055728204],[15.074417190679954,36.901039527975755],[15.074333357486381,36.90106408649411],[15.073794683257532,36.901001723601574],[15.073345165381216,36.901065304343966],[15.073334527443132,36.90137185224398],[15.0734369488824,36.901796374811234],[15.07333997437059,36.902023570338635],[15.073256276483491,36.90221966223681],[15.073009670185309,36.90234823891882],[15.07280635366843,36.9024542459389],[15.072786503060602,36.9027413377896],[15.072764664825767,36.90305716290307],[15.072775797911573,36.90334685123082],[15.072764482455144,36.9038757518953],[15.07276288278187,36.90395054207683],[15.072611583035187,36.90431858747399],[15.072518149878448,36.904545868178865],[15.072225350327683,36.90487140921203],[15.071801150122646,36.90548268683962],[15.071681610807726,36.90563801745444],[15.071565751192345,36.90578856628592],[15.07147483855292,36.905906698320315],[15.07134099607193,36.9061790696434],[15.071474042133799,36.9064193502997],[15.071536380670574,36.906531925229096],[15.071565126575472,36.90658384036979],[15.07156528581218,36.90661433289533],[15.071565873836574,36.90672709265587],[15.07156613113468,36.9067764729766],[15.071567194297605,36.90697976089989],[15.071218935314727,36.90722488357478],[15.071152447698937,36.907709813191744],[15.071148653362435,36.907897328638086],[15.071144575109543,36.908098760733374],[15.071141508102524,36.90825039911027],[15.071133733167509,36.90828680959246],[15.071041050704508,36.908720926190696],[15.070880461619673,36.90901234606132],[15.070848126366213,36.90907097832442],[15.07079616120776,36.90914543396688],[15.07055822549434,36.90948635575776],[15.07048842775346,36.90969379666735],[15.0704116005842,36.909927794783194],[15.070404808760564,36.90998589989537],[15.070368427272271,36.91029712381969],[15.070281670345512,36.91036775732929],[15.070253020076214,36.91039108252806],[15.070100004161647,36.91051566068967],[15.069879230393703,36.91064446697135],[15.06960529239866,36.91080428948734],[15.069106639764124,36.911040617882236],[15.068998387266703,36.9110919217478],[15.068707825019667,36.91151533063004],[15.068732202071953,36.91173377819178],[15.068763396141971,36.91200400862957],[15.068674682868568,36.912562076447905],[15.068405583069291,36.91291339777735],[15.068036163321429,36.91314835318511],[15.067699491164207,36.91335462455251],[15.067853411941645,36.913796567262224],[15.067798838133388,36.91398449745264],[15.067734030869854,36.91418540171705],[15.067574342158899,36.91434433189044],[15.06741958465712,36.91450080845761],[15.067330528387306,36.91459085494841],[15.067320514634302,36.91461929313669],[15.06724599042,36.91483093246969],[15.067236422751174,36.91485810212115],[15.067207080099898,36.914941434955395],[15.06719536061455,36.91499595841588],[15.067183271017825,36.915052199236605],[15.067090117482698,36.915485564978155],[15.067076241342539,36.91555011300174],[15.06706134042484,36.91561943700128],[15.067202089613367,36.915951274479674],[15.067240685640952,36.9160422706391],[15.067351834384956,36.91616207408505],[15.067421111180067,36.91623674553051],[15.067556899126785,36.91638310421156],[15.067734187665755,36.91657419410532],[15.06812933607738,36.916997997203],[15.068502493315494,36.91720612162415],[15.068791988746744,36.91736679397734],[15.069083465089767,36.91776361600991],[15.069589586364849,36.91830467069127],[15.069871716693559,36.918636718321416],[15.070028550758735,36.91893469509882],[15.070208151479688,36.91950150746081],[15.070119468281097,36.91997181595801],[15.070070654773561,36.92005456408311],[15.06981696384729,36.92048461273752],[15.069480187049473,36.9207950237416],[15.06942402655637,36.92084678546787],[15.069615053982412,36.921160999154516],[15.069648145410984,36.92122608081748],[15.069865584160832,36.92165798120017],[15.069982925137205,36.92205592723416],[15.069997881964726,36.9221066534557],[15.069920061789471,36.92281942240042],[15.069707958714016,36.92364934243663],[15.069303381133523,36.924261859787194],[15.069157139144638,36.92456234280213],[15.068978798257374,36.92492877921646],[15.068970315259687,36.925100539746424],[15.068959276612624,36.92532405796049],[15.068955180661018,36.925407011914665],[15.069168954891962,36.925839319961234],[15.069290605442099,36.92601176600248],[15.069449292345341,36.9262367128891],[15.069809423338864,36.92668671961741],[15.069872591678754,36.926765578073834],[15.07010539956778,36.92705287534949],[15.070282773902695,36.927271761801066],[15.070378122530784,36.9274176273341],[15.070631437114177,36.927805145420876],[15.071193699823924,36.928372579625076],[15.071991342044015,36.92894817432642],[15.07223077489308,36.92906775285626],[15.072408716121155,36.92915662131384],[15.0724598700871,36.9291821685783],[15.072888911573928,36.929396441339556],[15.073014844006389,36.92945933310187],[15.073047038851694,36.929475412586854],[15.073417193827453,36.92966027233825],[15.074406722371103,36.93019001969311],[15.075236273768851,36.93057118772876],[15.075270034387273,36.93058670105546],[15.075817126527808,36.930830857384706],[15.075957339428195,36.930893430175956],[15.075957411970524,36.93093410837305],[15.075957478823518,36.93097145040467],[15.075970998322017,36.93116122321679],[15.075957912181822,36.931208416549694],[15.075803017598147,36.93149914430928],[15.075685754895085,36.931719238551985],[15.075624779133735,36.93183368481515],[15.07559004742267,36.9318790274599],[15.07555281416287,36.93192536617661],[15.074948222792274,36.93267780921032],[15.074454213773636,36.93331969172467],[15.074251388324054,36.93357374269366],[15.074177332176447,36.93366650183624],[15.074017755561407,36.9338663791531],[15.073580232684558,36.93431185143764],[15.073052144402347,36.93482523100226],[15.07299621223626,36.93487960397493],[15.072783486047356,36.93500592442626],[15.07231035111639,36.935273241939846],[15.072251940422225,36.93530676535152],[15.072165273167082,36.935356505805046],[15.071868725018843,36.93556150853401],[15.071572753216099,36.93576610928292],[15.07145857837437,36.935845036997996],[15.071364999653587,36.93593314402761],[15.071066801110367,36.936213905354215],[15.070676782219435,36.936810369435776],[15.070652934716867,36.93684683869299],[15.070607031992912,36.9369170391111],[15.070157578940233,36.93744185622892],[15.069609414417272,36.93784774157802],[15.069416407942999,36.93799065070064],[15.069294573805516,36.93808396961902],[15.068956708467319,36.938342758445266],[15.068813867097072,36.93841300795788],[15.06844081327747,36.9385964770782],[15.067896118964388,36.93879019639396],[15.067856770512602,36.93880417948208],[15.06786198554624,36.93886073197371],[15.067874414571811,36.93899551556736],[15.06788459836208,36.939105947438286],[15.06791314752205,36.93941556189669],[15.067973942487097,36.93956984515544],[15.067992055159225,36.93961581229081],[15.06817587185868,36.940082284846376],[15.06819288461728,36.94012545970469],[15.068251230350715,36.94027352306184],[15.068599647724199,36.940732676220264],[15.068645835739611,36.940801167889425],[15.068765758228537,36.94097899634833],[15.068826505070913,36.941069078541155],[15.068970703882224,36.94128290368861],[15.06901234031162,36.94133433966924],[15.069434993044581,36.941856462877354],[15.069484078691985,36.94193159906688],[15.06959379964528,36.94209746171562],[15.069685317698234,36.94224942078864],[15.069728327223128,36.94232083455329],[15.069792011747616,36.94242657295987],[15.069844097738828,36.94259088097363],[15.069868598751327,36.942668172824085],[15.069881132289238,36.94270771147277],[15.06993523604308,36.94287838544538],[15.069971689672396,36.942993379913666],[15.070342831069036,36.94357061993371],[15.07070172446808,36.94402023325827],[15.070993707750898,36.94432996262831],[15.071084153439038,36.944425904422125],[15.07133097728437,36.94468772575942],[15.071770362211101,36.945065685401744],[15.071965029066472,36.94528599145424],[15.072002900479157,36.945327142014115],[15.072068366365356,36.945402940269354],[15.072264873706258,36.94562532490914],[15.072444447395032,36.945830843814576],[15.072547127311152,36.94594836051738],[15.072880767210362,36.946119096627726],[15.072961428236328,36.94616037442311],[15.073006680981427,36.94618353277876],[15.073063000689128,36.94619705420371],[15.073097807823624,36.94620571345845],[15.073212406775433,36.94623640698835],[15.07324088238134,36.946250071434086],[15.073597407795292,36.94633426417325],[15.073680434387354,36.94635157695184],[15.073926749382231,36.94639410469823],[15.073969693735737,36.94640223523612],[15.074209618928304,36.946445360426665],[15.074245765018615,36.94645003539902],[15.074810126341575,36.94647861556109],[15.07495833270421,36.94648604372307],[15.075015274265542,36.9464898585919],[15.075050172234699,36.946495967265975],[15.07535409582796,36.946551452071986],[15.075546428081822,36.94658641494406],[15.07535491880755,36.94709783497926],[15.07532646527893,36.947167149416394],[15.075213192784952,36.94744220390085],[15.075197646761234,36.94748727349693],[15.075188861271087,36.94794285576425],[15.075188239070803,36.94797511646052],[15.075155701278472,36.94819337454101],[15.075144684557145,36.94826727215882],[15.075126238024032,36.94839100596378],[15.075110154864964,36.94849889285682],[15.075057363000631,36.948597381741706],[15.074806304297441,36.94906576416407],[15.074504799966249,36.94967076085032],[15.074527003074639,36.950274897430766],[15.074525531036388,36.95032673271638],[15.074524076079719,36.95037118496785],[15.074522125440918,36.95043077530132],[15.074515127019017,36.95064453045996],[15.074371266950752,36.9509061782492],[15.074212294950865,36.95129460880461],[15.074351151816845,36.95141995599509],[15.074392245063356,36.95145705020905],[15.074553335503824,36.951602465998015],[15.074728121288528,36.951760244257926],[15.074772016736686,36.95179135135743],[15.075211082600784,36.952096183752445],[15.075259406710666,36.95212973456457],[15.075313581097383,36.95216734653969],[15.075722117446137,36.952478827155495],[15.075857633874369,36.95258214797302],[15.07603523094022,36.952717552253],[15.076078814880928,36.952753008525995],[15.076107342480988,36.95277621714599],[15.076664813671698,36.95322973639779],[15.076832105673505,36.9534161781568],[15.077214873182626,36.953842755566],[15.077268129190184,36.95392099213919],[15.07736729817071,36.95406668009316],[15.077608817769237,36.95423878415673],[15.077833449349672,36.95442749613786],[15.077853148538813,36.95458469259276],[15.077865256681058,36.95468130658253],[15.077721591452994,36.95489677078736],[15.077367401169544,36.955148970298126],[15.077070347782724,36.95551974221898],[15.077060233643989,36.95607829531505],[15.07707418274544,36.95610807580035],[15.077262978815344,36.95651114937698],[15.077367616829742,36.956742026980365],[15.077679927957915,36.95743253453461],[15.077780369379354,36.957654604353166],[15.07805015712339,36.95790851492037],[15.078172663561586,36.9581319815839],[15.078242111348397,36.958258662935286],[15.078229117513205,36.95877235000476],[15.078086136712312,36.95911495121526],[15.077983805812146,36.95946672419674],[15.078176044012654,36.95986411970893],[15.078513051397072,36.9601258183768],[15.078692931800687,36.960229038262874],[15.078773514473045,36.96027527911906],[15.07887515399996,36.960333600984335],[15.079045376188326,36.960431279116335],[15.079153644170548,36.960493404790114],[15.079210852750483,36.96054065569],[15.079299444124464,36.96061382605601],[15.079558867617887,36.96082809183341],[15.079606766604833,36.960866517238955],[15.079645210501138,36.96088673919528],[15.07995322558209,36.96109595689589],[15.08003761717657,36.9611532785689],[15.080153053609672,36.961231687371544],[15.080233319886696,36.96128620668781],[15.080306709920412,36.96133048229632],[15.081099387726178,36.961808695385095],[15.08147524364148,36.96201870729222],[15.08173738889349,36.96217369793982],[15.081807436203611,36.962204319776376],[15.08242361715071,36.96284541144074],[15.082666598028101,36.962984529273534],[15.083335970981686,36.96336776956541],[15.083492726318614,36.96363645681064],[15.083795658877277,36.96429589972844],[15.083866931679804,36.96441993440335],[15.084122273431365,36.9648642888791],[15.084267846217376,36.96511761753272],[15.08431493937308,36.96519956856666],[15.084416057924052,36.96537553453832],[15.084613484919103,36.965563882153845],[15.084685133081054,36.96563223490514],[15.084983130554425,36.96591652343743],[15.085029456909147,36.965960710142504],[15.085094227168774,36.96602252483],[15.085161251035291,36.96608648894284],[15.08556176275726,36.9664663883872],[15.085990528451214,36.96701585076014],[15.086362979494707,36.96742194642357],[15.086711770352656,36.96795301530966],[15.086729049768046,36.967983275578995],[15.08707126338268,36.968582551727934],[15.087240888945335,36.969161086574246],[15.08728475865435,36.969301480450085],[15.087386294650711,36.96962641870316],[15.087510433583981,36.97003375039767],[15.087871374929733,36.970602437757016],[15.088227495210802,36.97108479282796],[15.088254959735764,36.971121992587214],[15.088276280382608,36.97115086911806],[15.088582109492338,36.97155516726429],[15.088613757455422,36.97160150207239],[15.089152966983415,36.971918009901806],[15.089245142850396,36.971971050616986],[15.08964828867934,36.972203025943855],[15.09009873893156,36.97257583922221],[15.090368215664105,36.973043478159454],[15.09096507379589,36.97346727291691],[15.091592233109894,36.973549544846],[15.091704068471408,36.97356421408166],[15.09203967663573,36.9735727607631],[15.092184241643116,36.97357644099618],[15.092434705957936,36.97358281884742],[15.092658590740143,36.973358402000116],[15.092863193370327,36.97315331267478],[15.092929257537072,36.97308709064519],[15.093023943943571,36.97280736558453],[15.093069036043907,36.9726741532571],[15.093146412060591,36.97244556614141],[15.093224067079793,36.97221615278902],[15.093243976206951,36.97215734039533],[15.093661425656995,36.971872652661],[15.09374720791728,36.97181415283246],[15.094097120997763,36.9717975218735],[15.094310148089304,36.971787397464],[15.094891195052828,36.97176845471469],[15.095556443642854,36.97137815112616],[15.095594688736462,36.97135525617982],[15.09565785115492,36.97131744608206],[15.095854019244024,36.971237621477776],[15.096014441341145,36.97117234193587],[15.096192982989331,36.97109968856456],[15.096455609776063,36.97099281812197],[15.096644159908687,36.970861982173155],[15.096908033325539,36.97067887756773],[15.09718420044597,36.97048724090857],[15.097947523522912,36.97014414029959],[15.098776295058903,36.9700284207083],[15.099126159612029,36.97007684273536],[15.099268106148426,36.97009998668096],[15.099299875727425,36.97010293952843],[15.099693832915687,36.97016212222113],[15.099976829769128,36.970204635016515],[15.10015085174882,36.97023077685199],[15.100254696933813,36.97026949036168],[15.100297858821186,36.970285580876016],[15.100887231493356,36.97050529632124],[15.101094642388432,36.9705826174911],[15.101172753378654,36.97059638292473],[15.10141457193896,36.97063899922919],[15.101710166118467,36.97069109126231],[15.102161283314388,36.970770587959514],[15.103263018014879,36.97064399318621],[15.10366490172995,36.9707202336675],[15.104307345575034,36.97084210901934],[15.105304335574617,36.97086492268742],[15.10575700556109,36.970875278515365],[15.106295906037744,36.970734666025976],[15.1067900516562,36.97060572843032],[15.10700403458841,36.97054989308688],[15.108484440098955,36.96991769042974],[15.109512386581317,36.96968044945487],[15.109843977200615,36.969603919656016],[15.110189255988729,36.96952422926264],[15.110406176063053,36.96947416376791],[15.110989037994006,36.96939614679209],[15.111282191353865,36.969356907837],[15.11138987410903,36.96933727847053],[15.111957835659803,36.96923374224632],[15.112196946228053,36.96919015188072],[15.112281270403772,36.96917478075862],[15.112405131623602,36.96910438097057],[15.112452277128908,36.96907758361058],[15.112503784333589,36.969048307164044],[15.112652812266015,36.96896360028883],[15.112772157648761,36.96889576638109],[15.112921502434101,36.968810878107554],[15.113168247522117,36.96866914213162],[15.113176714742723,36.96851671890608],[15.113209181739375,36.967815920426496],[15.11321991553172,36.96758426327123],[15.113232734254023,36.96730756636146],[15.11325121364983,36.967132635350296],[15.113284367439604,36.966818807223],[15.113288900901605,36.96677589188416],[15.113524340074186,36.966468969398086],[15.11357573685562,36.96645416078986],[15.113968915899658,36.96634087391329],[15.114213464259127,36.96627276826725],[15.114731070534484,36.966430959627544],[15.115266661400042,36.966594912299904],[15.11591814675739,36.96669397696633],[15.11601454118972,36.9666382061967],[15.116669766352768,36.9662591107578],[15.11751581280829,36.96627769371761],[15.117845984183818,36.96628494386884],[15.118018021001385,36.96632771875596],[15.119322561132703,36.96667989744641],[15.120355510121644,36.96680646367156],[15.12053300284999,36.9668035868086],[15.120979302344235,36.96679635060394],[15.121052113542367,36.96679516935593],[15.121253183526994,36.96675773356342],[15.121636270989626,36.966686408479134],[15.121771816064657,36.96666117151121],[15.121845459027849,36.966654474592424],[15.122402200801812,36.96660384647681],[15.122610915161975,36.96658486367322],[15.122691117572726,36.96657757108784],[15.122776840330445,36.966574181393945],[15.12296004341323,36.966566936286],[15.123519075256755,36.96654482574198],[15.12362408590874,36.966541972325366],[15.124039004332626,36.966573459721005],[15.125005129905317,36.96664676919903],[15.126189983507897,36.96629039669206],[15.126297393464984,36.966258089474586],[15.12634455807944,36.96616256656223],[15.126520816757486,36.96580559576561],[15.126791065985524,36.965258262249726],[15.12685640992085,36.965079755338905],[15.126896580804262,36.96497001960392],[15.127058889957624,36.96452661827276],[15.12780515115785,36.96421096649252],[15.127889343869176,36.964175354341016],[15.12804419578064,36.96411710636619],[15.128150183754991,36.96407723820766],[15.128562256494279,36.96392223492067],[15.129247839359557,36.96388671067733],[15.129282666271877,36.96388490602107],[15.130333140105561,36.963947113814235],[15.130470558447978,36.963851764785986],[15.13142697664806,36.96317075900879],[15.131643761239761,36.963111507449334],[15.132009299213285,36.963011600766194],[15.132203257579421,36.962958587829185],[15.13229051345081,36.962934738172684],[15.13257835149382,36.96298209836964],[15.132637872091435,36.96299189171547],[15.133268001460118,36.963095567388926],[15.134215929519387,36.96330338287565],[15.134471055553757,36.963335601745456],[15.134552004486466,36.96334620521489],[15.134863748660909,36.96338592612312],[15.135054215273698,36.96341019396362],[15.136268368264748,36.96330669641252],[15.137480820292524,36.963207792725115],[15.13836882661238,36.963188714271006],[15.138443293273557,36.96319918072343],[15.138957831125124,36.96327150134522],[15.139518089521568,36.96335059789378],[15.140099339687874,36.96349043116702],[15.140222279659397,36.96352000843322],[15.140480989828344,36.96365014567533],[15.14067455044273,36.96374851904958],[15.140762979169939,36.9638332707565],[15.141291462186489,36.96433976748561],[15.14232672419494,36.96479901331214],[15.142988445052268,36.964816385746516],[15.143716772732333,36.9646882216064],[15.14402246043474,36.96463442766497],[15.145346087606502,36.96428892312919],[15.145544829017679,36.96422975643521],[15.14609855502112,36.964064908200264],[15.147076581369115,36.96377373588167],[15.148412316170406,36.963213813563335],[15.14991552568613,36.9626969072715],[15.150638777112079,36.96223149258601],[15.151027748665468,36.96198119210334],[15.151439692245496,36.96135092277706],[15.151496712645983,36.96126243680755],[15.151591075644292,36.96109480875496],[15.15163298027829,36.961020369572864],[15.151709052393594,36.960885231684586],[15.151785659866452,36.96074914340667],[15.151832043487389,36.960666746456106],[15.151881200484906,36.96054317388471],[15.151923470707578,36.960436912025614],[15.15211170756963,36.95996371046058],[15.152276644214599,36.95985392782835],[15.152500952229577,36.959704629060745],[15.152682364226175,36.95958388187196],[15.15272647827047,36.959584737291635],[15.15279605011523,36.95958764260985],[15.153571354704898,36.95962001970282],[15.15413192822062,36.95989219883039],[15.154853854001546,36.960068539285764],[15.155772090849709,36.95990376714909],[15.15654052855918,36.95967194933324],[15.15681763419544,36.95958835265393],[15.157189713977921,36.95940471885698],[15.157265229360846,36.959659535980556],[15.15732325149494,36.95973334913699],[15.157373913269009,36.95979779654667],[15.157683215802955,36.96019127154964],[15.157999052499997,36.96053519315451],[15.15817818817519,36.960730256407565],[15.158909860306949,36.96138739619807],[15.159405485946158,36.961847600718166],[15.160147344280128,36.96240520284767],[15.160709403959505,36.96283718765916],[15.160887637426809,36.963034176989545],[15.161205140629267,36.9633851148589],[15.161318609461215,36.963799949684315],[15.1617132157702,36.96425864280982],[15.161821393170314,36.9644863530208],[15.161399270504788,36.96467548626896],[15.16119762358903,36.965007738061935],[15.161267020726532,36.96503800735148],[15.16173677861511,36.96524289760932],[15.162669976274563,36.965340533775745],[15.16295186283165,36.9654240455664],[15.16358065506672,36.96561033100509],[15.164323530438555,36.96624885848056],[15.164482375713764,36.96682557222011],[15.164516853639705,36.96754602891066],[15.164990605626572,36.96818508571616],[15.165429777907146,36.96853567877179],[15.165723202126006,36.96951037836003],[15.16574366502048,36.969539047658614],[15.165870297779886,36.96971646488152],[15.166036202728055,36.96991255706336],[15.166164070476151,36.97006285008445],[15.166241561916666,36.97015393117633],[15.166466956746877,36.97041885459943],[15.16696321855135,36.97104096856568],[15.167378492041102,36.97139056927545],[15.16836703799644,36.97140876147689],[15.16858208845935,36.97146629998212],[15.169232656747834,36.97164036389166],[15.169211458394045,36.97222646171456],[15.168865210234713,36.97264275997896],[15.168686339965278,36.97304809891178],[15.169260887785974,36.973857370316644],[15.169302281842349,36.974041228492624],[15.169453654352214,36.97471355681622],[15.16977028106891,36.975489036641875],[15.169941926445155,36.97588546985515],[15.1699617662761,36.975931292396744],[15.17032296811527,36.976443431343625],[15.170736764067652,36.976955373547185],[15.170818558476839,36.97705656760842],[15.171235369269983,36.977372323402555],[15.17133158399056,36.97737297533955],[15.172189384769908,36.97737878840744],[15.172448916741596,36.9776397291572],[15.172202120997753,36.978037357669514],[15.171571355769952,36.97854516900861],[15.171472907342356,36.978624425137454],[15.17125179268306,36.978967646033034],[15.17119391670266,36.979057480137925],[15.171100731310748,36.97931538306706],[15.170936232246222,36.979770655615745],[15.170854571538024,36.979891215596155],[15.170721730919574,36.980087333460496],[15.17061517239451,36.98024464884806],[15.170537241907999,36.98035884361126],[15.170430465309991,36.980517338440144],[15.170410241879985,36.980547194537905],[15.170387112575206,36.98058133595199],[15.170320056606425,36.98068031209962],[15.169862261717634,36.98170993308518],[15.16954899080423,36.982239272647526],[15.169239636221725,36.9826479169736],[15.169123388433382,36.98280147434317],[15.169123953687363,36.98305587591569],[15.169124890110982,36.98347759073427],[15.169125046885966,36.98354839460137],[15.168878423035396,36.98401800328923],[15.168690845528875,36.98446428325934],[15.168673746319929,36.98450496606468],[15.168655070552324,36.98454939591154],[15.168611032251466,36.98458565465684],[15.168190538097788,36.98493185616328],[15.168127889500731,36.98498343598131],[15.168083202915435,36.985020228763105],[15.168203069482589,36.98508647160072],[15.168522176459845,36.98526282254962],[15.168612786931591,36.98538036828058],[15.168633366562544,36.985407065184255],[15.168776558155947,36.985592820358505],[15.168939024311468,36.98580358165291],[15.168967702194056,36.98602669788112],[15.1690073952818,36.98633549822311],[15.168951817733122,36.986930152570054],[15.169177583692129,36.987154615778095],[15.169186217701313,36.98718433966324],[15.169296161767912,36.98756282037703],[15.169449928507923,36.98809215420117],[15.169270803306246,36.98887549107075],[15.170119803065097,36.988840152884194],[15.170372741030189,36.98883207829392],[15.170758882598278,36.98881982589544],[15.171664893621827,36.988791072934596],[15.172118437571886,36.988771181582294],[15.172336745821474,36.988761605487745],[15.172474188411963,36.9887561484143],[15.172586136839495,36.98908630324254],[15.172445596849702,36.98912163202415],[15.172059773567833,36.98921594256908],[15.171969375329889,36.989235870015115],[15.17128407967837,36.989386943985856],[15.1707053368723,36.98944567481967],[15.170553810184197,36.98946105201888],[15.170388015669237,36.98947417384111],[15.169969959886565,36.98950725857733],[15.169733940100235,36.989796328006214],[15.169551233168601,36.99036740713575],[15.169477721829777,36.99059718050126],[15.168985274310261,36.991563377950754],[15.168962882820072,36.99206255620166],[15.168953305859102,36.99227603834419],[15.168629574913435,36.99298644006929],[15.168472272432362,36.993331622789384],[15.16772075975588,36.99404357127725],[15.167836469694409,36.99414236332775],[15.168052918384253,36.994327160490016],[15.16808087665165,36.99435103170633],[15.168154390631173,36.99438850153402],[15.16819167897545,36.99440749311163],[15.168228117818026,36.99442605379076],[15.168633208280824,36.99463244246207],[15.168677775943443,36.994655149123744],[15.169307087636158,36.99494406228242],[15.169422202511168,36.99511538953803],[15.169567084169694,36.99533100324208],[15.169770527328378,36.99578162560133],[15.170309578742714,36.99596048711624],[15.170680965136276,36.996285357001355],[15.170724804645099,36.996373680233724],[15.170824751123122,36.99657500071672],[15.170860566421137,36.99664714395872],[15.17099780325241,36.99692357610611],[15.171262413993132,36.997386136490505],[15.17135899697344,36.99755496287008],[15.171359138769226,36.99763015225991],[15.171359275219798,36.99770311802916],[15.17135936606385,36.99775126238187],[15.17135999924097,36.998085914095356],[15.171496372898456,36.998573784312526],[15.171890811288725,36.99911343018304],[15.171632410185165,36.99945542988008],[15.171655719295224,36.99991545230516],[15.171993483483645,37.00025781397144],[15.172156473229284,37.00055531093183],[15.172265032546905,37.000752135634],[15.172540291636778,37.00107969995478],[15.172591063462685,37.00114011771655],[15.172918280649178,37.001456024288665],[15.173481096527802,37.00178889734652],[15.173896844458751,37.001778431443284],[15.174121629765178,37.00190393694735],[15.174268817856321,37.00188888424257],[15.174570944956963,37.00185798470453],[15.175189753372981,37.00194715026729],[15.174892744920093,37.00236703157217],[15.174831161560656,37.002454138493285],[15.175057060912955,37.002579637880544],[15.17592119867518,37.00257718936682],[15.17575372673605,37.00300218358164],[15.175980139245878,37.00340660230477],[15.17633954636636,37.00373882405027],[15.176733017860226,37.00354053078593],[15.17718170234202,37.0032965891299],[15.177238885666673,37.0035860952097],[15.177256460434535,37.00393110534112],[15.17732396101392,37.003950857014246],[15.1775882192576,37.00403584421575],[15.178013839969498,37.003699350859314],[15.178117529880964,37.00361825007722],[15.17854098244074,37.00346010543184],[15.178934968560535,37.003312962750066],[15.179051668658467,37.00330878436266],[15.179218365113368,37.00330281546157],[15.179302258219513,37.00329981144438],[15.179398777894347,37.003296354433886],[15.179755955798997,37.00328356370491],[15.17989171083331,37.00329358134238],[15.180362738035972,37.00332833720187],[15.180857657963022,37.003498209425416],[15.181622455613127,37.00343347049064],[15.1823178738396,37.003136113927766],[15.18250424887509,37.003194739893225],[15.18255150538361,37.00320960445336],[15.182599989546064,37.003224855693745],[15.182688306212606,37.00355228141719],[15.182712318092873,37.003571525827525],[15.182904343435714,37.003673327168954],[15.183022168106783,37.00373578819785],[15.183061218605262,37.003756488848566],[15.18336503433335,37.0040083391914],[15.182962463369908,37.00440514328743],[15.18293920060564,37.00447127916066],[15.182772190972008,37.004946094209174],[15.182367926168382,37.005045976024086],[15.181997834071248,37.00529032515767],[15.181906251746936,37.005580829909945],[15.181882376913594,37.00565656817818],[15.181853967990694,37.00575129582091],[15.182210945358738,37.006127017511],[15.18278621130983,37.006308832418526],[15.182573227168678,37.00658772880353],[15.18212472229014,37.00667867908964],[15.181831359856975,37.00641726663093],[15.181236205165925,37.00646412537362],[15.180591882160344,37.00654619526063],[15.180517020325995,37.00655573018514],[15.17989954758016,37.006619768842825],[15.179729708768775,37.00663738180129],[15.179508352928652,37.006677568144475],[15.17887682211819,37.00679221857575],[15.178731091619024,37.0072430831465],[15.178179680828713,37.00699964418912],[15.177623919566079,37.00707575782821],[15.177293717579712,37.0071227119805],[15.176823580601935,37.00727597060801],[15.176168646458773,37.00748946666036],[15.175833425321,37.00764895105431],[15.17572963506216,37.00769833043914],[15.174967996626927,37.00806068170653],[15.174865407396531,37.007991299533906],[15.174484812585685,37.00773389649247],[15.174429728259122,37.00769664326244],[15.174393572366466,37.00767218854844],[15.174345423019917,37.00768326212813],[15.174280235681628,37.00769825397919],[15.174107246139727,37.00773803833365],[15.173798695841635,37.00780899807682],[15.173357654744228,37.00807093142481],[15.17315901448863,37.00818890205658],[15.17294119451404,37.008328613393964],[15.172540350440688,37.00858571267811],[15.172003047470152,37.00871278366872],[15.171698011739014,37.00878492262369],[15.17158436568828,37.00886926409709],[15.171373689762296,37.00902561337751],[15.171226056082547,37.00913517548812],[15.171090866706692,37.00923550366313],[15.171003379723752,37.00930042967178],[15.170786211959417,37.009488119159165],[15.170418755997286,37.009805695036825],[15.1703955731405,37.01009714800603],[15.170331954456723,37.01089696899143],[15.17039036732222,37.01105387290659],[15.170694316818446,37.01187029847958],[15.17074179307305,37.01213069346962],[15.17083085635446,37.01261917294256],[15.170682937575709,37.01287372075575],[15.170449266582839,37.013275838034545],[15.170054884924477,37.01403832498091],[15.16992300702404,37.014293301155355],[15.169856355051897,37.01442277986511],[15.169949958297426,37.01460495718831],[15.169981318807173,37.014665991122],[15.169632917056086,37.01472918490798],[15.169429799464684,37.0147554585733],[15.16913727786135,37.01479329678528],[15.169017473455794,37.01482763762898],[15.168678035593969,37.014924931727684],[15.168475082296565,37.01498310475372],[15.16787594017613,37.01525044858387],[15.167767012127555,37.01529905277289],[15.166723906981261,37.01587771107299],[15.16593595297644,37.015797308992525],[15.165537412028096,37.015730594973654],[15.165398854953805,37.015707400150845],[15.165239070426955,37.01568065288169],[15.164992023753628,37.016042286756054],[15.164963306744482,37.01605965947995],[15.16471117671851,37.01621218476014],[15.164248249214761,37.01631944211869],[15.163972528293321,37.01638332432066],[15.163060714616462,37.01643323759247],[15.162543433985507,37.0164602047164],[15.161744390381795,37.01663235478031],[15.160419857560486,37.017167143494945],[15.159341139292202,37.01738535159547],[15.158958417685517,37.017259034135805],[15.158752489616747,37.01710461044037],[15.15861969850673,37.01700503058532],[15.158587215980035,37.01698067208886],[15.158435120764269,37.016866614845206],[15.158405752480503,37.016844592478925],[15.158209038949234,37.01686469307534],[15.157776829353883,37.016908854718345],[15.157441143448764,37.01695767503091],[15.156957363899604,37.01702803059379],[15.15688911602561,37.0170086105263],[15.156760123392397,37.01697190492942],[15.15618571028814,37.0168084475939],[15.156068451290702,37.01677508031643],[15.15577957409775,37.016676906360146],[15.155609194108466,37.016619002926035],[15.155224498864563,37.01648826298306],[15.155045401140638,37.01658664985958],[15.154787024839067,37.01672858700206],[15.154515050783607,37.016876811566426],[15.153956559281406,37.01700052857015],[15.153775110394017,37.01704072265475],[15.15338694197656,37.01689626938444],[15.153163468881633,37.01681310408235],[15.153122726748293,37.016797942684285],[15.152809329401562,37.01669319659918],[15.152313057842866,37.0165273286952],[15.152231371415578,37.01648583227312],[15.1520988525181,37.01641851290534],[15.151819092026761,37.01627639393262],[15.151646138771564,37.01618853206149],[15.1515698101453,37.016149755185],[15.151485520818316,37.01611939806856],[15.151172354073745,37.01600660731598],[15.15106718117684,37.015968727891575],[15.150625486389693,37.01580964203955],[15.149913558626837,37.015704427057194],[15.149602983974273,37.01564836965983],[15.148915979629711,37.01552281590116],[15.148413177798773,37.01571025656019],[15.148354883161483,37.01573198874358],[15.148246107011285,37.01578051156245],[15.147704476736576,37.016022126981184],[15.147669716651022,37.016037632735504],[15.147557145891762,37.01607091437906],[15.146995597078677,37.016236935471625],[15.146534434122156,37.01626091314568],[15.146494687058263,37.01626234335873],[15.1462544598562,37.01627547012618],[15.146050051746547,37.016381932124],[15.145813301588408,37.016505239428],[15.145736144556496,37.01654542557382],[15.145479041013708,37.01708753553171],[15.145390160682235,37.017636657878754],[15.145344679519345,37.018158771171926],[15.145170418189224,37.01832779335383],[15.145111813828294,37.01838463342405],[15.14507176004131,37.018380909469585],[15.14473932341932,37.01834998997207],[15.144096816306957,37.018133648683865],[15.143570104276291,37.01791801379392],[15.142838578797166,37.01791103453],[15.142614911237954,37.01818140670311],[15.142334632915778,37.01850645986086],[15.14186210462891,37.018857277897226],[15.14138795068177,37.01914958862196],[15.141188563633692,37.01927250681979],[15.1405794784909,37.01980003692342],[15.140089157970166,37.02012162662137],[15.139425389662994,37.02030236078172],[15.139341855181476,37.02030335362858],[15.139136011335642,37.02030580114108],[15.138867478777227,37.020308994408126],[15.138720412494287,37.020310745174015],[15.138521185370173,37.02031334752489],[15.13827484094026,37.02032752400767],[15.138171112847875,37.02033349221286],[15.138126128724211,37.02033608080877],[15.137952557099373,37.02034672286175],[15.137673613409184,37.02036382638744],[15.137168381379661,37.020394803797295],[15.13711201033939,37.020402079122455],[15.136896541693709,37.02042989071707],[15.136837473501627,37.02043751473012],[15.136322764135986,37.020503949746356],[15.136282040014185,37.02050903456507],[15.136009734382666,37.020543033020346],[15.13595253548506,37.02054547897385],[15.13590861190842,37.02054374469833],[15.135721426949857,37.0205164046248],[15.135319793327934,37.020457742910146],[15.135244116165683,37.020446688734005],[15.13497153872638,37.020407069378074],[15.134108499506308,37.02032636733168],[15.133789149844848,37.02030866107815],[15.133743737665279,37.02030614280204],[15.133018377863579,37.02026592159897],[15.132393510575403,37.02030905382758],[15.131837282556381,37.02034744800554],[15.131406631878114,37.02042218634073],[15.13122667378886,37.02045341811678],[15.13115521805959,37.02046581913184],[15.131040366119139,37.02048575114046],[15.130996262623134,37.02049340524382],[15.130894335160319,37.02051109449284],[15.129994676726081,37.02060276075832],[15.129343906591103,37.020639468139834],[15.129007224752177,37.02065845836249],[15.128072264585933,37.02068667162475],[15.12788011234625,37.02070960583166],[15.127172465199614,37.02079406506315],[15.125588462426714,37.02096840787584],[15.124160639120149,37.02109639249562],[15.123733935334128,37.0211232936866],[15.123425262423986,37.021142752156436],[15.123265672569945,37.02115281214545],[15.123160457262287,37.02115944627337],[15.122845522383134,37.021157090603445],[15.122249329081402,37.021152628955015],[15.120912130593302,37.02113413536113],[15.12013612349995,37.02129806739438],[15.119686034899994,37.0211188511457],[15.119202735527125,37.0208867809395],[15.119056795757405,37.02081670327226],[15.118987371866268,37.0207833668293],[15.118730089436477,37.02065982199483],[15.11809444913235,37.02040973519354],[15.11806494669547,37.02039812792538],[15.117886093662504,37.02032775846766],[15.117623801746273,37.02031738747165],[15.117466818268984,37.0203111806838],[15.11726502378913,37.02030320090231],[15.1171840453293,37.02030000005911],[15.117065000768102,37.020295293815394],[15.116961817616417,37.02029170720575],[15.115648961648192,37.020292754071185],[15.11469353426322,37.020310676048545],[15.114476667916795,37.02029849835315],[15.11281621347905,37.02020526477026],[15.112480282526509,37.020150255712814],[15.111500360676244,37.01998978773044],[15.110388154648742,37.01982002644065],[15.10933048091916,37.019595677487175],[15.108765846134284,37.01965374904701],[15.10872100537968,37.019658361113926],[15.108636420114019,37.01966705996213],[15.10836335982363,37.019695143609546],[15.107996727467151,37.01973274754233],[15.107567390633257,37.01977678397657],[15.106960385145813,37.0198255064727],[15.106858906068016,37.0198336510762],[15.106544869956869,37.01985885738345],[15.105885243364138,37.01989588648653],[15.105790375357017,37.0199012109424],[15.1055419995852,37.01991515266463],[15.105366554680478,37.01990160271025],[15.105050555445107,37.019877195007986],[15.104893688671984,37.01986507813996],[15.104573309640992,37.01984930429524],[15.104461200046506,37.01980100217169],[15.104382845077692,37.01977164785662],[15.103695619493896,37.01951419350545],[15.10338321381029,37.01939715613104],[15.1033210018135,37.019385003414335],[15.103285865929887,37.01936068578531],[15.103238403063642,37.01934290422786],[15.103037826605158,37.019267760189344],[15.102972784313488,37.019243392350994],[15.102828297045063,37.01918926182391],[15.102606940954102,37.01910633156125],[15.102565380298419,37.01909076154191],[15.102488914176838,37.019062113931],[15.10164271731508,37.01869115388319],[15.101585168251512,37.0186659070896],[15.101236324660695,37.018574451138115],[15.1005167373161,37.01838579343353],[15.100273082108176,37.01833125141894],[15.100188087114239,37.01831222535781],[15.100151736997315,37.01830408897566],[15.10000665752331,37.01827161227205],[15.099560947103031,37.01817183852357],[15.09876139476606,37.01795660052669],[15.09859303190298,37.017911277178754],[15.097704763044492,37.01758582670719],[15.097052460803864,37.01731571926276],[15.096932193724792,37.01723071645698],[15.096902018160721,37.017209389216916],[15.096568318689053,37.016973537351355],[15.09645606038908,37.016894195365666],[15.096151525906306,37.01631589066448],[15.095878426065376,37.016001749986465],[15.095851787487213,37.01597110832282],[15.095690972322565,37.01578612626802],[15.09561195916813,37.0157395244493],[15.095316446395158,37.01556523328983],[15.095279775062982,37.015543604153464],[15.09509455632524,37.01543436173618],[15.094929341745011,37.015252074121825],[15.09473387894743,37.01503894065846],[15.094480715624474,37.01477747552877],[15.094392958867102,37.01468659985482],[15.094339967337412,37.014631721895924],[15.094266357275982,37.01468920062884],[15.094037618516845,37.01486781524407],[15.093508484684417,37.015714123192616],[15.092879747888732,37.01590403370244],[15.092306647602932,37.015895319658114],[15.091700109047265,37.01625732914747],[15.09121734580722,37.01619444510412],[15.090608100264326,37.01635633665422],[15.090002230830539,37.016872456393706],[15.089453560927254,37.01694458518536],[15.088496734479278,37.016953349959884],[15.0878349932777,37.017405958624956],[15.087070163607072,37.017359831603805],[15.086462912214165,37.01716159014632],[15.086463750410758,37.01780281965682],[15.086396593314475,37.01817303219974],[15.085900451337988,37.01839882614151],[15.084877699107725,37.018381720526286],[15.084373753797717,37.01846634069082],[15.084182013194846,37.018498537234855],[15.083688265050013,37.0188591987411],[15.083384350973484,37.01920451569553],[15.083283781642223,37.019318784421905],[15.082700414462847,37.020023825245424],[15.082307973167032,37.02022178097727],[15.081430135201938,37.020113930540774],[15.080711032084997,37.02074493255992],[15.080193873723806,37.021295813282116],[15.079452534144817,37.02139469293487],[15.07875624326124,37.02166101421371],[15.078575784532887,37.021730036681504],[15.07796672722222,37.022162559716186],[15.077800403082136,37.022280672697576],[15.077696448837086,37.02240044928126],[15.077651556642818,37.02245217309454],[15.077592863205165,37.02251980001629],[15.077558910853348,37.02255891972597],[15.077491770751033,37.02263627827346],[15.077183092273733,37.022991930523084],[15.076811870932431,37.02321414680784],[15.07674723820199,37.02325283711756],[15.076553698008048,37.02322436397935],[15.076520349158573,37.023219457349185],[15.07645262245105,37.02320949353903],[15.076085664104957,37.02320028427091],[15.075501173378434,37.02338161301503],[15.075306067426492,37.023443918464615],[15.074887383589248,37.02365774312437],[15.074811316604023,37.02369660054548],[15.074760314528223,37.023717430953546],[15.074036125928169,37.02401320000417],[15.073917842420837,37.02407502051254],[15.073717331649885,37.02417981684071],[15.073396351799211,37.024347574793495],[15.073242162725016,37.0244032189144],[15.073177496912761,37.02442655608349],[15.073137863133365,37.0244408588196],[15.072780723209254,37.02456974206484],[15.072631970999675,37.02462342305192],[15.072473067300233,37.02468076734979],[15.072218533787641,37.02476887442127],[15.071923492019808,37.02487100240091],[15.071427223414897,37.02507875380067],[15.07127117421144,37.02523301185125],[15.071239958760593,37.02526387002781],[15.071184176921069,37.02532074286835],[15.071147883936858,37.025387558521246],[15.071096044668408,37.025482996563504],[15.0710550797031,37.02555841444975],[15.071027013800357,37.02561008372353],[15.070957864350262,37.02573738935252],[15.070531061194997,37.02599780853669],[15.070497085534864,37.02600240899999],[15.07008456563853,37.02605827039638],[15.069955339580423,37.026075715945105],[15.0697589873156,37.026101522962136],[15.069575890819541,37.02612561223628],[15.069389202422114,37.02618588752777],[15.068842039590166,37.0263625445573],[15.068805442802509,37.02637436066928],[15.068573210094938,37.02644934115236],[15.068297230363724,37.02656871148924],[15.068215027921088,37.026604266107555],[15.067838177524381,37.02676726487916],[15.067675985390247,37.02683741833423],[15.067518808572753,37.02692392455999],[15.06722534849754,37.02708543977315],[15.067185986661555,37.02710710432945],[15.066986631687286,37.02721682574257],[15.066855393256432,37.027289055490826],[15.066748543770721,37.02732682263152],[15.066023266573602,37.02758317293792],[15.06591198791566,37.02762250408657],[15.065730881467317,37.02768651420009],[15.065583280129962,37.0277265998645],[15.065033905129473,37.02787579744302],[15.064831955907227,37.02793064105447],[15.064488665541086,37.02807684555245],[15.064305251506774,37.02815495869495],[15.064257239475522,37.02817540815785],[15.0641404035812,37.02822668650281],[15.064097355274974,37.028243503398535],[15.063945829315715,37.02830803662971],[15.063907747274044,37.028315737727766],[15.0638528119957,37.02834765236825],[15.06353641609502,37.028424678435556],[15.06346686681171,37.028441609590864],[15.063342066103893,37.028471991504816],[15.063162731674481,37.02851564768867],[15.063044807680507,37.02854435533076],[15.06294045783302,37.02856694119518],[15.062786597883171,37.028600242133315],[15.062559828366703,37.028649322757005],[15.062295606686043,37.02870650866349],[15.062213730860458,37.02872422871125],[15.061898848565905,37.028737804781244],[15.061853053979817,37.02873977945645],[15.061436132038965,37.02875775483479],[15.061176084661207,37.02876820778892],[15.061104590535324,37.028770618654995],[15.060608833730583,37.02869335008353],[15.06035235024015,37.02865282679114],[15.060218911840742,37.028632575709345],[15.060177526203308,37.02862612514418],[15.060039379267234,37.02859098805619],[15.059723058469404,37.02851053159012],[15.059543623221826,37.02846489243296],[15.05946931038885,37.02844626854753],[15.059360762000878,37.028440512307455],[15.058502229396012,37.02839496987613],[15.058456784608968,37.02839255913691],[15.056961963920394,37.028466908795544],[15.05628865998179,37.028504578786],[15.055141000420225,37.02866594306149],[15.054269834883845,37.028683716195864],[15.054232718337097,37.02868088091228],[15.053600973361144,37.028622779976075],[15.05319601061179,37.02858553523264],[15.052598588058844,37.02841361817175],[15.052547611594285,37.02839147921496],[15.052439973352623,37.02831301208791],[15.052319518161923,37.028236609604356],[15.052187095967511,37.028152617422485],[15.05214422420493,37.028125423583106],[15.052116060554114,37.02810756099073],[15.052074652910328,37.02807550657735],[15.052009316978447,37.02802118835213],[15.051849962182411,37.02789415406796],[15.051745197016379,37.027820522779336],[15.051558468323893,37.027818188824924],[15.051353981939723,37.02781563485923],[15.050967741286529,37.02781080694121],[15.050712478228611,37.027885900114946],[15.050655158995285,37.02790276212977],[15.050376457384969,37.02799052450718],[15.050136195440851,37.028237552401],[15.050025034499136,37.0283518437432],[15.049463504191884,37.02880390974786],[15.049407800822864,37.02884875496372],[15.0493325669135,37.02886372309538],[15.048856549606132,37.028956167371604],[15.048126479565765,37.02909252425109],[15.04724721807591,37.029443512464454],[15.04698677282494,37.029379180311025],[15.04662320589326,37.0292893751014],[15.04648501247227,37.02925523855501],[15.046163561119263,37.02915524481332],[15.045708075273643,37.02901355549957],[15.045584264101107,37.02897504072353],[15.04503422728883,37.02887494489359],[15.04475416935154,37.02882397818722],[15.043863938424721,37.02887848916803],[15.043747776369308,37.028948620805274],[15.0437093820258,37.028971825000404],[15.043257394903709,37.02924477716823],[15.043082062403759,37.02948502168023],[15.04304680474662,37.02953333360431],[15.042925309956047,37.02969980672433],[15.042774650937888,37.0299062425995],[15.042745094408193,37.029921373963745],[15.04227566387083,37.030161681676304],[15.042217528697195,37.03019144235132],[15.042019864384676,37.03029262724468],[15.041929880782414,37.03033869007509],[15.041364311662516,37.030393034660264],[15.041279530771957,37.030401180720794],[15.040829787923316,37.03083369099704],[15.040810836663027,37.03092616131263],[15.040639181928142,37.03176372252488],[15.040741047797342,37.032665332797194],[15.04074244656656,37.03274831079866],[15.040752571237464,37.03334877819702],[15.040898798592378,37.03389934886894],[15.041393713454461,37.03442308691183],[15.042033115347593,37.03488308600651],[15.042056442505004,37.03490029366086],[15.042098548747244,37.034932138625955],[15.042749645116551,37.035424639950556],[15.042817728439976,37.03547619745099],[15.042936386571412,37.035566054801926],[15.043216832554299,37.03624249688801],[15.042879514366074,37.036730024416634],[15.04217142869522,37.03712623645583],[15.041890818587579,37.03725506838089],[15.041305568087427,37.03752376186797],[15.041001068010543,37.03800061226337],[15.04098124931818,37.0387486626188],[15.041155572399068,37.039308228460065],[15.041179078757354,37.03938368079464],[15.041195152805573,37.0394352770327],[15.041257846081916,37.039493803659624],[15.041458733904719,37.03968134126804],[15.041489538093991,37.03971009894597],[15.0418121599952,37.040011277885206],[15.04225928116772,37.04028203797896],[15.042305380718043,37.0403099532886],[15.042600260471739,37.04048851966762],[15.043724264978561,37.04075957054935],[15.043809690511328,37.04081342050367],[15.043845940968664,37.04083627187874],[15.043928827480482,37.0408885198438],[15.044265787601914,37.04110091187773],[15.045041412544725,37.04104012952115],[15.045422757452975,37.04101024226207],[15.045735790747681,37.04100528160025],[15.045830678568265,37.041003776708465],[15.046570041852469,37.0409920559782],[15.047241338234535,37.040992153614994],[15.04788581956547,37.040992244070836],[15.048412794339917,37.04099169220646],[15.048734410387675,37.040991354387245],[15.048848867554218,37.040998331367305],[15.04896169768797,37.041005504001554],[15.04938651804476,37.04103251103952],[15.049547065561036,37.0410427179325],[15.049702517837968,37.041052599436924],[15.049750403166243,37.04105564264033],[15.050663934089105,37.04111371089063],[15.050719552043137,37.04111724713641],[15.051345188076235,37.04117656805283],[15.05150096166815,37.0411913378024],[15.05185648090559,37.041222460552596],[15.05325678658985,37.041052659310964],[15.05342531615103,37.041032221960606],[15.053643210888719,37.04100579824469],[15.054475506595928,37.04060990341635],[15.055368094277357,37.040226929996045],[15.055464104356135,37.0401857349707],[15.05589210465137,37.040084279910886],[15.056042306534987,37.04004867499158],[15.056285585457163,37.03999100571285],[15.056566031068506,37.0399245255245],[15.05747852382403,37.04013877845985],[15.058455228396875,37.04041048746982],[15.059512497257368,37.04039004328543],[15.060693366472218,37.040300247822174],[15.061222209660531,37.04055215013454],[15.061257571695442,37.04106561083067],[15.061255463143851,37.04115336954797],[15.061250446384538,37.04136227308884],[15.061248075024345,37.04146097730662],[15.061242835087594,37.04167911331981],[15.061241041916702,37.041753812323506],[15.061239623768316,37.041812851005226],[15.061235494320856,37.04198479344692],[15.06143769191614,37.04225271543588],[15.061549381389206,37.042400709510225],[15.061656229411934,37.04242688680426],[15.061910010385665,37.04248905885758],[15.062506321407,37.04263514802127],[15.063405949608448,37.04267901028454],[15.064734027275605,37.042534378721435],[15.066619655545729,37.04191107810088],[15.067086410548697,37.041750651650496],[15.067531800428638,37.041597562853674],[15.067566261290631,37.041585720581196],[15.068240034562802,37.041305882197676],[15.06831116072684,37.041245669026836],[15.068344573731208,37.041217383349284],[15.068628490273111,37.04097702752328],[15.0687373391097,37.040884877916376],[15.068870388901944,37.04077223906204],[15.06903871128068,37.0406301206803],[15.069552427038454,37.04045239685663],[15.069824605941914,37.04035823365677],[15.070111079964622,37.04032292338619],[15.070700826443296,37.040250231979044],[15.071555903805818,37.04013204756856],[15.07174931302319,37.03998005320499],[15.071923590344243,37.03984309464499],[15.072049111518021,37.03974445055859],[15.072145918769658,37.039612119271325],[15.072180965488354,37.039564212252216],[15.072510902063295,37.039113201276905],[15.072757252613759,37.03849076955729],[15.072947923168467,37.03806695448493],[15.073150795229918,37.03792865758033],[15.073251359123315,37.03786010509382],[15.073476112648958,37.03797681213816],[15.073830029977529,37.03830115306899],[15.074163722194264,37.03862552136278],[15.074546366289578,37.03905812354185],[15.074962798134289,37.03961499594015],[15.075458074632392,37.040183554159945],[15.075806293067762,37.040957693340225],[15.075592942242306,37.04174553699617],[15.075560354649799,37.04186587391025],[15.07543924238021,37.04250006393409],[15.075404562978672,37.04268166279737],[15.075405726449947,37.043257628140644],[15.075596872405336,37.04368207933438],[15.075980223048145,37.04408040246234],[15.076160188891194,37.04426739425776],[15.076298597667517,37.044446943825626],[15.076632350998747,37.044879898993784],[15.077014710982064,37.04549252116046],[15.077086906915323,37.04565595464812],[15.077297531598829,37.04613274750415],[15.077301188676476,37.046181506567315],[15.077305676327377,37.04624133216905],[15.077336382048516,37.046650672101855],[15.077371177623421,37.04711450550555],[15.077353857504159,37.04717416445185],[15.077258940437591,37.04750110765713],[15.077225885366074,37.047614967160946],[15.07719801998885,37.04771094955683],[15.07718411753894,37.04775883479348],[15.077051543072082,37.048215487998775],[15.076850015081208,37.049134879984166],[15.076404455698068,37.04957670327964],[15.076370273198687,37.04961059942705],[15.076287602256782,37.04969257653412],[15.076260029253131,37.04971318661556],[15.075660480734978,37.05016132356984],[15.075390127132613,37.05038148052537],[15.074924979210515,37.05076025938861],[15.074846488848992,37.05082400990149],[15.074266437163203,37.05126353647626],[15.07423459075887,37.05130068717657],[15.07370347242486,37.05192023556186],[15.073489939424123,37.05245324432597],[15.073351003480017,37.05294910793783],[15.073331771895404,37.05301774184591],[15.0732551839508,37.05329107831166],[15.073314407388724,37.05374741134443],[15.073368609456457,37.05416504836726],[15.073763101155228,37.054981807619455],[15.073787495697122,37.055032313787876],[15.073921368378201,37.05526803303871],[15.07425808115468,37.05586090310896],[15.07436363691709,37.05608540087847],[15.07466664392458,37.05672598521685],[15.074881470553766,37.05686319123607],[15.075227714470413,37.05708432998495],[15.075535520087083,37.057280915729116],[15.0756226863264,37.057336586505],[15.075861192106379,37.057534087758604],[15.076174317807359,37.057793377020154],[15.076424020374027,37.05800014604219],[15.076576156586546,37.05812612532283],[15.076794789467186,37.05830716382258],[15.077372667581876,37.058785670311046],[15.078321521682899,37.058705369274456],[15.078794310393365,37.058509068786186],[15.079255565707737,37.05831755395955],[15.080200182857231,37.05798319557162],[15.080963539395984,37.05788316457409],[15.08186448801384,37.05773105400361],[15.082774328489299,37.05755822172965],[15.083213267770248,37.05769313534321],[15.083563908109188,37.057960847599645],[15.084259698729063,37.058358786516045],[15.084172025922982,37.05855042407158],[15.084156150454564,37.05858512522168],[15.08394970708996,37.05961876979944],[15.083870657547303,37.0597685559844],[15.083743502637637,37.05999696925677],[15.083701545426637,37.060072336735345],[15.083532070787214,37.06037676598612],[15.083440469717498,37.060541293615344],[15.083034302691452,37.061173599413074],[15.082964038993804,37.06128298272521],[15.082900667602306,37.0613816346568],[15.082733434506098,37.06164197426589],[15.08307103519852,37.061939612615106],[15.083599966700097,37.062443393434684],[15.08377772757595,37.062622449134814],[15.084207774527894,37.063055624890055],[15.084377391570646,37.06382318489812],[15.08418300620555,37.06427547052794],[15.084052030523003,37.0645802129259],[15.083676919802645,37.065118386754044],[15.083626735861333,37.06518809536371],[15.083517464606006,37.06519394656852],[15.082996072266718,37.06522330841429],[15.082368055962878,37.0653374280349],[15.081512206323978,37.06521270663414],[15.080859513833506,37.06494254127026],[15.080150677405667,37.06466399940268],[15.079497148606118,37.06465487810673],[15.078913572253985,37.06483564171544],[15.078800878431778,37.064859549334564],[15.078717549276098,37.0648772265459],[15.078339651688092,37.06495292169032],[15.077856653162833,37.064926024858636],[15.076328524439022,37.06586413066986],[15.075179799038905,37.06628996761802],[15.074862407603272,37.06624860547222],[15.074201609291817,37.06616248692967],[15.07317740700266,37.0656510411147],[15.072636883829187,37.06538111796195],[15.072197241241627,37.065297519711294],[15.071826421692148,37.06522700663371],[15.071695891524355,37.06506184471823],[15.071399209904449,37.06468644181679],[15.070895468537582,37.06428415674536],[15.070863142332259,37.06425834164188],[15.070790341135492,37.064200202349156],[15.070732743761768,37.064181168488254],[15.07028389945636,37.06403283684241],[15.070094219195058,37.0639701512052],[15.069564642390564,37.0637951341177],[15.069439711989029,37.063741033943124],[15.06909602393012,37.06359220115998],[15.06892276914131,37.06351717278244],[15.068716233660206,37.06342773242252],[15.06860773721994,37.06338074741486],[15.068290547743752,37.06336758288297],[15.068002065818499,37.06335561030448],[15.067965862342698,37.06356354076159],[15.067911146643647,37.0638777994456],[15.067833252780288,37.064264317866844],[15.06755185927701,37.06422998675211],[15.067249166077062,37.06419305648672],[15.067214862720409,37.064182098137444],[15.066833689738486,37.06406033225984],[15.066603329158932,37.06398702144725],[15.066472573063205,37.063959526437316],[15.065874811458563,37.06383382839659],[15.065279852046212,37.06383508395287],[15.06523474984319,37.063835179221535],[15.06508894626513,37.06327564783258],[15.064840762392889,37.062725850748755],[15.06446201875746,37.062381213014596],[15.064332820914553,37.0622636484864],[15.063477657054774,37.06200600357372],[15.062611681296374,37.06214044074922],[15.06192614868941,37.06235398585048],[15.061893930162379,37.06236402154534],[15.061139791840828,37.06248369743206],[15.060802573779817,37.06264725764252],[15.060591017611515,37.06291730131513],[15.060519740676897,37.0630082841374],[15.06003732446506,37.063278291370146],[15.059282961201374,37.06337770889306],[15.05891167732925,37.06336945430587],[15.058517874300364,37.06336069689862],[15.057741959621302,37.06333971753885],[15.057324536653349,37.063316100877834],[15.056977745784328,37.063693908414336],[15.056899463760457,37.064190689136765],[15.056876587875164,37.06429170633051],[15.056824524054457,37.064521606759705],[15.05634693283294,37.064858040051305],[15.05630395613432,37.06486288146289],[15.056226281628371,37.06487251169542],[15.055797327498402,37.06491995686357],[15.055134297958988,37.06508218847988],[15.054606723134947,37.06515646282381],[15.053963867636,37.065263664596415],[15.05376169067328,37.065589040775436],[15.053817607923936,37.0660138546245],[15.0538293566096,37.06610309987738],[15.053821385395844,37.06637582529379],[15.053820135775515,37.0664185915232],[15.05368383724897,37.066742843066734],[15.053593773838351,37.06700397056463],[15.053663351953253,37.06740991259385],[15.053495601811228,37.06812279444117],[15.053224290320912,37.068708226388885],[15.053074870245904,37.06880060227895],[15.052875076318818,37.068924120527114],[15.052549537200083,37.06899705225283],[15.052286053270505,37.06880095273943],[15.05207714905116,37.068645471586734],[15.051558430164205,37.068303026216554],[15.05082823329352,37.06825715575886],[15.050681971389954,37.0682400622915],[15.049061009325458,37.068050618783865],[15.047801883584969,37.06813307433134],[15.046384083446226,37.06823261222014],[15.045808198985947,37.06880363024281],[15.045529844052561,37.069079629262596],[15.04505803935411,37.06916686070173],[15.044688615190974,37.06923516089468],[15.043527136556246,37.06928877900689],[15.043335213096228,37.06929763539152],[15.042381011933632,37.069542189825945],[15.041010663011146,37.070370552422055],[15.040188650514306,37.07076809130287],[15.039434257968118,37.07065473394319],[15.038758388636431,37.07055317225601],[15.038573836066785,37.07056101246752],[15.037712411020395,37.07059760457164],[15.037070375079816,37.071165944729046],[15.037034093575762,37.071194070154846],[15.036408453103014,37.071679039996624],[15.035542322477045,37.071707538617666],[15.034576245426706,37.07166237012913],[15.033810097286093,37.07177878626616],[15.033394275657393,37.0718419681236],[15.032527079111595,37.07209551424856],[15.031785201539142,37.0722301396372],[15.03070439080394,37.07238430783192],[15.030242026913163,37.07262394462216],[15.030035867188346,37.07273079234997],[15.029663325302595,37.073183843193846],[15.029554715411908,37.07331592520837],[15.029467703198334,37.07342174021064],[15.029298007575978,37.0736558218564],[15.029275692129895,37.073686604107436],[15.029173718441658,37.07382726689044],[15.029122848498533,37.073897438378424],[15.028827414348147,37.07430495452105],[15.028186438004639,37.074700454774174],[15.028126611225712,37.07473736809528],[15.028007837866802,37.074810653815554],[15.02789316329091,37.0748814099716],[15.027656033820048,37.074910183104805],[15.027400034797388,37.07494124492599],[15.027061520217364,37.07498231931454],[15.025655322419798,37.075018032373414],[15.025515823781411,37.07504227199102],[15.02544327231273,37.07505487934481],[15.025296836287065,37.07508032480417],[15.025245985103261,37.07508916047598],[15.024518907513052,37.0752154972831]]]]}}]}
