{"type":"FeatureCollection","metadata":{"code":"101010","referenceDate":"2026-01-01","sourceDbfExportDate":"2026-02-18","upstreamArchiveUrl":"https://www.istat.it/storage/cartografia/confini_amministrativi/non_generalizzati/2026/Limiti01012026.zip","sourceManifestSha256":"70ac8256c4785dc6ed2814c32b6965ae76f9161b51abaa1660059e1c6cbd8ca6","license":"https://creativecommons.org/licenses/by/4.0/","attribution":"Istat, Confini delle unità amministrative a fini statistici al 1° gennaio 2026, versione non generalizzata.","modifications":["Converted from WGS 84 / UTM zone 32N (EPSG:32632) to RFC 7946 WGS 84 geographic coordinates.","Converted from shapefile to per-municipality GeoJSON without geometry simplification."]},"features":[{"type":"Feature","id":"101010","properties":{"code":"101010","name":"Crotone","alternativeName":null,"regionCode":"18","regionName":"Calabria","territorialUnitCode":"101","territorialUnitName":"Crotone"},"geometry":{"type":"Polygon","coordinates":[[[17.14174102964972,39.2129359661749],[17.141154572779612,39.21397325604035],[17.14047640102877,39.21453945346733],[17.14040476631811,39.214478307714856],[17.140279034062853,39.21425797747434],[17.140246887405592,39.21420164538382],[17.140191754318447,39.21404808870579],[17.140157144193722,39.213951689959764],[17.139645097928014,39.21352458836729],[17.13926697466278,39.21331736028788],[17.13890170563393,39.21299684334343],[17.138627930210973,39.21280476006881],[17.138344746477554,39.21269446793709],[17.137759279030263,39.21280290634941],[17.137333092453854,39.21286385815544],[17.136897395396385,39.21271993812245],[17.136509605078203,39.21285482133131],[17.136411631162723,39.21344175001666],[17.136420422690513,39.21372890549406],[17.135931741775714,39.21403756011973],[17.134987232135146,39.2142163712815],[17.13461855982557,39.21421512548314],[17.134475846240043,39.21385625701171],[17.134525058892457,39.21348446590423],[17.134467950921426,39.213142250494144],[17.13436429618558,39.212742186437325],[17.13434913411577,39.212685910318186],[17.134304936603808,39.212617541089415],[17.13422516333188,39.212494138311996],[17.1341193130519,39.21233039689078],[17.13401788650508,39.21221968361969],[17.13386776780844,39.21205581637454],[17.13353843811463,39.211926027770524],[17.133458615692117,39.21192942996642],[17.133215624903222,39.21193978586247],[17.13318691565696,39.21199207825789],[17.133030750266265,39.21227652472261],[17.13268098193511,39.21256190117062],[17.1323856994244,39.212793995649164],[17.131951129629122,39.2130088967819],[17.13158477632439,39.21315153958206],[17.131247679147886,39.21317878020061],[17.131158154914246,39.213186014656664],[17.130283845939232,39.2134093241187],[17.129753101149518,39.21345562192955],[17.129685874673477,39.21346085424066],[17.129161667628125,39.21350166738105],[17.128819481910025,39.21349301652895],[17.128547770319614,39.213486136184],[17.12850591210025,39.2134803804415],[17.12844988567969,39.2134706108681],[17.128192757226905,39.213429828546495],[17.12803779654668,39.213405248972315],[17.127522264682707,39.21333316730561],[17.12750078828401,39.213390258984035],[17.127239365393617,39.2140853092393],[17.127204217611816,39.21417877746729],[17.12697723752261,39.21467584225277],[17.12671656974178,39.21493245561328],[17.126379775052733,39.215230403269885],[17.12584596987036,39.21534841363781],[17.125279841183744,39.215303154787954],[17.124647681329265,39.21507325310869],[17.124283417694567,39.21486050694417],[17.12399647810171,39.21457939645819],[17.123697621921984,39.214357562187686],[17.1233737979718,39.21423192484481],[17.123101869356255,39.214080137413056],[17.122750067667088,39.21360124249352],[17.122370952657736,39.21294887229479],[17.121995923226855,39.21238167299746],[17.121655504592752,39.211850619617394],[17.12162898039453,39.21180936414494],[17.121578286852863,39.2117453035015],[17.121258183898632,39.21134078942301],[17.12087063532246,39.210814909054285],[17.1206061720921,39.210478249901676],[17.12048203253002,39.210349666677],[17.120187417180404,39.21004450812247],[17.11983868297416,39.2097241880861],[17.11978306702969,39.20967268722976],[17.11951403390521,39.209316550452286],[17.119373405106774,39.20913038931001],[17.119093069562513,39.20866893637096],[17.118825563992228,39.20825605236012],[17.11836816734458,39.2076631241443],[17.118309878756715,39.207597724181106],[17.117741912164046,39.20696026295302],[17.1175470472611,39.20676303312085],[17.117466358142632,39.20668136994426],[17.117123209445975,39.20633407448697],[17.116527677557265,39.20579580281869],[17.116359040915153,39.20564131509336],[17.11599424278105,39.20530712195071],[17.11535294489319,39.20483500486338],[17.114907555832055,39.20445145007519],[17.114759084474734,39.204323589652205],[17.114337467428523,39.20397895475417],[17.11422476734807,39.20388737416934],[17.11405353233362,39.203771495011516],[17.11373357162875,39.20356058904531],[17.113584630449793,39.203461338081915],[17.11349057921015,39.203398664089924],[17.113391026220345,39.203332327072765],[17.11295014606538,39.20303856835057],[17.112854023841457,39.20295546644502],[17.1128311210878,39.20293465055886],[17.112680083826238,39.2028012070444],[17.1122227879964,39.20239705237645],[17.111817494620787,39.20201627918697],[17.111397020048127,39.20158995922996],[17.111328031318408,39.201520012950716],[17.111181824885335,39.201317178054474],[17.111000988926925,39.20106630548586],[17.110662257339342,39.20058643520342],[17.110446774986308,39.200370920732375],[17.11022110595386,39.20014521471809],[17.10981220716709,39.19962080705581],[17.109392722847137,39.19914209773724],[17.108963965871684,39.19869551133624],[17.108579913732395,39.198335725248214],[17.108530298384874,39.19828879451865],[17.108473979320912,39.19823551941109],[17.10844674784856,39.19820976019494],[17.108330853653207,39.19810515207636],[17.10792519447862,39.197734109101596],[17.107448280937724,39.19724591505303],[17.10690180401055,39.19678060411335],[17.106734235637344,39.19664691701484],[17.106414637403127,39.19639174897544],[17.106385817781753,39.19636771292997],[17.10609306115616,39.19610880127638],[17.105987234758356,39.19604388233392],[17.10575095347708,39.19589893497934],[17.105285168761693,39.1958369471463],[17.104672936752248,39.19582157067444],[17.10413203410174,39.195953877140774],[17.10370166330449,39.19605212756767],[17.1036126385078,39.19607197058369],[17.10355834294111,39.1960836126579],[17.103074172386226,39.196243003003374],[17.102984275617466,39.196272569683494],[17.102464258165213,39.19639766853228],[17.10234499675461,39.19640794367875],[17.101910170313015,39.19644628701463],[17.101769422627665,39.19642769784082],[17.101378193931556,39.19637602456565],[17.10116804075444,39.196224322719544],[17.10112677654043,39.19619453658474],[17.100963655080584,39.19607678433874],[17.10069536904364,39.195775083523586],[17.10056843043496,39.19563233408739],[17.100508839085688,39.19554114134687],[17.100481585484278,39.195505317459784],[17.100192890384943,39.19508307838386],[17.099745826236138,39.19443989389242],[17.099695056825006,39.19438357007006],[17.09931498449568,39.1939619384449],[17.09899072662216,39.19369070157199],[17.098779225906778,39.19351377631604],[17.098057591006697,39.19295724308268],[17.097454642528927,39.192527312993896],[17.097128788016132,39.19237628345324],[17.09688987736289,39.192265551364535],[17.09643244920461,39.192032263808855],[17.096039016116492,39.19183393068529],[17.095952065252394,39.19179008967254],[17.095915515842393,39.191771660955666],[17.09555241892898,39.191638441066594],[17.095432350408814,39.19159438823229],[17.09482894922945,39.191372997837185],[17.094523118987546,39.19126078530253],[17.094225549066604,39.19115160315071],[17.09387749592471,39.19102389596819],[17.0936264417254,39.190967308278815],[17.093309973690793,39.19089597535044],[17.093131454903155,39.19085573759494],[17.0930330047324,39.190832121753985],[17.092438720902273,39.19068957193224],[17.092231298165007,39.19063981824443],[17.092188015174955,39.19062943671128],[17.091438921078577,39.19041107027948],[17.09103099213803,39.190292153666164],[17.090689168210783,39.190186616888475],[17.09025952798921,39.19005381081647],[17.089905589561827,39.18992469664858],[17.089380312374825,39.189733063263105],[17.08851306674391,39.18935301212252],[17.087786797495582,39.18902201146839],[17.08750370745271,39.1888929846578],[17.08705392107873,39.188608454482505],[17.08669030916269,39.188378741039074],[17.08640185525474,39.188131848538156],[17.086049201569047,39.18783000384581],[17.08532483985133,39.18721062425371],[17.084872676729123,39.18679705149666],[17.08471414596936,39.18664843009857],[17.084320866190254,39.186280194333825],[17.0840717429689,39.186041855355036],[17.084011626995665,39.18598446630539],[17.084315162206074,39.18554544546859],[17.08447463014072,39.185418482044646],[17.084618112992636,39.18530396727572],[17.08473630420479,39.18520938789826],[17.084816779274583,39.18514499353226],[17.08486116159578,39.18510947835795],[17.0849936755678,39.18500343830757],[17.08535710300648,39.18479818142937],[17.085401506319013,39.18478495414332],[17.0857568802474,39.184679097074344],[17.085850067111874,39.18465133883442],[17.08596111858506,39.18462747564931],[17.08608735668774,39.184600349847855],[17.08619170996655,39.18457792566127],[17.086253182980077,39.18456471956858],[17.08665692356815,39.184496046965045],[17.087084672539948,39.18449763526895],[17.087214920646808,39.18449073153905],[17.08733226357003,39.18448467993693],[17.087485509023022,39.18447639021026],[17.087563977928706,39.18447243237544],[17.087617267961583,39.184469932631856],[17.087675217215313,39.18446624125056],[17.0878259951383,39.184450306646696],[17.08824159659565,39.1844122954759],[17.088807328267393,39.184257795763976],[17.088905682731287,39.18423097524336],[17.089370066881813,39.184127541184594],[17.089435171566294,39.18411304087543],[17.089940923937622,39.18406765612281],[17.090115674743817,39.18405197463017],[17.090512565622873,39.184014579642856],[17.090670089145657,39.18399973819932],[17.091083555027794,39.183955850567116],[17.091166680034146,39.18394702864512],[17.091602906821716,39.18382199744617],[17.091642113560304,39.18380793499897],[17.09206164323641,39.183641658720575],[17.092193119519514,39.18355763285123],[17.092559355228975,39.18332357568252],[17.092580342511216,39.183302889054715],[17.092725015005133,39.18316029580939],[17.092791480264893,39.18309478392462],[17.092857546656152,39.183029721673094],[17.09295477482651,39.182933836481226],[17.092990346846793,39.18289877519522],[17.093071382890976,39.182818900339015],[17.093133862928365,39.18275731904777],[17.093238786856432,39.18260603747731],[17.093356746236534,39.18243596239216],[17.093406368347182,39.182345824904445],[17.093521340295087,39.18213698689608],[17.093537431397795,39.1818870112598],[17.09354521246491,39.18176629838459],[17.09347791959323,39.18144151583167],[17.093464029912752,39.18137447751737],[17.09345648959934,39.18133808712722],[17.093450622352584,39.18130976348442],[17.093328477930324,39.18100231414386],[17.09323683803328,39.180771646285955],[17.093077398322844,39.18057546203638],[17.092992290648297,39.18047182277592],[17.092906915123876,39.18036744225471],[17.092802554512165,39.18023956988458],[17.09230540772404,39.1798325124168],[17.091937021710315,39.17944612718168],[17.09171026786259,39.1792434396376],[17.091484481470246,39.179041613860775],[17.091126091028784,39.17888639405591],[17.09107362694355,39.17886367029241],[17.09103752149648,39.17884803258503],[17.090596426686066,39.17873047389583],[17.090476172375695,39.17869268008548],[17.090104855801794,39.17857597961712],[17.089882285276225,39.17856171843697],[17.08974714444705,39.1785547873258],[17.089512985720088,39.17854091446509],[17.089299533272733,39.17850898817293],[17.08921893204756,39.17849692723969],[17.08881635637488,39.17843671482736],[17.088119582639166,39.17839545492646],[17.087402537483715,39.178400620500184],[17.08675702839749,39.178526649888255],[17.086277845428246,39.17871750758899],[17.08592032412175,39.17917416160807],[17.085657506962132,39.17970063267719],[17.08553906184643,39.18000117887414],[17.08533113275307,39.18040240489847],[17.085238444714893,39.18069516400867],[17.085213056466714,39.18077174882681],[17.085072033988894,39.18097454422723],[17.085023169337205,39.18104453656631],[17.084970457799432,39.181120038811535],[17.08489807735549,39.18119740596041],[17.084732312665967,39.181374598180405],[17.084611404473605,39.18144396317789],[17.084443409236098,39.18154073572159],[17.084321848301858,39.181610156816724],[17.084092803483507,39.18133903168177],[17.08399903149715,39.181228029667125],[17.083932390747904,39.18114908453283],[17.08387733422319,39.181083860539104],[17.083773540693,39.18096089677396],[17.083460738386766,39.18057804962897],[17.083066784848626,39.18020537969641],[17.082643023274596,39.179924704357674],[17.082079535125146,39.179622310543664],[17.081692663532042,39.17947396747558],[17.081628920744034,39.17945163286825],[17.080932549365944,39.17920772897585],[17.08088284899788,39.1791939822908],[17.08062390859734,39.17912101484252],[17.08049937510152,39.17908602805361],[17.080281653296264,39.17902512261838],[17.079684376360905,39.17891714961573],[17.07896413816193,39.17884601339886],[17.078604027376567,39.178754232009325],[17.07808898794879,39.1786464084221],[17.0779768384528,39.178663495588],[17.077278929876197,39.178769817536555],[17.076898521221935,39.17872470082899],[17.076540285248985,39.1787184061239],[17.076187688144465,39.17890488428328],[17.07609064746463,39.179140975215994],[17.075979637486995,39.17965683423284],[17.075948038519478,39.17976887012871],[17.075895543342753,39.17995497862835],[17.075876778247917,39.180075401851596],[17.07585148584071,39.180237739121736],[17.075847376840674,39.18026411237116],[17.075774134749135,39.180543501504935],[17.075667722591305,39.18086119388049],[17.07564686264115,39.18090215729003],[17.075546402100787,39.18109903704019],[17.075369442769922,39.18138116925698],[17.07502203551746,39.18173816305345],[17.074810280805277,39.18187993159927],[17.07469214668048,39.181959024087014],[17.07469774754801,39.18185671789894],[17.074725949458788,39.18134128274775],[17.0747371716466,39.18114063946976],[17.074760251479315,39.18072840525132],[17.074773425755613,39.18047352542656],[17.074659267802296,39.17924084061905],[17.074622916766256,39.178370331268276],[17.074620994749218,39.178324291578036],[17.07461900129538,39.178273828621414],[17.0746188133408,39.17823540211309],[17.074614530991415,39.17735990296603],[17.07434571158766,39.175768654807996],[17.072598453332912,39.175764510585054],[17.07119550880086,39.175669289914026],[17.07001694453359,39.17567506773575],[17.069021754092905,39.17569948911361],[17.06894526873685,39.175696726041586],[17.068754774257894,39.175689840417895],[17.068174657168633,39.17566886789876],[17.06800219392915,39.1756626325572],[17.067598897423515,39.17568576944505],[17.067404596404124,39.17569691657057],[17.067275544391833,39.175704319907524],[17.066660365340706,39.17572467447475],[17.06577938810898,39.17568714423794],[17.06585206697309,39.17738629372089],[17.065835157297656,39.17796752840624],[17.06597159195014,39.17866398198158],[17.065965239967763,39.1787300230664],[17.065961096231767,39.178783037355934],[17.065957919648074,39.17881906617732],[17.065953806510944,39.1788658676074],[17.06593494069853,39.17907984708536],[17.065918967939094,39.17926118906891],[17.065508303687093,39.17948315697037],[17.06519995414909,39.179590084575736],[17.06515507203898,39.17964804094012],[17.065104134637465,39.179713647971305],[17.06506829840886,39.179760089498146],[17.06499750084193,39.17985150861931],[17.06496973814814,39.17996990008837],[17.064926754021336,39.18015320683297],[17.06491376940721,39.18050484527425],[17.06491725930387,39.18063941980489],[17.064923111523665,39.18086406703607],[17.06492474316975,39.18092675226275],[17.06492443053665,39.18125052539209],[17.06490007200283,39.181576088183284],[17.064846719989426,39.181671164305456],[17.06479750554024,39.18176285305059],[17.06470969769306,39.181921737517136],[17.064659962605955,39.18202761786224],[17.064634390829724,39.1820824174364],[17.06461516438016,39.18211964007145],[17.06459149744736,39.1821681762253],[17.064474658366226,39.182331943121746],[17.064401920607377,39.18243362360095],[17.06431449863465,39.18247753375908],[17.06404817097751,39.18261109816833],[17.06385937940652,39.18265703047853],[17.063658940572548,39.182705662484494],[17.063331835139323,39.182728044516786],[17.062796005647876,39.18264860146422],[17.06224320038228,39.18263329106786],[17.061834131062646,39.182567079027244],[17.061343397461837,39.182439584757944],[17.060915830254633,39.182437848800696],[17.060464867103445,39.18237506552349],[17.06011536242443,39.182282677426656],[17.059531249586744,39.18215679242201],[17.059149911363512,39.18201111677101],[17.058923910570304,39.1819247802803],[17.058750582296124,39.18184195906829],[17.058356378484884,39.1816536363585],[17.058270364926017,39.18161026492468],[17.057964839222834,39.18145718026741],[17.057899857310375,39.18142347718352],[17.057856041021708,39.18140063220651],[17.05777048694415,39.181330968928066],[17.057465055183034,39.18107708508676],[17.0574446102659,39.18105222542679],[17.057137365700306,39.18065978601561],[17.05694118474893,39.18021921906068],[17.056903468952694,39.18008316977625],[17.056798102378675,39.17970306628558],[17.056690953419775,39.17919791293649],[17.056678078044484,39.17894875557612],[17.05666617989191,39.17871849971915],[17.05665805634235,39.17816929277655],[17.056654349818228,39.17813637906774],[17.056578417423918,39.177714707525766],[17.05657911502759,39.177344198156746],[17.056565073737445,39.17727200707589],[17.056520691278468,39.17704400948461],[17.056511598191022,39.17700288840073],[17.056442587411556,39.176830834352316],[17.05639842168757,39.176720485109676],[17.056310722325353,39.176504026968146],[17.056268787211998,39.1764271401746],[17.05625100979663,39.176394544753805],[17.056092984382126,39.17610480062123],[17.05606736301836,39.176057823143566],[17.05598524349089,39.17596338202671],[17.055616566265268,39.17553938041879],[17.055588071281235,39.175506609826094],[17.055419439338056,39.17527051469985],[17.055395312940828,39.17523673586972],[17.0553641393665,39.175165072239636],[17.055339722436056,39.17510895723145],[17.055283953377685,39.174980798880476],[17.05522058529243,39.17483511619977],[17.05516360815167,39.174726975443996],[17.055037760502238,39.17448811825114],[17.054782954449614,39.17410566168853],[17.05461048665981,39.1738735409544],[17.054420805706098,39.17361824854981],[17.054019270991894,39.173290957749614],[17.05360627077782,39.173027397185486],[17.053169959549614,39.17277448331593],[17.05282934237306,39.17260031446391],[17.052269838982482,39.17248185309307],[17.05177087239615,39.17243559593808],[17.051307714925844,39.172454347784],[17.051035116094607,39.17251452549542],[17.050802053320492,39.17256597327037],[17.050250945313678,39.17267174849842],[17.049779258197468,39.17278999293978],[17.049559363140283,39.172896149694175],[17.04932221096011,39.17301063502114],[17.049277655713627,39.173031844792014],[17.049035426716,39.173146307552216],[17.048921396316004,39.17320026320034],[17.04884282555213,39.17323741426506],[17.048559644114132,39.17345045814345],[17.048469398804368,39.173500989728204],[17.048183741316695,39.17366094116861],[17.047900371480154,39.17384703201758],[17.04751065112839,39.1740000144222],[17.047198905773286,39.17403968132118],[17.04690261510687,39.174163697802626],[17.046775580294916,39.1742101673611],[17.04641831327877,39.17434085581671],[17.046037191265587,39.174367348195204],[17.045908360056384,39.17431690381506],[17.045726289912498,39.174245044921726],[17.045580347717294,39.1741876621895],[17.045337397116985,39.17410033777226],[17.045274731258377,39.17407781478441],[17.045077232852854,39.17400680944798],[17.04470509401338,39.173938537225176],[17.044266510247677,39.173946361872844],[17.044186259666148,39.17393445648514],[17.04407782490397,39.17391836622807],[17.043896151692277,39.1738914271564],[17.043535094209574,39.173790610305296],[17.043442949098896,39.1737795614555],[17.0433747954136,39.173771389841484],[17.043254691293043,39.1737569900644],[17.0431782588133,39.17374783771991],[17.042869898634095,39.17371086917283],[17.042397750620616,39.17372127670728],[17.041956392673605,39.17376951142163],[17.04155425954699,39.1737974484082],[17.04123792344268,39.173738476005205],[17.040867888529625,39.17362969091797],[17.040495154661578,39.17356566393384],[17.03981928310495,39.17341474187319],[17.039549188408323,39.17327611687576],[17.039473011482738,39.17322525922665],[17.039168048897647,39.17302167131727],[17.03899403331653,39.172905515428845],[17.038706984454773,39.17260621160502],[17.038318815240252,39.17233188123905],[17.037959341385807,39.171929669928616],[17.03802815571101,39.1718403794807],[17.038160439541745,39.171668365126244],[17.03827973779668,39.17139556730499],[17.038303331558044,39.171340745062004],[17.038334253140203,39.17126930330824],[17.038325294894424,39.171187707315894],[17.038301464198874,39.170970618803246],[17.038178994499795,39.170695832503526],[17.037975243149393,39.17048065532838],[17.03780723460211,39.17024949520585],[17.037672331516806,39.17001634110254],[17.037489408099106,39.169655065188955],[17.03747544139484,39.169602685484975],[17.037436457876034,39.16952426765163],[17.03739600458541,39.16930322208201],[17.03737498601758,39.16919174567064],[17.037368784250518,39.16907133269281],[17.037367005295547,39.169036537748255],[17.037361221047476,39.16891437355905],[17.03743474635993,39.16888059078201],[17.03789098218835,39.168678311761695],[17.037966742299055,39.16866374424575],[17.038025559903126,39.16864959224086],[17.03820015590491,39.16861238848395],[17.038472408538677,39.16854169586619],[17.038531115957518,39.16852645317171],[17.038588755452725,39.168188922922155],[17.03856459585373,39.16804664959315],[17.03853773748062,39.167899999539976],[17.038508889362088,39.167740813335385],[17.03839358624096,39.1673263892078],[17.038457516238886,39.16691908369049],[17.03846107269909,39.16689228931089],[17.038482062356277,39.166762645331],[17.03846850354578,39.16629145471305],[17.038477996403948,39.16613810132276],[17.038532830026206,39.165252206965],[17.03854222994369,39.16510034036164],[17.03857891782377,39.16450761082495],[17.03858923380795,39.164430848696824],[17.038628046239786,39.16414199934953],[17.038635029943134,39.164090025800014],[17.038673373229972,39.16379668989433],[17.038716038858915,39.163470289367865],[17.038756105117045,39.163163762044555],[17.038818311631186,39.16268791152495],[17.038828426507376,39.16261060579475],[17.03884222828768,39.162505023541094],[17.038859750235847,39.16237100147491],[17.03889129656556,39.16212970085337],[17.038897628852922,39.16204122007573],[17.038900032612897,39.16200761237584],[17.038924620453166,39.161664107364956],[17.03899035527438,39.1611290706015],[17.039033301402437,39.16092892419503],[17.039112730608416,39.16055853240803],[17.039120027575006,39.160527363869164],[17.03917861069665,39.160277094626856],[17.03918443972613,39.16025208952102],[17.039195108961565,39.16020652592316],[17.039218289853732,39.15979122700644],[17.039277960685887,39.15942947298417],[17.039414224552264,39.15896822937524],[17.03955024739165,39.158504611113564],[17.03972547895869,39.15816868835852],[17.039799883710497,39.15789822570442],[17.039882291110523,39.15754625935246],[17.039909550934254,39.15729255435496],[17.040014903748673,39.1565612942413],[17.040096762641888,39.1557506998763],[17.040253766656882,39.155281147454],[17.0404724796903,39.154757838906626],[17.04053305214853,39.15455075933735],[17.040609418037302,39.15428968246695],[17.040666233437626,39.154124785198896],[17.040790367365734,39.153764498714935],[17.04088937231825,39.153311319078675],[17.04090303405515,39.1532488380514],[17.040911180116538,39.15320433100351],[17.04091580994764,39.15317900806497],[17.040983859904262,39.15280676866134],[17.04100805624465,39.1527229397279],[17.041120278689192,39.152334152337346],[17.041138623767754,39.15226420984521],[17.041200794346175,39.15202717847746],[17.041224789790697,39.151935691294504],[17.041263740092987,39.15180585851676],[17.041350160581548,39.15151778851425],[17.04136855104382,39.151348918358394],[17.0413881566409,39.15116890834677],[17.04139767075829,39.15107976606563],[17.041405568326265,39.151005821423794],[17.041398208354806,39.15089719713182],[17.041384641976567,39.15069700336107],[17.04137733891314,39.15044898618762],[17.041375656827306,39.15039186786782],[17.041319945504295,39.150031505103236],[17.04097134862109,39.15001789657938],[17.040485599075836,39.14999502488821],[17.04046660618882,39.14990813668324],[17.040403048941133,39.14961735167973],[17.04037514723951,39.149489700362516],[17.04031710722451,39.14928277061111],[17.04028736903298,39.149176765076405],[17.040251358710428,39.14907155033273],[17.040070235183457,39.148747614144604],[17.04001480882253,39.148642457075105],[17.039940636804236,39.148501748050606],[17.039859497323324,39.14834781970231],[17.039833809344362,39.148307924031236],[17.03962947237986,39.14799058668044],[17.03957552580512,39.14792141223928],[17.039545616316467,39.147878275260105],[17.039436534002053,39.14774318346855],[17.0391506018795,39.147456042755124],[17.039126603619568,39.14743194413174],[17.03892866726754,39.14731556060575],[17.038832493046264,39.147259011601356],[17.038588347823907,39.147083228878934],[17.038547261659353,39.14705269918668],[17.038401862035947,39.14677629512392],[17.038326870932483,39.146613906760756],[17.03825235118291,39.146452554920906],[17.03819258682703,39.14632313370274],[17.038122183104118,39.14617842770677],[17.038069845457603,39.146070854474054],[17.037875402712583,39.14574589916519],[17.037728853941868,39.14550098482009],[17.03756847371517,39.145314358264784],[17.03754840322659,39.14528868258232],[17.037358381417302,39.14507704352779],[17.037263866663622,39.144876187272516],[17.03724773542204,39.14484190218641],[17.037237741874524,39.14473593167101],[17.03723185856957,39.14467354249634],[17.037214035381666,39.144484517291524],[17.037330059551504,39.14431200814613],[17.037369486597747,39.144253390443666],[17.03794281286527,39.144110162146866],[17.038516133010422,39.143966932369345],[17.03909809534488,39.14360277203655],[17.039335472779353,39.143510019942816],[17.03939582131106,39.14348622252385],[17.03953197606515,39.14343325818836],[17.039852194521437,39.14326713955589],[17.04051503263982,39.142991769049935],[17.040822566981774,39.142853511242706],[17.04115210573878,39.14265524830857],[17.04151735137887,39.14244102273903],[17.04193915446475,39.14225434254621],[17.042344120592368,39.1420201416296],[17.042665970388466,39.14181600277368],[17.042735598984457,39.141771848496454],[17.04290177028187,39.14167110136639],[17.04302040098854,39.141599175750514],[17.043359745457437,39.141373262083846],[17.043434978769223,39.14130583917131],[17.043630168384524,39.141125169158904],[17.043696903308437,39.1410386987634],[17.04385392004501,39.14083505127615],[17.043876446510303,39.14068178059744],[17.043892434360398,39.140566324924485],[17.043874682440666,39.14050781767492],[17.043833682754663,39.14037090244344],[17.043789621400606,39.1402237614008],[17.043505988382105,39.1399781718447],[17.04310754893131,39.139839462823346],[17.042666986598302,39.13981162545699],[17.042296658232175,39.13979237194157],[17.042228809316192,39.139787227019646],[17.041983419065282,39.139768832838996],[17.041682523182143,39.139358372949744],[17.041580073752677,39.13920799430745],[17.041477758087638,39.13905781131868],[17.04117665055175,39.13865659803874],[17.040923343986254,39.13830043291543],[17.040597491276316,39.13790036618283],[17.040370340225273,39.137605887665586],[17.040026474307588,39.13728801850881],[17.039644995519193,39.13691881358645],[17.03934654853136,39.13660677559871],[17.03901314560148,39.13627918877184],[17.038575702730945,39.135963316766315],[17.038209982565952,39.135781870787305],[17.037899192664298,39.135803446290176],[17.037437749221944,39.135795013076006],[17.036941435575926,39.13584744032593],[17.036582803086663,39.135854356248586],[17.036522069214822,39.13586202583872],[17.03632931980511,39.13588636632538],[17.03602929202832,39.13592424921819],[17.035579074261808,39.1360139359485],[17.0350965599562,39.136060920754396],[17.03463543741102,39.136092919338125],[17.034172757772144,39.13611152335298],[17.03371132190213,39.136166028630214],[17.03334385244436,39.13627247126199],[17.03282928500442,39.13644306479122],[17.032472873192006,39.13655772642465],[17.03201138967067,39.13660529261789],[17.031947843813363,39.13661206397443],[17.03180783166343,39.13663505184986],[17.03147979388793,39.13668899884387],[17.031357984905913,39.136664380991995],[17.03120509477069,39.13663348033794],[17.03111750850885,39.13661573369608],[17.030885724503623,39.13656893458966],[17.030766939482742,39.136544925652814],[17.030595999107636,39.1365103764772],[17.030543134451303,39.13649969307588],[17.030497579662327,39.13649048481852],[17.0303384724469,39.13645832789909],[17.030039967541715,39.136463028321785],[17.029808753271606,39.1364679341787],[17.029166772607937,39.13628789901419],[17.02878281169391,39.136161633299665],[17.028561426617348,39.136012047491306],[17.028523146414166,39.13598628363644],[17.028112843122827,39.13592912475457],[17.027753996675468,39.135929101972195],[17.027720539104852,39.135929099452426],[17.02713454968152,39.13597419955786],[17.02707739077144,39.13569489070472],[17.02692196081618,39.1354272927816],[17.026799597025793,39.135152484925236],[17.026859046694117,39.13485159180719],[17.027125238084245,39.13441495431936],[17.027450430397,39.13407764318096],[17.02745360058306,39.13378963942021],[17.02714822392332,39.13363093711023],[17.026710456287972,39.13326109326459],[17.02654633436181,39.13282280923324],[17.02641838626443,39.13265055856302],[17.02637584381158,39.13259323045542],[17.02628455168264,39.13247072516866],[17.026264775389926,39.132443829882455],[17.026222263671432,39.132386606601315],[17.025966978719715,39.13221693018019],[17.02590359949493,39.13217487605039],[17.025540356158178,39.13200220487476],[17.0252355992253,39.131861448894554],[17.02494117356995,39.13169748733452],[17.024871856890826,39.13165768770847],[17.02464767419799,39.13152896680691],[17.024398468786703,39.131343894132435],[17.02435147524925,39.13130495206319],[17.024007883161303,39.13102022029537],[17.024281428123814,39.13069028251919],[17.024879381259588,39.129971084902216],[17.025318602532497,39.1294443944077],[17.025612973010286,39.12916968933903],[17.025938646011486,39.12886697620669],[17.026173322187198,39.12864880596443],[17.026397191096052,39.128435440371874],[17.026774223717247,39.12808822759627],[17.02680468176342,39.12806198096542],[17.026882975249062,39.127988075127625],[17.027153508033738,39.127753496853146],[17.027389541907464,39.12750779165079],[17.027128700563225,39.1272965496778],[17.026787631963032,39.12748206972327],[17.026219861838154,39.12755688001927],[17.025800179843127,39.127473672584216],[17.025279369805048,39.12733030084838],[17.02513131289671,39.12725036194238],[17.024727115137342,39.12703138868185],[17.024291614583827,39.126769289857315],[17.023865768325717,39.12645255399812],[17.023523029023227,39.1262064944486],[17.023085329132396,39.125836630208155],[17.022749215576127,39.125446225534624],[17.02235632138706,39.12506424908444],[17.022044981297956,39.12466313706879],[17.021824935352257,39.1242781717868],[17.021771283334683,39.123985116040636],[17.02180128190772,39.12380911575774],[17.021839561546837,39.12358469006343],[17.022084286707933,39.123212487046004],[17.02231009246427,39.12300349055071],[17.022706797160822,39.122787165331765],[17.023014119594567,39.122559019446214],[17.02321549931862,39.122338230776414],[17.023473847443466,39.12207301131204],[17.023835222674776,39.121724217696936],[17.02418451875262,39.12142121949555],[17.02445973337673,39.12091202303641],[17.02443888907559,39.12060319579256],[17.024458683949796,39.120510238822106],[17.024550693480144,39.12007835931697],[17.02495633972306,39.119712993456154],[17.02535043761966,39.119334946519395],[17.02593735912962,39.11881313374362],[17.02625297182036,39.118543958225494],[17.026560458771282,39.11834277429037],[17.02669469849706,39.11834050111141],[17.02698623178074,39.118335621708155],[17.027437867044338,39.11838939059548],[17.027807686825543,39.11834623800173],[17.028189076490406,39.11826134012541],[17.028666636503402,39.118007896082446],[17.029009390544847,39.11787623878105],[17.029369655771422,39.117896201243816],[17.0296791707601,39.11794627550129],[17.030053609003385,39.118028002915985],[17.030469093969373,39.117932390311424],[17.03070579508415,39.117718109517725],[17.031301636951426,39.117582672500724],[17.031720366568745,39.11773727742988],[17.03211722070649,39.11784836679763],[17.032180401281185,39.117606461160676],[17.032226030239276,39.11743173594023],[17.032232916651335,39.1174053630342],[17.03222749227824,39.117117956737474],[17.032230656159904,39.11682995478675],[17.032014245077413,39.116552688004845],[17.031964908738562,39.11653363824692],[17.031475586636727,39.11634722541848],[17.03145762291486,39.11632248061797],[17.031307760549286,39.116116057114866],[17.031217142550197,39.11580308230223],[17.03127352922348,39.11541246586907],[17.031307400850693,39.11534954349364],[17.03135737215003,39.11525672877551],[17.031414588825957,39.11515040997544],[17.031670527572697,39.11465644143626],[17.03174290549241,39.11436813332667],[17.031767162306625,39.11402470439676],[17.03181523384923,39.11367512812483],[17.032487482636427,39.11339574583717],[17.032564034156717,39.113364271239114],[17.032737273422182,39.11329193110399],[17.032774053203916,39.113276877560686],[17.03286172120706,39.113240210622365],[17.032985204373436,39.11318888967162],[17.033061948680437,39.113156994886694],[17.033648408240065,39.113048866612615],[17.033749016112406,39.11298010192424],[17.0338973648305,39.112878707265196],[17.033929067383244,39.11283509399965],[17.034047622541195,39.11267200546433],[17.034141696427817,39.11254333718916],[17.034177430142186,39.11255342543329],[17.034393765765696,39.11261452650184],[17.034714440470005,39.11270508450704],[17.035172342305735,39.112740356527944],[17.035765562456127,39.112784655626086],[17.03641547056987,39.11275344499596],[17.036965951268733,39.112620814118166],[17.037378272183687,39.11246629187832],[17.03784627489586,39.11221797016063],[17.038209899803924,39.11197102146404],[17.038310890258575,39.11190243595003],[17.038536807003968,39.11176368600791],[17.038607593577833,39.1117199775346],[17.038673229065047,39.11167914377942],[17.03907738517396,39.111601938049496],[17.03960599314306,39.11160106421531],[17.04002741101239,39.11165739725208],[17.040580762879067,39.11174447988203],[17.0409181436062,39.11178393260103],[17.041377436397433,39.111720639579055],[17.041693453984085,39.111690112179964],[17.042004908772938,39.11165049023619],[17.042557100634017,39.11155819722278],[17.043071894935967,39.1113785449609],[17.0437051680839,39.11127610254984],[17.044531917463335,39.11106129461118],[17.046328884320385,39.110410364504446],[17.047293053093174,39.11018598852103],[17.047812289159964,39.11015889423459],[17.048325980649633,39.11008710896431],[17.04897520453614,39.109956684696506],[17.049524201947765,39.10976114539482],[17.050017170909037,39.1096054691204],[17.05058046751152,39.10947188246354],[17.050959418769754,39.10939157351834],[17.05142004293116,39.10931908675314],[17.05141093792707,39.107916791792185],[17.05140628367639,39.10775542499779],[17.051137696305418,39.10778807900284],[17.05102018673014,39.107802266357815],[17.05086622419082,39.10782093561918],[17.05057442775646,39.10785631868639],[17.05000519487244,39.10792537489227],[17.049904441798425,39.10793759778067],[17.049435959353012,39.10799442937342],[17.048866723386414,39.10806348107838],[17.048714976591963,39.10808190534379],[17.04867974712842,39.10808618743466],[17.04864331218179,39.10809060725207],[17.048654188680985,39.10767553093365],[17.048655833546444,39.107613688180855],[17.048657787387146,39.10753919929915],[17.048659761991676,39.107463782675666],[17.04867635755,39.1068298874821],[17.04868103094202,39.106177568276486],[17.048677829824534,39.1056831593888],[17.04863291718462,39.10524361023314],[17.048629930672696,39.10521436685762],[17.048549440849392,39.10499961189405],[17.048504676372925,39.10487676945718],[17.048463603228203,39.104622334704544],[17.048445096988768,39.10450768946152],[17.04860731698718,39.10401082116172],[17.04863069504592,39.1039107722568],[17.048689727790084,39.10365759238779],[17.048697008471777,39.10362751408588],[17.04871994396223,39.10353081981945],[17.048847753224834,39.10317971229682],[17.048859358844226,39.1031477299348],[17.048928390816407,39.10274292863912],[17.04888656745655,39.1024008554511],[17.048883143902845,39.102372853851776],[17.048679903206676,39.10213516882011],[17.048257035249858,39.10200702768943],[17.047771528765892,39.102013949130715],[17.047347141367087,39.10207491479235],[17.046840630884272,39.10213707195063],[17.046717923382158,39.102170455562714],[17.046507613358486,39.102227674330194],[17.046242910708546,39.10227328961058],[17.045986362953542,39.102317429442195],[17.045733403528956,39.10235679044976],[17.045411016223877,39.10240691564405],[17.045108983604297,39.102390600628034],[17.044903898604076,39.10237952243795],[17.044582984834634,39.10237061493622],[17.044348819434944,39.10236411420651],[17.044303542776994,39.10234941914593],[17.043871573658116,39.102209228484554],[17.043812634291697,39.10219009879687],[17.043458015198013,39.10194044865819],[17.04327292940111,39.101508140127336],[17.04313356154528,39.10112212892024],[17.043004936442212,39.10064092293563],[17.042932685710625,39.10047349270685],[17.042818429587044,39.100208716728844],[17.042601355272076,39.09990003941967],[17.042145061224293,39.099770218216705],[17.04180308684371,39.09988352939453],[17.0415460705301,39.09994976719431],[17.041319501259295,39.10000815823478],[17.04124874253689,39.10002639440917],[17.04120527798751,39.100037407967186],[17.04098176363347,39.100043519087436],[17.04088302170651,39.1000461987948],[17.040778931737986,39.10004906354337],[17.04038389470153,39.1000537065508],[17.039746992778518,39.09998569999517],[17.039208726826057,39.099991925543904],[17.0391236111864,39.09999291147273],[17.039196550947068,39.09978897685936],[17.039247214212445,39.09964732514307],[17.03936519453051,39.099317458883995],[17.039412149208317,39.099186177435456],[17.039542834868804,39.09886562388882],[17.039574396208145,39.098788211947124],[17.039698124922396,39.09862539047813],[17.039778187242145,39.098515194965515],[17.039869164591217,39.09839331406144],[17.039885912842188,39.098370877088776],[17.04001877745198,39.098132332219414],[17.040091665764624,39.09793218966796],[17.040104845997025,39.09789896746633],[17.04013624195234,39.09781457466606],[17.040169829508525,39.09761849126297],[17.04018562922101,39.09752685699293],[17.039798468111307,39.09731575815804],[17.039403849984964,39.09727121028424],[17.038986443936288,39.097241724432465],[17.038546545833363,39.09721830997769],[17.038214035329638,39.09729982769513],[17.037820638512777,39.09744813667039],[17.03755154182044,39.09763159674764],[17.03718028863151,39.09689452426107],[17.036674881917598,39.09608914462611],[17.03647069824817,39.09577956184253],[17.036168431539238,39.0953688542457],[17.035776396488096,39.09495540391646],[17.035313426025105,39.09456483091648],[17.035029818344256,39.09435518334167],[17.034664410391336,39.094124226956026],[17.034145406561034,39.09377352494157],[17.03364130217703,39.09350273430599],[17.033207925227618,39.09330794558688],[17.032800586982173,39.09327326198956],[17.032306786246412,39.09331200158914],[17.03173290036299,39.09349118669819],[17.031215373640595,39.093608019428665],[17.030538857017174,39.093785326999495],[17.03016065413573,39.093896970436205],[17.029841343647345,39.09403153217517],[17.02946151530321,39.094116322455655],[17.02903508525457,39.09415936656621],[17.028366188804696,39.094201237929354],[17.028127799888892,39.09437514433176],[17.02790361576112,39.094597517067484],[17.027665030104306,39.094807406633166],[17.027371433571265,39.09500313163201],[17.02707079590532,39.09515233424291],[17.026849771994552,39.09526687884252],[17.026248910425306,39.095301212908495],[17.025904362623066,39.09545943856118],[17.025479184906168,39.09560183158637],[17.02507849056464,39.09570604908147],[17.024865229630652,39.095739106261625],[17.02460644331546,39.09577922109314],[17.024200267079525,39.09578487298149],[17.02407547001116,39.09582071246232],[17.023595295745533,39.09595860960919],[17.023560508033285,39.09596859987741],[17.023353261192447,39.09604940306063],[17.022972775456587,39.09619774565326],[17.02185701036314,39.096328901209496],[17.021474153697966,39.09625698987972],[17.021125173320822,39.09618223485021],[17.020753185568378,39.09609557118146],[17.020372536176513,39.095912793800075],[17.02028476722499,39.095871703146514],[17.020243809170186,39.09585942775499],[17.02009954313877,39.09581619017219],[17.01974852778863,39.0957109863601],[17.01931855936335,39.095536299291275],[17.019256931604765,39.09551126944061],[17.019142521704012,39.09546199298778],[17.019104366147324,39.095445546303665],[17.018753240243345,39.09529432728226],[17.01828600469911,39.09516929074858],[17.01778838999789,39.09506884291715],[17.017310402907857,39.094985250273965],[17.016875101823167,39.095118559108585],[17.016190768467776,39.095417736824025],[17.01566266952921,39.09553073798233],[17.01522616588435,39.09563738050269],[17.014857072792775,39.095689903459146],[17.014430487324475,39.09578237480442],[17.013927301794748,39.09591162107637],[17.013511836915377,39.09602578951694],[17.01313872909795,39.096258457869475],[17.01275084256594,39.096424681198364],[17.01236365118066,39.096622349877286],[17.012225363664637,39.09666278180865],[17.011880553985904,39.09676361682789],[17.010671352388755,39.096964172001165],[17.009885988046697,39.09696877505977],[17.0092986591875,39.096878175962125],[17.0092210197174,39.09686619813923],[17.009059351192125,39.0968575429712],[17.009016287808834,39.09685539079539],[17.008617519602026,39.09683359487153],[17.008413475591766,39.09682308062285],[17.008302311915518,39.09681641121559],[17.008126354887708,39.09680554186906],[17.00786700105476,39.096789286159286],[17.007765401341945,39.096782917307856],[17.00739367794639,39.09670392285684],[17.007286376840725,39.09668112022765],[17.006765522651218,39.09660910186102],[17.0067223103657,39.09660268995114],[17.006290593356265,39.096538624622454],[17.00616857980892,39.096446623018004],[17.006098469774717,39.0963936650182],[17.006006516733674,39.09632442244908],[17.00569505328638,39.09600871198395],[17.00530855452011,39.09578702930894],[17.005233337799993,39.095743887399415],[17.004898501963915,39.09577219734185],[17.00479127876494,39.09578126302603],[17.00468458947564,39.0957902845187],[17.004646026069153,39.09573479563706],[17.004443378969356,39.095443211025874],[17.003818474836486,39.09528837051165],[17.00373377976539,39.095267379385035],[17.003304150791354,39.09519364759638],[17.002676086941673,39.095075164286705],[17.0021410355548,39.09501320549688],[17.001747103042405,39.094923499888736],[17.001510626383354,39.09483928863122],[17.001429844344173,39.094810521360316],[17.0011253011577,39.09466968072203],[17.000655557125327,39.09438286557314],[17.000644390901492,39.0942761631049],[17.00062238636391,39.09406589309812],[17.000617951208906,39.09391660786203],[17.000610653270677,39.09367100508907],[17.00046214316252,39.0935143056904],[17.000435251545667,39.093483090760316],[17.000410662687877,39.09345998619905],[17.000334068175842,39.09321795545823],[17.000416361609766,39.09303436436952],[17.00044274944549,39.092981122996974],[17.000535437929162,39.09285038390683],[17.000741073287813,39.09256003597806],[17.000736022202815,39.092379123114206],[17.000733557647756,39.09229103402792],[17.000615580221705,39.092118109842076],[17.000543124675612,39.09201190833025],[17.000265768044425,39.09167775395237],[17.00019322385775,39.09158641089709],[17.00010445803107,39.091449824510654],[17.00002681054195,39.09132809348863],[16.999794790941156,39.09089894728467],[16.999609888045825,39.09051601842364],[16.999445709231768,39.09002372567333],[16.999535395136117,39.08951841515281],[16.999665580267116,39.08921712604772],[16.99979714767802,39.08897871398371],[16.999938085121386,39.088645223239666],[17.0002748748383,39.088334177846555],[17.000572594861637,39.08817422622012],[17.000828378077284,39.08781031365092],[17.000990187523414,39.087457386351545],[17.001122396378243,39.087173969985145],[17.001194663865046,39.086921656840666],[17.001245431211174,39.08659439402574],[17.00131065601811,39.086438444812465],[17.00145070742825,39.086103566920706],[17.001866797494415,39.085665625867854],[17.002415278465453,39.08546585817994],[17.002921972982772,39.0853678982928],[17.00325448799673,39.08527298496392],[17.00373356509578,39.08504652852529],[17.00407068994567,39.0847894147697],[17.00430777988551,39.084489741679334],[17.004519189613223,39.084205323721065],[17.004836442940075,39.08362133161505],[17.005206631082764,39.08337087407739],[17.005243573149016,39.08334587916299],[17.005515145405706,39.08313375728499],[17.005829273699153,39.08272533849454],[17.00648952996563,39.082405401729424],[17.006846295146723,39.08237175505742],[17.007166721473464,39.08225966999219],[17.0075315746665,39.082081560561114],[17.007916767008098,39.081740184562044],[17.00803837425511,39.08151593514631],[17.00829726418497,39.08126871148673],[17.0083432921628,39.080950762660656],[17.008428798562193,39.0806816074603],[17.0086637527561,39.08035753414506],[17.008922152200785,39.08010585017247],[17.009310700579576,39.07990810268776],[17.009765035870505,39.079629387130915],[17.010092514168043,39.07936391849445],[17.01047523279642,39.07901369916038],[17.010816326036288,39.07885521698293],[17.01124272536341,39.07874927487854],[17.01171524185887,39.07865789819034],[17.011994919293482,39.07856004464075],[17.012029410014968,39.07854797877339],[17.012114972185866,39.07851805248639],[17.01238216893681,39.07816684265072],[17.012521976335297,39.07788738405565],[17.012608935968352,39.077625062556436],[17.01289687119267,39.07640454113306],[17.012942439940726,39.07627493063137],[17.013237966634854,39.07542307720771],[17.0135018105553,39.074662535059545],[17.014211768317736,39.07262636433038],[17.014476598527157,39.07214040719164],[17.01458156027679,39.07185884484164],[17.014930514216072,39.07146597174594],[17.015345408844688,39.07108203620151],[17.015561721461758,39.07087447666612],[17.015739336290753,39.07070404581424],[17.016031015137635,39.07034170610627],[17.016076654237292,39.07028501292436],[17.01618330022779,39.070159335027],[17.01643400628702,39.06986458841384],[17.0166541582046,39.069543576429155],[17.016919823949753,39.0691159980677],[17.017059092952,39.06869267220752],[17.017115957739005,39.06829304257529],[17.017197497228192,39.06786921772105],[17.017442176030098,39.06751053781951],[17.017724372178574,39.06726617815107],[17.0177525577263,39.06724180458279],[17.01784415250192,39.06715751993069],[17.01815159460353,39.06687688871975],[17.018152531695932,39.06653058370933],[17.018109721762976,39.06620529927989],[17.0180441990372,39.065908551296815],[17.01800903593085,39.065744817973005],[17.017976641274558,39.065593966559426],[17.017991937696046,39.065323119626676],[17.018022898466764,39.06528664417063],[17.018258963398992,39.0650213509416],[17.018303195931033,39.064865401287335],[17.018316854031358,39.06481379511002],[17.018402236450655,39.06449118051087],[17.018162165299003,39.06437525575107],[17.017948684717346,39.06427243702324],[17.017810577766994,39.0642063750003],[17.01743014992292,39.064113760783464],[17.01730915845711,39.06408415324043],[17.017029697859762,39.06400355600927],[17.016831563134595,39.06394651825467],[17.016730391331432,39.0639271399386],[17.016363477529346,39.06385685254976],[17.016262570353568,39.06383751665348],[17.016117754534502,39.063790283672866],[17.015841752580734,39.06370026289797],[17.015752595832232,39.06364226532424],[17.015505848264947,39.06348175201075],[17.015323173280308,39.06336291931807],[17.01501724979476,39.06324348195357],[17.014898789282558,39.063197414334965],[17.01471653246402,39.06312609378134],[17.01436075145646,39.06293648639884],[17.014285671009876,39.062896474422615],[17.014199236105622,39.06285041112817],[17.014163903959176,39.06283158155813],[17.01377225612328,39.06262624275596],[17.01365640075836,39.06256519063718],[17.013390821037017,39.06245670980864],[17.01305512476322,39.062319208224736],[17.0124650075686,39.06207559573739],[17.01223329528177,39.061977021444875],[17.012127213492434,39.061931506701136],[17.01183377181897,39.061805642975145],[17.011564255569876,39.06160394551898],[17.01118759286684,39.06136018411404],[17.010862876234196,39.06131968360439],[17.010767770176013,39.06130369986],[17.010713735150013,39.0612941996462],[17.01043200506459,39.061246058166454],[17.010131490453656,39.06123099161906],[17.010015437405848,39.06122564480791],[17.009554860559675,39.06121676655342],[17.00915692342113,39.061140858519245],[17.008763252821055,39.06106465593974],[17.008691481541437,39.06104657536926],[17.008412937825874,39.06097644655195],[17.00813352140268,39.0610184690674],[17.00802779309051,39.06103439611373],[17.007804745724062,39.06106795576005],[17.007375145994388,39.060967248983815],[17.007240188891732,39.06080769256397],[17.00720532735378,39.06076647713635],[17.007118034052827,39.060668525778425],[17.007130731618272,39.0606435335703],[17.007149269501788,39.06060135530983],[17.007258429214374,39.06030936794632],[17.007507623103322,39.060027292458265],[17.007599639076968,39.05992888542479],[17.007818228619566,39.059694345269676],[17.00791118500509,39.05959470029464],[17.008108901776687,39.059461457714825],[17.00814606689057,39.059436139435086],[17.00844547662515,39.059234015892415],[17.00848689830318,39.05919846568806],[17.0086574536117,39.059052086263605],[17.008884242423225,39.05885744381843],[17.008998772451932,39.05876107502595],[17.009060477974028,39.05870915493744],[17.009183434739555,39.05860569411486],[17.009268511162087,39.058534108792074],[17.00957926654495,39.05833183226408],[17.00971870492268,39.05824106681926],[17.00977881759548,39.05820359900905],[17.0102476041517,39.057820451052194],[17.0103342417235,39.05774995228898],[17.010369015051193,39.05771936945906],[17.01077248069663,39.05736453194363],[17.010923923927297,39.05723134115541],[17.01100010928245,39.057164337260765],[17.011300348085133,39.056934934086186],[17.01153071818225,39.056758916209006],[17.011571108849573,39.05673693072167],[17.011838021304428,39.056591635435566],[17.011891995756592,39.05656225514315],[17.012003926323903,39.056501325163644],[17.01238111353479,39.05629599822373],[17.012517353142428,39.05622183391947],[17.012760826136937,39.05608929576345],[17.012921429806614,39.055975199416274],[17.013155496969897,39.055809009705854],[17.01324483666243,39.05572188593893],[17.0132808810233,39.05568673934572],[17.013426908354557,39.05554409587086],[17.01375182867116,39.055269810227166],[17.014280631194687,39.05508935139695],[17.014645493736463,39.05493820639459],[17.0150018860265,39.05494053541785],[17.015470169480704,39.055052020760655],[17.015872561804308,39.055015193440255],[17.01630099314963,39.05501702742169],[17.01692312464018,39.05502345267331],[17.017360957029837,39.05500663755906],[17.017503005349404,39.054987820237734],[17.017896957084897,39.05491732986162],[17.017955253507417,39.05492311445558],[17.017995043281697,39.05491648749997],[17.018154858234904,39.05483357971026],[17.018201213407263,39.05481277911936],[17.018246382231005,39.05479251027467],[17.018273247042288,39.05447256683625],[17.018261804550082,39.05427041152009],[17.018258838000676,39.05421112733673],[17.018248071666438,39.05402673457419],[17.018244454162655,39.053965237234856],[17.018320461638016,39.05357206931701],[17.01833520379605,39.05349581692],[17.0183744108593,39.05321605562502],[17.018386060073478,39.053119056704126],[17.01839247580401,39.05308715430253],[17.01851585817033,39.052853786903455],[17.018471422966726,39.05267189338555],[17.018447462400694,39.05257379035252],[17.01828974265224,39.05247206125875],[17.01794416487563,39.05224915183596],[17.01790807642101,39.052225873626355],[17.01785892089178,39.05219636979948],[17.01764989273027,39.052072876099395],[17.017510732339208,39.051913467574295],[17.017441591349677,39.05183426570028],[17.017336439098873,39.051713811510226],[17.017234293568347,39.05139895689918],[17.01721884045448,39.05135132319337],[17.017121155610432,39.05101230160313],[17.017113151784205,39.05095768089335],[17.017088385843746,39.05078868815153],[17.017063101815364,39.05061611416567],[17.017047723525494,39.05041522839481],[17.017042765523836,39.05035045938715],[17.017015181825577,39.050305925895366],[17.016932419473143,39.05017230546919],[17.016859273039678,39.05005421290017],[17.01681690833826,39.05003507827638],[17.016556697673327,39.0499179682067],[17.016521100764685,39.04990131500698],[17.016266527728003,39.04974030840905],[17.01618327209151,39.04968773906479],[17.016158582105483,39.049649745589534],[17.01600150549531,39.049408038844824],[17.01533906183386,39.049338598137986],[17.01520046497498,39.04932406762029],[17.015119982105773,39.04924514065529],[17.014846039308622,39.048976483957716],[17.01502033203928,39.04865303231881],[17.015130138145068,39.04838913224773],[17.015225275418043,39.048072280980755],[17.015212218703653,39.047628037647115],[17.015211988280633,39.047586921119695],[17.01520987566183,39.04721453232605],[17.015097769953243,39.04690012075354],[17.01486473341444,39.04651743441188],[17.014743766089257,39.04633149346156],[17.014697717047742,39.04626071001546],[17.0146726872043,39.04620377019745],[17.0145518685231,39.045928919469915],[17.014554842190307,39.04575728158772],[17.01455597023225,39.045684302409484],[17.01455187120849,39.04557195975692],[17.014547203884504,39.04544384266861],[17.01483386011042,39.045302601415365],[17.015986017180364,39.04519142317847],[17.016420852370246,39.04502195209686],[17.016302916881838,39.04459382537946],[17.015946615671098,39.04459160384331],[17.015622581030623,39.04456906276393],[17.015298032867946,39.04412386077944],[17.015100125589044,39.04370415673741],[17.014984441709828,39.04325522773556],[17.01484322259255,39.04276139077046],[17.01464059136276,39.042196657296635],[17.014456118704945,39.0418785745814],[17.014302177830263,39.04142689307154],[17.014271800226634,39.040943808987485],[17.01421255671801,39.040511749877],[17.01491541250474,39.0404811112175],[17.015396148753936,39.04075363231543],[17.01568163335973,39.04023475627287],[17.015623878028958,39.03973964256414],[17.01558810092921,39.03938688874206],[17.015482558152765,39.038972215671535],[17.015215333413288,39.03859384703527],[17.015028583195615,39.03833290754104],[17.014847942297,39.03808515641949],[17.014846210571417,39.03803737816927],[17.014840119651407,39.03786952593576],[17.0148332621753,39.03768048198176],[17.014857460045725,39.03762026136859],[17.014870546645003,39.03757411928732],[17.01492365279632,39.03737898440417],[17.014938045497264,39.03732661319191],[17.014950273681773,39.03730027155246],[17.014969274453655,39.03726023240659],[17.01501521490388,39.03716358172823],[17.015050140228087,39.03709035231062],[17.01527385806175,39.036830990193685],[17.015342887175592,39.036750889832696],[17.01542799501542,39.03671870750447],[17.01563744340208,39.0366404430322],[17.015898752192008,39.036491967028965],[17.016088745796818,39.0362360020838],[17.016292400559404,39.036024600298],[17.016460025832746,39.0358505952648],[17.01667141669863,39.03576602259423],[17.016704816513347,39.03575266014787],[17.016745801820516,39.0357361477853],[17.016888075399255,39.03563843199518],[17.016920360786337,39.03561629634858],[17.017015528069084,39.03555136418109],[17.017216554489362,39.03524066863906],[17.0171492161402,39.03487661850593],[17.01731155788489,39.03455511667049],[17.017546888759593,39.03455495772728],[17.017902455342913,39.03455471502782],[17.0181504565384,39.03463441574267],[17.018191154411866,39.034647143576514],[17.01853285546524,39.0344706108471],[17.018855333590903,39.03434038519135],[17.019125428070268,39.03415532421512],[17.019416445167938,39.03380624607673],[17.019488779259913,39.03373870944175],[17.01959965058028,39.033634934071365],[17.01966300035558,39.03357574518349],[17.019850870476528,39.03339993803976],[17.01990243731983,39.03335167018907],[17.020002101918482,39.03325838365036],[17.020319751077444,39.03312397467697],[17.02076359464334,39.033237152995355],[17.021089702636484,39.03329101477616],[17.02145694466153,39.03322512908473],[17.02171985976356,39.03314274377738],[17.02179506943182,39.03311961123793],[17.021831680742345,39.03310733446596],[17.022158549499093,39.03309560971704],[17.022304378226316,39.03306182873881],[17.022418706048754,39.0330370218762],[17.022546140881442,39.033005824325336],[17.022892071377836,39.03289193882943],[17.022977676485965,39.03286832142973],[17.023349018740294,39.032765871825056],[17.023531919600845,39.03267257935182],[17.023746801533743,39.03256297173937],[17.023798372534277,39.032508732272525],[17.023993948271734,39.03230303592931],[17.02406462409016,39.03228765686419],[17.0243272705708,39.0322305030978],[17.024628645788532,39.03217787304963],[17.02475406667689,39.032155970354374],[17.025168672746222,39.032113775311544],[17.025196016016736,39.03209752943877],[17.02541877356163,39.03196365657135],[17.025626658734932,39.031654890367776],[17.025705578592262,39.03150945902623],[17.02572130598054,39.03147804293969],[17.02592330477126,39.03110823804834],[17.02603117105466,39.03100513630737],[17.026192641903844,39.030859578161724],[17.026572905118993,39.03077546374925],[17.026778046594906,39.03080201048792],[17.02700296667258,39.0308311150204],[17.02736033819569,39.03085281916455],[17.027418060881438,39.030856323554076],[17.027641675977492,39.03089357779699],[17.027947283761762,39.030944489373915],[17.028218737112336,39.03098971116146],[17.028525714843003,39.030961395300615],[17.028610971870197,39.030953530597564],[17.02889724390708,39.03081883994852],[17.028922641644623,39.03077532942937],[17.02906010655093,39.030531215315555],[17.02914373317666,39.03021515390246],[17.029377100838545,39.02989772279556],[17.029844295357112,39.029671998707634],[17.030143326853377,39.029538854617236],[17.030482715167953,39.02938044277357],[17.031032740946337,39.02913549226091],[17.03136574398667,39.02908543027872],[17.031757435012846,39.02904478221963],[17.03213517335747,39.02898263053932],[17.032266637847233,39.028962175132605],[17.032710130211715,39.028893326172614],[17.03303344039494,39.02882144301605],[17.033185027438776,39.02875109338135],[17.033352373319087,39.02867342963047],[17.03355346570863,39.02845460790174],[17.033660052777247,39.028338622770505],[17.03373192316183,39.028260416215105],[17.033812895400946,39.02819863501352],[17.03408171477822,39.02799340735275],[17.034181792184693,39.02782890093809],[17.034270050645194,39.02768352122681],[17.034320984074473,39.02756449906405],[17.03440093284666,39.02737768033681],[17.034760173702917,39.02746968804927],[17.03520208138177,39.02751548082077],[17.035455305063135,39.027442795073355],[17.035511893927207,39.02742655228636],[17.035990357641566,39.02724947346287],[17.036324409101,39.02721770759508],[17.03646588469286,39.027327785554775],[17.036562740879198,39.02740314702106],[17.036929855935504,39.02732372139205],[17.037004171792603,39.02734887227824],[17.03719666284619,39.027414016597945],[17.037415049632692,39.02748789813744],[17.037580346479515,39.02754378815232],[17.037652545446225,39.02727711539107],[17.037696970329222,39.02711303004826],[17.037792089304713,39.02680966641284],[17.037927517516803,39.02673247808924],[17.03813316421343,39.0266152306443],[17.038550143931687,39.026707716063235],[17.038830935120465,39.02683213573298],[17.03936846456715,39.02704665112335],[17.03973078335202,39.02716539352555],[17.040013081433123,39.02726712118945],[17.04014096674558,39.02731230946995],[17.040215493621634,39.02732843337582],[17.040431430513063,39.02738407549798],[17.04058142289117,39.02742113380991],[17.040792103791293,39.02728672959227],[17.04084464524635,39.02725509904018],[17.04095656217796,39.027249687602065],[17.041429811905644,39.027227368978906],[17.041801940192435,39.02731844099386],[17.042253048358077,39.0273186094465],[17.042644763064,39.02721498911548],[17.0430320887429,39.02709817256226],[17.04331799988221,39.0269389418191],[17.043738330261103,39.02677036194236],[17.044570297181387,39.026748595676764],[17.045028194266642,39.02663136633301],[17.045289370702157,39.02648283667759],[17.045400077676465,39.02622783687549],[17.045419848820945,39.02579480923653],[17.045560695594755,39.02542529597729],[17.04566611463658,39.025098724761584],[17.045935114517526,39.02477878923532],[17.046273336537766,39.02453497375632],[17.04668607438625,39.024438868267744],[17.047114273804947,39.02444060975312],[17.047428404567214,39.0244907346483],[17.047741618944972,39.02454543323197],[17.048200390540217,39.02442363728661],[17.048719854810738,39.02398736118913],[17.049025881602176,39.02377724993666],[17.04960956733923,39.02365128488778],[17.049659992461834,39.02365575901846],[17.05017586054359,39.02370177307521],[17.05030955287418,39.023715776724025],[17.050769480957022,39.02376395021802],[17.05097864348073,39.02377032578412],[17.051219231427744,39.023777659777544],[17.051734685083833,39.02364741801072],[17.051781968151463,39.02362397202509],[17.05186821779197,39.02358120382042],[17.051947592984245,39.02354142677912],[17.052008842247623,39.02351147145117],[17.0523041096863,39.02333357603068],[17.053068895517264,39.02300164250354],[17.053410627457595,39.02291494156232],[17.053814123033163,39.02286441040451],[17.05390748879514,39.02284383203467],[17.05403158026596,39.02281648578009],[17.054112198339507,39.02279872134415],[17.05426115387159,39.0227658966256],[17.054542076221292,39.022736312372565],[17.05468565669008,39.02272266337326],[17.055242140406595,39.02259808784541],[17.05552731735361,39.02253400581183],[17.05557483195034,39.022521525434065],[17.055802975621493,39.02246159804898],[17.056109343899895,39.022381122880084],[17.056264562030346,39.0223670657666],[17.056367536817977,39.022357740369486],[17.056960007305243,39.02230408202169],[17.057433989555058,39.02219459475784],[17.057501982091843,39.02219664517671],[17.057885156329363,39.022208198704504],[17.05808586145109,39.02226187992969],[17.058418819307043,39.02235093526753],[17.058550667221855,39.02245296888857],[17.058691879602414,39.02256128114541],[17.058941448017727,39.02287543974238],[17.059061055282797,39.02302527389471],[17.059192242328407,39.02330764488307],[17.059219413461722,39.023366128093635],[17.059196226814247,39.023757015570055],[17.059191333000033,39.02383951532991],[17.05906393422852,39.02422812417267],[17.05890660083882,39.02439946665526],[17.058818067484268,39.02449496856355],[17.058701803343478,39.024690696349765],[17.058553385360515,39.02494055260556],[17.05851743717463,39.02515316485479],[17.05849492117145,39.02528633831731],[17.05858154806593,39.025598354492786],[17.058634747386918,39.02578996734018],[17.058734606255083,39.02586860225318],[17.05889729503401,39.025996711505925],[17.058941836932,39.02603086292686],[17.059105730342722,39.026141554910915],[17.059260201181374,39.02624483163062],[17.059488103290107,39.02643459942129],[17.05956920088042,39.02650212623785],[17.05974052238011,39.02665182677084],[17.059979552888436,39.026858797442294],[17.06022044513904,39.027043415397934],[17.060371342872592,39.02711969196276],[17.060560154252098,39.02721557166174],[17.060637299570093,39.02725395819122],[17.060980845263845,39.02742463039838],[17.061202228349234,39.02767349601318],[17.06147001808329,39.027925666107905],[17.061629968090916,39.0280861567246],[17.06174389827848,39.02820339173757],[17.061883336699363,39.028251430341996],[17.062243435846842,39.0283754061526],[17.062383655991074,39.02842369099881],[17.06264857198233,39.02846306826553],[17.062756908000935,39.02847913955931],[17.062832700942806,39.028486897566744],[17.063149168756066,39.02851928991369],[17.063420442921846,39.02858538993214],[17.063464956430867,39.02859623513949],[17.063769053612518,39.02883464603657],[17.064046294821537,39.029050381304444],[17.06430126835827,39.0292532074974],[17.064576340988697,39.02953056403948],[17.064632660304703,39.02967383658358],[17.06468818330985,39.029815084433544],[17.064666582192565,39.030121121848865],[17.064656290184566,39.03026695032714],[17.064597845325874,39.03038613846473],[17.064519583270844,39.03054573639421],[17.064501680089737,39.03058224492072],[17.06445996747188,39.03066731088717],[17.06433888088918,39.03090026672412],[17.064275674687984,39.031021856309614],[17.0642601526355,39.03104581031356],[17.064030642312016,39.03134917104737],[17.06402882650399,39.03147758642106],[17.064027782709243,39.031514572705845],[17.064024813096847,39.03163522017349],[17.06416033009201,39.031915704089144],[17.06419719198879,39.03195238870672],[17.064241535369277,39.03199651684872],[17.06440188595083,39.032155188351226],[17.06445378066487,39.032200555280575],[17.064730316134174,39.032438097993705],[17.065300836265312,39.03220953310757],[17.066011208965627,39.03193076712035],[17.066351017956215,39.03177671616038],[17.06647112141596,39.03172427956631],[17.066540452187763,39.031694002860355],[17.06666631317139,39.031638560881795],[17.06704760656115,39.03142713041666],[17.06743510168399,39.031274250285335],[17.06783118485831,39.030931917020936],[17.068288440800977,39.03079666301878],[17.06903817509594,39.03074894902872],[17.069489906824753,39.03082991135],[17.069854839040786,39.03103381237814],[17.069965432597776,39.031133679770186],[17.070173044378894,39.0313217146465],[17.070448805588992,39.0315902812616],[17.07074797355685,39.03192466153],[17.07109992617915,39.032115980058414],[17.071413466416082,39.03221103415814],[17.07187929882847,39.03232697360692],[17.072240350547975,39.03239624660184],[17.07270373287288,39.032503345909504],[17.0731338351582,39.03255881765],[17.073560473182418,39.03258730108539],[17.073720394684752,39.032616638114504],[17.07396867547706,39.03266251803721],[17.074408990103542,39.03274425490683],[17.07505046526093,39.03297310455649],[17.075230691991493,39.03379206410175],[17.075291345527923,39.0340676649919],[17.075113751223235,39.03429136430813],[17.07482474342907,39.034662228825965],[17.074812818431656,39.034705495028696],[17.07475144870385,39.03492814648416],[17.07470927572603,39.03523529539419],[17.074703717866345,39.03527790744017],[17.074704985260546,39.03569149337215],[17.07472371843878,39.03601844324859],[17.074723951471654,39.036360143095145],[17.07470988652536,39.03663990921545],[17.074730130168287,39.03698023434616],[17.074672570731174,39.0373709374966],[17.074684248170918,39.03777479253422],[17.074669172480803,39.038108591555975],[17.074741617800374,39.03853968712307],[17.074782139181448,39.03886467531615],[17.074849486813633,39.039116011937836],[17.074969139809294,39.03918437593625],[17.0750934710052,39.03925444796987],[17.075168567325985,39.03929681939738],[17.075530951388945,39.03929138386992],[17.075826155971974,39.03928695424526],[17.076114631579088,39.03929406234405],[17.07625404740629,39.03929761004974],[17.0765050767799,39.03939957096772],[17.07674536574648,39.03949716840537],[17.077285115721725,39.03966636839308],[17.077496289562397,39.03989895678652],[17.0778746790204,39.040169334586984],[17.078024119814653,39.040255488404654],[17.07828396547718,39.04040524957673],[17.078685621911756,39.040643185159354],[17.078964202750985,39.040772149691605],[17.079584661708207,39.04036487045083],[17.079669315684875,39.040309275624985],[17.079840238129815,39.04040842830269],[17.080043005373636,39.04052604462081],[17.08012143344289,39.04057120642131],[17.0803146539367,39.04068247080067],[17.080546825493716,39.04080919305192],[17.08060682021421,39.040841939318305],[17.081160892230585,39.041136041708675],[17.08120721028994,39.04115468465768],[17.081780632326936,39.041384586065334],[17.081810525072694,39.04139653353068],[17.081905768294746,39.04143465590144],[17.082146072296457,39.04153038787795],[17.082377180149344,39.04162243793114],[17.082771709755463,39.04175678556377],[17.08296678470972,39.041835967478896],[17.083054795600777,39.041871780414574],[17.083111886002687,39.04189492290273],[17.083211883389737,39.041939754836406],[17.083426313877037,39.04203485561527],[17.083930555625045,39.042233482739185],[17.084317111648165,39.04238637423653],[17.08472442526018,39.042569273215214],[17.08474898035578,39.04251239253865],[17.0847764777755,39.042448703023105],[17.084856576077808,39.042263074066845],[17.0848598353871,39.04220334032729],[17.084871127554802,39.04200143688161],[17.084852867064974,39.04175418397446],[17.084850313965745,39.041719611606624],[17.08481898488776,39.041434026340006],[17.084796943872394,39.04130844284965],[17.08477519762544,39.041184542948365],[17.08459695888141,39.04085903995379],[17.08447241376034,39.04059938914322],[17.084394701694006,39.04048283767021],[17.08437064589266,39.04044208119895],[17.08430318267161,39.04034051980402],[17.084264415405222,39.04028122116415],[17.0841283034827,39.040142207955846],[17.084004767055674,39.04001601969079],[17.083767037649622,39.03980329180118],[17.083530545439235,39.039626446135586],[17.083317626113363,39.039416480941036],[17.083112364638733,39.03921047394141],[17.08296256846793,39.03885635206669],[17.082764065323467,39.038272537863044],[17.082669346733436,39.037950763570116],[17.082546263444303,39.03768927723661],[17.082213709452876,39.03734497583973],[17.082085948091333,39.036919329768466],[17.081846093221998,39.03656496826485],[17.081310028149126,39.03637753943447],[17.081003379010507,39.03619209900778],[17.080587303101566,39.03579394486347],[17.080362357125605,39.035566837204485],[17.080051816166836,39.03530970922479],[17.079757637931237,39.03506943421028],[17.079480186357685,39.03476927611588],[17.079380191501425,39.03450179276361],[17.079352426817586,39.034225386931475],[17.079379139461217,39.03398070821715],[17.079517699925265,39.03364281172092],[17.079581547382247,39.033387285361854],[17.07963321154184,39.03318044205892],[17.079647665145384,39.032891662442545],[17.079660885961907,39.03256698081574],[17.079661399889464,39.032522538687765],[17.079663684070447,39.032324724249655],[17.0796643171282,39.03226998498215],[17.07959192858578,39.03188528360245],[17.079483439849966,39.03163511591169],[17.079357140887844,39.03134677656587],[17.079196145641596,39.03092672284864],[17.079000096762282,39.030344074330955],[17.07890207310941,39.03005274852112],[17.078804048911785,39.029761419053976],[17.078784216450515,39.02970272530679],[17.077589174068034,39.026151633048684],[17.07736115676302,39.025473870057866],[17.078404333558822,39.02530312702958],[17.079422798040518,39.025195945747136],[17.080665188634157,39.0250463599261],[17.08205604257266,39.024796492717115],[17.08246760290061,39.02473347127493],[17.083458615779474,39.024581725255615],[17.083624434390234,39.02456331579447],[17.083886231536088,39.02453434694523],[17.08531096137512,39.02437620986174],[17.0857805061684,39.02433552128594],[17.08585422424342,39.02432904264425],[17.086091160220015,39.02430838103645],[17.086555620326216,39.02422182147727],[17.086870922451283,39.02411531070991],[17.08709250268076,39.02404045822785],[17.087142387202775,39.02402845411923],[17.087292346945812,39.023992368137996],[17.08747884798222,39.023947487799816],[17.087539877375686,39.02393280186806],[17.087593138275167,39.02390480544776],[17.087755839176072,39.023819283213626],[17.08784522457643,39.023772297483426],[17.087978576566893,39.02355449829894],[17.088089540444138,39.02337283938455],[17.088109799049764,39.02331223227239],[17.08816186348394,39.02315402641608],[17.08818417626962,39.0230861823164],[17.08824881760752,39.02288961166798],[17.088369627414707,39.022623652948795],[17.088400689433964,39.022555270953404],[17.088632212163432,39.02222705913254],[17.08868519863054,39.0221519847383],[17.088844435140402,39.02192626816778],[17.0890011181478,39.02168029062586],[17.089042260115047,39.02161570129619],[17.089129616815452,39.02153825980637],[17.089279000086794,39.02140582948108],[17.08963185714327,39.021228314380686],[17.089681977701087,39.02119000206194],[17.090129578974437,39.02085632570463],[17.09012907391183,39.020702258872376],[17.090128760609097,39.02061387888022],[17.090128112565324,39.02050783055602],[17.090082584202662,39.020214493053295],[17.090074543186322,39.02016322574749],[17.090145176460055,39.020005185151014],[17.09021559340801,39.01984763265495],[17.09056349267273,39.01952658498403],[17.090771297460414,39.01939255514256],[17.090859703895774,39.01933553399852],[17.090970032492283,39.01926437320268],[17.091225597006577,39.019073377023204],[17.091288564856175,39.01902631894473],[17.091348029611623,39.018723088827294],[17.091396741662884,39.01847470079008],[17.091646342194498,39.01826390968786],[17.092024299998304,39.01812960864015],[17.092504509806513,39.01801964152467],[17.092940464113596,39.01786329436411],[17.093174546163972,39.01774551716067],[17.093293436623505,39.01768529867255],[17.0933471354858,39.017509514649696],[17.09336610174178,39.01744749803125],[17.093418806700807,39.01727501904485],[17.093429477515098,39.01724010176625],[17.09338391691143,39.01684311484098],[17.0933722206442,39.016647991597324],[17.093360296179338,39.01644907042069],[17.09338747095015,39.01635290115986],[17.093462526046835,39.01608728778612],[17.094458170560998,39.0160842663392],[17.094442248082483,39.01601381338015],[17.094379217226102,39.015734917730995],[17.094127005940194,39.01543329176516],[17.094090791441893,39.01538751705016],[17.09394497829739,39.015203212286856],[17.093927284856367,39.01509884855911],[17.09389148946803,39.01488770446951],[17.093935973562353,39.01464784868285],[17.093941336096684,39.01461894158281],[17.09410892928922,39.01440937834464],[17.094248335480007,39.01431174660891],[17.094520312650673,39.01412144755646],[17.094761030854816,39.0141638507119],[17.094895991231404,39.01418735588483],[17.094836428734762,39.014456992873725],[17.09488062860292,39.01475564347595],[17.095191289009882,39.01494721189535],[17.09562699023556,39.014667534321724],[17.095697601781417,39.01450554021886],[17.095725358170373,39.01444046858365],[17.095737471761662,39.014412508853994],[17.09582280931491,39.01433827861341],[17.09591643796422,39.01425683684166],[17.096085961718927,39.01410938007104],[17.09623369693845,39.01403433868714],[17.096486228126974,39.0139060640347],[17.096710139121786,39.01370562277217],[17.096774988115474,39.01364756990391],[17.09675962580959,39.01360519345179],[17.096713690658547,39.01347844106867],[17.09666532400475,39.013344995213394],[17.096619147423333,39.01315749409999],[17.096595115275488,39.01306230318028],[17.096507256287946,39.01270854631413],[17.09662453985157,39.01265238942378],[17.096882933732562,39.01252943473867],[17.097345842345973,39.01221431074833],[17.097313831284602,39.01200123374559],[17.097303796373737,39.01193623144386],[17.097284178765666,39.01180915118636],[17.09711327447689,39.01177228247834],[17.096882052090173,39.01172482579216],[17.096468022989583,39.01172659168702],[17.096130462650045,39.01172319531243],[17.095770020468876,39.0115954966394],[17.095586055918783,39.01144299609489],[17.09545854324121,39.011337705624584],[17.09542594585331,39.01130928123767],[17.09519754843774,39.011001499259606],[17.095149609724423,39.010909198317634],[17.095001494470946,39.01062401378802],[17.09497962994191,39.01047145494657],[17.09495553000632,39.01030322214174],[17.094947542879876,39.010247543293296],[17.094942355382393,39.01021146933423],[17.094929397460444,39.01012100175394],[17.094934373999347,39.01002500439767],[17.09495091796217,39.00970583018462],[17.094981673519953,39.009572049910304],[17.095063331503265,39.0092168064564],[17.095089878970256,39.00911479958647],[17.09516405573856,39.008829794848374],[17.09518730217515,39.008740496136426],[17.095225729722138,39.00865565765576],[17.09537238161785,39.008331891200356],[17.09548770786189,39.0081877183387],[17.095644218188248,39.00799205843195],[17.095696196145205,39.007927077267496],[17.096008628872397,39.00770168878246],[17.09610335704855,39.00763335125625],[17.096175697350713,39.00760155358506],[17.09646820180333,39.00747297379318],[17.096722575139843,39.00734527773536],[17.096957252555615,39.007227467206874],[17.097050209336274,39.00717927886151],[17.097266917323232,39.007066935503914],[17.097388310228098,39.00700400547344],[17.097820643160937,39.00680743249115],[17.09815336570393,39.00664495998273],[17.09820937890382,39.0066145277419],[17.098357861073673,39.00652983588648],[17.098561051822152,39.00641396538751],[17.09863240327,39.00638855460793],[17.098906698127884,39.00629089080438],[17.099020845392413,39.00625024882522],[17.099189454180213,39.00619020337048],[17.099339422754912,39.006159849876425],[17.09954402085572,39.006118414565314],[17.099844065344985,39.00605766569694],[17.099967915537405,39.006032587455586],[17.10032831053905,39.00600728913607],[17.10064980155357,39.005984721710426],[17.100822039343242,39.005971296190104],[17.101148502460596,39.00594585102633],[17.101767867783906,39.00589757307519],[17.102709904507748,39.00583190135381],[17.10275636120854,39.005828663032],[17.10314831140684,39.00581113694674],[17.10322891650322,39.00580697830295],[17.103462122176243,39.00579711215649],[17.104028741456005,39.005838414020516],[17.104492074908272,39.00592291293046],[17.10499172870637,39.00596890482273],[17.10570070321587,39.00610816543388],[17.10599628488801,39.00613743018845],[17.10605792791631,39.006143532026876],[17.10631276538616,39.006168763751866],[17.10686127018633,39.00632824811402],[17.10729103617139,39.00648251784914],[17.10797504541627,39.00660573808574],[17.10854137867111,39.00670484819052],[17.108612440053168,39.00669449469368],[17.109245348247633,39.00660228789088],[17.109721236773925,39.00647300598061],[17.109901770737284,39.0063910934183],[17.11013948499162,39.00628322032805],[17.110467229683266,39.00612141832472],[17.11095307650977,39.00612021548233],[17.11105860490004,39.00611995254692],[17.11139578155815,39.006258219468194],[17.111686448507086,39.0063684865707],[17.112013071444036,39.00636322927159],[17.11273401073106,39.00623220365584],[17.113125312000772,39.006101175751425],[17.113389480378846,39.00601617231888],[17.114441288281604,39.00568080991619],[17.11453652045557,39.0056675840617],[17.11489930774407,39.00561722719287],[17.11537433657464,39.005562008993344],[17.11582498135954,39.00567380662093],[17.116151829451955,39.005772320579815],[17.116507376091192,39.0060576702821],[17.11684313637059,39.006310333872534],[17.118836883281446,39.005193056181746],[17.11921211945407,39.004950283714784],[17.11933567046049,39.00487034733253],[17.11972000689049,39.0046545712818],[17.120309557657166,39.00433268859262],[17.12055209374333,39.00420050820942],[17.120563075402348,39.004239843529426],[17.120746769823384,39.00495131164383],[17.120810771376714,39.00554484281692],[17.120955947107838,39.00615515374881],[17.121154889533933,39.00669447495235],[17.121417669420847,39.00672024908989],[17.12176742292548,39.00675454917108],[17.121829279730964,39.00674873994347],[17.12191222535321,39.00674031054884],[17.12291119464586,39.006670087822684],[17.123760039946042,39.00648468416601],[17.124447876530006,39.006315056330074],[17.124951398310188,39.0061804004123],[17.125067127263346,39.006150236053806],[17.125178541173923,39.0061230557584],[17.125736793302465,39.005986866535636],[17.126308918202465,39.00598672990112],[17.126967906966428,39.006016945062406],[17.127553363062976,39.00625915382285],[17.127925423583203,39.00647434478299],[17.1279763006936,39.00650377225301],[17.128082181653134,39.00657974662252],[17.128134934486454,39.00661759989904],[17.128273117846074,39.00671675405288],[17.128574501614594,39.00684399850706],[17.128929407026675,39.00696328087641],[17.12900613455042,39.00698906626692],[17.129678843056112,39.00706327716806],[17.130049671479174,39.007118202288865],[17.13136100637605,39.00735612381908],[17.13141764991758,39.00736605628799],[17.131531793654613,39.007387073239904],[17.13212132563132,39.00750246621771],[17.132618918546175,39.00736503532467],[17.13287537333447,39.00726438143292],[17.133190242665442,39.00714082253203],[17.133942029940297,39.00696283833586],[17.134576398976844,39.00704330204486],[17.1348958820441,39.00716789729248],[17.135218503854947,39.0072937145765],[17.135416668009945,39.00737099436682],[17.135479298881762,39.00738722646384],[17.13612654665723,39.0075549726815],[17.136456319269296,39.00765045021088],[17.136821497249887,39.007756176954985],[17.136867609016864,39.00776953230448],[17.13700146803085,39.007808281294245],[17.137275916184677,39.0078973176707],[17.137561190623543,39.00798927647918],[17.137915667565032,39.008117688654586],[17.13804983484902,39.00816629225003],[17.138153396134513,39.008220376029016],[17.138353412597308,39.00832482930885],[17.13879672173115,39.00857554605482],[17.13882309485674,39.00859045690527],[17.138954548150753,39.00866482239972],[17.139690314861014,39.00879660871597],[17.14008826810254,39.008688595412345],[17.14052026137141,39.0085368448513],[17.141024063173866,39.008420526370436],[17.14158481325809,39.00832744412778],[17.1421189424849,39.00830763120292],[17.142727885647098,39.008314510329626],[17.143131331213418,39.00834431921885],[17.143532138478093,39.00831200756009],[17.144130323153203,39.00834611943545],[17.144548901743565,39.00846508267118],[17.1448879661146,39.00859412786028],[17.145391633312304,39.00885097817433],[17.14588312831847,39.00907720856366],[17.146424406839188,39.009385370251984],[17.146768239104983,39.009584088187204],[17.14708365119552,39.009766219987945],[17.147500560354413,39.010047549299564],[17.147553991440038,39.010083857175985],[17.147668047723432,39.01016861061075],[17.14769701113357,39.01018997913112],[17.147978115570865,39.010400250280824],[17.14839510102319,39.0107171427897],[17.14853545104608,39.010825823597926],[17.148592109316173,39.01086972218311],[17.148663961602313,39.01092652135987],[17.148757624612283,39.01099760286301],[17.149016607488765,39.01105427928706],[17.149172234618234,39.01108833703917],[17.14957686717073,39.01091539782209],[17.149609342517756,39.01090150432499],[17.14989759564895,39.01066866615932],[17.150017850370286,39.010571529332374],[17.150104510869745,39.01049426387149],[17.150164797244372,39.01044052018921],[17.1504449928451,39.01019077940032],[17.150565490409004,39.01004720158698],[17.15075829969249,39.009817507590675],[17.15104379393343,39.00950212724445],[17.151114255188002,39.00942428753817],[17.151355750071154,39.00902062249186],[17.151658543728423,39.0086486133624],[17.152052798953648,39.00838258366927],[17.152519617608405,39.00818338278826],[17.15294098371961,39.007964891261686],[17.153737701835173,39.00755362852431],[17.154526683872337,39.00734972433914],[17.15504268591828,39.00721449405476],[17.15573996640868,39.00699005500377],[17.156347790778536,39.00683936901753],[17.15714812405063,39.006571717385285],[17.157763458421098,39.00629907517094],[17.158229886166094,39.00605941841259],[17.15885517749076,39.00577245488535],[17.158946649361464,39.005733832656986],[17.159005109726483,39.005699788281575],[17.15928722306626,39.00553533181538],[17.159781545566513,39.005075442263994],[17.159815311393906,39.00504403030134],[17.15985040938332,39.00501917361166],[17.16024539334167,39.004739462286665],[17.16072110456032,39.00441820130667],[17.16108318371801,39.00418588249201],[17.16143600394121,39.004035136809804],[17.161848491093856,39.00395212325699],[17.162321402742513,39.003855863057275],[17.162893957089498,39.00376157065424],[17.163165333623375,39.00356710891651],[17.163304110476986,39.003197639348514],[17.16354682174377,39.002780366832226],[17.16363110609148,39.002571263523194],[17.163663175088082,39.00249169729202],[17.16383982944275,39.00221621498976],[17.163891046699487,39.0021769782411],[17.163982529763157,39.002107403689216],[17.16409023162823,39.00202681709794],[17.164420403222405,39.001914000897116],[17.16466332509643,39.00184440119729],[17.164982313830215,39.00175300649939],[17.16512868270463,39.00170661863067],[17.16522021194352,39.00167747026657],[17.165302127389978,39.001651359797776],[17.165415397444562,39.00161535935457],[17.165654829029133,39.00153926006968],[17.165776340362555,39.00147247537527],[17.165811488989313,39.00145502956039],[17.16602305811913,39.00134127464086],[17.1661552519432,39.00127019821408],[17.166204671820072,39.00117276441839],[17.166296284950135,39.00098814855069],[17.166320964479592,39.00091763367722],[17.166402503847003,39.00066825140127],[17.166554277544574,39.000523379821274],[17.166576700491305,39.000501972880016],[17.166789477975172,39.00029952654422],[17.167055158498243,39.00004673866078],[17.167109915835415,39.00001465732693],[17.167318485024058,38.99989246269689],[17.167447721199476,38.999816746427406],[17.16786083016436,38.99958001443542],[17.167888051822686,38.9995602860423],[17.168140417937366,38.9993264940147],[17.168364419741103,38.99939940819232],[17.168422837348633,38.999219224350966],[17.168831464529703,38.99911428254609],[17.16968506859242,38.999587061891916],[17.17017804736481,38.999947263440525],[17.170337358166325,39.000164441172934],[17.170434577715397,39.00031937665171],[17.170279818799745,39.000668144478844],[17.170526478524653,39.00100764337595],[17.170335143507362,39.00165004324294],[17.170438917571932,39.00184954286313],[17.170509220248594,39.00198398031509],[17.170630741675733,39.002249670284144],[17.170680503674713,39.00243050944685],[17.170694794235498,39.0024816178009],[17.17069771348502,39.00252683575207],[17.170697420936822,39.00266318621316],[17.170696963932272,39.00277113918017],[17.170694529680482,39.00286179062283],[17.1707806436993,39.003291188227045],[17.17082063222141,39.00349077701151],[17.17086577536118,39.00358199702741],[17.170956561516967,39.00376894835505],[17.171020607791565,39.0038511296764],[17.17113588753457,39.00399903570131],[17.171390326311464,39.00425536886222],[17.171528832008445,39.00439396507789],[17.171823707209388,39.004588991681025],[17.17202859511889,39.00471980604099],[17.172071045595633,39.004746909198026],[17.172269136053394,39.00492894082759],[17.172318256511765,39.004999540464354],[17.172667177330034,39.00526939055631],[17.172872136727054,39.005511895770184],[17.17304240798863,39.00582346634582],[17.173179119194494,39.00616119614397],[17.173402264153246,39.00635007317243],[17.173581174752854,39.00658437426214],[17.17384062499771,39.006872982553624],[17.173999422227755,39.006943383842525],[17.174160460616033,39.00708710800876],[17.174414047963406,39.00738721440413],[17.17466103150844,39.00755413884268],[17.174862998050063,39.007805160293955],[17.174946893362428,39.007911018840744],[17.175021613042926,39.008005298501736],[17.175291469100983,39.00821537682487],[17.175673923214067,39.00842833940449],[17.175796074868863,39.00847837036161],[17.175959446961652,39.00854528418195],[17.176183123184856,39.00868782722888],[17.176408289705087,39.0088792700642],[17.17656173420163,39.00901244228751],[17.176601374808943,39.00904684416619],[17.176835951651167,39.00919016242277],[17.176910089261607,39.009207704023765],[17.177084821520715,39.00924904647387],[17.17729069518931,39.00929746484679],[17.177608725287453,39.00951780246782],[17.17779711945856,39.00968885463049],[17.17797876608791,39.00985137672905],[17.178226160657193,39.01000927591448],[17.17842223847302,39.01013481147609],[17.178638459814895,39.01027242433941],[17.178951821634865,39.010452626729844],[17.17907902264399,39.01052257197469],[17.179107337862614,39.01053815079805],[17.17917654468829,39.010576199138754],[17.179332096629246,39.010700101121905],[17.17948020190595,39.01082210239103],[17.179541249763275,39.01088722097365],[17.179849747632286,39.01122031232914],[17.17988059679817,39.011253620558705],[17.179998954823493,39.01138140986008],[17.180045003197318,39.01145520999192],[17.18007153236463,39.01149772838998],[17.180157595495615,39.01163102757219],[17.18016812254255,39.01168298202674],[17.18018454001983,39.0117640078184],[17.180231539392658,39.011945037050026],[17.180201914149293,39.01210000325064],[17.18020803663405,39.01212978299792],[17.180303879292193,39.01257313264563],[17.18032927953099,39.01271757397843],[17.18034182456303,39.012791532595735],[17.180329060712264,39.01292282274355],[17.180358817250266,39.01301881352914],[17.180388234011193,39.013184253752705],[17.18045106917366,39.01329182942176],[17.18061251419745,39.01344824107707],[17.180725697173816,39.013560194945626],[17.18078553934845,39.013641385604984],[17.18089367464854,39.01379111873979],[17.180941132736386,39.01387643898327],[17.180961054908607,39.01391225574819],[17.1810385292703,39.01404616059141],[17.18106449418553,39.01408249757403],[17.181121105163495,39.014161730116776],[17.181207343062272,39.01428936877419],[17.181232627807102,39.0143057526953],[17.181346658668552,39.01437961776818],[17.18144599716417,39.014453525613376],[17.181533734899347,39.01453021019019],[17.18171069766009,39.01468491828937],[17.181735522817668,39.014715499476004],[17.181854510717795,39.01482031493517],[17.182332449880423,39.01507639180529],[17.182415946270346,39.015121127302145],[17.182511006232996,39.01517206021491],[17.18270719196824,39.015277174417434],[17.18294568067155,39.015394370157516],[17.183115175179136,39.01547766187948],[17.183162312206576,39.01551803426722],[17.183425551859727,39.01574349549174],[17.1835653655037,39.01586170263791],[17.183649396784148,39.015933249978346],[17.183757996749307,39.01602574536589],[17.184005833309396,39.01615159916134],[17.184061153729886,39.01617969122493],[17.184194809321692,39.01622548732339],[17.18423353152735,39.016238755067036],[17.184365780369905,39.01628406851462],[17.18446001705971,39.01632560768812],[17.18453282292333,39.01635770155357],[17.18472946417976,39.01643821250498],[17.184797725216033,39.0164544471251],[17.185356254704942,39.01658728521106],[17.185388219160757,39.01657638435256],[17.1855392110078,39.01652489308726],[17.185875533777054,39.01660453948589],[17.185975621490606,39.01666582594432],[17.186594763042738,39.017040265753636],[17.186644664745995,39.01707049830621],[17.186958905524243,39.01726086905984],[17.187068001186002,39.017254855182074],[17.18719520973884,39.01724784273755],[17.187248130492893,39.01724492504704],[17.18730437846841,39.01719110428647],[17.187440086072897,39.01707399180099],[17.187448840649974,39.01701367231775],[17.187462497791266,39.016919551803475],[17.187485119468395,39.01681470018658],[17.187565138560796,39.01675838388833],[17.187413482093053,39.01656428630085],[17.187749136255857,39.016526806415456],[17.187853652115923,39.01648135270051],[17.18805773025286,39.01640031177194],[17.188255102968615,39.016576703326436],[17.188420014295225,39.016788697594514],[17.188472229620725,39.01687066117194],[17.188586126743527,39.016748406586714],[17.188764824622968,39.016869015069865],[17.188921070636763,39.01674376794989],[17.188972739441216,39.016821011107794],[17.188558613001437,39.017287559411514],[17.188539677769775,39.017355513662004],[17.188521120247,39.01739672467969],[17.188481230119052,39.01749050785199],[17.188425697041616,39.01762032681373],[17.1883978683749,39.01767810607709],[17.18836068422987,39.01775531015509],[17.18831514773224,39.01784312749408],[17.188273562304566,39.017923328650824],[17.188229208703635,39.01807482507148],[17.188180285392445,39.018249149826],[17.188133083056655,39.01831416940801],[17.188090837328097,39.01837235962437],[17.188002844439957,39.01849548630999],[17.188012171783186,39.018646658243284],[17.188019890433395,39.01877178754691],[17.18804040530722,39.01910430989104],[17.18811107567872,39.01921496185952],[17.188177784244743,39.01931940932226],[17.188186572629675,39.01944468243034],[17.188139127637665,39.01953812004344],[17.188180558720724,39.01961114754213],[17.188200231305025,39.01964653180587],[17.18823547557228,39.01968963174177],[17.188489037577646,39.01999929147219],[17.188676938163262,39.020264778662884],[17.188648960089306,39.02029556969278],[17.188624544180005,39.02032244183171],[17.188798452655384,39.02044252704671],[17.188965505361587,39.0205315897311],[17.189093722876922,39.02058098157308],[17.189144898240112,39.02054969822657],[17.189185224172487,39.02052504749922],[17.18924304044419,39.020489486413474],[17.189444403455944,39.02056068677],[17.189628082650877,39.02062862436705],[17.190069161722043,39.0210515720876],[17.190208021387697,39.02111818349798],[17.19033611325607,39.021154083312744],[17.190449040705037,39.02109665152129],[17.190593106933914,39.02120786644324],[17.19068818162087,39.021282067062785],[17.1908009406688,39.021323619369475],[17.19064756152423,39.021051897087],[17.190535932678706,39.020983652497115],[17.19070316752597,39.02090045224207],[17.19078785398974,39.02094680833873],[17.191017207060675,39.02139540340007],[17.191153643978865,39.02145599180307],[17.191353127561502,39.02153650367964],[17.191400085017072,39.02155545701733],[17.191526204332575,39.021685932538404],[17.191653153679578,39.02170770894807],[17.1916865675996,39.0217691063442],[17.19175034547887,39.02184549189385],[17.19171290970543,39.021943308433556],[17.191737076525683,39.02204628689246],[17.191829441955434,39.022158718733436],[17.191966939389825,39.022187065179594],[17.192002110269822,39.022279747902765],[17.19223528288473,39.022396498508165],[17.19246297257369,39.022466051083605],[17.192694518437506,39.022516297125485],[17.19285623503569,39.0224905857834],[17.19299596054349,39.022433119620906],[17.193000383071894,39.022366188273566],[17.192999850529638,39.02230912312275],[17.193092252475097,39.022316864145175],[17.193379365902043,39.02232035271984],[17.193726484011506,39.02215780694641],[17.193822603308153,39.02207982228607],[17.19392542034541,39.02185747071122],[17.193724111107734,39.02185743269581],[17.19350682904968,39.021929901313136],[17.193130058470974,39.02194227102061],[17.193006324515622,39.02187488502901],[17.19341060490749,39.021836778077464],[17.193770369653468,39.02167809668309],[17.194068483330287,39.02167128805199],[17.19457304978964,39.02192485545032],[17.19466141286146,39.02187832657571],[17.19483800107468,39.02178892481588],[17.194982509744563,39.021693287800794],[17.195131304719844,39.02159732943861],[17.195511600821497,39.021534461374834],[17.1957939483072,39.02144704677842],[17.195991730563467,39.02138808237845],[17.19622197359812,39.02138533213357],[17.196351292906517,39.02125651776144],[17.196693489468284,39.021055842953864],[17.197035347615007,39.021044547838805],[17.197428746307587,39.02109054287106],[17.197631939189854,39.021222685224075],[17.198002959675765,39.021373198577265],[17.198049937347264,39.0213802381427],[17.198238577576436,39.02151303592482],[17.198414111367242,39.02158535443022],[17.198845088267625,39.02155485583169],[17.198906862903346,39.021583076193984],[17.19905678195923,39.02165068780666],[17.199387533576683,39.021692464131895],[17.199702478660942,39.02167017412327],[17.199909677980415,39.021655509271135],[17.200150029916465,39.02163849752259],[17.200351212639266,39.02157210994083],[17.200545627730328,39.02144753558738],[17.20075965659472,39.02120424166578],[17.20108819439732,39.021011506214606],[17.201351873668738,39.021123209665944],[17.201946289162596,39.02134838415069],[17.20207131726718,39.02156115901527],[17.20247965612212,39.021695210266365],[17.203068035107275,39.022012064281164],[17.20350952960865,39.02214376408722],[17.203712967631326,39.02209676574726],[17.203924704594716,39.02197747776414],[17.20417256724408,39.022096813004296],[17.204505555683355,39.022301375694155],[17.204629830624075,39.0225793847159],[17.204496402946653,39.023012531255425],[17.204564123843234,39.023594392597886],[17.204659796892713,39.02369843012687],[17.204827043257854,39.0238430268693],[17.20495964265372,39.02390533839481],[17.205013092670146,39.02422095489007],[17.205187124599316,39.02435203512266],[17.205208215431867,39.02438965100035],[17.205352105834006,39.02454893912635],[17.205601494166135,39.024609496598124],[17.205791360892487,39.02466123232557],[17.205901346645422,39.02481640170822],[17.20593750139876,39.02491161757317],[17.205929193805684,39.02505561098411],[17.205937472732575,39.02512672705736],[17.20592841368142,39.025264255130594],[17.205968340216057,39.02532009239231],[17.20604141156357,39.025445285280895],[17.206085101574175,39.025533447875205],[17.206124267725272,39.02565452374945],[17.206127269110645,39.025752087022504],[17.206048139900584,39.02586198648194],[17.20603154532871,39.02600656691585],[17.206056374132693,39.02629161818792],[17.205924475176115,39.026594289581425],[17.20579954517859,39.026954353882594],[17.206188725837993,39.02692826163545],[17.20631307715673,39.02691944773261],[17.20628656920877,39.027370990957046],[17.206271047730578,39.027635128214264],[17.20627174411595,39.027699431024004],[17.206301923487416,39.02781823888329],[17.206389572601474,39.02805699589089],[17.206458415686836,39.028258049102654],[17.20652662486223,39.0284572479819],[17.206405556020893,39.028570884031026],[17.20638254459497,39.028592460099865],[17.206243277809687,39.02872303453004],[17.20586329264046,39.02907924807422],[17.205723991330352,39.02920980910693],[17.205699381804415,39.02923287228767],[17.205646970522086,39.029282129285136],[17.205324553092456,39.02947317768449],[17.205196521551017,39.02952403804454],[17.205077553283953,39.02953768791564],[17.20499119616147,39.02954380427605],[17.204935640651296,39.029526843431306],[17.204832982710116,39.02950799400225],[17.20470376030956,39.029433561825016],[17.204474251396174,39.02934200737349],[17.204419238417856,39.0293017166632],[17.204135092911617,39.02909341689695],[17.20385994371659,39.02889171096861],[17.203504875532712,39.028631413894026],[17.2033006554001,39.02848170097432],[17.202874667639584,39.02816940737514],[17.20274137367587,39.02807168846415],[17.20224446694514,39.02770739750238],[17.20218209719275,39.02766167173545],[17.20161811466994,39.027249673279016],[17.201063564938423,39.02684162886654],[17.20097654393137,39.02677422135963],[17.200402298971273,39.02673721111735],[17.199821450149454,39.026699153750094],[17.1992406004124,39.02666109436028],[17.19901414948563,39.02664625367706],[17.198945528443137,39.02670055846554],[17.198905763204515,39.026730352628704],[17.19867143238481,39.026705006477535],[17.198221745294394,39.026654317935346],[17.198133580858745,39.026645625880704],[17.19808528806309,39.02663986922701],[17.198015210968144,39.02663151577866],[17.197516486645746,39.0267053988804],[17.19694982646655,39.02678934176894],[17.196383163526445,39.026873283878736],[17.195935345232602,39.026939618118014],[17.195821254696625,39.02699812523663],[17.195336044576088,39.02724694551545],[17.195277264532304,39.02727708812887],[17.19473326968038,39.02755604801936],[17.194671874686424,39.027587531735215],[17.194779557159343,39.02770949478399],[17.194992450505268,39.027651609001474],[17.195195999668687,39.02756583288315],[17.195260320193114,39.02769927974151],[17.194943985036858,39.0278644115935],[17.19466125463299,39.027846343150706],[17.194448532784918,39.0277020601088],[17.194318949624574,39.02776850938762],[17.194189270451922,39.027835007583754],[17.19364600199416,39.028113586604164],[17.19402629055983,39.028471792402684],[17.19383648588356,39.028570869956404],[17.193471359852023,39.02820313915163],[17.193301837505572,39.02829006596488],[17.193101259075494,39.0283929176259],[17.1925572458877,39.02867186907628],[17.192284709466,39.02881161605775],[17.192058102790853,39.02892781059608],[17.192002628817267,39.028967545685965],[17.19155660834035,39.029313080205824],[17.191485457550836,39.02936766310419],[17.191302641655625,39.029507909897156],[17.191161405589018,39.02960710564133],[17.191020640833255,39.02972236348508],[17.190949734521674,39.02979513760494],[17.190840668001997,39.02990271364999],[17.190720021677436,39.030001503476875],[17.19059789858173,39.030052053285154],[17.190478249227866,39.03018301842361],[17.190430926412496,39.03021404916353],[17.1902816216795,39.0303095123786],[17.19009471228035,39.03044763145415],[17.189898714004958,39.0305947620626],[17.18985293457208,39.030629127584774],[17.189781389161883,39.03066884771449],[17.189600319258332,39.03076971654363],[17.189572600904764,39.03080505060554],[17.189356004874284,39.03088695648171],[17.189100757463184,39.03098077904343],[17.188834396039965,39.03103404652],[17.188796476039826,39.03103264702294],[17.18864435852488,39.031026935054285],[17.18854552010281,39.030881833579436],[17.18845766149617,39.03086209049017],[17.188380087069856,39.030849035616804],[17.188315375220693,39.030823947878936],[17.188307257146512,39.03075407562274],[17.188258841111878,39.030705590498],[17.188175696436215,39.030685513999735],[17.188092980081652,39.03066911385907],[17.187963526829552,39.03070050982458],[17.187900509034936,39.03073091689998],[17.187835767092775,39.03078739984871],[17.187811322247303,39.03082249675765],[17.187686583361803,39.03085355922928],[17.187681899042584,39.0307723214454],[17.187597900980077,39.030744888749076],[17.18751175040484,39.03073985457449],[17.18743246724126,39.03071208853351],[17.187326175831323,39.03069735484493],[17.187213872405223,39.0307127066828],[17.18715041144411,39.03078022151455],[17.187119099754643,39.03083804913531],[17.18705650869604,39.030872134097415],[17.186943911372325,39.03096504310897],[17.186859321073626,39.03093426875045],[17.18678476845525,39.0308653835143],[17.186709773101473,39.03083360726026],[17.18667461635319,39.03085833723508],[17.18663001416323,39.03092452001767],[17.186602136345144,39.03097098117173],[17.186511254677015,39.031007065022756],[17.186349229622355,39.0310533296601],[17.186278500061153,39.03104984144894],[17.186236602818244,39.03103766589738],[17.18596646721545,39.03095916325644],[17.18590066086029,39.03091635805014],[17.185798173101116,39.03084969151062],[17.18550673297823,39.03075862525808],[17.185299001280082,39.03069939881891],[17.18517223094012,39.03066325384779],[17.184924379816,39.03059258750175],[17.18470865440369,39.03057982052258],[17.184304775259704,39.03055591832397],[17.184130851327158,39.03056824739307],[17.18399620699365,39.030577791493826],[17.183915287033965,39.03062757912727],[17.18381325074647,39.03066165667417],[17.183751923586268,39.03067889849019],[17.183670507045466,39.03071260651067],[17.183572736286013,39.03072621958835],[17.18340363962083,39.030749763711924],[17.18317798418352,39.030786182750354],[17.183005647826285,39.030808885924],[17.182705310777706,39.03084099580109],[17.1824382828251,39.03088528056689],[17.182008008176627,39.03095287348679],[17.181873270615085,39.030983900261994],[17.181475760916427,39.03107543617891],[17.181306527235844,39.03106761210749],[17.18122801855673,39.03106398218052],[17.18106366115793,39.03108315776733],[17.180738172488095,39.03113748490575],[17.18017266374878,39.03123186893548],[17.179607153233334,39.03132625213421],[17.179502388865522,39.03134373673709],[17.179326552586982,39.031405619078754],[17.179137317371218,39.03146393289842],[17.179051589931998,39.031506371655546],[17.17896019267749,39.031551616131765],[17.178904266428507,39.031579301983136],[17.178705379147434,39.031678777205784],[17.178526786223152,39.03180378164872],[17.178512304543602,39.03182678617454],[17.178371292985343,39.03204844429029],[17.178385847238847,39.03219141658086],[17.178325937348497,39.032469922802214],[17.178233003235416,39.03250219654944],[17.178147216463277,39.03253198822181],[17.178027054356352,39.03257643805914],[17.177916424548847,39.03265424974269],[17.177730499180228,39.03264162771868],[17.177501854079352,39.032581559364914],[17.177445050089503,39.0325731557063],[17.177321019542205,39.03256657468339],[17.177026473672417,39.032542167654064],[17.17686331163999,39.032519856820684],[17.1767258183685,39.032501055819615],[17.176555811009113,39.03232810033556],[17.176156436976907,39.032303943228676],[17.175640355160382,39.03243077717676],[17.175434083319967,39.032388231201296],[17.175138622328166,39.03247094161031],[17.175089143352416,39.03241257267254],[17.174676511515866,39.03248451651645],[17.174466196729178,39.03277533905128],[17.174021677861997,39.03287123045786],[17.173760004531378,39.0329288419379],[17.17369709818296,39.03282485909308],[17.173507307972216,39.03281921576306],[17.17332682349128,39.0328938097168],[17.173133170508727,39.03290747188555],[17.172928448856045,39.03303612067901],[17.172906844666297,39.033153804061975],[17.172758305532444,39.033213545872094],[17.17258685126503,39.033313727510716],[17.17244033083997,39.033298965430745],[17.17215371169528,39.03330014955209],[17.171968814263447,39.03338932930034],[17.17199514787078,39.03351119470768],[17.172082093183032,39.03360879235667],[17.17180843841014,39.03376881992565],[17.17164277229958,39.03399763134195],[17.17149962543289,39.03418379511346],[17.17130310520755,39.03438324017678],[17.17103792134119,39.03441146106531],[17.17076067464527,39.03438922604723],[17.170547820588794,39.03428899511953],[17.170512700566324,39.034143956477315],[17.170314632330125,39.03417220105673],[17.170099439680666,39.034315858340165],[17.16962196420511,39.03470143412077],[17.169524801655722,39.03477989539019],[17.16883133940233,39.035218997366215],[17.16802835322636,39.03571340439623],[17.167300030333912,39.036430952754536],[17.166607015444654,39.03697945848879],[17.165740840704743,39.037297478923584],[17.165563431027294,39.03746281617057],[17.165436800929754,39.0375098746382],[17.165344606715735,39.03754897359511],[17.16510605887202,39.03766029623133],[17.16478084851144,39.03780211682791],[17.164524698061253,39.037917077235136],[17.16442014712079,39.037919968127675],[17.16423038707449,39.03792467879811],[17.16396206658991,39.03793134008712],[17.163824095540797,39.03801503418499],[17.163675845695945,39.03810477877089],[17.163368767104107,39.03829074114038],[17.16312929614688,39.03837317505851],[17.16292526445819,39.03844340836016],[17.162782147685533,39.03853765606166],[17.162741770057078,39.03856424694191],[17.162586712665856,39.03866616833317],[17.16255024586525,39.038690139227654],[17.16247297681653,39.03879449932125],[17.162396081560882,39.038889844940634],[17.162294276289117,39.039021662409226],[17.16223816806025,39.03909431093489],[17.16206632863041,39.03915085764692],[17.16183830870188,39.03922589245826],[17.16165307894563,39.03925693563916],[17.161504010677962,39.039273592186355],[17.161443794063427,39.039280320008345],[17.161226400059192,39.03920020843893],[17.16102132079596,39.0390100353959],[17.160590392589743,39.03918790817542],[17.159215129150923,39.03964167169893],[17.15869646590436,39.03994554334807],[17.158614661419943,39.039965656700865],[17.158306404270746,39.04010427478427],[17.158067055047596,39.04021555351908],[17.157736425733347,39.04036023921606],[17.1573596736472,39.04051716075651],[17.156951401098446,39.040725748225206],[17.15657574058904,39.0409545431069],[17.156346192669886,39.04115054476421],[17.156148238562064,39.041308371855656],[17.1559091257477,39.04140625856204],[17.15575807361044,39.0415547237799],[17.155482595240994,39.04170548446664],[17.155245730353236,39.041856392217866],[17.155206395145314,39.04188429928282],[17.154744868818977,39.04224531872169],[17.154148078386726,39.042677532574054],[17.153756659132934,39.042933496892495],[17.153011441944134,39.04319056651759],[17.152705610293722,39.04332214280192],[17.15225957429248,39.04349568584439],[17.151905141852506,39.04359676532761],[17.151365753699064,39.043786996163426],[17.150826907181493,39.04398194445425],[17.15043496735574,39.04418083046499],[17.14970740518854,39.04463892438468],[17.149527287624885,39.04480481960171],[17.149339056276286,39.04498443891082],[17.1491472501677,39.045083350290916],[17.148928785727303,39.04518864642815],[17.14869130657048,39.04535373649858],[17.1480221270618,39.04582217582236],[17.14750253574827,39.04614423864549],[17.147379987716583,39.04627182338438],[17.147274679568678,39.04635060902169],[17.147128006896335,39.04653342446813],[17.14676525574822,39.04682660879314],[17.146360392481068,39.04728335729769],[17.145997451627245,39.047772846791204],[17.145859022426023,39.047961028952365],[17.145669352383802,39.04817860596628],[17.145728270429487,39.04842625901229],[17.145761331448075,39.04856310588668],[17.145740573942597,39.04884970634179],[17.145719738594632,39.04906530966559],[17.145514507813868,39.04933551784115],[17.14536025793937,39.049518864279456],[17.145099450899778,39.04963832341281],[17.144731280135666,39.04981886593363],[17.1444580650415,39.04996298893497],[17.144073410231403,39.050069511294645],[17.14391169951118,39.05008273068497],[17.143670550859994,39.05010417730298],[17.143576300142822,39.05012430290784],[17.142987318418257,39.050404002808975],[17.14185166127975,39.05129856953722],[17.14146892437907,39.05149941438084],[17.14096300418093,39.05183476528366],[17.14030864855595,39.052430374215874],[17.13957126238907,39.05349578244944],[17.139345889258124,39.053922052174784],[17.139457156995533,39.054092683705086],[17.139383123713742,39.05424421424756],[17.1389825830269,39.054422255179425],[17.138678869046007,39.05476480328636],[17.138337927765146,39.055181345896735],[17.138118473189106,39.05546087010901],[17.138167969532365,39.055493082213935],[17.138339772932117,39.055395356424896],[17.13845570297205,39.055447884610516],[17.137925319960477,39.055849183769084],[17.13782018897775,39.055731655047666],[17.137983362481773,39.05559884568278],[17.137889726467034,39.05554118159898],[17.137420985202215,39.05580252690359],[17.1371727250805,39.05599127795696],[17.136601750656375,39.056516768931495],[17.13626480055914,39.05665107566983],[17.136229169122167,39.056778492865824],[17.136253059754324,39.056826781172404],[17.135992398212405,39.057027107730775],[17.135789661312803,39.05709488259354],[17.135692995907824,39.057169482447016],[17.135351251094225,39.0575396774921],[17.1351987023718,39.05776453070059],[17.134815633955313,39.05817331601701],[17.13449310149904,39.05870990227567],[17.134081751337103,39.059309829572435],[17.134074587998512,39.059445954053714],[17.134071923692623,39.059621023165],[17.13395573675492,39.05980406297284],[17.133664527801454,39.06037413752547],[17.133561793698252,39.06071326928652],[17.133546774177546,39.06086065311777],[17.133496034580627,39.061213978313084],[17.133481454260117,39.06172180146425],[17.133520422990724,39.06233650340859],[17.13365386420576,39.06261979194602],[17.133873996936906,39.06256909801341],[17.134140679583826,39.062510856958355],[17.134183877682442,39.06264701422078],[17.133901447070574,39.06270624342544],[17.133568660653683,39.062790148011594],[17.13304303451021,39.06291628044442],[17.13268812162376,39.06321244372099],[17.132435564260618,39.063522834313034],[17.132501748010707,39.063778726004045],[17.132804984184073,39.064014376903074],[17.13297356806552,39.064033498678974],[17.13314383874159,39.06372412567629],[17.133271141490265,39.063703290563126],[17.133387326761007,39.06378435773562],[17.13287174558678,39.0646711728515],[17.132721804444177,39.06462816570707],[17.132884579105944,39.06425388792893],[17.13263228819755,39.064202331301786],[17.1321404031255,39.06440368872646],[17.132068220234654,39.064729967256476],[17.13219383815687,39.06506480759457],[17.13241235575892,39.06511981183374],[17.13260806281468,39.06483244749389],[17.132787596016545,39.0648674283455],[17.13241035551852,39.06569694260838],[17.1322734357289,39.065700606844985],[17.132356975828948,39.065433014314685],[17.132089169659412,39.065359842766924],[17.131979165312494,39.0653857796627],[17.131741212053768,39.06554524522849],[17.131580008010996,39.06573501292936],[17.13159791571304,39.06596931063319],[17.13176764378916,39.0661617577357],[17.132067146476512,39.0662266489268],[17.132181715494706,39.06589739354945],[17.13229593003901,39.065895323509395],[17.132066579425835,39.066750143523024],[17.13198059395651,39.066732387178185],[17.13199056280786,39.06642237285137],[17.131667425744276,39.066410561362616],[17.13164929505768,39.06649023767737],[17.131621155974663,39.066620102938344],[17.131476530505477,39.06674160178402],[17.131538031672324,39.066998166445174],[17.131807445589992,39.06714903081237],[17.131885862213377,39.06716731954647],[17.131936402571597,39.06687824992001],[17.132109054458184,39.0669196635099],[17.131879630222027,39.067839920983374],[17.131678744029006,39.06781833453613],[17.131772653868808,39.067508374934675],[17.131389024982326,39.0675547204009],[17.131186487571192,39.06771845879409],[17.131084682728638,39.06794688437341],[17.131135860345513,39.068165436732826],[17.131387070222882,39.06839795644914],[17.131551475684912,39.068434000968644],[17.13157651192233,39.06818836106823],[17.131767103024636,39.06818687734482],[17.13166157757674,39.069056798104604],[17.131515716942545,39.0690491928021],[17.131540142843917,39.06873221465601],[17.130994956853957,39.06884902647666],[17.130949749532007,39.06906171462578],[17.13094320626024,39.06909250210054],[17.13111351143132,39.06939863945425],[17.13138306379433,39.069552218795245],[17.13144594653609,39.069303921931585],[17.131682638281994,39.06930515057062],[17.13135480418556,39.07023231577557],[17.13123717417457,39.07020488396628],[17.131311177414176,39.06985468353449],[17.130962307480914,39.06987322645125],[17.130743573215604,39.070008962076045],[17.130662279904726,39.07035060656542],[17.130788181458517,39.0705457177852],[17.131000662685153,39.07066761452199],[17.131139638538695,39.070681651513794],[17.13122871056396,39.07039582560465],[17.131356707654998,39.07038089124963],[17.13120568988914,39.071319437374385],[17.130984884317876,39.07125761001339],[17.13107266433729,39.07089454591615],[17.130784273974868,39.07097427426982],[17.130534633090754,39.07102650676125],[17.130452911147955,39.071560537009596],[17.130673966243847,39.07180289152087],[17.130925733932898,39.07186849465063],[17.131006626267702,39.0715118627641],[17.131144922199223,39.07151999959757],[17.13095612525902,39.07239576641131],[17.130817145838392,39.07238172865874],[17.13089039970889,39.07209106539134],[17.13067845215506,39.07210594373973],[17.130292331071228,39.07223713657611],[17.130255048375215,39.0723513118223],[17.13034686482124,39.07267052086681],[17.130570260356002,39.07288682549315],[17.13074981454248,39.072921808355396],[17.130779014044105,39.072646133290036],[17.1309207910531,39.07261833628733],[17.130903978516177,39.07352961615135],[17.130755382759386,39.07349840907649],[17.13075975634074,39.07327206385311],[17.130556057045407,39.07329231181357],[17.13035426002357,39.07346113423999],[17.130225442497522,39.07353330951854],[17.130327897026277,39.074289807977216],[17.130557406600158,39.075219487877064],[17.130829497694524,39.07559297928757],[17.131055162058964,39.07563067320704],[17.13115328964969,39.075885512307664],[17.13145164685322,39.07615603598789],[17.132100478718446,39.07622350080018],[17.132370952088223,39.07618666566073],[17.132319670649814,39.075875002692094],[17.133737356551105,39.075727866017544],[17.1337964153942,39.07584268579245],[17.132620284163416,39.07596691373907],[17.13257868083376,39.07626725329024],[17.131988886378686,39.07719527718932],[17.132088828837954,39.07730414560346],[17.132227824903786,39.077520364232626],[17.132388341476346,39.077675417955795],[17.13253996487555,39.077794187686656],[17.132757749244018,39.07787678189247],[17.13290454888343,39.077950952875774],[17.132973002355584,39.07804193271424],[17.133099924055394,39.07811134730021],[17.133153865212734,39.07815649368986],[17.133200602942544,39.07818124216836],[17.133233902220237,39.078196012576974],[17.133320497336836,39.078235422489236],[17.133400845372137,39.078285196364305],[17.13356123338797,39.07837449041363],[17.133795106052382,39.07850343191479],[17.133881555305198,39.07853771134802],[17.13411843377998,39.07854875703227],[17.13440894112289,39.078594672280765],[17.1347928788268,39.078641494878404],[17.134887622422053,39.07861243935892],[17.13506970305202,39.078207058106194],[17.13491303333582,39.07794717470069],[17.134973084959267,39.077912938033705],[17.135057534065087,39.077880651352054],[17.135257230175508,39.078184446547716],[17.135792573368185,39.07828736449868],[17.13597861151345,39.07835569862869],[17.13592619836305,39.07847108149951],[17.135371881614716,39.078354635503814],[17.135310667180942,39.07842731364814],[17.135077558883637,39.078769235581895],[17.134915696458112,39.07903481149056],[17.135622548886133,39.079694761563005],[17.135803866501128,39.07957201895021],[17.136082165095324,39.079811230023],[17.13612849030261,39.07984234971396],[17.136475001762964,39.07956802785407],[17.13650672688916,39.07953882348473],[17.136695990248754,39.0797278555288],[17.136020230583075,39.080205829450996],[17.136013107265867,39.081625061636224],[17.13601295757743,39.08168699371605],[17.13633484511272,39.08166954018567],[17.136905590342604,39.08162829637958],[17.136994317165833,39.0816336462864],[17.137003887546527,39.081604033355156],[17.137031948201216,39.08150879244325],[17.13718602742523,39.081130596197156],[17.137508928280553,39.080607296033705],[17.13760815367963,39.08047279153435],[17.137471961151533,39.08035102035811],[17.13818373561755,39.07997837026892],[17.13829011707486,39.0798424100973],[17.137920763790515,39.078654900180496],[17.13760059124662,39.07842042718714],[17.13687939357771,39.077885779405406],[17.137199087615027,39.07750182422517],[17.13745495862535,39.077416514756514],[17.137675613490522,39.07776089736719],[17.138036894211133,39.07841016411587],[17.138204092351643,39.07872478385904],[17.13834254378138,39.07895795607326],[17.13858809656191,39.07969132357268],[17.138698754031605,39.079873757982504],[17.138678051609716,39.08005859138381],[17.137854746673785,39.080647609057095],[17.13776651098256,39.08077219414675],[17.137653872126716,39.08095873547674],[17.137454857571864,39.08133131612199],[17.13737094420178,39.0815993053556],[17.137338149222074,39.08168808583459],[17.137176559835133,39.082125527405125],[17.137089254953654,39.08228085864869],[17.136956814167295,39.08268296175231],[17.136870438346136,39.082869019771515],[17.13515445902729,39.08697923845038],[17.134358998638966,39.08782157768108],[17.13296882664334,39.089582867167714],[17.13291259062451,39.08975768955264],[17.130849812910803,39.09184045845819],[17.12957054810894,39.093158581339914],[17.12924605678914,39.09342785475131],[17.12760957312782,39.09504451038253],[17.12717915376761,39.0955238537744],[17.12670469865185,39.096052230406265],[17.126634346468588,39.09610855151981],[17.126492359499498,39.096210887008965],[17.126450409195087,39.096241171712826],[17.1263253926774,39.09627175021355],[17.125984429054284,39.09629847508621],[17.125717363245943,39.096159876446556],[17.125653140829073,39.0957716183405],[17.12593132863991,39.09552236229229],[17.126457837147832,39.09556879077064],[17.126817081854856,39.09521290190968],[17.129014777209672,39.09303550475488],[17.129207201564927,39.09287826985987],[17.13254972466954,39.089517230010365],[17.13461497320775,39.086958383829675],[17.13456150080752,39.08692860196321],[17.134387646663228,39.08682931690201],[17.13585286119748,39.08355379676774],[17.135864756072348,39.08351259078045],[17.13492566068156,39.08331458726762],[17.133494492994043,39.08370069956389],[17.130401448793897,39.084542864903014],[17.13047028690813,39.084820250907356],[17.130524664213674,39.08479889932858],[17.131122725777768,39.085847248578716],[17.130877234472003,39.08595526349388],[17.130938459897408,39.08606056580737],[17.131514362175082,39.086972778641424],[17.13145106594932,39.08700273178128],[17.131237708825555,39.08707783673901],[17.131067635909382,39.087137704565045],[17.130432792630717,39.08610918641155],[17.129606616700517,39.08485140054571],[17.129075950796857,39.0847927029722],[17.1281534213184,39.08468741876719],[17.127844778509463,39.08467454787421],[17.126880419312933,39.08467367458564],[17.126581788603115,39.08473150162188],[17.12652535813826,39.08473256372509],[17.126329046213666,39.08473618534874],[17.12632755822238,39.08468689486623],[17.126273171501857,39.08471870469569],[17.126203560491916,39.08476928238646],[17.12540528160134,39.08477151338602],[17.12515414418726,39.08483156587315],[17.12502095314241,39.08487098549204],[17.124964910753373,39.08484734597069],[17.124674104489777,39.08490194919618],[17.124078132766293,39.08506074270245],[17.123748404696954,39.085137637743784],[17.123131798282763,39.087644670062204],[17.123404660163818,39.08823084148341],[17.11952821382111,39.08765752619568],[17.119420766853057,39.087996266934866],[17.118680216738237,39.0884364949396],[17.11845547598025,39.08920011389961],[17.118441567802115,39.08926206228296],[17.118917808604518,39.08932735514251],[17.118921778552604,39.08945980972336],[17.12298608965255,39.090026844707786],[17.122582904196324,39.091870910985385],[17.125635583734415,39.091913884082246],[17.12565766984963,39.09212304476307],[17.125721233943032,39.09213420272979],[17.125750245782335,39.09204739254475],[17.125905304616733,39.09194593698488],[17.12614306367239,39.09196625346574],[17.12629047977729,39.092136140356935],[17.126279118058186,39.0922842753351],[17.1261564030787,39.09240977945764],[17.125936292858558,39.092450787884935],[17.125287674956017,39.09243795238614],[17.12364262425788,39.092412468876205],[17.122884884901413,39.092450940632574],[17.1225034252423,39.09238391607102],[17.121962829630846,39.09228281755626],[17.12121165049126,39.092012975425355],[17.11893320827312,39.09142574745435],[17.117866024499673,39.09116162608057],[17.116508887805274,39.09071785978243],[17.115622463858063,39.09015454336213],[17.115291000719676,39.090172879726595],[17.11522999310699,39.09024795108987],[17.11508778450809,39.09025053078604],[17.114803724051104,39.09026800468646],[17.114618525187954,39.09041929424597],[17.11463841644622,39.09055455733011],[17.114866650762767,39.09078468374594],[17.115048215490273,39.09104024547512],[17.114974723020605,39.09122649289543],[17.114823344524353,39.091451126908545],[17.11491960750809,39.09149867552967],[17.11490786341406,39.09163449783433],[17.114738463714254,39.09178549186337],[17.11436509909211,39.0919894891555],[17.113977792515495,39.09225538713613],[17.113666915446338,39.092433603943775],[17.113310087744328,39.092661966696724],[17.113077474715535,39.0928141081165],[17.11306682331499,39.09298687220377],[17.113102480105912,39.09312182263301],[17.11319471476923,39.0930338648574],[17.113306066818975,39.093056506798334],[17.112820989567908,39.09375561201681],[17.11148921666947,39.09522200099877],[17.110704953162966,39.09649355924645],[17.109975432390858,39.09801065158623],[17.10979756535699,39.09840834329932],[17.109742427270163,39.09868052623277],[17.10973067536736,39.098816349106045],[17.109739846134293,39.099124362812326],[17.109668084431544,39.09923889759435],[17.109664712408573,39.09951541155884],[17.109665916696084,39.09975106947475],[17.10966834880961,39.10002749086867],[17.10962293997248,39.10006455785934],[17.109715939784525,39.100443777833874],[17.109753429355354,39.100640317863245],[17.1098217903884,39.10081167409493],[17.109952625965022,39.10095721784396],[17.109988283516454,39.101092168549854],[17.10998912238971,39.10115353236369],[17.109995854003547,39.10118996879643],[17.110011132455448,39.10126278917973],[17.10998977752414,39.10135633534793],[17.109934957558018,39.10159398144867],[17.109907347820936,39.101717322142775],[17.109812796743086,39.101998234054705],[17.10974802563533,39.10218710872283],[17.109654757063858,39.102566849348726],[17.109563683405725,39.102977911498186],[17.109283250094933,39.10326500716537],[17.108961923597406,39.103397607407],[17.108891963939858,39.103779251541845],[17.10902804960983,39.10425223901772],[17.109000627904628,39.10469650714037],[17.108337110768808,39.106990734062194],[17.10810363076142,39.10734362295849],[17.108117810271388,39.10781882974841],[17.1084552115864,39.108224790685355],[17.108460875270065,39.10841488527369],[17.108545934853343,39.10854013357355],[17.108507185997293,39.10860423265248],[17.10846653920221,39.10860496096436],[17.10847976298761,39.10904848236282],[17.10853173891001,39.10942792424159],[17.108625297301476,39.1098382876148],[17.10859883598825,39.110314222381774],[17.10856762478696,39.11063176883466],[17.108459870521468,39.1111091792517],[17.10819606236308,39.111626271674716],[17.1081936033896,39.11174347716629],[17.108190514430724,39.11188737017741],[17.108189803039853,39.111920546410325],[17.108213380792,39.112071747708306],[17.108460248235513,39.113654860931106],[17.10846965231038,39.113715197097726],[17.108540846857196,39.11407856024541],[17.10855769282525,39.114137071310275],[17.108558736735777,39.114172341400455],[17.108591725137984,39.114265856655145],[17.108567860113318,39.11447802038158],[17.10851733720384,39.11480830090323],[17.108527937896636,39.114910959535294],[17.108541398986883,39.11504133918063],[17.10855976531637,39.11521924211387],[17.108709544044082,39.11568705366346],[17.108847401382622,39.11626093623635],[17.10889369464341,39.11680121128112],[17.109027326306055,39.117054269212964],[17.109213660199245,39.11740713690042],[17.109279257371774,39.11758238939842],[17.10926139162608,39.11782808790022],[17.109257847627376,39.117876853971744],[17.109252566537542,39.118147411675444],[17.1092509549063,39.118182632129916],[17.109288558258406,39.118405439377824],[17.10930822293141,39.11855801434774],[17.109295577411544,39.11864058025305],[17.10931206126336,39.11868733038948],[17.109303298576652,39.11889922721401],[17.10932820917336,39.1192281490323],[17.10933381864867,39.11941624039742],[17.109353119355426,39.11955705289903],[17.109371354693305,39.11966259680134],[17.109422558549976,39.1198616390838],[17.109460093146126,39.12010797577557],[17.10959901870933,39.12071714465267],[17.10975127393048,39.12126725378188],[17.10981549260179,39.12139549017421],[17.109878275103107,39.12147669683654],[17.10988039094349,39.121547235067084],[17.109899668994675,39.121688030171974],[17.10993405167284,39.12182857760059],[17.110062464051982,39.12208503386696],[17.110177526087945,39.12240054923474],[17.110231918077183,39.12270539653328],[17.110319259599187,39.123103762103476],[17.110337519975268,39.123209304080724],[17.110326285293347,39.12333890161487],[17.110298924060572,39.12343349503685],[17.11034945539739,39.12360902780521],[17.110269467179688,39.123963363951745],[17.110282140684536,39.12411124402943],[17.110292616030417,39.12423349257135],[17.11033366208638,39.124597417740084],[17.110416121004267,39.12483117823756],[17.11045050526711,39.12497170740167],[17.11046944769061,39.1251007568479],[17.11044138488455,39.12517184423782],[17.110536809304854,39.12533480227081],[17.110620335198657,39.12560385626254],[17.11069403875109,39.12604954186572],[17.110886664500757,39.12643423224944],[17.11098596161181,39.12672652237373],[17.111053665208907,39.1269723116727],[17.111116481499824,39.12705351514335],[17.111148753018472,39.127123505621306],[17.111167359002014,39.12724081031957],[17.111233676261058,39.127439566317996],[17.111347006547835,39.127696303152874],[17.11137306782434,39.12776332119056],[17.11142876872433,39.127906556357765],[17.11144919410485,39.12809447844601],[17.11146287823393,39.12811819285386],[17.111529114159428,39.128234112119266],[17.111544897332756,39.12825733593016],[17.11154630728372,39.12830436834619],[17.111533146060825,39.12836187768725],[17.111564553026508,39.1284099138353],[17.11156596395067,39.128456944385],[17.111583864803794,39.128550724265374],[17.111632967728344,39.12867922615936],[17.111650526360982,39.12876124293284],[17.111736136648247,39.129100810321674],[17.111853706733196,39.12949862243614],[17.11194282746501,39.12995577844236],[17.111985312831553,39.13012620673927],[17.112080030226757,39.13050614725662],[17.11216321214737,39.13076343067728],[17.112182868242478,39.13091598596145],[17.112268826948043,39.13126731555866],[17.112334108762372,39.13143081902157],[17.112414104573187,39.13158229577927],[17.112427330665295,39.13161393976156],[17.112462894598618,39.131699032110156],[17.11249658130925,39.131816053285796],[17.112655189350424,39.132071974020405],[17.11278782565805,39.132469502730586],[17.112867140660633,39.132597451785706],[17.112854860902438,39.132691780572536],[17.112888894169775,39.13282056530083],[17.11299978170498,39.13299499786405],[17.11312752698266,39.133227940674516],[17.113211399962026,39.13350873004065],[17.11330859889073,39.13373046041178],[17.113372108583892,39.133835188886614],[17.113415864587854,39.133958262329315],[17.113393544797642,39.13404651766431],[17.113412499059713,39.13417556572525],[17.113477423670943,39.13432732527659],[17.113612874493494,39.13481891534173],[17.113679575244117,39.135029429891006],[17.113851154186882,39.13521452663823],[17.113948017391138,39.13542451082188],[17.114045246316326,39.135646238364906],[17.114161077739208,39.13649106748949],[17.114278316897256,39.136877130822334],[17.1143446577041,39.137075883076804],[17.114376940718987,39.13714588967333],[17.11447467586853,39.13728787041294],[17.11452153602541,39.13743734046301],[17.11458974705947,39.137704662285046],[17.11462813998956,39.13777178637985],[17.114685430342647,39.13786958378248],[17.11477495750902,39.138062677260606],[17.11479249439247,39.13813218669425],[17.114838401683272,39.138314134906196],[17.114894344169077,39.13854908835729],[17.114911804801928,39.138573332556476],[17.115044122478594,39.138757061261714],[17.11511012681361,39.13894406749885],[17.115139224953744,39.13900714319009],[17.11527086326975,39.13929249378941],[17.11532000514327,39.13939901861705],[17.11534538237889,39.13944233674423],[17.115413908735345,39.13956036086301],[17.115564240545382,39.13987663776187],[17.115625004696483,39.14000515656787],[17.115676960633074,39.14022771704529],[17.115705626079993,39.14031637009925],[17.11576015007332,39.14048499599949],[17.115815700608813,39.14074850386219],[17.11590530605709,39.14094880677816],[17.11597496865993,39.141104526676216],[17.115991771686115,39.14119559759935],[17.116029049742078,39.141397624445865],[17.116038912778983,39.14162875171075],[17.11606941672154,39.14173802163121],[17.116179280238256,39.14187717917357],[17.11620031047392,39.142084824411995],[17.11630632095283,39.14223975219738],[17.116404966879763,39.14235536726862],[17.116423587934374,39.142472651936735],[17.116439752825297,39.14251312277464],[17.116456240895655,39.142554401002464],[17.116534845741747,39.142658841637555],[17.11655770861634,39.142690440745774],[17.11666084000557,39.142832985263645],[17.116734977189044,39.14294206818341],[17.116802995979228,39.14304214910386],[17.116914256006734,39.143228339130495],[17.117010935661618,39.14331609819612],[17.117028837071775,39.143370643467655],[17.117057116479206,39.1434609895891],[17.117121008521842,39.14357745703255],[17.11718453506322,39.14368218187817],[17.117228496324213,39.143806752750024],[17.11726702666111,39.14391593434688],[17.11736355054591,39.14411415190302],[17.11734042874663,39.14424854965458],[17.117324977662953,39.14433834496713],[17.117421160637747,39.14452481728314],[17.11741128322174,39.14469773760041],[17.117403655205145,39.14494859505274],[17.117437020794203,39.145053849981664],[17.117481906776366,39.14513791546559],[17.117548995084714,39.14526356334471],[17.11759046972945,39.14547299240711],[17.11760238017499,39.14553313400597],[17.117626064649382,39.14557745604923],[17.117714736291283,39.14574338966109],[17.11784070510637,39.14592875228469],[17.11788812725858,39.14600924220436],[17.117920391202016,39.14606845832995],[17.117971305838637,39.14625572940061],[17.11803520267733,39.146372195912285],[17.11806747434502,39.14644578579239],[17.118132443208435,39.14659393659716],[17.118184046125,39.14680473343199],[17.11820041223939,39.146886106930616],[17.118230085345154,39.14703365631272],[17.11829935784825,39.14714569345167],[17.118413769330036,39.147320789198915],[17.118442425035727,39.1473646446186],[17.118633732211094,39.14770230092158],[17.118671201697786,39.1477413456498],[17.118742555947513,39.14780618533903],[17.11872482634385,39.14801105176926],[17.11871426621811,39.14806579327152],[17.118771873496364,39.148194962297474],[17.11878541843261,39.1482288798675],[17.11889564260823,39.14837979708791],[17.118990783499694,39.1485309806525],[17.119037104989278,39.14856543133372],[17.1190672567903,39.14862388872985],[17.119085190011877,39.14865865858171],[17.119101691755393,39.148705404925344],[17.119132086309097,39.14873918209198],[17.11917061882612,39.14884684388099],[17.119182460152537,39.148880378173374],[17.11918799822857,39.149065064815325],[17.11918951018371,39.14911551538079],[17.11931846999317,39.14931439321183],[17.119347820602464,39.149359659190246],[17.119373196097364,39.149501719076255],[17.119402270177094,39.14966449741815],[17.119494860727286,39.14985120169458],[17.119575287229846,39.14994079248788],[17.11959429857747,39.15002565743569],[17.119625884201685,39.15007213799487],[17.11961185186461,39.15010767226009],[17.119693679064415,39.15031793293058],[17.119732991153786,39.150375770098556],[17.11985162702854,39.150550313392856],[17.120001795985253,39.150806559790304],[17.120042608462768,39.150876201867156],[17.120093194222655,39.15105172671862],[17.120143042881576,39.151203728212955],[17.120152609580433,39.15124562441767],[17.120177812936017,39.15135601398098],[17.120225559299353,39.15143749444929],[17.120257883290893,39.15150200515252],[17.120289810654278,39.15156572261032],[17.120353005301514,39.15165866275229],[17.120374281700563,39.151679718315464],[17.12039969957723,39.15170487372187],[17.120447080154502,39.151774593576114],[17.120454132146303,39.152009713445096],[17.12048954585915,39.15211575443658],[17.120520513766262,39.15220847665882],[17.120677416991775,39.15240558678265],[17.120682548017125,39.15257581512313],[17.120761722200275,39.15269812645123],[17.120918631744665,39.152895253741335],[17.120921485586774,39.152990261959395],[17.120922869530997,39.15303632661368],[17.121031278633737,39.15317557994342],[17.121097359675815,39.15331546539092],[17.121082391788836,39.153429465175805],[17.121081789011118,39.15348064770503],[17.121220856695913,39.15386854374522],[17.121236108220433,39.15391284232701],[17.121315444963518,39.154040784889055],[17.121348454911324,39.15413429435915],[17.12141157494966,39.15430480690194],[17.121430635545686,39.15435629697605],[17.12146752002632,39.15457911947378],[17.121558079852488,39.15474417166438],[17.121627277214028,39.15487028843171],[17.121706613519716,39.154998228913136],[17.121755076889244,39.155103215387435],[17.121804903467176,39.155176497753864],[17.121844935803757,39.155235373501434],[17.121897275036684,39.155312350098164],[17.121989223469242,39.155357744035506],[17.121975563291954,39.15540504047377],[17.122070352327142,39.155544458718055],[17.122089526383718,39.15560617108945],[17.122153936437147,39.155813491637566],[17.122186237880676,39.15588347640721],[17.122219617356667,39.15598872873741],[17.12226568074652,39.15604474675303],[17.1224087854917,39.15625577219777],[17.12251620758287,39.156312620592836],[17.122559709934972,39.15642150699865],[17.122574937444966,39.156469714496495],[17.122679505870874,39.156721355194364],[17.122672921525286,39.156914097367576],[17.122671464645986,39.15695676055153],[17.122736803960787,39.15712025129892],[17.122809478652314,39.15735415739959],[17.122820392238417,39.15738928245985],[17.122933094611444,39.15762247862008],[17.123036496156722,39.15778787025987],[17.12310760813934,39.15790161313395],[17.123312914038628,39.15821813657282],[17.123352296134566,39.158278848746534],[17.12342433946415,39.15838992078067],[17.123570399076485,39.15864972991302],[17.12367962597649,39.158844024609394],[17.12376497193075,39.15908571803568],[17.123844709498112,39.15931153044525],[17.124010704346148,39.159518115263474],[17.12408388110989,39.1596091851899],[17.12414280092638,39.15968251256521],[17.12434201112794,39.15994421263142],[17.1244257889673,39.16005376249967],[17.124558262561372,39.16037897084141],[17.12461388470569,39.1605155196299],[17.124654091564096,39.16061422168414],[17.124750202273507,39.16081514185356],[17.12481734858214,39.16095550762038],[17.124944160889612,39.16122060464139],[17.124960313070737,39.161250037029745],[17.125071990735993,39.16145354412665],[17.12514842464848,39.161686476874536],[17.125242708912285,39.16197379864763],[17.125271509351222,39.16206156801906],[17.125298554214563,39.16212436488639],[17.125495116301927,39.16256754373582],[17.125563043364696,39.16271500628433],[17.125606384194953,39.16278110883349],[17.125745651505238,39.16299351312671],[17.12597460125527,39.163342695621964],[17.12602275270925,39.16342370332788],[17.12628802371128,39.163870972670395],[17.126316959094638,39.163929181429566],[17.126462970922542,39.16423832231748],[17.126487548097398,39.164290358481686],[17.126542904465563,39.16440756032856],[17.126693106717386,39.16472556959508],[17.126744458007238,39.1648342888931],[17.12690779300603,39.16516013942053],[17.127001546517967,39.16534717503173],[17.127071288517314,39.16545466586282],[17.127160424154045,39.165592045448705],[17.12731833781318,39.16583542482421],[17.12741783032124,39.166023615560135],[17.12764372193195,39.1664469400126],[17.127785349806434,39.16663230660422],[17.127978293520083,39.16688354545917],[17.128173136744714,39.16713725581783],[17.12823596327532,39.167315120154704],[17.12830526368342,39.167511312495066],[17.128466242836463,39.1676100417967],[17.12855176050587,39.16767149049444],[17.128565193925663,39.1677416894019],[17.1285712710725,39.16777341330267],[17.128623513227392,39.168046628287655],[17.128657399249818,39.16818487754002],[17.128692403859972,39.16832768318902],[17.128813887532935,39.16862353037523],[17.128855403298626,39.168724635242704],[17.12905377600819,39.16905632025355],[17.12907809382928,39.16909698173051],[17.1292509693189,39.16930989494879],[17.12939094537923,39.16948228787329],[17.129437415431163,39.16953951868152],[17.129478519823987,39.1695912125697],[17.130240039913307,39.17041171124212],[17.131219065417504,39.172370175463044],[17.131688139206933,39.173093865323004],[17.13215899570553,39.17367466574229],[17.13263289081353,39.174597881448165],[17.133561248217617,39.17644404043399],[17.133793006361092,39.17674425442625],[17.134065392703675,39.17703840028993],[17.134713960199537,39.17814919810204],[17.13543857401238,39.17933554578673],[17.136050574444543,39.18020355568932],[17.136183120153003,39.18051240687945],[17.13625271978408,39.18058739013419],[17.136317709722483,39.18068626158927],[17.13635359841618,39.18074085987228],[17.13660021576998,39.181116042802],[17.136882725636408,39.18154582295928],[17.137055217095604,39.181808228136205],[17.137101161447035,39.18187812118005],[17.13716523932187,39.18197560206105],[17.13744775797259,39.1824053800267],[17.137732813629267,39.182837449174414],[17.137756858184584,39.18287558997038],[17.138012803293424,39.18326493303304],[17.138295332256018,39.183694707912494],[17.138458524080523,39.18394294610515],[17.13857786503815,39.18412448173628],[17.138809086663812,39.18447619756453],[17.138860402786094,39.184554254423794],[17.139147005161938,39.18498703367648],[17.139425487448992,39.18541379679281],[17.13970803676008,39.18584356720504],[17.139736793253654,39.18588730605913],[17.13987959019306,39.186229729442395],[17.139893841203683,39.186278621643666],[17.14008258758908,39.18671650661617],[17.14026475908002,39.18715333479545],[17.140387322850312,39.18744722852171],[17.140467766732332,39.18758869610657],[17.140505333500204,39.18765476046378],[17.140642816564277,39.18782644635285],[17.140699627953705,39.18789738901634],[17.140786446382254,39.18800337060937],[17.141056008854708,39.188254496265714],[17.14113379388186,39.188441128470046],[17.141214699654448,39.18873316296164],[17.141482652525827,39.18910262708454],[17.14161479457194,39.189397892249836],[17.141754995474717,39.18950985318563],[17.14194273661134,39.18977836341019],[17.142066878106014,39.190173172351905],[17.142254463778283,39.19069295606948],[17.142477415271863,39.19109604097598],[17.14274714070792,39.191480605635185],[17.142872117677612,39.19196672285544],[17.143215877618506,39.192483129870425],[17.14343089149125,39.1929019989178],[17.143769394756525,39.19337308902825],[17.143852023391762,39.19345079413584],[17.14388220692525,39.193483735202314],[17.144298940806394,39.19400781799149],[17.144327745555593,39.194694106993545],[17.144338080590327,39.194728129171104],[17.14440012590715,39.19501139923422],[17.144626618680054,39.19544468643668],[17.144804537647243,39.19596514566557],[17.145097124987178,39.19654605963579],[17.14541897870726,39.196873649679425],[17.145725766761903,39.197324123584465],[17.146082751023034,39.19795379997364],[17.146250152570968,39.198383628930195],[17.1462155793985,39.1986753954993],[17.146238318508857,39.19903926781462],[17.14641552299279,39.199300897105935],[17.146568048038226,39.199518580410434],[17.14665886948286,39.199626396563296],[17.14672307173877,39.20001019169619],[17.146828733877925,39.200413909911944],[17.146977658877876,39.200768898101515],[17.14707985642968,39.20105864901848],[17.14706169425297,39.20119698070221],[17.147131520322798,39.201797378760254],[17.147262022380975,39.20279324091191],[17.147360973943368,39.203391588205946],[17.147614817783783,39.20393334616254],[17.147547156891545,39.20423505649142],[17.14730111230881,39.20448162629666],[17.147358684845226,39.20450841117379],[17.147170905723776,39.20469701607379],[17.147157042896616,39.204840755684195],[17.1473339675098,39.20504720164566],[17.147546771379893,39.20519401593297],[17.147881461692485,39.20533700541711],[17.14808770682783,39.2053748294293],[17.148217023412997,39.20536010455477],[17.148238786622642,39.2053920526776],[17.14791143203738,39.20585652316122],[17.147725086264206,39.206389954424395],[17.14736138854809,39.20671288280211],[17.146637500198924,39.20722469634052],[17.14574997295081,39.20764396288177],[17.145043301000882,39.20813968886178],[17.144195097624905,39.2090616207126],[17.143333341836772,39.20953851996032],[17.142928083139207,39.21016168092281],[17.14240347762078,39.211566273509696],[17.14174102964972,39.2129359661749]]]}}]}
