{"type":"FeatureCollection","metadata":{"code":"110001","referenceDate":"2026-01-01","sourceDbfExportDate":"2026-02-18","upstreamArchiveUrl":"https://www.istat.it/storage/cartografia/confini_amministrativi/non_generalizzati/2026/Limiti01012026.zip","sourceManifestSha256":"70ac8256c4785dc6ed2814c32b6965ae76f9161b51abaa1660059e1c6cbd8ca6","license":"https://creativecommons.org/licenses/by/4.0/","attribution":"Istat, Confini delle unità amministrative a fini statistici al 1° gennaio 2026, versione non generalizzata.","modifications":["Converted from WGS 84 / UTM zone 32N (EPSG:32632) to RFC 7946 WGS 84 geographic coordinates.","Converted from shapefile to per-municipality GeoJSON without geometry simplification."]},"features":[{"type":"Feature","id":"110001","properties":{"code":"110001","name":"Andria","alternativeName":null,"regionCode":"16","regionName":"Puglia","territorialUnitCode":"110","territorialUnitName":"Barletta-Andria-Trani"},"geometry":{"type":"Polygon","coordinates":[[[16.326923482052415,41.26933941776007],[16.32649916731817,41.26987629034636],[16.326062058069617,41.27042934306824],[16.325239471647677,41.27120183714876],[16.324862495026725,41.27102701347646],[16.323758265139833,41.27051824057268],[16.323332550004412,41.2700730592327],[16.3226375411281,41.26943363845046],[16.32110176759618,41.26971753087678],[16.32094902595432,41.26974407631172],[16.320885406470477,41.26964062225221],[16.320456552324654,41.268943219215764],[16.32137365607805,41.268295190897376],[16.321912478004087,41.267756830483634],[16.321390896559084,41.26705135102816],[16.321371595442848,41.26702878983478],[16.321041350814422,41.26658426428506],[16.321105436224073,41.266545605760655],[16.321725465425438,41.266171589215915],[16.322133670031448,41.26571806660914],[16.32261180807413,41.26519708164722],[16.321907081269718,41.26460326903483],[16.321641270373544,41.264944205163616],[16.32133632234145,41.265202159430316],[16.320949238049757,41.26560483858221],[16.320742384290682,41.265786931337125],[16.320672842273865,41.2658537759184],[16.32059651830946,41.26591533648258],[16.320092208709234,41.266973386133806],[16.319855574275916,41.267627395103865],[16.319789469267924,41.267617041853526],[16.31975637828437,41.26761192076411],[16.318886205982025,41.26749139880355],[16.318671900309532,41.26632057187622],[16.318658162370447,41.266286992422835],[16.31864497129771,41.26625217582845],[16.318617539271195,41.26617917145396],[16.318182220864887,41.26512484621644],[16.317293787560825,41.2654709924208],[16.317253641361006,41.26548560139906],[16.317250464348174,41.265519408929705],[16.317194091111723,41.26582600627497],[16.317187369156017,41.26586257159055],[16.317160446936743,41.26600899432141],[16.31627939198251,41.26612828329973],[16.31587433801026,41.26615866400568],[16.315266934588532,41.26616597736171],[16.315113485336344,41.26615769659544],[16.315054352098112,41.26615450598758],[16.314846981805964,41.26614331493066],[16.31465008083122,41.2658499504927],[16.31464953975454,41.265260594265655],[16.314818669368858,41.26487273263341],[16.31483011584197,41.26484083814094],[16.314886817401355,41.26473243400096],[16.31498185680691,41.264555491918436],[16.314911096787,41.264541954347784],[16.314875349748743,41.26453511360954],[16.314241477675036,41.26441382422671],[16.313663456298826,41.26428427757664],[16.312657620692576,41.26414155761565],[16.31262498399157,41.26390662391744],[16.312592023806687,41.26366935598767],[16.31257429931587,41.26354175854365],[16.312562193985936,41.26345461270835],[16.312549208333735,41.26336112792532],[16.313631500614306,41.262644123814226],[16.313595015745445,41.26251530156073],[16.313586608744497,41.26248809105683],[16.31357393810209,41.26244952424206],[16.313536476489606,41.26232671589639],[16.313024108288403,41.26206653306733],[16.312766541861794,41.2623484336217],[16.312402001467092,41.262686655451844],[16.312059951420146,41.26290646253479],[16.31149356624741,41.26322607726465],[16.310923257110897,41.263271491043135],[16.310727976040162,41.263045503126364],[16.310346287981965,41.26252836099988],[16.31031453254365,41.26248533690929],[16.310274484761752,41.262431075888834],[16.306887199122826,41.26210738012895],[16.306540638351088,41.26138263192361],[16.30648645904815,41.260526747369866],[16.306662926944092,41.2598136170272],[16.306815296412402,41.25947641321434],[16.30705229291238,41.25895192496117],[16.307294560604188,41.25864386809847],[16.307494194824095,41.25839001679839],[16.30764460487196,41.25819875816031],[16.308118078806345,41.257831059470526],[16.308591514381412,41.25746338385345],[16.308774473997488,41.25732129496088],[16.30864509855639,41.257306091912945],[16.304590490677647,41.25682953766607],[16.304539134739727,41.25682350119449],[16.303415472684218,41.25669140354994],[16.303226969380905,41.25704331985643],[16.30320836901603,41.257078044169425],[16.30285568082611,41.2574424756385],[16.302717215303115,41.25755007288777],[16.302446492678563,41.2577590760008],[16.30234829351104,41.257832329735756],[16.302234665830852,41.257901992462784],[16.302049319044183,41.258011494219176],[16.301984325261635,41.25804694335028],[16.301798137125182,41.25824778109813],[16.30140704124188,41.25834920563761],[16.30066603850654,41.25838745385782],[16.30006628876596,41.25819623260035],[16.29994971072869,41.25809204612372],[16.299883121750405,41.25803675750155],[16.29963005755139,41.25781461762624],[16.29839564029206,41.25815875378066],[16.298874790922312,41.25888944431761],[16.299028573128933,41.25912732308937],[16.299127923774016,41.259279571467985],[16.299200212771577,41.25939021279659],[16.299809491775218,41.26032271854691],[16.299744276912744,41.2605288925399],[16.299721131105155,41.260582688539465],[16.29971894532876,41.26061149059007],[16.299618941085708,41.2609107601732],[16.299195628718596,41.26125718711887],[16.298815473033372,41.261429892349874],[16.29843715202294,41.26151249592532],[16.298094800438037,41.26153823294546],[16.297802460944467,41.26156021109481],[16.29765074706612,41.2615716157554],[16.29751347837567,41.26138400797408],[16.297207264738283,41.260965493444296],[16.295430451853832,41.261605116213204],[16.295856921118567,41.262230326628746],[16.296445168049587,41.263092681499884],[16.296525348139397,41.263210221190526],[16.29662164385967,41.26335138604507],[16.296481961292027,41.26337697707777],[16.296373163170205,41.263396395030306],[16.29568246809062,41.26352344851696],[16.295355841251638,41.26358316784299],[16.29519854022196,41.26361160749093],[16.294655768791962,41.26371025646434],[16.294588288283897,41.263723896539844],[16.29421197307264,41.26385123292943],[16.294151538008432,41.263871683900256],[16.29382509978573,41.263982140815294],[16.29306853867201,41.26407715612551],[16.292801113949874,41.264103440431924],[16.2926615136927,41.26411657669675],[16.29248489336644,41.26413682341638],[16.292467859580753,41.264246846218676],[16.292452134788306,41.26435037245805],[16.292378463100587,41.26460862271585],[16.292359264203927,41.26470272475209],[16.2921685813908,41.265173784915866],[16.2918724252291,41.26580394585688],[16.291657011706857,41.26606144683102],[16.291498789913355,41.26624644581985],[16.290884577482426,41.266542317613734],[16.290769458236454,41.2667926040933],[16.2906920028661,41.26685807468022],[16.29045633411455,41.267051932987535],[16.290379188591615,41.26699760959833],[16.290051896193017,41.26676735389705],[16.289987377714397,41.26671122840384],[16.289482342010885,41.26629415491326],[16.28913119407476,41.26589152062378],[16.289063917202935,41.26581692804673],[16.288565530791658,41.26521421877255],[16.28834934062368,41.26465480848201],[16.28833672031319,41.264616925545546],[16.288322643381434,41.26457875018534],[16.28829729226804,41.264511830530445],[16.28812779302752,41.264072291425194],[16.287993468193473,41.263721866683774],[16.28765791022689,41.26284645288968],[16.287647985583835,41.26282055793873],[16.286943398280354,41.26283840278588],[16.286254751430548,41.26297220816477],[16.28564959540251,41.26318618193145],[16.285843245788655,41.26265670970187],[16.286033043162224,41.26213856220185],[16.28623502791317,41.261578998308075],[16.286278031004606,41.26146373349175],[16.28633662238476,41.26130439481223],[16.286410838292966,41.26111269415086],[16.28643679373426,41.26103394461149],[16.2865701450749,41.26066900567487],[16.28662559458066,41.260515219096874],[16.286837945855364,41.259947631314716],[16.287891017253347,41.26006058151708],[16.288600524062815,41.259115292397766],[16.289104471107365,41.25843262668365],[16.289554241544124,41.25784459269226],[16.289341864828685,41.25780760266516],[16.2888732094027,41.25772597403328],[16.28859653830742,41.25770153896703],[16.287807371572725,41.25763184176355],[16.286625059469312,41.25750911705687],[16.285686614959275,41.25752431351778],[16.285611482494296,41.25751869415257],[16.284374701857317,41.257743608971936],[16.284203595810666,41.257777352942234],[16.283850675185306,41.257838598734004],[16.28361300755701,41.25792284844585],[16.28353050853719,41.25795337429412],[16.28348213206299,41.25797166766306],[16.283399411165274,41.25799856404907],[16.28282981015014,41.25820047737358],[16.28215207521382,41.2583515599304],[16.281947338756986,41.2583777559143],[16.28189952856507,41.258385323320475],[16.28125967596404,41.25847579489213],[16.280665513841026,41.25884750469854],[16.28063501232045,41.258861952752675],[16.279751568794143,41.25946702180113],[16.279700936901403,41.25956968097382],[16.279521294210454,41.25992618197232],[16.27946461121393,41.260047664517316],[16.279402257708387,41.26029991083952],[16.279361509994484,41.26044627259887],[16.279308430153417,41.26065148820051],[16.279174337546916,41.26115942446439],[16.27909938290803,41.26160960964029],[16.279023335197568,41.26201644748977],[16.278992992846938,41.262178773355366],[16.2789226331247,41.26217576445509],[16.277233684967957,41.26210352618864],[16.276961950785015,41.26209190044823],[16.27687219649498,41.261864760910676],[16.276789632818197,41.26164600987872],[16.276699705573353,41.26142823871561],[16.276384433213234,41.26063036335686],[16.276401957261083,41.260605411933476],[16.276519718765392,41.260437736080505],[16.276569652176207,41.2603666380208],[16.27664577597421,41.26006035405223],[16.276484489268007,41.25968367128056],[16.276389464270586,41.259701211269494],[16.276341806122133,41.25971498645155],[16.275848764199456,41.25983528303954],[16.275085124201766,41.26001739621583],[16.273033447166497,41.260506651362576],[16.272909693029032,41.260536161634505],[16.272626028444872,41.260131252192366],[16.27108213330294,41.260589231171366],[16.270852659078546,41.261017730073675],[16.2703944084333,41.2619842815302],[16.270379153478824,41.26200882615383],[16.270288549652705,41.26219852603186],[16.270026506232274,41.26272589547643],[16.269845055578042,41.26331781356953],[16.26974861136778,41.263669760802145],[16.26976408066642,41.26379072656864],[16.26981384802897,41.26413415376689],[16.270154648515007,41.264436460266],[16.270537106678788,41.26447066742049],[16.27054121434096,41.264159960717286],[16.270542651371077,41.26411937708282],[16.270505764352926,41.26398182735775],[16.270476969639546,41.263877230189905],[16.270463235720168,41.263837318222684],[16.270599056921586,41.263341930274706],[16.27111361895451,41.26279634725187],[16.27127612044286,41.26248907997034],[16.271569500154193,41.2624876999056],[16.271618614714434,41.26248886979657],[16.27181269627694,41.26248874909406],[16.271993207122147,41.26248673001228],[16.27203052320778,41.26249876869204],[16.272519719839302,41.26262606800687],[16.272618511609593,41.2627872307837],[16.272632987758676,41.2628144047365],[16.272666043706106,41.262868731373565],[16.27280762301358,41.26328266563665],[16.27285874657829,41.26355387035439],[16.27320381452591,41.2641348482084],[16.27376019683421,41.263937536016],[16.274453905460852,41.26387547163358],[16.274997864882568,41.263759717661266],[16.275094230719695,41.263735808983945],[16.275111640101613,41.264067731961006],[16.27512840892741,41.264282541484924],[16.275131672515464,41.26444880546969],[16.275137317437583,41.26473639520318],[16.275138550099836,41.26489852203607],[16.2751532531434,41.26513242085284],[16.275159606009783,41.265236477219695],[16.27516512590935,41.26534652371771],[16.27516819410751,41.26541381483444],[16.275179847514334,41.265678528404194],[16.275144010904597,41.2657340898243],[16.274800293313703,41.26626700638789],[16.27493502086706,41.26647694599607],[16.27509854707898,41.26669353687063],[16.27515543912113,41.26676888780368],[16.27499023675234,41.26694742691977],[16.274920835776925,41.267017752785776],[16.274710152799713,41.26728549188426],[16.27453698317832,41.26750555802453],[16.274449038338563,41.26755412808923],[16.274205580498055,41.26768858301776],[16.273680586322733,41.26773992905974],[16.27316628470679,41.267646619222035],[16.27179557806787,41.267787665327766],[16.270458867236638,41.26788604315524],[16.270109096154446,41.26771624176374],[16.27003959159997,41.267681556858655],[16.26996711162721,41.267647311870284],[16.269899622982827,41.2675087244188],[16.269731208072656,41.26716287547366],[16.269597262576685,41.266496495749635],[16.26920388958347,41.26659171305642],[16.26901610590627,41.266632372066766],[16.26891311252693,41.26629696990477],[16.2687987184221,41.26591279858547],[16.268470698445036,41.26556468416829],[16.268207156684532,41.265507230771185],[16.26784732108298,41.26542878215556],[16.267768207484988,41.26537026928957],[16.267506607418948,41.26520744882649],[16.267491170385,41.26555036865222],[16.26741009578981,41.26593848111404],[16.267393473208692,41.26603798615972],[16.267212407157803,41.26655339079844],[16.26707563810516,41.26695800180937],[16.266904419647467,41.26745478410378],[16.266701600007504,41.267935574543586],[16.266458789991496,41.26831022808959],[16.2664190456279,41.26836632284562],[16.266376602730652,41.268426017265426],[16.266350730435125,41.26845900447712],[16.266039364717404,41.26892243522969],[16.265989817530706,41.26897582691696],[16.26565338574712,41.26933835941045],[16.265314827375335,41.26980526396219],[16.26494601760859,41.27014093113996],[16.264890928016747,41.27019170630204],[16.264740923921686,41.27032759294135],[16.26420680083392,41.270614418244094],[16.264161373592344,41.27063881281799],[16.26410807861885,41.27064219368645],[16.263952885589447,41.27065325511182],[16.263894891688327,41.27065738838394],[16.263821129083176,41.27066264608159],[16.262446092326584,41.270765613076755],[16.26233374840465,41.26991788435226],[16.26086462150803,41.269925564633105],[16.26074508718139,41.269280755266536],[16.26055664271046,41.26880587015058],[16.260476831292518,41.268604741618866],[16.260397027177603,41.26840363056026],[16.26030895146006,41.26818167145027],[16.260243520272596,41.26801677786766],[16.260258913064323,41.26797118447867],[16.260325175187162,41.26777742099085],[16.260344408702434,41.26771793239892],[16.26050246792094,41.267343472823605],[16.260614548979,41.26687744457829],[16.260466142439885,41.26648192357838],[16.260476468081755,41.26590536703176],[16.260154730833108,41.265907769597206],[16.25972736915737,41.2659550132384],[16.25967799117003,41.265962521417215],[16.25922661218433,41.26600710236257],[16.258772167026667,41.26604940847659],[16.258478735379335,41.2662524765322],[16.258037471907624,41.26661797184605],[16.257984640667406,41.26666173104023],[16.25796151046722,41.26651968559208],[16.257918651742617,41.2662564824655],[16.25759447167583,41.26572812301384],[16.257423491306007,41.265451008535436],[16.25697565980227,41.265150946225134],[16.256862995114066,41.26514843593459],[16.25655866523054,41.265127880205675],[16.256143797347725,41.26528464702131],[16.255527605338585,41.26545416922066],[16.255206170388576,41.26554000095888],[16.254931139980954,41.265613439806714],[16.254228451025472,41.26562196265285],[16.253839822386233,41.26529114161857],[16.2535716543806,41.2650246765522],[16.25320801281996,41.26460902668994],[16.253025191159985,41.26426942777832],[16.25241353816039,41.264170138485305],[16.252328326129387,41.264157109627135],[16.251833815489004,41.26408150098669],[16.251734660088335,41.264066286152776],[16.25057686628707,41.26388930689586],[16.250337589932542,41.26385271928315],[16.250246612004812,41.26387392807858],[16.250051735077196,41.26391935554532],[16.24988714471119,41.263957725287504],[16.249326160851417,41.26406072859069],[16.24855648686775,41.26424136863615],[16.248005367958175,41.26432880432254],[16.247565583546848,41.26429725439034],[16.24723898253448,41.264273825743295],[16.24697684288969,41.26411494491462],[16.246536838285564,41.263643373041],[16.24620594365109,41.26324138225658],[16.245829153679193,41.26282879744252],[16.24530625648301,41.26251229607762],[16.245248360896912,41.26253318858905],[16.244539739857338,41.26278889731024],[16.243934434215657,41.263029655410605],[16.243613248206255,41.2631662156459],[16.24318853835102,41.26334679209499],[16.242343876303956,41.26356070165236],[16.2422968686565,41.26357624014311],[16.241811043994588,41.26372186477862],[16.24134191072579,41.26386730477137],[16.24125158702967,41.26389573226773],[16.241206002021972,41.263909738783745],[16.241027085901816,41.26396490747126],[16.240872298004273,41.26401895969928],[16.24082575557764,41.264035214158184],[16.2406023051576,41.264113246896436],[16.23990176492703,41.264409496645904],[16.239365862213006,41.264637320578956],[16.239155830731445,41.26472660983223],[16.23851746654683,41.265045916565235],[16.238208622080112,41.26516442246076],[16.238050055719956,41.265173562914484],[16.237761447509666,41.265190197813844],[16.23739984596103,41.265211040200185],[16.236606081452628,41.26531757185524],[16.23649241517308,41.26533587690861],[16.23638580136149,41.26533473926456],[16.235705336721814,41.265363114284554],[16.235561068947487,41.26537565094299],[16.235499953113276,41.265380711033934],[16.234789003382936,41.265461504124126],[16.234632270470367,41.26547019822682],[16.234197097355818,41.26549335574128],[16.23368034313185,41.265459860617504],[16.233607825923357,41.26545770040832],[16.232925122286403,41.26543076876676],[16.232148380036154,41.26541683666714],[16.231075597246623,41.26550257926706],[16.230142377253227,41.265395030733366],[16.229982360318125,41.26510818186577],[16.229666427986757,41.26486717040842],[16.2289037842674,41.26549122204502],[16.228573257339235,41.26573704949009],[16.22803559462216,41.26629290255997],[16.227556128011177,41.26678209002212],[16.227086009415242,41.26722119414817],[16.226555170320644,41.26762363529661],[16.226310701988954,41.267820048652894],[16.22600213282047,41.26806796410832],[16.225707522181672,41.26843796964013],[16.22561738911785,41.26855116781627],[16.225316472561776,41.2688735923293],[16.225220280165214,41.26897666032717],[16.224889345440467,41.26936437035634],[16.224852287231993,41.2694058982831],[16.224826769756554,41.269433471015354],[16.224800891018344,41.269462648493004],[16.22476987086549,41.26949465915026],[16.224673814551586,41.26959668869322],[16.224331344292,41.2699685927035],[16.224135782718825,41.2701161367342],[16.224091420287163,41.270150999192595],[16.224067565815883,41.27017005673837],[16.22372991603989,41.270433964745045],[16.223155642220593,41.27095611121361],[16.222883603718728,41.27117872481685],[16.222756494728593,41.271282739321975],[16.222642686086463,41.27112100130323],[16.222621481087632,41.27109086599055],[16.222460543692232,41.27086214931383],[16.222373745618818,41.270738796391626],[16.22230510133575,41.27063505923478],[16.22197022505158,41.270165321002274],[16.22168021057291,41.269753149699774],[16.221298424542127,41.26921053964878],[16.221294318806592,41.26914091783633],[16.221278078324485,41.26886537873447],[16.221283295375965,41.268708562569635],[16.221293228944862,41.26840999583212],[16.221167739298757,41.26797697933186],[16.221143101042944,41.26788804175782],[16.221079810170355,41.267659574486636],[16.220875773900175,41.267404811578956],[16.22057771001426,41.26703784009741],[16.220514689892166,41.26697850368],[16.219592415150903,41.2661101197201],[16.218134489839475,41.26737633629621],[16.21927625561419,41.26839768913335],[16.21890378064019,41.26883060498185],[16.218506645414216,41.26933706239262],[16.218274823565327,41.26960292951799],[16.21802759274508,41.26988467548914],[16.217568240899656,41.270314064460045],[16.21722903209212,41.270745261982725],[16.216939791398673,41.271112935845736],[16.21690505345011,41.2711579694114],[16.216875558479103,41.27119458726898],[16.21667179811524,41.271454889126495],[16.216523712877688,41.27135623818644],[16.216065140895587,41.271038690540124],[16.215544878467565,41.27070253134463],[16.215148512138217,41.270435051385704],[16.21492433945347,41.2702330957749],[16.21488766645557,41.27019613883239],[16.2145773851649,41.26990862480314],[16.214334285977834,41.26973272000556],[16.214223418421874,41.269651969199934],[16.214099041893675,41.269562977938264],[16.214049968920886,41.269549146406725],[16.2137945317521,41.269468432423096],[16.21373290080999,41.269436190474075],[16.21340644714766,41.2692804746918],[16.213378646928003,41.26925329420969],[16.21308056092856,41.26894479495611],[16.21303479470869,41.26890065148731],[16.212972324930234,41.26883806448041],[16.21291921078407,41.26878543820506],[16.212492430705552,41.26828523586821],[16.212103951451017,41.267819279404115],[16.21161432034754,41.26740918397313],[16.21099343150199,41.26697725886916],[16.210890758223965,41.26690583322789],[16.21073517609956,41.26676032160416],[16.210701113222743,41.26672320969318],[16.210620403097057,41.26664311198687],[16.210566316709247,41.266587331446296],[16.21042975816036,41.26645793502334],[16.209991013319055,41.26599954146348],[16.209917428448286,41.265923280702665],[16.20944111187075,41.26522888202922],[16.20924515044099,41.265020649224105],[16.209072109714857,41.26484509525254],[16.20904886669134,41.264821202848694],[16.208826100185906,41.264592193267966],[16.208769101275074,41.26453423300701],[16.208532240195122,41.26432226622239],[16.208416891180292,41.26421705783024],[16.208372790378057,41.26417567182807],[16.20734999287006,41.26327733266154],[16.207314809320014,41.263243068092876],[16.20728556115396,41.263214585068596],[16.206972449361,41.262909653820714],[16.206688048513936,41.262476697856705],[16.206641777794584,41.26239954661295],[16.20636827143509,41.26213687170529],[16.206281248102208,41.262053291372915],[16.206254867486784,41.26202795533774],[16.206025348756004,41.26184621819568],[16.205988797338645,41.26181602927078],[16.20578263975296,41.261654038760554],[16.205702128927758,41.26153671983135],[16.20565357567486,41.26147762722027],[16.20546417084654,41.26120585833455],[16.20543211117086,41.261163721642276],[16.205395946576143,41.26112137797344],[16.205342890360708,41.26107862035339],[16.205034830826516,41.260861869308464],[16.20494061604342,41.26079599617461],[16.2047625535719,41.26064120337897],[16.20467812388063,41.26056744801048],[16.204554478670538,41.26045994801115],[16.20445059317016,41.26037526818802],[16.204362304983096,41.260302773949874],[16.20433365853056,41.26028033807319],[16.204241729289812,41.260208508317234],[16.204166916512044,41.26015713289912],[16.203741052005103,41.25981047968649],[16.203408147251718,41.259560248686434],[16.20332352656262,41.259496643979496],[16.203255406284487,41.25944543820886],[16.20318039125013,41.259389052674614],[16.20307269356785,41.259308099187905],[16.202900265818833,41.25917848987049],[16.202713668721945,41.25903822881405],[16.202445339159468,41.25882359526697],[16.202277730313323,41.25869323827052],[16.202197516491836,41.25862975779028],[16.201974971727097,41.258450283004564],[16.20172084867495,41.258308788190064],[16.20124911859525,41.25800550338279],[16.20097182803489,41.25786162472742],[16.200928714361375,41.25783925441507],[16.200537583333137,41.2576363075124],[16.20028955350752,41.25747926171601],[16.19993668646877,41.25725583677221],[16.199759698878832,41.257143887394534],[16.19966891992296,41.25709385905106],[16.199608460186976,41.257051320183514],[16.198955176880176,41.25650747717805],[16.19840650726484,41.25604704184709],[16.19830422386504,41.255981466735896],[16.19758843896447,41.25552254635901],[16.197106884389413,41.255156871190955],[16.19697021514285,41.2550529768844],[16.196618922176338,41.25478709628115],[16.196182279593746,41.25442309333269],[16.19548910380207,41.253706263417044],[16.194838328942463,41.25340070232459],[16.19416829006276,41.253298815254354],[16.193174583171192,41.25315426289582],[16.192351087023795,41.25312049436161],[16.190996248276544,41.25275563855888],[16.189931972251102,41.25272797193924],[16.188724127538446,41.25264181638766],[16.188405134442743,41.25264076118493],[16.18749850101251,41.25263775213373],[16.186394806642255,41.25238755908636],[16.18586301372499,41.25199799071792],[16.18553854531755,41.251659699619644],[16.185399337775,41.251523157957116],[16.185315043649585,41.251408172203156],[16.185259014518092,41.251331740889036],[16.185199582172753,41.251252232217226],[16.185129544746577,41.251157641071465],[16.185114990716848,41.25111188229735],[16.18510680579371,41.251086145634055],[16.185047316261667,41.25089468571773],[16.184983626961596,41.250698867493234],[16.18499948722561,41.25043691176069],[16.18498212148826,41.25013570212209],[16.184979843800996,41.25009619579512],[16.184931054368526,41.24968478943007],[16.184915340234486,41.249546917032106],[16.184727291425734,41.24922210330528],[16.18470841786295,41.24918860531903],[16.18462884439305,41.24904737690092],[16.184417157890312,41.248661600647935],[16.184340860750535,41.24851652471947],[16.184561525881396,41.24808424662339],[16.18478670793796,41.24736822734308],[16.184751396472603,41.24717038587108],[16.18466996685865,41.246714151784616],[16.184383005246477,41.246111246788814],[16.184287992743744,41.2454108143247],[16.184145605012333,41.24480788475998],[16.184120467710905,41.244701432890665],[16.183666277619547,41.24409551687853],[16.18318408370083,41.243153907257415],[16.18302045967391,41.24264224824195],[16.18286214911626,41.24243525073956],[16.182616588267173,41.24211415952293],[16.18231317543661,41.24133229823543],[16.182278015867066,41.241241693891205],[16.18222965789336,41.241117078654185],[16.182080959031087,41.240280531492516],[16.18185574344427,41.239820004687324],[16.18184578178437,41.239795555304696],[16.181825035417823,41.239742188992146],[16.18177276343472,41.23964497975718],[16.181672293753042,41.23943779034766],[16.18165054552715,41.23930417515128],[16.181618622708918,41.23910805396526],[16.1815526791048,41.23870290308121],[16.181351144082125,41.23806313806441],[16.181195507960656,41.23738000172844],[16.18116504308545,41.23704896227908],[16.18088803966121,41.23642742590993],[16.18086149164448,41.23618612788393],[16.179658807932896,41.23630651493142],[16.177932696883108,41.2365181843822],[16.17720861077248,41.234052938128436],[16.176568178801006,41.232185355010174],[16.176623933824747,41.231487911581326],[16.176674820855787,41.23085137412161],[16.176712555249576,41.23084532853811],[16.17685931112447,41.2308218175273],[16.17780493411773,41.23066807871421],[16.177787796522807,41.230644800311225],[16.177733182876548,41.23059743476804],[16.17765455751934,41.23052002525459],[16.17684400849512,41.229733941231686],[16.176212074451627,41.22961817322959],[16.175959536918903,41.229591478052235],[16.17573155129055,41.229567542938156],[16.175354900796208,41.229546463517806],[16.175003327003257,41.22952530585652],[16.174849610996716,41.22952183309337],[16.17480163441615,41.22952198831554],[16.17475542905564,41.22952301073475],[16.174485653158694,41.22952311933048],[16.174444619861042,41.22952310137717],[16.174395278758965,41.229524029394135],[16.174325275904774,41.22953018483244],[16.17416244263595,41.22954648723645],[16.17357332595944,41.229610978316934],[16.173420263238928,41.2296275550416],[16.172979712929546,41.22963146611292],[16.17237488591562,41.22964100142577],[16.172072815051614,41.22964970270533],[16.171378915041387,41.229653295014025],[16.170650890503918,41.229644881381056],[16.169685073129298,41.229723336123776],[16.16870989819414,41.22977087273093],[16.16786343927435,41.22985084082422],[16.16764196601298,41.2298728424295],[16.16752940475389,41.22988093141842],[16.167052029711243,41.22992493635203],[16.16671854747736,41.22995397405257],[16.165972487328514,41.229971420598666],[16.16551593771288,41.2299820942442],[16.165455317508982,41.22998351156532],[16.164901135967536,41.22995067905934],[16.164667939970247,41.229938996032736],[16.164534637881,41.229932565849914],[16.164408417625165,41.22992618120577],[16.164346984724464,41.22992304950575],[16.164151867293715,41.22992191768189],[16.16410927788085,41.22992160456274],[16.164056202779218,41.22992155398135],[16.16318640373956,41.22991845414326],[16.162283352538193,41.229912297479466],[16.16175450305359,41.22990450548507],[16.16168665932172,41.22991519118927],[16.161096892964846,41.22996755398155],[16.160507106038107,41.23002409672232],[16.15991731894478,41.23008063731732],[16.159327474999014,41.23013519148451],[16.158737721301712,41.23019326356683],[16.158534530544546,41.2302131869723],[16.158147725503714,41.2302522907927],[16.157915279994192,41.2302740691206],[16.157569295154115,41.23031098733895],[16.157274852510167,41.23035126122514],[16.15720000703265,41.23036219817259],[16.156972089784908,41.230397236575925],[16.156917512174154,41.2304056660737],[16.15638520766291,41.23048782306232],[16.155986147514138,41.23055005160596],[16.15593837225926,41.23055608765483],[16.155884936390375,41.23056416997168],[16.155798379682903,41.230577570766386],[16.155265255946805,41.23065913210203],[16.15521212077529,41.23066744728657],[16.154729948242093,41.23074117201384],[16.154670053902773,41.23075031047001],[16.154625945089727,41.23075730480203],[16.15439356330148,41.23079303985562],[16.15404071559072,41.230846348819696],[16.153590568290106,41.23091428644318],[16.153454145382508,41.23092983043672],[16.15340991817809,41.23093472418076],[16.153149292091637,41.23096559022179],[16.151686899164222,41.231127451334764],[16.15133102193575,41.231165527062366],[16.1510984030919,41.23119027190283],[16.150509873024603,41.23125388164517],[16.150348740626114,41.2312713315112],[16.149921036907696,41.231317984385235],[16.149632480713876,41.231350166376046],[16.148743515594436,41.231452511858],[16.148467705925466,41.23148135506257],[16.148154687795593,41.23151170691228],[16.147565993096922,41.231582906694165],[16.146977245596176,41.231651143430376],[16.14646698448239,41.23170705477802],[16.146388495726843,41.231715831750584],[16.146236469874474,41.2317326239827],[16.145800246952778,41.23177983875623],[16.14470466828851,41.23190510299602],[16.144189706036652,41.23188322922904],[16.1438789991915,41.2318216185701],[16.143825241942704,41.23181620089039],[16.143557742988232,41.231788968837],[16.143212785067583,41.23175449094305],[16.14316184257316,41.2317493590595],[16.14261782876043,41.231689517727595],[16.14244395342016,41.23167039065187],[16.14232631980162,41.23165748069367],[16.14114351809567,41.23157824651263],[16.139936115695686,41.23143754254938],[16.13897777700183,41.23133979432949],[16.13820245918324,41.23128127582206],[16.138003764413767,41.23126627834635],[16.137315626307124,41.231155413189924],[16.136518015762253,41.23113761666434],[16.135765809273277,41.23109898943462],[16.135060502130898,41.23102594013512],[16.13424934826944,41.2308560083466],[16.134185420262977,41.23084824897871],[16.13409356551439,41.23083160749968],[16.13393546894993,41.23081829849497],[16.133772296900652,41.2308051316686],[16.133658269137563,41.23079613204086],[16.133468014276477,41.23078136856481],[16.13342817579745,41.230778594994284],[16.133178875485047,41.23075732484521],[16.133051688782285,41.23075060091968],[16.132379859190785,41.23073844102722],[16.13158273974115,41.23072507933067],[16.13056720137235,41.23062182254888],[16.129370655982946,41.23049832696715],[16.129378896759086,41.230430817807914],[16.129400539565292,41.230253500534076],[16.129564624112895,41.22998232412809],[16.1303025083733,41.23002638377012],[16.13020371427347,41.22972207630027],[16.129995156103124,41.22944910628808],[16.129911651064894,41.229339810772906],[16.12975997206657,41.22915349711736],[16.129643206718175,41.22901006741001],[16.129620602711377,41.228977436180955],[16.129481999275775,41.228764369209884],[16.129300017095723,41.22848700278099],[16.12916706567712,41.228322872021685],[16.12902079701759,41.22813315110584],[16.128885798391863,41.22796835640216],[16.12878881788106,41.22775604942554],[16.128687034319704,41.22753978840436],[16.128322710828417,41.22705135571844],[16.128210529972336,41.22690011794084],[16.1281779893547,41.22686017314326],[16.12811689322905,41.22674436508932],[16.128033646079544,41.22660127944555],[16.127843112718267,41.22627848377527],[16.127734972471554,41.226113102586986],[16.127679445633316,41.226027301704896],[16.12755898831296,41.225842346652996],[16.12752807187664,41.22579775889147],[16.127401483640938,41.225595621202686],[16.127369033103577,41.225546946186775],[16.127343449373132,41.22550782722998],[16.12732632428234,41.225483075059785],[16.127165911699823,41.22504279616911],[16.126698338853846,41.22422600346766],[16.125953428107483,41.22339973950296],[16.125920476648158,41.223363185132555],[16.125564926599736,41.22301418936145],[16.125411207544087,41.222823619364185],[16.125387096946753,41.222791883637186],[16.12521667570349,41.222576566065364],[16.125169311537757,41.222519623859206],[16.125019786084618,41.22233269616143],[16.124663680787716,41.22162653225084],[16.12465183573475,41.221599335644555],[16.124563515888045,41.22142019216238],[16.124964358639904,41.22130578526903],[16.125321550074815,41.2212205773789],[16.125727961777084,41.22114587434329],[16.12599080793037,41.22110152741421],[16.12653172152178,41.22095182577086],[16.12711591032018,41.22076250259742],[16.128493575438835,41.22039667451472],[16.128560280659762,41.220347759064374],[16.128753852137162,41.22020089869002],[16.128940126550372,41.22005957463067],[16.129351350992927,41.21973252484596],[16.12977828081946,41.21946748792798],[16.129807094985736,41.21941948388656],[16.12986549159922,41.21932099468817],[16.129952228890453,41.21917770024305],[16.12952981778833,41.21896552363284],[16.129111311788474,41.21878909766177],[16.128898777338947,41.218775121126605],[16.128619149968394,41.21875673339254],[16.128254919849418,41.21896837193041],[16.127844319234708,41.21878244958959],[16.127699121237917,41.218544018731656],[16.12767527239465,41.21851467439604],[16.1275122955017,41.21831413933828],[16.12745370328582,41.21824204253535],[16.12739282223521,41.21816713198779],[16.127293484356173,41.21805453592799],[16.127005229757046,41.21772780974218],[16.12676921611773,41.21740307470843],[16.126745568996625,41.21737117994752],[16.126718822279962,41.217339417713006],[16.12669529780711,41.21730855917467],[16.126452948232536,41.21687129134053],[16.126101300625997,41.216488222145905],[16.125906764136413,41.21629839371112],[16.125797879844782,41.216192140315016],[16.1255705034996,41.21595185298649],[16.12552847510737,41.215907439229454],[16.125298518138475,41.21562928279528],[16.124860278202267,41.21522418210286],[16.12449138141166,41.214883172762335],[16.124359274156465,41.21477133403747],[16.124120250895512,41.21455072127042],[16.12403896315821,41.21445890108077],[16.123973722986214,41.21438520723485],[16.123780467366046,41.2141669076032],[16.123496740421373,41.21353214037515],[16.123494277141607,41.21277189880894],[16.12355857452906,41.21231763454208],[16.123600291031913,41.21202290985793],[16.123581804899814,41.21174683245214],[16.123565256622182,41.211499704363575],[16.123552886373215,41.21131495642277],[16.12342386721723,41.210838471969446],[16.12334014380636,41.210549298200284],[16.12333314336526,41.21052087513272],[16.12315772711793,41.20993122272552],[16.122974766717984,41.20956465025334],[16.122923073487524,41.20950037481926],[16.12278964808164,41.20934219377898],[16.122700927396124,41.20923882391247],[16.122670462727477,41.2092014866578],[16.12230422791654,41.2087424608143],[16.1219395370343,41.20821170976044],[16.121378249076564,41.20757169470414],[16.121062757989783,41.20729781358881],[16.120894584931776,41.20715182097079],[16.120688656578658,41.20686605798245],[16.120554000074442,41.20667805835285],[16.12004098295701,41.20609802796492],[16.1196407839643,41.205596471356266],[16.11920400075587,41.20516917724062],[16.11910144919085,41.20499378768629],[16.11907675990364,41.20495441944867],[16.118820332332394,41.20451423471124],[16.11874470245804,41.20439016882527],[16.11863538742389,41.20421966158873],[16.11860100599246,41.204164796541704],[16.118503661895787,41.20400969107215],[16.11842910766654,41.20388829017251],[16.118316191605622,41.20358206996726],[16.117956672267773,41.20305390854185],[16.117910555520883,41.202982850053786],[16.117827088310616,41.202856858736325],[16.117767242837402,41.20276860864512],[16.117742128371987,41.20273152251743],[16.117607133231687,41.202541772815735],[16.117384717366924,41.20222263595398],[16.117349113998106,41.20210747232793],[16.11727618054781,41.20187155874289],[16.11717317762585,41.20153837378717],[16.116889507876042,41.200957578065896],[16.1163995777922,41.20015112688455],[16.11621812956181,41.20007519750256],[16.11606018508928,41.20000910243528],[16.11585656099295,41.19992389068894],[16.115283304993117,41.19995949428461],[16.115247091536986,41.199961743264105],[16.11518628836089,41.199731551334246],[16.114903908673234,41.199299150089495],[16.114805962469813,41.19850884163172],[16.114672270228972,41.197578480332986],[16.114663471871534,41.197530277287065],[16.114652484322093,41.197480142250605],[16.114582066940407,41.197324059388244],[16.11450969250549,41.197165623323166],[16.114471646950857,41.1970892684614],[16.114038761348954,41.196194307851016],[16.113525208142136,41.19607321553736],[16.112998363788087,41.19593944774584],[16.112829900647945,41.1958749548564],[16.11270778148675,41.19582820374381],[16.112451673868172,41.195730155610455],[16.11236124947776,41.19569553866586],[16.112011712874242,41.195477525913134],[16.111869184913004,41.19538862940015],[16.11175375630333,41.195308057330124],[16.111700286382895,41.195270733882765],[16.11155035225916,41.195166075344595],[16.111253564043842,41.194958905281716],[16.110826966441216,41.1944049618866],[16.110543873199248,41.19410546307013],[16.110474531158147,41.19403988769533],[16.109905946863766,41.19349475216238],[16.109854531192877,41.19342535622546],[16.109543899808752,41.19299782635373],[16.109509869652978,41.1929564609278],[16.109469459447773,41.19290788195084],[16.10931216235546,41.1927167168282],[16.109206023565676,41.19259862264915],[16.1089719813811,41.192054410318974],[16.108825913688808,41.19165956164518],[16.108795893805937,41.19158077293779],[16.108771959184978,41.1915228889422],[16.108665643944352,41.191297172654956],[16.108451827228404,41.19083135490263],[16.108386225091596,41.19054152794085],[16.108364842001862,41.1904589043036],[16.108357317790098,41.1904277743529],[16.108322159969415,41.190284052725424],[16.10830918986203,41.19023102448065],[16.10830238340038,41.19020319756836],[16.108260825909277,41.19003331645372],[16.108088127239345,41.189777944334665],[16.108027111857673,41.18968771768787],[16.10798048297905,41.1896187662824],[16.107797377397134,41.18944115131924],[16.107404826641616,41.18952849430837],[16.106809617136427,41.189641904510516],[16.10625281826765,41.1897799259141],[16.105926545826552,41.189886971342474],[16.105596606908716,41.189994335916715],[16.105548995207865,41.19001575151076],[16.10548029255981,41.19005457847728],[16.10540136106573,41.19010104084073],[16.105290014729288,41.19016893101543],[16.10498774915576,41.190153892312196],[16.104914107246803,41.190149518461745],[16.10472250283271,41.19014029365252],[16.10412269244859,41.19004700328675],[16.10332591576845,41.190114401146815],[16.103139384591355,41.189631032284986],[16.102953387239772,41.18912513284653],[16.102876834944432,41.18891390760707],[16.10285406873522,41.188874449686196],[16.102810152245947,41.18879108630851],[16.10276189680921,41.18870009628444],[16.10270417494644,41.18859125529375],[16.102625305444338,41.18844026159613],[16.102610456074782,41.18841212747023],[16.102508728464144,41.188214207849875],[16.10233288811907,41.18785427541507],[16.102110784251238,41.187427102868114],[16.101776641917738,41.18679090239039],[16.101543474194347,41.18620693522738],[16.1013932089068,41.185865296384286],[16.10114507567083,41.18539024127349],[16.10091270596033,41.184923206629925],[16.100674891130023,41.18444293682361],[16.100567962410224,41.184241012776305],[16.100457246736344,41.184047055112806],[16.100319630316047,41.18368955959902],[16.100307033879048,41.18366003649647],[16.1002955365159,41.183635326268686],[16.100036370376166,41.18313276236683],[16.09982652475065,41.182763317092466],[16.099556694767305,41.18230760032042],[16.09932948349118,41.18189287688729],[16.099274645009206,41.18179414735579],[16.099240014523165,41.181776865317104],[16.09893777682544,41.18162604396667],[16.098715227993264,41.1815428193485],[16.098651414700058,41.181524311545544],[16.098537883118,41.18148413962359],[16.098493943608638,41.1814600675806],[16.098062127396098,41.181276333551565],[16.09799353851996,41.181244746187176],[16.097664371967074,41.181091215124724],[16.09699113486173,41.18083775522689],[16.096801267803418,41.18078425595167],[16.096455615987196,41.18067744845652],[16.095830443502862,41.18048669650195],[16.095303464911243,41.180240367837435],[16.0951111718655,41.18017889261406],[16.094772901460516,41.18007074723032],[16.09468472120631,41.18002840145213],[16.094404594825434,41.17989387691852],[16.094100658512325,41.179747918689316],[16.093723940372037,41.17954525955773],[16.093677051301906,41.17952151667542],[16.093633660557487,41.17949913650518],[16.093534856567217,41.179445492482955],[16.093109712559087,41.1792572171658],[16.093008734888194,41.17921325323415],[16.09290104921834,41.17915537282778],[16.09285603349626,41.17914556088051],[16.092524992574386,41.179028946720656],[16.092448520579268,41.179001644978285],[16.092385292087425,41.178977561263736],[16.09226662519169,41.17893122067358],[16.09217746402136,41.17889506723786],[16.092132672549983,41.178877071937],[16.092028192770957,41.178837267175524],[16.09195725585533,41.17881051250271],[16.09191992336802,41.17879525636559],[16.09137214552009,41.17858076361246],[16.09133642543325,41.178566699731334],[16.091157863579856,41.17849584413161],[16.091028968990923,41.17842697473466],[16.090911850566815,41.178364564753366],[16.090644338731135,41.178214364095595],[16.090571386116462,41.17817560637303],[16.09050916709187,41.17815100917597],[16.09008765576689,41.17797967000071],[16.09005019384412,41.177968617419204],[16.08988559135876,41.17790620807062],[16.08968095742662,41.177829693951175],[16.08961914440929,41.17780877057419],[16.08909335070528,41.17756065254358],[16.088554916452427,41.177400488870084],[16.08797862296202,41.17719317055542],[16.08724519186995,41.17690347096868],[16.087164964464982,41.17687351910423],[16.086964661470237,41.17680862323253],[16.08687044699017,41.17677561630135],[16.08683961106106,41.17676501673496],[16.08677982591839,41.176744291218384],[16.08674855287982,41.17673299874887],[16.086382268168745,41.17661249503819],[16.085751767722694,41.17628177792155],[16.08572222580136,41.17626667147212],[16.085678578479744,41.176247088293614],[16.08553115458103,41.17618152517254],[16.085170033400946,41.17601961821937],[16.085126364057643,41.17599821210848],[16.084795701399315,41.17584663034564],[16.084733831627002,41.175784967060665],[16.0845440752816,41.17559050198121],[16.08450070651241,41.175549134588806],[16.084312973675026,41.1753590659418],[16.08407130662029,41.17511617456381],[16.084253591731045,41.17455290685298],[16.084406224471554,41.17392539509542],[16.084449341723808,41.17373954165018],[16.084454295959922,41.17369605327223],[16.08449911672429,41.17302592620943],[16.0845156513595,41.1729682568384],[16.08466984511458,41.17243044745314],[16.08467772305322,41.17238584872926],[16.08475940854878,41.1719338289283],[16.084765948087323,41.171886450404095],[16.08478798025079,41.171761731443276],[16.08479855643931,41.17162520871098],[16.084814997482134,41.171412916278136],[16.084828950314982,41.1712327678398],[16.085069576743976,41.17067796157067],[16.08513724010529,41.17047040402621],[16.08522825266992,41.17019121324592],[16.08553259467569,41.169812442556726],[16.085954341474782,41.169241352831484],[16.086161046902347,41.16877021257353],[16.086353051600778,41.168371390838615],[16.086632321638458,41.16795367299124],[16.086892226123805,41.16735717635659],[16.08710502905588,41.166903074026955],[16.087707051611194,41.16624942121183],[16.087743254382268,41.166160719012126],[16.08775842688196,41.16612714254346],[16.088095217198312,41.16532553167695],[16.08857145829339,41.16472014973802],[16.08918681843734,41.16377770265764],[16.089330021487786,41.163519024078674],[16.089382653575967,41.163422537002155],[16.089403001557624,41.16338719494912],[16.089434538675597,41.163325267321476],[16.08948807566752,41.16323351971968],[16.08953242811869,41.1631534026204],[16.089593547421995,41.163042998269304],[16.08961754173357,41.16299965737252],[16.08964214310313,41.162975441109694],[16.090061398212057,41.16256275066228],[16.090188923862375,41.16235643364441],[16.09022150749596,41.162306770426284],[16.090283540953322,41.16220705203548],[16.090321822547835,41.16215041217799],[16.090340571967598,41.16211856775694],[16.09039274920013,41.162034698730366],[16.090414204694316,41.16201330282923],[16.090431071564545,41.161962422584686],[16.09049291960664,41.16187463816609],[16.090525205714172,41.161815440082776],[16.090563072897492,41.161740437509714],[16.09065581893915,41.161575954316525],[16.090942431061066,41.16105043075872],[16.09123255653192,41.16059603667593],[16.09153180550944,41.16000609530088],[16.09177746590783,41.15960844390949],[16.091885898953187,41.159512525070184],[16.092017133725683,41.159397209881604],[16.092044064304794,41.159371399281405],[16.092186001296366,41.15924454105551],[16.09228788842616,41.15914952820861],[16.092358500628016,41.15908221011976],[16.092546022577057,41.15890512511959],[16.09258465875192,41.15886631727735],[16.092792107275613,41.15864345784995],[16.09285349558396,41.1585844268955],[16.093012655399562,41.15843771569358],[16.093120772101294,41.158336702179206],[16.093246980409415,41.15821999329586],[16.093805908005596,41.15764264322604],[16.09421702560267,41.15731446382478],[16.094264392052175,41.15727967471526],[16.09437093390811,41.15719822120169],[16.094827418464153,41.15682350663504],[16.095226800231565,41.156416331330476],[16.09560020090924,41.155934274087684],[16.095799918963095,41.15557995428993],[16.09716488484596,41.156062349471924],[16.097358731323624,41.15568139416547],[16.0978916257688,41.155270440438386],[16.09858596566737,41.15494846940505],[16.09912635964336,41.15446955519713],[16.09944329282315,41.15406920203586],[16.099689331423335,41.153759770347996],[16.099753372358087,41.15372176020045],[16.099834568427934,41.153671123680105],[16.100733562377815,41.15312240537633],[16.100843956631877,41.153054693358364],[16.10096511527513,41.15298106971271],[16.10123319155779,41.152818228176415],[16.1014887952354,41.15237391866866],[16.10155986075235,41.152250385590584],[16.10171901087808,41.1519737347469],[16.10223706537337,41.15156368139112],[16.10277706270994,41.15099928662344],[16.103250093946507,41.15052456693086],[16.10340782478502,41.15036627260097],[16.10371501203438,41.149976939510815],[16.103817674396318,41.14984928594029],[16.103988884547793,41.14963967820547],[16.104093225744347,41.14950329046671],[16.10445862742946,41.148996313712814],[16.104801518173964,41.14867384311038],[16.105349836432534,41.148158169030836],[16.105573121606806,41.14785164458165],[16.105600768700317,41.1478127679524],[16.1057491485121,41.147601331978265],[16.105780862355928,41.147559309132696],[16.106129630309084,41.14706146321825],[16.106227868209192,41.14692983547668],[16.106386764814125,41.1467264979733],[16.106445139008493,41.14665045301163],[16.10671325430606,41.14629637390264],[16.106955683752282,41.145979882381525],[16.107331853826903,41.1455246133698],[16.107647834687185,41.145118070267095],[16.10782597715557,41.144974308960094],[16.108079495691815,41.14476284369923],[16.109251334747725,41.144262713576374],[16.10948859045486,41.14419718171848],[16.11025972790171,41.14398418348652],[16.11136332485005,41.14362324713463],[16.111959429684823,41.14343338928332],[16.112052330861566,41.143402922263625],[16.11235846018899,41.143305026809415],[16.113314956555715,41.14296376295949],[16.113472927265597,41.14290740054216],[16.113702905179466,41.142783019620865],[16.113737739017697,41.14276494209512],[16.114229894794143,41.14249611928913],[16.11429953996028,41.142460332462974],[16.11440330769084,41.14240420923704],[16.114601240125065,41.14229133034327],[16.114676885701325,41.14224933146569],[16.114749112179222,41.142209259075095],[16.115443657725532,41.14181769397836],[16.116149670897872,41.14144090322023],[16.11702428878598,41.14097264857388],[16.118078357434822,41.14040325563517],[16.118539475532213,41.14008215914234],[16.118632540714227,41.14001483208971],[16.11879487072807,41.139904314209595],[16.11948772604602,41.13940683819012],[16.12031431180432,41.13874357274468],[16.120865548618212,41.13839436756416],[16.121095352848993,41.1382401835888],[16.121561773352507,41.1379281658371],[16.12242342929548,41.137505670506506],[16.12254331327664,41.13745485654488],[16.123120581613428,41.13721121897326],[16.123157333130685,41.13719459425139],[16.123284022223462,41.13712822873233],[16.12349713830238,41.137016490566815],[16.123984998243493,41.1367607028828],[16.124502478809966,41.13656655711254],[16.12495597044523,41.13629847783836],[16.125106388663593,41.13620955819814],[16.125149483227023,41.13597293098583],[16.12524736594756,41.13545390263707],[16.12525644643732,41.13529167809195],[16.125284776445806,41.134785674054726],[16.125395356923335,41.13427037270569],[16.12581603718532,41.133897767155595],[16.12647939904365,41.13362255225133],[16.12697639002098,41.133535333274864],[16.12707503376279,41.13351802144736],[16.127786304504415,41.1334917828567],[16.12795516446466,41.13337554699781],[16.128552949382392,41.1329626694701],[16.128887108943747,41.132806165554285],[16.128930242813777,41.13278464805301],[16.12913611412898,41.13268540693272],[16.129475583164187,41.13252733192439],[16.1304554415145,41.132016435883166],[16.13135988096448,41.13146489984864],[16.13146641629827,41.13142258515083],[16.132381481898175,41.13109570301096],[16.133535611141156,41.130983375023376],[16.13472907247724,41.13081042612456],[16.134790483089343,41.130800593616996],[16.134853149100465,41.13079122914267],[16.135472973360187,41.130768279188636],[16.136436971536178,41.13065876085286],[16.13704152578365,41.13047263538839],[16.137326011090867,41.130337516688904],[16.13737306941785,41.130316000913396],[16.137680876198246,41.13016896880682],[16.13801752416817,41.130008034467195],[16.138121047142317,41.12993983736337],[16.13834355574329,41.12979325967653],[16.138794458711587,41.1294972194815],[16.139043848701203,41.12933193414152],[16.13910234551382,41.129289164662914],[16.13954195787013,41.128926597354685],[16.139999964082925,41.12854261737928],[16.14003146830519,41.12852181671628],[16.140202265390876,41.12840024583738],[16.140444873279428,41.12822961643931],[16.140714825808523,41.128036147503664],[16.14068803391112,41.127944263520426],[16.139599187002613,41.124209672343376],[16.139519576688144,41.12393659855285],[16.13925723948206,41.123036728750854],[16.14046538187856,41.1225205285677],[16.142095733483657,41.12183852651886],[16.1426832868137,41.12157919395118],[16.14341273464421,41.12125702035095],[16.144176870884532,41.12095292873665],[16.144862211175766,41.12065696504326],[16.145029221253758,41.12058484106822],[16.146151183293334,41.11998846894603],[16.147203488568117,41.11957190179657],[16.148053941263843,41.11910492574816],[16.14848807381254,41.11883038628211],[16.149147914391175,41.11838878932081],[16.150014794074146,41.11818173345385],[16.15033510690169,41.11814874222092],[16.15067962650392,41.11811325711756],[16.150784905870488,41.11813757280668],[16.15100698602339,41.11819354692097],[16.151232465177298,41.11824523660328],[16.15193616891946,41.11774239553771],[16.15272787175644,41.117364538168744],[16.15328167499364,41.11704201820301],[16.154426991959355,41.116579087287974],[16.155363354580288,41.1162731686868],[16.155419519450636,41.11624266613319],[16.155475963383598,41.11620963010325],[16.155567906766247,41.11615696613357],[16.156096957796702,41.11585392340843],[16.156537623455513,41.11559432316997],[16.157002506106767,41.1153204516052],[16.157937887181795,41.11497857986819],[16.158848211180818,41.11457077583893],[16.15963417681593,41.11444069032626],[16.160083794343198,41.11436310915288],[16.160376900474603,41.11421431769055],[16.16062101135601,41.11380762764734],[16.16062730296762,41.11340229895904],[16.161122818520795,41.11320036532745],[16.161647649298423,41.11323955939018],[16.161929029225387,41.11298351308635],[16.161839183802368,41.11270567287519],[16.1619650067057,41.11241435563816],[16.16296374866882,41.11216296821046],[16.163499508509222,41.11208448933919],[16.16387109328677,41.11170132048073],[16.1639278736865,41.111418759520014],[16.163934961725833,41.111373588734246],[16.164107579466126,41.11098015057062],[16.16416119174572,41.110829879474075],[16.164266520780988,41.110529286539915],[16.164452622565683,41.11004374270989],[16.164498013576342,41.109327004801706],[16.16447590404836,41.10927342503819],[16.164360457698166,41.10899365901625],[16.164049436691435,41.108297715373176],[16.163825923637873,41.1077492770338],[16.163862841079222,41.1072160545227],[16.164068115744506,41.106699303650984],[16.1640824728524,41.10606850727866],[16.16374074062031,41.105064032176266],[16.163647245296367,41.10448047086175],[16.16353670656248,41.10423092053201],[16.16378545921162,41.10354048079699],[16.164007229031288,41.10311673241248],[16.164059353287268,41.10280797623889],[16.163660873831237,41.10250893480853],[16.163630022364412,41.10249414003406],[16.163532485602996,41.10244736837239],[16.162772693079564,41.102083022250284],[16.162724051029233,41.101757926034225],[16.162663594835774,41.101356457917866],[16.162494644990606,41.10092665799049],[16.162240779355315,41.10026256023342],[16.162089149784716,41.09982027964677],[16.162050152899823,41.09970502874123],[16.161976658288978,41.09950518934824],[16.16190799345049,41.09926344833074],[16.16177456221606,41.098821054187525],[16.161715207904077,41.098626041589995],[16.16166093948488,41.09850274702978],[16.16161135679309,41.09840849520622],[16.16159499261477,41.09837593748939],[16.16157528089675,41.098334586700844],[16.161439526778526,41.09804499187383],[16.16138526507043,41.09794489972571],[16.161352950620266,41.097885291616926],[16.161059694464697,41.097344339969595],[16.161070231402007,41.09665072841111],[16.16107635492945,41.09661359451132],[16.16115408915713,41.09594816533559],[16.160889199651848,41.09551028842101],[16.160133629740482,41.09425495021252],[16.159356204350455,41.092957644179435],[16.15918718671727,41.09268085766427],[16.15917271146449,41.09265573863691],[16.159147103286838,41.09261479707311],[16.159048966520526,41.09245093701026],[16.15799955016975,41.09069433716678],[16.15795454961167,41.09062018386366],[16.157850914668725,41.09044940953497],[16.158093287965222,41.09026004659986],[16.158428211902514,41.08998595278312],[16.158524020984256,41.08990820512854],[16.158709545111858,41.0897602090114],[16.159578955847934,41.08906368800904],[16.16050017397154,41.08873168560259],[16.16058998648476,41.088665258626385],[16.1606264612931,41.08863585543701],[16.160681294763688,41.08859175610499],[16.160756650287738,41.08853286234705],[16.16095416082786,41.08838718964672],[16.161488730900555,41.08798153643226],[16.162205844678823,41.0874688049786],[16.16292443792376,41.08694247793558],[16.163677943044505,41.08643646121016],[16.164311369293483,41.086124462076015],[16.164609061426276,41.08597782898976],[16.165644190436872,41.085328216595926],[16.166260175633703,41.0850062523939],[16.166318458975066,41.08496585908219],[16.167351966739947,41.08424959765621],[16.16765532635019,41.08403266083455],[16.16884641339346,41.083368768671775],[16.16977945008612,41.082873980289264],[16.17118917934033,41.08257882466274],[16.172986081008855,41.08242589579949],[16.174680833307203,41.08199138049002],[16.175007226593987,41.08184946907005],[16.175073386537793,41.081821106199065],[16.175455226752934,41.08165740699438],[16.175683139953346,41.081559698217625],[16.176404394108705,41.08054270451561],[16.1768642331698,41.07963655890787],[16.17729524369355,41.0790921580762],[16.17796105982089,41.07843856715589],[16.178719576905753,41.07751821025372],[16.179313113371975,41.07674765895477],[16.180097520759578,41.07603713660761],[16.1808106759905,41.075164600333785],[16.181360525300978,41.07418531265596],[16.181729654496838,41.07337481758772],[16.182263509533502,41.072711475105436],[16.18264038542629,41.07226155649367],[16.18272888611519,41.07215590291578],[16.184383194995224,41.071354845377535],[16.184851728152093,41.07086721052295],[16.18519344041705,41.07067284846394],[16.185294465553334,41.070611914499565],[16.185967305825482,41.07023871954625],[16.18658240122722,41.06984976000713],[16.18666233437268,41.0697992132624],[16.187050017301335,41.069550158164056],[16.187228888295255,41.06943524653786],[16.18794557877943,41.0689493818274],[16.18858006843843,41.06850016268811],[16.189354330037506,41.0679701865776],[16.190180234014118,41.067450463036046],[16.19136957298461,41.066748210854826],[16.191431543783082,41.06671379192939],[16.19149099611618,41.066680771869606],[16.191764990166632,41.06658617661556],[16.192493286397386,41.06634251469415],[16.19335633270348,41.06618291955305],[16.193405661882398,41.06617443655256],[16.19360237073106,41.066137420898066],[16.193929570105126,41.06607691271416],[16.19571400162587,41.066140378020336],[16.19625231339154,41.06625593480283],[16.19708061819691,41.06643251367139],[16.197470283705936,41.066402257693476],[16.198291956536167,41.066338453807894],[16.1995078444815,41.06596064415832],[16.200350724455333,41.06573223095241],[16.201311620739478,41.06563137407856],[16.201895592915335,41.065671171805924],[16.20225276309791,41.06570272084747],[16.20358947236256,41.065749200724895],[16.203941159257905,41.065660161841336],[16.204133170504296,41.06561154884496],[16.20483276956296,41.06562156725089],[16.205791555336692,41.06588074203144],[16.206483243180124,41.06600822693847],[16.207104785381798,41.06552372618328],[16.2075979139966,41.065033800832744],[16.208108755882957,41.06451576418904],[16.208481849903837,41.063961395531756],[16.209038958977505,41.06332346614838],[16.2091074608011,41.06294572474127],[16.208926604926614,41.06235420621879],[16.20819134516032,41.06169406965745],[16.207547426042353,41.06113504184708],[16.207442321336465,41.06104379289406],[16.20637320119254,41.059995208867676],[16.20538078845448,41.059130758979144],[16.204714001125303,41.05841680390413],[16.204012767446848,41.05776799886445],[16.20374183514458,41.05750810220532],[16.203203375310114,41.05700000779024],[16.202534628432886,41.056376146292465],[16.20249315831,41.0563379572611],[16.202446415983953,41.0562971335677],[16.202200749217994,41.056068681729606],[16.201797542231265,41.05569808477411],[16.201216818280702,41.05519916225663],[16.201052971930046,41.05503105707727],[16.200634180226942,41.05460137343055],[16.200564573744778,41.05453050028564],[16.200142034893723,41.05410027441897],[16.199918310718466,41.05387247551989],[16.199321031699874,41.05308663253632],[16.199029042830073,41.05265867401734],[16.198846845245527,41.05239195788645],[16.198552760942174,41.05196058693159],[16.197917667099933,41.051127619788474],[16.197383932011594,41.05062458869897],[16.197338437508815,41.05058259561977],[16.19693152413847,41.050218385141655],[16.196719175818835,41.050029868191515],[16.196550900767626,41.04988166436919],[16.195814919025256,41.04923948643716],[16.19519790617294,41.048733810754996],[16.194270133812747,41.048076664290484],[16.194013419105712,41.047927457504564],[16.193364735052615,41.04754989452268],[16.1925468459588,41.04693851741492],[16.191716464371805,41.04635622444591],[16.191013960483655,41.045801897900134],[16.190798345818482,41.04558386113679],[16.19046934731804,41.04525116148966],[16.190140290421102,41.04493842499408],[16.189766734707142,41.04458999432546],[16.189719154142853,41.04454501178039],[16.18913922230182,41.04403880813804],[16.188568589519317,41.043431472490624],[16.188520446114566,41.04338023114711],[16.18823942460031,41.04292993372134],[16.18818974917833,41.04220417507701],[16.188149565313797,41.04126635715889],[16.188060706243043,41.040671284148125],[16.188056105710547,41.04063787136732],[16.188043425297106,41.04054579726586],[16.188017397029807,41.04035680561424],[16.187779639535467,41.03924240899278],[16.18766062695863,41.038826806413816],[16.187639302342596,41.03875290769965],[16.187630278663868,41.03872671996113],[16.187603015802768,41.03863258964299],[16.1873063493117,41.03809328623263],[16.18657296436896,41.0375813585794],[16.185734240017865,41.03722000470545],[16.18518732554726,41.03661989265019],[16.18448582230192,41.036230034277544],[16.18437986960274,41.03615796115602],[16.184055291365144,41.03591247076017],[16.18358589335047,41.03438012735473],[16.18357237697995,41.034332368760815],[16.18197163152775,41.02910522090246],[16.18207074258058,41.028761570612964],[16.182005690896066,41.02832922110113],[16.181579730109217,41.02788348567029],[16.18122993387105,41.02750946451347],[16.181090574626957,41.02715825603507],[16.18132860087352,41.02650895629313],[16.181959040807627,41.025808081035784],[16.182220819792775,41.02554377716451],[16.182742949078484,41.02501660162955],[16.182806098345402,41.02495664951535],[16.183192379930258,41.02460727071544],[16.183462243974386,41.02436148230187],[16.183761481688464,41.02408893687429],[16.184509415693338,41.02334919196935],[16.185527939802697,41.02236752286445],[16.18571782823597,41.02222964399647],[16.1857648813173,41.02219474674479],[16.185868530401923,41.02211954619053],[16.186047922190664,41.021988493141656],[16.186265358085127,41.02183088983793],[16.186171421104977,41.02121588641569],[16.185719142822084,41.020501863691614],[16.185619428776636,41.0203752582101],[16.1854306788471,41.02013014230796],[16.185373211012195,41.02005999117836],[16.185231381984682,41.019881227368906],[16.185123250678934,41.01936471382968],[16.18511886867446,41.01933341179515],[16.185192683342105,41.01924075459848],[16.185222668681163,41.019206725643386],[16.18537308282803,41.019035076257055],[16.18551035893494,41.01883373344056],[16.185533125938104,41.01879932082494],[16.18567923164434,41.01857864820457],[16.185700384211508,41.01854499992826],[16.185717999966293,41.018515931280504],[16.185815226039338,41.01830175570908],[16.18589694093613,41.01812367064887],[16.185960052099567,41.01797622609129],[16.186061443816754,41.01776518620628],[16.18611007613576,41.01766173564474],[16.186567158386165,41.016709867480046],[16.187403740746024,41.01496122607816],[16.188485779697295,41.011626967824434],[16.188755304479116,41.010777716330196],[16.189194725543768,41.010178766216946],[16.189624393641406,41.009463446786725],[16.190170529201612,41.008781314799634],[16.191046635367915,41.008591395184546],[16.19157347203438,41.00876531603257],[16.191948325642542,41.00907024506351],[16.192476126544427,41.00928009411062],[16.193075134645863,41.00959795353608],[16.1937968755027,41.01016906236916],[16.19422089574623,41.01048889574311],[16.194837864196135,41.0104276856369],[16.195487328337922,41.010283447615244],[16.196484364317826,41.01008589672612],[16.1971031822448,41.01020452663962],[16.19790960249353,41.01062631867377],[16.198166515246193,41.01072241984595],[16.19825953191543,41.01075830973784],[16.198367894241336,41.01079774706235],[16.198602629821934,41.01088581814102],[16.19885715416015,41.01098075478673],[16.199753579411126,41.01135638921392],[16.200560502255648,41.011809625742345],[16.201267667638664,41.01221962946037],[16.201785129951084,41.012551561643114],[16.2023129712222,41.01278835657403],[16.203269204052248,41.01357413046781],[16.204072751536504,41.01399605856548],[16.20483704946682,41.01427647297848],[16.206183712426864,41.01496569876829],[16.207167404578453,41.016082653029926],[16.207394202032923,41.01682425802162],[16.207688688477543,41.017939539048086],[16.208156330626085,41.01884596920763],[16.208571536432704,41.01938226159853],[16.20906186638135,41.0201702815361],[16.209305107314762,41.02059146768769],[16.209322200420587,41.02062025058365],[16.209361318432606,41.02068800292965],[16.209373976985027,41.02071271662059],[16.209599356174113,41.02109031021234],[16.209911070739896,41.02183595423754],[16.20992820379612,41.02188916438228],[16.210119339732504,41.022825788539976],[16.210408604752132,41.02367593888352],[16.210511252575813,41.02385917208489],[16.21079386054939,41.02435698143883],[16.210951538306965,41.02464510689706],[16.21150786677472,41.02532998325426],[16.211761982596396,41.025561453065194],[16.21198645726911,41.02549559246608],[16.212556615773615,41.025331498093145],[16.213298181455254,41.02501715439832],[16.213606982827642,41.02488748084076],[16.214783739934827,41.02429602665765],[16.215739229626543,41.02369149268255],[16.215879731954903,41.02359493930231],[16.21651178625807,41.023152455474424],[16.216660612229127,41.023031362256724],[16.217041045527353,41.02271986132287],[16.21749581528642,41.02234814755226],[16.21826244158395,41.02180947238408],[16.21903885276644,41.02141414989797],[16.219947023307355,41.020974531246274],[16.221076433500095,41.020466981624125],[16.221608722550243,41.020304570403646],[16.221970233028458,41.02019426581449],[16.222154164624868,41.02013814364247],[16.22233476311497,41.02009607339248],[16.223848400654852,41.01974345618304],[16.224964897958635,41.019686597757634],[16.22632086866644,41.01964163963365],[16.226423807768683,41.019637391015536],[16.22650959773489,41.01963423314544],[16.228233241754534,41.019588561614356],[16.22942101790176,41.01947767430403],[16.230547346808677,41.01921318006364],[16.23182802289557,41.019109907188856],[16.232859939470064,41.01893233007828],[16.23398132677205,41.01859612780817],[16.235312616792612,41.018467126312466],[16.23661096452413,41.01865962694963],[16.23791420592722,41.01885649804762],[16.237997317874374,41.018869052438255],[16.23896482250948,41.019077914112245],[16.239411776919034,41.019145159041344],[16.239786316387583,41.01920150605105],[16.2407139941453,41.019210406409115],[16.24167903655564,41.0192619307693],[16.24287658209181,41.01902431064225],[16.242959201865204,41.0189938857542],[16.243019767091635,41.01897158221935],[16.243584471378252,41.01876362742676],[16.243830120387535,41.01867907752276],[16.244849321490978,41.01832827081606],[16.245316376281142,41.01818507914414],[16.245502076576958,41.018126275626955],[16.245829044379814,41.018027899705125],[16.24691837886564,41.01769809582539],[16.247802691963695,41.01728676148984],[16.249572780947474,41.01658545682413],[16.250203379984185,41.016365741742526],[16.250332777709502,41.01632001576958],[16.250956986198517,41.016101994696136],[16.25184933840852,41.01583630800955],[16.252081158091485,41.01576543890915],[16.252424235783504,41.01561460262677],[16.253658949945113,41.01507173763431],[16.254039928160683,41.01478001637118],[16.254795777097684,41.015528892407744],[16.255517790813755,41.01623441347348],[16.256231433397367,41.01693354701726],[16.25671435460712,41.017514859214316],[16.25702924079239,41.01834975952236],[16.257461607929148,41.01911873283164],[16.25800348687191,41.0195073441278],[16.25858124109386,41.019716264359836],[16.258755247842664,41.0197791852415],[16.259778000828668,41.02035329624898],[16.26016944983622,41.02064969058335],[16.260588409553186,41.02096784204929],[16.261348185175617,41.021554094827295],[16.261844863895668,41.02190955675128],[16.262499293224373,41.0221065528755],[16.262671069368007,41.02216081302816],[16.26354315008395,41.022440839551535],[16.264802897138644,41.02290090731602],[16.265494210423277,41.02324730732197],[16.265729770702226,41.02336533951608],[16.265831129923892,41.02341612658712],[16.26662253377728,41.02389156762111],[16.26686406910474,41.02448442823171],[16.267255793695558,41.02625473914235],[16.267528210453634,41.02732175449715],[16.267673148302066,41.02809541008144],[16.267519627266466,41.02882949993411],[16.267117037223176,41.02900349375168],[16.266389078204384,41.02962714666248],[16.265501565898745,41.030379140769206],[16.26521116517641,41.03068620034957],[16.26474376525385,41.03118301875849],[16.263949065306882,41.031975732797655],[16.263822561422124,41.03207576000373],[16.263293375113395,41.03249418673234],[16.263228402628283,41.03283979274859],[16.263162401618622,41.033190849407326],[16.263753333223004,41.03404873044069],[16.264322768034425,41.03516891862293],[16.26443727631701,41.03547504982061],[16.26444579958206,41.03549969505403],[16.264758487551266,41.03631557537798],[16.264851713532362,41.036917047558035],[16.26518330662795,41.03725596099149],[16.265707368910018,41.037992093637534],[16.26593424480364,41.03843006537004],[16.26602976340638,41.03859703569542],[16.26683951448439,41.03925656474229],[16.26776904948657,41.03995798394502],[16.26780006051857,41.03998041668421],[16.26814231691416,41.04021004708229],[16.268321696541573,41.04033039768828],[16.268575571643385,41.040500727709556],[16.268859050950226,41.04076471754869],[16.269048417802576,41.040943502089895],[16.269192063942448,41.041078012982545],[16.26930067609939,41.04124977487256],[16.26933711886582,41.04130821134639],[16.269354771115506,41.0413314575061],[16.26947852482599,41.04153021041088],[16.27283938787803,41.04683496886453],[16.272859117315267,41.046866107324334],[16.2728750142836,41.0468911964381],[16.27293088003463,41.04696638599285],[16.273814925365684,41.048182893936264],[16.273860491321653,41.048245593691064],[16.274098229848143,41.04857272745666],[16.275556697818644,41.0503922823554],[16.276559961940777,41.0517233186273],[16.277403803110033,41.05290250087572],[16.278699157264484,41.05402600848263],[16.280154162124155,41.05481992485875],[16.2810184147228,41.05542251736666],[16.281107399335205,41.055483729176366],[16.281446878426834,41.055920922074705],[16.28169969369343,41.05624649890096],[16.28202528298279,41.05666579204863],[16.28447361989475,41.05981851747519],[16.284541409962923,41.05990580702036],[16.285610586148184,41.06128245631055],[16.285804201490073,41.06153174405914],[16.287098931267636,41.062577203055305],[16.287320043976862,41.062755359517425],[16.28822018762361,41.06359484749251],[16.288264028162654,41.06363810025369],[16.289352390833596,41.06465071326029],[16.289393860363713,41.06468953713643],[16.289553572248277,41.06483895466837],[16.289833894020155,41.06510149173028],[16.2899295571764,41.06519104883554],[16.290230414352664,41.06546882922839],[16.290261543940275,41.065499699125226],[16.290286997010853,41.065523914135774],[16.2903968112621,41.065627768776],[16.290591132768665,41.06580856661299],[16.290641212860702,41.06585446741524],[16.290737904482445,41.06594509576101],[16.29117994449839,41.0663655969503],[16.29125500509299,41.066436827514195],[16.291288698893982,41.06646897010964],[16.29133781547862,41.066514846399826],[16.291405776404268,41.066577900984605],[16.291577887944847,41.066742197147626],[16.29190138622232,41.06704855065947],[16.292457982983656,41.067554053331286],[16.292539219538632,41.06762928658838],[16.292582143411845,41.06766882564221],[16.292624168327034,41.067707635430736],[16.29274973208665,41.06782198801919],[16.292774255609945,41.06783999069893],[16.29286320213593,41.067923539721434],[16.292906827717644,41.067965378042736],[16.293462584438682,41.06847104685492],[16.293692136781175,41.06868433489865],[16.293772647393777,41.068758732493684],[16.2938364594987,41.068818120932875],[16.29387505756305,41.068853757774065],[16.293909639866282,41.06888994531147],[16.294034833062415,41.06902057624388],[16.29431584110158,41.06931397148189],[16.294578611911383,41.069582054748615],[16.294721806553323,41.06973742983222],[16.294783154934226,41.06980036236604],[16.29514904655161,41.07016220495597],[16.295248706897034,41.070262349403066],[16.295570108459827,41.0705853110519],[16.295760569743894,41.07077831836109],[16.29580175129074,41.0708183926605],[16.295855461420956,41.070874020126354],[16.295916842097988,41.07093700844464],[16.295966182139118,41.07098653248698],[16.295990783377544,41.07101049893317],[16.29634943171108,41.0714027735345],[16.296381040383512,41.07143176921463],[16.296425036234222,41.07147778202147],[16.296453423353952,41.07150671912805],[16.296534048218614,41.07159057354709],[16.29655572539591,41.07161321791589],[16.296594623937654,41.07165301434068],[16.296755973870976,41.0718211556409],[16.296785361911866,41.07185153164289],[16.296876597597482,41.0719473239986],[16.296932472852937,41.07200931791509],[16.297000898184486,41.072080154381645],[16.297045188788854,41.07212751590213],[16.297196751709286,41.07228138845887],[16.297271629849124,41.07236442135248],[16.297307654322548,41.07240157686245],[16.297662714512693,41.07270162745045],[16.298018600384125,41.073011895801294],[16.29868340203622,41.073590433489905],[16.299147408769628,41.07410077226533],[16.299313502122224,41.07481904604591],[16.299440374481076,41.07521138408093],[16.299264237713423,41.07525300028847],[16.299122071012142,41.07528659035334],[16.29878864300413,41.075365370260094],[16.29820400950066,41.0756950432472],[16.298214045216536,41.075885531641326],[16.298220749293158,41.07600061624527],[16.298238639194462,41.076327209722606],[16.298583802967244,41.07702508294059],[16.298516282568468,41.07724054054362],[16.298513727120405,41.07727477608748],[16.2984298675452,41.07753878500273],[16.298455889938406,41.07759172653486],[16.298590231234652,41.07783357552668],[16.2986877094671,41.078012764994085],[16.2987361642628,41.07806548179439],[16.29888454244326,41.07822691434955],[16.29932531281953,41.07870645511662],[16.299346467836344,41.07872947139622],[16.299418251356983,41.078807566330624],[16.299752572911576,41.07904470916091],[16.299986578858515,41.0792108612802],[16.30012831329717,41.07931122662773],[16.300864366005705,41.07972774311977],[16.30115697885772,41.0800330360918],[16.30112462450795,41.08019434931798],[16.30099062469267,41.080862468042554],[16.300991086830564,41.080946457105064],[16.300991969062466,41.08110653294388],[16.30099310190268,41.08131221937208],[16.301124845769724,41.08136357737647],[16.30197516918341,41.08169505849774],[16.302373605080017,41.08201610017659],[16.302218889498196,41.08218988684917],[16.30213290809628,41.08227929390735],[16.30210687162985,41.08231002803914],[16.30181435529267,41.082627619510205],[16.30173438871811,41.08282471659406],[16.30170561067896,41.08289565135698],[16.301577719636086,41.083210871487594],[16.301447549079352,41.08323198387265],[16.30139573012604,41.083238980021626],[16.301274797916594,41.08325587552554],[16.30115486844277,41.083273542955965],[16.301098926726734,41.08327449385007],[16.300920075795464,41.083301474850984],[16.300850854292886,41.08329839008462],[16.299563338660963,41.08318493850904],[16.29895848702407,41.083072314691115],[16.298789170812668,41.08304078664311],[16.29786398134344,41.083383151033026],[16.297419022936285,41.08371292533443],[16.297316866300033,41.08380040655803],[16.297101174040396,41.08398511495214],[16.29704441651301,41.08403371933738],[16.297385152816048,41.084130110929934],[16.297627991552176,41.08419880841237],[16.29874503630695,41.08451480185569],[16.299828088494458,41.084779919880596],[16.299865213534968,41.08479200629388],[16.300825765596873,41.08517860069573],[16.301668871569735,41.08538892899315],[16.302061224607858,41.08548680728202],[16.30230285870914,41.0855977488306],[16.302637753100303,41.08575150860601],[16.302968217647344,41.08592968927594],[16.30304859494723,41.08597302722332],[16.30309199359792,41.08599642758533],[16.303190565016006,41.086049574840644],[16.30339670646477,41.086159394310165],[16.30375586028446,41.08626063492523],[16.30412765952619,41.0860839987404],[16.30453241185384,41.08589170419373],[16.305179651875203,41.085616493858566],[16.305572066297614,41.08540251627531],[16.305926431744723,41.0859073413683],[16.306073868296572,41.08611737312299],[16.30615280870925,41.08621866365158],[16.306254251378846,41.086348823784036],[16.307094501190633,41.08639726805921],[16.307441588181533,41.086705029982646],[16.30744742583007,41.0869251138087],[16.30745552785875,41.08723053386648],[16.307482033448192,41.08737281561249],[16.307559066905288,41.087786317301294],[16.307579773173757,41.0878164907767],[16.30769750552618,41.08798806090261],[16.307878523514294,41.08825184670677],[16.30797543181997,41.088332166939374],[16.308398927014384,41.088667067913825],[16.308610192832937,41.088814407290165],[16.308832614908948,41.08896934010337],[16.308963227656548,41.08907798686966],[16.309056589261598,41.08915564570653],[16.30922358794009,41.089294558565726],[16.309252079321446,41.08931825943244],[16.30927388070592,41.08933897216487],[16.309307562357322,41.08936291785521],[16.309351479363652,41.089401334934266],[16.309395095366163,41.0894355240248],[16.30971514257037,41.0895041491569],[16.310463815243075,41.089652630407635],[16.310897049548984,41.08972083149567],[16.310943106518117,41.089731314957675],[16.311068180154457,41.089751847320464],[16.31166992427786,41.08983805746952],[16.31183705092537,41.0898619562326],[16.312410449356474,41.0899378449899],[16.312552762741362,41.08994306110814],[16.312769492275233,41.08995199474235],[16.312881212442463,41.09009880087817],[16.31293177818077,41.09016724765146],[16.31299614111097,41.09024982297519],[16.31314130991489,41.090440581429334],[16.313161164892282,41.090466671666256],[16.314240646580526,41.091887774986674],[16.31431989898404,41.091989243851984],[16.31435334235223,41.09203318556541],[16.31458538111392,41.09233360879807],[16.31524027170591,41.09440927737883],[16.315647238058897,41.09509865020661],[16.316248541059792,41.096090549324664],[16.316388580759586,41.09631700102024],[16.316463327671165,41.09643787357],[16.316901630770626,41.0971466232393],[16.31752004076896,41.0983713749148],[16.317579681763192,41.09848975868368],[16.317632352811504,41.098599287844294],[16.317666071756662,41.09867221579501],[16.317725412131853,41.09879825007567],[16.31785597707403,41.09906344026427],[16.317956399441318,41.09927031752522],[16.31799354048535,41.099336575097674],[16.318224512400555,41.09975890523168],[16.31843814860828,41.10013485028558],[16.318460410154714,41.100169438520076],[16.31847623342837,41.100197670376396],[16.318621060663432,41.10045611516789],[16.320505736631187,41.10381098832688],[16.320854980368217,41.10443262500505],[16.320899954189375,41.104512674799835],[16.32094630806323,41.10459521709472],[16.32109324757822,41.10485686816154],[16.32121463909502,41.10507302584857],[16.321351207475594,41.10531410788002],[16.321372792339513,41.10535464067021],[16.321397758557143,41.10540075856243],[16.321575590649132,41.10571574897869],[16.321665001878152,41.10584636082946],[16.322067273368575,41.10642965605364],[16.32219064614053,41.10649059621215],[16.32229123430402,41.106540518891904],[16.32243705077458,41.10661289022161],[16.322777232734296,41.10678172592041],[16.323924052479327,41.10706385556428],[16.325069045883282,41.107116637402704],[16.325807602827464,41.107258380889355],[16.32603982931048,41.107477789456105],[16.326195348262175,41.10760755958098],[16.32651199437646,41.107892703117706],[16.326884283126784,41.1086157428278],[16.326867165376996,41.10899475970976],[16.326733045747982,41.10940064923269],[16.32666337334651,41.10952957836669],[16.326537615809332,41.109771675695974],[16.326425366768387,41.1100712923063],[16.32683287759078,41.110337674599116],[16.327210816439663,41.11057895177158],[16.328881354539494,41.11139441999522],[16.329495652001302,41.11167455938631],[16.330781053331656,41.1123436701668],[16.33113868680509,41.11259220680145],[16.33175343841334,41.11301941797858],[16.33180663674321,41.113056386160196],[16.33257103470638,41.11358784967054],[16.33309056885835,41.11395457711317],[16.333307367803762,41.11410760671791],[16.33335172506464,41.11413821317347],[16.333396551561606,41.114169142308064],[16.33343545206829,41.114193577879526],[16.333560701579636,41.114282400093735],[16.334029396095804,41.11460577980582],[16.33428343346784,41.1147789886702],[16.33459963033117,41.1149966885054],[16.335120070710108,41.11534129275552],[16.33546722578928,41.11556521542895],[16.335506165097623,41.11559033344004],[16.336033786809494,41.11593065742837],[16.336559604894738,41.11627689369013],[16.336749901354473,41.1164021965205],[16.337061981047135,41.11672663748935],[16.337271698768568,41.116944661198616],[16.337484224848343,41.1171425061623],[16.33756724577999,41.11722003766687],[16.337741207953812,41.11738249636488],[16.337992399430203,41.11761634308312],[16.33805027268456,41.11765718486742],[16.338083428325515,41.11768058388828],[16.33813663010631,41.117718130033765],[16.338252177221687,41.11779967591869],[16.33863882565055,41.118070924320506],[16.338725589393903,41.11813377670576],[16.339024458330737,41.11832003876959],[16.339282018414025,41.1184805550116],[16.339563520879036,41.11868484372525],[16.34003968091206,41.119030392931805],[16.34077144721784,41.119470277491125],[16.340932832309182,41.119567289499095],[16.3409933378425,41.11960366083149],[16.341150808205583,41.11969206462374],[16.34120525629592,41.11972146973775],[16.341542238601484,41.119911812830765],[16.341669483571458,41.119983247417295],[16.341929247879172,41.12017078889443],[16.34204724392096,41.12025597825796],[16.342089403996628,41.12028641690972],[16.342213227715373,41.120375813623816],[16.34234546494047,41.120481938546945],[16.342385592048284,41.12051414233412],[16.342496003599827,41.12060259049539],[16.342581824330736,41.12067162530341],[16.342627213047923,41.120708051186696],[16.342686605048,41.12075571367891],[16.342831018166894,41.12087160896612],[16.34300042342597,41.120994393013085],[16.343138041443883,41.12109350806003],[16.343299775536575,41.12121135738662],[16.34369789450251,41.12149990479411],[16.3437958823334,41.12157092392021],[16.34391345416552,41.12165613574675],[16.343954536277717,41.12168591121722],[16.34417740141874,41.12191907394326],[16.34446341328865,41.12221830126943],[16.344582610983583,41.1223430046443],[16.344635288373144,41.12239811418185],[16.344996272505863,41.122701087678145],[16.345065459688026,41.12276062118975],[16.345124578630216,41.12280877495263],[16.34538728912544,41.123029261365446],[16.345547203815777,41.123182294386915],[16.345710447010354,41.12334555255465],[16.345798244774357,41.12343247151013],[16.345956832004887,41.12359350293138],[16.346001046979794,41.12363006834123],[16.346050358139905,41.12367914108238],[16.346178961538158,41.123801828703],[16.346304346003564,41.123958001431916],[16.34632940595399,41.12398921365107],[16.346493313663615,41.12419336613332],[16.346625038588474,41.124357431845205],[16.346704562947146,41.12445648012229],[16.346889606210933,41.12472127325831],[16.347159129057765,41.12509738379614],[16.34726725538514,41.125252599728086],[16.347304538432414,41.125319659448635],[16.347665257560614,41.1260460232175],[16.347985422223893,41.12712325849055],[16.34821711521097,41.12802170544995],[16.348500587696066,41.12895732165422],[16.34859478426171,41.12950312187619],[16.348607144240525,41.1295747401302],[16.34861962239268,41.12964704006356],[16.348778780760632,41.13045565830878],[16.348821132573725,41.13083311477979],[16.348826277997954,41.13087897238669],[16.348867996548584,41.13125076642152],[16.34924396949868,41.13213545720603],[16.34975952678162,41.13288521837997],[16.350476475218066,41.13362655518034],[16.350889491659615,41.1339830467597],[16.350918520156064,41.134011510753304],[16.351241545801365,41.13429281396407],[16.35170331441153,41.13472208548651],[16.351660060074003,41.13476085383563],[16.350238130024543,41.13602686223767],[16.35020011636342,41.13606070656262],[16.349585265013594,41.13660811684462],[16.34907125714338,41.13700224165978],[16.348483895968688,41.13745260560634],[16.34733238123876,41.13835428940717],[16.34694473057543,41.13876024408557],[16.346921548416727,41.13878360355459],[16.346600141432553,41.13912109785458],[16.346389779929293,41.139372551012244],[16.346099012306205,41.1397201152461],[16.344142290098226,41.14078079732503],[16.344105543750903,41.14080504379039],[16.344007961791327,41.14085159231508],[16.34394174034259,41.14088160013626],[16.343732233737494,41.140985422468674],[16.343222521438577,41.14124075278406],[16.342643427142246,41.14194602627696],[16.34256814567192,41.14199933988242],[16.34249089378989,41.142054221239576],[16.34245264850086,41.14208138420351],[16.342239831499878,41.14223728803801],[16.341854403325378,41.14252069219016],[16.341021181733826,41.14280581784048],[16.340974784809383,41.14281942047051],[16.340919494318058,41.14283856897323],[16.340826879254713,41.142872189200126],[16.340613535133663,41.142943213148385],[16.3405644603695,41.14296465547364],[16.340479322698094,41.14300880832496],[16.340434894986878,41.14303273598831],[16.34027996535235,41.14311389083343],[16.340248064564694,41.143131184055626],[16.339715228392382,41.14340011217809],[16.339585548306992,41.143478673028],[16.33941521380572,41.143581860491],[16.338997339816842,41.14383841188381],[16.338870064410614,41.14391528010761],[16.338809819280375,41.14395543100893],[16.33872555695078,41.14401539937541],[16.338683145072114,41.14404467446232],[16.338624903716568,41.14408911053804],[16.3385809475828,41.144122821652026],[16.338241111639853,41.144366561881874],[16.337987231564004,41.14455009531032],[16.337461646229656,41.145038166645556],[16.3373551289609,41.14525059101177],[16.337328786814627,41.14530312440748],[16.33709569834022,41.145767959470646],[16.337013603035313,41.14593009408154],[16.336974610007942,41.14600943169765],[16.33695817490573,41.14604221110732],[16.33695082130196,41.14684933882193],[16.3372324057568,41.14781233180415],[16.33719874855688,41.147914977827476],[16.337075660444672,41.14833821388648],[16.337053381842328,41.14836785556987],[16.336819534232692,41.148599623776505],[16.3367605394896,41.148659834368125],[16.336553367539327,41.148885336979575],[16.33649264411038,41.148951434113194],[16.33629471046239,41.14925655039328],[16.336212557183657,41.14985119009338],[16.336280956200184,41.15035520548946],[16.33653166036283,41.15089253708164],[16.336967632937906,41.151197546879054],[16.33761960853353,41.15141165635182],[16.337689783957362,41.15143470149279],[16.337758654250525,41.1514573181869],[16.337789760895966,41.151481565462454],[16.337833746460166,41.151515849557384],[16.338329362804267,41.15190216217961],[16.33871563190316,41.15238900956609],[16.338848133369904,41.152558900350726],[16.33896568924652,41.152711171597325],[16.33900896946744,41.152768654636965],[16.33974762011487,41.15364325274231],[16.340204963700536,41.154346712807175],[16.340384528816298,41.15462290461187],[16.3410826273584,41.155459988591396],[16.341707021181026,41.15638277477737],[16.340752091920965,41.1567840822935],[16.340716711030158,41.156792535789926],[16.340050502045056,41.15692533911655],[16.339916816649176,41.157009836381626],[16.33973365401541,41.157125604157834],[16.339867363911736,41.15728800254093],[16.340095473906395,41.1575650498733],[16.34022979457916,41.157728184313925],[16.340744405894004,41.158043189243266],[16.340865006521263,41.15811789107066],[16.341202275456407,41.15851619083246],[16.341363164155915,41.15905550718544],[16.341498273515636,41.159509512967794],[16.341513555912254,41.16030180560678],[16.3415158794459,41.16033100171724],[16.341517430893127,41.160502581283055],[16.341377879751885,41.16119538388809],[16.340674916732052,41.162701564649616],[16.34047103206717,41.16296588646006],[16.34044739530801,41.162996753332386],[16.340194250760316,41.163327314252896],[16.34012046503964,41.163462138703736],[16.339962045189964,41.163751609250895],[16.33993671366391,41.16385777297959],[16.339862834829322,41.16416738319699],[16.339981036039912,41.16466370615399],[16.340041890335648,41.16531217359827],[16.34003120848362,41.16590673631439],[16.339987806270077,41.16635073517379],[16.33998401764257,41.16641249978959],[16.339978542411938,41.1664455016299],[16.33997450951433,41.16648872573125],[16.339971785217404,41.16651792051263],[16.339975345580605,41.16657618002684],[16.34002514322561,41.16736482696286],[16.340866787249492,41.16897555331966],[16.340783931350828,41.16936853333487],[16.340772826940576,41.16941928056201],[16.340955371049105,41.16968523006487],[16.341335417091504,41.17028624507098],[16.341686218992418,41.17038570592753],[16.341756905576077,41.17040770042148],[16.342141580240792,41.17059900059898],[16.342376331369213,41.17096637502953],[16.342296500978538,41.17120994352005],[16.341795414385963,41.171705466880475],[16.341662006405063,41.171853564844454],[16.34140949330505,41.17213961866589],[16.340647633024204,41.17219371633823],[16.340571307476907,41.17219333638778],[16.34033308175436,41.172469549686774],[16.34072958833582,41.1726600954583],[16.34140321260549,41.172958853905705],[16.341539294572687,41.173036089705455],[16.341581342903527,41.17305995573853],[16.34229354940286,41.17346417158393],[16.342670505983204,41.17343344964326],[16.34272622364048,41.17342890889439],[16.343069448340405,41.17340093641506],[16.34413136987919,41.17460397928814],[16.344158071880805,41.174634229007445],[16.344287241953012,41.17478056198553],[16.34472776190916,41.17528320771235],[16.345255807413757,41.17528974619449],[16.34541956807296,41.1752928339617],[16.345946726946593,41.17582124704513],[16.345988845662227,41.175863465062335],[16.346678817586334,41.17686932238947],[16.34738364348683,41.17748388907237],[16.348158857271613,41.17802353800877],[16.34824048872769,41.17804101628651],[16.348493488392364,41.17809518302305],[16.34880562790864,41.17816200908016],[16.349081297550285,41.17843799662787],[16.349523584895625,41.17888078630068],[16.350447301898978,41.17925792225268],[16.35015996165884,41.17969477512141],[16.349468861415772,41.180205927473416],[16.349444237791477,41.18023500421047],[16.349000787847963,41.18077244889925],[16.348617178824217,41.18130905552815],[16.348468183929747,41.1815174754134],[16.348565560620937,41.18160324581027],[16.34859163395847,41.18162621198672],[16.348749086420707,41.18176489596973],[16.34905023966406,41.182033514763766],[16.349597050448573,41.18242134177838],[16.349654061670925,41.18247152268935],[16.349889246127532,41.182678523970374],[16.350343056288985,41.1830779441978],[16.350373636479716,41.18310485979242],[16.350937440862577,41.183829020351766],[16.351691700660492,41.18465792972973],[16.351172732812103,41.18486220399408],[16.351056939526117,41.185035039254046],[16.350905011301638,41.1852618082386],[16.350893267257756,41.18554971074588],[16.350874102875565,41.18601963687433],[16.351052640396414,41.18654806688568],[16.351297535794565,41.18745465968941],[16.3515766657072,41.188391258352176],[16.3515944365016,41.18845150635709],[16.35164203200315,41.18861130678731],[16.351694469601952,41.18886910566947],[16.351748624329527,41.18913535612656],[16.351768997552764,41.18922961234142],[16.351866600937022,41.18968116930725],[16.352627107384507,41.1901677405146],[16.352815392526757,41.19025024457935],[16.352955707265746,41.19031147332743],[16.353137920575378,41.19039169056681],[16.353325628124168,41.190473824121106],[16.355043447957996,41.19105188097448],[16.355150037629517,41.19126493470301],[16.35520482676421,41.19137444835725],[16.35536056843642,41.19158080371231],[16.35551277034009,41.19178208441306],[16.355217090889237,41.19246243698463],[16.35590080296322,41.19274246039394],[16.35675524458721,41.193110492891435],[16.357696306693683,41.19363941951061],[16.35795966234677,41.19373829012603],[16.35832637547998,41.193878113195865],[16.35881031053281,41.19405416365075],[16.359139146040675,41.194181088319006],[16.359669853987317,41.19440786252254],[16.35975237098522,41.194443121338324],[16.360049096393155,41.194882959004985],[16.36014329621413,41.19502880887795],[16.360164815724666,41.195062127589914],[16.36040621619909,41.19543588959563],[16.360441021297202,41.19547563940441],[16.360470280654777,41.19550395344269],[16.36081998179619,41.19587548658949],[16.360847702905538,41.195904936880765],[16.36113696398116,41.196212254027756],[16.361229819670733,41.19627848404731],[16.361264738007076,41.19630338915568],[16.361554260559704,41.196509893987006],[16.36164041475401,41.19657134353353],[16.361981527769935,41.19681464069858],[16.362710868236114,41.197334828443864],[16.3634008139771,41.19789571269141],[16.363430617302893,41.19791994085984],[16.36351086882719,41.19798524982863],[16.362899294756513,41.19861759278058],[16.36250954063982,41.19902057453888],[16.362253020881344,41.199285797714474],[16.362224880965062,41.19931489190478],[16.36198418019801,41.19956375837923],[16.360350453497116,41.20139174330364],[16.35969913042331,41.202085778297466],[16.35940535876661,41.20239881061516],[16.3587868027288,41.2030579034035],[16.358339074496175,41.20357066627879],[16.35831739981217,41.20359414681301],[16.35746466438797,41.20457206330752],[16.356560094822196,41.20560796326795],[16.35606214555761,41.20619731995141],[16.355739914538383,41.20658248823246],[16.355667108919818,41.20667050060248],[16.355217418871046,41.20720712639276],[16.35515094568919,41.20728940121737],[16.355124425798408,41.2073210442283],[16.355089622752914,41.20736257196416],[16.354929345417187,41.20755282907031],[16.354186081223933,41.20783001366594],[16.353637663045273,41.20797103248344],[16.353591153436316,41.20798299186478],[16.352926773640196,41.208153823517264],[16.351902323108504,41.208458504112215],[16.351857032530386,41.20847197362957],[16.35147986309546,41.20858414364855],[16.350567375009124,41.20881367963052],[16.349602721998036,41.20904299359451],[16.34946226999427,41.20908857306304],[16.349314661353873,41.20913617460901],[16.349283252135397,41.209148763127054],[16.34888423461868,41.20927268995431],[16.348808048548875,41.20929850765031],[16.34862982390804,41.209360590328195],[16.34859549300783,41.209369421293495],[16.348298082274315,41.20949577702412],[16.34823020232259,41.2095236735945],[16.348147348552104,41.20955771656061],[16.34786383158164,41.209677767288305],[16.347745863229544,41.20972781041098],[16.347618084753165,41.20978273717622],[16.347581850842825,41.2097990694062],[16.347546309931765,41.20981409470875],[16.347453955866087,41.20985207333831],[16.34732906479359,41.20990565106951],[16.34650538979997,41.210280077319794],[16.346056433310967,41.210631960138066],[16.345749244823796,41.21087272415179],[16.345580095606945,41.211005295589665],[16.34553803620607,41.211399414331076],[16.345618185435217,41.21176769912003],[16.345792866739497,41.21207593088634],[16.34608815036202,41.21252939531661],[16.34622488890376,41.21284455838694],[16.34639048737331,41.21328384578091],[16.346565018923123,41.21374955377828],[16.346593766865315,41.21385252147968],[16.346630216202893,41.21398648008058],[16.346648425615665,41.214048297148125],[16.346665510542785,41.21410949258104],[16.346679780082763,41.21416060789045],[16.34679794935994,41.21454894757229],[16.34694988903412,41.21505209728696],[16.347164118583734,41.21563223506993],[16.347368976455602,41.216208473631106],[16.347509036819375,41.216685389858455],[16.34749540003552,41.21719735479492],[16.34746309535218,41.217381675648696],[16.347454879737203,41.21743249767351],[16.347422556538703,41.21760583192424],[16.347398400080756,41.217740777495585],[16.347005621947552,41.217824464996426],[16.346400823411958,41.217903756409406],[16.34581068331144,41.21798171025583],[16.345163764132323,41.21813607538029],[16.344928844944675,41.2182118175936],[16.34437049546504,41.21839391109866],[16.343921677938805,41.21856216547091],[16.34298575037053,41.21898210881248],[16.342946767225182,41.21861075575793],[16.34294399720435,41.218584365934454],[16.342956345211753,41.2184762435862],[16.342974018583966,41.21832149262015],[16.343038863079858,41.21797090372819],[16.343303670703502,41.217517511319556],[16.342966416315644,41.21751214184086],[16.342433047769404,41.21756433550041],[16.34187584641646,41.2177755236244],[16.341706272142513,41.217839794010146],[16.341617171249165,41.217873564388405],[16.34154629010688,41.217902924635695],[16.341404366105508,41.21795422008339],[16.341279153094316,41.218271469200495],[16.341203721593057,41.21868693871015],[16.341141042197368,41.21913636825601],[16.34106329386769,41.21945179031383],[16.340965006327746,41.219849513526604],[16.340818103958846,41.22034483403815],[16.34058156603605,41.22089089044186],[16.34059802503575,41.22122276954895],[16.340870776902275,41.22174067935488],[16.341063719619658,41.22229070020126],[16.341326880417206,41.222935198811],[16.34117009808241,41.22342215508972],[16.340600565906694,41.22365662424678],[16.33961699224668,41.22397161704962],[16.338858624796924,41.22422267908778],[16.338507308367607,41.22459612398647],[16.338646093006364,41.22543306358712],[16.338954853370403,41.22595316987106],[16.33955543663297,41.226180127220054],[16.34032046214175,41.22627956332269],[16.340791183024102,41.22645288350058],[16.34094265610972,41.22650865441769],[16.34148609138456,41.22670874329617],[16.34215276339496,41.22716583823733],[16.342181510468468,41.227186640270794],[16.342564613502066,41.227449435320196],[16.342696509137895,41.22750906317451],[16.343227014878863,41.227748893682055],[16.343950788877343,41.228130720287574],[16.344125997492366,41.22822429170509],[16.344478141213795,41.22838137576731],[16.344562834237404,41.22841907731826],[16.34470324707742,41.228516631400026],[16.345121756207277,41.22880499187338],[16.34521868018272,41.228871913214775],[16.345619949115797,41.22918306074422],[16.345653684931637,41.229209218881564],[16.345780908537296,41.22930786864422],[16.346483038688497,41.22954215784884],[16.347454426344918,41.229727286222136],[16.348328693092785,41.229923138343935],[16.34910943242727,41.230004323398894],[16.349275174646294,41.2300224262875],[16.349432646053963,41.2300398188764],[16.34965554163608,41.2300629419161],[16.349748257805082,41.230065988699224],[16.350032570634394,41.23007693572062],[16.35029644832255,41.230085250632754],[16.350344068590434,41.230088990465106],[16.35047083964669,41.230095098581444],[16.35051114642762,41.23009679725889],[16.3506665299141,41.23010181723567],[16.35105321404342,41.2301171989853],[16.352310394233577,41.23019395726021],[16.353036091073754,41.22999664141112],[16.35482536134442,41.230981504080184],[16.354885974907283,41.23101290407765],[16.35499215830309,41.23107331024618],[16.355081982592182,41.231122749852084],[16.353340959712195,41.231565246331755],[16.351964919618496,41.23143371809874],[16.351646462282314,41.232175084031624],[16.351577474040457,41.232337591952856],[16.351021135214417,41.232530776262],[16.350567094808206,41.23260041387786],[16.3500563364993,41.23266919098121],[16.349246263286954,41.23275267723871],[16.34846017433355,41.23284058090992],[16.348202368544637,41.23286584890653],[16.348127553096624,41.23287396013339],[16.348049004927663,41.23293149275324],[16.34797606904789,41.23298079440148],[16.34777103168537,41.233125438167015],[16.34762234987102,41.2332303123201],[16.34675808850877,41.23357370723795],[16.34591748628292,41.23391557713271],[16.345746076087416,41.233978703406216],[16.345708967805134,41.23399223536682],[16.345340276522517,41.23412886853958],[16.345054152995818,41.23424090325686],[16.34499431779445,41.23425708408634],[16.344895516502643,41.23428651891971],[16.34453070713536,41.23438245589632],[16.343629729667704,41.23463819937434],[16.343590186156867,41.23464895337767],[16.342728241695774,41.23488947029076],[16.341967700959742,41.235095704347245],[16.34172798018215,41.235162024625524],[16.34059258817923,41.23547613207636],[16.340536822733885,41.235488350506486],[16.340401271808705,41.23552905900506],[16.340596673394096,41.23628588156517],[16.340118358223027,41.23652201256665],[16.339947313582368,41.2366064517501],[16.33940440831431,41.23689319968551],[16.339250082215973,41.23698600645687],[16.3391689413362,41.23703480180418],[16.338826605794647,41.237240670598545],[16.33818755511867,41.237547071988544],[16.338002762950847,41.23786485446122],[16.337809761730004,41.2382686457986],[16.33788114206322,41.23849836370927],[16.337935868817514,41.238674483053494],[16.337744593626084,41.239199640144626],[16.337614055979913,41.2397613966778],[16.337559002229845,41.24009336025269],[16.337427917523822,41.2406799745065],[16.33741824498883,41.24072325801006],[16.337505878237458,41.24095499331162],[16.33765579021323,41.24135141138219],[16.337744812243802,41.24158694386808],[16.33780853658036,41.241755542738375],[16.337846620305594,41.24216158197892],[16.337849191333742,41.24218899797858],[16.337853419478236,41.24223407227389],[16.33805729956627,41.24267358340678],[16.33818784403332,41.242954997020846],[16.338360698535816,41.24287901500904],[16.34027861081962,41.242040665353045],[16.340547628911175,41.24192290774807],[16.34062223141051,41.24198899166395],[16.340723903745193,41.24207999052314],[16.340781067176742,41.242128767313986],[16.341041469120164,41.24235817045469],[16.34123135187747,41.24248832721511],[16.341280024651557,41.242517867986024],[16.34163569524213,41.24276548622289],[16.342032628480805,41.24298652757145],[16.34264333764466,41.24332694038385],[16.342662635038966,41.24335287698251],[16.34275914634953,41.24351999312673],[16.342810437298787,41.24361697952065],[16.34299501107297,41.24391699367099],[16.343095046728582,41.244080133912185],[16.343149153781845,41.24417056695233],[16.34331504391015,41.24444929819345],[16.34346582196135,41.24469973041404],[16.3436740858507,41.24495079854897],[16.343981157801398,41.24533254923132],[16.34415310842573,41.245493234903435],[16.34450144624029,41.24581874623379],[16.34468399601737,41.245989331444676],[16.344808846262335,41.24612591443289],[16.344855783600565,41.24617726162718],[16.345127214127306,41.24647604519911],[16.34517349418913,41.24652482220719],[16.345494082709155,41.24679250194096],[16.345568236515607,41.24685441620784],[16.34576896826413,41.24702201736474],[16.34578285107159,41.24706856943075],[16.34587123830308,41.247321396258734],[16.345410073498613,41.24756693837289],[16.34535550333216,41.247876378643056],[16.34562825569387,41.248313292789675],[16.345719372501875,41.248698870332085],[16.34523496755824,41.24892340706502],[16.344655861806782,41.24915401609951],[16.343898420111003,41.24949504051049],[16.343292680138404,41.24970042078847],[16.343256868607817,41.249707792419144],[16.342918613039643,41.24981996303461],[16.342863990933175,41.24983807631316],[16.342826595533623,41.24978252787861],[16.342656392284965,41.24952970153994],[16.34250773014111,41.24921529852529],[16.342184952350948,41.24902228726574],[16.341555273496937,41.249253873781555],[16.341523317978822,41.24926545180307],[16.34107660113404,41.24943051977593],[16.341005009554937,41.249452674221644],[16.34093667082068,41.24947799895543],[16.340293712129125,41.24968606071898],[16.340248145937167,41.24970005228987],[16.340170669955402,41.24972271660088],[16.340093601441957,41.249751120865064],[16.339715812205203,41.24985394107808],[16.339596843131766,41.2498878076398],[16.339775087563268,41.25070423724877],[16.33937431021521,41.25093561509568],[16.339310468521532,41.250972472649075],[16.33913455067667,41.251150857675455],[16.33895998118984,41.25132787196896],[16.33871992258624,41.251380365760376],[16.33859346059399,41.25140085412849],[16.33849350831206,41.25142075649995],[16.33814720066535,41.25157492500135],[16.337974042637146,41.251652009135775],[16.33778631721783,41.251902493004174],[16.33775947818958,41.25193767948365],[16.337717244450474,41.25199240342795],[16.33758016591868,41.25217312850787],[16.33751996635824,41.252252497377675],[16.337700883232184,41.25282869310684],[16.337725071841827,41.25290972344752],[16.338014111924355,41.253597563580335],[16.33821536876456,41.25387446172424],[16.338479672033195,41.25423809680276],[16.338924020684225,41.25487548832405],[16.33919867559518,41.255514757261786],[16.339600110826474,41.25637985291933],[16.339568927653026,41.25644748014827],[16.33938206653706,41.25685274041689],[16.33860295478673,41.25726710742345],[16.338291609160713,41.25756944344013],[16.33824702539427,41.25761545132488],[16.338017561514736,41.25784002323797],[16.33797997821087,41.25798560879205],[16.3378393798227,41.25850831509996],[16.337464712980783,41.25874599472574],[16.33740681010271,41.25878272728236],[16.337168802346067,41.2589337123137],[16.336307448089038,41.258919733904115],[16.336117118582667,41.25891687048267],[16.335588320291535,41.25891310972006],[16.335429382861108,41.258908882799865],[16.33494065388993,41.25889324054911],[16.334449474668105,41.25887817155306],[16.333692879740127,41.25885495411138],[16.333461182324406,41.258795833439756],[16.333428788254018,41.25878756723244],[16.33298388990647,41.25867404448527],[16.33246665856679,41.25854206128923],[16.332241143304934,41.258484515531066],[16.33175959109847,41.25839937533657],[16.331152580256365,41.25829697576887],[16.33086714654894,41.258248554533665],[16.330559253539924,41.25827094322525],[16.33039840636365,41.258282160154955],[16.330220411568412,41.25829561468643],[16.33009531351396,41.2583032414723],[16.329838138113654,41.258323429779324],[16.329939913153318,41.25864535205454],[16.330190897028526,41.25888245211136],[16.33041634431718,41.2590954277167],[16.3306467775673,41.25931311102589],[16.33068510354518,41.259350018859564],[16.331147593149602,41.259841291073144],[16.331343482827478,41.260079874135144],[16.33136296557574,41.26010473093115],[16.331586286727145,41.26037559435083],[16.331620738732298,41.26083934296558],[16.331638513867034,41.26107861565421],[16.33167891252248,41.261155953196884],[16.33176390974684,41.261321228421835],[16.331961444498532,41.26169681291596],[16.332274127378273,41.26187925155129],[16.33310786696494,41.262320763067294],[16.333397835821756,41.26275668800685],[16.33345232335835,41.262838598029816],[16.333463363357126,41.26341378097495],[16.33355712111626,41.26390268090709],[16.333773799907,41.26466265486736],[16.33378724891345,41.26520618930698],[16.333700838063915,41.26565713882165],[16.33343332943229,41.26598246330157],[16.332725440320928,41.26594456657336],[16.33256594872726,41.2659366173058],[16.33205382709643,41.26591109123631],[16.331625740180993,41.26595825537081],[16.331176224488647,41.26600777794847],[16.330160874490105,41.26619509398617],[16.32969390048082,41.26630788817716],[16.329428254412214,41.26637163687503],[16.328860881621043,41.26665540751109],[16.328260650947936,41.26704475961414],[16.328048710289142,41.26776900899677],[16.328085363498857,41.267772658784985],[16.32837121949525,41.267816034660015],[16.328755762711207,41.26789490232821],[16.329078673725693,41.26794799482883],[16.329262536192402,41.26797562417939],[16.329367207053334,41.267992513245986],[16.329441377034783,41.26800609961799],[16.32964411581875,41.268058897826606],[16.32967596955237,41.268173902270235],[16.329712451477594,41.26828480771996],[16.329730206109243,41.26834093045677],[16.329603846277998,41.26856947755095],[16.32943649374656,41.26877962930946],[16.32936804153947,41.2688722824045],[16.329280526419552,41.26895510931513],[16.329127003400966,41.269101656779945],[16.32866483720256,41.2690750003211],[16.327976986741824,41.26910844104945],[16.327202891787774,41.26914607034802],[16.326923482052415,41.26933941776007]]]}}]}
