{"type":"FeatureCollection","metadata":{"code":"114006","referenceDate":"2026-01-01","sourceDbfExportDate":"2026-02-18","upstreamArchiveUrl":"https://www.istat.it/storage/cartografia/confini_amministrativi/non_generalizzati/2026/Limiti01012026.zip","sourceManifestSha256":"70ac8256c4785dc6ed2814c32b6965ae76f9161b51abaa1660059e1c6cbd8ca6","license":"https://creativecommons.org/licenses/by/4.0/","attribution":"Istat, Confini delle unità amministrative a fini statistici al 1° gennaio 2026, versione non generalizzata.","modifications":["Converted from WGS 84 / UTM zone 32N (EPSG:32632) to RFC 7946 WGS 84 geographic coordinates.","Converted from shapefile to per-municipality GeoJSON without geometry simplification."]},"features":[{"type":"Feature","id":"114006","properties":{"code":"114006","name":"Bitti","alternativeName":null,"regionCode":"20","regionName":"Sardegna","territorialUnitCode":"114","territorialUnitName":"Nuoro"},"geometry":{"type":"Polygon","coordinates":[[[9.44148312829091,40.65715342605992],[9.440834675208711,40.65748021525187],[9.440364243042435,40.6578964093633],[9.440093833986838,40.65814968304862],[9.439657874713566,40.6584125943843],[9.439423657916748,40.658773832572045],[9.439235691094881,40.65897273895707],[9.439000405892665,40.65917182403792],[9.438610927075699,40.65930843421595],[9.437913825443399,40.65943720140516],[9.437559360100854,40.659501605384015],[9.437120853485416,40.659377144872124],[9.43676368377012,40.65902715853752],[9.43653734283842,40.658784780447824],[9.436370208296422,40.65855118780658],[9.436072192668947,40.65820097570901],[9.435857687335618,40.65795855154763],[9.435654191007822,40.6575899640436],[9.43539225602956,40.6573297004504],[9.434752559283773,40.65718797182846],[9.434113390764729,40.65712731629999],[9.433616286260884,40.65708414041278],[9.433037138168258,40.65715838367145],[9.432540848640725,40.657241321512785],[9.432162440942177,40.65726075583921],[9.43145270632624,40.657263409918635],[9.431038521268984,40.657237930552455],[9.430683190582227,40.657167187415],[9.430221690507778,40.657141881582916],[9.42983208965539,40.657260445185145],[9.429395806723338,40.65747827718362],[9.42898277395939,40.657632959097135],[9.428558257264358,40.65784173457329],[9.428334774394228,40.658040755094],[9.428064375418696,40.658303009362065],[9.427989163426417,40.65833368994004],[9.42752162397613,40.65852121719021],[9.426824165300781,40.65859586637026],[9.42664847634932,40.65857423344707],[9.42646900384241,40.65855213586643],[9.425994978789095,40.658418755484064],[9.425591242506293,40.65817701016975],[9.425565639005082,40.65787081018534],[9.425468087311133,40.65741172766501],[9.425358766430225,40.65696169621624],[9.425190760258891,40.65658395154827],[9.424834124745002,40.656305995088296],[9.424549492784069,40.65618992921834],[9.424217090159289,40.65600196913153],[9.423910627644796,40.656174258859984],[9.423773072228556,40.656868431294974],[9.423857528158646,40.657129372936126],[9.42410850150257,40.65753384193362],[9.424417938393683,40.65782999063549],[9.424490511828656,40.65808196670258],[9.424255699273168,40.65836209871499],[9.423819048793673,40.658525857665865],[9.422873855535508,40.65870949683947],[9.422235307460136,40.658747867605655],[9.421300802443502,40.65875128189707],[9.420874442764472,40.6586717580848],[9.420554319787634,40.65855581177297],[9.420138661113734,40.65829607422207],[9.420006733252483,40.65800827636471],[9.41998087169079,40.65765703234613],[9.420097013921511,40.65731428049957],[9.420035891324057,40.656999199687355],[9.419632411936405,40.65679346656227],[9.419218064757276,40.65674092005357],[9.418744629997422,40.65669759418592],[9.418401143743454,40.656626770271274],[9.41790230993936,40.65630426471908],[9.41766360065849,40.65596279892228],[9.417578215495608,40.655548708312345],[9.417445574205084,40.65514379809792],[9.417313776475488,40.65487401399954],[9.417133094719903,40.6543521642113],[9.41752202766848,40.654125541775585],[9.417840944038787,40.654052318256156],[9.418016739055693,40.65379043021494],[9.417955236102856,40.65341228915316],[9.418011960272933,40.653024710466795],[9.41790292166877,40.652610706407934],[9.417486916060454,40.652287898107424],[9.417248672302673,40.6520184994928],[9.417113740225576,40.65124424002602],[9.417416717517044,40.6505134428301],[9.4176127336066,40.649701952866224],[9.417812173504673,40.64943997944023],[9.418249061041996,40.64932128500536],[9.41777337596817,40.64890860704771],[9.417263112142026,40.648640192093744],[9.41691938966625,40.6485243207047],[9.416669669266854,40.64830901375521],[9.416784467589398,40.64775006033534],[9.41682987120952,40.64744360149992],[9.416731499729178,40.64684037444175],[9.416516483570197,40.64649882015778],[9.416431957963198,40.64621985625126],[9.416276304244796,40.64591412152142],[9.416167959784007,40.64560821697784],[9.416414755744162,40.645355083872175],[9.41693418320508,40.64520006165827],[9.417253170035806,40.64514485786713],[9.417665478416728,40.644882115159696],[9.417699330203403,40.64462074051331],[9.417542888544926,40.64418888942541],[9.41708120205308,40.64411848866768],[9.416490096191076,40.64415665622175],[9.415992539419479,40.64402332005369],[9.415482375890166,40.64376390444491],[9.415350776353938,40.643521143106454],[9.415301348216001,40.64317899064357],[9.415381229894166,40.64271025131079],[9.415709238157694,40.64220458388528],[9.416109428628614,40.64189684732094],[9.416957159354942,40.641290206907826],[9.417358181434205,40.641117592647774],[9.41754616270266,40.64091872209106],[9.417638862757642,40.64061209156641],[9.41750636368621,40.64022519645512],[9.417280492787402,40.64003683055183],[9.41687751666411,40.63989414660034],[9.416556426544986,40.63960702652227],[9.41631839874777,40.63936465085765],[9.416104359904251,40.639176239060994],[9.415841399197761,40.63872675145384],[9.415757111205062,40.63848381998165],[9.415731392087457,40.63815059081335],[9.415965106760549,40.63769931432921],[9.416446312522387,40.63711201446033],[9.41655247419983,40.636986412364514],[9.416767093753128,40.636732491550084],[9.41682196778461,40.63666756547897],[9.417080229139826,40.636362004114645],[9.41713189429783,40.636280739461434],[9.417310975875107,40.6359990593147],[9.417372998681849,40.63590150259197],[9.417501672211124,40.63567581995867],[9.417405219183198,40.63537888180304],[9.417061844961616,40.6353080521927],[9.416528541664551,40.63512079449167],[9.415698499431283,40.63475442824991],[9.415164870684361,40.63451311274277],[9.414322628637027,40.634083719879584],[9.413741043326551,40.633734465375284],[9.412959109622033,40.63349402893023],[9.411514944321539,40.63324694095533],[9.410756838092098,40.63303343098757],[9.410459346224206,40.632728192045526],[9.409863489308966,40.631973577124846],[9.409352396124074,40.63154297111066],[9.409125863878582,40.63123747799493],[9.408970058935406,40.630895698845784],[9.408909068699321,40.63058961891969],[9.408941683919442,40.63012105033083],[9.409127846543312,40.6296249114875],[9.40923189794815,40.62923716780943],[9.408981614981755,40.628913740866295],[9.408496725071405,40.628897439432315],[9.408000448799514,40.628953246470374],[9.407587268584493,40.62906280994862],[9.407256963760686,40.62919009729615],[9.406948501221683,40.62902001863022],[9.406863874008275,40.628714020798405],[9.406790854040315,40.628371946858245],[9.40675270402159,40.62793065428879],[9.406738092764046,40.627471261198934],[9.406606611931737,40.62723749749983],[9.406217250016429,40.62737399860173],[9.406162492580167,40.62739851221523],[9.405710196259383,40.627600998874456],[9.405213348355591,40.62758489951456],[9.40485878016624,40.62758596916466],[9.404419944811533,40.62736228881349],[9.40399255609535,40.6270755052205],[9.403967388818735,40.62682334986677],[9.404080824807481,40.62663086401779],[9.4041429458466,40.62652546452694],[9.404366016315214,40.62626343060058],[9.404423340865486,40.625965942501594],[9.404563319198198,40.62565014727033],[9.404988796629327,40.62562162966268],[9.405318543690862,40.625404263688644],[9.405139941746537,40.62519768906214],[9.404937585426074,40.62497318075876],[9.40467562583967,40.62466780272335],[9.404402334432001,40.62444354198938],[9.403975940125855,40.62429827742037],[9.403772990907118,40.62428972519752],[9.403467275626731,40.62427564713252],[9.402935884329768,40.62438560693966],[9.402475106317356,40.624441265484236],[9.402021284455715,40.62436933706833],[9.401859721393517,40.62434428465001],[9.401598641568485,40.62418303631946],[9.401313862735226,40.62401286005049],[9.400958038782132,40.62382491305797],[9.400708247874732,40.623573535554755],[9.400269343871871,40.62333182187338],[9.399901167337337,40.62305382644829],[9.39976591168418,40.62296873456689],[9.399492969720995,40.62279702093007],[9.399107584432901,40.62281333678513],[9.3988009935417,40.62294952601027],[9.398435661083754,40.62314897955949],[9.39786987142278,40.62343920885331],[9.397422200111338,40.623711012276196],[9.397080398995541,40.62389236295538],[9.39676170931688,40.62398354527689],[9.396265314756134,40.62398485134754],[9.396051799482027,40.62396365544032],[9.395636317256953,40.62391906076979],[9.395469753298498,40.6234384444503],[9.39531435493561,40.62315069679097],[9.395051065051005,40.622611074395465],[9.394728348259195,40.622017601678685],[9.394514214733315,40.62179311518325],[9.394253002335873,40.62160482329603],[9.394109542094366,40.62133505165893],[9.393954313276215,40.62107432787252],[9.393514287997483,40.620634400380936],[9.393276148055882,40.62034693171181],[9.393144569765678,40.62008612714991],[9.393331719299514,40.61974315817209],[9.393911225070521,40.61977721743167],[9.394103298013667,40.61983366446503],[9.39424389031751,40.6198723720183],[9.394787935193976,40.620089529285735],[9.394874217892598,40.62005848817881],[9.39514186302833,40.61996219660811],[9.395552989957904,40.619510352799146],[9.395502459534748,40.61896099340575],[9.395337508457374,40.61864378072944],[9.395281928121292,40.61860076384534],[9.394978621517357,40.61834118313367],[9.394948174418591,40.61833020102109],[9.394137453933068,40.61803776012307],[9.393415622043275,40.6179231076266],[9.392765042838917,40.61786226115601],[9.392208617627318,40.61772902087827],[9.391841400034018,40.61760414494864],[9.390952703981654,40.6172558158834],[9.390442842157556,40.61699628705488],[9.389612642792656,40.61653964506567],[9.389137458008015,40.61628123756121],[9.389031676212515,40.61623877055081],[9.388962580634862,40.616210357961066],[9.388676096844957,40.61609239803475],[9.388249733744253,40.61595870174813],[9.38781201939305,40.61590611947666],[9.38739800007036,40.61586246577939],[9.386972160709119,40.61581884929985],[9.386534603990981,40.61579328808307],[9.38576619680799,40.615795857174184],[9.385685964354611,40.615791898195084],[9.384913365398072,40.61575229546265],[9.384607313954216,40.61573666134511],[9.384077006511871,40.61584145802506],[9.383994104159308,40.61586197647777],[9.383744540839249,40.61592620994023],[9.383570041330318,40.61595910779834],[9.383190363620153,40.61602965125659],[9.383080131304105,40.61606477561918],[9.382647541546284,40.61620261651788],[9.382341359036172,40.616410831326455],[9.381882515942946,40.61679972545597],[9.381635445944939,40.61691978090546],[9.381434516043164,40.61701741548048],[9.381113697631454,40.617061970893296],[9.380902940593257,40.61709124029689],[9.380155193420105,40.617146041507795],[9.379803658072001,40.61712188600695],[9.37933027276604,40.61703335456557],[9.37893928606556,40.616881490101825],[9.378833387993952,40.616751329590464],[9.378579462157509,40.61643918175392],[9.378522638711308,40.61636932180162],[9.378705632220395,40.61527866395942],[9.378810346941933,40.61498103248128],[9.378938856535957,40.61471034836271],[9.37919775823414,40.61450229775084],[9.379646003677916,40.61432965957596],[9.37990464540212,40.61407656415977],[9.380008536344201,40.61363479323445],[9.379805790089014,40.61332015434224],[9.379686251121262,40.61308632000177],[9.37961303041732,40.61268116761494],[9.37978845999956,40.612347267420496],[9.379538637069947,40.61206881713756],[9.379241278572186,40.61174547920871],[9.379109109991868,40.61136754549495],[9.379095558050146,40.61106129288045],[9.379117723389585,40.61079996620501],[9.379411765129877,40.61053774673049],[9.379658572453872,40.610284690590774],[9.379822480954987,40.6100048810008],[9.380389002758067,40.609849867571356],[9.380814034196588,40.60975837969229],[9.381344782364563,40.60954942659771],[9.381745450441661,40.609331893148195],[9.381919783749762,40.608808809735685],[9.382035730459558,40.6084120408532],[9.382317161061719,40.608014725084594],[9.382611743254184,40.60785159172282],[9.382930427422464,40.60776945710397],[9.383308725895308,40.607777210203594],[9.383864637517362,40.60783842574294],[9.384432320039371,40.60789058970443],[9.38491736429681,40.60796104484703],[9.385295353606372,40.607914740438794],[9.385791338609238,40.60783200634464],[9.386192863507503,40.60776760274133],[9.386676039449753,40.60751374095929],[9.38668935236255,40.60747632509253],[9.386769093238602,40.607252178052974],[9.386885373435566,40.6069184639773],[9.386812219008299,40.606531333192315],[9.386798321439025,40.60617102947943],[9.386595409354884,40.605829376192276],[9.386204783028097,40.605731586814265],[9.385984994929377,40.605448276852215],[9.385936307260897,40.605385516502835],[9.385918981688558,40.605363182956516],[9.385869681500289,40.60501200616109],[9.385863501512324,40.6047435034217],[9.3858510431133,40.60440701941314],[9.385853312175916,40.60437180803927],[9.385856710046465,40.6043281705416],[9.385945682747117,40.60384061372288],[9.386027020823306,40.603597105351525],[9.386131685183654,40.60329946686397],[9.386224373573377,40.60297484092474],[9.386351101366285,40.60300591196825],[9.386475439009255,40.603037543111085],[9.38655061390265,40.60305482904003],[9.386804210917445,40.60311636530415],[9.387011797444277,40.60329692397633],[9.38706570135759,40.60334484869438],[9.387113219416161,40.60338626879387],[9.387201248432847,40.603381765705954],[9.387412486416872,40.60337268998461],[9.387550435219815,40.60336678497403],[9.387660437712857,40.6033026414325],[9.387715537455255,40.60327290122694],[9.387821397295236,40.60321272631293],[9.388246857381969,40.603204540364544],[9.388388677385063,40.6032018113669],[9.38871967370196,40.60320970672786],[9.388772812320028,40.603174921367916],[9.388825905751215,40.60314438199645],[9.38907295099438,40.60298329834699],[9.38908205416957,40.602514812169886],[9.389339674076279,40.602099541510434],[9.389397044350668,40.60180205851433],[9.389442439247615,40.601477590260146],[9.38958238577918,40.601152803100334],[9.38996515408285,40.601058199768985],[9.39001002132376,40.60104635842109],[9.390043293352871,40.601037702095546],[9.390241803203976,40.60098222546015],[9.390328384862965,40.60095563162219],[9.390718004378662,40.600810575706426],[9.390777591505337,40.60078946642979],[9.391021844708778,40.60072452666104],[9.391187092779509,40.600686598492025],[9.39134053715364,40.60065137759404],[9.391447284764768,40.60062045251307],[9.39177048401278,40.60052622974173],[9.391812507183468,40.6005146459836],[9.391819932615917,40.6004683874682],[9.391881158100391,40.60012703599501],[9.391866971896816,40.59972169023828],[9.39198258133684,40.599279868713275],[9.391826781299782,40.598911037823676],[9.391611627865354,40.5984973637672],[9.391633371502348,40.59817297466665],[9.391691045031914,40.59792954233539],[9.391794834131696,40.597487760946485],[9.39182681839228,40.59689307369171],[9.391871777608797,40.59649653589779],[9.392294548554812,40.59603565366359],[9.392481900924807,40.59573772732281],[9.392692834044816,40.595430712561196],[9.392856863170252,40.59518691791657],[9.393100685578887,40.594995540610256],[9.393634949813748,40.59485995339522],[9.393786030118196,40.59474375321413],[9.394034951014767,40.59455231330237],[9.394138994627038,40.594155550393296],[9.394021850152564,40.593848439537496],[9.393986063303267,40.59378514025797],[9.393909939020565,40.59363604678687],[9.393748522753192,40.59331907055842],[9.39362375157769,40.59291336003119],[9.393703670925746,40.59247239843471],[9.393686010738575,40.592437006120484],[9.393673389233872,40.592401534469985],[9.393660488377726,40.5923686033632],[9.393592971098501,40.59223444129937],[9.39353610347144,40.59211263818039],[9.393310463765419,40.591924222749945],[9.393263771082427,40.59190392984675],[9.392883822503325,40.591718473014524],[9.392575411065259,40.59152132788327],[9.392209242057833,40.59128929219176],[9.391758702818388,40.591298872288874],[9.391403552336474,40.59119197098305],[9.391012635995752,40.5910311374754],[9.39073910839366,40.59073477289616],[9.390477976896262,40.590537463076004],[9.390358286060223,40.59027661282374],[9.390165768567169,40.59019279989268],[9.389457875126652,40.58988328171199],[9.388794345495636,40.58957921786501],[9.388344099919776,40.58937353068788],[9.387976054615454,40.58907747808066],[9.387726390466739,40.5888170614918],[9.387583235568522,40.58858331358004],[9.387332742011425,40.58817875906612],[9.387118792751465,40.58796326561649],[9.386714896296247,40.58759525821951],[9.386464464723845,40.58719970948796],[9.386434278508652,40.586937151030114],[9.38640201109733,40.586614347392896],[9.386465417892563,40.58632346457086],[9.386103904495267,40.58614688732869],[9.385784265165778,40.585947008240545],[9.385752486180255,40.585933174965746],[9.385297766629188,40.58576521346724],[9.38506137243614,40.5856819103471],[9.384931079638571,40.585591651537285],[9.384776643306337,40.58548466607944],[9.384433506913695,40.5854047297356],[9.383901669869678,40.58538848074956],[9.383461081451674,40.58539694313888],[9.383334539389567,40.58539937301197],[9.382695791477857,40.58528437667599],[9.382093725179377,40.58538546625447],[9.381491401117081,40.58544151016077],[9.380884207940658,40.58533034997408],[9.380564658824138,40.585124198540136],[9.380378166857145,40.58500375085073],[9.380034475990165,40.58482470580555],[9.379452761171585,40.584451959502715],[9.378894500940888,40.58409423486119],[9.37844526618818,40.5837939124731],[9.3780543223192,40.58361501718302],[9.37772307921937,40.58353473004677],[9.377676995932676,40.5835293096444],[9.377273424384896,40.583482960719984],[9.377234485375364,40.583467249408656],[9.377022424862588,40.583376387373384],[9.376964306843282,40.58334991261679],[9.376648044772965,40.58313567749447],[9.376479461131883,40.58302558020692],[9.376111201289216,40.58267543688844],[9.376031159095634,40.5825725243718],[9.37587080159978,40.5823802601951],[9.37574793109015,40.582251280941286],[9.375657322303512,40.582155447457986],[9.375499264762263,40.581981718214024],[9.375479612736486,40.58195832841722],[9.375445283360426,40.581920864927085],[9.375289967458562,40.58161507004135],[9.375189513917304,40.58130605446084],[9.375157730732017,40.58121010426653],[9.37503806588829,40.58094022867627],[9.374894568525937,40.580634395732616],[9.37468033256878,40.580355817751844],[9.374432491897837,40.57999707477819],[9.37418082173625,40.57977186497752],[9.373883131643998,40.57935842454138],[9.373881125480983,40.5789980790029],[9.373890282563973,40.578520582911565],[9.373994761909199,40.57818691923265],[9.374111306212821,40.57789825982022],[9.374239614360821,40.57760055419742],[9.374320763064024,40.57732101808051],[9.374282123507838,40.57694209501077],[9.374091010876528,40.57637583887382],[9.373887953604278,40.575980108546375],[9.373673586446328,40.57567450315563],[9.373541070811623,40.57521548274341],[9.373385929541284,40.57493671097466],[9.373289860956266,40.57465774811371],[9.373158350967753,40.57437890054751],[9.372825648149492,40.5740376401689],[9.372600177335608,40.57385819098021],[9.3723621431,40.57354365048346],[9.372170419793049,40.57305779250759],[9.372169022223137,40.57280555111862],[9.372238060239626,40.57247200197066],[9.372352554989812,40.57181399018662],[9.37224770653819,40.57154629858037],[9.372184768787603,40.57138209740167],[9.371687041625863,40.57110442635493],[9.371333977062763,40.570868881332665],[9.37128387911341,40.570835459044524],[9.370951899900785,40.57062031325223],[9.37015834545533,40.57025349807465],[9.369894319191403,40.57015033529985],[9.369661373383437,40.57005933626287],[9.369544928512024,40.570013842783965],[9.369152007245297,40.56986032999432],[9.36801563237738,40.56944955055625],[9.366245832505445,40.569138387336466],[9.366159092336272,40.56912212738572],[9.36393669814147,40.56885888515775],[9.363322254323494,40.56883379343438],[9.361491950814584,40.5689836755411],[9.360807254477622,40.56907590486879],[9.360181479159312,40.56914091889222],[9.359847144158186,40.569151778673934],[9.35956727509771,40.569160849982026],[9.35876299631257,40.568983174539134],[9.358244107724817,40.56882987426763],[9.358149072683721,40.56880267471002],[9.35792244126509,40.56864661343987],[9.357756461154782,40.5685358425782],[9.357713324509925,40.568463905054344],[9.357529993047224,40.568158173092],[9.357388990682416,40.56801446807039],[9.357328069873388,40.56795237897339],[9.35725680232661,40.56787974450454],[9.356889252267457,40.56762863436122],[9.356779762491794,40.56756591032727],[9.356735209449823,40.5675403860912],[9.356498220663866,40.567404621265084],[9.356178357546778,40.56723443987451],[9.356142804435283,40.56721315336935],[9.355983751943738,40.56711792503024],[9.355893935656955,40.56706414931656],[9.35555086549935,40.5669726771691],[9.355452598425867,40.566947251069756],[9.355398845768294,40.566933510320574],[9.35533590798524,40.56691480777386],[9.355033258000566,40.566676098173055],[9.354972466390178,40.566628428851054],[9.354843320925792,40.56652712152404],[9.354770942841524,40.566412732699284],[9.354660949396605,40.5662301205616],[9.354544912532797,40.56604116838389],[9.3544461419236,40.56587965554596],[9.354407012240497,40.565859559638184],[9.354188077352836,40.56574930907909],[9.354126658887282,40.56571825632487],[9.353793306057634,40.56566290452769],[9.35370101619877,40.56564749002674],[9.353287880743938,40.56558274689628],[9.353030534757563,40.5655424278088],[9.352968566891368,40.565531683061266],[9.352404420810986,40.56559053790451],[9.35194567097006,40.565561504322154],[9.351627852313193,40.56547111110897],[9.351479525684288,40.565428662121874],[9.351174931643454,40.56525686180048],[9.351147271644118,40.56524087491133],[9.350827244166133,40.56503464443846],[9.350739848847828,40.5649140086415],[9.350482183281665,40.564558223982225],[9.350404359916087,40.564465651318024],[9.350234915449308,40.564255856077075],[9.350212660078343,40.56423503101513],[9.350161249530258,40.56417163179558],[9.35014865891171,40.564135503745725],[9.350140025368063,40.564101594303864],[9.350088871715595,40.56390178067163],[9.350064137649449,40.56382144852251],[9.350039228696042,40.56373678541958],[9.350012543068638,40.56365391866126],[9.350001786959561,40.563620701213736],[9.349974314662939,40.563551209633935],[9.34994237518129,40.563513766313186],[9.349636507405444,40.563240266988586],[9.349609908026066,40.5632162991363],[9.349422979942737,40.56304795955093],[9.349385668781624,40.562687719194244],[9.349419560209135,40.562390324859486],[9.349548089442383,40.56211967179806],[9.349747585175415,40.56186682066165],[9.349839489427538,40.561713588408665],[9.349888111968925,40.56163216557568],[9.349817004518133,40.56138413076745],[9.349803472438316,40.561343550611454],[9.349781680244037,40.56126920848392],[9.349688020317908,40.56121480798963],[9.349620547746309,40.561177736971544],[9.34950674747973,40.56111800905335],[9.34942878322068,40.56107727240911],[9.349363055192475,40.56104307430661],[9.34930608388501,40.56101231811747],[9.349207135426038,40.56099525078856],[9.349156230790852,40.5609860443964],[9.349106290567116,40.5609771638924],[9.349023764323803,40.56096612959053],[9.348429976608482,40.560852236835494],[9.348310193210736,40.56083523157193],[9.347991861503568,40.56077964199366],[9.34790601050801,40.560762444007956],[9.347838760892012,40.56074831514268],[9.347655381222136,40.56071523868999],[9.347488801544865,40.56068406634814],[9.34740215948315,40.560667802788075],[9.347258789163932,40.560646305249385],[9.347147565467582,40.560629961330214],[9.346969704663291,40.56060411216298],[9.346692389930649,40.56062940024588],[9.34644535412691,40.560650938353845],[9.346325440700621,40.56071076113408],[9.346151103622221,40.5607965952055],[9.345820691354746,40.560860647019936],[9.345734545755723,40.560862095826856],[9.345677749265391,40.5608631351402],[9.345364128636325,40.56086858295287],[9.345194366927776,40.560872961435166],[9.344970626611168,40.56084768049495],[9.344900247458112,40.56084164475241],[9.34485246494351,40.56083670006407],[9.344818785669268,40.560825872792684],[9.344468089107261,40.560706042933745],[9.344415218998178,40.56065289488877],[9.344188416288768,40.560433097745786],[9.344120226228624,40.56026347135765],[9.344032877675167,40.560046180917844],[9.34398689430184,40.559947220809526],[9.343913785671838,40.559789860136256],[9.34386566724022,40.55968632530322],[9.343699700994131,40.559569393512945],[9.343598278579917,40.55949793567425],[9.343521880573762,40.55944410943978],[9.34320185807512,40.5592288486607],[9.343107047336751,40.559167000362095],[9.342926906353469,40.5590494888302],[9.342858168059294,40.55900464831984],[9.342513975080474,40.558681078412086],[9.342466499956423,40.55863644759463],[9.342426944290835,40.55860053012123],[9.341991833544668,40.558205429790185],[9.34195312101409,40.558151491843475],[9.341920456549001,40.55810598093256],[9.341756243663019,40.5578771432967],[9.341630521698606,40.55770199369788],[9.341611165714204,40.55767502421175],[9.341316811772021,40.557342567334594],[9.341238566118843,40.55725270939388],[9.340981455079895,40.55694716835126],[9.34089291500782,40.55686399723386],[9.340637283087021,40.55662386562366],[9.340221743631222,40.55620167493289],[9.339083413044264,40.55532215458365],[9.336865396529708,40.55346381251069],[9.336130217505591,40.552773322243425],[9.336100812672772,40.55275551608217],[9.336063518532109,40.55272242311092],[9.335548639944069,40.55231453196192],[9.33502771953992,40.55206379583321],[9.33313509227054,40.55147468448389],[9.33203375876664,40.55114849145472],[9.331794778557448,40.55107770844722],[9.33120715678457,40.550903661095276],[9.330118264227522,40.55042930835112],[9.329494263477866,40.55020108105459],[9.329325522957562,40.55013427903252],[9.329249241496951,40.55008044381749],[9.328887025594772,40.54982480320715],[9.32873572423805,40.549718797002555],[9.328656033083465,40.549661617972],[9.328622914781237,40.54963871780459],[9.328140943428178,40.549407934970354],[9.327974928370073,40.54933819802545],[9.32771141336863,40.549227637828146],[9.327634159539326,40.5491841519418],[9.327359638101024,40.54903178020911],[9.327110965093796,40.54889627051324],[9.327063599875382,40.54887045890679],[9.326597994167756,40.54888936231844],[9.325871012363564,40.548918873329995],[9.325422495645073,40.54897419012213],[9.32505651799677,40.54900224711854],[9.324537139582333,40.54905776071704],[9.324396598417426,40.549038068206166],[9.32415896006609,40.549004768839296],[9.323863232193093,40.54890650091846],[9.32383379617301,40.548894188950214],[9.323307034631668,40.54867383475406],[9.322561886088653,40.54844168726396],[9.322207373471933,40.548397631835186],[9.321782132123586,40.54838079999719],[9.321415939579628,40.548363801440125],[9.320412788361288,40.54851072963814],[9.319445361194209,40.54872061192782],[9.31896209529022,40.548920141597065],[9.318490379352854,40.549065584762985],[9.317806378666507,40.549274671684245],[9.317275182999506,40.54933018514766],[9.316637398143195,40.54932292586855],[9.315916477996375,40.54921679315813],[9.315195812336269,40.549164707893055],[9.31467566640709,40.54905801953213],[9.31436818524184,40.54896876822885],[9.313918480607677,40.548771796422464],[9.313761461544727,40.54865736004933],[9.313684433716775,40.548601263424075],[9.313574814154821,40.54852048156355],[9.31325489727971,40.54829612805637],[9.313017902431012,40.548125602583866],[9.312874968702099,40.547864732681774],[9.3127791916004,40.547585717087046],[9.312789241125326,40.54720731765398],[9.313000011109692,40.546819366584124],[9.313316435597919,40.54629599471733],[9.313480550785208,40.54603429332832],[9.313655969900205,40.545664453856624],[9.313690011387486,40.54536706856057],[9.313676436791507,40.54498873394799],[9.313639832049198,40.54473658506014],[9.313603185570441,40.544475427331356],[9.313484001902598,40.54424152034231],[9.313417072760497,40.54392545596936],[9.313411550810759,40.54389938017938],[9.313079051641166,40.5435038912902],[9.312818078851553,40.54325235071988],[9.312486464361614,40.5430460434887],[9.312237514892074,40.54283951283469],[9.311799750063651,40.5426605181274],[9.310240297285063,40.54227142365943],[9.309837193690063,40.54217030976194],[9.307968722376806,40.541589728788495],[9.30652228781002,40.54108444940953],[9.306407470750141,40.541044338954066],[9.304598143797183,40.540472555379026],[9.304499576051274,40.54043728933433],[9.303893303656206,40.540222346636334],[9.303273437786045,40.5399985698271],[9.301735513922191,40.53937197584025],[9.300658863390552,40.538906321077135],[9.299191397131748,40.53818041132803],[9.298422031613635,40.53776799316321],[9.297510422179995,40.53722981185496],[9.296929407363889,40.536681765255175],[9.296088154873237,40.53602627546692],[9.295518653135186,40.535406121453356],[9.295008712398417,40.534902927036036],[9.29454624613917,40.534453663004705],[9.294095869248698,40.53406742806224],[9.293925391784052,40.53392061145135],[9.293574377851892,40.533618311183425],[9.293250858084205,40.53336170372694],[9.29306489816423,40.53321420440109],[9.292821140830071,40.532965609554765],[9.292590492531039,40.532728927759734],[9.292410316375793,40.53247976830514],[9.292076672094032,40.532035465361325],[9.292044156859367,40.531991581150486],[9.291935502649798,40.53187857983648],[9.291439266613516,40.53136248611088],[9.290817672927183,40.53066848520477],[9.290537583566634,40.53035576281146],[9.289908526395351,40.529591586853286],[9.289721460730847,40.52936194833614],[9.289564312118227,40.529169031629415],[9.289472427420304,40.52900168261132],[9.289302515579525,40.52869221617286],[9.289202019502666,40.52857216750332],[9.28899396131416,40.52832362364828],[9.288520005976618,40.52792841740146],[9.288258762075063,40.527577722640835],[9.287238692778672,40.52647216862363],[9.286421637769719,40.5259021320937],[9.286100176111962,40.525267801875096],[9.28575685085552,40.52504342908698],[9.285389723928192,40.524774069226574],[9.285034825535755,40.524603776648334],[9.284572534941372,40.52416347940101],[9.284087096653776,40.52383134478488],[9.283719185344225,40.52337279495075],[9.283481252578456,40.52294095201675],[9.283172794579288,40.52258135226007],[9.28274632481429,40.52223104944307],[9.2825079118775,40.5216820898652],[9.28228213825421,40.52133129443899],[9.281961813387847,40.52095370238072],[9.281664536786884,40.520440920438325],[9.281415313544834,40.520126216284595],[9.281201167639356,40.51973034545377],[9.28110473465862,40.51925310803398],[9.28108047483459,40.51915264130008],[9.281073852813318,40.51912705840472],[9.28099664753331,40.518811934735055],[9.28097609191289,40.51867685098344],[9.280951564858059,40.518515666165484],[9.280911683669306,40.518253589299434],[9.28085081800634,40.51781230098368],[9.280788234270013,40.51732655837112],[9.280669842476048,40.51687581418975],[9.280645857879694,40.51678578265445],[9.28052439578465,40.51650395779341],[9.280157153784593,40.51565184605725],[9.279573922681328,40.51449110893654],[9.279359208672291,40.51395109372404],[9.279263020327873,40.51352790758327],[9.27916732008527,40.51322183514929],[9.278966110716361,40.51196735315035],[9.278949215092481,40.51186201581928],[9.2789181536602,40.51146774491071],[9.278917207098656,40.51144155716834],[9.278901519567322,40.51128274676185],[9.27881648332968,40.510946014914325],[9.278791564085411,40.51084436445859],[9.2787510030837,40.51058455028397],[9.278719590561979,40.510405821946954],[9.27869456339363,40.510222988115565],[9.278653152057757,40.51012398999555],[9.278551508393486,40.50988099412432],[9.278527694353857,40.50983060208092],[9.278453697115502,40.509674024879224],[9.278372897461301,40.509503049627135],[9.278263117271447,40.509224038011254],[9.278146256061818,40.50892702443657],[9.278048164317733,40.5087741094365],[9.277941685181379,40.50861220462884],[9.277932326510715,40.50857018577547],[9.277872444998085,40.508360121161914],[9.27786428799293,40.50832411561677],[9.277841585765461,40.50821425058324],[9.277829103985832,40.50817277075769],[9.277752222376119,40.50782888411064],[9.27745607462794,40.50756833650345],[9.276959322161908,40.507317278058025],[9.276651526224581,40.50709279225407],[9.27645002965704,40.506886069371646],[9.276212239272057,40.50646321879717],[9.276160997467498,40.5062493920284],[9.27614213580194,40.506157082280026],[9.27613151233116,40.50607653751066],[9.276103689182067,40.505895915957176],[9.276100413640632,40.50564831061292],[9.276113275139176,40.50535535685365],[9.27620647411617,40.50505783993049],[9.276472068547362,40.504715754815955],[9.27681775013812,40.504461787974535],[9.27710037276815,40.50430795858166],[9.27747674386297,40.50399174326042],[9.277509180323216,40.50327095080606],[9.277425006832011,40.50289277848101],[9.277282456298213,40.5026678973698],[9.277056478830973,40.50224501897042],[9.277196691435423,40.50190234336613],[9.277312853857639,40.501451618149915],[9.27756884482206,40.500900068799744],[9.277633083788082,40.50076166592188],[9.277803766716323,40.50029729563148],[9.27784996945422,40.50005394322593],[9.2778602842066,40.49969356090935],[9.277776448925986,40.49939646794653],[9.277645482042509,40.49911750525886],[9.277431912838482,40.49889343531326],[9.277313600662268,40.49876695352862],[9.277134802899257,40.49833495365899],[9.277724153721916,40.49816236864801],[9.277959171435182,40.49791856221777],[9.278147021393202,40.49768387874071],[9.278252039227453,40.49739533945326],[9.278256207539862,40.49733452941495],[9.278265578263387,40.49720299423286],[9.27826860546652,40.4971604851392],[9.278274338610899,40.49707997403097],[9.278107451756812,40.496674972992025],[9.278059095075374,40.49639581271797],[9.27818737929147,40.496026137244435],[9.278339670771395,40.49575550202055],[9.27898486530214,40.49482602526398],[9.279407815284431,40.49437455643623],[9.280301274629618,40.49356158796],[9.281334733957674,40.49236989578092],[9.28147531974416,40.49212631181824],[9.281898349232554,40.491701860555374],[9.28228672843657,40.49145767091824],[9.282486232030935,40.4911959237352],[9.282495652016237,40.490628337023175],[9.282564031769528,40.49005159710137],[9.282702679157385,40.48934855982951],[9.282804752157142,40.488708557848106],[9.28281468588409,40.488664892034556],[9.282829291405777,40.488591510238535],[9.282872480086471,40.4876364552862],[9.28276496382175,40.48732140523583],[9.282645421397588,40.48695233032799],[9.28251359124803,40.48646616887421],[9.282369586423187,40.48588994760611],[9.282274138512157,40.48563792980378],[9.28226109413123,40.48534066645952],[9.28256729768476,40.4852047837371],[9.283109362049467,40.48504129561493],[9.283557450567818,40.484871594090045],[9.283748470832975,40.4847223943371],[9.283921543787885,40.484579846477345],[9.28410568186506,40.4843356348963],[9.284249855969799,40.48409255554222],[9.28446127990079,40.48386681144505],[9.284578124195889,40.48359625561681],[9.284671333493245,40.48331674794267],[9.284776034811992,40.482965140519035],[9.284867260921013,40.482217172394044],[9.284795329522384,40.48194708048917],[9.284715234617751,40.48188848577333],[9.284462674055867,40.48170449724585],[9.284050634338566,40.481615581542655],[9.283825633217196,40.48141793735479],[9.283730186298742,40.48116592055653],[9.283646195829927,40.480832795144075],[9.28353887650438,40.48056278922645],[9.283507042268422,40.48050327345121],[9.283336720208064,40.480184904590935],[9.28302846241661,40.47982529570909],[9.282850510831922,40.479591498185805],[9.282613081065158,40.479240730146245],[9.28256400100759,40.478790400972635],[9.282668562925402,40.478364633115476],[9.282739498093958,40.47821488615034],[9.282879022699158,40.477951797040454],[9.283078597820424,40.47771707520514],[9.28343119663759,40.47740089651635],[9.283737172208875,40.47721996680284],[9.28407230881545,40.47693746425466],[9.284101598461548,40.4769127759625],[9.284477670193144,40.47656950471965],[9.284653684823077,40.47634383453154],[9.284993139754288,40.475712370516604],[9.2850861068203,40.475378809379656],[9.285166476635174,40.47485609021756],[9.285247873378848,40.47457661171289],[9.285326453392836,40.47432526182357],[9.285445771596303,40.473945451300445],[9.2855620988279,40.473557777717645],[9.285749587498929,40.47326001855128],[9.285947991172751,40.47275502489276],[9.28615776906835,40.47215090497123],[9.286389948674973,40.47126744949278],[9.286800790591329,40.47078895480195],[9.287187881740078,40.470274482329096],[9.287416186619915,40.469920660968015],[9.287445729022426,40.469877401717795],[9.287521884148168,40.46984342386214],[9.287869538957334,40.46967815868465],[9.288281710162506,40.46951496941765],[9.288741178502335,40.46937868769372],[9.289177555070786,40.4693595786875],[9.289502580849655,40.469272688096595],[9.28956641142874,40.46925562992982],[9.289977824541905,40.46892514651788],[9.290270978402855,40.468519006944724],[9.29038680424238,40.4680232216945],[9.290373766750706,40.46773496652547],[9.290265936303443,40.467347851623344],[9.290311684222191,40.467014404402086],[9.290652165801644,40.466644180183096],[9.290809119729445,40.46646811693159],[9.290933904718981,40.46632814363228],[9.291201320060358,40.4658982589793],[9.291909484215436,40.46552383293547],[9.292310176276306,40.46544173972534],[9.292910448217224,40.46514292397367],[9.293145296389541,40.46489908585819],[9.293403851095656,40.46468221426052],[9.293980482780134,40.46437444296757],[9.294045733881998,40.46433606777663],[9.294262845252105,40.46420838393881],[9.294380508510006,40.464139160534],[9.294580530859873,40.464021499852294],[9.294851025392132,40.463839504669394],[9.295077835899328,40.463686898916016],[9.295145039731535,40.46364168204169],[9.295439299038604,40.46350016556133],[9.295898341219093,40.46327939644767],[9.296025838707175,40.463223415630495],[9.29645163551082,40.46303473683859],[9.296616399072747,40.46295118485592],[9.296757692805372,40.4628790109769],[9.296969462650594,40.46277214667655],[9.297780564328775,40.46214843928512],[9.298910387903405,40.46158696584651],[9.301982716143744,40.45960017008739],[9.302194723383035,40.45946303770431],[9.302497399776112,40.45926719975879],[9.30265881670965,40.45916280360724],[9.303028059805367,40.45892399238623],[9.303155455548621,40.45884248756507],[9.303344133641588,40.45871956568235],[9.303967351178548,40.458322834127614],[9.30476123743016,40.4578172657704],[9.305190490307147,40.457543599055164],[9.30526431384867,40.45749958401811],[9.30543749919715,40.45739632586492],[9.305509212240048,40.45735356850773],[9.305660983451787,40.45726307750632],[9.306025327040754,40.45698283419881],[9.306107598555924,40.4569195537846],[9.306147813155437,40.4569014291479],[9.306597796656469,40.45669934869399],[9.307155265881315,40.456475279882106],[9.3072017445353,40.45644567869684],[9.307790275895226,40.456069581795724],[9.307849078806935,40.45603200333504],[9.307901055838673,40.45599582862083],[9.308378118919045,40.45566379792836],[9.308550751662326,40.45554364635603],[9.308774449940003,40.45538795248347],[9.308836615206392,40.45534468521747],[9.309882394459313,40.4545040491607],[9.310731182875434,40.45387052119242],[9.310912309948318,40.45373551970245],[9.311057707419138,40.45362702057026],[9.311316395318707,40.45346081849812],[9.311592792686097,40.453283237397116],[9.311904318260549,40.45308308411541],[9.312198277262342,40.452894216253114],[9.312261921329789,40.45283100785726],[9.312491762510948,40.452602668891885],[9.312573010957259,40.45252746669839],[9.312843937745525,40.45225282278976],[9.313513922108333,40.45177353117229],[9.313795276512298,40.45141240742929],[9.314170718312116,40.45099697285167],[9.314417444395781,40.45079810415149],[9.314609622914944,40.45078231720795],[9.314720371858336,40.450774132803396],[9.31484182776829,40.45076471011401],[9.314926056090123,40.45075819955381],[9.315046975617005,40.450748326755416],[9.31517417189258,40.450737561035275],[9.315832070601235,40.45068613984474],[9.316292199283446,40.450729926285135],[9.316646701390779,40.45088210919404],[9.316978550518666,40.45123255100723],[9.317085913785608,40.45149351796535],[9.31731125058587,40.451763169215965],[9.317466000293782,40.45206905108683],[9.317510973176502,40.452107252174386],[9.317762013299935,40.452320489160854],[9.317893137520214,40.45261742629345],[9.31809038803046,40.452545123712376],[9.31861128180385,40.45235418783136],[9.319141116969593,40.45217254660447],[9.31952951775239,40.45200931122438],[9.319953338514136,40.451854985581754],[9.320318749504215,40.451817938223286],[9.320849174492311,40.4517624127736],[9.320988738165417,40.45170259155629],[9.321355198359203,40.45153578210212],[9.32179097678511,40.45141745277628],[9.322498419762422,40.451388454087784],[9.323100546469018,40.451530917003936],[9.323396060944866,40.451674234954396],[9.323726953419026,40.45181745217511],[9.324129299410206,40.452104613299774],[9.32445068198794,40.452265253421835],[9.324684913863678,40.452382332643],[9.325145667545943,40.452552209079734],[9.325634048933741,40.45273443296479],[9.325716047365091,40.45276822561401],[9.32580263262859,40.45280428006811],[9.326043604740262,40.45289200308319],[9.326097568245917,40.45302312025721],[9.326151006882679,40.45315296139728],[9.326242144025727,40.453140014946506],[9.326717868942776,40.453072434869625],[9.32699217646747,40.45303346710118],[9.32723520808288,40.45299119981102],[9.327624059437255,40.452923570000735],[9.327812444243966,40.452775205166176],[9.327882500900591,40.452715630385356],[9.328246947625873,40.452480362009595],[9.32841193537083,40.45245624458497],[9.32848261453129,40.4524459743249],[9.329010328701413,40.45237012800302],[9.329426892841068,40.452612184803954],[9.329592088451571,40.45263063296992],[9.329898880362332,40.45266489232176],[9.330181094090884,40.452496519640725],[9.330369236184552,40.45238427050287],[9.33037385145909,40.45233020287713],[9.330391542894747,40.45212294544191],[9.330769142178122,40.45216759476271],[9.331359142844928,40.45223735510476],[9.3319497858846,40.45230775383639],[9.332102545444174,40.45232524943458],[9.33236017333286,40.45187405897568],[9.332406544999234,40.45179284488492],[9.332484649999202,40.45171098815227],[9.332828912340462,40.45135018858971],[9.333476450713118,40.451132105530306],[9.333852127170946,40.45078867906058],[9.333897558442832,40.45043719663085],[9.332963401251272,40.44992637827115],[9.332930379518908,40.449903566902584],[9.332895592298819,40.44987953627515],[9.33243091467008,40.449558541343194],[9.332406678572706,40.449342502202164],[9.332401260106847,40.4493042679444],[9.332405443228721,40.44927655030125],[9.332735299178799,40.44910721537927],[9.33308884979688,40.449061151818434],[9.333524859780463,40.448996832044045],[9.333995262962555,40.44873421245534],[9.33453623961152,40.448435351322495],[9.334616446817849,40.4484293722926],[9.334802740228998,40.44841602559448],[9.334913459732487,40.44840723183779],[9.33537318169868,40.44836986272488],[9.335703232607756,40.44834187749795],[9.33621084158886,40.44844851032737],[9.336541791269678,40.44860070074549],[9.336966406219977,40.44861748196205],[9.337250278533675,40.44878782481524],[9.336944800928109,40.44901394072894],[9.33666313119122,40.44928503187798],[9.336582202315807,40.44960959158073],[9.336761292947147,40.45005051110055],[9.336998766043335,40.450374143954825],[9.336859098303053,40.45074391948256],[9.336518546519393,40.45103319992317],[9.336497377665964,40.451195564511686],[9.336484470953662,40.45129456044654],[9.33686287698331,40.45150066524612],[9.337441673845913,40.45168816586863],[9.337937111562189,40.45171374580221],[9.338281942448221,40.45164241870736],[9.338536831940088,40.45136964898538],[9.338783078842987,40.451089648112074],[9.339089238827047,40.45099866061864],[9.339607849649505,40.45094308376256],[9.33978644583607,40.45128494246225],[9.339870473162508,40.45157292901294],[9.340060204048692,40.45177957789113],[9.34143524996526,40.45317191985483],[9.34174319569603,40.4534322710925],[9.342027100335182,40.45360260194152],[9.342262781086772,40.45364687584406],[9.34249928724473,40.453691293667674],[9.342570088884186,40.45369927401467],[9.342888692925063,40.45373518459856],[9.343159766658234,40.45370055025906],[9.34346619647332,40.453661398497474],[9.343508559546366,40.45364325448204],[9.343748622038097,40.453540439286854],[9.343995743271941,40.45343459806242],[9.344301722825872,40.45330756195796],[9.34433704168096,40.453294590004624],[9.34462306680295,40.4531895126319],[9.344796104076373,40.4531259331541],[9.344925557085062,40.45307245921629],[9.345125621050085,40.45298981468698],[9.345176419957639,40.45295363664412],[9.345595638428914,40.45265507758687],[9.345936204257777,40.45237477954843],[9.346123829653667,40.45216701109569],[9.346453385518132,40.45203989778367],[9.34675958562448,40.451957898947235],[9.347089741827638,40.451947899038096],[9.347484972601269,40.451791546634716],[9.347548749883783,40.4517663150931],[9.347771792759591,40.45156744563308],[9.347970692030797,40.45126054135861],[9.347980719109756,40.450918169143705],[9.34793201445623,40.45062101815686],[9.348343316814457,40.45034050092676],[9.348636550271012,40.450033310246255],[9.348812321622486,40.44981656403877],[9.349069240639757,40.449329303022765],[9.349456106606125,40.44888669222073],[9.349820736111933,40.448705409679214],[9.350079421132833,40.44856048227158],[9.350420743127945,40.44843332196582],[9.350773997913443,40.44833315167066],[9.351186446805048,40.44827784496176],[9.351586869088894,40.448177528881146],[9.351916910821805,40.448149497396955],[9.3522960104297,40.44802751387785],[9.35256421371252,40.44790406286572],[9.352775957236412,40.44780453687079],[9.352811097414719,40.44775938514836],[9.352902235638696,40.44764147995418],[9.35292407889537,40.44761421757044],[9.352953850345566,40.447580671469886],[9.353221467084383,40.44730768175259],[9.353515514787622,40.44716263857879],[9.353846449571439,40.44730577041977],[9.354497429233618,40.44776323528612],[9.355171671662399,40.44815756144232],[9.355833321810016,40.448398769921255],[9.356281952735204,40.448496487029104],[9.356443881687865,40.44852794844225],[9.356695114855654,40.44857675946032],[9.357057912889022,40.448647246272635],[9.357285348483213,40.448691432176304],[9.357651294907162,40.448762529919705],[9.357875656818784,40.44881981165138],[9.358383426460943,40.44894945033571],[9.358466026772787,40.448959366374],[9.358573996682065,40.44897238116368],[9.359115034568092,40.44903726972514],[9.359656716739199,40.44889144143121],[9.359961636588393,40.44857517748041],[9.360314589063039,40.448420924544656],[9.360725729933664,40.44812234558011],[9.361090325955761,40.44794102671063],[9.361456223120861,40.44800294673935],[9.362034815650704,40.448145280460025],[9.362447786221802,40.44818903086359],[9.363014250721136,40.44826833418029],[9.363544952229791,40.448275675503],[9.364275586695362,40.448183285630456],[9.364652598717926,40.4481190343757],[9.366030335472352,40.447754319952686],[9.367007612203748,40.44747640323324],[9.367136400859923,40.447441082320374],[9.36726146891992,40.44740468658985],[9.367293110131962,40.44739511932664],[9.367796650534476,40.44725206327307],[9.367890643450496,40.447224906333304],[9.368479342028024,40.447057205816606],[9.369068037664551,40.446889503210855],[9.369358341198543,40.44680680155141],[9.369656730350183,40.446721796714336],[9.370229725285295,40.446558942934615],[9.370763610491542,40.446432934548824],[9.370834180821952,40.44639961335129],[9.370936506501394,40.44635129821799],[9.37133992811641,40.44616081424747],[9.371429470363164,40.446088725147824],[9.371739165809476,40.44585322432858],[9.372163224666254,40.44577077912722],[9.372259132602304,40.445750296301775],[9.372634350585683,40.44567016251007],[9.373257770497178,40.44538887171198],[9.373460000068071,40.445277523146196],[9.373586942376505,40.44520762867421],[9.373743597388454,40.44508994485118],[9.374056663866511,40.4448547584336],[9.37429139843199,40.44465580075632],[9.374348425632476,40.444579961471156],[9.374377115157662,40.44454039078492],[9.374402950239851,40.44450705731166],[9.374560655376055,40.444303577319786],[9.374676836009266,40.444211417239984],[9.375065588876456,40.44392356160796],[9.375512713288423,40.44375093848606],[9.375971426162279,40.4435422405285],[9.376558401721276,40.44349225760042],[9.376631445065826,40.443486037622705],[9.377056328543125,40.443414148436155],[9.377164888444485,40.443384096773755],[9.377385189103391,40.44332141787435],[9.377962412007012,40.44322043313121],[9.378471956061206,40.4431129229011],[9.378659270234884,40.443070489359485],[9.379069427707762,40.44298528144448],[9.379269356829912,40.44294281455775],[9.379448603124745,40.44290411073918],[9.37956283410713,40.44287993285096],[9.37961847499432,40.44286815276327],[9.37966033638191,40.44285871431796],[9.379784696586817,40.442832718245526],[9.379921028900414,40.44280403222348],[9.38002006494488,40.44278321555688],[9.380094585660999,40.4427677479219],[9.38021176894386,40.44274317770054],[9.380249295022454,40.44273322176464],[9.380344851647543,40.442715210880934],[9.380415397401535,40.44269997593852],[9.380466726144075,40.44268825557866],[9.380942251666823,40.442625222438814],[9.381401702525649,40.442551635790174],[9.381721034667235,40.44272175341952],[9.382169562456493,40.44280135233691],[9.383444251151388,40.44301334746847],[9.383645830911176,40.44321087660391],[9.383941742592272,40.44340809212338],[9.384355210871263,40.44354185344335],[9.384886287826136,40.44362116731075],[9.385253611157152,40.443662013461335],[9.385311838396891,40.44366833566734],[9.386302187260505,40.443778607076744],[9.386974352587513,40.4437853680779],[9.387528757707047,40.44381954631968],[9.388272863906886,40.44403326554401],[9.388709773217576,40.444139906197805],[9.388981961919974,40.444259987951696],[9.389277220987678,40.444390248209494],[9.389652990131637,40.44465625268406],[9.389821870236172,40.44477580042654],[9.390279086877822,40.445035383075826],[9.390342422156406,40.44507134066961],[9.390462998633469,40.4452017109933],[9.3904935400033,40.445233706261874],[9.390591599804141,40.44534079557897],[9.39084094880949,40.44563724955],[9.391302656725053,40.44595100338953],[9.39185237457009,40.4462875617373],[9.391947383746922,40.446347937370724],[9.392069460508916,40.44642304465422],[9.392112598054656,40.446449485915885],[9.39224448174698,40.44653029402207],[9.394422175199326,40.44787012064084],[9.394480123864293,40.44790709342812],[9.394752935153479,40.44807440561863],[9.394784315910368,40.44808845620713],[9.394994643577157,40.44822960173564],[9.395020167752504,40.44824638309951],[9.395054702425854,40.44826876793694],[9.395181029603755,40.448354833123105],[9.395516020022997,40.448576300644156],[9.395644625725733,40.44863666005637],[9.396012678124713,40.44880882075129],[9.39648633009823,40.449140529970784],[9.396912551603576,40.44942735565579],[9.397007783381547,40.44950219217927],[9.397068237360127,40.449548592948744],[9.397239890487167,40.44968814644795],[9.397386877716409,40.44978253014309],[9.39750190199783,40.4498460828267],[9.397535806470406,40.44986770961734],[9.397601634232307,40.44990555193061],[9.397700359878804,40.449960078433655],[9.39778163312809,40.450004554033235],[9.397821076649532,40.450025741856706],[9.397855084247418,40.45004402583459],[9.397985844694906,40.45011857979762],[9.398156868049037,40.45018222730659],[9.3982350924345,40.450209957125935],[9.398462521311378,40.4502958946762],[9.39887574068988,40.45037555027816],[9.39937124328117,40.450409875735964],[9.399520351780817,40.45040865328804],[9.399601041562489,40.45040908160022],[9.399760609105329,40.45041082721023],[9.399795776627247,40.45040840827817],[9.399978792466943,40.45042832305203],[9.400196992952237,40.450452066208655],[9.400515928259033,40.4505410513734],[9.400846550072535,40.4506119770046],[9.401165378663364,40.45068294351621],[9.40148410186512,40.45073589048447],[9.40207346593627,40.450688796752296],[9.40256811221788,40.450578967360876],[9.403062433935608,40.450415083502314],[9.403415673474736,40.45032376067153],[9.404086662658399,40.45012321950811],[9.404628039660683,40.449941146326914],[9.405075451800817,40.44982246246278],[9.405451944573533,40.4496769984365],[9.405887452557883,40.44954033505077],[9.406381921294637,40.44940346276599],[9.406900189128304,40.44930254085716],[9.40761789320194,40.44902974222512],[9.40825364436665,40.4488563283069],[9.408983948504158,40.448718611769706],[9.409408252032945,40.448681073574484],[9.409915046914461,40.44863423227352],[9.410303369643222,40.44849772045637],[9.41066712030451,40.44819913144262],[9.410687414784014,40.44817018528863],[9.410819102360637,40.447982374743866],[9.411111761941726,40.44762999244109],[9.411255289842408,40.44768837058734],[9.411315907160942,40.4477130298559],[9.4114523900225,40.447766673332865],[9.411494235209828,40.44778555874298],[9.411572810102838,40.44781753417973],[9.411751065517398,40.44804212425194],[9.412249309335673,40.448526834444536],[9.412487088146124,40.448931871637726],[9.412643137752422,40.449291193492016],[9.41277472783779,40.4495970300568],[9.41287072084158,40.44986695644436],[9.413049759401561,40.450217667598324],[9.413017028807857,40.45065021682138],[9.412983637199764,40.45097465963106],[9.413035751595144,40.45101488808546],[9.413076286865966,40.45104170015764],[9.413165809801738,40.45110652834815],[9.413196638211707,40.45112696962859],[9.413244267882527,40.451163336517986],[9.4132791903767,40.45117618561931],[9.413319593202935,40.45119155026508],[9.41335366253719,40.45120430960094],[9.413431687276487,40.45123269830787],[9.413622485734589,40.45130570808324],[9.413847652395852,40.45148508160091],[9.413952599115332,40.451614002968846],[9.41399109324065,40.45165764824711],[9.414136517062378,40.45183998063303],[9.414252533752107,40.452123270129796],[9.414595911665922,40.45234726377357],[9.415033357918706,40.452525873394855],[9.41541150945355,40.45265064100119],[9.415742545575752,40.45278458588276],[9.415968056121486,40.45301800831841],[9.416029577503306,40.45343219994872],[9.416138215982961,40.45383721375225],[9.41637519227595,40.45401653973299],[9.416693491912078,40.45422191998449],[9.416991056431629,40.45443774176999],[9.417357817896416,40.454625607418954],[9.417749396891718,40.455011578701274],[9.418116555659623,40.45526250295609],[9.418471810639291,40.455495451017654],[9.41897039177674,40.4557354272693],[9.419479090027416,40.45608544174662],[9.419845578625948,40.456332451147695],[9.419880048397227,40.456355682814234],[9.42037763254147,40.4566236675078],[9.421194266573147,40.4570801491852],[9.42113717423646,40.45715446474575],[9.420936889661768,40.457414404442694],[9.41990318638605,40.45808482920792],[9.419246032051266,40.458618743865486],[9.419532058095937,40.45909518205319],[9.419559533180768,40.45917745205223],[9.419688297586736,40.45956307903361],[9.419737493090818,40.45988722337452],[9.419704184519018,40.4602206763143],[9.419623137344422,40.4604642129852],[9.419342650418793,40.46087964333419],[9.419084797457227,40.46114183896949],[9.418862885798202,40.4614939933256],[9.418676074992247,40.46180097579064],[9.418571937286645,40.462125675783746],[9.418600836747311,40.46237620810401],[9.4186093334559,40.46244986319271],[9.418623904296423,40.462510543981864],[9.418669871050346,40.46270190072614],[9.418766074542203,40.46299884791149],[9.418814932554458,40.463268940332945],[9.418852107919161,40.46355709223463],[9.41884210356877,40.46384541597619],[9.418655454038849,40.46417942392617],[9.418422070547265,40.46458567215131],[9.418811698377208,40.46464732435811],[9.419037092738579,40.464853713564466],[9.419392066665864,40.465032605127895],[9.419652848682537,40.46523886561424],[9.419972440406928,40.46541788382987],[9.420550910347432,40.465496861052216],[9.420975593786201,40.46550432417315],[9.42100289683492,40.466098816650934],[9.42094650816935,40.46651343496917],[9.42086557058229,40.466774989021424],[9.420832579895675,40.46707563252767],[9.420763853437707,40.46748706767129],[9.420703633572167,40.46780192557564],[9.420696457955273,40.467833853581446],[9.420678192746664,40.467934945558866],[9.420668455768746,40.467963213504916],[9.420505302064619,40.468199481678056],[9.420464393926313,40.46825782344196],[9.420363522282834,40.468405379911204],[9.420329558126522,40.4684786486634],[9.420299196566008,40.46853320695881],[9.420231308607171,40.468655803662294],[9.420194599022032,40.46872222647975],[9.420167146593553,40.468771552527784],[9.42012357645586,40.468849746236025],[9.420073835697531,40.469008788684775],[9.420059001430454,40.46905621839137],[9.420007923294902,40.46921952513688],[9.419561026219547,40.469437363117045],[9.419171538049092,40.46940274101504],[9.418805361222663,40.469322987079224],[9.418582526604062,40.469531001084746],[9.418395636647274,40.46982897305777],[9.418445560769248,40.47027023122827],[9.419047774964975,40.470367147950995],[9.418662799608649,40.4714507544403],[9.41865365012375,40.471483040802696],[9.418420236909169,40.47189193550665],[9.41880605969546,40.47185648945858],[9.418905264948934,40.47184963895578],[9.41895846055318,40.471840283970224],[9.41932804980879,40.47180756529602],[9.419638945220669,40.47180643698995],[9.419755416784778,40.47180446181891],[9.41979499510448,40.47180719286153],[9.419856704931934,40.471810455214225],[9.419929841228306,40.47181469764503],[9.420284088808236,40.47182974255966],[9.420332045729623,40.471831429436634],[9.420885275680117,40.471819923448585],[9.421263488918756,40.47193566207874],[9.421523966690673,40.472087864100004],[9.42164967360284,40.47217988415487],[9.42169577215947,40.472210129552884],[9.421816965645803,40.47230132354577],[9.421896279300196,40.47235474948928],[9.422293659592913,40.47255271942795],[9.422423820437746,40.47261610789022],[9.42280153221735,40.47265076206333],[9.422884069761121,40.47264435740256],[9.423167053138421,40.47262239735523],[9.423176772511903,40.47274848722883],[9.423192738792869,40.47295563545422],[9.423060158049935,40.47319936177273],[9.422912844348456,40.473470169812146],[9.422889505296219,40.47351079581531],[9.422809114876642,40.47365072888861],[9.422772810783975,40.473713923952175],[9.422633341047895,40.47404776518772],[9.422637050299565,40.47410180576602],[9.422659305925395,40.47442604651943],[9.422689311186804,40.47455235140323],[9.422757969275871,40.47483466108528],[9.423048840780268,40.47510360082154],[9.423082546802233,40.47511320358828],[9.423490108042504,40.47522482199483],[9.423750602399325,40.475377019727134],[9.42413037220822,40.475735984024546],[9.42435576342105,40.47593335428227],[9.424593178924061,40.476166715100085],[9.424771440929991,40.476373265767485],[9.42549634036878,40.476907809955094],[9.425600963139676,40.476984913126],[9.425719651185997,40.47707246800991],[9.425498769148032,40.47729197258173],[9.425110002447571,40.477678311604166],[9.424474815120918,40.47809127979567],[9.423911547544439,40.478457482486256],[9.422323517352256,40.47920202985207],[9.421704563647207,40.47948437289552],[9.421646623749423,40.47951079691046],[9.421547082325995,40.47955619607019],[9.42150788948589,40.47973486615611],[9.421489727453451,40.4798176639751],[9.421668497047637,40.480105298576674],[9.4218117616919,40.480375044439356],[9.421967333107721,40.48072582540003],[9.42204498090708,40.48096603929824],[9.422232022282595,40.481544671691324],[9.422283392174698,40.48221114636082],[9.422356948202525,40.48265231550562],[9.422558985676003,40.48288580948459],[9.422761421363845,40.48318236380739],[9.423093527398114,40.4834604260322],[9.423472942167454,40.48375633107331],[9.423596898711834,40.48378597593061],[9.423850831207853,40.483843098126144],[9.423898161557739,40.483852405624816],[9.424100319448796,40.48389139643177],[9.42413563454627,40.48389929386729],[9.424211706954889,40.48391068404693],[9.424276541391608,40.48392419110616],[9.424713534238258,40.48403105726801],[9.425056712305384,40.48419195601213],[9.425543864540169,40.48443232190175],[9.425636658154172,40.484478108124456],[9.425981150595936,40.484846204608374],[9.426218376612637,40.48504352725325],[9.426349805268714,40.485149217238515],[9.426419897993712,40.48520284241626],[9.4264877151806,40.485251308382274],[9.42662379364263,40.48533018811104],[9.426655138695704,40.48534784807229],[9.426847386862189,40.48545446700445],[9.426951576115737,40.4855000929561],[9.427090108637133,40.48555421262636],[9.427230486676365,40.48561855413177],[9.427380726440516,40.485662583333315],[9.42761501595258,40.48573205634034],[9.427857780990665,40.48599900549762],[9.427961979092435,40.486114145775005],[9.428048737289009,40.48620664695746],[9.428079669094675,40.48624382606543],[9.428117642262501,40.48628576466504],[9.428185368312661,40.4863605578718],[9.428270421979141,40.48674762716432],[9.42828399618936,40.48702685324076],[9.42816886932429,40.48747772720327],[9.4279940581338,40.487820714041774],[9.427617230746463,40.48793922499727],[9.427595576267201,40.48824560844028],[9.427974924535416,40.48852348063808],[9.428235595133538,40.48869368517341],[9.428485327104223,40.48899906285731],[9.428309884824463,40.48924295434029],[9.428098812658371,40.48945094153658],[9.427734747035926,40.48972255765429],[9.427406078385506,40.48999404171944],[9.426959981791164,40.49035604778522],[9.426855668701606,40.49065372730447],[9.426739156673388,40.490888389684],[9.426720250963285,40.49093239546493],[9.426654099807093,40.491078985432225],[9.426602561375939,40.49120262505709],[9.42657747246182,40.49124964552342],[9.426549802028953,40.49129933406642],[9.426502289002684,40.49145235333715],[9.426460284517697,40.49157412888139],[9.426120427489689,40.49194474855369],[9.425837972094843,40.49206290566792],[9.425592285719196,40.49209932952608],[9.425484616070916,40.492112641261734],[9.425401776034278,40.49212757411625],[9.425035752478962,40.49209288482521],[9.424634217069935,40.49204030686622],[9.424612434297993,40.49232867293677],[9.424684767690005,40.492571648213435],[9.42485331920365,40.493102554865054],[9.4249728538058,40.493345356400404],[9.425246075175751,40.49363263737476],[9.425553561401408,40.49373961257682],[9.425598268507482,40.49414484898985],[9.425600804125171,40.49432838704617],[9.42560092936133,40.49455925099652],[9.425761851401495,40.49495505026517],[9.425823815165035,40.495423285856795],[9.42561387603153,40.49566730011339],[9.425577973439509,40.495695924157296],[9.425402815762732,40.49582111290073],[9.425366271964007,40.495848389691986],[9.42533351993949,40.495877376837264],[9.425049420351712,40.49612883141615],[9.424818364610905,40.49625801582141],[9.424579044563806,40.49639182020432],[9.424528027725986,40.49640454452665],[9.424249137976238,40.496474110835855],[9.424015224409636,40.496808299141904],[9.42402923711054,40.49715959554561],[9.424078255603506,40.49744770147108],[9.424039665171534,40.49770457937365],[9.423833612871753,40.49795309946932],[9.423757186416383,40.49800611743238],[9.42348111653035,40.49819763068705],[9.423246739132715,40.49845974806859],[9.422952563477835,40.498595958935724],[9.422457147263925,40.49863380692035],[9.422362120143374,40.49870039912159],[9.422198651483471,40.498814937568106],[9.422388767879953,40.49902144772279],[9.42276691057939,40.499101145895864],[9.423144376112774,40.49907273749478],[9.42354572575245,40.499089285253156],[9.423947473721627,40.499168892145484],[9.424290215438997,40.49924871428635],[9.424657129625727,40.49941853642694],[9.425001466460012,40.49975060032332],[9.425427675118739,40.499965245937894],[9.42563628528982,40.50016267362742],[9.42559075624807,40.50020140695443],[9.425430176820125,40.50036163375843],[9.425209930604364,40.50075883592577],[9.424587469552987,40.501472828597414],[9.424390618197716,40.50156649640611],[9.424289522110353,40.50161332602466],[9.424163860648315,40.501672588022636],[9.4238706287187,40.501961966581575],[9.423695305173982,40.50223287708659],[9.423452786532325,40.50247977597108],[9.42339455189794,40.50254399993668],[9.423109072630133,40.502847630059925],[9.422862593005096,40.50306474589239],[9.422651349077517,40.50325470629938],[9.422333886490444,40.50344505363998],[9.421968706125721,40.503554494449766],[9.421462072324426,40.50369147700036],[9.421025909357683,40.50377414764729],[9.4209817874206,40.503779946201725],[9.42092942702872,40.50378246124504],[9.420589462769978,40.50381177189141],[9.419999929001987,40.50390400572291],[9.41973350605232,40.503943139313776],[9.419622299568188,40.50395915662257],[9.419580031687833,40.503983542439556],[9.419222739932515,40.50418610326136],[9.419048458323351,40.50462817162391],[9.419068968051038,40.504759505787796],[9.41908563759583,40.50483266579405],[9.419093362439357,40.504876490774286],[9.419099238874924,40.504920860292884],[9.419146351238748,40.50518636953611],[9.419324954702844,40.50543797022475],[9.4195037278988,40.50571659783415],[9.419887017315224,40.506616096042706],[9.420027826264558,40.50688127788157],[9.420058905491652,40.506931798047056],[9.42020916837427,40.50717347691091],[9.420895854315349,40.50751331618787],[9.421286014843599,40.507620001269736],[9.42141753590196,40.50788978907234],[9.42149472525166,40.50824990693885],[9.42150263537808,40.50828587072694],[9.421634778048595,40.50865475284953],[9.422084525521077,40.508851307478146],[9.422391906939533,40.50893126419749],[9.422806307395616,40.509136953262185],[9.422737639349739,40.50947954258682],[9.422715786890654,40.509758898737516],[9.422989123665252,40.510055191799815],[9.42341550481228,40.51028786167558],[9.423403471877167,40.51041163942067],[9.423382062462771,40.51059419718482],[9.423350448635384,40.51119790923189],[9.423366954421384,40.51194558745981],[9.422776391605456,40.51188468679058],[9.422531975352955,40.5118678267619],[9.422467519845101,40.51186439486844],[9.422386712721934,40.51185908577994],[9.42213468535703,40.511535175846966],[9.421987411163242,40.511499538236116],[9.421931432845994,40.511490557095364],[9.4216640004513,40.51142929749354],[9.42129855144637,40.51150270211441],[9.421038607208855,40.51171801513186],[9.420911014576676,40.51181942539524],[9.420487727209396,40.51208222456702],[9.419815722555393,40.512210792441635],[9.41949736775934,40.51226600143703],[9.418966999146475,40.51239405013238],[9.41792913700857,40.51253294185546],[9.417766851827551,40.51301100015788],[9.417919573664987,40.51318147320792],[9.417968431764068,40.51323706288769],[9.417996867260916,40.5132678301495],[9.4180386056789,40.51331149876516],[9.418100439856541,40.51335166314526],[9.418186634343686,40.51340253387881],[9.418247600967394,40.513437547291005],[9.41836010773667,40.513504343296965],[9.4188095992022,40.51365586658961],[9.41896124712306,40.51389816428088],[9.419000363218542,40.51396147708338],[9.418931672252938,40.514304063977214],[9.41868485726672,40.51447612695376],[9.418536887886583,40.5144547252511],[9.418463228436357,40.514444024502204],[9.418427656103567,40.51444203620616],[9.418259529264846,40.514414605365],[9.417810873898679,40.51439821046103],[9.41775125637674,40.51452190642903],[9.417739367966746,40.514545799730506],[9.417727771650757,40.514573203667965],[9.417703963680225,40.514611031871034],[9.417659213559409,40.51468704366785],[9.417685212942416,40.51474288723736],[9.417714332497917,40.514805432999616],[9.417724979477272,40.51483047365879],[9.41782850438415,40.515049287404],[9.417838987335223,40.51508021780216],[9.417850361177091,40.51510900174607],[9.417869520913488,40.515147069196026],[9.417926285093904,40.51528886675476],[9.417806730933266,40.51563244405407],[9.417643264880237,40.51592131896509],[9.417562734263482,40.51617916982414],[9.41756160633873,40.51649492799379],[9.417564659963789,40.516570243563756],[9.41798983314858,40.51660474135503],[9.418474028059551,40.51663902475811],[9.418742503169488,40.51677944058893],[9.418783254809851,40.516799736037655],[9.418843961660805,40.5169045658699],[9.418859701266301,40.51693026452845],[9.418995426225104,40.517133074924935],[9.419036795015522,40.517196136267245],[9.419061289614572,40.517230263460405],[9.419142950654923,40.517353498109465],[9.41916505124476,40.51738324389832],[9.41942521072703,40.517734660023116],[9.419852078140668,40.51803941257027],[9.420279759716632,40.51837089553325],[9.420384290880925,40.5186393524266],[9.420395204793797,40.518684379116536],[9.420295480953865,40.519100848352025],[9.420117089792255,40.51920968377904],[9.420072840900595,40.519236680514695],[9.420013237841326,40.51927304379634],[9.419981892884524,40.51942091447178],[9.41996620313463,40.519494927795186],[9.419944434416871,40.51959761348069],[9.419640545999478,40.52008519730863],[9.419369878605984,40.520221313312646],[9.419245279746653,40.52024080135391],[9.418957103688532,40.52028587237698],[9.418651812981983,40.52032937677098],[9.41856788058053,40.52034133660767],[9.417988997110228,40.52027136129628],[9.417880908203154,40.51997445858823],[9.417619749271044,40.51974117173746],[9.417314614317537,40.520030558803356],[9.417175191024917,40.520391417640084],[9.41707775686476,40.52045121582892],[9.416829169550027,40.52060054069582],[9.416741001687596,40.52063952782716],[9.416337996216667,40.52054758743338],[9.415982903456479,40.52039571587731],[9.415428410475533,40.520451763467946],[9.414873471069466,40.52043573927977],[9.414261837587016,40.520798288997305],[9.41425180715982,40.521086609623524],[9.414325244318468,40.52150976345662],[9.414468957545902,40.52184257656015],[9.414613449294434,40.52230151107089],[9.414497562039243,40.52265327316034],[9.414404895995643,40.52294189009664],[9.414359890550296,40.52320377406566],[9.414355952878086,40.52323092043616],[9.414351642559016,40.52326982932496],[9.414349229152332,40.52330256118264],[9.414350195242509,40.52336800052162],[9.414357687542065,40.52346239013639],[9.414373364356575,40.52357262236438],[9.414576578952735,40.52373242750287],[9.414693664551478,40.52382372205846],[9.415012855875718,40.52389464768891],[9.415139320869507,40.52407281381239],[9.415251021274067,40.52422712040259],[9.415454162617163,40.52462278025626],[9.41577215932582,40.52470196566829],[9.415822053862767,40.524709077971174],[9.416340695152025,40.524799767451015],[9.41656695421065,40.52511426239538],[9.416745713190837,40.52538388437609],[9.416936614394746,40.52570751501947],[9.41720987831992,40.52598580325837],[9.417195229741752,40.52602301443709],[9.417177502588284,40.526067350190345],[9.417115167156588,40.52623074971473],[9.417082024985923,40.526310584981566],[9.417214850067479,40.52678757494283],[9.417228834865165,40.52713887049337],[9.417148761499101,40.52755356820847],[9.417456502275869,40.52767858109864],[9.418343529587865,40.527927620707445],[9.418781590579197,40.528124229685154],[9.419113847489959,40.5283932905213],[9.419214197463182,40.52838304008523],[9.419418846468675,40.528362136332284],[9.419475129777394,40.528356290625304],[9.419700656324673,40.528309290961076],[9.419951245612733,40.52825511694365],[9.420341920397735,40.52842486537668],[9.420377692114664,40.528613077928654],[9.420427322043338,40.52886598908566],[9.420636178927634,40.52906074635985],[9.420700444277426,40.52911724348232],[9.421267262902193,40.529133196254115],[9.421528244179216,40.529330439312794],[9.421494856637585,40.529654880156485],[9.42137859809409,40.52994358836653],[9.4208953768945,40.53008048269872],[9.420494462325435,40.530163021895845],[9.420189461721144,40.53047944149909],[9.420651552482802,40.53073901753432],[9.420994790943652,40.53087290060464],[9.4214205077083,40.530979455064056],[9.421797981910323,40.530924024134514],[9.422233981521865,40.53078729860737],[9.422766921731426,40.53104660723669],[9.422684368810232,40.53124404186114],[9.42262734493951,40.53138042499494],[9.422014806856748,40.531607885343504],[9.422040568354493,40.53195012803758],[9.422507459002691,40.53204682724517],[9.422596225530583,40.53206521238295],[9.422963371789356,40.53224404678393],[9.422586400524402,40.532380559173006],[9.422020515077293,40.53251775956793],[9.421656025045733,40.532762329622464],[9.421509893942785,40.53286807721419],[9.421268142602594,40.53304301953678],[9.421030951926427,40.53336351645617],[9.42103444699779,40.533627053703],[9.421035836666581,40.53365646910582],[9.42146213560941,40.53385310962282],[9.421805165635313,40.53395095522811],[9.4220309714079,40.53418436108425],[9.421997957709946,40.534248219842226],[9.421890979731245,40.534455138414714],[9.421455690691321,40.53470897518557],[9.420949385575051,40.53493604226577],[9.420667078054333,40.53510823825814],[9.420373750992315,40.535406598650226],[9.420222167658961,40.53571345089763],[9.420169616933864,40.53577567117788],[9.42000322831012,40.53597267254506],[9.419893976612123,40.53610202521269],[9.419434042697825,40.53619378408536],[9.419068287332609,40.53624015585446],[9.418922302245543,40.536206463020314],[9.41876084082144,40.53616919909781],[9.41832183082384,40.53582845277226],[9.418131677886327,40.53563094642427],[9.417729328073694,40.53548825977414],[9.41738635191819,40.53539941083117],[9.4168432650108,40.53541038028343],[9.41631159396851,40.535358244447906],[9.415979879808718,40.53535943914097],[9.415685798648255,40.5353604974996],[9.415344105276608,40.53547884145003],[9.415109235003108,40.53568688905562],[9.414874863388738,40.53597601384545],[9.414605898456049,40.53640039620565],[9.414146676244297,40.536609246646485],[9.413555960073948,40.53655730977138],[9.413201121946411,40.536459481047466],[9.41288187276099,40.5363885517508],[9.41259694213047,40.5361373213552],[9.412440865290671,40.536221377837016],[9.412255625840418,40.536318717322615],[9.412141155317505,40.53657397205704],[9.41211511758006,40.5366013592789],[9.412055010576333,40.53667835764311],[9.411904761980876,40.53686950876324],[9.411823652945962,40.53712204605192],[9.411412419016077,40.537456838645454],[9.411083397542377,40.537719266782915],[9.410967960171973,40.53815210228841],[9.410993503106566,40.53846732113192],[9.411267346936082,40.53883570996205],[9.411753793520877,40.53921234959673],[9.412097775515884,40.539463371326484],[9.412241185515118,40.53974213367448],[9.412350056591036,40.540165161860976],[9.412443022209413,40.540207265675285],[9.412767945982894,40.54035504447174],[9.413285459532172,40.540576226608465],[9.413410758808181,40.540844640610324],[9.41338319337358,40.541107398837084],[9.41335048103345,40.54154895027714],[9.413176840983535,40.54211712879044],[9.41314296451587,40.542369496963595],[9.41310986263512,40.542747987206305],[9.41312302988061,40.54279701620986],[9.413181202506523,40.54301587265394],[9.41316136015803,40.54344148434117],[9.413113581081893,40.543519890424115],[9.41297429896226,40.54374845448311],[9.412740248743779,40.5439443635867],[9.412704076048348,40.54397464113897],[9.412421600163785,40.54412879956324],[9.411964913827262,40.544283800203],[9.411438369790831,40.54436671703484],[9.411029954918199,40.54443105111363],[9.410616858315564,40.54446855561902],[9.409907764470075,40.54438098432453],[9.409293584152632,40.54436514472206],[9.408892460426054,40.544429626498065],[9.40848045713775,40.544647296024316],[9.40836295713382,40.54473778251976],[9.407927996331692,40.545072666933194],[9.407645996371627,40.545307892231826],[9.407316593319456,40.54551625721202],[9.407079390057762,40.54559596444345],[9.406856918339034,40.54567111665747],[9.406373664398064,40.54582596711772],[9.406162348043084,40.546033914302974],[9.405963329398586,40.546322896312816],[9.405894268370263,40.54662043130636],[9.40594765089674,40.547145393132375],[9.405967198063896,40.54733012878217],[9.405972402904581,40.54735813181539],[9.406065803415943,40.54764683742539],[9.406067490156055,40.547926105061826],[9.405927677857271,40.54824190645688],[9.40539748865896,40.54845097114999],[9.405082336565505,40.548513427207766],[9.404795895505167,40.54857019539224],[9.404466035247658,40.54870648337769],[9.40418362765769,40.54887863916725],[9.40380820222225,40.54929435907414],[9.403408665450652,40.54962908174259],[9.40302114968393,40.54999979671929],[9.40299921402505,40.550037781822176],[9.40263541138364,40.5506677945504],[9.402554250081101,40.55092032497931],[9.402839855501988,40.55127968309828],[9.402936011173566,40.55155862119751],[9.40282060741463,40.552009466222856],[9.402811326200883,40.55207208705407],[9.40277520070699,40.55231592461507],[9.402824224404403,40.55261304486636],[9.4031574582107,40.55303529834227],[9.403459455523876,40.55320223046057],[9.40352482932359,40.553241219709776],[9.40422360655381,40.55356309481493],[9.40460274036882,40.55375996176919],[9.404934742801249,40.55397501047456],[9.405489163454593,40.55424463300674],[9.405633643102105,40.55431489436387],[9.40572999376523,40.55439356771274],[9.40589478598481,40.554530189044705],[9.405979094868691,40.55480015805173],[9.405910350752485,40.55515174401858],[9.405547091749893,40.55563048780899],[9.405336558361295,40.55597356211495],[9.405207054026803,40.55629796018862],[9.405185296276656,40.556352460155395],[9.405186866595809,40.556613720811605],[9.405353907880501,40.55689240799196],[9.40553249016861,40.5571260108198],[9.405676726968965,40.55753991100228],[9.405798158417744,40.55808902271518],[9.406001076144502,40.5584396540236],[9.406310245456687,40.558780902430634],[9.406631774737198,40.55921219452308],[9.406918472707233,40.55974270529412],[9.407073989999331,40.56006647577008],[9.407230265473327,40.560389580289666],[9.407265380270305,40.560462191599804],[9.407302781827084,40.56078637714292],[9.407225058417353,40.56124662889324],[9.406883081857972,40.56153684441823],[9.406518540864438,40.561944853880796],[9.406476949911914,40.561992634725854],[9.406424515821737,40.56205070311534],[9.406405302202637,40.56210138805291],[9.406358113677584,40.56222817668528],[9.406326042908361,40.56231046226716],[9.406308245329683,40.56235741252607],[9.406428595287077,40.562523042843225],[9.406486954590823,40.562609030064664],[9.406961190890186,40.562895642221086],[9.40728176137769,40.56316477736967],[9.407580399349621,40.563296226888845],[9.407708153729306,40.56335245822229],[9.407806135801648,40.56341166023851],[9.408008492878057,40.56352937298212],[9.40810568622402,40.563607415109765],[9.408283975067844,40.563721500723176],[9.40831450984347,40.5637461690472],[9.408348807490967,40.56379443455259],[9.408393150927465,40.56385632471027],[9.408494560802518,40.563993371516005],[9.408598937934883,40.56413304733795],[9.40861755503767,40.56424047011236],[9.408669876801289,40.564484822230774],[9.408683994931923,40.564541226468194],[9.408697005744157,40.56464727087533],[9.408702254017715,40.56468199687581],[9.40873334021195,40.5648803274079],[9.408708527909639,40.56514206472979],[9.408706627591188,40.56519573016949],[9.408696163154247,40.56544754387874],[9.40868810403114,40.5655918037175],[9.408657171223961,40.565952645949466],[9.4086399997327,40.56604279461923],[9.408588484993825,40.566313241506926],[9.408565934906091,40.566433722270475],[9.408555631970325,40.56649443262862],[9.40852589718102,40.5666823729739],[9.408462600426246,40.56691693492101],[9.408392812564614,40.567160761081695],[9.408389469449144,40.5673224679024],[9.408386431960313,40.56761005562881],[9.408415179811742,40.56773380268436],[9.408438646205548,40.56784535055928],[9.40844379794797,40.56787117251631],[9.408468881509414,40.567996093752406],[9.408501723950065,40.56813086307884],[9.408510792461392,40.568194461630135],[9.40855673440344,40.56825372804105],[9.408595812905425,40.568295154100205],[9.408723217520405,40.56845160926823],[9.408765131276617,40.56851124749716],[9.408791879766614,40.56856852949916],[9.408813844373203,40.56860785570991],[9.408865748269129,40.56869511130106],[9.40889410648995,40.5687451075053],[9.408911849783358,40.56877990365779],[9.408932458460392,40.569062628412944],[9.40894915501537,40.56928487238442],[9.408917827086443,40.56996064367555],[9.40892194103553,40.5706362894312],[9.408957905697052,40.570745230776986],[9.408994623340565,40.57087498535105],[9.409025631522814,40.570976822702676],[9.40904250033373,40.571032229718945],[9.409068675379576,40.57109116949196],[9.40922217609915,40.57143698915079],[9.409545714558455,40.5716679130187],[9.409575524627739,40.57169182769485],[9.409637465989201,40.571732821868174],[9.410078705754147,40.57188037219732],[9.41013265032558,40.571893854362955],[9.410737697166837,40.57198116193866],[9.411115906708083,40.572006842328136],[9.411493841785838,40.57198747899143],[9.412214323415133,40.57195788466365],[9.412734577967276,40.57202809717906],[9.413108824459698,40.57211365276427],[9.413432619106523,40.572187708600026],[9.414024814672844,40.57242882458355],[9.414794224882664,40.572669302246744],[9.415350152718727,40.57277541035453],[9.415835476291312,40.57292681430722],[9.41649790058152,40.57305956009867],[9.41720797709322,40.57325519119004],[9.417261231949496,40.57327077878498],[9.417858937445436,40.573442003962455],[9.41825026334139,40.573674816627346],[9.418507974614291,40.57379665435702],[9.41863498959823,40.57385582024301],[9.41870158488473,40.5738823658627],[9.418795254384769,40.57391968970359],[9.41906914292585,40.57402883348832],[9.419233462863211,40.574094712820944],[9.419265079472085,40.57411261581549],[9.419387596648582,40.57418198982666],[9.419565442815465,40.57428269290715],[9.419979732404984,40.574407310746636],[9.42009810062917,40.57444291492722],[9.42057067344543,40.574441195430275],[9.420631568760538,40.57443743863709],[9.420710381183873,40.574452003661065],[9.42107992748188,40.574500760058406],[9.421161826110994,40.57452343321691],[9.42121626914648,40.574537711968475],[9.4212782972194,40.57455405939723],[9.421491443456686,40.574612555750576],[9.421663526232557,40.57467528532198],[9.421750164071286,40.57470678837191],[9.421813088226735,40.5747378482256],[9.42184601464892,40.57475176110586],[9.421886951320992,40.57476771856449],[9.421923716551618,40.57478222279884],[9.422184878249677,40.57488887325812],[9.422713543357249,40.57514506923175],[9.42321122585414,40.5753774757573],[9.423720022735472,40.575601489942095],[9.424116414455607,40.57578000272748],[9.424296428215186,40.57589773169191],[9.42447086130951,40.57601192237691],[9.424496844579929,40.576031896849],[9.424535197413741,40.57605530958583],[9.424707026667598,40.57617444453492],[9.425096626909127,40.57646061680541],[9.425606940193342,40.576819089636956],[9.426055859201858,40.576916458443776],[9.426310827253396,40.576940889458946],[9.426600350577887,40.57696857513568],[9.427143943231743,40.576984584160314],[9.427852771820074,40.57697295216931],[9.428443681598308,40.5769977877795],[9.428916617074739,40.57705008594451],[9.429756444564072,40.577200114421636],[9.430526311483101,40.57749453751884],[9.433247502110312,40.578069935342846],[9.433744193960402,40.57814014143661],[9.434726467796146,40.57838869532961],[9.434913145569848,40.5785583222571],[9.435028739147327,40.578664841975815],[9.435178122561927,40.57880139864965],[9.435853393972096,40.57907812560843],[9.436315353804966,40.57925655704879],[9.436965537277327,40.57930815260263],[9.437450017198199,40.579315326922185],[9.4376686566598,40.57932350761751],[9.43788729498948,40.57933168790319],[9.43798985312366,40.579346254700596],[9.438032838191447,40.579351711438655],[9.438537716806017,40.579419308227095],[9.439099407955403,40.579489245383904],[9.439235401376864,40.57950674608786],[9.439897876723004,40.5796303474375],[9.440938739026228,40.57979754645509],[9.441041703368711,40.57928365219486],[9.441158376693245,40.57907551109804],[9.441194418104754,40.57901229974284],[9.441239560843194,40.578998532957186],[9.44127323319394,40.57898783694657],[9.441308462492348,40.57897295667038],[9.441700446906601,40.57883970489669],[9.442125434055999,40.57878402597661],[9.443023615161042,40.57881662029094],[9.443570171566753,40.57892932636849],[9.443640561829787,40.5789412567552],[9.443709839839324,40.57895812732365],[9.44381196692155,40.578977093235665],[9.4438522475555,40.5789823554991],[9.443980659672059,40.579003325634396],[9.444037742419974,40.57901259165448],[9.444156136756652,40.57903184337408],[9.444228021273812,40.579041358688904],[9.44439588971737,40.57907260437616],[9.44475490345343,40.579095466433905],[9.444821677388937,40.57910044167296],[9.445329700405644,40.57913206934587],[9.445412140424368,40.57912864705345],[9.44563382493756,40.57913752073876],[9.446156876600737,40.57914689528144],[9.447059087698435,40.579156960141155],[9.447134943255302,40.57915306210969],[9.447184698744763,40.57915046324566],[9.447341922657829,40.57915468775705],[9.447822926158953,40.57915846632492],[9.44820167139946,40.57925609394994],[9.44882931787089,40.57946986773838],[9.449184857564221,40.57963064336974],[9.449765249375476,40.57984459578706],[9.45036939639738,40.58007647036975],[9.45096167168043,40.58029937927037],[9.451326897801145,40.58042954161825],[9.451411743004364,40.5804597798363],[9.451826188287471,40.58059329143474],[9.451991451697433,40.58057012278569],[9.45419657652028,40.58026059055978],[9.454718691184313,40.58024861595786],[9.455415732513325,40.58023686119386],[9.4556182457135,40.58026289279218],[9.45575569282115,40.58028080613254],[9.455959724251331,40.5803067860974],[9.456244202199505,40.58044081097463],[9.456320039810262,40.58047691439143],[9.456372083323982,40.580501247105914],[9.456469427409175,40.58054802833175],[9.45699114174528,40.58081622841999],[9.457323751770469,40.58107616699005],[9.457596549898689,40.58122823623396],[9.458117105111585,40.58132526943646],[9.458874342684554,40.58147541254022],[9.459951835629832,40.581804452035286],[9.460248088723484,40.58192939504591],[9.460532712583122,40.58208141020088],[9.460806511143664,40.582377607598204],[9.461150588201901,40.5825834362175],[9.461411832879428,40.582771577900274],[9.461708650427282,40.58297759359963],[9.462028357715115,40.583075411719776],[9.462454159477009,40.583136769778434],[9.462962052048008,40.58310770882979],[9.463470068519543,40.58309666284378],[9.46356492212682,40.58311433866487],[9.463895996153155,40.583176031871155],[9.464204701253852,40.583391002234336],[9.46424561854441,40.58341134103048],[9.464332231660288,40.58345731098627],[9.464631628998042,40.583614506046736],[9.464844063721717,40.583561317201685],[9.464902949319347,40.58354669670337],[9.464997286784158,40.583522967869136],[9.46537420686057,40.5833502828337],[9.465810266857776,40.583186367849066],[9.466248452685319,40.58332873978121],[9.466439319499615,40.58358922394339],[9.466721586018236,40.58339889989164],[9.467063742561798,40.58332544619471],[9.467384838711135,40.58362143753783],[9.46771327276698,40.583664259643676],[9.46779430754529,40.58367220973803],[9.468223513806395,40.58358200576135],[9.468708466858573,40.58365210891363],[9.469382222056447,40.58368540853093],[9.469830594493063,40.58359349821206],[9.470458160017607,40.583780127954284],[9.470556620281322,40.58404969042292],[9.470583217600062,40.584122508660315],[9.470602728599792,40.5841759254874],[9.47126682480268,40.58451555139837],[9.471516605356996,40.58474876019065],[9.471387686247775,40.58507896131386],[9.471301992272,40.585171820070485],[9.471155126038369,40.58531822639256],[9.470943308892693,40.585573417842284],[9.470920713149813,40.585599531998305],[9.4709003222599,40.58562512455859],[9.470863108046798,40.585671615933975],[9.470841942068782,40.585698574680734],[9.470720946360839,40.5858690925528],[9.470626117264667,40.5860270111302],[9.470569100702571,40.58612196235862],[9.470411882387854,40.5863140027258],[9.470368945152638,40.58636748828377],[9.470343423347776,40.58640241046997],[9.470375883533062,40.58641195559085],[9.470417173397344,40.586424055687196],[9.470950380941968,40.58657084688429],[9.471671939781395,40.586676007988736],[9.472144341961325,40.58663804272153],[9.472288858032528,40.586550862585064],[9.472334902393525,40.58652217125253],[9.472414977454113,40.5864747789191],[9.472503229374263,40.58640871559645],[9.47282638998906,40.58616680230318],[9.47297831422028,40.58614601765514],[9.47305593707425,40.58613494504436],[9.473369432113628,40.58609250840259],[9.47372430112783,40.58614510575695],[9.4744581840755,40.58632226963437],[9.475345557027882,40.58648077873968],[9.475761363095678,40.58679437355646],[9.476035886664286,40.58718061987274],[9.475998696073999,40.587450065291314],[9.47599117756141,40.58754115489332],[9.476134573096115,40.58776578302993],[9.476477892125503,40.58785445484523],[9.476598297234368,40.588169264678385],[9.476671243264601,40.58845724461635],[9.476920994460531,40.588681432799106],[9.477279546009523,40.58857650972621],[9.477321426932361,40.58853293030402],[9.477559752396619,40.58829350480221],[9.477618177365853,40.58833088323753],[9.477864985331466,40.58848834770423],[9.478255898386934,40.588621860584325],[9.47854833708341,40.58866024685806],[9.478788166435729,40.58869172627796],[9.47927329449486,40.58877980188307],[9.479357942089772,40.58904971385611],[9.479064515215592,40.58933020230374],[9.478818031379184,40.589565452153025],[9.478512719951437,40.58983698051226],[9.478160457417452,40.590153745680816],[9.47817620121113,40.59020957490679],[9.478189193655274,40.59025574363787],[9.478233219845375,40.59041469878482],[9.478646495699358,40.590367942860134],[9.479071008286631,40.59024006026819],[9.479412350591867,40.59004946040782],[9.479682853166603,40.58986816166434],[9.480095543593773,40.58974032529779],[9.48054361888633,40.5896033305222],[9.480885018272742,40.5894217339947],[9.481233505303306,40.58950608370943],[9.481287501320859,40.589519153978664],[9.481280907508705,40.58956715528747],[9.481243140728065,40.589924733554305],[9.481261262049491,40.59018591237651],[9.481870020753895,40.59000319872923],[9.482248033267057,40.58998360351811],[9.482423213631414,40.59008134395876],[9.482492997788167,40.5901191544414],[9.482532805488319,40.590144572337024],[9.482829525752955,40.59032350726703],[9.483267339805442,40.59040275497548],[9.483823258870746,40.59047249846325],[9.484521308635165,40.590586686429944],[9.48479266245121,40.59071191114792],[9.484858658771982,40.59074236686848],[9.48488887410005,40.590756310025675],[9.484980488563764,40.591036701806175],[9.484997635668073,40.59108917741277],[9.48500330864191,40.591161381882856],[9.485011186296989,40.5912660656353],[9.485015078976474,40.591293210009404],[9.485018906304814,40.591360703401136],[9.485023613381808,40.59141338348405],[9.485097498697531,40.591412266027426],[9.485193344940791,40.59140430866731],[9.485410822942203,40.591392571753296],[9.48556700964805,40.591384074917755],[9.485633231055528,40.59139437469266],[9.485670830207411,40.59139602648426],[9.485898282460418,40.591436733952754],[9.486369937433667,40.591543330563155],[9.48643687306165,40.591558217768224],[9.486570899567907,40.59159619214419],[9.48669957467373,40.59163002232924],[9.486868592373105,40.591672707379836],[9.486950813758986,40.591695321592134],[9.48701112444835,40.591711319253015],[9.48719959371854,40.591660599355606],[9.48737674008614,40.59161068006448],[9.487550567495274,40.59159521435959],[9.487801898202934,40.59157285098265],[9.487944644250822,40.59157224807459],[9.48800627999078,40.59157054988387],[9.488094601218325,40.5915716145202],[9.488140645575848,40.59157019744998],[9.488700859412669,40.59168616501138],[9.489128184582775,40.59194560958328],[9.489373063977974,40.59217358126567],[9.48944532559317,40.59224287098615],[9.489877472622975,40.59260007411839],[9.489935824808008,40.59266326588299],[9.490068064002868,40.59280646685339],[9.49027093353311,40.593075868928715],[9.49053309148075,40.59337204444061],[9.490747518814961,40.593605361266526],[9.49095110338232,40.593875193289485],[9.491033974236226,40.59399152061315],[9.491202190209739,40.5943691723713],[9.491416822129542,40.594629513503776],[9.49164294367233,40.59484476120893],[9.492093736870554,40.59507706916376],[9.492686876568877,40.5953808379368],[9.493078255980825,40.59556835222212],[9.494344498249847,40.595797167480754],[9.495338868978255,40.596018126222845],[9.495859725059443,40.59613300427204],[9.49630987521686,40.59627521115536],[9.496449563084086,40.596339317604404],[9.496796081863854,40.596498340571976],[9.497140674662214,40.59674910307344],[9.497532074376409,40.59693660120213],[9.497950011205036,40.59717104836052],[9.498022035006715,40.59721496753177],[9.498089866907346,40.59724950313257],[9.498528813150546,40.59747282808419],[9.49887288169367,40.597651517089844],[9.499215745880209,40.597668053379195],[9.499936794443414,40.59768295240317],[9.50005879131122,40.59766775255126],[9.500674832730393,40.59759867450528],[9.50099957299022,40.59756121674791],[9.50106931167914,40.59759840713106],[9.50128435823859,40.5977131211226],[9.501960089297278,40.59798945802129],[9.50244491061408,40.59802338445171],[9.502917710272264,40.598030335645795],[9.503283808773825,40.597992705798745],[9.5035891197543,40.597921436959226],[9.503637750427243,40.59791008462601],[9.504039141161426,40.59785090346212],[9.504204419764553,40.59782653397104],[9.504352100810065,40.597829465722434],[9.50438562560869,40.59782957878695],[9.504629945785389,40.597833684506206],[9.505173452303518,40.59781329109413],[9.505813269590528,40.59802670078397],[9.506033451527687,40.598248324348894],[9.506229243353589,40.59854064293851],[9.506289193593,40.59863605827919],[9.506324651246302,40.598691633174184],[9.506404211463138,40.59885310699528],[9.506472338264341,40.59899170075995],[9.506487218359307,40.59903179049252],[9.506497276837882,40.599392968227335],[9.506420415790956,40.599536664267845],[9.506371097590035,40.59963367656655],[9.506345817552113,40.59968189714755],[9.506111008392635,40.59989012711756],[9.505900241641704,40.600152304169875],[9.505643760311989,40.600621881800166],[9.505540106271642,40.600982684317124],[9.505482911647057,40.60123517949872],[9.50539080349128,40.60155989788364],[9.505323484743391,40.60203765476619],[9.50514837039012,40.60232670080482],[9.50486627146831,40.60253513498018],[9.50461969510945,40.60275242208052],[9.504573076109647,40.60279832201756],[9.504322602195112,40.60305100849283],[9.504232574267833,40.60314148871486],[9.50425498152432,40.60350174044531],[9.504259462531387,40.603573790429735],[9.504627825048427,40.6038334352145],[9.50467530408352,40.60383154402403],[9.505135921834338,40.60381319662128],[9.50526551472473,40.60375688870698],[9.50535490028156,40.60371772916173],[9.505512919795194,40.60364939055433],[9.506149259123811,40.60339435901688],[9.50652679626341,40.60330261591962],[9.507041276071316,40.60315665370046],[9.507096853620917,40.60313727230272],[9.507568413041694,40.603050917346664],[9.507624180115746,40.60306083780587],[9.50807368938561,40.60310663057378],[9.50821576158184,40.6031429101125],[9.508559233308189,40.60323061612204],[9.508808074402323,40.603313601188525],[9.50887917146836,40.60333731175386],[9.509299965900372,40.60347432058496],[9.509400484017831,40.60351065756234],[9.50953603110735,40.60356112789242],[9.509791719131613,40.603657601940625],[9.509945891096729,40.60379607316738],[9.509985597627942,40.60382844576457],[9.510093212661697,40.60392642597428],[9.510374839357242,40.60417753289398],[9.510588553543101,40.60430349446244],[9.51070860560552,40.60437425126001],[9.510921000726515,40.60449943247179],[9.511182939201205,40.60474892811873],[9.51125991412897,40.60482224789507],[9.511325815021912,40.60488501688728],[9.511792863010315,40.6050753357973],[9.512367652560528,40.60510561822467],[9.512536549216605,40.605070021024325],[9.512569255157072,40.605062577857176],[9.512621431279301,40.60505175915588],[9.512704170699015,40.60503416527957],[9.512743714093528,40.60502636018791],[9.512806338142454,40.605017585063436],[9.512957123870956,40.60494397844144],[9.513262291848413,40.60480736189342],[9.513546271305744,40.60466657938691],[9.513711138908272,40.60458617869048],[9.513906431374133,40.60442176683697],[9.513993011653694,40.604350697614024],[9.514415264541848,40.6039254076503],[9.514553573364687,40.60346534619977],[9.514609837454492,40.603095737265136],[9.51465407443145,40.602699155455966],[9.514723221186859,40.60249894735091],[9.514745978441805,40.60244622910528],[9.514986908437594,40.60227739135806],[9.515383469908347,40.602254475283935],[9.515691319143642,40.60232517167327],[9.51615448009894,40.60261138191459],[9.516369095197957,40.60285365857753],[9.516808208969437,40.60308592174093],[9.517127674497447,40.603129534993606],[9.517517846625363,40.60314580506702],[9.517884242452395,40.603144162823895],[9.518274693151522,40.60319646430515],[9.518548136012761,40.60340243768368],[9.518443572868408,40.60363713414794],[9.518256058497233,40.603841365608424],[9.518186955185016,40.60388377648954],[9.51806809248465,40.603952960369796],[9.517748334133532,40.60414433484329],[9.517684343927964,40.60418021724641],[9.517403556461396,40.60434528155143],[9.517324459572826,40.60438846459262],[9.517127588676809,40.60465201132199],[9.517135007018599,40.60479618289307],[9.517141491248454,40.60492221131349],[9.517291511315095,40.60523439895981],[9.51745289784197,40.60545233134823],[9.517701484739208,40.60559210061457],[9.517884707952419,40.60569261470765],[9.517998964163525,40.6057561810395],[9.518179040277458,40.605791003096506],[9.518283071348165,40.60581112053504],[9.518388891447286,40.605831618129514],[9.51859085357287,40.605870638510225],[9.519265481165135,40.6059847209999],[9.519632590103457,40.60607315706707],[9.519964310344248,40.606170760082016],[9.520379328225802,40.606340056365184],[9.520652231137964,40.60647395756956],[9.52096122439426,40.60668877362284],[9.521208584031685,40.60687824686523],[9.521247930922033,40.60690918928999],[9.521312110202572,40.60695703183481],[9.521429719016183,40.60704808257381],[9.52165028049154,40.607262287864266],[9.521794227974413,40.6074056882965],[9.521845846743116,40.60747453093232],[9.522152472667704,40.6078725230763],[9.522165653278071,40.607926527972104],[9.522249047861125,40.60826810586238],[9.522262336978864,40.60832251474746],[9.522229471031649,40.60865598604645],[9.522054551837316,40.60896307400368],[9.521726739291628,40.60936994735098],[9.521492573699387,40.60965928445132],[9.521235046279854,40.609984760766686],[9.521035778312346,40.610201869085785],[9.520718129310575,40.61031150802887],[9.520682056169488,40.61031832545178],[9.520386981429953,40.61037596026187],[9.520267441353546,40.61039358487254],[9.52009179935254,40.61041951135727],[9.520009146992539,40.610431707553026],[9.519654880993361,40.610478345985875],[9.519502121511822,40.610596146580704],[9.51944336845233,40.61064145479144],[9.519278857321893,40.61076831583108],[9.518899570931897,40.61105151007633],[9.518834156667412,40.61109462813553],[9.518557284594493,40.6112734744664],[9.518326373191101,40.6114246640935],[9.518208843099128,40.61150278689823],[9.5181866800698,40.61154891134643],[9.518027941838774,40.611879262271984],[9.517974449385216,40.611997884891444],[9.517952864722488,40.612042100437634],[9.517907802445215,40.61217152729585],[9.517807385355573,40.61247106754679],[9.517822760908105,40.612594886579835],[9.517852000234122,40.61274759138916],[9.517984812586914,40.61310734466005],[9.51812923873311,40.61344001929052],[9.51825058082653,40.61384486669879],[9.518256838424772,40.61465533390476],[9.518250981625648,40.6147007329347],[9.518192541497013,40.61515143531948],[9.518134099397612,40.61560213314544],[9.518148774314056,40.615971424751585],[9.518135523339538,40.61605256235122],[9.518099800102524,40.6162713036215],[9.518047182734625,40.61659348202144],[9.517754216620729,40.6169281179937],[9.517413543446713,40.61720891425423],[9.516900025264386,40.61734308242211],[9.516846210338725,40.617315439279515],[9.51657364932417,40.61714060456813],[9.516323312823035,40.61687146230933],[9.51587374461302,40.61682842823838],[9.515556139628451,40.616870224700065],[9.515413151406438,40.616889040819935],[9.515377720852241,40.61689370332083],[9.514916538839302,40.6168777436966],[9.514821966248924,40.616878165297436],[9.514408209517041,40.6168800088979],[9.51433324135067,40.61697042970926],[9.514252226939915,40.61706252149557],[9.514220791091324,40.61710606127464],[9.513927458403161,40.61739564526452],[9.51353892860919,40.61760457369006],[9.51349703462223,40.61762517926803],[9.513220912912885,40.61775913569122],[9.513161432309278,40.61787651325477],[9.513092802043197,40.61801194899768],[9.513292245369481,40.61832636742304],[9.513332134264717,40.618389251603865],[9.513652163970852,40.618497284515655],[9.51380625266561,40.61854929957591],[9.514173492604511,40.618646760901626],[9.514244623192155,40.6186724696737],[9.51449777394966,40.61876605152561],[9.514837499098725,40.61890276023494],[9.51490865569104,40.61893178731457],[9.51526435406367,40.61906533173307],[9.515430400891395,40.619134658390955],[9.515584587449363,40.619199032478306],[9.515617624577283,40.61921720704419],[9.515894224712026,40.61937258044809],[9.51602373189963,40.61942180241019],[9.516332080686984,40.619547032765595],[9.516616992709148,40.619575175926244],[9.51675802303083,40.619590171616366],[9.517491069763624,40.61960293669783],[9.51774322090192,40.619599080545974],[9.51779841905246,40.61959795562946],[9.517952151701438,40.61959517084227],[9.518140610715239,40.619593130938824],[9.51839008389127,40.61959186640389],[9.518708739280859,40.61959043567608],[9.518980741657757,40.61960140169525],[9.51911083090821,40.61960664572889],[9.519453880336927,40.619632129630524],[9.519568481073089,40.61965464146796],[9.519820986450457,40.61971157492138],[9.52016509782304,40.619828897314925],[9.520212164120267,40.61984494436528],[9.52047379030002,40.62004195782174],[9.52053272176196,40.62009573768227],[9.520736274332018,40.620281492737796],[9.520866720470485,40.62040053384575],[9.520916948930758,40.62077867319273],[9.520840521273536,40.620826890521904],[9.520764006006642,40.6208755631385],[9.520583651943568,40.62098988770366],[9.520175008819184,40.621151374364196],[9.519833346891197,40.62130606098269],[9.519587758725649,40.62138809645663],[9.519548347088895,40.62140260131562],[9.519499526934238,40.62141972409132],[9.519456248289226,40.62144205241672],[9.519411694056982,40.62147905094649],[9.51912756115853,40.6217686795166],[9.51903360442976,40.62190423252449],[9.518998944503167,40.621954235635656],[9.518952174643026,40.62202171161677],[9.518705435058259,40.62222101128899],[9.518410343825357,40.62230230443959],[9.518332835326799,40.622322656312186],[9.517797045331843,40.622477331437835],[9.51766380226081,40.62250181641318],[9.51740258095298,40.62255021097935],[9.517229409696805,40.62272704782648],[9.517147129813642,40.62281409780712],[9.51698518466507,40.6229854328045],[9.516813323057237,40.6232040791763],[9.516785965282569,40.62326298834411],[9.516760789683628,40.62331157359703],[9.516706635522844,40.62342586425451],[9.516646960013247,40.62356474650663],[9.516638203015004,40.623590593110684],[9.516627250596075,40.623709911942036],[9.516602393073319,40.62394206837877],[9.516651559876678,40.624071942307204],[9.516687710690103,40.624167323103656],[9.5167045756988,40.62420799252121],[9.51686687088068,40.62450843311207],[9.516957571568605,40.62466506173438],[9.517118489016148,40.62493972411072],[9.517201171635971,40.62503681793943],[9.517229311830542,40.62506794513882],[9.517249814277948,40.62509925878728],[9.517428808175552,40.62531670072492],[9.517515893802358,40.6254011001561],[9.517632003812096,40.625517439750844],[9.517673963603515,40.62556093249393],[9.517754199782605,40.625636983387096],[9.517816672342784,40.62567661214212],[9.517850346612233,40.62569733446935],[9.517933521289496,40.625742920619786],[9.517972233395511,40.62576727607608],[9.518013662967247,40.62578601497549],[9.518261160481199,40.62592555848587],[9.518439789661489,40.6259474182978],[9.518620987250037,40.625960894451104],[9.518710754942738,40.625966955091066],[9.519030658619519,40.62596859881907],[9.519082746077647,40.62596666386002],[9.519132521401174,40.62596480503477],[9.519195543619546,40.62596640546041],[9.519514282137047,40.625901910712436],[9.519625795801828,40.62585302473484],[9.519666746862237,40.62583833545659],[9.519823179347807,40.625775525002084],[9.519915786761285,40.62573932710752],[9.520152344818044,40.62550833382151],[9.520208414006515,40.625455643938444],[9.520387039488226,40.625280293407236],[9.520436785285222,40.62523525062025],[9.520771600258207,40.62489628275751],[9.521230317435137,40.62458791701331],[9.521457835991226,40.624528988782785],[9.52176129805801,40.62445038961542],[9.521963946395315,40.62444737216337],[9.522198747098813,40.624448411570945],[9.522492328318087,40.624454633088185],[9.522557748653487,40.62445371639414],[9.522685564567393,40.62443910323076],[9.522741420546456,40.62443268301946],[9.522894685170908,40.62441503649281],[9.522967165358725,40.62440670671738],[9.523076353735396,40.62439412606733],[9.523148568104697,40.624385828912715],[9.523187699559374,40.62438650838128],[9.523318724292446,40.62438616068231],[9.52338712165473,40.624385087690136],[9.52368801739862,40.624387616359584],[9.52375155963349,40.624401474680425],[9.524024675039964,40.62444983534638],[9.524339168368547,40.624498967845916],[9.524410197961645,40.624510471150856],[9.524562917339866,40.62458184683942],[9.524643137451076,40.624619339093975],[9.524849269122033,40.624715676482175],[9.525181794932548,40.62490334715441],[9.525502499450472,40.625091070650186],[9.52581138258538,40.62527884796945],[9.526108232156702,40.62543965207029],[9.52631614408168,40.625608700178894],[9.526405719718014,40.62568153139523],[9.52666805049724,40.62592357027251],[9.526715377453392,40.62596723613657],[9.526774927768603,40.626022178354454],[9.52713160792019,40.626272794533755],[9.527312197931298,40.626368343186],[9.527450629017094,40.62644008835896],[9.527832087734511,40.62663895183906],[9.528105301262233,40.62679985877537],[9.528239986227044,40.62691846299705],[9.528569549902626,40.62719408992141],[9.528820400608698,40.62751725433596],[9.528798956203842,40.627796622386484],[9.528374161387205,40.62790667092772],[9.527936122684636,40.62783660499188],[9.527605914176334,40.62794621828125],[9.527519853779792,40.62817175932002],[9.527478477762276,40.628280121927055],[9.5273744738445,40.628586892126265],[9.527373830883207,40.62862284993266],[9.5273662642603,40.62904637286071],[9.527380826294989,40.62907363444039],[9.52739869821608,40.629102131318795],[9.527846188920476,40.62957437471065],[9.528210253955686,40.63003867653034],[9.528465441123942,40.630545080585954],[9.528578457047088,40.63073350045941],[9.528569992130949,40.63076367890538],[9.52869735770662,40.630987758107146],[9.529041203519107,40.631656010700986],[9.5293788375232,40.63208215241183],[9.52941731680077,40.632103884412],[9.52885179451649,40.632448782154015],[9.528504471577142,40.632724959938166],[9.528061407250926,40.6333260860591],[9.527789087353213,40.63341885989052],[9.527592628217938,40.63343639945897],[9.52706707992433,40.63327238322125],[9.525504332967602,40.631765113211266],[9.525505052032514,40.631729834347034],[9.525273995245914,40.63151448704742],[9.525049229125198,40.63141971182341],[9.524501682576728,40.631516926113534],[9.522847606373741,40.632289943116476],[9.521433119701806,40.63297864636618],[9.521041493953367,40.63318011467172],[9.519827046200197,40.63431722067358],[9.519852353134452,40.634382604007705],[9.519760220906525,40.63450265947302],[9.51976322132291,40.63488956475924],[9.520157133418225,40.635170012013205],[9.520229918520045,40.63517870461789],[9.520232603280165,40.635205722387305],[9.520568648017951,40.635229171327744],[9.52173978658882,40.6351926825765],[9.522355616952861,40.63510895503685],[9.52324011175549,40.63500075655114],[9.523743300112377,40.63509832498506],[9.52392269657366,40.63505584035383],[9.523860456566391,40.63511412015633],[9.52413357086534,40.63512120140287],[9.52448489610849,40.63535258979297],[9.524574095407944,40.6355851680899],[9.524514359073454,40.6363259930133],[9.52463587023828,40.63650017838233],[9.52491042277102,40.636690309050834],[9.524950957290558,40.63669074279922],[9.524989449434358,40.636739170925125],[9.525027651339634,40.636766997346186],[9.52526420355426,40.63692957098829],[9.525634804291137,40.637156480849555],[9.525684224010263,40.63718890991013],[9.525989213619328,40.63739472239135],[9.526119726754105,40.63744678129781],[9.526385478750292,40.63774897679676],[9.527137231983005,40.63889382064107],[9.526622365293502,40.64009436797747],[9.525620472883034,40.64048169067029],[9.52559711857832,40.64054881751869],[9.52553878114662,40.640511185037816],[9.524421957916426,40.64086989684187],[9.523631674968476,40.64108150390963],[9.522892754253899,40.64087683121017],[9.521796901895497,40.64042414290901],[9.520562913772858,40.63976404686522],[9.519332657605785,40.639582367191764],[9.518679067451316,40.639814127700554],[9.518249719905741,40.640793751986415],[9.518422896446742,40.64199949326419],[9.518378097468092,40.643268618965415],[9.518843787738673,40.64345374631483],[9.518764117447947,40.64374533250942],[9.518416511021536,40.644703787473496],[9.51763210987923,40.64568500211029],[9.517090259431177,40.646249084854695],[9.516328000671123,40.646564525857315],[9.513959248684086,40.647511184427],[9.513498486052615,40.64797087892825],[9.512135682329587,40.64833056531587],[9.512698548829189,40.648830415362575],[9.512736627619155,40.64883619655868],[9.512770879548933,40.64884885488643],[9.512501398941899,40.64890539997017],[9.512152930212281,40.648906955928915],[9.511957337371511,40.648907828658956],[9.51142586659145,40.649009277978884],[9.511105806148395,40.649303477092765],[9.510768825878179,40.64970585314508],[9.51046426448833,40.65009457268876],[9.5103493527223,40.650536504878566],[9.510185962095868,40.650825504493106],[9.51007818913753,40.65094527962948],[9.50982787504646,40.651223466601536],[9.509787182506503,40.65126868990999],[9.509763705573858,40.65129227120558],[9.509710460996192,40.651345751445895],[9.509554463137075,40.65150243961146],[9.50939749458572,40.651663787557084],[9.50924098029634,40.65206966264102],[9.509219431623952,40.65211387522003],[9.50917867456252,40.65217002978549],[9.50896814206014,40.65244342875664],[9.508754397808563,40.652579500710786],[9.508697398953016,40.652615785839146],[9.508592032445454,40.6527591022802],[9.508545610817102,40.65282224351196],[9.508454055055736,40.65295190572887],[9.508417791045389,40.65298927685596],[9.508382029041025,40.65302936549645],[9.508181899134879,40.65324874141012],[9.508155663336954,40.6532683751782],[9.507922903531494,40.65342997531277],[9.50729058804703,40.6536019343229],[9.507114978860269,40.65359530860639],[9.506805853330544,40.65357932937182],[9.506666316654059,40.65354892195928],[9.506207897738856,40.653446515024484],[9.50579221280278,40.653223120149285],[9.505466187950246,40.652958452414495],[9.5053042730878,40.65282887501889],[9.505050736217141,40.652495591877596],[9.50500413923464,40.6524383109667],[9.504436608713103,40.65207594160884],[9.504185154237671,40.651875355934195],[9.504035006977427,40.65175558360022],[9.5038862501327,40.65163691938046],[9.503424955578934,40.65144074109424],[9.503266709745436,40.651450880142015],[9.502857176674738,40.651473156440254],[9.502822866786554,40.651478234523],[9.502668567848286,40.65152257613357],[9.502563941020881,40.65155156939873],[9.50242806966725,40.651589221680204],[9.50201100581555,40.65157301811867],[9.501957758864089,40.65157100461689],[9.501354327949885,40.65154434144002],[9.500934307632964,40.65152814682459],[9.5005054241828,40.6513971268581],[9.500292603944867,40.65132668102304],[9.499757073885622,40.65128550942034],[9.499307485976262,40.65126943684471],[9.499101749767897,40.65128784194285],[9.498822884410997,40.651316574906616],[9.498789065631732,40.65132743417719],[9.49846741262646,40.65143071818672],[9.498106531656877,40.65141425797927],[9.497730867232528,40.651397860366274],[9.497268574537163,40.65146291321221],[9.497071026183896,40.651430675577444],[9.496945866842406,40.65141025005088],[9.49642018490046,40.651101712543046],[9.496347609680713,40.65107234975055],[9.49611173057338,40.65097691679616],[9.495744471987761,40.65089741636154],[9.495468900088907,40.650878542051714],[9.494596523630111,40.65081225249858],[9.494028397930665,40.65076063207873],[9.493646174355774,40.65085685751399],[9.493074893101712,40.65077822058816],[9.492896995946854,40.65074864856266],[9.492697049156366,40.65071411284075],[9.492606560351835,40.65069670484285],[9.49239447019803,40.65066461492034],[9.492359383703361,40.650637629315845],[9.492169206662982,40.6504622769156],[9.49210172670543,40.650399202463696],[9.49201438011477,40.650317555528986],[9.491909257286492,40.65022059012476],[9.491893513274464,40.65018663840204],[9.491791930683567,40.64995011608311],[9.491780385707568,40.64992292913777],[9.491769846721434,40.649896952284635],[9.491726685323448,40.64979753459284],[9.491733682163119,40.64968144343841],[9.491745008501036,40.649499843027236],[9.491902424124978,40.64916617900349],[9.491902039660127,40.64904906794981],[9.491901397634741,40.64889172586711],[9.491962561795113,40.6487453705947],[9.492003938356564,40.64864255955376],[9.49202041464886,40.64860007981448],[9.492047428609254,40.64854283579331],[9.492082568852116,40.648457507527375],[9.492095621518505,40.64840753988765],[9.492102466048838,40.64838223940523],[9.492140761465087,40.64820123567423],[9.492173993126045,40.64789479960185],[9.492136598527766,40.647488041397004],[9.492114225282242,40.647410716531134],[9.492100955092479,40.64736438257353],[9.492064121839137,40.647245379118196],[9.492038270853735,40.64712964136819],[9.491990948167983,40.647059932465304],[9.49188582298231,40.64690507411347],[9.49182384009437,40.64679728367272],[9.491565129520234,40.64634736619379],[9.491518927955367,40.64626702019626],[9.49139265228594,40.64604511734289],[9.491309944211313,40.64589949159412],[9.49112204601491,40.645570536638125],[9.490972532267785,40.64544977779738],[9.490794579174134,40.645306049322556],[9.490628800948949,40.64517094156016],[9.490209134667602,40.64504699959664],[9.489891854465007,40.645001649206186],[9.489787223853563,40.6449861376466],[9.489619660351345,40.64497939079063],[9.489090613270148,40.644958163131164],[9.489018281262211,40.6449554209021],[9.488923553341609,40.64495136178214],[9.4888763119064,40.64494918528218],[9.488797406788189,40.644949411196265],[9.488620005730132,40.64495012773553],[9.488426445059774,40.64494934843421],[9.487914345322716,40.64495357989146],[9.487835540416052,40.644954738030854],[9.487434907316324,40.644955551458345],[9.48728556191233,40.6450147376966],[9.487248633930601,40.64502771566419],[9.486768600114777,40.645219613848255],[9.486655417021733,40.64530936034499],[9.486454450396115,40.64546871146147],[9.486420229126628,40.6454958458142],[9.486322817685126,40.645579703195146],[9.48606761937068,40.64579938655295],[9.486020604024905,40.6458398589326],[9.485882227317354,40.64592151904629],[9.485470372368148,40.646165336004835],[9.485433162982472,40.64617895149196],[9.48499526009784,40.64633964626578],[9.484692869076046,40.64649325824995],[9.484569452103116,40.64655577077297],[9.484529817123551,40.64656603498496],[9.48429943568071,40.64661402795582],[9.48386248133292,40.64670474534534],[9.483709313495066,40.64678606573815],[9.48362304028601,40.64683186898999],[9.4833322839964,40.64698623496107],[9.483120386998102,40.647124331131494],[9.482873173710358,40.64728544238642],[9.482531025197956,40.647402984480934],[9.482342252961187,40.64746783430099],[9.481941472697098,40.64765581025103],[9.48176086228026,40.64774052086287],[9.481352085376765,40.64793224423067],[9.481198843828242,40.64800411682742],[9.480762384555984,40.64819484267774],[9.480220222206505,40.64843159794199],[9.480173035489155,40.64844891077283],[9.479748357470728,40.64860472447095],[9.479582756017741,40.64865013444454],[9.47935415356736,40.64871302863447],[9.479313155921938,40.648731833394734],[9.479249040816384,40.64876269589168],[9.47905250090529,40.64885559875922],[9.479003206412868,40.648876460290936],[9.478757126924116,40.648925264953874],[9.47871675112968,40.64893265014671],[9.478660313651481,40.64894324595487],[9.478402952331928,40.64902070658629],[9.478237744032889,40.64907043089118],[9.478064079517965,40.64910752277814],[9.477812596877978,40.64916165574726],[9.477552784355465,40.64921740455253],[9.477222333223311,40.649319327138535],[9.476933831146907,40.6494083092426],[9.476773353929373,40.64945714797346],[9.476742776380231,40.649468102723944],[9.476679446674229,40.64948676812122],[9.476578744727485,40.64987906126534],[9.476482348847343,40.650253319050385],[9.476616654650938,40.65063563348779],[9.476679717109445,40.650868306726395],[9.476694621485763,40.65091613925563],[9.47670175557067,40.6509595940829],[9.476787988625071,40.651301907025925],[9.476777627275709,40.65132735534781],[9.476763129414863,40.65136491047304],[9.47669422417908,40.651563206090266],[9.476646725717682,40.65166663508173],[9.476633760679952,40.65169438595928],[9.476576508132869,40.65181572941543],[9.476236910208012,40.65212363022746],[9.475931112541431,40.6523681250735],[9.475811117810236,40.65245749256008],[9.47548695942303,40.65269967095646],[9.475142473009344,40.652911892454696],[9.475089931429887,40.65292765231018],[9.474880544428773,40.6530000438597],[9.474835645949106,40.653012249751555],[9.474744317593355,40.653025376230175],[9.474268472654456,40.653095659246674],[9.474009450340274,40.65295425145962],[9.473881345382743,40.652885717185164],[9.473793500886423,40.65283635753709],[9.473625423870367,40.65248570904194],[9.473493342111267,40.652206981681076],[9.473349815444351,40.65198235349295],[9.47319420606359,40.65172174058065],[9.473108357559356,40.65128967562363],[9.473062504452392,40.65109105683713],[9.47303667408589,40.65097917051819],[9.472985438658405,40.65092631982036],[9.472819165631238,40.65074583591771],[9.472133867018227,40.6500099295296],[9.47208992055598,40.64996198721286],[9.471984665142179,40.64984539483488],[9.471944644636546,40.6498035029005],[9.47189427652237,40.64980971757356],[9.471740948486193,40.64982651654644],[9.471530998995124,40.64985023642906],[9.470653346809977,40.64995021403667],[9.470505752436468,40.64996702673801],[9.470416569516548,40.64997679881112],[9.470078797447835,40.65001380929456],[9.469835991885258,40.65017695299321],[9.469495517149939,40.6505386847086],[9.469042490417541,40.65108555089044],[9.468743905838231,40.6513074756311],[9.468710188361364,40.65155985538429],[9.468750206910812,40.65199661315046],[9.468927881514764,40.652243630255455],[9.469000994348523,40.652549627696025],[9.469063983021744,40.65309889938122],[9.469149997206362,40.65355799458067],[9.469152710478921,40.65394535647028],[9.468883309644257,40.654324814859244],[9.468750263439029,40.65459422160041],[9.468674232382732,40.65474817507567],[9.4686515001048,40.654794206475515],[9.468486273304624,40.654899316093086],[9.468395192495272,40.65495768921731],[9.468319040451028,40.655006716422115],[9.468123235206534,40.65513200387215],[9.46807031952585,40.65516733172034],[9.468031800194264,40.655193101484315],[9.46770790100105,40.65539260419093],[9.467293839473639,40.655385271836685],[9.467041073801637,40.65541305129777],[9.466868327384491,40.6554320366931],[9.466839423985126,40.65545910858036],[9.46657449721083,40.655703483602785],[9.466443859238485,40.6557580349538],[9.466350635087554,40.65579645627174],[9.466261289913644,40.65583203941558],[9.466046158250494,40.6558718508438],[9.465677154809725,40.65594133117209],[9.465217944146765,40.65586956371938],[9.465148720897627,40.65585902940757],[9.46501847926188,40.655838499672036],[9.464834388899005,40.65552130197035],[9.464794526838592,40.654890856465315],[9.464791901195904,40.65451250288194],[9.464754040490053,40.65417032603546],[9.464644960235196,40.65379240081077],[9.464312209513011,40.65356852266596],[9.463637877282677,40.65355321469248],[9.463141715840871,40.65364529224421],[9.462315607286646,40.65391886296738],[9.46179597087004,40.65403805493003],[9.461181272425133,40.654094564005725],[9.46069649816443,40.65412352531984],[9.460270432092749,40.654089189449635],[9.45992747320234,40.65409956470276],[9.45962191573266,40.654389058196294],[9.459137756151526,40.65450809788314],[9.45869918127874,40.65437471075837],[9.458507645732789,40.65404215089803],[9.458480968591807,40.65360083140055],[9.458443633936124,40.65333072019954],[9.458406237932305,40.653051599577665],[9.458403401943048,40.652637212456376],[9.458176450310779,40.65231380036474],[9.457608461341788,40.652280018578764],[9.457018537792896,40.65249856282277],[9.45671248352663,40.652715981657906],[9.456394292182173,40.6528884048532],[9.456053240144461,40.65317802926035],[9.45572401462914,40.65346760687692],[9.455394723831377,40.65374817416304],[9.45487568793237,40.653957420010954],[9.454437430619224,40.65386905910775],[9.45402173196344,40.65361845145492],[9.45374858351213,40.653457368717035],[9.453381056615573,40.65333269087882],[9.45307279296411,40.653225796833105],[9.452635151528375,40.65322751314403],[9.451995347692977,40.65328857610176],[9.451241735477447,40.653575296084895],[9.450710435085334,40.6537215099868],[9.449955666742738,40.65405777414387],[9.449495390653983,40.65421271441191],[9.44902310278979,40.654340673338744],[9.448396923567321,40.65445121054358],[9.447911599694969,40.65439904258187],[9.447567433011566,40.65422921194272],[9.447210477290263,40.65391529177718],[9.446925576804166,40.65376324713864],[9.446453467238602,40.653918221095466],[9.446206634077342,40.654153400583816],[9.44564474761184,40.65503842050977],[9.445529099754976,40.655435247621185],[9.445426777094303,40.65605724070018],[9.445370748438636,40.65652590747725],[9.44532732785822,40.657111638216655],[9.445294236954856,40.65747211250189],[9.445035318209536,40.65767130103643],[9.4445747067861,40.65778117926736],[9.444077770293385,40.65776507399478],[9.443697392565177,40.657487268175494],[9.443506400684706,40.65722675040586],[9.44325650301521,40.65700249338315],[9.442876849074056,40.6568327859612],[9.442308708616226,40.65678091119272],[9.441954321106579,40.65685433710561],[9.44148312829091,40.65715342605992]]]}}]}
