{"type":"FeatureCollection","metadata":{"code":"118002","referenceDate":"2026-01-01","sourceDbfExportDate":"2026-02-18","upstreamArchiveUrl":"https://www.istat.it/storage/cartografia/confini_amministrativi/non_generalizzati/2026/Limiti01012026.zip","sourceManifestSha256":"70ac8256c4785dc6ed2814c32b6965ae76f9161b51abaa1660059e1c6cbd8ca6","license":"https://creativecommons.org/licenses/by/4.0/","attribution":"Istat, Confini delle unità amministrative a fini statistici al 1° gennaio 2026, versione non generalizzata.","modifications":["Converted from WGS 84 / UTM zone 32N (EPSG:32632) to RFC 7946 WGS 84 geographic coordinates.","Converted from shapefile to per-municipality GeoJSON without geometry simplification."]},"features":[{"type":"Feature","id":"118002","properties":{"code":"118002","name":"Assemini","alternativeName":null,"regionCode":"20","regionName":"Sardegna","territorialUnitCode":"318","territorialUnitName":"Cagliari"},"geometry":{"type":"MultiPolygon","coordinates":[[[[8.944559478408644,39.202413171307704],[8.944324918718053,39.2024592401475],[8.9442641059661,39.20247160125467],[8.943939597732514,39.20275979621171],[8.94359190804802,39.203066002012974],[8.943279061800594,39.20324606915154],[8.94287361280701,39.20336301368879],[8.942741926654566,39.20339614391812],[8.942639087834197,39.20342381489838],[8.94251451123593,39.203452950171474],[8.942201903059336,39.20333565197441],[8.942076097979653,39.203159875993016],[8.941951739373541,39.202986352450594],[8.941866423468413,39.20286691450948],[8.941554060233385,39.202461264938044],[8.941477494377084,39.20226636450921],[8.941455770337942,39.20222667346809],[8.941441740537895,39.202190396068765],[8.941429671843624,39.20215509374716],[8.941319187260316,39.201880468964234],[8.94128824159921,39.201794319513105],[8.94126016339586,39.201624938289825],[8.941230636054804,39.201433851422166],[8.941226006868956,39.20129501142414],[8.941223766809937,39.201102107261896],[8.94121738124372,39.201041919273365],[8.941213109385341,39.20097047845658],[8.941211518099893,39.20088435098824],[8.941210065919115,39.20084809341509],[8.941209765478474,39.200795876961024],[8.941209075460502,39.20074002975984],[8.94120798459147,39.200712140925745],[8.941193533473271,39.20044966891405],[8.941202314606274,39.20039932502962],[8.941197101499945,39.19998306884409],[8.941104649405949,39.199748736740084],[8.9409195647634,39.199496335523534],[8.940572394325565,39.19918978605707],[8.939287405902185,39.1986214320311],[8.938141294754098,39.19817929138553],[8.937747636928142,39.198079961078406],[8.937568066412279,39.19800773154582],[8.937354029386393,39.19792656226986],[8.937110023429963,39.197826721752364],[8.937050542149825,39.19780616155865],[8.936932317864914,39.1977593257708],[8.936543714740601,39.197556674329725],[8.936254378456317,39.19735827418744],[8.935803006138407,39.19706066439832],[8.935207883045088,39.19661569457241],[8.93515764440562,39.19657521511338],[8.935105677073487,39.196531972782324],[8.935063398526829,39.1964957986903],[8.934712688230212,39.19616104667701],[8.93468990749944,39.196140598645925],[8.934647781598592,39.196102641199126],[8.934587994789538,39.19604174790414],[8.934217792076465,39.195645056773664],[8.933812794515072,39.19531142115268],[8.933534987512237,39.19518510916246],[8.933245584152973,39.19507681197133],[8.932967787652785,39.19494148757637],[8.932724784547444,39.19475211718791],[8.93252952951884,39.19458417429955],[8.932493370427505,39.19455374284866],[8.932354633636736,39.19431937586544],[8.932198317015896,39.19388836373634],[8.932181392381402,39.19384169283892],[8.932364458354336,39.19364767317769],[8.932420792402649,39.193584322999605],[8.932472924126877,39.19352804583932],[8.933004077317463,39.193310520993116],[8.933467401786203,39.1931756215371],[8.933803370202211,39.19301361567937],[8.934058295520995,39.192833539994425],[8.934091162264133,39.19262592851168],[8.934128187358846,39.192392041316424],[8.933931820270313,39.19186929326372],[8.933817184129817,39.19170856823638],[8.933789322853272,39.19166702314026],[8.93376819925099,39.19163599687205],[8.933721138710036,39.19156745812875],[8.933665843559238,39.19149068217418],[8.933596171038724,39.19138204931132],[8.93347187333934,39.19118557605652],[8.93343662482119,39.191134027081276],[8.933404805551064,39.19109303110491],[8.933371798009654,39.190907585346274],[8.933319220898957,39.19067949614673],[8.932984219876671,39.18983227141513],[8.932942460867364,39.18971413219326],[8.93279944771882,39.18930952699545],[8.932672419880868,39.18894901475539],[8.932371593676088,39.18870554363461],[8.931977963251923,39.1886422370585],[8.93157285041809,39.18847980251077],[8.931190757247512,39.188461555367475],[8.930715950949054,39.188524350552],[8.929858996664821,39.188622959540155],[8.929265134135225,39.18867947476587],[8.929106279317843,39.18869459159996],[8.92867787774088,39.18866729696868],[8.928559475263107,39.18864208897297],[8.928295848413388,39.18858596382876],[8.927844344636654,39.188504586433204],[8.92765369873716,39.18843199133127],[8.927601195116543,39.18841052410273],[8.927548553704856,39.1883890865013],[8.927381365859482,39.188324078434455],[8.92731250489245,39.18824824524104],[8.927277876424633,39.18821204871728],[8.927252253557635,39.18818441020686],[8.927085014211425,39.188006367791566],[8.927045944243025,39.18796342904288],[8.926953573511765,39.18771106406604],[8.927139394890142,39.187170521001505],[8.927382951513842,39.186783199911446],[8.927596162536839,39.186597211719125],[8.927627910201691,39.18657405317682],[8.927709419758747,39.18651546876416],[8.927750705193139,39.18648522709883],[8.927782406375293,39.18646100157484],[8.927816170392566,39.18643500213987],[8.927859477818846,39.18639982722793],[8.92790370104434,39.18636129804607],[8.927955119732397,39.186318974230524],[8.927985549535963,39.18630029868172],[8.928046440741035,39.18625916473363],[8.928090243443243,39.186229746310275],[8.928134043794088,39.18620032696778],[8.928284968751772,39.18608711028978],[8.92832749442674,39.18605623299966],[8.928355980775152,39.18603558814061],[8.92841876255277,39.18597713768877],[8.928622908401596,39.18577473466858],[8.928831614810553,39.18548651085252],[8.929060512408308,39.18507767136748],[8.92905229793753,39.18480180960394],[8.928948481654446,39.184414273953436],[8.928647924480835,39.18393650717087],[8.928474352428163,39.18383390072617],[8.92842088530572,39.18380088827549],[8.92835984650035,39.18376616895385],[8.928266066170998,39.183710997745735],[8.927938910059712,39.183546825925205],[8.927885982014962,39.18352266964191],[8.927832702867653,39.18349881949345],[8.927731872146389,39.18345374129297],[8.927386586005584,39.18325089196296],[8.92705097421983,39.18309749591797],[8.92682925800789,39.18292572211095],[8.926744289782208,39.18285506967628],[8.926712425343364,39.182824764326384],[8.92667301696763,39.182787338176645],[8.926623499769553,39.18274087114683],[8.926570636665252,39.18269537247969],[8.926512313132267,39.18264115573632],[8.926467960572845,39.18259973989931],[8.926429304094375,39.18256321975306],[8.92639897468522,39.18253340638866],[8.926344700804618,39.182474295500796],[8.926307059528357,39.18243255764261],[8.926273182859427,39.18239479243277],[8.926137179189878,39.18224988574055],[8.926012418170396,39.18201692350699],[8.925994553395244,39.181985686989975],[8.925970818170162,39.18194484093607],[8.925952173338448,39.18191223964003],[8.925933509395147,39.18186587030898],[8.925914838693918,39.181818241222174],[8.925813694069907,39.18158286618833],[8.925779263027195,39.181294492582204],[8.925825906610555,39.18097913736253],[8.925999895298073,39.18067287412359],[8.926173789384682,39.18045672040815],[8.92629000009378,39.180042287168284],[8.92626715620281,39.17974490988137],[8.926163238918495,39.179474513562525],[8.925966627572127,39.17927614690689],[8.925561582330847,39.17911369126206],[8.925237447763497,39.179077439438],[8.924924900782921,39.17903218310019],[8.924495587930457,39.179086231701625],[8.924457235138279,39.179095406253865],[8.924357522476436,39.17910390569721],[8.923952248947623,39.17915770747826],[8.923570276545094,39.179076358767595],[8.923339027592053,39.17879686613911],[8.9232583086326,39.17849944921241],[8.923097666724669,39.17717472536666],[8.923110323691493,39.176183522836084],[8.92286768723657,39.17574182302836],[8.922485753196074,39.17564244858028],[8.921849147584783,39.17552488019395],[8.921420728479426,39.175587669669554],[8.921142739450044,39.175713636146085],[8.920783820655878,39.175740425055295],[8.92035549079455,39.17572211092464],[8.919695549325569,39.17576671251828],[8.919362148744613,39.17567329777184],[8.91924418903167,39.175640246333316],[8.918989960243975,39.17523457472038],[8.918932437183443,39.1749191494783],[8.919072093295211,39.17427946493659],[8.919188181899065,39.174000203651055],[8.919350728844893,39.173585809906534],[8.919246951309999,39.17322529727453],[8.919118247930232,39.1731053245137],[8.919081930317573,39.173067235567615],[8.918819082635226,39.1728195046665],[8.91851822732855,39.17270215145143],[8.918159386691148,39.172674866725785],[8.91587834896495,39.17306071557173],[8.915461483872154,39.17315052476918],[8.914963689250856,39.17315016257717],[8.914616642370817,39.17294265561141],[8.914582479254532,39.1724740576282],[8.914976492144893,39.17213192712524],[8.915076465901448,39.1720838952299],[8.915258830042886,39.17199696735373],[8.915462981906208,39.1718993804626],[8.916042131710967,39.1716225378626],[8.916199949350892,39.17154709707843],[8.916480313101506,39.171409471937736],[8.916622908412277,39.17135718717842],[8.916991862683222,39.17122326733674],[8.917204782989046,39.171097614980404],[8.917291817482724,39.17105030998924],[8.91739730675217,39.17098926889388],[8.917444044096369,39.17061985090306],[8.917317212591515,39.17018723220827],[8.917062718113485,39.17003386370482],[8.91673874650539,39.169898467206615],[8.916298834266554,39.1699161742516],[8.915650563781568,39.169924717916665],[8.91512969371126,39.16987928427785],[8.915086621473757,39.16985778217212],[8.914880382144297,39.169751682896106],[8.914840463644815,39.16973669982437],[8.914667076496546,39.16952751745041],[8.91456155776166,39.16930087153068],[8.91454532703733,39.169264443100374],[8.91447079683877,39.16910385490106],[8.914320659397111,39.168815392329854],[8.914170468418584,39.16857198408057],[8.913889714518557,39.16832503969079],[8.913856068068894,39.168293630083554],[8.91382058525368,39.16827682248796],[8.913545846195014,39.16818404891919],[8.913233444704993,39.16806667341093],[8.91289776914312,39.168048400810875],[8.91273289256902,39.168072022595915],[8.912642516843343,39.16808368552637],[8.912573591523424,39.16809321353278],[8.91247373265441,39.168107780702165],[8.912260991687438,39.16813803316872],[8.911832350185207,39.16840804068393],[8.91151957681222,39.16858802370348],[8.911114297244605,39.16868683641543],[8.910616613990417,39.16862337899653],[8.91025799185704,39.16844288240396],[8.910027612576554,39.16820906782035],[8.909830353408344,39.16791991423832],[8.909714894541212,39.16768553817978],[8.90968629491782,39.16761617023537],[8.909673765728627,39.16756694102156],[8.90960386501832,39.16738358311861],[8.909240986149078,39.167144508837545],[8.909079344973986,39.16681998608128],[8.909218622413823,39.16653174227275],[8.909218958334439,39.166270422522636],[8.909150097269123,39.165810806487606],[8.909196884700306,39.165432380430886],[8.90953292776887,39.165153299522686],[8.910042618943525,39.16485633050392],[8.910165371897978,39.16479093522587],[8.910262277914441,39.16474115237342],[8.91037423869529,39.164680395587304],[8.910505937320577,39.164613389335344],[8.911156641259184,39.16408413904822],[8.911158683793296,39.164014595632835],[8.911178330145827,39.163793900810184],[8.911039849275657,39.16346038713353],[8.910878356044087,39.16301872335141],[8.910508403595001,39.16266700955097],[8.910242387496686,39.16250460601944],[8.90994161337356,39.16236920833204],[8.909629219378008,39.162269845269634],[8.909270446800965,39.16223352299568],[8.908923155385967,39.16226929561592],[8.908543100351475,39.162301820024226],[8.90850641525754,39.162305013599806],[8.90843480563253,39.16229798817109],[8.908136068173338,39.16226867784539],[8.907950593584957,39.16227334342502],[8.907788811309285,39.1622774147031],[8.90737126827451,39.162176438564934],[8.907302823244928,39.16215988571392],[8.90730292967968,39.16207878676751],[8.907303284460662,39.161808455736505],[8.907372837144749,39.1617285870501],[8.907423398116284,39.161667829304974],[8.907569904349728,39.16150229265842],[8.90780168009105,39.16128621154103],[8.908056568659951,39.161097181506555],[8.908276721247695,39.1609171346798],[8.908473768934515,39.16070102486471],[8.908555223165994,39.16036768058428],[8.908544010241556,39.160088329284015],[8.908463398202992,39.1597728799535],[8.90830175401102,39.15946637792846],[8.908012746991618,39.159195818737395],[8.907688995535397,39.15894325442103],[8.906174597180827,39.15756335612097],[8.905619452310793,39.15725653280888],[8.905098803235898,39.15712094424614],[8.904554911830525,39.157057423213644],[8.90407460220082,39.15705027053731],[8.90395307766039,39.15704791767187],[8.903478509020834,39.157074558036],[8.903015537676124,39.157083184797706],[8.902756282891778,39.15709672332633],[8.902645145158104,39.15710089730215],[8.902286501017867,39.15699246472604],[8.901893449896521,39.15665872609908],[8.901699914437026,39.15653779970554],[8.901622658564161,39.15649589412331],[8.901554925790121,39.15645652144773],[8.901486605113515,39.15642878338354],[8.901411370430022,39.156395907602295],[8.901153224496952,39.15629765885661],[8.900782963352237,39.15622525623756],[8.90065100487889,39.156225660161056],[8.900134828403132,39.15622470356793],[8.898896300360915,39.156313745939606],[8.898039615040563,39.156466187613226],[8.896847086603508,39.15675349108521],[8.89546901697423,39.15727490314224],[8.893234010306701,39.15808387065258],[8.890709358973693,39.15904571092975],[8.889521419946638,39.15949547421314],[8.88898375656702,39.15970188442134],[8.88828935308766,39.15968163703877],[8.888197045633568,39.1596565562185],[8.888106480528876,39.159632002345404],[8.887884389876769,39.159574677411456],[8.887491118721725,39.15941210030039],[8.887144148184403,39.15924956580255],[8.886750896151401,39.15907797509769],[8.886265094718116,39.158879258555935],[8.885952805974036,39.15874491495227],[8.88580244465578,39.15868056357254],[8.885594425865154,39.158609930539384],[8.88528189766394,39.15849983198711],[8.884946028070924,39.15839643544545],[8.88437937564184,39.158336741964334],[8.883987194112297,39.158247816288856],[8.883581055610604,39.15815572596924],[8.883315148301588,39.157975239676404],[8.883272448331843,39.1579355291157],[8.883037802455206,39.157713642213864],[8.882518257575548,39.156938170534005],[8.882114733777547,39.156000615649575],[8.881769390876396,39.15488289689697],[8.881526783828505,39.154621330043184],[8.881098698703367,39.15453979497297],[8.879744992361843,39.15430411889713],[8.879270940251367,39.154033297173726],[8.878935665803159,39.15382569555379],[8.878473317478468,39.15348279470369],[8.877941363121133,39.15323894049609],[8.877559755950239,39.1530583197086],[8.877293975950966,39.15282375297499],[8.876508050006436,39.15221918346953],[8.875572163690382,39.15134411686581],[8.874970749199463,39.151127208203945],[8.874680662459408,39.15105157090713],[8.874589017102588,39.15102767486636],[8.874160881572989,39.15099116981873],[8.872517774727484,39.15087559175857],[8.87031915568716,39.15071662771472],[8.867692526047948,39.15048839938783],[8.867574732747725,39.15048094137182],[8.866304279885188,39.15038245200682],[8.865651698051678,39.150330866269194],[8.864429206625097,39.150238988055996],[8.863017767102209,39.15013156701233],[8.862774773363652,39.15011325982952],[8.861402114938295,39.15002715634752],[8.858817359127977,39.14986523390225],[8.856433808879428,39.14964605716875],[8.856116657483115,39.14962770420798],[8.853888106642616,39.14949871748123],[8.851689784062845,39.14926165355273],[8.850556139397314,39.14903492929168],[8.850354372474053,39.148989859009305],[8.849677041261435,39.148835555041],[8.847987927363883,39.148608088048604],[8.847951676995937,39.14860221687634],[8.846056214118502,39.14819104466358],[8.84448271290215,39.14802675735825],[8.842983898336652,39.14789717468315],[8.842365355230312,39.1478436913793],[8.842137293765832,39.14783744437819],[8.841982712977545,39.147834507239054],[8.840537013609312,39.147796148633525],[8.838593011248511,39.14772138463097],[8.837875605922994,39.147684344442176],[8.837632108534395,39.14789125945814],[8.83713480718146,39.147755400601696],[8.836752521349657,39.1479260752737],[8.835316280196867,39.14846471745716],[8.834493954671837,39.1487519057474],[8.833681129626472,39.148900865808464],[8.833127794742207,39.149002267276636],[8.832259485112237,39.14915420894807],[8.831646070628322,39.14918035695879],[8.830697114529174,39.14917898236004],[8.82977167298449,39.14902444717737],[8.828024734411231,39.148805617565486],[8.827008356601496,39.14857433171738],[8.826738962277062,39.14861060230377],[8.826323897969957,39.14866792964091],[8.826220698169093,39.148280300416324],[8.826176092372656,39.1475953951285],[8.826305337425612,39.14680261550347],[8.826387162888954,39.14646932862403],[8.826480492275973,39.146163092161366],[8.825949594302783,39.14558559323145],[8.824690767049152,39.14456545774688],[8.824646979745415,39.14453325370268],[8.824570497019545,39.144468380164504],[8.824194161873296,39.14416822386121],[8.824065878308593,39.14400148307315],[8.823640491187358,39.14345551390037],[8.82359004005842,39.14338560222517],[8.82345116475416,39.14319315849283],[8.823236879166343,39.14289621715825],[8.822233639502038,39.141506989385825],[8.821968360409366,39.14116416428643],[8.821598965548436,39.140812168124064],[8.821611787661679,39.14031658008018],[8.821902111646535,39.13990251471866],[8.82203052814046,39.139452157876164],[8.821789399415449,39.13871288287873],[8.821502083144168,39.13793749203307],[8.82126116894383,39.13711711676736],[8.821243275543146,39.13687196840804],[8.821227619979194,39.13665750098099],[8.821147810668435,39.136188803039175],[8.821021265215654,39.13590025510641],[8.82092943231382,39.13561175945457],[8.821011405676495,39.13522441001427],[8.821174758256904,39.134683996898055],[8.821280188660122,39.134170527226324],[8.821246640894328,39.13371091211661],[8.820912956305564,39.132980502866744],[8.82058988879781,39.132295029465844],[8.820554464373723,39.132212721222054],[8.820441149650838,39.131970537148945],[8.820210968114049,39.13149259622118],[8.820177450264795,39.131023968598676],[8.820195767598262,39.13083468080383],[8.820213167629728,39.13062753690101],[8.820168105772927,39.13014987935344],[8.820411660340536,39.12991596682992],[8.82057425056491,39.12967291804345],[8.820713837756408,39.12937576765693],[8.820633834179125,39.128988168821984],[8.821120749404,39.12859242920013],[8.822088575991982,39.12779880796636],[8.82216792720058,39.12774042775921],[8.82266262498232,39.127333234891076],[8.822883227620839,39.127018182694606],[8.823057979296243,39.1265318494831],[8.822218544293296,39.124503078890065],[8.821942077710874,39.12403408133542],[8.821273494857406,39.12308689394043],[8.822464607044179,39.12325992513282],[8.82234378400344,39.12125783011825],[8.822253592952613,39.11976330232654],[8.822232383093835,39.11899732741167],[8.822175587793364,39.11858160444506],[8.82215288110414,39.11841148587536],[8.822999254784726,39.117637820092526],[8.823012062268484,39.11714222898619],[8.823428555790855,39.11711582796277],[8.823914723024075,39.11698139670553],[8.82440135810993,39.11665773140365],[8.826300963390247,39.11561528979464],[8.82701194347528,39.11518831999821],[8.828873381509093,39.11375379801525],[8.829371256117488,39.113547271699574],[8.829915784045584,39.1131786129013],[8.830251997279603,39.11285470337159],[8.83040303395966,39.11257557858544],[8.830438403610405,39.11229628631644],[8.830496863113527,39.11203504904657],[8.830601846349786,39.111665747035616],[8.830914292859836,39.111603122380146],[8.831342231593156,39.1116127534346],[8.831746972988702,39.111649382970576],[8.832764889082352,39.11162381406872],[8.833285678260975,39.11149840439868],[8.833806550257025,39.111336948709834],[8.83453586890845,39.11106765259198],[8.83545032799203,39.11076256954604],[8.836295276568062,39.11050243671144],[8.836908457783565,39.11043120759394],[8.83738269618193,39.11042285887634],[8.838111497099527,39.11036980700259],[8.839094980385543,39.11021797938581],[8.839650304184117,39.11015566715174],[8.840228678321433,39.110129427679034],[8.840541556337058,39.10986853363573],[8.841469457043551,39.10870736668069],[8.841944751244858,39.10822141268433],[8.841983102983125,39.108164527515044],[8.842004242312102,39.10812462310924],[8.842062851954022,39.10803039328614],[8.842088982086894,39.10800079090129],[8.842119385417773,39.107708015486594],[8.842190327226378,39.1070142566881],[8.84208981467801,39.105410142171806],[8.841998618896106,39.10481528566288],[8.842288356041891,39.104545344120936],[8.843132306614283,39.10469066080854],[8.843329476843763,39.10443861446291],[8.843700601650808,39.103970534371804],[8.844141133000573,39.103493535574316],[8.844674277649268,39.10297160163428],[8.844975601651301,39.10268364727069],[8.845184206551558,39.1024856800467],[8.845346726037722,39.10220655059185],[8.845405161434414,39.10192728383178],[8.845544825258605,39.10152196886378],[8.845742331518343,39.10110771814792],[8.846159290391293,39.100819913559334],[8.846541258491147,39.100667228432215],[8.846969581483082,39.10046954602467],[8.847502119506238,39.10020892182639],[8.84805797641217,39.0998582136138],[8.848486676019395,39.09948030396331],[8.84871848710063,39.099237305364355],[8.849127606026077,39.09949932960563],[8.849388306440137,39.09967070728428],[8.850050490767979,39.10014235704716],[8.850560925176184,39.10065253422315],[8.850888926538905,39.100988259826124],[8.851269826280467,39.101340180216276],[8.85185914110657,39.101575218827385],[8.853028740878713,39.10189326409121],[8.853812506217224,39.10210934032621],[8.85452680419984,39.10230540899448],[8.856655897273987,39.102896838307714],[8.856884470438171,39.10296625117125],[8.858909723342244,39.103584431804265],[8.859522284512465,39.10378341678712],[8.860019447388577,39.10385610338337],[8.860608937706552,39.10402802047634],[8.862654153843462,39.10497661549494],[8.864121925382172,39.10551900218806],[8.864468890195461,39.10551940604579],[8.864943059528015,39.10552896748491],[8.865417056485068,39.10562863778055],[8.866110972496552,39.10563844792822],[8.867267389906363,39.105711858831384],[8.867753059230425,39.10575746668841],[8.868261456785243,39.10601936492125],[8.868584925770737,39.106217974311164],[8.869832687887513,39.10694026277014],[8.870641647696743,39.10729259672978],[8.871081082855271,39.107329128223526],[8.871497517541222,39.10729354322182],[8.872041030043876,39.107339196952815],[8.872457572791147,39.1073441751989],[8.873174463902998,39.1073494466311],[8.873752883519073,39.10727798492647],[8.874562473711277,39.107287869980816],[8.875268051564202,39.10725258314799],[8.875487452519588,39.10745106197314],[8.875637222556,39.10778463301239],[8.875879536964609,39.10810929121803],[8.876364409749346,39.1086234394602],[8.876803354187016,39.108948304058735],[8.877081143566386,39.108831452778034],[8.877463384986436,39.108507455218174],[8.878239284941916,39.10794056887602],[8.878702709631089,39.107481485061044],[8.87921257515089,39.106914314140894],[8.87972214151786,39.10651835229777],[8.880104145786884,39.10632050053004],[8.88060158992851,39.10624892242493],[8.881017877212777,39.106294403950905],[8.881840222160989,39.106372982517804],[8.884070751897532,39.10657682371819],[8.884625582065354,39.10677561843756],[8.885087888502206,39.10697432025404],[8.88564227441669,39.107452453788135],[8.88583850051762,39.10769594634197],[8.88598839248015,39.10798444828422],[8.886368316966731,39.109075163626315],[8.886702594722935,39.1097873670908],[8.887037210050966,39.110292313542175],[8.887233276486267,39.11064393676744],[8.887673382028742,39.11126399932738],[8.888514317574389,39.1124383794125],[8.888687378226594,39.112717888634535],[8.889149594874175,39.11300668496716],[8.889646992655594,39.11298913449576],[8.89014437620448,39.112980593067405],[8.890252770340307,39.11301715889263],[8.89060682343701,39.11312520587637],[8.89080294441288,39.113458800634646],[8.891045195208033,39.11388254904001],[8.89131090139754,39.11409906351531],[8.891623498578863,39.11391012161375],[8.893070396144541,39.11322661358867],[8.893255595940014,39.11314005161592],[8.893291774782755,39.113123214908846],[8.893347701711834,39.113097187734766],[8.893475100641872,39.11303789891861],[8.893536141298721,39.11300946403361],[8.89365070256037,39.1130043502228],[8.893857289783313,39.112993043835665],[8.894296705218753,39.11307454278757],[8.894608726182616,39.11326405912951],[8.89492080235084,39.11341752906623],[8.895162864622822,39.113533069352194],[8.89574144760358,39.11382376707203],[8.896666021461927,39.11435624521955],[8.89721627143797,39.11465296958258],[8.897347937798896,39.11472630140253],[8.897217981062461,39.11483212138782],[8.897104740949231,39.114924332885636],[8.89700162528394,39.11510952061836],[8.896919182928071,39.115257579765945],[8.896814657440952,39.11554584220613],[8.896608538963665,39.11588383276069],[8.896413621352929,39.11621167278455],[8.896385764814836,39.11625903418925],[8.896234885980046,39.116509514253025],[8.896072427006029,39.11686080259513],[8.895829061176961,39.11716696255768],[8.89508703474999,39.11831971810369],[8.894774066542125,39.11875196860492],[8.894507565185917,39.119049093648606],[8.89432209176985,39.11931024777249],[8.893974531054084,39.11966136416831],[8.893626995143157,39.11999445809263],[8.893441080456318,39.12054396502243],[8.893440374575027,39.12101254145027],[8.893485210298925,39.12134454297708],[8.893497576516483,39.12143611493031],[8.893808996340153,39.12204915376998],[8.893970330365148,39.122463810590986],[8.894039295244536,39.12276123900874],[8.894085203526155,39.12300458034506],[8.894617081660073,39.12318528384586],[8.895114362639251,39.123293865389],[8.896652582416923,39.123556561169316],[8.897485133912268,39.12381861820907],[8.897785694211887,39.123972070094474],[8.897993642667656,39.12417049600783],[8.898294075985891,39.1244140580792],[8.899461173414608,39.125352224021384],[8.901263473640274,39.12709290376499],[8.901968474148594,39.12760713023551],[8.902778054777592,39.12779704164948],[8.903079112776693,39.127608058962494],[8.9033587662221,39.1274274606518],[8.903681087787845,39.127329214751306],[8.904051593025281,39.12711325432595],[8.904341039021187,39.12695129227035],[8.904989340343,39.1266274234819],[8.905880536119767,39.12633979207086],[8.906679220351215,39.12601603516764],[8.90744295580083,39.12587246642301],[8.907882560869373,39.12588182580048],[8.908423553264177,39.12597945993876],[8.90846919877508,39.125992803468996],[8.9093050687215,39.12624338490789],[8.909929617653102,39.1263790356387],[8.91042683174283,39.12657766245678],[8.910750524605419,39.1267671432657],[8.911213012546893,39.12698376244303],[8.91279726058622,39.12756166794195],[8.913283021243053,39.12767917446094],[8.913664847093433,39.127643413250766],[8.913931101949343,39.127508443683695],[8.914313155836146,39.127283448906745],[8.914625739155165,39.12710345599826],[8.914903754452794,39.1268062937561],[8.915575402463622,39.12626611708279],[8.916316176590618,39.12596027449483],[8.916802260744264,39.12579842244945],[8.917265078339293,39.125744685787396],[8.9173502504451,39.125749322073666],[8.91760055303658,39.12576294572559],[8.917912849343715,39.12581723302039],[8.918146142793539,39.125899523882495],[8.918606710856617,39.12605200702398],[8.91905775351044,39.12617847642254],[8.919890459988768,39.12640432884094],[8.919809161082465,39.12668361617816],[8.919878237577343,39.12698102921683],[8.920190113909577,39.12741377515717],[8.920456000727924,39.12759417915139],[8.920664033603158,39.127783553429744],[8.920895194960003,39.12798195418574],[8.921561391372759,39.128792819130084],[8.921754151095083,39.129022816053],[8.922015906522441,39.12934338308972],[8.922767368848229,39.1298485035574],[8.923137543912997,39.12989380400393],[8.923692919807927,39.12985812426905],[8.924132706591989,39.12972324581692],[8.924433609901765,39.12963332972323],[8.924734502855245,39.12955242490045],[8.925266726639881,39.1295257338678],[8.925373935102744,39.12956277802354],[8.92578717241941,39.129697277412774],[8.926261334032796,39.129877799613695],[8.926585149974066,39.130004159264935],[8.926966693211796,39.13024769829751],[8.927186314086867,39.130442700088686],[8.927313466248282,39.13055429156901],[8.92682751324441,39.13058102099448],[8.926310139975989,39.13061547272028],[8.92619113567059,39.130625674648975],[8.925832401662419,39.1306975361757],[8.925404115274839,39.13089550644732],[8.925102950116313,39.13122872327103],[8.924998392635265,39.1316341542778],[8.924442290882025,39.13233665951945],[8.924129602989883,39.132615799372154],[8.923944231127875,39.13284996666469],[8.923828142963321,39.13321033413698],[8.92389728265055,39.13347169991446],[8.924024234184744,39.13376914882962],[8.924023808126014,39.13416563545998],[8.92405805332915,39.13459818924529],[8.924173148341632,39.13516596190404],[8.924080265178773,39.13546326655657],[8.923918046200972,39.13567942647722],[8.92389446855838,39.13608490990871],[8.923928395061415,39.13681482842413],[8.923997490184187,39.137121249668105],[8.924031513908949,39.13776105756778],[8.923811329125353,39.138076302017744],[8.92357953240469,39.138427581183606],[8.923475012846666,39.138778944398375],[8.923509258037345,39.13921149800125],[8.923719077414564,39.13967178033188],[8.923755722300214,39.13975119424567],[8.923796021785995,39.13983460787745],[8.923834609786436,39.13991819789521],[8.923873199032215,39.14000179060319],[8.923947912088927,39.14018498085377],[8.924086350422005,39.14057254733358],[8.924259301788265,39.1411493681312],[8.92429367837166,39.14146477754369],[8.92435119722802,39.14178020195129],[8.9244550897321,39.1420145570609],[8.92464298521928,39.142257375600394],[8.924653520761234,39.14229795684969],[8.924668777039734,39.14238244970652],[8.924755172034937,39.142744645895114],[8.924692107900032,39.14300145222847],[8.924676318609404,39.14306514984198],[8.924287323898518,39.144147577337336],[8.92425595617099,39.144230365657336],[8.924225360016873,39.14431334460421],[8.924193923872984,39.144396128355055],[8.924162965445664,39.144479036760664],[8.924132028926598,39.144561950577796],[8.924101113159619,39.14464486890458],[8.924070219303928,39.14472778993958],[8.924039062748955,39.14481065582607],[8.92398906999346,39.14495185829618],[8.924544400236618,39.1450693629316],[8.925400443460271,39.14534024609403],[8.925724261200463,39.145529684834955],[8.925978687495075,39.14568303410248],[8.926055930073476,39.14574791550838],[8.926279299248057,39.14593553535956],[8.92656832213869,39.14620604988754],[8.926718527130138,39.14643142084582],[8.92685709543314,39.14671986129784],[8.926833614832333,39.14704424446881],[8.92676299544277,39.1481886042297],[8.926646597005782,39.148837326665664],[8.92653034632498,39.14934187191978],[8.92641434618293,39.14960311953566],[8.926286510248532,39.150116668287154],[8.926112239061075,39.15076535335505],[8.92623913796129,39.151152909267076],[8.926620831495526,39.15136040419302],[8.92705847661441,39.15153875848763],[8.927137140310478,39.15157270933116],[8.927413492714436,39.15168532613972],[8.92749436661653,39.151719870148526],[8.927941053426206,39.15190076337434],[8.92825195102399,39.15202823635191],[8.928799083358713,39.15224067112315],[8.92915430459457,39.15238021932694],[8.929501222556153,39.15265977169008],[8.929778685001626,39.15295730341872],[8.929871020567578,39.15320966853426],[8.929974823097945,39.153570172970426],[8.930139828737566,39.153699018339005],[8.9302161997472,39.1537603081528],[8.930293989655686,39.15382057690386],[8.930371011424329,39.1538829798772],[8.930429763625773,39.153913319350536],[8.93046184504631,39.153929096237285],[8.930772902866519,39.15406625670521],[8.931131539727561,39.15421064614922],[8.931328000739885,39.15450812622146],[8.931431856331583,39.15482357463489],[8.931766733029793,39.15560773100234],[8.931862616594502,39.156057612019374],[8.9318934804997,39.15619352306511],[8.93184570461857,39.15641891174974],[8.931830838049015,39.156507470585794],[8.931826199470988,39.1565359709252],[8.931753967800887,39.15684223620917],[8.931811156390797,39.15704716526531],[8.931915446117062,39.15741903734481],[8.932056550916016,39.15812310736613],[8.932099747530938,39.15833827100746],[8.932396303223218,39.15881298108711],[8.932446984262262,39.15889003924341],[8.932497829830831,39.15896703169088],[8.93254348883605,39.15903452250274],[8.932897424109395,39.15932994698725],[8.932850836267932,39.15963629514997],[8.932896884824538,39.15989764111245],[8.933209054066685,39.16025826204888],[8.933509923274178,39.1603305229511],[8.93388026493851,39.16037578828815],[8.934412651736315,39.16042114465751],[8.934956587797485,39.16049353746194],[8.93606751471132,39.16074646138722],[8.93662296498697,39.160890940680666],[8.937166890912017,39.160981346273644],[8.937479318056772,39.16108063557066],[8.93758402120266,39.1611574329793],[8.937930443884547,39.16140527383421],[8.938092142146573,39.16180184488913],[8.938167137059212,39.162077847096434],[8.938219055593192,39.162270484293714],[8.938244347459856,39.16233593363732],[8.938473073604325,39.16299150070096],[8.938678734537485,39.16317931218451],[8.939086375156586,39.163190066253016],[8.939468395440683,39.16313619868348],[8.939861982525995,39.16309134783501],[8.940394348039444,39.163190742572176],[8.940845522229358,39.16348833615699],[8.941273521065856,39.163821960714266],[8.941427844045844,39.16397089998594],[8.941516404627823,39.164056369710416],[8.942048571564726,39.16440806582239],[8.942499901052795,39.16453444299969],[8.943194238981265,39.16475104904456],[8.943541365744638,39.164913415745744],[8.943784253415885,39.16515683107658],[8.944015516164654,39.1654633171061],[8.944258363529158,39.16576079710322],[8.944558963327513,39.16622050294777],[8.944882556572301,39.166887472308396],[8.944777996102697,39.16737401846139],[8.94444212414086,39.167599134438355],[8.944279857948658,39.16786037605866],[8.944198522044443,39.1682478115614],[8.944279260687303,39.16861730149809],[8.944417724252514,39.169185062076146],[8.944412046523839,39.16924640509448],[8.944371022487882,39.16968965743878],[8.944185649870581,39.16988781105022],[8.94367596394811,39.17031108357361],[8.943081151612057,39.17081434790289],[8.9430287535209,39.17088340943583],[8.94291134155889,39.17104961472133],[8.943052263452067,39.17122845831327],[8.943200458355637,39.17141019693365],[8.943455007421655,39.17157251945494],[8.94412607196943,39.172032404231864],[8.944450006725281,39.172293878893804],[8.944472840959884,39.17269938517848],[8.944333645443647,39.173050748514804],[8.944171295043384,39.173402100572346],[8.944078402703362,39.17375348573476],[8.944020033983842,39.174366206191486],[8.94390396536687,39.174744613276715],[8.943776310139627,39.17513202481545],[8.94369504210133,39.17542033848471],[8.943717937643617,39.17574474587385],[8.943740797489916,39.17611420773928],[8.943752065959394,39.176501687049],[8.94396018244283,39.17684420575336],[8.944226301698263,39.17704257543391],[8.944368039973469,39.177134804027894],[8.945406596308448,39.17780005891078],[8.945819617317321,39.178138917825024],[8.945859033533988,39.17816843391664],[8.946227903321638,39.17870154160782],[8.946563447282859,39.178972025638366],[8.946852710126649,39.17920644417765],[8.947951791772757,39.18027925044179],[8.948051140185036,39.180370797756574],[8.948379886382344,39.180666913568636],[8.948697826749063,39.180941459275694],[8.949020452102863,39.18116421319292],[8.949085747299687,39.181207880578604],[8.9495949314372,39.181550520110946],[8.950219723989088,39.18214551512749],[8.950305863343386,39.18220477357599],[8.95055146584619,39.18237994250236],[8.950717335865098,39.18249715493078],[8.950763640258263,39.18250946200572],[8.951226681603632,39.18263253444397],[8.951342429630687,39.18268110386142],[8.951679897248143,39.18282445818116],[8.95192110317514,39.183025212925976],[8.952012229551732,39.18310143460572],[8.952109075866131,39.183281694100856],[8.952152465486167,39.18336245744294],[8.952205795858236,39.18346285726872],[8.95227014568961,39.18345349771246],[8.952499747081426,39.18342346301487],[8.952659752461441,39.18340268461934],[8.952705413671262,39.18339651886239],[8.95276042912481,39.18338851952258],[8.952829628334761,39.18337842631957],[8.952919492529826,39.18336501363782],[8.953077378176438,39.18334344624436],[8.953333466188216,39.183300213037114],[8.953587169113888,39.18333916650713],[8.953657060483952,39.18334856223588],[8.953923899776257,39.18339055782879],[8.953967858324104,39.18342069471225],[8.954006071957654,39.1834468932751],[8.95421322856066,39.18358891456607],[8.95449352675492,39.183731390296614],[8.954547587401814,39.183753401115496],[8.954641487673795,39.1838053459849],[8.955139276485866,39.183931692797465],[8.955972700679606,39.18428343886018],[8.956574652354357,39.18449091757869],[8.956979761485572,39.18471634281306],[8.957115207503467,39.18475535570873],[8.957156025237326,39.18476548294733],[8.95726961546058,39.18480096339541],[8.957413192943216,39.18483893454283],[8.9575007761246,39.18486566091459],[8.957559144984705,39.18487752724073],[8.957701545671643,39.18490124028857],[8.957949621312421,39.18493846289603],[8.957999402830216,39.18494770368082],[8.958137679196602,39.18497386571978],[8.95819433672928,39.18498411362567],[8.958288294258594,39.18499938862173],[8.958353399284269,39.18501217068348],[8.958542258573587,39.185042064673254],[8.95893633285533,39.185059464920826],[8.96016376244061,39.184879671417626],[8.961325646501757,39.184821934235224],[8.961652936792182,39.184805669290526],[8.961714935896488,39.18480102104223],[8.961780579237463,39.18479981348189],[8.961793226768204,39.18487429863159],[8.961980693653688,39.1865473144704],[8.96204130903427,39.18687060357427],[8.962064402166387,39.18699113321647],[8.962130792766303,39.187340330945496],[8.962234568929997,39.18815135334419],[8.962182397418768,39.18827523766731],[8.962147615134835,39.1883585778229],[8.962010516473,39.18868709103868],[8.961944717794204,39.188845105612195],[8.961768214056763,39.18914555239521],[8.961724508418818,39.18922349546094],[8.961484164902583,39.18935970679394],[8.961296533343669,39.18944733848536],[8.96122658052579,39.18947792040325],[8.961174065577042,39.18950124697624],[8.961052728089756,39.18955667948646],[8.960944634115965,39.18959268665565],[8.960602331158462,39.18970569810241],[8.960522385811252,39.189732283415005],[8.960253200913606,39.18982301169814],[8.960186495339274,39.18984532824947],[8.960020531063591,39.18990164192578],[8.959755598913441,39.18998876609066],[8.959656089916605,39.1900427971509],[8.959504436412109,39.19012637440823],[8.959439714507955,39.19016170409489],[8.959354602277363,39.19020692078035],[8.959194043885072,39.190293679934854],[8.959018603557322,39.1903875839109],[8.958866418137639,39.19046731782884],[8.958811141336648,39.19049620038033],[8.958286085995008,39.1907684576212],[8.957997872820231,39.19092078248596],[8.957954856144685,39.19094329462334],[8.957705398965022,39.19107384129067],[8.957490805139143,39.1911867645991],[8.957404024761725,39.19122706100594],[8.957263812307207,39.191265185920955],[8.957200115654492,39.19128093189619],[8.956813588123353,39.19137540450292],[8.956777802782483,39.191366914529475],[8.956396772553717,39.19129415062584],[8.956060993205101,39.1912489691842],[8.95555149652202,39.19123976487599],[8.954891391625363,39.19134764301148],[8.954813310701136,39.191369630380954],[8.954747579862692,39.19139283087829],[8.954660616367457,39.19142513596321],[8.954529413408245,39.1914721901508],[8.954406983666955,39.191516534393415],[8.954238831859115,39.19157593155627],[8.95370987010232,39.19195992714846],[8.953362312969992,39.19221209549658],[8.953163877096443,39.19241138466909],[8.95304944985193,39.19252735418967],[8.952759659347427,39.19296877528747],[8.952516227795753,39.19334713803529],[8.952213459815574,39.193704637860726],[8.952013543317953,39.193941657310106],[8.952013740352832,39.19410314542456],[8.95201553108457,39.194160386190056],[8.952013285899701,39.194320117939036],[8.952012894024989,39.194896244983056],[8.952012826211497,39.19499594145917],[8.952012801694163,39.1950319856664],[8.95191283167097,39.195163909536355],[8.951698793723319,39.19544636079421],[8.951657836292915,39.19550040922841],[8.95159404329184,39.195606984406496],[8.951425963159618,39.19588778537846],[8.951170996240062,39.196176029787964],[8.951049480314168,39.19626548197807],[8.950965258190745,39.19632297942898],[8.950924556076295,39.196351399370876],[8.950880455798993,39.196383726860276],[8.95074552584728,39.19648084508382],[8.95040182921089,39.196808799786616],[8.950332866028594,39.1968789475767],[8.950132727332294,39.19708424827617],[8.95010046330072,39.19711915588981],[8.950070170551376,39.19714874872013],[8.94972245807603,39.197563104818634],[8.94954856808332,39.1978153363508],[8.949409432159472,39.19804956151013],[8.949339773829609,39.1982928277732],[8.94929326912905,39.19854511511217],[8.949096090951985,39.198968544803506],[8.949009148377085,39.19908677588955],[8.948899020222854,39.199238788170355],[8.94883525779141,39.19933112252382],[8.948423702430528,39.19992341200285],[8.948214973696297,39.20029276961186],[8.948149775751485,39.20039916557315],[8.948001900609892,39.20064848035909],[8.947985327597003,39.200672419814644],[8.947960895607709,39.20070412868554],[8.947923261863794,39.20075347077219],[8.94771642617022,39.2010494684635],[8.947276044424699,39.201445752363135],[8.947021101356992,39.2016528898257],[8.946789319629271,39.20186003640196],[8.94608254203452,39.20227421584698],[8.945457020980799,39.2024361216557],[8.945379174223229,39.20243069928548],[8.945326439399636,39.20243310482866],[8.945263132216626,39.202434980938705],[8.945182933861679,39.20243624713058],[8.945107192663414,39.202436753033126],[8.945041845959263,39.20243863797414],[8.945006007547649,39.20243936177082],[8.944953086171271,39.20243295515837],[8.944824438833592,39.202410561336485],[8.944669520415264,39.20239069601308],[8.944559478408644,39.202413171307704]]],[[[9.028884287091225,39.3306970285762],[9.028605954419291,39.33101247414372],[9.028258101832671,39.33157122418274],[9.027422521111705,39.331895232264],[9.027394722683807,39.33196574324398],[9.02733470482511,39.33212130971878],[9.02720258772928,39.33241848579142],[9.026970696451416,39.332851057427064],[9.026588022701919,39.33343684468602],[9.0263676913762,39.333770293171064],[9.026269599204346,39.33386261247679],[9.026073371280827,39.33406320994264],[9.025845780690675,39.334392153610885],[9.025648600080684,39.334590433867696],[9.02526569385227,39.334590517610735],[9.024126947634198,39.33405912424228],[9.023700533453447,39.3340592118463],[9.02360775599951,39.333947116037315],[9.02353746444319,39.33386218869466],[9.023481820998493,39.33379495654402],[9.023432101136223,39.3337348831868],[9.023234744394689,39.33341954515778],[9.02320119643088,39.33319857721275],[9.023164976496608,39.332960010708355],[9.023095245729191,39.33261761530897],[9.02293271236882,39.33232930231748],[9.022770185029126,39.33205901166883],[9.022491605854853,39.331707645678485],[9.022166612759115,39.33133826616121],[9.022122220211692,39.33130380903185],[9.022015741408266,39.33122115563218],[9.021803689912716,39.33105696931628],[9.021764260295706,39.33103031811402],[9.021699340699696,39.330992266627774],[9.021539930554315,39.3308878452358],[9.021435492337703,39.33083782729792],[9.021290472706495,39.33076837129372],[9.02115032399764,39.330698397901664],[9.02099213797381,39.330624085268326],[9.020855273977416,39.330536550593024],[9.020716017112914,39.330446467013346],[9.020366126562308,39.330326267318846],[9.02029877390974,39.330403748920716],[9.020273890298524,39.33043354220893],[9.020250663227694,39.330466349331054],[9.020192772891862,39.3305339560408],[9.020101137873159,39.330635801652186],[9.019904000116549,39.33100527653237],[9.01982729746757,39.3310110340356],[9.019497918042708,39.33104138863611],[9.019172995456222,39.33086122753211],[9.018569582424238,39.330563969297906],[9.017927501433475,39.3303509950177],[9.01737131331471,39.330165779430466],[9.017094892471485,39.33008824418481],[9.017029413238603,39.33007281009483],[9.01680586701278,39.33001458026024],[9.016433550771874,39.32990466145555],[9.01639047698278,39.32989211361853],[9.016360090073919,39.32988247718956],[9.01629532461562,39.32986147027881],[9.01596829552997,39.329735643997005],[9.015900808115878,39.32970834136155],[9.015788804809715,39.329615953986426],[9.015529463210505,39.32940202543012],[9.01541337081024,39.329086663932166],[9.015324068596575,39.328975721559935],[9.01508841546602,39.32866319939235],[9.014896908736551,39.3285093899661],[9.014751895145931,39.3283929197973],[9.014218154253149,39.32819474935826],[9.01313683159603,39.32801330150978],[9.012500986324476,39.32790660108456],[9.011816455591223,39.327861619242135],[9.011491591022569,39.32782560837096],[9.011155117191542,39.32773553351346],[9.010830331378457,39.32820412470821],[9.010711857594023,39.328296157155584],[9.010575116709237,39.32840238052418],[9.01012263435075,39.32842044244754],[9.008594432858972,39.32787790228578],[9.0085550859759,39.3278650458019],[9.006978333471546,39.32730333717007],[9.006217884574374,39.326969020972896],[9.00580648386452,39.326762759527156],[9.005470020555391,39.32666365736865],[9.004971126639704,39.32647445277687],[9.004657879952758,39.32638913657764],[9.004620392111375,39.32637654180287],[9.004576825905712,39.32636201262541],[9.004517190789452,39.32634347332641],[9.004270254771479,39.32627652301149],[9.004174821316417,39.32624472447576],[9.004079124589486,39.32621301147393],[9.00402902301761,39.326194520248514],[9.003981773431228,39.32617976930836],[9.00372970889184,39.32610505787482],[9.003652829403235,39.32606859609965],[9.003600246343584,39.32604891263137],[9.003540090500103,39.326023892242404],[9.003455976324544,39.325988468606596],[9.003406916815178,39.325967723467755],[9.003336452628227,39.325937903193655],[9.003246720900725,39.32589946003054],[9.003124830628112,39.32584660390695],[9.003061054054562,39.325818416052215],[9.002979303592523,39.32578138807688],[9.002885637915535,39.3257389294993],[9.002821791860013,39.32570912767104],[9.002786475263607,39.32569280265983],[9.002730235453692,39.325663297956915],[9.002699765045849,39.32564871910868],[9.002360677138293,39.32552840366663],[9.002207987642636,39.32547181490502],[9.001931410067082,39.32537522798806],[9.001525347766052,39.325195018762976],[9.001397270597758,39.3251476070645],[9.001176022018909,39.32507195528849],[9.001140077366463,39.3250589457763],[9.000984354077758,39.32502868064248],[9.000759640009528,39.32497876400094],[9.000550811328102,39.32493242506096],[9.000434795384137,39.324906678840726],[9.000176340681397,39.32475964041146],[9.000048656177741,39.324688943178984],[8.999960803840091,39.32463707040058],[8.999901121545992,39.32460031329015],[8.999827580050109,39.324544357603784],[8.999686874814227,39.324432841683816],[8.999634287234802,39.32439306491692],[8.999490719116745,39.32431196759004],[8.999381682110057,39.32424889108131],[8.999078909871914,39.32406923246323],[8.998961133109336,39.32399948835698],[8.998810589569814,39.32390925041317],[8.998775783035732,39.32388845570233],[8.998722418846665,39.32386142256388],[8.998678078269451,39.323838962512596],[8.998621556258568,39.323810207317344],[8.998503635200318,39.323748234606036],[8.998172519541539,39.323509994576526],[8.998044109352376,39.32340639918782],[8.997931301927691,39.32331540471479],[8.997847690165806,39.3232486760086],[8.997765940046408,39.32319898320183],[8.997580865498575,39.323086477161766],[8.997221231875432,39.322906252906336],[8.997066125098463,39.322824805374474],[8.997031958701196,39.322807588365656],[8.996962603743329,39.3227762927725],[8.996936495852976,39.32275517064018],[8.996617980564848,39.32259987051722],[8.996293163085834,39.32230250504245],[8.99604608463765,39.32208673733358],[8.996011788589724,39.32205483412268],[8.995942178436774,39.321983490051906],[8.995902103195577,39.32194425266921],[8.995822975351016,39.32187790471119],[8.995797607324016,39.32185358979973],[8.995763615630787,39.32181875168891],[8.995585532243142,39.32166271485152],[8.995179527562,39.32117611597568],[8.994877923647776,39.320878747438236],[8.994518308723325,39.32070752562498],[8.994158693642795,39.32054531445707],[8.993799082974817,39.32036507955203],[8.99343948088609,39.320112758446975],[8.992523092670732,39.319400850553144],[8.992186704430273,39.31911248357582],[8.99176841464331,39.31866565022039],[8.991722739317915,39.31861685315797],[8.99135154965077,39.31838254552922],[8.991255332555724,39.3183023407545],[8.990957176393893,39.318049116306625],[8.990874457158284,39.31793535670312],[8.990779895203225,39.31780404924504],[8.990728194697693,39.317737393576586],[8.99069906506991,39.317699310438265],[8.99065970002696,39.31765499635983],[8.990592568182752,39.317584175469705],[8.990574543224778,39.31755921842173],[8.99053660683791,39.3175199423908],[8.990501250031135,39.317475086129114],[8.990465558384548,39.31743606346293],[8.990428115248614,39.31739602151268],[8.990401691199779,39.3173660519031],[8.990380060769292,39.317342404706544],[8.99033303055582,39.31728970076577],[8.990299535919544,39.31725283543099],[8.99027618663089,39.31722734534948],[8.990256176652213,39.3172052229031],[8.990195631327001,39.317091904384874],[8.990138852660653,39.317004657289715],[8.990114095484667,39.316969091105314],[8.990095264696343,39.31693542581141],[8.990010909767145,39.31680837981269],[8.989690419619537,39.31628052956154],[8.989415829858078,39.31599488837049],[8.989395327349186,39.31597371366993],[8.989345035437104,39.31592243183646],[8.989246623273992,39.31583577248465],[8.98919625830091,39.31580079213936],[8.989137893272204,39.31574732523108],[8.989090007263655,39.3156981133062],[8.98899708072554,39.31561603177492],[8.98895551613869,39.31558696148274],[8.988912681888793,39.31554725642837],[8.988888492046659,39.3155256442586],[8.988521542620493,39.31521951126648],[8.98812718873345,39.31494914745942],[8.987802435160763,39.314687801387635],[8.987477675973299,39.314471507844544],[8.986972348169246,39.31405663339293],[8.986944164221658,39.31402992021406],[8.986853973761855,39.31394381570412],[8.986796273614624,39.31388841484829],[8.986767051832624,39.31386053820469],[8.986669552935702,39.31376729430669],[8.986631026404984,39.313730448944035],[8.986491855027813,39.31359735042676],[8.986470256416295,39.313571921944096],[8.986109153470437,39.313146765433366],[8.9858424396818,39.312759268514974],[8.985764334980834,39.31264749443814],[8.985722994956298,39.312590303676046],[8.98564972591323,39.31249286731145],[8.985603886232262,39.31243735557747],[8.985580001415986,39.31240918102896],[8.985543908764406,39.31236610187762],[8.985471350798587,39.312276501340456],[8.985401771989649,39.31219153362015],[8.985369727775774,39.31214863603933],[8.985303403561257,39.31206603041725],[8.98524789658316,39.31199764078021],[8.985153397703739,39.31187499077922],[8.985111864017178,39.31182205470241],[8.984868333296635,39.311551698890064],[8.98450382107156,39.3111869619335],[8.98443925365843,39.311110113087246],[8.984393256925797,39.311075479940534],[8.984371192276418,39.311055790021214],[8.984319149638024,39.31101241728664],[8.984296661032653,39.3109903060738],[8.984182635967366,39.31090593803442],[8.984161196979228,39.31088472802512],[8.984063605190276,39.310789566172616],[8.983990760177921,39.31071777554555],[8.983847811713913,39.31057839540259],[8.983731279399558,39.310491979296394],[8.983584245793107,39.31038601418574],[8.983360748181203,39.31013679749239],[8.983204400760897,39.30994738984781],[8.983144573910401,39.309871680826966],[8.983090564731958,39.30976478146948],[8.983074228507235,39.30973558655784],[8.982943339363514,39.30946993761155],[8.982903244018798,39.3094104148855],[8.982882202203472,39.309381159782234],[8.982861313023037,39.309358672767516],[8.98284696005948,39.30933102438048],[8.98280537480578,39.30927454347206],[8.982772531470546,39.30921965065773],[8.98273105480669,39.30915603943019],[8.982700630710486,39.30910765460928],[8.982665039511597,39.30903948202386],[8.982641155052896,39.30899113510461],[8.982588463374777,39.30888130445585],[8.982575388502271,39.308854978120046],[8.98255622960119,39.30881135178708],[8.982519801953586,39.30874964793809],[8.98249116723669,39.3087039512728],[8.982370760050602,39.30844100106893],[8.982353117821189,39.30840944860578],[8.982300246161694,39.308303920483105],[8.982285152988378,39.30827418318748],[8.982267282876677,39.30824050500935],[8.982199898394041,39.30815530407152],[8.982050590042128,39.307992031044485],[8.982017251286893,39.3079604878211],[8.981788112283317,39.307752405405466],[8.98176120905456,39.30771095475035],[8.981732756243623,39.30768292104599],[8.981250494370379,39.30716291026787],[8.981216353227932,39.30712458148812],[8.98083307032551,39.30669428007569],[8.980448053983116,39.30623300757757],[8.980357683248128,39.306117519710234],[8.980160592387554,39.305820129865516],[8.979893916001672,39.30551371679217],[8.979662018995178,39.305270384458474],[8.979488114468122,39.30502706188456],[8.979378690731599,39.30483640107767],[8.979337413177225,39.30476572139202],[8.979198300657938,39.30454042630364],[8.978954827175883,39.30424302604125],[8.978889659165553,39.304237855511225],[8.978606894787504,39.30422492824229],[8.977551720171231,39.30341375703997],[8.977377859450609,39.3030713123888],[8.977343152350615,39.30280098082091],[8.977347384946613,39.30267718105872],[8.977352916682129,39.30253843068113],[8.977355253847735,39.30246231706549],[8.97715778696918,39.302179198730954],[8.976856306414845,39.30198991143036],[8.976427329451178,39.3015663171803],[8.976312825839353,39.301485201341315],[8.976274587645186,39.301458228468206],[8.976240087722402,39.301433897437136],[8.976172239334389,39.30138605016411],[8.97604560407409,39.30110354268936],[8.97600999732445,39.30101657215713],[8.975742590835532,39.300800338278734],[8.975696360902239,39.30076096726489],[8.975658249327136,39.300728528206164],[8.975611724324217,39.300697521005425],[8.975307559827474,39.3004365321272],[8.975250142818043,39.30038862254331],[8.975207314794945,39.30035317089232],[8.974789945626677,39.299956605639146],[8.974175510839341,39.299325713009196],[8.972598760118485,39.29806383826894],[8.971903132205352,39.297559065947866],[8.971717672852392,39.29732474045704],[8.971552861897008,39.29698802168331],[8.971533675904105,39.29695025773317],[8.971346817784841,39.29671191332644],[8.971201894783718,39.29661726405356],[8.971056972172919,39.296522614598906],[8.970893991535004,39.296365351833096],[8.970855527968723,39.29632028502059],[8.97081284656132,39.29629215672417],[8.97077704232194,39.29626649101441],[8.970593253874153,39.29614404340899],[8.97031266319406,39.29586482359264],[8.970363468756478,39.29581359426054],[8.970400500386113,39.29578222863375],[8.970770566053993,39.29547568575022],[8.970972001523725,39.29530797393098],[8.971308433993903,39.29502686590042],[8.971556337990462,39.29482020767526],[8.971848734483425,39.294576456397905],[8.972136361153213,39.29433667884375],[8.972389025729848,39.29412604435015],[8.972716376336672,39.2938531470797],[8.972929311212326,39.293675629758134],[8.973296382381747,39.293369611481864],[8.973460698634069,39.293231704752806],[8.97387637732535,39.292897596994834],[8.97402871364929,39.292774798048704],[8.974456364011392,39.29243006250215],[8.974587462760002,39.29232437977214],[8.975036341824232,39.291962523277824],[8.975146205870692,39.2918739587772],[8.97539112140711,39.29167652060319],[8.97555472245144,39.29154463271451],[8.975618358898668,39.29149091403056],[8.975696901156901,39.29142655924772],[8.976196274307696,39.29102743694326],[8.976263665975054,39.29097310953213],[8.976776228978396,39.29055989073439],[8.976822385288926,39.29052267948058],[8.976875034829742,39.290479892647845],[8.977367776746373,39.29008082250629],[8.977937639452598,39.28962295339668],[8.978342066670512,39.28929749854873],[8.978505938943995,39.28916389623819],[8.979049148166668,39.28872093335124],[8.979095970267684,39.28868275353227],[8.979601546900822,39.28827048864834],[8.979675887854933,39.28820986813455],[8.980153938556798,39.28782004309013],[8.980255797641535,39.28773698070911],[8.980706323135319,39.28736959487463],[8.980835699627468,39.28726409215718],[8.981219076254114,39.28695145615533],[8.98125870063653,39.286919144001914],[8.98141559497344,39.28679119887475],[8.981811072220388,39.2864686895712],[8.981995482519592,39.286318302663936],[8.982363436727251,39.286018232483556],[8.982575359946859,39.285845404425636],[8.982915792997755,39.2855677727389],[8.983155231893539,39.28537250416068],[8.983468142191398,39.28511731123866],[8.983735094882125,39.28489959826436],[8.98392700963367,39.284743080079956],[8.98395588091044,39.284719534033485],[8.984020484308994,39.28466684527963],[8.98431781230294,39.284424074857874],[8.984368943903428,39.28438264954031],[8.98440539010619,39.284352928315506],[8.984431061425818,39.28433199398567],[8.984753608850536,39.28406892781518],[8.984894795142578,39.28395378129253],[8.985125149633943,39.28376590719488],[8.985475409401085,39.283480235945675],[8.985677449648678,39.283315451286164],[8.986055093905067,39.28300744717365],[8.986087802247477,39.282980758943644],[8.986173390016186,39.28291095524486],[8.986229085054228,39.28286556213386],[8.986634291682304,39.282535032077355],[8.986776502760383,39.28241893721341],[8.986837700680733,39.28236910565331],[8.986913184159103,39.282307552460786],[8.986968356405812,39.28226257253387],[8.987033680059382,39.28220931898379],[8.98709901057477,39.28215604377114],[8.98716936222489,39.28209859882102],[8.987215646736251,39.28206072921358],[8.987252679791176,39.28202961586393],[8.98730742151454,39.28198423834548],[8.987336949106796,39.281960655477214],[8.987473187897612,39.281850591912246],[8.987537377799683,39.28179844719807],[8.987886683321824,39.281513516402065],[8.987515692278427,39.2813422706225],[8.986506952942388,39.281477321014314],[8.985915633325085,39.28149527283408],[8.985509824701126,39.28151324488375],[8.985041512734119,39.281506283299905],[8.984969710461755,39.28150479716398],[8.984865808826786,39.2814867636669],[8.984715872611833,39.281462225367605],[8.984642275151847,39.28145198738788],[8.984646696238928,39.28139842976073],[8.984651562497751,39.281345102871164],[8.984675101387966,39.281170724824264],[8.984825935287402,39.28067514749308],[8.984976736264786,39.280323743781274],[8.985185485069387,39.2800714673928],[8.985359471420763,39.27972006609604],[8.98538493033451,39.27960146301259],[8.985413889242892,39.27945031110037],[8.985269713519887,39.27926050216566],[8.985251296509,39.27923691644357],[8.985220451606528,39.27919742035494],[8.984879191505375,39.279161064318195],[8.984839284514173,39.27916624942171],[8.984408862311893,39.27922434548771],[8.984259163703179,39.27931047158522],[8.98400301722203,39.27945857266408],[8.983736320131039,39.27960146699301],[8.983666746193572,39.27963874445688],[8.98340274040515,39.279710793613646],[8.983237735643327,39.279755823694124],[8.983156576725017,39.279757515948546],[8.982809636182706,39.27976359177429],[8.98274281933322,39.279732154493516],[8.982460955221068,39.279602540705795],[8.98235667401103,39.27934120996276],[8.982368331427846,39.279088907651804],[8.982113340828375,39.27878250002714],[8.98202357618376,39.27866834752045],[8.982001307945437,39.278634786494415],[8.981858359422475,39.27844905905332],[8.981927998801037,39.2781517120385],[8.982136741807132,39.27794449475065],[8.982438211172548,39.27782739946614],[8.98262378726623,39.27752105850352],[8.982565910642359,39.27715160454237],[8.98231090354206,39.2769353056235],[8.981893560165915,39.27681810031687],[8.981476262051956,39.27653869861288],[8.981279262459832,39.276196254523086],[8.981221952644985,39.276140069362185],[8.981012681324168,39.27593489621853],[8.980722917507565,39.27566452252693],[8.980583979941759,39.27499769601168],[8.980587753460288,39.274754567306],[8.980593384856299,39.274727631868096],[8.980597876298312,39.274626185750094],[8.98071170937046,39.274258827175906],[8.981024819384137,39.273916465897884],[8.981222583785998,39.273775620134536],[8.981303108374526,39.27371827219686],[8.981547165981196,39.27362501282908],[8.981656265394923,39.273584314165625],[8.981894415964586,39.27349309411355],[8.9826712215746,39.27322288700375],[8.983448012739068,39.27298871753172],[8.983911770122534,39.27282658661425],[8.984375520524674,39.2726914866475],[8.98474653254434,39.27252032988263],[8.985036394709434,39.272340150596314],[8.985256713735152,39.272087874316796],[8.985453863944242,39.27174548626077],[8.985512770838747,39.27149875705408],[8.985521118445075,39.271461390640624],[8.985535977668041,39.27140189237337],[8.985544723319949,39.27134548409608],[8.98558420527674,39.271039089207854],[8.985804540737915,39.270669671452396],[8.986094406815647,39.27041740197193],[8.986824784971335,39.27018320430757],[8.989328770722645,39.27023752631381],[8.990499619922552,39.270246637757175],[8.991484985634004,39.270273746790984],[8.991693688815458,39.269967391760176],[8.991554613232255,39.26969705268986],[8.991473497922684,39.2694267213035],[8.99136921488555,39.269030234973066],[8.991361972388132,39.26898856424446],[8.991264948561527,39.26848056973779],[8.991160661308873,39.26813814970609],[8.99089410430957,39.26763352002677],[8.99032622787226,39.2666242567252],[8.990210342129311,39.26638095335434],[8.990071284640454,39.26605655028389],[8.989758420178523,39.265254556262626],[8.989694070920875,39.264973589283706],[8.989663586705808,39.26484004705803],[8.989610673068086,39.26462449419495],[8.989559624131521,39.264398228351794],[8.989538288819512,39.26430205890352],[8.989515754605886,39.26420066299222],[8.989490849297306,39.263948476757996],[8.989444925321234,39.26348635422843],[8.989260300537014,39.26304737707564],[8.989138997168372,39.262759547084364],[8.989061724118853,39.26258726670847],[8.988982222258008,39.26241605206079],[8.988959045714413,39.26237640258519],[8.98881893479474,39.2621366997334],[8.98875046031614,39.26201955167863],[8.988591217218623,39.261686133694816],[8.988449191928845,39.26138876099113],[8.988382325868368,39.26122623370924],[8.988298109875892,39.26101847596854],[8.988182701107378,39.26075797208906],[8.988124789292833,39.2605056622139],[8.988090997557757,39.26025394858983],[8.98804945028694,39.26020167899989],[8.988023635726597,39.26016882961919],[8.987895667665192,39.26000598935187],[8.987821187420796,39.25992590664388],[8.987723620457341,39.259885795851325],[8.987672934229833,39.259866489033236],[8.987560262451492,39.2598243904893],[8.987434723167869,39.25977875995651],[8.986838369897068,39.25955037091468],[8.986238581938844,39.25936708634477],[8.985971845846928,39.259284727731355],[8.985746551537092,39.25921765166003],[8.985482699798155,39.25913815595889],[8.985301849709213,39.259085038923004],[8.985268851631384,39.25907460547385],[8.985177877551333,39.25904690056132],[8.985111339315644,39.25902467105746],[8.985015067252371,39.25899127041611],[8.984980675917688,39.25898143323113],[8.98491101876904,39.258958968024345],[8.984827016624832,39.25893230901117],[8.984730845776138,39.25890372900892],[8.984645558893599,39.25887456194717],[8.984541336143911,39.25884038131831],[8.983662712057903,39.258576793638014],[8.98278188820258,39.258306340753215],[8.98237628921466,39.2580179312626],[8.982140358293949,39.25781995973219],[8.98209511967531,39.2577851164244],[8.982056251462504,39.2577450990876],[8.981935933257697,39.257648430758195],[8.981623085929236,39.25727893613997],[8.981586957919786,39.257191498906984],[8.981557854201176,39.25714252695156],[8.981497727130758,39.25701511687786],[8.981426158517879,39.256864404408624],[8.981229840190288,39.25658676510694],[8.981164914595894,39.25649836702506],[8.9808931753228,39.256224545475675],[8.980533946198008,39.25597218180749],[8.980082031724306,39.25560265871605],[8.97959201971632,39.25528737947359],[8.979548079039656,39.25525904220412],[8.979511871314738,39.25523092524494],[8.979473174418606,39.25520550211316],[8.979420558101806,39.25517088442782],[8.979365872167193,39.255135116553134],[8.979293000089394,39.25508770506029],[8.979253095043074,39.255060426282945],[8.979111616207376,39.254974297650016],[8.97904205257639,39.25492594314451],[8.979002351448871,39.25489952486405],[8.978964694674515,39.25487369986052],[8.978883699246039,39.25481592313453],[8.978842776613444,39.25477416972238],[8.97880310261283,39.254735176580546],[8.978587241961973,39.2545120608078],[8.978495532903473,39.25444072574588],[8.978274387213862,39.254268709577055],[8.977981917999594,39.254073411412094],[8.977949936162785,39.2540523863886],[8.977243091538297,39.25361972777137],[8.976839014144412,39.253127016895576],[8.976455300662089,39.2526734279992],[8.97615413969804,39.25216875715073],[8.975794969941852,39.25185330193884],[8.975516908597948,39.25160093854928],[8.97528520748141,39.25134858433217],[8.975053527181686,39.25104216474184],[8.974956521710375,39.25089914436712],[8.974937010424126,39.250870931334376],[8.974845359158838,39.25073282209161],[8.974912488307178,39.25065607753742],[8.974965676978199,39.250593949343326],[8.975053307415205,39.25049142152069],[8.975115085958079,39.25042259003424],[8.975139220496901,39.25039090361091],[8.97519619665589,39.250324136369116],[8.9752531727065,39.250257369999744],[8.975310157918626,39.250190609010254],[8.975367066545523,39.250123811932035],[8.97542420573801,39.25005688421482],[8.975481130370214,39.249990096994715],[8.975501880016644,39.2499664944231],[8.975537694345576,39.24992365749372],[8.975633641519725,39.24980889136868],[8.975744186833694,39.24967896544423],[8.975772545692287,39.24964563526318],[8.975791551442773,39.24951948653409],[8.975802338990658,39.24944789391344],[8.975829824081076,39.249265486039135],[8.975834876476814,39.24922980544583],[8.975877085747287,39.24895181673203],[8.97585395206113,39.24879121480421],[8.975839572713754,39.24869869347502],[8.975833592105834,39.248646473654034],[8.975830136798633,39.24861781264068],[8.975817707575903,39.24851966796323],[8.975805166259137,39.2484274380615],[8.975801176757582,39.24839866159479],[8.975793665066607,39.24834708573544],[8.975779934212982,39.248263229477494],[8.975774099384832,39.24822205442857],[8.975764016068858,39.24816727553124],[8.975760702639418,39.24813733678709],[8.975614479590373,39.24702854204895],[8.975599675112184,39.246947479829096],[8.975575978799979,39.2465416412937],[8.975575985207723,39.246479730490805],[8.975570749746243,39.246415281998395],[8.975542041418839,39.24596012800072],[8.975735707626141,39.2449046605559],[8.976013483779008,39.24403414587311],[8.976273047204186,39.243220961752],[8.976716910110156,39.241347911570614],[8.97684934158472,39.24079039869022],[8.976864861758736,39.24072505862451],[8.976963412562336,39.24055162031904],[8.977432974504996,39.23972496880183],[8.978058932918799,39.23898619294787],[8.978373583883853,39.2386772650546],[8.9784996785135,39.238552859280425],[8.978532418533954,39.23845128806287],[8.978538488177774,39.23842038960421],[8.97858983371864,39.23827778755907],[8.978638559806075,39.238148285181694],[8.978851716102609,39.23732063864584],[8.978876412010392,39.237224039014194],[8.97891697724778,39.23706702626743],[8.978976983555226,39.23690521145187],[8.978997632412975,39.23684524523686],[8.97901320522101,39.23680753524847],[8.979029345713181,39.23677006054679],[8.97911411510915,39.23653541787706],[8.979392364503111,39.23598580150006],[8.979554644543963,39.23576956810469],[8.979616855735072,39.23570739325311],[8.97971607764611,39.23560597564136],[8.97979803890111,39.23552631559558],[8.979923679798032,39.235229313387826],[8.979940169686511,39.23519072124682],[8.980099495973624,39.234823515476094],[8.980327761671132,39.23416681501431],[8.980377798677987,39.23403060155106],[8.98039693812684,39.2338913137226],[8.980505495678683,39.23314755268892],[8.980483912022901,39.232646357471616],[8.980479363468026,39.23254073701646],[8.980475631147327,39.232454092053054],[8.980466804743513,39.2323490574927],[8.980610136829107,39.23183197544498],[8.980760851695427,39.231489585214085],[8.981004307266756,39.23094896975338],[8.98117455381065,39.23041981022428],[8.981236865699962,39.230226129731975],[8.98128260361645,39.23008396603218],[8.981367934092376,39.22969289867421],[8.981398603415817,39.22955234006717],[8.98136397895822,39.22904772294378],[8.981294546107263,39.22874133953822],[8.981397993313225,39.22810227414115],[8.981405906433663,39.228071300079776],[8.98141058876853,39.22803850618052],[8.981517109694332,39.22790365273443],[8.9817442147048,39.22761392799714],[8.9817627265833,39.227590312153424],[8.981897345438552,39.2274168280626],[8.9822421090231,39.227040674378685],[8.982407572548837,39.2268608596428],[8.98245460587249,39.22681150985485],[8.98300985150421,39.226200516194965],[8.983496672105446,39.225191361474316],[8.983925668402458,39.22367758452102],[8.983937451460582,39.22280352527703],[8.98473714471091,39.221217708022785],[8.984875180488885,39.220998999871064],[8.984902396436855,39.22096503998627],[8.986394229431493,39.21863177240258],[8.986915595517099,39.218192548574415],[8.986938766327537,39.218172276381885],[8.98674146989081,39.21798469693943],[8.98669968802685,39.2179501529396],[8.986660342935117,39.217918542290455],[8.986637637243364,39.2178929024369],[8.98567931206891,39.21764428807929],[8.98559409993025,39.21762218075019],[8.985560385295026,39.21761343408466],[8.984494711158105,39.217406045461324],[8.983811321181618,39.217144634710365],[8.98352005019434,39.216951029936126],[8.983446543273727,39.21690217076999],[8.983255384756955,39.21677510787801],[8.982768932806078,39.21650470810355],[8.982224561122903,39.21625232040727],[8.981958188223777,39.2160450268513],[8.981621484590594,39.215826668684514],[8.981543657680156,39.21577123678909],[8.98147175812895,39.21572956741797],[8.98124077340113,39.21555952669215],[8.981043249475123,39.21541411537635],[8.980681811504791,39.21527994223768],[8.980631638529113,39.21526180733213],[8.980601668950825,39.21525072149008],[8.979305900342617,39.21477404604186],[8.977747908895026,39.21393757991801],[8.977682315923705,39.21389976431651],[8.977475215991229,39.213784717639015],[8.977313892092544,39.21370137219336],[8.97680466678447,39.21348537043733],[8.976763063608475,39.2134692495306],[8.976430685459452,39.21332457831515],[8.976227883848692,39.21324191230384],[8.97553033128914,39.21294409040936],[8.974127328851498,39.21254163143102],[8.973769881181465,39.21243909250989],[8.973386285579123,39.2123458251753],[8.973332226610873,39.21233164657627],[8.973278799240912,39.21231668864307],[8.973180832740711,39.21229172811163],[8.97306236394879,39.21226127143839],[8.97275071255208,39.21218410871342],[8.972507706266104,39.212123166806506],[8.972170425733022,39.212038308267175],[8.971590587155855,39.211892772664],[8.971093454901231,39.21176746645997],[8.970920740696968,39.21172654945055],[8.970330032665217,39.21162890027392],[8.970226305753252,39.21160634533721],[8.970121575001345,39.21159118450104],[8.969658388805126,39.21148014262432],[8.969589057598727,39.21146399029909],[8.969252945828073,39.211383706619124],[8.968500166233046,39.211140209516834],[8.967758991227628,39.2108606666327],[8.967412344934717,39.21072570840274],[8.967197610609473,39.21064210507436],[8.967124261427461,39.21061376813667],[8.96706621862285,39.210591302562634],[8.96694834419089,39.210545056110725],[8.96777735269264,39.20942048364806],[8.967800246204138,39.20938922620104],[8.967865558378156,39.20929546641949],[8.967889766099415,39.209259868702304],[8.967929657314215,39.20920250464332],[8.968547736023805,39.208364847992726],[8.97098130743869,39.20528373034516],[8.971591245001964,39.204527309295976],[8.973103824413368,39.202641555499056],[8.973159734203954,39.20257195087669],[8.97321547316817,39.20248527927163],[8.97341467635453,39.20217552612537],[8.973623275365096,39.20181513448322],[8.973588716704045,39.201319523706005],[8.973507868521637,39.200733791901676],[8.973559847597057,39.2005170934578],[8.973585675785348,39.20040941460942],[8.973693743393502,39.19995889032623],[8.973800895102293,39.19951980252365],[8.973856466276576,39.199292892488785],[8.973913479094419,39.19914693800047],[8.973938822724792,39.199069064784936],[8.97400376577337,39.19891380811252],[8.973961479659382,39.19867394256962],[8.973913986383298,39.198642640176615],[8.973871665461782,39.19861681583986],[8.973531907810566,39.19840948681845],[8.97333504986453,39.19836859304152],[8.97318451186229,39.198337319886086],[8.972922409283818,39.19816605112415],[8.972749608126152,39.1980499602271],[8.972604069835182,39.19796073922808],[8.972533892282001,39.19791101054377],[8.972050625058731,39.19666085375481],[8.971865438101291,39.196030130112256],[8.971751333641686,39.195552477016825],[8.971796527671263,39.195192264766206],[8.971868607899816,39.1948853494484],[8.971873326812563,39.19483900222631],[8.971875118352452,39.194801058908176],[8.971888894845888,39.1947501191338],[8.972051142197236,39.19443477393006],[8.972117015128688,39.194285092647675],[8.972143878612158,39.194224051872666],[8.972201817439332,39.194092393455406],[8.972271415257264,39.193786043132015],[8.97250321154006,39.19328148337559],[8.972653844862112,39.1930382220727],[8.97285085582659,39.19264178519105],[8.972955170561798,39.19238950161085],[8.973013175586459,39.19211017403161],[8.973080174326624,39.19182738463689],[8.973105965287333,39.19171371246896],[8.973349270599378,39.19136233973104],[8.973743080839096,39.19108308896437],[8.974136988207274,39.19053350683087],[8.974206144323977,39.19037019215896],[8.974236323581614,39.19028907855202],[8.974252408531909,39.190245107223134],[8.974263948613997,39.19020718581621],[8.974289072647165,39.19012464462545],[8.974314193147656,39.190042103427324],[8.974329461391758,39.18999244862871],[8.9743370350704,39.189958680438835],[8.974359272385453,39.18987554927006],[8.974382797255743,39.18979249046742],[8.974408207626603,39.18970506711406],[8.974406768984315,39.189623377906756],[8.974380495600446,39.189373769282625],[8.97437057612901,39.189302041738266],[8.974357575034404,39.18920586379469],[8.97434594876104,39.189073772555304],[8.974508185087506,39.18872237935875],[8.975110429410075,39.188362069670546],[8.975284211035905,39.18809177740584],[8.975492768209167,39.18770434833002],[8.975539168938509,39.187461061992494],[8.975759369938562,39.186875393162936],[8.976037379001978,39.18653303189735],[8.976237012399586,39.186377411986676],[8.976359823082852,39.186279345181674],[8.976390508785531,39.186263855970104],[8.976826051376221,39.18603060268641],[8.976905687367701,39.1860084359494],[8.97700086218972,39.18598238755423],[8.977369160735991,39.18585747253718],[8.977716606497435,39.18558721012646],[8.978006022422175,39.18574946256043],[8.978283855327003,39.18592973515198],[8.978550068149888,39.18625418023154],[8.97879313526527,39.18654257620293],[8.979152003414809,39.186794949060854],[8.979271846976859,39.18679009815759],[8.979626744690085,39.186767999832405],[8.979932057042495,39.18679291885662],[8.980380562130389,39.18682952520509],[8.9806226483597,39.18684929274472],[8.980866403075852,39.186882526194545],[8.981034202111719,39.18689919797049],[8.981129298853158,39.186856500950505],[8.981248146505814,39.1867996900377],[8.981398317805874,39.186732253651336],[8.981444629308434,39.18674404480871],[8.982004770100811,39.18688855124066],[8.982057187107714,39.186919696166605],[8.982347692599227,39.187092841339854],[8.98241721841437,39.187172994480676],[8.982648665550926,39.187408272988826],[8.983077009159942,39.187732731676036],[8.983459042191207,39.188048171140046],[8.983864220568876,39.188435701063405],[8.983931380462135,39.1885406469],[8.984037844513372,39.188715065286104],[8.984165162698464,39.18894936853272],[8.984651035978962,39.189716414743785],[8.984998587083403,39.19026508144014],[8.98532268573335,39.19086885935232],[8.985739386446097,39.19167088919454],[8.986260328448735,39.192400841303936],[8.986642402141046,39.19271627008443],[8.987221328327788,39.19307677464084],[8.987649820437666,39.19286956831341],[8.988147797434724,39.19260830113978],[8.990116510133157,39.19157222103901],[8.990950284513618,39.19125690436538],[8.991320844235696,39.19115781178882],[8.991853494895746,39.191238948894465],[8.992432455888865,39.19141019718718],[8.992872470390868,39.19151835675902],[8.993243006918854,39.191635521718965],[8.994817810365324,39.192032085433574],[8.995477842771443,39.192203322148515],[8.996114717822378,39.1924105976847],[8.996751599156703,39.19256267609672],[8.997133729738437,39.19265392219199],[8.99947284845615,39.193167582068426],[9.000156063711069,39.1932126384454],[9.000622578121988,39.193219694347036],[9.000913111581337,39.19325054088744],[9.001070876724967,39.193266699074016],[9.001301525899777,39.19324721752241],[9.001359592606542,39.1932424076578],[9.001392219226814,39.19323966250435],[9.001495958569365,39.193232063094726],[9.001593210297585,39.19320352829111],[9.00173382065196,39.193163590176454],[9.001845316501145,39.193126052902414],[9.001877148544022,39.19311889400953],[9.001955661455945,39.19309842319899],[9.002010050998381,39.19308124809803],[9.002078230989211,39.19305991141987],[9.00211661131179,39.19304794854947],[9.002237574721253,39.19301554252452],[9.002280781448162,39.193001234829836],[9.00233130084394,39.19298503284859],[9.002668894890576,39.19288820809221],[9.004243733742824,39.19252772263869],[9.006812455287672,39.192053834416505],[9.00689050879112,39.192039622089126],[9.00761338722688,39.19190579259749],[9.008073993043435,39.191794588540226],[9.008124208416955,39.19178189567507],[9.00910189194867,39.19154081809393],[9.009237706723654,39.191511252929566],[9.009639766406226,39.191410039667225],[9.010153271749305,39.19127130952075],[9.010392411680746,39.191206703460566],[9.010448859177625,39.191191452598325],[9.010705048821931,39.19112159181799],[9.010971372376472,39.191073484924466],[9.011551241913583,39.190966792883906],[9.011653344937532,39.19095029427704],[9.01214386387392,39.19086234488702],[9.01270826163496,39.190844345475206],[9.012789318523128,39.19084204419228],[9.013272987592881,39.19090437187461],[9.013560047076192,39.19090137688482],[9.01368063004513,39.190899872359616],[9.013813613598202,39.190898214854315],[9.013866710675345,39.19089755254205],[9.013993599878736,39.19089597034826],[9.014437477862378,39.1908777706191],[9.014844293690517,39.19081457538928],[9.015024155818224,39.190785117703754],[9.0151141332861,39.19077105151435],[9.01560310980377,39.190692461966506],[9.01568416289287,39.19067948957324],[9.016182075465142,39.19065229909172],[9.016761042496265,39.19062067852948],[9.016842097329633,39.190616251421254],[9.017001317257423,39.19062411297682],[9.017201066298831,39.190634221104084],[9.01734000327219,39.19056571734231],[9.017475283597573,39.19049901527382],[9.017548407647006,39.19046296003603],[9.017918919372594,39.190338388789684],[9.01805786064271,39.190291673817434],[9.018253554482904,39.19026435242138],[9.01836795465834,39.19024774868215],[9.018497862752238,39.190229347365964],[9.018822073420836,39.19018342102722],[9.019076815251115,39.190164938458906],[9.019655774091097,39.19012293177914],[9.020234732239992,39.1900809204203],[9.020724206480454,39.190045263219446],[9.020813397229047,39.190040573283376],[9.02131159306969,39.19000277283028],[9.021392645303234,39.18999305486503],[9.02191369881021,39.18993057354644],[9.021971591466347,39.18991929881565],[9.022515787782268,39.18981331583935],[9.022550524245103,39.18980745102972],[9.023129459815104,39.189709718898385],[9.023218297162328,39.189695552058566],[9.023708404153375,39.18964285759189],[9.024055769947745,39.18960395231619],[9.024125212279044,39.18959555136221],[9.024287345614285,39.18957082556396],[9.02441471127405,39.189551614392165],[9.024865979341172,39.18940107475251],[9.024918107033894,39.18938368487924],[9.025040659054476,39.189342803345184],[9.02534383891256,39.18924166249602],[9.02544514603997,39.189207826399894],[9.025630673292236,39.18914585810173],[9.026031754854838,39.189010868150405],[9.026602959886377,39.188908953759096],[9.027181879002283,39.18880522804822],[9.027763918841343,39.188700227254614],[9.028339713280877,39.18859776709239],[9.028918628443417,39.18849403184749],[9.029089953640913,39.18846333265675],[9.029175097472832,39.18844807546018],[9.02920809001894,39.18844216674921],[9.029259329560142,39.18848485642902],[9.02946930291555,39.18867128118936],[9.02949621844962,39.1886951320734],[9.029523615936828,39.18871955052608],[9.029575102601363,39.18876246077339],[9.029766127835813,39.188918095387],[9.029834394463212,39.18895576129658],[9.030076092245785,39.189074073002054],[9.030132116955798,39.18911312599483],[9.03017222951658,39.18914432092874],[9.030402801559061,39.1893236325246],[9.03045413406265,39.18936660549658],[9.030655949756904,39.18953978756283],[9.030734230220919,39.18960680474519],[9.030794891271352,39.189651879187124],[9.031154865165291,39.189900712300684],[9.031220928310809,39.189942609575446],[9.031386099612554,39.19004555263378],[9.03150167295773,39.19011745224985],[9.031558706813664,39.19015675478417],[9.031780547501521,39.19031489269373],[9.0318142475891,39.190353832010096],[9.031937244883537,39.19049595236711],[9.031999624224929,39.190568029152026],[9.032056900631959,39.19060710339287],[9.032267058269891,39.1907563181211],[9.032331077249912,39.19078664782684],[9.032393430028955,39.19081204170116],[9.032737042271194,39.190954452892804],[9.032805516713587,39.19112759198102],[9.032856836791211,39.19127965899207],[9.032734368807922,39.19139683003887],[9.03244477360894,39.19166735728135],[9.032393823087888,39.19166818065091],[9.031884329390392,39.191676412217085],[9.031814901743845,39.191650532507865],[9.03162012449363,39.19157792664944],[9.031328414003685,39.19146931043706],[9.031235756409748,39.19144015389617],[9.031099495245611,39.191397277874195],[9.030842003604372,39.19131625398245],[9.030656727866852,39.191330720574484],[9.030494626876745,39.191343377695716],[9.030390446798751,39.19139746496956],[9.030112585008983,39.19154171948181],[9.030077839000027,39.19154473274388],[9.029591520777258,39.191586907380376],[9.029498883265425,39.19160720755791],[9.029221005145745,39.19166809952957],[9.028954732405497,39.191812342059634],[9.028945094580806,39.19184908795121],[9.028920097883203,39.19207366958467],[9.029024407731864,39.19229891201562],[9.029128721726089,39.19252416695885],[9.029252880901163,39.19274940420361],[9.029267783902656,39.19277643904234],[9.029499522793444,39.193136807598805],[9.02954008380243,39.1931998810333],[9.02956905616193,39.19324493437849],[9.029766012818415,39.193479169915776],[9.029817311812103,39.19352155382264],[9.029957427244437,39.19365032283036],[9.030023889287397,39.19371140249038],[9.030078796889065,39.19379164260162],[9.03024102683551,39.19402871754707],[9.03030722438187,39.1941007815875],[9.03046877533558,39.19427721107292],[9.03052801082049,39.194321318202434],[9.030658071302796,39.194422456581535],[9.030717688998093,39.19446881717789],[9.030770241048284,39.19451107146937],[9.030819611143801,39.194551196365026],[9.031014530563649,39.19470912376113],[9.03106701265885,39.194752122248715],[9.031247889019888,39.19490049046096],[9.03129977570257,39.19494503890336],[9.031359941720998,39.19500117150835],[9.0314837194778,39.195116678770965],[9.031736320075714,39.19545204943912],[9.031770253480653,39.19549710086777],[9.031816603820461,39.19557899149085],[9.031897738326764,39.19572234057792],[9.032000753740757,39.195902525288844],[9.032036812622115,39.195965598158985],[9.03218748892843,39.19625390852422],[9.03222672725432,39.19635301204836],[9.032326614822944,39.19660529835009],[9.032261878021355,39.1967717441178],[9.032249505967197,39.196803554754034],[9.032227732233459,39.19685953472966],[9.032210946169965,39.19690269239745],[9.031875181238718,39.19705597171623],[9.031817275510365,39.197068275914596],[9.031365684943658,39.197164241706076],[9.031238301587027,39.197188550800085],[9.03089288411697,39.19725447133198],[9.030798284898685,39.19727252478662],[9.030659324116005,39.19730520667242],[9.030184575787242,39.197416860411636],[9.03008037719286,39.19749799312583],[9.029941463883366,39.19760615430761],[9.029969812754448,39.19770526136702],[9.03003278189421,39.19793107469042],[9.030087871953118,39.198018656895236],[9.030174369592427,39.19815566195812],[9.030208076743628,39.19820982134733],[9.030187869112437,39.198347244191],[9.030161889465136,39.19852521734307],[9.030080821964086,39.198541009439786],[9.029745048085873,39.198606415841034],[9.029698694633266,39.19861242361793],[9.029501981803568,39.198615588713956],[9.029108078908653,39.19862460512374],[9.029051037913327,39.19860659095444],[9.028922753692392,39.19856607765468],[9.028737446156656,39.19850755439138],[9.028344100310699,39.19844904738695],[9.028193116254952,39.19842658883596],[9.027799391854323,39.198480749740256],[9.027764773655443,39.19851141899155],[9.027656970010803,39.198606930215064],[9.027463665953515,39.19877819218056],[9.027418738999668,39.19883494443571],[9.027328528709308,39.19894682067952],[9.0272791851231,39.19900801455987],[9.027239399362532,39.199057577426444],[9.027186000861304,39.19912410224923],[9.02711640705817,39.19921079934545],[9.027131655844185,39.19933751275911],[9.027142641529611,39.1994276468123],[9.027152160701506,39.19950174514417],[9.027186022355282,39.19956749536892],[9.02725654313481,39.199706166123796],[9.02734788245745,39.19988689821964],[9.027259744445,39.199958670238715],[9.027212551188471,39.19999709987015],[9.027185954235545,39.200018758724134],[9.027093219621433,39.20009427307477],[9.026999232399842,39.200041440597],[9.026914681320383,39.19999391337019],[9.026854995663351,39.1999603069262],[9.026803996652871,39.199931749145215],[9.02676558087794,39.19995898936119],[9.026610652620525,39.200088903773484],[9.026582970586794,39.200111334984044],[9.026348956537506,39.20040942850978],[9.026213606016372,39.20058067522827],[9.02602824058214,39.20067479571208],[9.025673529786253,39.2008536076088],[9.025449363293042,39.20090910265514],[9.02535672959987,39.20093229115203],[9.025020933783313,39.201094561667944],[9.024870385468965,39.201138525451206],[9.024557732453166,39.20122982590166],[9.024290863768634,39.201249032120025],[9.024098479660642,39.2012631617416],[9.024059906366908,39.20126499715363],[9.023712304228821,39.201236740395174],[9.023260626239932,39.20120305895093],[9.023133225759304,39.201205915586904],[9.022963744863093,39.20120971663279],[9.022855286623212,39.20121215021619],[9.022690813426141,39.20130944938804],[9.022553921170763,39.2013899319848],[9.022473178442295,39.20143749797003],[9.022294530136204,39.20162027627953],[9.022150073254625,39.20176421471853],[9.022066386603141,39.20185127097888],[9.02198296404802,39.20193540124199],[9.021700204033104,39.20221258169675],[9.021511580726637,39.20239747913546],[9.021442758416676,39.20246494308612],[9.021396440424045,39.2025183591538],[9.021270849969905,39.20266319772311],[9.021224747059152,39.202716364976695],[9.021130167625536,39.20282543831405],[9.02116438854701,39.20311377735289],[9.021211444657999,39.203510257345535],[9.021271699077193,39.20353162866062],[9.02139027492378,39.20356635532939],[9.02153575887066,39.20360931840506],[9.021767410430307,39.2035642147405],[9.021860024878611,39.203546181624674],[9.02197485993442,39.203543051212286],[9.022195886173867,39.203528096039896],[9.022464543208807,39.20356408240636],[9.022540095154403,39.203578152072026],[9.022596911112235,39.20360216270069],[9.02293559507099,39.20373759825204],[9.022988741539349,39.2037773535025],[9.023134112450455,39.20390924096304],[9.023218162062538,39.203985493694105],[9.023220475221283,39.20401448175161],[9.023238464143597,39.204239758687585],[9.023308027156068,39.20446501269013],[9.023447160311806,39.204915537663794],[9.023308255812367,39.20514985255738],[9.023134521956566,39.20515761144813],[9.022902896444778,39.20516795502744],[9.022555428800286,39.20515901177638],[9.022349873883602,39.20515372045984],[9.022207978616372,39.205150067485675],[9.022216008700651,39.205217227031056],[9.022233835194461,39.20536631937882],[9.022287704147413,39.20581682045767],[9.022312491667888,39.20602411103595],[9.022368790943208,39.20606368122332],[9.022556719409966,39.20620305114759],[9.022618349886347,39.206237952463425],[9.02267346806409,39.20626652656246],[9.02283305861312,39.206349256365485],[9.022898169317337,39.20637911968047],[9.023135055294599,39.20648327741544],[9.023365349581946,39.20658453803951],[9.023455506016802,39.2065619580892],[9.023545252443286,39.20653955476825],[9.023714053550812,39.20649801389305],[9.023806737800356,39.20647438787578],[9.024106113349143,39.206336912505044],[9.024271831519174,39.20626476186546],[9.024871252678352,39.20600833990901],[9.025068974542425,39.20592443000065],[9.025447787668105,39.20585382839155],[9.025544760954189,39.20583467943921],[9.025637536899547,39.20583161152719],[9.025773987090918,39.20582692361503],[9.02586809517092,39.205824445447675],[9.025907214463931,39.20586455750077],[9.026012424493928,39.206004680025906],[9.026027192718955,39.206029472400076],[9.02605349515253,39.206059378660676],[9.026055574552519,39.20612318535291],[9.026056396545291,39.2062664642688],[9.026065205998245,39.206410803795656],[9.026040757183022,39.206570734444014],[9.026031164643683,39.20664873161673],[9.026021724744997,39.20671670667856],[9.02599589351374,39.206897410760014],[9.02603445887157,39.20707606666669],[9.026047908755025,39.20714024116002],[9.026049957349727,39.207167613525876],[9.026062346260225,39.20720654023238],[9.026125276462245,39.20725053783882],[9.026266025917593,39.207340943649356],[9.026332358736168,39.20738355087404],[9.026391468225567,39.20741819484286],[9.026623803768295,39.20755231449558],[9.026688425802222,39.207618124421515],[9.026784832487662,39.20772705832713],[9.027015236414544,39.207987430342655],[9.027029572245954,39.20806968965332],[9.027036195295576,39.20810950607572],[9.027047462140306,39.20817447301859],[9.027073577736845,39.208320900764555],[9.026983056568094,39.20851915730388],[9.026888414944313,39.208726438366206],[9.026888507715643,39.208969726332086],[9.026888576440731,39.20914995238251],[9.027049580268375,39.2094267232207],[9.027155192994012,39.2097175810781],[9.027136499533935,39.209870764865215],[9.027109007647905,39.21009605155983],[9.027108497306418,39.210124359833586],[9.027106172359046,39.21025318117588],[9.027104941818584,39.21032132017589],[9.027104045830034,39.21037088736249],[9.027129120399898,39.21041323877808],[9.027184795928783,39.21050727843385],[9.027221185153856,39.21056874499049],[9.027271381418375,39.210654693076],[9.027328592666276,39.210693517210835],[9.027439333394398,39.210771789825905],[9.02752730421287,39.2108339695116],[9.027653792778676,39.21111416186329],[9.027668465622826,39.21122228352704],[9.027700259071311,39.21145656724268],[9.027692333584625,39.211552873600105],[9.02768282239097,39.21167286131626],[9.027665679792776,39.211889101243166],[9.027600658439454,39.21212339529448],[9.027573146784034,39.212222528525416],[9.027534892936929,39.21251764603151],[9.027526952651979,39.21257396502803],[9.027573528832097,39.21282623033892],[9.027718568076681,39.2130233779156],[9.027735633712119,39.21304699265627],[9.027770394011776,39.21309428055155],[9.027805169425235,39.21314159096002],[9.02797990109046,39.21346914498918],[9.028083409785214,39.21375426859118],[9.028112544217228,39.21392546384093],[9.028164684205528,39.21423182970766],[9.028158763567921,39.21437599942624],[9.028156041278612,39.214442277972836],[9.02815321230195,39.21451117154372],[9.028188063683274,39.214763469994715],[9.028240391633068,39.214805088252774],[9.028266635130556,39.21482772118484],[9.028295783918672,39.21485353339564],[9.028350248110774,39.214901167745474],[9.028561513372106,39.21508594124947],[9.0286171180334,39.21512571307493],[9.028843048570215,39.21527695784663],[9.028929621737436,39.21533491060047],[9.028976656134859,39.215366396942485],[9.028995581268257,39.21548414738209],[9.029010823062698,39.21557706976126],[9.029022435255786,39.21564633820551],[9.029022453305057,39.21569018043085],[9.029022468839543,39.21572791408427],[9.029022503236607,39.2158114651778],[9.029022520811179,39.21585415399116],[9.029017960761202,39.21611980276501],[9.029019179067284,39.21617815333419],[9.029002699469299,39.216489420654035],[9.028995327980123,39.21662853193279],[9.028988143659452,39.216763704443935],[9.028966492698366,39.21683810211502],[9.028948876789173,39.21688251010133],[9.02893267438516,39.216964319777276],[9.028902567159568,39.21707855094793],[9.02888115276645,39.21715120130362],[9.028846946137808,39.21727187905523],[9.028823974493902,39.21730425683133],[9.028671106090856,39.217530446826764],[9.02863954686236,39.217573740825415],[9.028455701298107,39.217782072892156],[9.028394841004072,39.21798032205652],[9.028351574423379,39.21812126312963],[9.028328444622668,39.218196607181774],[9.028329064694857,39.218430885404835],[9.028328578612152,39.21853001213149],[9.028351758750757,39.21857954907056],[9.028466472822766,39.21882790620227],[9.028519266724818,39.218873769282155],[9.028725052385997,39.21904182195791],[9.028938717180857,39.219330445123745],[9.02899612787646,39.219372923199614],[9.029060108100756,39.21942663814849],[9.029087424105949,39.21944959230316],[9.029234895093929,39.219573381175074],[9.029287616533153,39.21961515652179],[9.029502944372984,39.21978228537731],[9.029546586975355,39.219825683986045],[9.029723411596866,39.22001421884459],[9.02977167449485,39.220057978431115],[9.029972316661432,39.220232662290385],[9.030011624499544,39.22026688501845],[9.030059934085378,39.220310639966044],[9.030090120282614,39.22033914663015],[9.030363077764376,39.22059691429178],[9.030394829911065,39.22062689917491],[9.030453189766671,39.22067384393652],[9.030670505460641,39.220835050747425],[9.030731962580056,39.22086953231897],[9.030934131474032,39.22096990656592],[9.030993129553039,39.2209993848355],[9.0311015159252,39.22100989072543],[9.031249933464215,39.22102708907625],[9.031353133187102,39.22103427916886],[9.031500139050156,39.22100565026513],[9.031556495511223,39.22099497227906],[9.031647717154804,39.22097720754828],[9.031715392745038,39.22096373029187],[9.03182804733123,39.22094179018626],[9.03191000030027,39.220927169922724],[9.032359965967235,39.22073184469273],[9.032417750810382,39.22070683657701],[9.032457997585762,39.22068887723073],[9.032583741059703,39.22061979522555],[9.03261341503634,39.220605351275765],[9.032646056989265,39.22058849153466],[9.03272440342682,39.22054458230474],[9.032823566281568,39.22048899338817],[9.032941360710785,39.22042934776717],[9.032971662799538,39.22040582585127],[9.033101220937294,39.22026714562679],[9.033135096884253,39.220231686660995],[9.033232211723893,39.22013372998277],[9.033298785490926,39.21988934934213],[9.033346397118134,39.21978119812239],[9.033549543162737,39.21932906700403],[9.033564184916544,39.21928604599352],[9.033575812845921,39.21925850407356],[9.033840820193467,39.21886665539028],[9.034022078710917,39.21869442727567],[9.034074331082348,39.2186456155392],[9.03414753110182,39.2186112783465],[9.034201545257147,39.218583914061156],[9.034382847377636,39.21849487508505],[9.034431356268108,39.218533308970144],[9.034476084336148,39.21857688293735],[9.034618823835606,39.21872655326354],[9.034674145217835,39.21875462325188],[9.03472309806995,39.21877884380326],[9.034926816825394,39.2188796414219],[9.035092954595903,39.21896184225846],[9.035149980841387,39.21900010386786],[9.035302470896232,39.219112984727104],[9.035338601702364,39.21913973108689],[9.035386149388067,39.21918374178003],[9.035531538473286,39.21932994903532],[9.035719714630595,39.219519184114624],[9.035858839941545,39.21974441498077],[9.035878160320125,39.21978306809376],[9.036067572800459,39.22016786468556],[9.03607313316801,39.220230932863856],[9.036112855354949,39.22068145959954],[9.03613748592578,39.22096080602872],[9.03615924962396,39.221132000435674],[9.036165837723662,39.22118381802903],[9.036168864240175,39.22120985801873],[9.036172382961702,39.221240133933044],[9.036188405510936,39.22127374364297],[9.03628816653723,39.221483267337504],[9.036314451935336,39.221548151059],[9.03632864114866,39.22158249481581],[9.036395644862054,39.22174467754639],[9.036462331705323,39.22190508966898],[9.036478318699334,39.221961213361794],[9.036480357797851,39.22200633807297],[9.036481878710367,39.22203288043571],[9.036484019336667,39.222074951282316],[9.036486974809982,39.2221066763298],[9.03648524139321,39.2221507803725],[9.036484538798982,39.22221012621953],[9.036494302270993,39.222250071682446],[9.036495279928427,39.222323712973036],[9.036495993116077,39.222356430833834],[9.036497351511185,39.222402443339604],[9.036462418470071,39.222399736557854],[9.035883330692545,39.22235487483242],[9.035802242080962,39.222348592974896],[9.035589558284757,39.22233290149084],[9.035316738654425,39.2223185750117],[9.035313606712183,39.22248389919874],[9.035314041521664,39.222632628521616],[9.035313984596762,39.22266467980659],[9.035308256219407,39.2226907684219],[9.035254648766832,39.22293446403548],[9.035246487868058,39.22297051685786],[9.035215348584313,39.22338502286658],[9.035211962803073,39.22343008434957],[9.035281770321733,39.22402478538774],[9.035326253434336,39.224177205747615],[9.035358559787808,39.224286076872474],[9.035374605654939,39.22434014436366],[9.035560143653216,39.22469151451522],[9.035616319082656,39.22473293267385],[9.035851609594861,39.22491535684472],[9.03588464098172,39.224932838843166],[9.035913506377016,39.224948118024024],[9.03621953176421,39.22508931768307],[9.036278168540585,39.225126110305006],[9.036366107573533,39.225186859429535],[9.036464064642622,39.225254529409796],[9.036534491213546,39.22530318210315],[9.036719144583937,39.22563730085574],[9.03690466439211,39.225934605455265],[9.03699302884644,39.22608775552655],[9.037051269619452,39.22619312524074],[9.037046773629333,39.22622677466894],[9.036997644288363,39.22650226394422],[9.036976892767518,39.22653830734734],[9.036847170978353,39.22676362899753],[9.03704473461041,39.226973915637274],[9.037183452835214,39.22734022194719],[9.037240467131568,39.22736281324506],[9.037454641171479,39.227439248004295],[9.037569169496125,39.22748012288456],[9.037623811776548,39.227560040965336],[9.037762955535664,39.22776354911266],[9.037820948151262,39.22788967623953],[9.038028077103498,39.22834015536123],[9.038052935771814,39.22839421956792],[9.038203723078986,39.22873093570606],[9.038232255876736,39.22880205378952],[9.038474559253492,39.22904041503414],[9.03852640342733,39.22908213235331],[9.038703532072269,39.22921289625752],[9.038725539916426,39.22924101858642],[9.038783331751834,39.229314869746496],[9.038887686866303,39.22944822300425],[9.039071826416698,39.229691449399574],[9.03911957372159,39.229754516686825],[9.03917031599193,39.22979655307362],[9.039365416666556,39.22997754713795],[9.039418870084969,39.23001905625612],[9.03958403794773,39.23014182197968],[9.03963098811251,39.23017672093727],[9.039689704022603,39.23021373525457],[9.039942510895278,39.230364491176104],[9.040127938832672,39.230475067201674],[9.040189601115143,39.23050919042244],[9.04034326793716,39.23059210788182],[9.040537748799608,39.23069766279038],[9.040770261305461,39.23104250555798],[9.040811899312828,39.2311055751757],[9.04089515805408,39.231493008085174],[9.040904840229759,39.231538066883765],[9.041101971689857,39.231837695162085],[9.041171559700091,39.231943462398185],[9.041310795681547,39.232285830084095],[9.041295059812974,39.23239395951305],[9.041253095731772,39.23268233076917],[9.041313559904,39.23284449915667],[9.041380747029999,39.23302470062763],[9.041413812379954,39.23304385075831],[9.041440755646489,39.23305945542882],[9.041473065287311,39.23307809849237],[9.041586095833496,39.23314525588936],[9.041682089696955,39.23319870724205],[9.041734072083718,39.23322869974862],[9.041797843446254,39.23326970844921],[9.04182683606178,39.23329034313296],[9.041890022789474,39.233331988168814],[9.042007385500014,39.233411285010426],[9.041795254758712,39.23351733782699],[9.041717069224399,39.23355622486844],[9.041682317223758,39.23358327570007],[9.041469199510532,39.23374651384606],[9.041112175133096,39.23389956779133],[9.040917293547873,39.23419006615368],[9.040894812571606,39.23422332461537],[9.040524086422419,39.23431957354956],[9.040477755574177,39.23433160131335],[9.039946061214875,39.23438064427507],[9.039862659698441,39.23438889447738],[9.039797798050657,39.234394912571574],[9.039801013022203,39.23435531356336],[9.039805909111196,39.234295000409375],[9.039813893582883,39.23419665980546],[9.039823429523361,39.23411066913716],[9.039837412213979,39.233907519605125],[9.039840059134832,39.23387360942747],[9.039830282011183,39.23374605043183],[9.039816882182953,39.23356590090158],[9.039816729399465,39.23329556660022],[9.039816540978071,39.23296216974675],[9.039752601804421,39.23284504233266],[9.039664760746138,39.232684134988375],[9.039392710803218,39.2325529406991],[9.039364424815682,39.23253852005207],[9.039329664800292,39.23252079995516],[9.039005266216487,39.232556953020016],[9.038785104915057,39.23253400974705],[9.038565970376514,39.23251117475092],[9.038385711055856,39.23238450093512],[9.03832138123658,39.232340515112355],[9.038228735533217,39.23210666423062],[9.03825798365509,39.23194345285416],[9.038268221938736,39.23188477438193],[9.038286490049963,39.23178225206313],[9.038248112894518,39.231490366014],[9.038213127273245,39.23124533331333],[9.03816864118768,39.231167096388425],[9.038099216568282,39.231045192195666],[9.038067117916455,39.23098908128885],[9.038042311091603,39.23092975286707],[9.038018422778723,39.23087198844901],[9.037938305430007,39.230674022194876],[9.037897098512342,39.23059292940582],[9.037765584011703,39.23033104398705],[9.03761677188484,39.23015046484274],[9.037412569766573,39.229904037398406],[9.037176762139158,39.229692069633984],[9.037045591150932,39.229570616099],[9.036910874751435,39.22944587992837],[9.036858921873254,39.22940545050024],[9.036645758517395,39.22930883061248],[9.036582011644587,39.22927776179352],[9.036465148297,39.22925845001328],[9.036323749716566,39.22924179230029],[9.036130131654366,39.22921482671972],[9.035936735409091,39.22924312251797],[9.035888956207732,39.229249915323805],[9.035597225125429,39.22929608890416],[9.035307646354644,39.229446362495835],[9.0352149908487,39.229494445311836],[9.035114683375301,39.229692709504725],[9.035064523639193,39.229791851930734],[9.034977499452145,39.23014329629722],[9.0349437762213,39.23027948966209],[9.034937332195243,39.23030551265947],[9.034735880157232,39.23041375626739],[9.034636176922335,39.230467799690736],[9.034173501030788,39.23055565572441],[9.033976520834976,39.23053721286366],[9.03374343252398,39.23051385382175],[9.033570233250526,39.23042280356026],[9.033412111701274,39.23033967929688],[9.033352183264872,39.23030440128572],[9.03318357882774,39.23016646940219],[9.033156781170238,39.23014382968639],[9.033133096783978,39.23012381938984],[9.032990727613845,39.229988629013626],[9.032793687034422,39.22980152436875],[9.03276980315478,39.229693392773065],[9.03272402564374,39.229486160728314],[9.032705681883627,39.22925216098749],[9.032702840403317,39.22921589430607],[9.032700715719528,39.22918880693051],[9.032700560991907,39.22885540260622],[9.0326765003527,39.228792326034906],[9.03260776270487,39.228612133358396],[9.032456576048197,39.2283483901902],[9.032410596126152,39.22817577109616],[9.032375786686213,39.22804451028171],[9.032410491203809,39.227947654870604],[9.03243033264086,39.22789173156529],[9.032486215291467,39.22773632123341],[9.032514635425668,39.22765700115032],[9.032456676191417,39.22756973582703],[9.032410285256876,39.227499889131174],[9.032371019867885,39.2274407716412],[9.032329139022217,39.22737771435102],[9.032062077669496,39.22699031045249],[9.03198134389253,39.22687319768839],[9.03183562463286,39.226686206076906],[9.03178466516488,39.22662057932245],[9.031665748463107,39.22654380369865],[9.031518812285253,39.226450848166174],[9.031459794448171,39.22641378202834],[9.031251244453873,39.22640032075461],[9.031042709601282,39.22638686180671],[9.030787494767498,39.22653259515328],[9.0306721010184,39.22668678768222],[9.030534027296843,39.2268712251716],[9.03057692290254,39.226994441218054],[9.030637559190623,39.227161909230766],[9.030411933577163,39.22744129958602],[9.030382813591517,39.227477358411235],[9.030093180209722,39.22750559298372],[9.03001209222831,39.227513497631435],[9.02978146235877,39.22751537884857],[9.029702381861307,39.22751991535512],[9.029646736482242,39.22752097570815],[9.029587377395568,39.22751806582836],[9.0295412620169,39.227510009980264],[9.029502591068166,39.22750073484202],[9.029359540817756,39.22745604035879],[9.029320162839033,39.2274431149802],[9.029249618448135,39.227421964964584],[9.029014110429976,39.2272275555693],[9.028934485795162,39.227161825676895],[9.028727701647394,39.226991128224206],[9.028358168916904,39.226686075491436],[9.028307034265653,39.22663774117999],[9.028248550354178,39.22659932974549],[9.028357224188914,39.22676254311461],[9.02850816238982,39.226991146115374],[9.028665275416854,39.227225163907086],[9.02877180145434,39.22738691671626],[9.028812604858517,39.22744646486493],[9.0289346849007,39.22762979502561],[9.02906206011159,39.22782686551239],[9.029085389557363,39.22785614815531],[9.029071247866002,39.22789218849172],[9.028958081400186,39.22818057329736],[9.028934914606236,39.22820330931],[9.028792761139032,39.22834280422519],[9.028691717946218,39.22844195649733],[9.028355842166782,39.22872641877834],[9.028298608212898,39.228781440360805],[9.028323694449412,39.2290105389944],[9.028344028178749,39.22919324202346],[9.028361822941202,39.229236310280264],[9.028460404818974,39.22943321536608],[9.028355508274565,39.22964716932487],[9.028332745587367,39.22969403026663],[9.028309890819129,39.229739593641796],[9.028357635903152,39.22979220537209],[9.028506960074687,39.229955837531556],[9.028562619900464,39.22998277129387],[9.028853493665016,39.230119389274144],[9.028922310219812,39.230144678700945],[9.029352872830218,39.230289031749116],[9.029378384990824,39.23031303422591],[9.029402663473292,39.23033202148586],[9.029515131558606,39.230435882662306],[9.02957823664454,39.23049415610944],[9.029909031273572,39.23036097827489],[9.030094399475974,39.230357726219914],[9.0304303974749,39.23035183224005],[9.030673686175593,39.23032566716689],[9.030766376420702,39.2303156999847],[9.030830506050142,39.23034613390088],[9.030867136739085,39.2303621457577],[9.03092002239808,39.230385262968184],[9.031135883206671,39.230479621823704],[9.030965862321759,39.23059497820424],[9.030766557416413,39.23073020231524],[9.030673874627254,39.23075854832911],[9.03044218991863,39.23082940762817],[9.03009462934066,39.2308958963899],[9.029781836654657,39.23095573142035],[9.029515330748492,39.23091138764422],[9.029457402685994,39.23090174882466],[9.029098184608415,39.23078469702478],[9.028935871451115,39.230756241975165],[9.028762623802244,39.230725932232744],[9.028634862173963,39.23070358579416],[9.028356628164017,39.23069677846655],[9.028275536979761,39.23069479052832],[9.027760661503546,39.23068796508927],[9.027702147460722,39.230722162245925],[9.02752474440734,39.23088150615191],[9.02744144217083,39.23095630538407],[9.027506689825403,39.23098584246692],[9.027644883758027,39.23104638348851],[9.027777479653627,39.23110447108449],[9.027834104401057,39.2311292774626],[9.027773782180287,39.231344706990626],[9.027766614743276,39.23137073156161],[9.027502493520535,39.23149694008749],[9.027464832354166,39.23151497817855],[9.02719837543441,39.231599237663666],[9.027094118274347,39.231632207070355],[9.026757916858285,39.23193996260002],[9.026723117898028,39.23201815090348],[9.026628333572106,39.23222757556971],[9.026453161272043,39.23239827565462],[9.02638766937175,39.232461374695305],[9.026144419753384,39.232632636678815],[9.02609068296011,39.232848903626795],[9.026075005421584,39.23291199041732],[9.026040330839654,39.233160757526456],[9.02602159196128,39.23329899218731],[9.026017931486333,39.23332649456286],[9.02570447236004,39.23355184894829],[9.02547951005372,39.23375437092314],[9.02546123685614,39.23377717543865],[9.02527592569392,39.233984466868975],[9.02517391352568,39.234213224937406],[9.024882082415337,39.234290471310835],[9.024799631315807,39.23431088077351],[9.024531237405194,39.234195989764146],[9.024464926125592,39.234164858110766],[9.024302435345355,39.23418614455534],[9.024186910248151,39.23420095293889],[9.024047825733682,39.234219010933046],[9.02372343735613,39.23435265372224],[9.023653934503429,39.234381287674296],[9.023317980232605,39.2345615743835],[9.023144185353079,39.23457254388586],[9.023006121065,39.23458127495529],[9.022961254430607,39.23458413849097],[9.022883717378875,39.23458974326885],[9.022554168486453,39.234649557640424],[9.02225176228253,39.234705576774424],[9.021985867255228,39.23488910009677],[9.021950859320558,39.23491326517143],[9.021709660487286,39.2351090922162],[9.021406373103638,39.235244370005454],[9.021360040929517,39.23526480102422],[9.020827114171032,39.23551360181885],[9.02072744860447,39.23555955853508],[9.020317372459264,39.23576959950981],[9.020247851873359,39.23579862430508],[9.019842364959388,39.2359679214063],[9.019765737307871,39.23600397028998],[9.01966857656355,39.236049680572364],[9.019344191719286,39.23620228917272],[9.019089310251784,39.236349178835496],[9.019031391923875,39.236382558715],[9.019036560708058,39.2364546376856],[9.019054653862831,39.236706947864654],[9.018730232759529,39.23677007741542],[9.018510084885662,39.236823247712955],[9.018394229768317,39.23685122897041],[9.01793977753148,39.23691117157077],[9.017827610003215,39.23691988349662],[9.017769497018815,39.23692996576214],[9.017709751886974,39.23693744407074],[9.017612295092578,39.23694962368382],[9.016980662657808,39.23708572665334],[9.016774615134429,39.23718206326241],[9.016702216231733,39.23721314716242],[9.016501039778237,39.237306858586784],[9.016469477987823,39.237319837076086],[9.016358289532976,39.23730198395273],[9.016134843241113,39.2372660648762],[9.015883261780568,39.23738241510566],[9.015839433015492,39.237408407865615],[9.015770954827616,39.23744050889415],[9.015510942943095,39.237412030336145],[9.015393296249137,39.23740132917383],[9.015092917945855,39.23754507123088],[9.015034067348921,39.237599741302496],[9.014860361611557,39.23776183613767],[9.014802443730145,39.237806890345375],[9.014570727439672,39.2379871456376],[9.014454862731931,39.23806440046251],[9.014327428175656,39.23814937180283],[9.014230727780612,39.23825750740246],[9.014142072747633,39.23835664537315],[9.013898796112468,39.238645024452744],[9.013875619121553,39.238675779913216],[9.013851265129967,39.23870809891513],[9.013701862291862,39.23890636370618],[9.013400603016331,39.23897848664952],[9.013296320375023,39.239048337351505],[9.01313151869203,39.239158728017216],[9.012983507128393,39.23925787176755],[9.012879309129822,39.239364224687236],[9.012722694450776,39.23952281272559],[9.01264710526245,39.23960187523731],[9.012543285654361,39.23983461859492],[9.012359253963185,39.240066463884475],[9.01213778520144,39.24025504563715],[9.01209144910253,39.2402942230093],[9.011943903562935,39.24031472560734],[9.011767002220727,39.240339310260545],[9.011631825824429,39.240510594719325],[9.01158194726785,39.2405732053054],[9.01161645182866,39.24087997991912],[9.011631871249724,39.24096107092607],[9.011717536382333,39.24141160790048],[9.011767225026633,39.2416729249954],[9.011820980918273,39.241862142072726],[9.011948976109714,39.242312674503125],[9.011964337173554,39.24236674512302],[9.011918783907774,39.242432160507505],[9.01181372955231,39.24258302224528],[9.011755821366593,39.24276323961446],[9.011732654766268,39.24283533610449],[9.01168297331607,39.24322232846686],[9.01166321651069,39.24337599739258],[9.011558925448664,39.243437645594746],[9.011373540295274,39.24354723285295],[9.01134426863844,39.24366437123302],[9.011292474381845,39.243871633295605],[9.011276047479207,39.24411492320893],[9.01126935367579,39.24421405002894],[9.011211457654689,39.24450240512245],[9.01119576883162,39.24456547626959],[9.011141972412682,39.24478174940331],[9.011248920502966,39.24501601642973],[9.01126948921983,39.245061074734636],[9.011311609106887,39.24546655560482],[9.011328440774305,39.245613101282814],[9.011346333680056,39.24564958047912],[9.011370988650226,39.24568656542934],[9.011511554968443,39.24591183593704],[9.01155936959379,39.246129439959454],[9.011564826934777,39.24615901704404],[9.011588520688756,39.24626857193142],[9.011590655034185,39.246294927920964],[9.01156991700682,39.24636546789771],[9.011562744648456,39.246393165644605],[9.011528286042013,39.24650962600196],[9.011508912092465,39.24657432761956],[9.011490150166583,39.24664007985249],[9.011507088500398,39.24681839275432],[9.011507332470522,39.24692137825654],[9.01151316791954,39.247016413722875],[9.01155952581667,39.24707406765187],[9.011716010072274,39.24726869175805],[9.011744990622585,39.24730473904229],[9.011800938856021,39.24732864670924],[9.012079599463348,39.24744210775082],[9.012142962385472,39.24747200858326],[9.012358334111871,39.24757613566238],[9.012683736002492,39.247592989947755],[9.012719834463008,39.24758052924144],[9.012973438952155,39.24749383733076],[9.013288849754678,39.247295548635826],[9.013680317308296,39.24728650585566],[9.013729996526251,39.24726847085343],[9.013877303932617,39.24721499939688],[9.014027955420982,39.247160311770436],[9.014358458415321,39.24716033817631],[9.014447785370878,39.24716006581163],[9.014792775287209,39.24697098848778],[9.01486916422402,39.246899382965],[9.014956225339118,39.24681777564175],[9.015036081778064,39.24674292020485],[9.015244644834462,39.2465474180167],[9.015615457106277,39.246471849712265],[9.015731346352467,39.246448233472314],[9.016194877467285,39.24641598814594],[9.016380301382844,39.24640308913677],[9.016774304696506,39.24639282001923],[9.017075615926876,39.24638496732328],[9.017186900535325,39.246366922696836],[9.017353724205583,39.24633987314447],[9.017631848351412,39.24629477559553],[9.017635464834086,39.246339615463285],[9.017637660768827,39.246366855308914],[9.017655098099404,39.24658312147482],[9.017707408601654,39.246624320721665],[9.017931594384436,39.24681858826689],[9.017959123925953,39.24684253970097],[9.018131992951892,39.24688222608389],[9.01828097269177,39.246916428278624],[9.018512744191234,39.246932291533994],[9.018674997746524,39.2469433977889],[9.018808939647398,39.246854045941035],[9.01886368239712,39.24681750749831],[9.018999423270426,39.24672708373323],[9.019092117582785,39.24669770180909],[9.019312291323336,39.24662791245539],[9.019636792490212,39.24669093502044],[9.019671554257233,39.24669931747083],[9.01997288815162,39.24677197574103],[9.020251013577587,39.24678361765227],[9.02040167570446,39.24678992337075],[9.020519861613986,39.246816928323476],[9.0207957183293,39.246879962525135],[9.020849585558318,39.246911468777604],[9.02112017524747,39.24706921930409],[9.021174898298913,39.24726735527834],[9.021224672423974,39.24744757199908],[9.021297943987902,39.24771787791033],[9.021317486260067,39.24778996932813],[9.02141029941853,39.24812335559065],[9.021392634801787,39.24816709178898],[9.021236590169378,39.248537888507265],[9.021239103966908,39.24861897868473],[9.021248316603664,39.24891619308465],[9.021314602866513,39.24898044992242],[9.021409618037868,39.249072599410496],[9.021526929712078,39.24918681346929],[9.021578033119289,39.24923484960767],[9.021631616929206,39.24926857764336],[9.021955819949078,39.24947448884119],[9.021989487300475,39.249498603055],[9.022020352740993,39.24951271561175],[9.022210163917922,39.24961927484217],[9.022275751429177,39.24964595551314],[9.022510045139262,39.24972997831128],[9.022569702636616,39.24974223700369],[9.02302172014712,39.24983511831332],[9.02314462310662,39.24983707006057],[9.023228676242356,39.24983507722154],[9.023496878361119,39.24983502342207],[9.023728668293463,39.24987359293992],[9.02398365234749,39.24991602202714],[9.02414890673983,39.249969822115716],[9.024308410112067,39.25002176420673],[9.024482047352999,39.25007825184604],[9.02473642123163,39.25007275817581],[9.024906183036318,39.250069074356375],[9.025108252395,39.25006198889699],[9.025175821002453,39.25005336432967],[9.025231469393546,39.25004641474207],[9.02553664805919,39.25002382440979],[9.026081329069692,39.2499876607336],[9.02642901238894,39.25000560429523],[9.027078062621456,39.25014061794233],[9.027576460438475,39.25029368657591],[9.027638577549784,39.250326982700734],[9.028097422223816,39.25056466426598],[9.028318407204578,39.25087020602135],[9.028370131493308,39.25091155738121],[9.028657415426798,39.251165572011125],[9.028977616768627,39.25126984429347],[9.029044962525095,39.25129246847486],[9.029326728323946,39.251388647613126],[9.029315450746564,39.25172599402436],[9.028956242703627,39.25188828038353],[9.028678141208701,39.25200548995494],[9.028156656548484,39.252122758855066],[9.027843772990005,39.25221294373752],[9.027357045215822,39.25230316784136],[9.02674279150894,39.252294299538846],[9.02632561582043,39.252429558168714],[9.0259431579975,39.252429643990006],[9.025607041572517,39.25238466354691],[9.025213681892334,39.25232102832418],[9.024963689533894,39.25215491725965],[9.024888377090758,39.25210487475743],[9.024862124932536,39.25208743062829],[9.024807239745167,39.252051433609324],[9.024471125850217,39.25200645078539],[9.024308876759811,39.25204471378772],[9.024088701150598,39.252096639271876],[9.0240609415867,39.25212050604864],[9.02386856250875,39.25228591308101],[9.023532515512965,39.25243916698373],[9.023161640280135,39.25242121939856],[9.022790757643842,39.252376237736314],[9.022419880060962,39.25234927682343],[9.021991063769153,39.25234935858142],[9.021364040221917,39.252269923776595],[9.021005027873542,39.25210614988995],[9.020947917488428,39.25207922459548],[9.020760780985958,39.25183858600153],[9.020468301753132,39.25172834714104],[9.020402496780477,39.251703460484634],[9.020028189346338,39.25157356928741],[9.019962653287925,39.251547749700435],[9.019777774302597,39.25153305642081],[9.01942788739078,39.25150542370766],[9.019158528362258,39.2514043751868],[9.019093393274131,39.25137669337807],[9.018620488075225,39.25140741083862],[9.018535169234324,39.251412157008],[9.018210299738532,39.251322762689966],[9.01810923165262,39.25129490932823],[9.01793438641996,39.251174119131015],[9.017852654321267,39.25111765544726],[9.017795297417338,39.25107953972108],[9.017592347481035,39.25108361557684],[9.017342719827846,39.251088680234425],[9.017188358612293,39.25113434186748],[9.017007357102905,39.251187960268965],[9.016961208142648,39.2512624498555],[9.016923826700015,39.251322953127534],[9.016868194058036,39.251412949224814],[9.016792334989056,39.25145376094608],[9.01652058384981,39.25160235912141],[9.016172918838931,39.251692516687235],[9.015917647942704,39.251685935102024],[9.015825231816894,39.25168355348202],[9.015733757997099,39.251743692453324],[9.015662146772971,39.251790163551625],[9.015629614732749,39.25181130494673],[9.015364475079906,39.25198619352857],[9.01530377707804,39.252026037200785],[9.015247162744018,39.252224277775035],[9.015234292857137,39.25226934059744],[9.015037288934323,39.25240099658857],[9.014843198687865,39.25253070730588],[9.01491609670131,39.25255626029986],[9.015037330311072,39.25259471973107],[9.015289815662705,39.252674816869046],[9.015477376846443,39.252734317631145],[9.015454665154067,39.25304424828688],[9.01551742910059,39.253045764596656],[9.015616914493206,39.253048168941035],[9.015825539687704,39.25305320944737],[9.015820691180853,39.25308719045449],[9.015815254830175,39.253125290453006],[9.015779253034767,39.25337760775032],[9.015838443897904,39.25341419324197],[9.016081277897065,39.25356687147848],[9.016196505369791,39.253498261349044],[9.016370337140891,39.25339554809654],[9.01659050037961,39.253215299455384],[9.016656356701047,39.25324140022654],[9.01677594500702,39.253282572181064],[9.016960823529482,39.25334622228543],[9.016933211337554,39.25357567789177],[9.016926703846273,39.25362975183049],[9.016926766675578,39.253891067066895],[9.016988653852124,39.2539205914889],[9.017215938376486,39.25402618102222],[9.017296591963838,39.25406365197611],[9.017355626499604,39.25406234921941],[9.017772869034983,39.25405313746353],[9.017935119822832,39.25405311259063],[9.018248055732702,39.25405306397946],[9.01851463636167,39.25413273018321],[9.018549417267094,39.254143125102495],[9.018573606380324,39.254167904099255],[9.018720974270614,39.25431887180428],[9.018804465168392,39.2544044003247],[9.018897278839587,39.25475581013472],[9.018653984147623,39.25511628422914],[9.018596130844951,39.25548574019299],[9.018607802068026,39.25579210829349],[9.018723845221851,39.256323731839636],[9.018909386932853,39.256684137537995],[9.019060129775724,39.25693641801504],[9.01919960760571,39.258378136619925],[9.019269243174147,39.25871152779914],[9.01904910259348,39.259017933809],[9.01874784675179,39.25940545106823],[9.01869932978009,39.25947585605262],[9.018574051208336,39.25965778294676],[9.01838865990137,39.259892095379215],[9.018052600482847,39.26018950673547],[9.017786048173484,39.260342733059936],[9.017565872457219,39.26055001660291],[9.017287762036231,39.26084741786505],[9.017106825737498,39.260842565152544],[9.016951619615202,39.26083845632561],[9.016777770324804,39.26094120996604],[9.016661884423367,39.2610097044364],[9.016418918881605,39.26124338482808],[9.016198321055404,39.261388924573424],[9.016117204063312,39.261442303190265],[9.015757874492197,39.261424330461125],[9.015618788217933,39.26149328658338],[9.015230660435023,39.2616857100928],[9.01503929275213,39.261780584237314],[9.014830681988405,39.26188400715018],[9.014691638511989,39.262127818755935],[9.014459797149154,39.26209024147059],[9.01429752255591,39.26206429194555],[9.01396138122254,39.26208235372888],[9.013902555393015,39.26214181501973],[9.013880251351146,39.262165365997795],[9.013741191158836,39.2623076518828],[9.01359731073161,39.2625400674876],[9.01366226858762,39.26256805600615],[9.013707104357943,39.26258698094159],[9.01388035124368,39.26266010680844],[9.013925337832458,39.262679095619326],[9.01397315850735,39.2630014566165],[9.013933940080662,39.26303749790441],[9.013880435373293,39.26308666803346],[9.013718193976874,39.26323576980778],[9.01374169146011,39.26330270667454],[9.013806757453619,39.263488056899426],[9.013822574871078,39.26353311607401],[9.013544422970924,39.26375842066513],[9.01344852994146,39.26393864263107],[9.01340537467424,39.26401975244564],[9.013301060538637,39.264119182193475],[9.013046099450989,39.264362206553145],[9.012945668118837,39.26438924249276],[9.012736739265547,39.26444727890998],[9.012466555692018,39.264569520017524],[9.012142005968549,39.26470593769278],[9.01203769806902,39.26474977866764],[9.01207497178328,39.26483987436347],[9.012142067495432,39.2650020689292],[9.01196822794701,39.26520933868679],[9.011855899274314,39.26529044058049],[9.011643697460345,39.26544365437653],[9.011562547342603,39.26544366246195],[9.011237985124524,39.265443694234456],[9.01098305212524,39.26546773813317],[9.010764979484838,39.265488427802666],[9.010776632089414,39.265514001590674],[9.01090186897775,39.26574108287859],[9.010966858567592,39.265767221132904],[9.01130601416006,39.265896783210906],[9.011340686124074,39.26591381232778],[9.011369234786065,39.265928086485296],[9.011402534457519,39.2659461348555],[9.011562644170764,39.26603296204926],[9.011689765135142,39.26610190020599],[9.011643699494316,39.26619154930193],[9.01156269613263,39.26634919663604],[9.01152793923929,39.26641683983343],[9.011575382462919,39.266454980256015],[9.01176203012375,39.266604399048994],[9.011763335893901,39.26664207907985],[9.01176554441503,39.266705853811175],[9.011771448969117,39.266876368200805],[9.011832956223785,39.26689398106499],[9.012066788946775,39.2669343459209],[9.012142398525484,39.26694741113846],[9.012200367857764,39.266957421644314],[9.01245557466661,39.266952412477394],[9.012664047946348,39.26694836120047],[9.012727373861184,39.26697640626436],[9.01301052875694,39.2670874087171],[9.013028716675313,39.26711781050674],[9.013060681648016,39.26717187348537],[9.013162578985147,39.26734478470908],[9.013218450237995,39.26738370925739],[9.013303786528882,39.267446659896805],[9.013434492023265,39.267542985383024],[9.013616190157153,39.26767694167329],[9.01388135315181,39.26771009676656],[9.013985694144901,39.267723144741844],[9.01435665939816,39.26780419807786],[9.014460981436129,39.267808514927744],[9.014849243570735,39.26782458393888],[9.014914324320037,39.267827277102555],[9.015007758866249,39.26783114160607],[9.015040602417601,39.26783264399826],[9.015202894709573,39.267840114621464],[9.0152972046226,39.26799382172959],[9.01531066958322,39.26801744574802],[9.01540003322111,39.26816447991514],[9.015505072483824,39.2684380967232],[9.015597460202715,39.26873607889979],[9.015620428502181,39.2688102295536],[9.015639037873477,39.26888862223699],[9.015666821361718,39.269351394245554],[9.01562057309886,39.269435449996564],[9.015518498689907,39.26961509852092],[9.015446746393037,39.26974137925075],[9.015492118935748,39.269795438857045],[9.015620678909116,39.26994860584002],[9.015794613609138,39.270155832161755],[9.015844894043635,39.27020040334406],[9.016014919470738,39.270345024565714],[9.016235229278442,39.2705612547658],[9.016478720577865,39.27075945938819],[9.016722235825114,39.27104777196004],[9.017174440702801,39.27141715184493],[9.0176382444132,39.27178652819374],[9.018041015130628,39.27216186386562],[9.018060597130349,39.27218555328208],[9.018310795936964,39.27242619538102],[9.018623884155671,39.27272350386623],[9.018821028022039,39.272957754655145],[9.01898341075184,39.27325508640624],[9.019331326084039,39.273705572221914],[9.01942418148409,39.274102035095645],[9.019447464085902,39.274453453948944],[9.019413934271103,39.27460235527477],[9.01938887597241,39.27470625728984],[9.019436671778703,39.274734431009286],[9.019474820729735,39.274749997326744],[9.019672792152214,39.274845238426195],[9.019716307238983,39.27488770408975],[9.019876571536278,39.275048112863246],[9.01999778387164,39.27513095032072],[9.020077177964353,39.275194705212215],[9.020398378379355,39.27540845713954],[9.020641945780822,39.275768847807896],[9.020779162471749,39.275991532127655],[9.02081745673157,39.27604427977287],[9.020834308813177,39.27607028049822],[9.020841022649272,39.27609755177472],[9.020926638685276,39.27626295725111],[9.020959631001094,39.27633376279978],[9.021163936928563,39.27668785082775],[9.021418480301335,39.27707452897965],[9.021454605997189,39.27712585938537],[9.021754459918297,39.27741404619383],[9.021806637538628,39.27746100408891],[9.02189577886582,39.27754169553003],[9.022284029135442,39.278194430147515],[9.022322316666278,39.27825882390036],[9.022352029091287,39.27830418370591],[9.022403807618348,39.27837248107651],[9.022578968783117,39.2785964390237],[9.022743265941857,39.278805110886],[9.022766368545948,39.27883449640381],[9.02280804011905,39.27888845467731],[9.022862152342713,39.27895702621321],[9.02289802076797,39.27900251352137],[9.023097051037873,39.27925642278579],[9.023146264256269,39.27931480470292],[9.023169062257653,39.27934415415507],[9.023283382171496,39.27949544999489],[9.023332896847915,39.27955288742563],[9.023680851121053,39.27994028418419],[9.023901268510242,39.2803186943013],[9.024208375553986,39.28061136959105],[9.024261399909134,39.28066450407195],[9.024318212711572,39.28072237297651],[9.024342488780587,39.280741658485546],[9.024447273295632,39.28080869581282],[9.024688395869516,39.28095885970544],[9.024753765837241,39.280999900486385],[9.024822348235192,39.281056040146446],[9.024870122286277,39.28110269751383],[9.024892132700424,39.28112418746219],[9.02493630354861,39.28116832611852],[9.024964253424105,39.281195140235276],[9.025003927630948,39.281228396438934],[9.025072633559324,39.28129161940775],[9.025190324831577,39.28138935438832],[9.02533411273877,39.281507824009424],[9.025432164514505,39.28158890722773],[9.025478551380195,39.28161292740981],[9.025516100553356,39.28163276213558],[9.025814853621183,39.2817870614607],[9.026046779464844,39.281886129032436],[9.026301899701734,39.28199420182351],[9.026626579328045,39.28208423632899],[9.026661880034883,39.28208655306879],[9.026855174139667,39.28209907798153],[9.026916356120989,39.28210373601687],[9.027310673699214,39.28212913248758],[9.027646936872443,39.2821831177503],[9.027905545062128,39.282326817170855],[9.02806139261653,39.2824116301372],[9.0281001052691,39.28243571239477],[9.028458806152887,39.282804671064405],[9.028771957667377,39.28303887618282],[9.02907348292352,39.28319198509209],[9.029469536708985,39.28341236376492],[9.029493110643804,39.28344111433751],[9.029533402669333,39.28349065696255],[9.029598615091468,39.283594113669515],[9.029629601065983,39.283643270254586],[9.02973026825356,39.28375951155786],[9.029766518312021,39.283800051423185],[9.029839022784628,39.28388563567533],[9.029943544706041,39.28428208556656],[9.029978540927637,39.284777673328236],[9.030303258682087,39.28491275210307],[9.030742386471337,39.28484054967081],[9.030801807287107,39.28483152305209],[9.031137974339972,39.28463319530208],[9.032053888237327,39.28444371934073],[9.032482933427232,39.28451568686803],[9.03279124696741,39.284616673189255],[9.032887291486961,39.28465241943716],[9.032923770767063,39.28465759941565],[9.032981591957771,39.28467774227254],[9.03335267704193,39.28477675574081],[9.033642630964437,39.284875240025855],[9.033717869771571,39.28490074708694],[9.034071635112888,39.28492072132886],[9.034469860746157,39.28480085446576],[9.034546633599732,39.284776384198906],[9.034999078264596,39.28460506601921],[9.035868492206003,39.28419931383689],[9.03600450270467,39.28413427702258],[9.036052434678775,39.28411081578737],[9.03708827930183,39.28360936544746],[9.037143018453893,39.28358913921544],[9.038360824433937,39.28316227207875],[9.039833081669395,39.282684203590826],[9.041914126499014,39.28181054301099],[9.0419950666736,39.281778790003635],[9.042112928933465,39.28173031194027],[9.042412082786988,39.28159411954783],[9.04397125834827,39.28091658858771],[9.044443955623663,39.280763245093304],[9.044543764669621,39.2807281067134],[9.044643718594852,39.28069304568615],[9.045107260181716,39.28053769807355],[9.047007943928572,39.27937454718572],[9.04865045044791,39.27849492086225],[9.048711275005198,39.278464721451215],[9.048749203070026,39.27844541138671],[9.04883763920656,39.278400921635104],[9.048914080351688,39.27836183710259],[9.049233134843572,39.27813012997644],[9.0489198055157,39.27770675212766],[9.049044121352159,39.27755910356869],[9.049088774098683,39.27750607347424],[9.049139905845802,39.2774453461982],[9.050330928169554,39.276752451391644],[9.051017304103425,39.276353968815286],[9.051619909324293,39.27600253925902],[9.05216022316191,39.27568691868473],[9.052239566264682,39.27564192128476],[9.052316172845993,39.27559490571063],[9.052940987849293,39.27522701164458],[9.05342943239401,39.2749404518407],[9.053484367374448,39.27490769892366],[9.053591329321874,39.27484341533073],[9.05372541034446,39.27476236510722],[9.0537510612217,39.274740189985366],[9.053881059977995,39.2746608490369],[9.053957631775697,39.27461362874453],[9.054473098351576,39.274296338251844],[9.055038360183707,39.273955065473785],[9.055083393300897,39.27392715444601],[9.055114990310178,39.273907319951206],[9.055225380460605,39.273836629155106],[9.055256274817403,39.27381972080448],[9.055326525889436,39.27377620429549],[9.055370291733162,39.27374694392045],[9.056231913694543,39.273225060276005],[9.05718211232915,39.27269295701154],[9.058178713219325,39.272214887479834],[9.059048014138137,39.27201621117724],[9.060068193944122,39.27202470034524],[9.06012569254848,39.272031276587846],[9.060170879204769,39.272034873841804],[9.060416010170712,39.27206056415098],[9.060740649748453,39.27210544904207],[9.060795310150235,39.27212098780849],[9.061158095076303,39.272222371798044],[9.061382050161882,39.27225873833576],[9.061633475263704,39.27230321867025],[9.061992862848854,39.272312038837114],[9.062352179808075,39.27223976042751],[9.06242358180508,39.27222227610463],[9.062508286268399,39.272199057248436],[9.062619435465967,39.27216935336147],[9.062700739763297,39.27214894309945],[9.06280794393489,39.272120790136015],[9.063974694472263,39.27169822880332],[9.064577445230945,39.27161679769531],[9.064902085400478,39.27166167188922],[9.06536588154076,39.27175152092283],[9.065505711994298,39.27177907528188],[9.065565532918892,39.271789331202434],[9.065966837646638,39.27186907390454],[9.066050878677002,39.27188426195482],[9.066105100581813,39.271891031739735],[9.066162658670255,39.27189997394246],[9.066223382341368,39.27191334859739],[9.0665108000403,39.27196934724419],[9.066630310100088,39.27199080514562],[9.066700734413393,39.27200730620127],[9.066745207940865,39.27201772799634],[9.066784154493623,39.2720226094175],[9.06683734784215,39.27203013907291],[9.066892840890414,39.27203729433032],[9.066950379898346,39.27205031990974],[9.066998109040963,39.27205856449685],[9.067881983334681,39.272227654616266],[9.069158728138376,39.27231843282986],[9.069237683414483,39.27232894492438],[9.069899335334151,39.272415688979386],[9.070148782710682,39.27238798805185],[9.070245939251809,39.27237526912323],[9.070455732516336,39.27235227893942],[9.070690632463965,39.272254125556756],[9.070752553642931,39.272228250900916],[9.070929512782635,39.27215251808675],[9.070983342740442,39.272125193871105],[9.071166541642155,39.2720263177143],[9.071312141159586,39.271943982242504],[9.071384140255383,39.27191762620141],[9.071470926007118,39.27188433794056],[9.071672428154868,39.27180187578164],[9.071780583910114,39.27175598315605],[9.071851221932718,39.271727653368615],[9.071893112095779,39.2717154942911],[9.072008172070227,39.27167503258665],[9.072153780354212,39.27161987032844],[9.07223629360457,39.27158339967859],[9.07231886356305,39.2715548126017],[9.072425739344927,39.27149944697428],[9.07273847482255,39.2713236388402],[9.073410571676702,39.27105289083401],[9.073978519251948,39.27096242296189],[9.074298939820657,39.27093220534177],[9.074361082454391,39.27094381771749],[9.074951875280028,39.271011445394464],[9.074982172222702,39.27102372041081],[9.075063749719442,39.27107600517033],[9.075136092294418,39.271120497767626],[9.075218389197882,39.27116775835729],[9.075235661576485,39.27119182712163],[9.075178740599917,39.27126432712001],[9.075125870945465,39.27132246825448],[9.07510245015585,39.271355273252915],[9.075083187551236,39.2713846775419],[9.074996392968057,39.2715064657945],[9.074946805667844,39.271571831501],[9.074923208943428,39.27160396435954],[9.074887412733892,39.27164348050893],[9.074826957626517,39.2717095460922],[9.074736634374915,39.271798504171834],[9.07466321320963,39.27186215585003],[9.074623261178552,39.27190326050543],[9.074350750061795,39.2721606302992],[9.074235068652678,39.2723949865723],[9.074165795530746,39.27266535690562],[9.074096542017342,39.27295374813682],[9.07399837271609,39.273348373150874],[9.07399150080116,39.27337422267235],[9.073980107215604,39.27340858589114],[9.073967519868829,39.27344879435722],[9.07394251135163,39.27352962658293],[9.073862475291381,39.27382885471693],[9.07383116599073,39.27392665308648],[9.073806353886953,39.27400604971057],[9.073782825370731,39.27408238269964],[9.073757069451727,39.2741650869207],[9.073733737238456,39.274236349322834],[9.073716735882291,39.274280850654996],[9.073709885037848,39.27430707860151],[9.073680740162422,39.274431795706825],[9.073322184443162,39.275233988455604],[9.072940042066314,39.2756577384922],[9.072639021381988,39.276054403887],[9.071967122705756,39.276568440332525],[9.071874873623328,39.276638558166496],[9.071845381771455,39.27666378713735],[9.071272054020014,39.27710951892],[9.071048790198287,39.277280867457456],[9.070963610202044,39.277346241402206],[9.070917173067254,39.277379265900436],[9.070600132957955,39.27762354830551],[9.07045036222368,39.277755753596665],[9.070331586354897,39.27786034762239],[9.070299232063316,39.27788674393925],[9.070219551115244,39.27796056085442],[9.069789276993946,39.278335892054656],[9.06943026683624,39.27874159464493],[9.069163332304102,39.27909099346398],[9.06912728627452,39.27913239843399],[9.069088437674681,39.279177116569656],[9.069022306940754,39.279240848595585],[9.068955475064595,39.27931565722489],[9.068864245069312,39.279409055362414],[9.068796764128406,39.279477301627466],[9.068626965262816,39.279649999735526],[9.06858909756268,39.279688231961906],[9.068539229197519,39.27973894325743],[9.068515412717922,39.27976315520388],[9.068376348590007,39.27990455253347],[9.068145745605598,39.28013902484711],[9.067797207744631,39.280493405265226],[9.067737844784858,39.28055376252289],[9.067702454064523,39.28058982588785],[9.067658213875019,39.28063490620601],[9.067287473186632,39.28092346778825],[9.067217940232108,39.28095865053713],[9.06705569755947,39.281040742554005],[9.066823922318434,39.28115801685604],[9.066668707986693,39.281217592316175],[9.066637963652965,39.281229391692456],[9.066607795586796,39.281241224972476],[9.066559078583689,39.28126033435348],[9.066001018405606,39.28147386568542],[9.065661179208316,39.28158405591105],[9.065566689950577,39.281614373228535],[9.065483314906764,39.28164318840685],[9.065406134953102,39.281672206395804],[9.065366608873674,39.28168441585938],[9.065332969337492,39.281697873623585],[9.06522458158835,39.28173591360927],[9.065170168528718,39.281756180798084],[9.065122204713552,39.28177434931604],[9.06490348848279,39.28184122522096],[9.064869638702396,39.28185444598099],[9.064746798703862,39.2818972405236],[9.064686046170234,39.28192080360031],[9.064635669674734,39.28193939947415],[9.064111710760072,39.282114690192614],[9.06367146128221,39.28249338672553],[9.06334013031965,39.28283586066034],[9.063299867920792,39.282873612167684],[9.06322128481978,39.282948785187166],[9.063169079621423,39.28298776321044],[9.063096849278988,39.28304899280901],[9.062964381720416,39.283164799834],[9.062888301819338,39.28322504378647],[9.062855741417536,39.2832511488731],[9.062803612495943,39.283292922776965],[9.06273665823488,39.28334624763026],[9.061597591863615,39.2842786493774],[9.061126353324413,39.2847083390023],[9.061084100189571,39.284748848116855],[9.061060508285088,39.284769530627905],[9.061013444172312,39.28481392414117],[9.060935155995438,39.284880170128545],[9.060862647325672,39.28495119783736],[9.060543326996674,39.28528841664964],[9.060149357607838,39.28559498919061],[9.05994271566377,39.28576863512977],[9.059870702810876,39.28583184228491],[9.059801926294528,39.285892594962235],[9.059717185001286,39.285959815710584],[9.059679425908673,39.28599910012239],[9.059611216141802,39.286058566537676],[9.058898051821771,39.286749016655165],[9.058620042818992,39.287082557968105],[9.058411596670377,39.28740705281239],[9.058156721690303,39.28767750500343],[9.057971461668012,39.288001987444495],[9.057936905048399,39.2880941646243],[9.057900787381952,39.288186117295936],[9.05788831026293,39.28821260656267],[9.057871175006992,39.28825439866737],[9.057838266853311,39.28831957200282],[9.057826634740207,39.28834573284552],[9.057774101701865,39.28845570372919],[9.057734026066521,39.28853357966316],[9.057711169798864,39.288581598413344],[9.05769366157575,39.28861565390785],[9.057679186157387,39.288640478924435],[9.057575673942457,39.28876971504748],[9.057508348938274,39.28886725806315],[9.057369392427741,39.28910160752258],[9.057195720854736,39.289426083842415],[9.057089652908699,39.289693502133794],[9.057075153061644,39.28973590916474],[9.056929559040125,39.2900930178008],[9.05676747898374,39.29041748685841],[9.056651738047922,39.290687867701884],[9.056478023059585,39.29096728835959],[9.056273098235733,39.2911962708757],[9.056218879986911,39.29125211601781],[9.056206618296233,39.291278301319124],[9.056160731079538,39.291339097507915],[9.056144026660526,39.29137954650377],[9.056123582130446,39.29141377166586],[9.056056782139366,39.291537004535265],[9.056032709308804,39.291593348691784],[9.056004946073315,39.29164620920022],[9.055976272304342,39.291714852737805],[9.055951819432279,39.291770292363886],[9.05593285170506,39.29179970585895],[9.055918021486207,39.29182910655071],[9.055883713547288,39.29189704901748],[9.05585863040168,39.291934394129],[9.055837150891511,39.29199306992013],[9.055308495045066,39.29308539410208],[9.054926329051746,39.29374336631352],[9.054775947302762,39.29422101038336],[9.05461388397075,39.29459053070758],[9.054522978429793,39.29479349876891],[9.054492066801146,39.29485857914171],[9.054468182740761,39.29491019123161],[9.05444194404926,39.29495672136901],[9.054416184760283,39.29501287491622],[9.054394794545441,39.29506532654104],[9.054350176376882,39.29523230401326],[9.05432572108022,39.29530885309799],[9.054312280129396,39.29535054829058],[9.054301344768295,39.29538563462095],[9.054273841230332,39.295464554980654],[9.054256948957269,39.29553323851354],[9.054174234401223,39.29591532738582],[9.054104881881932,39.296212716544254],[9.054047133862086,39.29651911115671],[9.05389657440438,39.29678049514455],[9.053655653511274,39.29701243605092],[9.053637594177344,39.29703780734064],[9.053597990796991,39.29706759036973],[9.053553674038351,39.29711678862716],[9.053467802635486,39.297195190446566],[9.053278037716634,39.29737549444594],[9.05321285155594,39.29743859962282],[9.052946289105329,39.29766399172199],[9.05273349462192,39.2978062901278],[9.052676664503567,39.297847690277514],[9.05253399132724,39.29794143920898],[9.052494689338413,39.2979707937049],[9.052416723467749,39.29801909478625],[9.05193782129692,39.298313224947755],[9.051509101262479,39.2988270327343],[9.051231094864098,39.299277696431325],[9.05116171463025,39.29955706189612],[9.051126537589248,39.299701250718286],[9.051078802640498,39.29988223290219],[9.051067390128757,39.29991185130235],[9.051061352573253,39.29995194701083],[9.051043783376752,39.29997904055325],[9.050989600490059,39.30006351436871],[9.050969330372931,39.300100498535315],[9.050938408560155,39.30014647842604],[9.05090096244621,39.30020603426594],[9.050843698830686,39.3002920376042],[9.050831334333754,39.30033015186278],[9.050815845088191,39.300362995211486],[9.050782720262891,39.30042286180292],[9.050755778720662,39.3004691453757],[9.050741656280076,39.300498092709894],[9.050697840428091,39.300578626807685],[9.050466944460087,39.30105316129841],[9.050281613744708,39.30137763080341],[9.050038286792233,39.301693114047204],[9.04987607788232,39.30191845406143],[9.0496053568522,39.30235292516371],[9.049580267144849,39.30239591057657],[9.049509393315727,39.30248347790555],[9.04947525481778,39.302536446700294],[9.048965383009032,39.303181264163655],[9.048682628481465,39.3035415730912],[9.048652686440702,39.30358312669252],[9.048629168003483,39.30361544685157],[9.048207615045861,39.304279989332315],[9.04787160485391,39.30477572301671],[9.047454438487124,39.3053255531959],[9.047360001943028,39.3055326635442],[9.047330855408381,39.30560740805475],[9.047296282479518,39.305648598234576],[9.047240300263557,39.30571634315311],[9.047185981354348,39.30578263661773],[9.047095275270301,39.30590239102766],[9.046689593002364,39.306299029630345],[9.046481034855145,39.30662350211141],[9.046215578888809,39.306897571011746],[9.046190422029753,39.306925185828625],[9.04616332518649,39.30695709599491],[9.046114669332042,39.307009564910544],[9.046082552849503,39.307043795545304],[9.04604509807423,39.307089624384545],[9.046023549615304,39.30711926067995],[9.045988394395486,39.307176883833684],[9.045964589287328,39.30721086335233],[9.0459168776264,39.30727988389613],[9.04585962391428,39.30735835248209],[9.04579360140566,39.3074137268997],[9.045746750298276,39.30745102873566],[9.045668798713622,39.30751428327741],[9.045600157106069,39.307569985706195],[9.045403129651337,39.30780434377796],[9.045281222822238,39.307962051907744],[9.045256813577586,39.307993631013964],[9.045220729438652,39.308036927891976],[9.04520260777688,39.308073710128824],[9.044881565327604,39.30840828121005],[9.044556945278837,39.308642686935265],[9.044313550438222,39.308931125222806],[9.04402283854153,39.30921768860527],[9.043873650683402,39.309377030197716],[9.043847878382955,39.3094101566823],[9.043824267461304,39.3094384804511],[9.043780160647755,39.30948138611651],[9.043744334118639,39.30953499717987],[9.043706824259273,39.309584497200674],[9.043686366222397,39.30961711073643],[9.043662190865536,39.30965756512521],[9.043638001706848,39.309694517887266],[9.043617609600517,39.309726936750685],[9.043576949314483,39.30978969741288],[9.04354978409589,39.30983288499393],[9.04351718950951,39.309878356151785],[9.043438904117155,39.30996462307724],[9.043413786196624,39.31000060386383],[9.04309655384483,39.31039133328084],[9.042829948280845,39.31067977787306],[9.042621282788632,39.31087809189708],[9.0424126693553,39.31116651336362],[9.042192493785295,39.311518014749474],[9.042030290959376,39.31183345128996],[9.041833309400396,39.31218494358083],[9.041792126461445,39.31224384442474],[9.041762897476096,39.312280384090045],[9.04171553884739,39.31233938533966],[9.041658822554393,39.31240201499228],[9.041605544360642,39.31246476052929],[9.041576594445008,39.312498845485145],[9.041549887249863,39.312531877163316],[9.041494985743011,39.31260389090962],[9.041456753089662,39.312642896376],[9.041428730178202,39.312675584278786],[9.041402034315068,39.31270642537508],[9.041369679113625,39.31274149277302],[9.041298378223077,39.31281848985605],[9.041245761413958,39.31287476157924],[9.041193928971063,39.312931561938726],[9.041145224296933,39.31298933164005],[9.041096305128391,39.31304146149176],[9.041069147943157,39.31306941558952],[9.041002321853263,39.313144905191734],[9.040957522186558,39.31328965988069],[9.040859790816926,39.3136270161686],[9.040684851339199,39.31403531310682],[9.040616525045861,39.31419478160136],[9.0401874398099,39.314384156970235],[9.039989176245601,39.31451339334961],[9.039937127279337,39.31455439895704],[9.039890893652895,39.314587809990186],[9.03983957651637,39.3146185582306],[9.039769354974569,39.314721289925885],[9.03971745940017,39.314787895259244],[9.039538222584742,39.3150511781569],[9.039435022444387,39.31515828840666],[9.039232479020061,39.31535518032848],[9.039188838978626,39.31540641009633],[9.039005492767357,39.31561022631037],[9.038972188879159,39.31566486674878],[9.038922380358045,39.31574488910083],[9.03890192180177,39.3157775269925],[9.038839351467464,39.31587382899937],[9.03874425544532,39.316040119291074],[9.038707958117138,39.31612812788533],[9.038683898699217,39.31619458741922],[9.038567190914577,39.316505197362446],[9.038232900099127,39.317222918540466],[9.03789828981145,39.317690142161666],[9.037877496856364,39.31771339155202],[9.037813468680598,39.31779674664075],[9.037774649956537,39.31785082172419],[9.037754965206798,39.317881370433305],[9.037713487860588,39.31794250997392],[9.037697453773163,39.31796877913199],[9.037672501836512,39.31801142661663],[9.037652244983528,39.31805476100713],[9.03762566377603,39.318089990364065],[9.037590308429541,39.318154442075404],[9.037551267370425,39.318216458426775],[9.037498498227302,39.318304790908066],[9.03719690054577,39.31857516129562],[9.036991365835533,39.3187640160757],[9.036933227230769,39.31881349876408],[9.036876885933767,39.31885940534348],[9.036836703489637,39.31889485057852],[9.036788643124007,39.3189305938456],[9.036732258896674,39.31901677351526],[9.0367008477124,39.319056881758904],[9.03668136129847,39.31908223725793],[9.036536034200566,39.31927821153692],[9.03628096413582,39.319557626217566],[9.036002708816811,39.31987309004149],[9.035581696260307,39.32021197287935],[9.035249011688832,39.320576161495836],[9.034924313396445,39.32082856162724],[9.034541619624992,39.321108010642284],[9.034026141006054,39.32166010907911],[9.033992832058125,39.32169904481625],[9.033718396565309,39.32204538215982],[9.03355615292689,39.32240586062797],[9.033382310572254,39.322775352129874],[9.033208395113508,39.322991661521755],[9.032744511775237,39.32335222355841],[9.032318420723431,39.32373413977797],[9.032271398256217,39.323791240193366],[9.03220964199607,39.32386144014211],[9.032159771026947,39.323923271998],[9.032137837543333,39.323946882890205],[9.032098430644531,39.323987542629],[9.032060975324004,39.32403381918337],[9.032032459580266,39.32406875851199],[9.031967427925728,39.32414706449365],[9.031938365946214,39.32418519379095],[9.031828438545858,39.32430762103445],[9.031028401664425,39.325362097851425],[9.030679278084683,39.32582730173627],[9.030622579184861,39.325902851931744],[9.03047194394754,39.326335408717604],[9.03044521866307,39.32650609023545],[9.030414094344067,39.326704866019845],[9.030309852664573,39.32711037785666],[9.030241592306963,39.32732394823961],[9.03022459692119,39.32737635524814],[9.03021285378682,39.327401805836146],[9.030178279570604,39.32748020198419],[9.030144104035015,39.327536150190525],[9.030105787030053,39.3275987855074],[9.03008463977744,39.32763118227349],[9.029927318694563,39.327885403550546],[9.029898458761874,39.32791653804182],[9.029873298092891,39.32795432608805],[9.029848713301291,39.327987679742456],[9.02980915747544,39.32804127919589],[9.029779700267639,39.32808145799823],[9.02962583160066,39.32828195529002],[9.029577998736043,39.328540186811765],[9.029563402567312,39.32859689488178],[9.029555532269844,39.32863163910361],[9.029547440499458,39.328702554724146],[9.029540660208179,39.32874692135139],[9.0295335870795,39.328776426462],[9.02952601907637,39.32881551923889],[9.029521575155842,39.328845335456776],[9.029510912032736,39.32891022436877],[9.029486969089897,39.329147024676345],[9.029391233214179,39.32949646337685],[9.029378816945936,39.32953966090263],[9.02936315653133,39.329596532302745],[9.029336368853782,39.329696719838445],[9.029174100037881,39.3300932342151],[9.029143378904294,39.33016612522985],[9.028884287091225,39.3306970285762]]]]}}]}
