{"type":"FeatureCollection","metadata":{"code":"118070","referenceDate":"2026-01-01","sourceDbfExportDate":"2026-02-18","upstreamArchiveUrl":"https://www.istat.it/storage/cartografia/confini_amministrativi/non_generalizzati/2026/Limiti01012026.zip","sourceManifestSha256":"70ac8256c4785dc6ed2814c32b6965ae76f9161b51abaa1660059e1c6cbd8ca6","license":"https://creativecommons.org/licenses/by/4.0/","attribution":"Istat, Confini delle unità amministrative a fini statistici al 1° gennaio 2026, versione non generalizzata.","modifications":["Converted from WGS 84 / UTM zone 32N (EPSG:32632) to RFC 7946 WGS 84 geographic coordinates.","Converted from shapefile to per-municipality GeoJSON without geometry simplification."]},"features":[{"type":"Feature","id":"118070","properties":{"code":"118070","name":"Villasimius","alternativeName":null,"regionCode":"20","regionName":"Sardegna","territorialUnitCode":"318","territorialUnitName":"Cagliari"},"geometry":{"type":"MultiPolygon","coordinates":[[[[9.536967608775486,39.08092382703464],[9.53700248241273,39.08094876789413],[9.537048980645281,39.080982023858574],[9.537084176431225,39.08104944447173],[9.537052690738255,39.08109013966402],[9.537001634419212,39.081110505713724],[9.5369460586906,39.08113118090909],[9.536911648435714,39.08116738305434],[9.536912536339686,39.081284523005365],[9.53684378391929,39.08136593990216],[9.536854343862597,39.08142446285155],[9.53681033068611,39.08152829279435],[9.536778742198237,39.081555471660266],[9.536698859330631,39.081573915732086],[9.53663759627206,39.081619198469795],[9.53663514969739,39.08167778219603],[9.536569116240052,39.08173665764129],[9.536515953749145,39.08177745243197],[9.53643116740878,39.08184095209678],[9.536316203801485,39.081927054394725],[9.536244015160518,39.08193639664907],[9.535935025859619,39.081973861828864],[9.535922578279958,39.08185677501018],[9.535853210656818,39.08185709380941],[9.535748001768898,39.081704389521946],[9.53572373666459,39.0815873569718],[9.535664007791581,39.08129927639736],[9.535688132361424,39.08124059399896],[9.535712255728866,39.08118191069946],[9.535726420439115,39.08114393120969],[9.535778391626726,39.081136551987406],[9.535845650008396,39.08112190528682],[9.53589379748745,39.08110898821077],[9.535963096197708,39.0810996585561],[9.535986012787,39.08107251977043],[9.536020355285666,39.08102730705838],[9.535962278049057,39.08099152941967],[9.535900644837982,39.080987271074854],[9.536203831674843,39.080828219994494],[9.536273538216873,39.08087295427941],[9.5363430413267,39.08089065690913],[9.536423695002078,39.080854241301516],[9.536447090176946,39.08089017827291],[9.536562700136088,39.08088964634539],[9.536573988219535,39.080853549802484],[9.536562154099343,39.08081756055952],[9.536955159694761,39.0808067403158],[9.536967608775486,39.08092382703464]]],[[[9.540199714389379,39.0832878212837],[9.540142113053035,39.083315120660316],[9.540094031064367,39.08336310245074],[9.540004200587024,39.08342389227383],[9.53990350627983,39.08346040314048],[9.53971592021359,39.08352434868022],[9.539727069768889,39.083470231103554],[9.539784122020713,39.083370845313524],[9.53979506548305,39.08328969524757],[9.539656603286696,39.08332637983525],[9.53956637934426,39.083378970100036],[9.539518690046686,39.0834351508797],[9.539448424759954,39.083507565135335],[9.539352168148346,39.083498456799795],[9.539271976474462,39.083490359029405],[9.539203983883104,39.083481662321454],[9.53914177322821,39.08347293883969],[9.53910416396909,39.083468607157],[9.53901012369753,39.083455525190004],[9.538996501002023,39.083374488755474],[9.538988932205656,39.08332946801517],[9.53897840448298,39.08327545070685],[9.538961753201129,39.083176405973475],[9.539031189499918,39.083185096149954],[9.539089271229756,39.08322087131666],[9.539146940335486,39.08320258329116],[9.539227253321643,39.08312111160288],[9.539272675942408,39.08301276869069],[9.539307222466544,39.08292086012884],[9.539329315649686,39.08285931904797],[9.539385956264356,39.08270586846901],[9.539437502748576,39.082467737549756],[9.539452990209963,39.0823991820864],[9.539522152415886,39.082371828654665],[9.53962627203638,39.08238035799551],[9.539660475510281,39.08231712167422],[9.539625516907043,39.08228123977706],[9.539602188304851,39.08225431429576],[9.539532684217068,39.08223661362267],[9.539476151180903,39.082214347323635],[9.539485683984717,39.08213770937037],[9.539633830905172,39.082031895303096],[9.539614305992652,39.081947881920506],[9.539657180223836,39.08188460546954],[9.539765462961523,39.081870588453626],[9.539919616837036,39.08184886888015],[9.540049847643319,39.08182872151294],[9.540030280036435,39.082018044428345],[9.540025620961025,39.08206312174129],[9.540017568263695,39.08214425845699],[9.539893615778707,39.082162854736325],[9.539879314459856,39.082207975786154],[9.539902629414543,39.08223309904584],[9.539937601877675,39.08227078392619],[9.54001859873201,39.08227941998565],[9.540091131878572,39.0823151277306],[9.540135241586515,39.08241404602426],[9.540086106488497,39.08246833959692],[9.540049253964721,39.08250906044401],[9.539989071985616,39.08257692185779],[9.539928856710565,39.08264027872221],[9.539964090416296,39.0827122038358],[9.54003380117501,39.08275693582857],[9.540120751084268,39.082788072108734],[9.540173086686801,39.08282837982811],[9.540238394583865,39.08286412094786],[9.540336856016955,39.0829177315948],[9.540451727291707,39.0829802763441],[9.540479420514549,39.08301834262461],[9.540517482433778,39.083074587677906],[9.540487256199288,39.08309079466099],[9.540441197151885,39.08311549143031],[9.540371898249287,39.083124823747575],[9.540302941856185,39.08317921016294],[9.540268601078376,39.083224424107755],[9.540199714389379,39.0832878212837]]],[[[9.541643957366844,39.08331040673857],[9.541622994022326,39.083360091543355],[9.54145867967947,39.083688606212654],[9.541343406899783,39.08381417016242],[9.541285249761478,39.08387751725726],[9.541071905917162,39.083949624284955],[9.540656748048193,39.084089940456415],[9.540494405100594,39.08402761598431],[9.540224800862896,39.08392411174064],[9.540098620002537,39.083819942625],[9.540022639633314,39.08375721652849],[9.540489774513473,39.08342080986781],[9.54056417242109,39.08336723164841],[9.540650755390702,39.08330487860088],[9.54106622884907,39.083206473616265],[9.54137350559787,39.08313369442156],[9.541643957366844,39.08331040673857]]],[[[9.536743994188686,39.08497983923195],[9.536547308576367,39.08496272216963],[9.536546830732542,39.08489964636261],[9.536452627996672,39.08495414666506],[9.536385308376605,39.08494544522192],[9.53631583653894,39.08493224806726],[9.536292201270337,39.084864774099266],[9.5362391033524,39.08491457869369],[9.536037913037926,39.08487495452908],[9.536103914569829,39.08481157308176],[9.536187538700565,39.084727839091464],[9.536267440302284,39.084648622326355],[9.536451619619589,39.084541209322545],[9.53653287925016,39.08448870056502],[9.536604031421879,39.084420657997086],[9.5367724652011,39.084412971192066],[9.536949820305473,39.0844121546093],[9.537038340061914,39.08439101230035],[9.537171356054788,39.08439039958689],[9.537273418023076,39.08449876415214],[9.537256543102288,39.08459249923245],[9.537186789538833,39.08467048856053],[9.537128552702058,39.08472101289513],[9.537023628025839,39.08479916323494],[9.536977287774565,39.08487247595071],[9.536884224877978,39.08496884703727],[9.536766210504798,39.08495873108605],[9.536743994188686,39.08497983923195]]],[[[9.529550776376695,39.090050499292495],[9.529485731319498,39.090072506125914],[9.529445456551313,39.09008755739045],[9.529410087775164,39.09010212048966],[9.529313392897159,39.090132094398804],[9.5292826717056,39.09008267260036],[9.52916494184559,39.08988803922926],[9.529149497154814,39.089862505975],[9.529172453999196,39.08983987484374],[9.529208245358864,39.08983808138459],[9.529253358429267,39.08983500206509],[9.529332797180917,39.08974527619154],[9.52933301558924,39.089663429731914],[9.529347593447307,39.089596821697725],[9.529356782750472,39.089549211979154],[9.529369685466435,39.08950183320649],[9.52940010053323,39.08935674914166],[9.529464700554538,39.08929788341006],[9.52948922267811,39.089275245107075],[9.529523554077876,39.08924355021064],[9.52956673372201,39.089209429868625],[9.52960396407443,39.0891717329786],[9.529626897033104,39.089147503288444],[9.529658468602372,39.0891167823765],[9.529694330550159,39.0890805749069],[9.529929572937254,39.088840713490924],[9.52997259368088,39.08879546225859],[9.530042873913647,39.08872305457637],[9.530043362845715,39.08865737646288],[9.53005063847919,39.08860721441673],[9.530064379989392,39.0885066912524],[9.530064787141976,39.08843843181652],[9.529994196534805,39.08839887750768],[9.529890541086683,39.08845341456419],[9.529821638848253,39.08851680565695],[9.529775502448931,39.08854325933562],[9.52968329595916,39.088571500142876],[9.529671463991354,39.08853550933167],[9.529659296220515,39.08845446524388],[9.529555632412146,39.08844638903317],[9.529521402674533,39.0884620914099],[9.529416959379654,39.088518643811405],[9.52929595973795,39.08857325908992],[9.529140407403116,39.088646053333505],[9.52901513874898,39.08870969973502],[9.528972595201399,39.08872850976601],[9.528935558708275,39.088748365322886],[9.528905978399601,39.08876612169262],[9.528833602232105,39.0888054555995],[9.528774782263783,39.0888040679184],[9.52868278038138,39.088806226064186],[9.528598190288722,39.08881071235611],[9.528597652205145,39.08873862657504],[9.52852834616752,39.08874795189311],[9.528443549995325,39.08877672222766],[9.528370518775281,39.08877680448737],[9.528326606519206,39.08877352426823],[9.528204735424485,39.08876743971821],[9.528227658614831,39.088740303351166],[9.528238341298707,39.08866385850624],[9.528221319245398,39.088635272085035],[9.528178720342607,39.08857381984867],[9.528199143673913,39.088419108771774],[9.528212802850797,39.08829882836148],[9.528196635801793,39.088262857035645],[9.528163288025004,39.08819870909979],[9.528119430597645,39.088094819160354],[9.528083535287422,39.08802007031685],[9.528134928111664,39.08796520839989],[9.528177389013218,39.087917985115304],[9.528204588122529,39.08788050351285],[9.528278545905447,39.08781193248418],[9.528243779763194,39.0877361891471],[9.528228600933302,39.08770402595909],[9.528172739439114,39.08757812392686],[9.528073345378033,39.08748437073839],[9.528006836873088,39.08742568769858],[9.527881671276,39.087309110476724],[9.52782318881314,39.08721926470361],[9.52779991099258,39.08719877330615],[9.52774171765304,39.08714754433564],[9.527649288749462,39.08715697378438],[9.527522574929444,39.08722062513517],[9.527522309449775,39.087145247224214],[9.527520561334033,39.08695030175382],[9.527715101861753,39.08667908985111],[9.527670636314443,39.08653060811553],[9.527643133508477,39.08645249421881],[9.527629467976414,39.0863991199732],[9.527682367979333,39.08635934418777],[9.527755639404576,39.086300441033934],[9.527792794204117,39.08626540153221],[9.527853435267593,39.086211074576035],[9.52789530691091,39.086142615683364],[9.527876637634398,39.08605208864103],[9.527894586277872,39.085939368974806],[9.527905408250787,39.08584019828711],[9.527963149146602,39.08578635117869],[9.528008928243485,39.085767641300066],[9.528077895501461,39.08571326210193],[9.528122593790304,39.085670099924634],[9.528150948169596,39.08564500341427],[9.528176602223025,39.08560076864315],[9.528126926010252,39.085562780091166],[9.52804233638262,39.08559627915555],[9.527949909544017,39.085605708830876],[9.527882691264704,39.08561163521831],[9.527841118691615,39.08561748151879],[9.527779080143896,39.08563952335946],[9.527675652467947,39.08565200602559],[9.527617272350794,39.085575676374916],[9.527637203572448,39.08553503603038],[9.527695058282818,39.08550221153947],[9.527705970637049,39.085453625420335],[9.527643564470534,39.085439035842874],[9.527497589621568,39.0854185237293],[9.527388695028925,39.085351433619905],[9.527304503735182,39.085302253085466],[9.527216248694279,39.08524658391543],[9.527161741004955,39.08523464008251],[9.527079622291447,39.08518612584969],[9.526986927666448,39.0851595122881],[9.52687131055813,39.08516003476935],[9.526834415595582,39.08510035665098],[9.526817521499808,39.085077742914905],[9.526794366771693,39.08504211022241],[9.526707569817704,39.084908464228164],[9.526733990336403,39.08476867300518],[9.526752006358779,39.084664964329335],[9.526887688131488,39.084641823436286],[9.526925833621862,39.08471824581171],[9.52698657690988,39.08467898727168],[9.527037446395774,39.08464163683488],[9.527075330583369,39.084609437273166],[9.52715619451296,39.084600060568754],[9.527364371663444,39.084608129460996],[9.527456528867393,39.08456265778401],[9.527548485756007,39.08449015349918],[9.527617385011574,39.08442676372422],[9.527651667351973,39.084372542611376],[9.527638538502716,39.08433093537787],[9.527628006940311,39.084300560499464],[9.52772370829194,39.0842708880376],[9.527758326181385,39.08425846087767],[9.527810448530651,39.0842378994085],[9.5278865288235,39.08421814408648],[9.527939431281832,39.08420002915891],[9.527948493492902,39.08423289503565],[9.527963226307373,39.08429003199214],[9.527928944252471,39.084344254096514],[9.52800987493581,39.08434388764554],[9.528092125572092,39.0842884137974],[9.528165341183405,39.08426111812418],[9.528274986163055,39.08423455397371],[9.52833286058777,39.08424330290199],[9.528413792306651,39.08424293616623],[9.528499823654789,39.0841968065781],[9.528532547809657,39.08418132127843],[9.528575271702818,39.08413527979603],[9.52871724913801,39.08423705500152],[9.528749615523619,39.08431350208477],[9.528830614597481,39.08432214590102],[9.529177663673766,39.08434760483726],[9.52921756397484,39.08434599818651],[9.529321257919126,39.08436541330691],[9.529362851585942,39.084373796786615],[9.529396319185368,39.08434626086798],[9.529428926035681,39.08431943081624],[9.529527698826614,39.08431390091306],[9.529570757636947,39.08434582018692],[9.529702110417322,39.08432518456064],[9.52981109108244,39.08426706675124],[9.529869117627285,39.08421328317437],[9.529894524084572,39.084176655452424],[9.529928242596677,39.08411933730115],[9.529966064495074,39.084060174831194],[9.530039071374897,39.083947796581285],[9.530068756997675,39.08397377053336],[9.530088467425353,39.08400104688164],[9.53018075696587,39.08397359384417],[9.530122341845455,39.08389276001462],[9.530121802298163,39.08382067328927],[9.530263379452396,39.083622140232535],[9.530293403627153,39.08357659381407],[9.530335381758139,39.08358541404318],[9.53041765619848,39.0836014112642],[9.530453257697886,39.083605259270556],[9.530520635581677,39.0836206159096],[9.530640788223621,39.08364710261744],[9.530697071701384,39.083620846602436],[9.530756675696063,39.083607392000914],[9.530798743242155,39.083597123342265],[9.530840459197677,39.083586687760615],[9.53086814767396,39.083515406979544],[9.530908543194657,39.08349170576701],[9.530943695456033,39.08346493398734],[9.530978089614333,39.08342263673838],[9.53099968422788,39.08338243789173],[9.531027596551167,39.083339195139125],[9.531055248973166,39.08329783959655],[9.531084736659697,39.08325546103298],[9.53118946976473,39.083194050581504],[9.531287369592084,39.08314404323974],[9.531395292818548,39.08308054730574],[9.53147204800685,39.08310265236376],[9.531538660609568,39.083120370121975],[9.531723142937558,39.08313636183156],[9.531658762973347,39.083197829373574],[9.53163236989141,39.083282142667585],[9.53169037921541,39.083308911611844],[9.531793958113694,39.08324536122881],[9.531886111826749,39.08319988606693],[9.53192055947128,39.08316818991111],[9.532058982319342,39.08319441609608],[9.532095661647366,39.08319893001384],[9.532106116421541,39.08324393714221],[9.532192496271387,39.08325067254403],[9.532267840889189,39.08322517672076],[9.532304187809629,39.083260685932274],[9.532368688621311,39.0833245796673],[9.532393433857626,39.083349401432365],[9.5324355839308,39.08338815334953],[9.532489134063105,39.083440432088786],[9.532604883775939,39.083457925732],[9.532649890398808,39.0834108108182],[9.53267672694206,39.08338884700516],[9.532726436273922,39.0832861604591],[9.532797097524016,39.0832424426233],[9.532917694897725,39.08315913133124],[9.533026698975682,39.083081822070504],[9.53305160005873,39.08306357690757],[9.533093056972708,39.08303217456643],[9.533160404064112,39.08295527279105],[9.533202066030578,39.08291011665946],[9.533244516452944,39.08286757013994],[9.533272299622002,39.08283394864318],[9.533306522384423,39.08278339367471],[9.533345150196672,39.08273238420987],[9.533476697816733,39.08254382159906],[9.533559802478074,39.08246581211367],[9.533582195390753,39.082444641580054],[9.533643354826044,39.08238709224334],[9.533705241113989,39.08232889164576],[9.533775186533404,39.082263112692814],[9.534037695184303,39.082194327100375],[9.5340867289238,39.082180586696815],[9.534171260420225,39.08217218766959],[9.53424688321943,39.082164506135925],[9.534502661212224,39.08214263624276],[9.534531734512232,39.08216503084084],[9.534538229179741,39.08225961722595],[9.534573185212537,39.082295500666554],[9.534739581306836,39.082321771144464],[9.534862760847739,39.08236626192389],[9.534966743834573,39.08235677375759],[9.535001019533395,39.08230254960979],[9.535023820495645,39.08224882956126],[9.535076597073768,39.082286727975536],[9.53510529338269,39.08230387696784],[9.535168891246682,39.08234353241455],[9.535218516881857,39.0823720294767],[9.535265813283303,39.08240272421544],[9.53532812771533,39.08244311086314],[9.535372749876222,39.08253513148707],[9.535476937401485,39.08255267536957],[9.535626898986294,39.082534406757915],[9.535680105384644,39.082753814464375],[9.535698715178683,39.082830999556336],[9.535644105032034,39.08287180059586],[9.53555002380519,39.082939815444384],[9.535506118326133,39.082971556105626],[9.53547300676448,39.08299317722537],[9.53544572838623,39.08301238359567],[9.535492790559216,39.0831203003363],[9.535539172730472,39.08313810961298],[9.535643361177128,39.083155652437405],[9.5357357848908,39.083146217584826],[9.535995796804654,39.08328924966622],[9.535992317176518,39.083433392638035],[9.536039244076097,39.08352328747749],[9.536139646816608,39.08358392233874],[9.536134725016645,39.08365801929121],[9.53612966455842,39.08370280182095],[9.536052715128383,39.08377553582886],[9.536111068679473,39.08384735581049],[9.536158498067612,39.0839441589316],[9.536208053785407,39.08405866996698],[9.536228593630204,39.08409912566335],[9.536132414060736,39.084185172909926],[9.536034789049815,39.08427122672137],[9.53595295768093,39.08434369204099],[9.535776125648654,39.08437603560031],[9.535668393050788,39.08436510624356],[9.535548847533653,39.08441763706363],[9.53536418687922,39.08442174168595],[9.535316765408242,39.084425013283585],[9.535278949695416,39.084428587694674],[9.535155821639032,39.084428452702184],[9.535091181109536,39.0844467725493],[9.535004562497045,39.08446911755837],[9.534936558985635,39.0844835247921],[9.534812174090472,39.08462748160604],[9.534784437074283,39.08465695091226],[9.534762904236201,39.084680748979345],[9.534731463258929,39.08471534998564],[9.534623944433616,39.08475285358712],[9.53448863427445,39.08480179076821],[9.534361131050247,39.08483759521756],[9.534292440254113,39.08492802143785],[9.53429677667948,39.084983737297335],[9.534297988764946,39.08501827055812],[9.534330317549196,39.08506237434164],[9.534384007354717,39.08502401025259],[9.53440004797768,39.085116309975845],[9.534408610990756,39.085184810392484],[9.534155622080466,39.085256006935076],[9.534065077912269,39.08527880536865],[9.534008086063144,39.08555108759072],[9.53404857742679,39.08565002381823],[9.534096431005478,39.08576694859323],[9.534149465859166,39.08590028142968],[9.534196609151913,39.08601879987833],[9.53425098399235,39.086099650134244],[9.534287232796926,39.086153549994584],[9.534360310991426,39.08626134791998],[9.534337866862922,39.08635156219814],[9.534291482969362,39.08641453375055],[9.534349549923762,39.086487083994086],[9.534374703630867,39.0865120142861],[9.534397036753331,39.08653151206673],[9.534390604712602,39.08657259720905],[9.534389170429494,39.086616503361995],[9.534367895564127,39.08670354846997],[9.53436207292921,39.0867389763254],[9.534355431997332,39.086796514963915],[9.534434509635735,39.08690079441849],[9.534515580323903,39.086918444184704],[9.534650770732238,39.08690488076451],[9.53470043669344,39.08689957524006],[9.53471433745987,39.08692595919289],[9.534755646476167,39.087015188201065],[9.534736550608557,39.08708864178454],[9.534825837196268,39.08716651926337],[9.535082785056222,39.08736537059561],[9.535108783148129,39.0873842990342],[9.53508417019339,39.08744310244572],[9.535009355799232,39.08764530430172],[9.53499462285795,39.087681903964686],[9.535052712738054,39.087732002478056],[9.535042473594926,39.087790101028084],[9.535077909228356,39.08788906005315],[9.535124226344621,39.08789785863219],[9.53516465879905,39.08788410769323],[9.535228013105723,39.08786133860542],[9.535214638574965,39.08790142117235],[9.535188716710866,39.08797966493358],[9.53514895141942,39.0881043543617],[9.53513605883107,39.08814044096932],[9.535105095325164,39.08821331197789],[9.535082214038441,39.08826750544556],[9.535043171084471,39.088305881927916],[9.534995780528618,39.088349559204275],[9.535001263235142,39.088457109022876],[9.534906671515795,39.08855411718547],[9.534823345459456,39.08864151998752],[9.534771786581956,39.08869244953157],[9.534662351513466,39.08885996473774],[9.534645551654156,39.08888811236916],[9.534626463894801,39.08892320455937],[9.534508710496322,39.08907212092197],[9.534486402879907,39.08918035593586],[9.534222506572434,39.08945189676829],[9.534181869577974,39.08944388732064],[9.534089879795959,39.08942427967201],[9.534010844352713,39.08940993369792],[9.533920659519362,39.089396138843775],[9.53384040364582,39.089381558646224],[9.533795705129899,39.089386032766],[9.533694423489878,39.08940584241073],[9.533678122312562,39.089328235609706],[9.533654793605649,39.08930130897137],[9.533539373534394,39.089328870592354],[9.533460227040202,39.0894262304212],[9.533435625951878,39.0894521923237],[9.533392323810657,39.08947995279026],[9.533315450488233,39.08952468698902],[9.533268345953633,39.089547633029476],[9.533171412479152,39.08960088519283],[9.533064678236443,39.089637872825605],[9.532883097174466,39.089701324842096],[9.53282514878747,39.08968356739303],[9.532805367901469,39.08975746711162],[9.532720330442286,39.08981357423498],[9.53266026109655,39.089860037056255],[9.532618583946945,39.08989176642615],[9.532533174327572,39.089874134272904],[9.532524930714999,39.08981227532207],[9.532425754895701,39.08982024532771],[9.532334199221754,39.089825930377906],[9.532282797054604,39.08983022186118],[9.53228245839825,39.089785168620814],[9.532252096075116,39.08974774880347],[9.532176154191582,39.08968684493856],[9.532158032958698,39.08971364747189],[9.532131875267863,39.089749811404914],[9.532097594972816,39.08980403377411],[9.532028625724202,39.08985841532329],[9.531901844553612,39.08991305967518],[9.531866683021345,39.08985014301079],[9.531860358419845,39.089823863844536],[9.531739428099423,39.089841712285626],[9.531693899973456,39.08990376604716],[9.531672581453346,39.0900453173915],[9.531636422888372,39.09006689633235],[9.53142973397162,39.089961967615196],[9.53138905438552,39.08993302541742],[9.531289009293909,39.08987880805191],[9.531244788953142,39.08987402728046],[9.531138313602094,39.08986247437956],[9.53107757738985,39.08985824546775],[9.530966525381213,39.089845448091715],[9.530676950420133,39.08984655284805],[9.530615023285907,39.089846802244374],[9.530493612242141,39.08986473808862],[9.530378215402145,39.08988395666872],[9.530271396385233,39.08990246479427],[9.530132916242534,39.08993913905586],[9.530051973323262,39.08996050390345],[9.529993547809841,39.0899807426788],[9.52997178396339,39.090038993180556],[9.529851629827618,39.09003288903799],[9.529799204372008,39.090029962551064],[9.529647898182047,39.09002244261959],[9.529589617064868,39.08999661109383],[9.529550776376695,39.090050499292495]]],[[[9.606776484527966,39.14426147977435],[9.60672717934201,39.144276053176206],[9.606642443856101,39.14432599544295],[9.606565115690975,39.144342129363004],[9.606542702468259,39.14438976206716],[9.606524561782797,39.14444578162561],[9.606444640383913,39.144705485374175],[9.60638780824197,39.144768857377485],[9.606345926725693,39.144814130416776],[9.606301351785406,39.14486392206563],[9.606228242078872,39.144940896110384],[9.605997184824258,39.14496559486803],[9.605958257437939,39.14496985943423],[9.605882107158818,39.144977978676096],[9.605835344238082,39.144958873280025],[9.605762369915693,39.14492872231373],[9.60571806297146,39.14491019703121],[9.60566134857071,39.14488977721067],[9.605611073409738,39.14486631872519],[9.605586593755747,39.144774985775406],[9.605579778793832,39.14473997909348],[9.60556861405187,39.144689723118404],[9.605553311935306,39.14462523589235],[9.60557576782524,39.14442165286603],[9.605505800438472,39.144358939171255],[9.605455955142698,39.14434481471073],[9.605396488405457,39.144328051314105],[9.605324574826096,39.14431032076924],[9.60525209961755,39.14429267509677],[9.605178198736779,39.14427732017684],[9.605146319438772,39.144270696791956],[9.605074431381535,39.14422025051233],[9.605075966866535,39.14416293058418],[9.604975179283452,39.14415571781052],[9.604940921474732,39.144126044784194],[9.604882302680156,39.144077575916285],[9.604900278906426,39.14402991609253],[9.604935106961802,39.14392937677477],[9.604990667333205,39.14382996794608],[9.604989973149385,39.143748873169514],[9.604876248042167,39.14381253975124],[9.6047886133393,39.14379949870187],[9.6046596197347,39.143742737976105],[9.60460492425468,39.14371482710284],[9.604548346453324,39.14368817579729],[9.60449308978377,39.143661341896895],[9.60444614981022,39.14358499157199],[9.604328782234461,39.143391864807185],[9.604463414698447,39.14306677219245],[9.604578798538565,39.14285892178175],[9.60463291220542,39.14275952061075],[9.604690459276497,39.14272317793037],[9.60472501832891,39.14270497656182],[9.604736126833034,39.14265085362843],[9.604769006995054,39.142605627858416],[9.604814982822903,39.142569346057705],[9.604814288864088,39.14248825035986],[9.604746155957956,39.142470582729864],[9.604686180145183,39.14247580491915],[9.604659732908653,39.14245438142761],[9.60451296376154,39.142264539570746],[9.604522009450077,39.1421383399827],[9.604481279810406,39.14211151812541],[9.604451043519614,39.14195848825835],[9.604320313554886,39.141724881066075],[9.604342975671939,39.14149948949486],[9.604362706419787,39.14126960759333],[9.604370155627358,39.14115791142518],[9.604382244438362,39.14101719999117],[9.604336531381835,39.140901826336545],[9.604290606329494,39.1407878955262],[9.60426508004016,39.140724950615336],[9.604208885934508,39.140577878151525],[9.60413334554366,39.140495854783865],[9.604037926778263,39.14050085484589],[9.60398855103406,39.140477682028404],[9.603914488635207,39.14044292275632],[9.603948081182132,39.14038253874942],[9.603892111520771,39.140256615664946],[9.603877313134326,39.14015476489248],[9.603846369074056,39.140031050482406],[9.603815936402826,39.139911786666715],[9.603750351914137,39.13982652245479],[9.603729641053583,39.139799596621444],[9.60366085691998,39.13970533789248],[9.603605281063086,39.13963353741375],[9.603653494152859,39.13952065154699],[9.603686465024357,39.1394458937147],[9.603707414239466,39.13939872415924],[9.60369488162533,39.139356722841676],[9.603689009820156,39.13933158091845],[9.603680958135643,39.13929872782514],[9.603661040549662,39.13921874447692],[9.603626443634726,39.13906391846926],[9.603645183918632,39.138925970538835],[9.603695431204912,39.13862157149716],[9.60370595451069,39.13855987337062],[9.603714593572334,39.13850990566162],[9.603730767804908,39.13840739699882],[9.6038790685967,39.13808911843704],[9.603898721559103,39.13804088864644],[9.603881710157118,39.13796057217129],[9.603837882074135,39.13774003054229],[9.603784328789006,39.13763839940491],[9.603750844999187,39.13758417139492],[9.603712252918253,39.13751017888355],[9.603696876389098,39.1374821125387],[9.60367336022596,39.13744352019958],[9.603737711641458,39.1373575828986],[9.603901968945609,39.137284644535846],[9.6039284341488,39.137233122848166],[9.603909491971482,39.13719955754429],[9.603889398097023,39.137167567026495],[9.60394007381535,39.13712350178697],[9.603985566939695,39.13708146473342],[9.604018561682231,39.13704975510702],[9.604114067712217,39.13696398234156],[9.604171253923004,39.13695362510358],[9.60421444675299,39.13694518403719],[9.604267377560113,39.13688626758054],[9.604224742715903,39.136805390126625],[9.604289054374487,39.13671494720016],[9.604297496464575,39.13665974143513],[9.60430532463181,39.13660147960306],[9.604311595507339,39.13656015128517],[9.604325907015529,39.136457943223526],[9.604366055573886,39.13641718626371],[9.604340852983482,39.13634522859731],[9.604412510903236,39.136268264071674],[9.604513477788046,39.13623620181127],[9.60453408088195,39.136209481739435],[9.604548727194041,39.13618191938993],[9.60455237359156,39.13614964364627],[9.604559739735402,39.136103547295214],[9.604578917835333,39.13601357257705],[9.604580700584318,39.135979041121985],[9.60461210340313,39.13596083632167],[9.604649773645566,39.13593813312739],[9.60466111240974,39.13591104117626],[9.604601276911717,39.13584827516294],[9.604591003849855,39.13576186388241],[9.604553687162552,39.13569533516619],[9.604525140391974,39.13571344674244],[9.60443683342027,39.13556077643693],[9.604378368783152,39.135488992151075],[9.60435209629967,39.135456425494695],[9.604226344026815,39.13530055020198],[9.604232608121055,39.135230547869575],[9.604223467356805,39.13515376798869],[9.60410750521257,39.13510292500798],[9.604085504955608,39.13506699485076],[9.60404861785679,39.13498158199253],[9.604003155760912,39.13486918042112],[9.603977697879998,39.13480623502302],[9.604000144628332,39.13472502020015],[9.604011367979743,39.134684412336284],[9.604039445557301,39.13458514623386],[9.604063496045367,39.13452657415082],[9.604276914117417,39.134448751484506],[9.604390449628044,39.134409120669616],[9.604469819933035,39.13434412421752],[9.604525327291515,39.13435539841907],[9.604562794649354,39.13436454043609],[9.604618180460042,39.134408950641216],[9.604678688933364,39.13441512921309],[9.604735304646024,39.134399331086485],[9.60473297819151,39.13437042130425],[9.604711258243205,39.13433386083561],[9.604629809087603,39.13428021799255],[9.60461777703548,39.13422621413015],[9.604649539848808,39.134144805774085],[9.6046642601851,39.134108771733125],[9.60467239413613,39.13407685836783],[9.604695622011368,39.13402756909296],[9.604717381250241,39.13397472176149],[9.604742366399316,39.13387049472377],[9.604769836312858,39.133732943650585],[9.604784656016331,39.13368000345188],[9.604843163880266,39.1335946770306],[9.604886778103742,39.13354215599318],[9.604912771651724,39.13350566512674],[9.604941027322688,39.13346527604944],[9.605372497780625,39.13352394701046],[9.605307150590464,39.133830659265044],[9.605292013784855,39.13392084743327],[9.605269106350361,39.13402197481006],[9.605228091591451,39.13405634415417],[9.60518908874243,39.134081239637155],[9.605181248781737,39.13415679741371],[9.605234088642543,39.134250048699656],[9.605213038367,39.13427755158042],[9.605185419955083,39.13430887319897],[9.605210159923047,39.13433623744466],[9.605242361061928,39.134371653960294],[9.60534762608483,39.13433506313392],[9.605387243756196,39.134319398023884],[9.605425248503192,39.134306703208864],[9.605464461276936,39.13430820711868],[9.605692523969955,39.13432898575108],[9.605735207777053,39.134333049592826],[9.605797774551736,39.134339489921786],[9.60587918917363,39.1343461935897],[9.605919182752523,39.13434672730373],[9.605971520321466,39.13432346984676],[9.60600975426443,39.134304590270496],[9.606162650419034,39.134232571936074],[9.606199880557291,39.13421349116472],[9.606249050562212,39.134213235431716],[9.606416586540291,39.134212363922025],[9.60647786537416,39.13421204509396],[9.6065353979433,39.13421174572802],[9.606655214523457,39.13440485875178],[9.60667471979245,39.134436294987545],[9.60665832158952,39.13456590779949],[9.606645028589217,39.134689024602906],[9.606647382721022,39.134745608018136],[9.60665174198857,39.13479234814498],[9.606662666347091,39.134906786517384],[9.606667320043268,39.13498473396026],[9.606655204677352,39.135023153428406],[9.60664266252138,39.13506766027439],[9.606679440066802,39.135130498404855],[9.60670554185659,39.135176905486595],[9.606747815050895,39.135204106947626],[9.606800115119706,39.135228607848155],[9.606823427234799,39.13530721146656],[9.606831451415717,39.1353451034811],[9.606840058140202,39.135379689013384],[9.606863725817377,39.13546667915055],[9.606895728144115,39.135584043562176],[9.60683085830619,39.135749678080295],[9.606815061715224,39.135785328708835],[9.606792733162662,39.13584074662286],[9.606773035534586,39.13589803234195],[9.606765945401905,39.13599175435837],[9.606755065463355,39.13609715278572],[9.606753317038722,39.13617950839677],[9.606753549047493,39.13620654031583],[9.60675279866243,39.13626511149085],[9.606754477077967,39.13631466708975],[9.606811074323408,39.13633690005729],[9.606885048948698,39.13653025051161],[9.606894449057505,39.13658997721317],[9.606910129409997,39.13665627360254],[9.606933417913343,39.136773294974894],[9.606872552440052,39.136884023283464],[9.606854207406132,39.1369809595559],[9.606935970815243,39.13707064333408],[9.606938422786943,39.13718777319504],[9.606938886963011,39.1372418370218],[9.606951553964693,39.137292573505434],[9.606961354698484,39.13733182952889],[9.60705567087767,39.13736738250699],[9.607136430108705,39.1373399287441],[9.607135849697947,39.13727234896418],[9.607186833307077,39.13727594281165],[9.607280102234817,39.137281578102055],[9.607331210350038,39.13728484774126],[9.607425082734382,39.13728435857146],[9.607585752107155,39.137283521146536],[9.607647308827783,39.137377815269204],[9.607709446272152,39.13747369047045],[9.607748875631646,39.13752628687533],[9.607783685206467,39.13759924617407],[9.607850588255976,39.13773634177532],[9.60788295589068,39.13779562780948],[9.607882892337306,39.1378677597089],[9.607875109109859,39.13796684603989],[9.607873869938516,39.1379983397766],[9.607870486208682,39.138102034834446],[9.607791715003009,39.13819255510847],[9.607786097824523,39.13823029109156],[9.607779065148085,39.13827753839781],[9.607771311172142,39.13833361848011],[9.607758793711593,39.13840655151429],[9.6077695293074,39.13844451761193],[9.607790242650054,39.138525968510784],[9.60772691654204,39.13856234286664],[9.607693730117877,39.13857769949708],[9.607646233604179,39.13859880677556],[9.607716043330518,39.138643498002665],[9.60778577450546,39.13867917765779],[9.607842326785567,39.13871422313909],[9.607856207451647,39.138775467259],[9.607937136195485,39.13884358943571],[9.607981646728025,39.13890566949343],[9.607996956807403,39.138931022383986],[9.608026195546431,39.13905330733256],[9.608057679647855,39.13918237397811],[9.608027564639812,39.13921247295599],[9.607944389710616,39.1392956020102],[9.607888488289486,39.13935446441526],[9.60786268707183,39.13938163208881],[9.607734069180758,39.13956252172743],[9.6077040838013,39.13960773325546],[9.607604831007318,39.13967132706225],[9.607568866583343,39.13969404213237],[9.607496358017968,39.13967189248606],[9.607452449233033,39.1396919600336],[9.6074587082728,39.13975769356261],[9.607410330089204,39.13978442732381],[9.607346654462642,39.13978404727226],[9.607292040188064,39.139759156811195],[9.607260538385502,39.13973726552944],[9.607218782611149,39.13968685546466],[9.607163603954056,39.13962157140476],[9.607123230752077,39.13961625614423],[9.607104677924902,39.139705471937006],[9.607092562486663,39.1397897521917],[9.607068583713934,39.139881374250585],[9.607046177630242,39.13996709489454],[9.60701536434517,39.14008439794489],[9.60697944935744,39.14017180190248],[9.60694375354105,39.14026048427374],[9.606916211281424,39.140328210463274],[9.60687301594799,39.140373489658366],[9.606801047060824,39.140391886434614],[9.606732164297823,39.14045532137923],[9.606698148249796,39.14053659776886],[9.606734127965343,39.14071212386797],[9.606747965838446,39.14077963459726],[9.6067990678245,39.14088217996831],[9.60681413186093,39.140913511306174],[9.606898461104644,39.141087351052605],[9.606925405159705,39.14113076919137],[9.606955520791795,39.1411822537055],[9.606971600527736,39.14122000640155],[9.607029556096256,39.14130130669924],[9.607064824762466,39.14135159651519],[9.60718375485667,39.14151897782891],[9.607252859156638,39.1416330462252],[9.607290060375469,39.14159159808255],[9.607420327527658,39.14169187618222],[9.607471075138992,39.141737379638826],[9.607511548451814,39.14177587287705],[9.607473565585696,39.141794092916605],[9.607433838059888,39.141827701167074],[9.607405215509063,39.141857526370686],[9.607451026709175,39.14188402966428],[9.607511341252872,39.141920049589366],[9.607563738658968,39.141919992730145],[9.607660315993767,39.14191927298959],[9.60779893369806,39.14189151711017],[9.607837520682347,39.14183725058264],[9.607959995615888,39.14178254559742],[9.608210221900002,39.141950196075435],[9.608263299235107,39.14206706161452],[9.608375752375103,39.1421805570682],[9.608339711440939,39.14220633201416],[9.608386606189452,39.14227704912073],[9.608416842587154,39.14242895065455],[9.608342231982347,39.142499175605245],[9.608263807556593,39.142606009706604],[9.608103240003155,39.142628828177095],[9.608042389833653,39.14295354098205],[9.6080142586699,39.142975539487914],[9.607982030203221,39.14299891011383],[9.607897699977043,39.143059768048126],[9.607847668336063,39.1430985989039],[9.607811517387374,39.14312255673302],[9.607731987725591,39.143189444024],[9.607663567942055,39.14330694326645],[9.607665584445634,39.14340675605306],[9.607556160361339,39.14360035990667],[9.607482732127917,39.14373959091459],[9.607456880100555,39.14377962830121],[9.607408491372121,39.14384598090283],[9.607369239126426,39.14390136720702],[9.60731531196574,39.14397431767164],[9.607258377438981,39.14405497469397],[9.607227349192373,39.1440986596292],[9.607189160546257,39.14415194075984],[9.607111325117454,39.14418388483328],[9.607006402820641,39.14422653806421],[9.606944835559014,39.144251279487015],[9.606898738164848,39.14426787815595],[9.606864453552692,39.144274804135314],[9.606821178369952,39.14425297766282],[9.606776484527966,39.14426147977435]]],[[[9.603769844812907,39.146876370215125],[9.604030044718215,39.14692167927881],[9.604160890208702,39.146932914559066],[9.604336780925646,39.1470322494203],[9.604386189119332,39.14706015267246],[9.604583967342707,39.14735198253221],[9.604626228400127,39.147388363383016],[9.604704920365142,39.14745610731058],[9.604749223508524,39.14748065775819],[9.604872064826365,39.147548728459604],[9.605097974579964,39.14774692292687],[9.605129652911739,39.14789881859966],[9.605090858058643,39.147929432229226],[9.605024764195809,39.14798158784673],[9.6047853427766,39.1480639297113],[9.604633588474302,39.14824855821261],[9.604533400440797,39.14837378690548],[9.604057732045408,39.14857188797691],[9.603919363307433,39.148630478354],[9.60347975468224,39.14864749029404],[9.603213675883122,39.1486577868526],[9.603137053930332,39.14849373310304],[9.603061081226231,39.14838971189135],[9.602907019226613,39.14834286317009],[9.602654225738892,39.14819211136284],[9.602507490307774,39.14794281586586],[9.602441392785066,39.14783052062403],[9.602543646970947,39.147608097309465],[9.602551422315324,39.14749204104904],[9.602557762368528,39.14739739339438],[9.602675725100363,39.147151234790286],[9.602742389623703,39.147040505868674],[9.602852588789656,39.14685746441466],[9.602885778619052,39.14684803390401],[9.603272508167079,39.14673814915951],[9.603463372845594,39.14672920973236],[9.603542899109645,39.14672548548312],[9.603769844812907,39.146876370215125]]],[[[9.605922293329273,39.149240711263005],[9.605898586700114,39.14927687769942],[9.60580092242523,39.14942587532654],[9.605745233859196,39.14951083324449],[9.605801802349895,39.14952850990033],[9.606000515218277,39.149590605351094],[9.605980917665176,39.149726997153586],[9.605971849006623,39.14979012145771],[9.605806038479365,39.15002260545759],[9.605720273395116,39.150142856365115],[9.605226200832863,39.14988218236501],[9.604995149488264,39.149760277911334],[9.604994908396556,39.14973211971881],[9.604992738609504,39.149478698683154],[9.604979439513865,39.1492816533995],[9.604976171162813,39.14923323611725],[9.605080870035783,39.14912794035457],[9.604974367910826,39.14902261461616],[9.604853209320046,39.14889483728377],[9.604870430256184,39.14883167164645],[9.604910713247719,39.14868390796312],[9.60487947881829,39.148414867534996],[9.604945727469108,39.148380733247365],[9.605177600114459,39.14826126067885],[9.60521267320133,39.148302777971246],[9.605277073361803,39.148379012909466],[9.605314968786503,39.14842387031664],[9.605450495924762,39.148540308757305],[9.605661490113103,39.14851668491633],[9.605795726145395,39.1485272510349],[9.605797329043149,39.148714220540654],[9.60570263174756,39.14882734961692],[9.605678861033105,39.148855631698865],[9.605529430051392,39.14897355057474],[9.605695633560948,39.14912474704346],[9.605740618608912,39.14897245313657],[9.605797032606999,39.148972159917314],[9.605934450159634,39.14897144555702],[9.605922293329273,39.149240711263005]]],[[[9.604757366363591,39.15172477190903],[9.604733160291014,39.15176995260872],[9.604779989268753,39.15183278584278],[9.604782178796329,39.1519859609],[9.604783595417938,39.1520850738528],[9.604667210773938,39.15217763158865],[9.604601116162582,39.15223019604371],[9.60452064735651,39.152293689694304],[9.604419156594528,39.15226718393316],[9.604329277076156,39.1522451224831],[9.604290142345423,39.1522363143873],[9.604221998970276,39.152218645658124],[9.60417414742186,39.152205377205796],[9.60412031580619,39.152169612185574],[9.60408831813521,39.15214955010971],[9.604049049439215,39.15212492738796],[9.604015585572963,39.15210257327912],[9.6039705106003,39.152075773824116],[9.603905069234187,39.15203556425957],[9.603908403585228,39.15199049188682],[9.603928410790285,39.15172006033892],[9.603932134345529,39.15164795288778],[9.603936088959884,39.151602878198254],[9.60395466326705,39.15157574888579],[9.604016788598692,39.15156641590609],[9.603996784570404,39.15152972488253],[9.6040362316992,39.15147170033109],[9.604063445642053,39.151440020712656],[9.604082058376802,39.15141739669014],[9.604106380318077,39.15138573295252],[9.604232597885945,39.151258925262894],[9.604277055935912,39.151213639659844],[9.60432295933762,39.15116834744616],[9.60433426206114,39.151136750266964],[9.60435280178958,39.151077331880096],[9.60440043896335,39.15092464991887],[9.604494309579287,39.15090614103057],[9.604624305399744,39.15088293914877],[9.604656273580225,39.15089960498233],[9.604701319682771,39.15092308917414],[9.604770675944543,39.15091371827505],[9.60478170848969,39.150850583882175],[9.60524744456476,39.15078599009848],[9.605442952676894,39.15103638117775],[9.605444888270478,39.15108142532102],[9.605448373278064,39.15116250549391],[9.605373692688326,39.15122597057115],[9.605451961297598,39.151243586031526],[9.605456880061015,39.151311142224245],[9.605353152283229,39.15136124165572],[9.605295136584475,39.151343520944735],[9.605245683641888,39.151289711658244],[9.605179257313118,39.15132610068502],[9.605192893787224,39.15139811712989],[9.60511304496683,39.15153369613002],[9.605033195842653,39.15166927507472],[9.60494069262579,39.15167876628025],[9.60489455787774,39.15169702777766],[9.604826492011075,39.151688370016245],[9.604757366363591,39.15172477190903]]],[[[9.501678674292716,39.199449418075176],[9.501308994516961,39.199577162119596],[9.500678560092013,39.19983534149532],[9.499536037452797,39.20030005616069],[9.499439316419428,39.20034152754026],[9.49924686811764,39.200419625103095],[9.499151144344097,39.20045625217415],[9.498052578950277,39.20090672124302],[9.495114619126031,39.20266172501943],[9.494749443466029,39.202878600802194],[9.494663469058173,39.20293354714622],[9.494027626079802,39.20331174955083],[9.493532160017121,39.203674285744526],[9.493459555166888,39.20384913764861],[9.4934447365703,39.203878952844704],[9.49343347658416,39.20390887281279],[9.493406847310668,39.203972175944934],[9.493353962054732,39.20417848716914],[9.493350253150423,39.20420541054105],[9.493342073093846,39.204256585154155],[9.493215448170638,39.20475693469608],[9.492949397799807,39.205254512095266],[9.492923814310908,39.20530501510039],[9.492898735131291,39.20533985219475],[9.4926323511928,39.205840710234376],[9.492263314397835,39.20606754259615],[9.492018875873967,39.20617214637673],[9.491973141132803,39.20619312692573],[9.49192118286442,39.20621138448851],[9.491499731791,39.20633702447351],[9.491444690819517,39.20635454781978],[9.491370383932574,39.20636970682275],[9.491330984369558,39.20638405265511],[9.49129679401934,39.20639052885276],[9.491263847432096,39.20639482274532],[9.4909094965648,39.20646445378914],[9.490804642718153,39.20648225971158],[9.49069935900355,39.20649954921953],[9.490594077546442,39.20651683772177],[9.490488794878583,39.20653412613404],[9.490391824567538,39.206556067869705],[9.489326216433332,39.206746722347525],[9.48894866707308,39.20679926094665],[9.488883272158164,39.20680697664668],[9.487909562593295,39.20694031740649],[9.487875316572033,39.20694435626743],[9.487782744709584,39.206957054685155],[9.487589395054433,39.2069829749402],[9.487455158041115,39.20700398347595],[9.487415005359763,39.20700672680864],[9.486879668570793,39.20707950679627],[9.486801545624282,39.20708908752785],[9.486389165799661,39.20714965878364],[9.486334822821012,39.20702280574097],[9.486321131501999,39.206997276244444],[9.485993999166658,39.20625758271134],[9.485713708581873,39.20562379347083],[9.485473130991629,39.20507607391577],[9.48544949624012,39.20503002630389],[9.485433409896336,39.2049912839697],[9.485413357362873,39.20494909163677],[9.485377153474802,39.20486189640333],[9.485347939506921,39.20480384416489],[9.485249660690137,39.20457575416752],[9.484844706575847,39.20365873788546],[9.484819260869768,39.203602174651365],[9.484784147613505,39.20352179417871],[9.483633605524844,39.20092146790459],[9.482846104336671,39.19914153121615],[9.48258255872635,39.19856798098037],[9.482238544795823,39.19782121249712],[9.478743743394844,39.190208161799404],[9.478685043453584,39.190084707197656],[9.478074653154632,39.18869128238837],[9.477085810024787,39.18644090964971],[9.476926298181032,39.18607480936184],[9.476803360372223,39.18579421058213],[9.476784216525552,39.18562408723983],[9.476043811708353,39.179615813447725],[9.475520720883322,39.17414830540519],[9.475110384952037,39.17042671926971],[9.474867293575137,39.168221760954566],[9.47478207768704,39.167384089233536],[9.474277537556258,39.16321587506879],[9.473985042606797,39.16081730448823],[9.473871214323095,39.16042841454847],[9.473853811671816,39.16036832486646],[9.473572285942366,39.15981078887067],[9.473377011191904,39.15960094991161],[9.470587842909058,39.156596948585616],[9.468053652987075,39.15328962025244],[9.466093218612597,39.15073083771801],[9.465615655601695,39.150264175828845],[9.465468746410812,39.15015743277218],[9.463766373154245,39.148917322179024],[9.463731712414598,39.14889306984229],[9.462089363573956,39.147701903158904],[9.461627150918593,39.14736633064856],[9.461280760331992,39.14711467308463],[9.460545916533796,39.146580792386146],[9.458741568636379,39.144938895557154],[9.457102079737659,39.14399571386911],[9.456999300985316,39.143936507741316],[9.456231124025232,39.143660007143595],[9.456083003386548,39.14360669069942],[9.452570979981644,39.14270125791044],[9.452023285723413,39.14255470228376],[9.450366352026697,39.14175463113019],[9.450041212980103,39.14157566719847],[9.44981992922634,39.141351246184776],[9.449607866855013,39.14075733751806],[9.44959314355264,39.14026178928075],[9.449382748869201,39.13992919327368],[9.448960955788593,39.139410549381815],[9.44885862294024,39.139277303719375],[9.448403085852814,39.138716472521004],[9.44834428838739,39.138671317073886],[9.44807745287938,39.13845640510683],[9.447529470286526,39.13780070648192],[9.447343882713115,39.137528196425066],[9.446571695771624,39.13638064238692],[9.446314575285896,39.136134048410234],[9.44562871182922,39.13546512827901],[9.445105448326055,39.135052621011305],[9.445058333060295,39.13500528993606],[9.44472120046916,39.13466661341959],[9.444545044468637,39.13425277870689],[9.444514073061065,39.134107747930386],[9.444425830472168,39.13369455540122],[9.444365830061727,39.13335236526487],[9.444248037921046,39.13301940644481],[9.444037802194575,39.13270482187101],[9.443916970845436,39.132598325804686],[9.443677241502371,39.132382948802],[9.443549162137604,39.13227415326932],[9.443212346063005,39.132068181018944],[9.442944609719875,39.131807879615224],[9.442815652378613,39.13153803845426],[9.442548547045002,39.12952959386369],[9.442522532714758,39.129070130052355],[9.442501109427674,39.128841027515946],[9.442496411259945,39.12879575555072],[9.442490077461756,39.12873684518265],[9.442473098700576,39.128565700487506],[9.442363397900136,39.12767402482233],[9.44230557267914,39.12711761390686],[9.442295286614034,39.12701865423293],[9.44228936317209,39.12693540148094],[9.4422199561116,39.12693565579899],[9.442240713953558,39.12653318793198],[9.44367739139394,39.12567773342015],[9.44471357352032,39.12534572028358],[9.445155054969158,39.12545847623824],[9.445429019129119,39.125806064898505],[9.445405314413897,39.125716045314654],[9.44557277400457,39.12567034980326],[9.445627621395229,39.12565538355315],[9.44574065977355,39.12562567698449],[9.446487041359205,39.12543812259808],[9.44712596592699,39.12579425705432],[9.447913993305644,39.12649313733035],[9.448356647772819,39.12678898314102],[9.449063771293632,39.1270838087072],[9.449302727278846,39.12769324053613],[9.449453628553053,39.128318270755294],[9.449896787443564,39.128690402930246],[9.450289856860726,39.1288872501363],[9.450506712026314,39.12910003567364],[9.45092756679274,39.12904500229393],[9.451270545484823,39.12906656318805],[9.451623903509962,39.12917963562981],[9.45178218708493,39.12942316357956],[9.452312888398705,39.129695764673684],[9.452675314301274,39.1296943577713],[9.453183057061214,39.12944061387657],[9.45356600265414,39.129584083265684],[9.454077561521366,39.1299254153495],[9.454999009774394,39.13002863435148],[9.455653380884687,39.12972853090613],[9.456301423952395,39.12993961927691],[9.456604806965029,39.129923172776195],[9.457102395051523,39.12961604555021],[9.457100126476767,39.12926510193096],[9.457887810909597,39.128376998928495],[9.458808402738507,39.12835049088794],[9.45916097756225,39.128341472909504],[9.459462989855982,39.128088511868974],[9.459715777313688,39.127797597495814],[9.460234417156446,39.12771925755253],[9.461133071568625,39.12733423459111],[9.461679596978692,39.12702689506396],[9.462130162841417,39.12702510966715],[9.462473334391332,39.12707715474468],[9.462857883578385,39.127464728608636],[9.463026097077853,39.12772346035394],[9.463465371898556,39.12749283182673],[9.463808796854694,39.127583019539536],[9.464124189636426,39.12787931066132],[9.464135987972474,39.12818444073612],[9.46421874734054,39.12834037352459],[9.464245085541005,39.12838999997642],[9.464676171556889,39.12840354079198],[9.465301852786022,39.128217939414085],[9.465365547850595,39.12815365949321],[9.46568134933998,39.127834953546625],[9.466007894604775,39.126849454562446],[9.46658478605455,39.12669455831282],[9.466929016964633,39.1269068033728],[9.46702847763932,39.127135287733424],[9.467557000362469,39.12707213322137],[9.4681742822253,39.127100173520766],[9.468361446846622,39.127259638976206],[9.468255673203693,39.12755761127413],[9.467816715449107,39.127834032922266],[9.467529269946725,39.12880412055809],[9.467905473753579,39.12938237951315],[9.468308948451979,39.12968600284032],[9.467930214833004,39.13018343496037],[9.467930669211821,39.130252097669434],[9.468343639953755,39.130486950588],[9.468489864029712,39.1303795517921],[9.468959890508158,39.13035477355856],[9.469567659095596,39.13042099133507],[9.4695511591496,39.13088645189352],[9.470179030624251,39.131028879694625],[9.470788585133063,39.13136211315087],[9.471193353114224,39.13183350041147],[9.471959189828029,39.13209743131293],[9.472685544466488,39.13231574094091],[9.472861457428948,39.13225399173373],[9.47354674289481,39.13219017490221],[9.473878157475882,39.13194468698579],[9.474458809921538,39.1323466831339],[9.475183687759401,39.13234373032106],[9.475683984076932,39.13244850175124],[9.476203358930341,39.132476898909744],[9.476378755143767,39.13233885233368],[9.476406291425286,39.132064081822215],[9.476729855321059,39.13210853525675],[9.477171841987198,39.13228220326006],[9.477532837125466,39.132067100835314],[9.47804952759275,39.131698772289866],[9.478568587949443,39.13168138298154],[9.478991347454652,39.13190852904832],[9.479698336506758,39.1321573914654],[9.480179306234136,39.13230036976167],[9.48100338389905,39.13248007824435],[9.481523540237777,39.13262288926216],[9.48197601386145,39.1328956770946],[9.48222262351739,39.13314642774755],[9.482245180667359,39.133581210283374],[9.482228867746267,39.13406192990515],[9.4822650615727,39.13414502184912],[9.48236819539623,39.13438178843631],[9.482654308256661,39.13467815001298],[9.48325394757718,39.13498084200574],[9.483834469114235,39.13535227378492],[9.48461977411157,39.135585522517864],[9.48475019396994,39.135571992528234],[9.486381860008681,39.13540270751028],[9.487282020165273,39.13525287371938],[9.48820670640242,39.13509895006268],[9.488239823664879,39.13509365881196],[9.488443542891972,39.135063752682534],[9.4884824984284,39.135050072812554],[9.488728701706611,39.13495893085426],[9.48881718063757,39.134926176714224],[9.488996474102688,39.13485980238164],[9.489221105182738,39.13477664448915],[9.489394213932982,39.13471249871192],[9.48997031735184,39.13449937864618],[9.490370390605399,39.134195809687135],[9.491218549521198,39.133604774455506],[9.491850287642082,39.132884947225136],[9.49246459966726,39.13247799548747],[9.49321822397179,39.13238325645218],[9.49378700958894,39.132472400927],[9.493789087543556,39.13276993808017],[9.494171758981684,39.13285986984778],[9.494160736534743,39.132684440163274],[9.49480692950053,39.132635922560276],[9.495024463533284,39.13292491607787],[9.495459634842923,39.132973999580955],[9.495744923477831,39.132870416183515],[9.495817051426261,39.13284407638084],[9.496120829644774,39.132674954209584],[9.49632126470301,39.13256336464175],[9.496754885417658,39.132321950647174],[9.49686184507543,39.132218093495965],[9.49687118668192,39.1321323231363],[9.496900163493203,39.131866275346646],[9.496936466788997,39.131770378724084],[9.496999960925166,39.1315932664046],[9.497015349689283,39.13133004200072],[9.497041753485451,39.13125702433805],[9.497070644040335,39.131155931042485],[9.497287607534545,39.13116063755241],[9.497398879927344,39.131167926733944],[9.497480235437331,39.131178361307335],[9.497545788888598,39.13106266754804],[9.4976473205696,39.13104628089667],[9.497868761379683,39.13100877731427],[9.497945035111304,39.13099699841887],[9.498004561997341,39.131005145145636],[9.49805105243882,39.13100692894946],[9.498137100633624,39.131016063439944],[9.498307605723799,39.131117984419845],[9.49846134415449,39.131077904496415],[9.498623784934663,39.13093886076091],[9.498659722174782,39.13090809907716],[9.498845899629133,39.1309699394056],[9.498934770188752,39.130946345587006],[9.499202891802591,39.13102754090285],[9.499303115883036,39.131057388874076],[9.499460295489959,39.13108035245732],[9.499498157836205,39.13109236509049],[9.499643319549252,39.13113817346078],[9.499781852254872,39.131095302263695],[9.499835244315998,39.131078779484135],[9.499900174949852,39.13105098028673],[9.500011581549712,39.1310032834698],[9.50015021128562,39.131003150087146],[9.500228163369082,39.131027510458615],[9.500347596597244,39.13106644387101],[9.500475822316725,39.13106589339208],[9.500620318868837,39.13100214845137],[9.50068478689349,39.13099468881949],[9.500825163904336,39.13098838625115],[9.500981494468968,39.13100414256383],[9.501037338453084,39.13099750827205],[9.501200019535034,39.13097455691919],[9.501247180005977,39.130973252073275],[9.501377476331944,39.130973000778866],[9.501416210418911,39.13097395784646],[9.501541176390948,39.130992764310456],[9.501641058896261,39.13100907078453],[9.501735871627288,39.131056197976086],[9.501874720369202,39.13112521264988],[9.502099947925027,39.13123462755497],[9.502267838435742,39.13129367745364],[9.502480737910929,39.13129606334291],[9.502533961916805,39.131296660208754],[9.502675373052769,39.131252023215005],[9.502717218880598,39.131238725315754],[9.502898883029077,39.13116022110093],[9.502999649292208,39.13109445686518],[9.503147583723834,39.13095191547159],[9.503251161381499,39.13087630328481],[9.503285678123273,39.13084927960349],[9.503327517744298,39.13083532190051],[9.50364324588828,39.13069635980603],[9.503784037905218,39.13056509248976],[9.503827139929511,39.13052521417704],[9.503967033125479,39.13039487325734],[9.504394269456656,39.13006974006834],[9.504551414370697,39.12993550759486],[9.504701311349281,39.12980870439023],[9.504977395441289,39.129587164234174],[9.505107768588037,39.1294825474696],[9.505310994069525,39.12931946893825],[9.505487740323291,39.129161009522605],[9.505552408646865,39.129103874529],[9.505636356938814,39.12902970511594],[9.505759349105386,39.12892103941474],[9.505861483120915,39.12884512928742],[9.505929088382024,39.1287941485243],[9.506058529093202,39.128694465601555],[9.50612753531235,39.12863737002565],[9.506200855516473,39.128576704405795],[9.506277047134516,39.128513296810276],[9.506483738141693,39.12829613465237],[9.506710690995172,39.12813106634516],[9.506849182778698,39.12803435289576],[9.507096610778573,39.12785193046171],[9.507224502755191,39.1276711531936],[9.507285239967755,39.12758312720951],[9.50743070598329,39.12745399145984],[9.507564351063493,39.12733626637582],[9.507595966451143,39.127307963654914],[9.507695205229838,39.127218540677305],[9.507805746533352,39.12711893721155],[9.50785167012861,39.12706982045493],[9.507966477678316,39.12694702803876],[9.508078047064325,39.12676632184426],[9.508308052498544,39.12639378472718],[9.508356978327411,39.12631453691473],[9.508423919993254,39.12620611279772],[9.508646253056769,39.125862724179505],[9.508938794510629,39.12541089643729],[9.508995770858277,39.12529050100141],[9.509146327846343,39.12497196287669],[9.509291960790089,39.124652428704515],[9.509318009745872,39.124508138340744],[9.509330139211071,39.124440953616684],[9.50935871223232,39.12428268051341],[9.50935530101785,39.124210607589475],[9.509350249101198,39.12411150855907],[9.50934769069884,39.124057453188556],[9.509345139150925,39.124003385171996],[9.509031574546658,39.123833531499244],[9.509031055733798,39.123761445929],[9.508992942923228,39.123716556891495],[9.508911867234847,39.12367636186112],[9.508894352918633,39.12365391059192],[9.508859083702356,39.12360900909551],[9.508809705956164,39.12354614788664],[9.508715683634653,39.123542052696905],[9.508672270738725,39.1235377365988],[9.508602830711883,39.12353353404605],[9.508474039247309,39.12352057926424],[9.508404217122456,39.12346337771545],[9.508314031524163,39.12338949077342],[9.508228948713132,39.12322090556149],[9.508303906481595,39.123187913518315],[9.508402205863328,39.12318357673012],[9.508445573746336,39.1231816637572],[9.508562739820967,39.12318678458513],[9.50855617144105,39.123159779961405],[9.50853591801109,39.12307651660687],[9.508461735567042,39.12301601622454],[9.50844321754434,39.12285389821226],[9.508567054271705,39.12278127015935],[9.508703871678438,39.12271444344065],[9.508812931383837,39.12253242815935],[9.50874836153458,39.122512476468884],[9.50865825510716,39.12248534980414],[9.508754429893559,39.12230672219556],[9.50883235314636,39.122286193629144],[9.508909608227022,39.12226798828454],[9.508984622498357,39.122173584945045],[9.509001210360836,39.12214755966227],[9.509030246858972,39.122114145888176],[9.509128281845314,39.12200048884543],[9.509207125324988,39.12192948216345],[9.509265508326328,39.1218050262953],[9.509301330827581,39.121733907417045],[9.509367187710742,39.12164238322979],[9.509445786835633,39.121663138336224],[9.50949513435941,39.121674694759086],[9.509529568171748,39.121628919277136],[9.509559337438077,39.121580384251736],[9.509640598533696,39.12145987326351],[9.509671953577568,39.12135273031818],[9.509681525364599,39.12132002324617],[9.50964663681073,39.12109377380044],[9.509563602511141,39.120901123617536],[9.50954221105905,39.12084944386819],[9.509477496161148,39.12069802851567],[9.509392182317718,39.1204979296732],[9.508774436269611,39.11999581673962],[9.508525603068408,39.11986815642823],[9.50833979527454,39.1199370988445],[9.508393915121413,39.11996872337048],[9.508393971023777,39.120015773674545],[9.508347915384542,39.12006096513317],[9.508298801799024,39.12006793671937],[9.508238761967489,39.120013682257344],[9.508170675292986,39.119744098490976],[9.507979999705885,39.1197708364483],[9.507799440158209,39.11979693980114],[9.507522100971412,39.11983703497873],[9.507334658989656,39.12001131273922],[9.507290841538989,39.12005205337162],[9.507223340925357,39.120116334905404],[9.507125681403878,39.12020933801652],[9.507017509751352,39.120248105713934],[9.50693495456132,39.12022931616529],[9.506850533791331,39.12015196343166],[9.506816760509446,39.12008002238509],[9.506856982505616,39.12001339065522],[9.506891068772953,39.11995692397807],[9.507148494012371,39.11996256265802],[9.507190142555435,39.11992295790238],[9.507039022886325,39.11981998857003],[9.507056140030222,39.11978724888357],[9.507181095404164,39.119871183447664],[9.50722133919009,39.11983717708008],[9.507339194588546,39.11973758358214],[9.50742935840762,39.119607657496964],[9.507579686128445,39.11960024471462],[9.507570775080849,39.11955973356907],[9.507471761856502,39.11910961327463],[9.507424235921398,39.11889355556042],[9.507482024305725,39.118886545677924],[9.507525942441996,39.11910937740063],[9.507614664421498,39.11955954246182],[9.50762908236298,39.119632694857394],[9.507798131890905,39.11961469692875],[9.50820190097947,39.11956753947066],[9.508112477112157,39.119106822322806],[9.508048036212214,39.118774821582086],[9.508097286454612,39.11878699719294],[9.50816351482564,39.1191065998514],[9.508253066840608,39.119538738601705],[9.508375885367634,39.119526408425614],[9.508651865958353,39.1194987029018],[9.508567910200256,39.11910483631768],[9.508488754683112,39.118733477357445],[9.50852191363731,39.11871981606465],[9.508612674904505,39.11910464101638],[9.508702375282798,39.11948496585115],[9.508953690657886,39.1194455230567],[9.509167451602007,39.119411973013776],[9.509094102215043,39.11910253953887],[9.508987411999268,39.1186524540435],[9.508970608861645,39.11858156589659],[9.509386006942703,39.1184378275659],[9.509208702345967,39.1182009362164],[9.509124669922771,39.118088665391035],[9.508983434338038,39.11815348623049],[9.508944051425905,39.118105758769175],[9.508925088742707,39.1180827785441],[9.508882647051006,39.11801200230402],[9.508857459042545,39.11792763408296],[9.508806196289353,39.11783662133925],[9.508658663204452,39.11774390025342],[9.50844780770111,39.117663595838444],[9.50836240754206,39.11765096616755],[9.508314640720403,39.117643902502145],[9.508181805540524,39.117670387661654],[9.508056620394033,39.11775541239197],[9.507881950876667,39.11779559617831],[9.507967186166903,39.11820635269445],[9.508012256371492,39.11842354729927],[9.507979000396547,39.11842369221945],[9.507927896810877,39.11820652388994],[9.507832838819963,39.1178025684619],[9.507785175161336,39.11780972274776],[9.507392303471237,39.117868690834754],[9.507467946668127,39.11820852794652],[9.507520796366752,39.11844596295453],[9.507463008345928,39.11845297285438],[9.507409260166986,39.118208783404945],[9.507332974230149,39.1178621907254],[9.507207300492844,39.117879260347976],[9.50708451576403,39.11789593609874],[9.506980871946137,39.11776009577769],[9.506941470646506,39.11770845329027],[9.50720508045224,39.117569623312185],[9.507314557247655,39.11751196698788],[9.507490769700256,39.11768691469349],[9.507799430905852,39.11764710848389],[9.50778373305965,39.117608816601766],[9.5076126021491,39.11733608035451],[9.50765443481004,39.117322382438346],[9.50778310139078,39.11752081512831],[9.507847433800054,39.117620031871304],[9.507972902039032,39.117574429701406],[9.507921221317083,39.11742484711807],[9.507872641661846,39.11730566256701],[9.507844684632621,39.11723707470558],[9.507780498345534,39.11715816563944],[9.507710475837076,39.11707208208366],[9.507601130504344,39.11694640371609],[9.507500718246131,39.11685673076627],[9.507325066346107,39.11675950047329],[9.507199319339268,39.11676607787607],[9.507043219297316,39.11677424336197],[9.506817663409235,39.116775224198356],[9.506661931957174,39.116864744319436],[9.506621939381649,39.116903589279865],[9.506535781629733,39.11698708209732],[9.506378874902452,39.1170846322341],[9.506303456266918,39.117052294564466],[9.506312969945322,39.11716939668485],[9.506046358601113,39.11714464741658],[9.506021097639401,39.11731267537203],[9.506006529104331,39.11738473912383],[9.506047059847418,39.11739096467556],[9.506298927306522,39.1174296514684],[9.506538660786093,39.11738918645359],[9.506556245373401,39.11742177529108],[9.506332408545303,39.11746104400833],[9.506047307648128,39.11742560588344],[9.505982182583034,39.117417510048085],[9.505941090643882,39.11753483183114],[9.505966966687916,39.11771606615985],[9.506049293910907,39.117703272584166],[9.506608247017303,39.11761641260325],[9.506631993191537,39.11766136491629],[9.506048579098435,39.117750499269896],[9.506000884551735,39.11775804584471],[9.506045612500087,39.1179297366615],[9.506628657459531,39.117841669939736],[9.506667655929853,39.11783579822156],[9.50668384203681,39.11787515144156],[9.506628955768404,39.117883323363074],[9.506052207897927,39.117969131601946],[9.506120771809732,39.11819523607259],[9.506630678816569,39.118123914092706],[9.506694235833967,39.11811502414466],[9.506703233983558,39.11816004054088],[9.506631018663507,39.1181713668784],[9.506444724849427,39.118203891836],[9.50646251979452,39.118265839739365],[9.50631349269621,39.118454592038],[9.506634160462598,39.118610050571974],[9.506741809574494,39.118662237239185],[9.506882279395308,39.11873033617838],[9.506857981241883,39.118769864492094],[9.506633740962323,39.118663730621144],[9.506271835296705,39.1184930701403],[9.506042798922573,39.11852153224327],[9.505898940463602,39.11866589901966],[9.505874184178921,39.11869303885439],[9.505792605572486,39.11881053624779],[9.506058160337975,39.118942694870384],[9.506402906559922,39.119114261364125],[9.506593626261349,39.11920917564402],[9.506569230991962,39.119235187667364],[9.506329091436855,39.11911458199929],[9.506058417491996,39.11897864083579],[9.50577543975351,39.118836517640624],[9.505546080561576,39.11911798123391],[9.505491893769296,39.11918129301543],[9.506061900358779,39.119469525213084],[9.50625077595614,39.11956547351573],[9.506305737980426,39.11959339450007],[9.506279849330749,39.11961265552439],[9.506182205058492,39.11956577128425],[9.506062205622783,39.119508152669596],[9.505468285623158,39.119222973501614],[9.505247979308116,39.1194875987488],[9.505433447435975,39.11956902013274],[9.505484413300946,39.11959139447741],[9.505657025591283,39.11966717172749],[9.505782808635617,39.11986712210823],[9.506015842498046,39.11979852754953],[9.505517691349,39.11999893122657],[9.505508830551769,39.119973063642696],[9.505733791554915,39.119887608844095],[9.50562395419506,39.11969322208727],[9.505484696157572,39.11963097720907],[9.505346924942065,39.11956939524259],[9.505222137517505,39.119513617660886],[9.505180120609253,39.1195701182253],[9.505057432394137,39.11973510150955],[9.505234088587756,39.120020435700575],[9.505453867236907,39.12037541865004],[9.505489919774984,39.12036195202816],[9.506066772450085,39.12014649352004],[9.506192237287475,39.12009963083362],[9.506209822403118,39.12013221970483],[9.506067046129365,39.120184747148606],[9.505483271146856,39.12040639656221],[9.505655604485622,39.12068204476766],[9.506069559119112,39.12053599785995],[9.50628634346826,39.12046067713605],[9.506404145586306,39.1206145922368],[9.506071016397359,39.12073968469647],[9.505706160187303,39.12087668864626],[9.505737355442784,39.12091935602547],[9.505858029344537,39.121084410440794],[9.505941797583736,39.12107053025573],[9.506061997674848,39.121109431152355],[9.50612472967143,39.121173362868824],[9.506158543086128,39.121250935864154],[9.506126027245806,39.121354703756815],[9.506082903074597,39.12137678885019],[9.506026635040067,39.12140807544567],[9.505911046941407,39.12142096740495],[9.5058268099443,39.12136951915088],[9.505564522317481,39.12092010572053],[9.505493033150787,39.120797614306326],[9.505302236891463,39.120470691648464],[9.50503995482292,39.12002127692972],[9.5049074735351,39.11979427009907],[9.504882587428556,39.11975162832773],[9.504906944656632,39.11972017501962],[9.50502261884475,39.11957080066865],[9.505372694283038,39.11911873303376],[9.505480045107985,39.11898010309326],[9.505608990941672,39.1188135855513],[9.505619182047878,39.118667112762516],[9.50562341472594,39.11860626947194],[9.505673095868817,39.118476520297584],[9.505722679053932,39.118333255773486],[9.505715303805438,39.11821614434952],[9.505703105799196,39.11802245947804],[9.505885711535425,39.117878617741994],[9.505825624252507,39.1177651142169],[9.505784576475849,39.117687571561305],[9.505750257913425,39.117539039065036],[9.505831174773533,39.11731689050214],[9.505898579937236,39.116863694543866],[9.50590772848033,39.116724408057244],[9.505837246961656,39.116644770097324],[9.50581231793486,39.116616268911116],[9.505776650172033,39.11657811295648],[9.505599057281207,39.11641441986291],[9.505524854641067,39.11634603289241],[9.505461004689861,39.11631372199879],[9.505207054302474,39.11618521160187],[9.504869237672704,39.11606953165211],[9.504439915359896,39.11607139018142],[9.504302876209586,39.11611643216798],[9.504158624220457,39.1161638444702],[9.504096030979625,39.11619123407363],[9.503930365815824,39.11626372557982],[9.50391814588415,39.116302343229876],[9.503919062984757,39.11643109534055],[9.503920167382296,39.11658614104224],[9.503717050586257,39.116631500394256],[9.503613080242244,39.11671136987115],[9.503564956517623,39.11669610028577],[9.503449486720541,39.11665893169976],[9.503278094718077,39.11659998850791],[9.503319229639514,39.116398412717125],[9.503334273758801,39.11635592978727],[9.50334428423444,39.116325055969575],[9.503378250143605,39.11624242074936],[9.5034309374186,39.11611424094115],[9.503472766913978,39.11601247629781],[9.503537305879222,39.11593405954518],[9.50356710903839,39.11589913893026],[9.503616376317613,39.115844225085496],[9.503678510655499,39.11577497843053],[9.503721993527886,39.1157201390934],[9.503830645421358,39.1155885561645],[9.503870776390604,39.11553882163111],[9.50390782729481,39.1155206392696],[9.503940869385307,39.11551436618284],[9.50406811775274,39.1154343416851],[9.504147350654312,39.11539344998269],[9.504297250861413,39.115327266552285],[9.50435346264107,39.115302447381694],[9.504516328360763,39.11522965469832],[9.504639489925166,39.11506366328174],[9.504871512038289,39.1147538732631],[9.504894427532319,39.11472340027918],[9.504932211094951,39.11461510424564],[9.504951811138069,39.114560445379865],[9.504958135532675,39.11453039928321],[9.504977629352917,39.11447917680787],[9.505030396594897,39.11432632529025],[9.50509430098426,39.11416385028849],[9.505144004194246,39.11403748031606],[9.50523563486246,39.11391092861819],[9.505223038794211,39.11376680637236],[9.505257352326629,39.113712591908836],[9.505406042525044,39.1134776603508],[9.50544039323843,39.11342885143449],[9.505463294465367,39.113396313049],[9.505485461777095,39.113261051195636],[9.505438767950807,39.11320117658551],[9.505415422808827,39.11317124016657],[9.505375291917833,39.11301822618146],[9.50532197343162,39.112811208088445],[9.505296471906975,39.1127122018197],[9.505221997552853,39.11260889772877],[9.505190896009948,39.11250540564105],[9.505109546872982,39.11245169147315],[9.505145047173983,39.11236142744658],[9.505165707199778,39.11230613315486],[9.505223222109086,39.11216694249488],[9.505252637068889,39.112140356589926],[9.50531516430514,39.11209035866484],[9.505280079430495,39.11203644496958],[9.505138490440016,39.112050575229034],[9.505074266126465,39.111965248838935],[9.505035177260236,39.1119113515142],[9.504989574821684,39.11184847218039],[9.50496464179227,39.11159627085116],[9.50502227977518,39.11156898784156],[9.50513794042028,39.11156848674245],[9.505091354094233,39.11152363393194],[9.505087049993111,39.111460574794556],[9.505084896795472,39.111429046131626],[9.50518227514397,39.11129796396836],[9.505221339730086,39.111009440878114],[9.505226222352928,39.110973376167735],[9.505266894713692,39.110797484094206],[9.50528231545681,39.11072983481039],[9.505231199319834,39.11065796834117],[9.505156313048857,39.110552863729396],[9.50504861727967,39.11039743897129],[9.504902693379083,39.11020883945686],[9.504852930579275,39.110143361239146],[9.504820698708901,39.11009925624336],[9.504710389419941,39.110002396697396],[9.504640222740761,39.10989456797213],[9.504535809491117,39.10984996432167],[9.504443154973186,39.109832343042704],[9.504362257915687,39.10984170416925],[9.504296172563976,39.10990056230124],[9.504258646583624,39.10990959696567],[9.504200914321295,39.10992350120865],[9.50408226859109,39.109910498508164],[9.504015412760562,39.109861226433594],[9.503911320789218,39.109861676408805],[9.503818921875505,39.109880097988736],[9.503679888111256,39.10984641236564],[9.503581406280436,39.109822551951424],[9.50345974113153,39.109791539428606],[9.503309257499337,39.109774166970375],[9.503193727907927,39.109792687913746],[9.50313615471279,39.10982897996041],[9.503101447398688,39.10982777717546],[9.502904774994832,39.10982096719592],[9.502765921352989,39.10981255588297],[9.502523206632324,39.109837255636016],[9.502488534078806,39.10984078425544],[9.502419202642454,39.10985009418334],[9.50232950407541,39.10984146959967],[9.50207203602726,39.109824557375404],[9.502081020786735,39.10965943954648],[9.5020775133452,39.1095713331472],[9.502381370272113,39.10940871614996],[9.502434973181765,39.109313827877635],[9.502509317132544,39.109182887715185],[9.502529247018376,39.109065658194375],[9.502543334557796,39.10900702611141],[9.502574084487215,39.10885821102853],[9.50256200679892,39.10878617505889],[9.50249758937463,39.1087723133884],[9.502444425103151,39.10871909939422],[9.502387626406657,39.10866077190909],[9.502416964770987,39.10857751071087],[9.50247289785513,39.10835902939422],[9.502529952744469,39.10833700540263],[9.50259208879964,39.10831273733639],[9.502643881077528,39.10828631602301],[9.502699137841036,39.10826354817396],[9.502766247844454,39.108235633394564],[9.502835550520643,39.10821729604755],[9.502828368200506,39.108162300634206],[9.502926665602283,39.10801865932572],[9.503018288352878,39.10799402503058],[9.503088271237532,39.10796533623026],[9.503144452687069,39.10794563156407],[9.503284363904429,39.10789997206349],[9.503351025085074,39.10792221206513],[9.50349736001475,39.10796663485432],[9.503597336541537,39.10799774194525],[9.503680105109787,39.107980719221864],[9.503773486256167,39.1079654419917],[9.503835587166854,39.10795616250834],[9.503943853019711,39.10793316767101],[9.50403075421359,39.10795531889021],[9.50411791338548,39.10801351430131],[9.50421050123663,39.108022125020376],[9.504245198042652,39.108021974954134],[9.504326156099136,39.10802162476441],[9.504393590205463,39.10794924408846],[9.50447659019835,39.107858774682455],[9.504509791290234,39.10782258653808],[9.504625381573192,39.10781307604859],[9.50470277437545,39.10771812429078],[9.504774768691716,39.10767726346487],[9.504831043420399,39.10766473403708],[9.504867475695846,39.107650262109864],[9.504916876144097,39.107632943263866],[9.504965764754855,39.10761829570713],[9.505015325613947,39.10760644407113],[9.505082344786718,39.107589840008835],[9.50519028857969,39.10755831999102],[9.505267840027308,39.107485894964555],[9.50535276243696,39.10740442771799],[9.50539707070933,39.10736192303875],[9.505427291087644,39.107332931216824],[9.505465992402675,39.10729580522562],[9.505558128868126,39.10724133990564],[9.505599704841439,39.10715218021584],[9.505615022730527,39.1071104319532],[9.50567236708657,39.10704259984883],[9.505776288246782,39.10705136021694],[9.505819889690876,39.107050971905785],[9.505860399780817,39.10705530169701],[9.505904124470794,39.107104673118265],[9.505962077885732,39.107086965280274],[9.506019520075737,39.10706812693481],[9.50615811088823,39.10704049195499],[9.506215744719373,39.10701320926261],[9.506303298496313,39.106951717457754],[9.506319898149146,39.106899887302454],[9.50632909459031,39.10684418568052],[9.506343396297625,39.10679028393263],[9.50636349337062,39.10671711737091],[9.506390428517111,39.106633507853935],[9.506461142705088,39.10655708645821],[9.506528604325426,39.10648920997739],[9.506581707060018,39.1064349134308],[9.506708666558097,39.1063983172172],[9.506816287640492,39.106368117224704],[9.506887155782636,39.106351723373834],[9.506927954904151,39.106334286981614],[9.507025006976665,39.10636089739854],[9.50707901083545,39.10643275598345],[9.507134093303362,39.10644174918313],[9.507201596890011,39.10643002221786],[9.50724085637504,39.10642304531311],[9.507250229380748,39.106615573050405],[9.507254359278805,39.106693317433766],[9.507240835828892,39.10675597831855],[9.50729002427407,39.10682832723017],[9.507433695745771,39.10694484562383],[9.507511058123262,39.107007585803146],[9.507676347998707,39.10707444953221],[9.507708251306306,39.10708801921501],[9.507812661046767,39.10713242722703],[9.507936442470747,39.10711221221828],[9.508108602865574,39.107072566422744],[9.508277320081612,39.1070379338519],[9.508309259974585,39.10703114168813],[9.508474126371697,39.10703348111875],[9.508656219474998,39.1070296284099],[9.5088546850731,39.10696497082314],[9.50890075750439,39.106938450947816],[9.508933011068684,39.106920287916374],[9.508955816720045,39.10687513276771],[9.508990880203326,39.10687330001706],[9.509059872965395,39.106870172894816],[9.509198624250834,39.10686506139751],[9.509291146325616,39.106864657254235],[9.509360895349175,39.10684881917144],[9.50939940868442,39.10684165736896],[9.50944135447617,39.106844421620245],[9.509591779623273,39.106854333341936],[9.509822436196025,39.10676321372239],[9.509959189625155,39.10668151645417],[9.510018222835173,39.10664804864149],[9.510087333665682,39.10660886781226],[9.510208249093106,39.106536249763096],[9.510335686725313,39.10650107847699],[9.510421645093494,39.10640722893734],[9.510440756461778,39.10630094472582],[9.510465675794462,39.10614764389683],[9.510356225681141,39.10602466714102],[9.510295140047564,39.10595464870417],[9.510244119787705,39.10589629973634],[9.510207872984331,39.10578156749789],[9.5101878857275,39.105716325250896],[9.51015383253012,39.10560648814467],[9.51013562955432,39.105569111274725],[9.510123671311085,39.10550660840529],[9.510114731523752,39.10546429976334],[9.510003750695146,39.10537471105085],[9.509962335878953,39.10531181527366],[9.510004734255153,39.105217013044324],[9.51003087914372,39.10516115317514],[9.51005624660957,39.105103021392914],[9.510076170109958,39.1050590032112],[9.510087892679111,39.104955313221176],[9.510108787168013,39.10477050643747],[9.510135929446674,39.10472533297112],[9.510183619300298,39.10468006868152],[9.510269462508965,39.10459859380521],[9.510268877824965,39.10451749717326],[9.51035303160408,39.104359435094764],[9.51040583738454,39.10426458804889],[9.510426297257498,39.10422845398766],[9.510467218104216,39.10415618675021],[9.510504316768337,39.104088441795305],[9.510559261580438,39.10400110959704],[9.510656478449715,39.103939092798896],[9.510749484568578,39.10388641817447],[9.510787953017898,39.10386174119191],[9.51082594337624,39.10383732671284],[9.510886152149945,39.103809123004275],[9.510863140973495,39.10377598811573],[9.510847409723121,39.10375353014191],[9.510873256246997,39.103682776895546],[9.510883995529396,39.103650062714706],[9.510899290634956,39.10361834952866],[9.510908329943701,39.103581488667295],[9.510990018075152,39.10348257330923],[9.511105183159197,39.10341448506994],[9.51113022947514,39.10332426043245],[9.511144307131323,39.1031169446831],[9.51114890111607,39.10306285870287],[9.511153255446505,39.10287373848149],[9.511155940414756,39.10275645234056],[9.511215523810057,39.10267959653845],[9.511299966242044,39.102562082529566],[9.511409464686068,39.102414722743205],[9.511480318418682,39.10231348822986],[9.511701166026254,39.102013485869634],[9.511764459991536,39.101969821291824],[9.51199569284367,39.10181561783542],[9.512145444369594,39.10173386087911],[9.51217987724117,39.101697665116895],[9.512213982895418,39.10161641605672],[9.512294748977121,39.10159040201358],[9.512380841541518,39.101564033797445],[9.512426637587366,39.10157620209538],[9.512540924458861,39.10151585774355],[9.512571633071452,39.10149770048822],[9.512607576430648,39.10147050908362],[9.512716883390363,39.10139343477198],[9.51279455095439,39.10133902643557],[9.512870778995811,39.10128531463189],[9.51291680225412,39.101252883875624],[9.513023087963349,39.10115780031566],[9.513106406629941,39.10108534555318],[9.513130706768315,39.101062710790686],[9.513169585338433,39.101026495167304],[9.513357081603079,39.10096709832389],[9.513434003342155,39.10094265123322],[9.513538795332359,39.10090772574851],[9.513635762271779,39.10092616158605],[9.513855200656907,39.100967881236755],[9.513909376735652,39.10097818095826],[9.514008922955963,39.101003802301626],[9.514071812873116,39.10105116413653],[9.51422214968584,39.1010505263913],[9.514418077353309,39.100957916196826],[9.514544302404026,39.1008221932054],[9.51460149939331,39.10073612060076],[9.51463438827006,39.10068662960321],[9.514686923076026,39.10060529846343],[9.514704433878217,39.10057818778122],[9.514761730336286,39.10050584671148],[9.514703057956945,39.10038896200502],[9.514701811925217,39.10021775700163],[9.514723209816278,39.100154585548694],[9.514740031533819,39.1001049320621],[9.51480374638085,39.099919906420006],[9.514855555004804,39.09988813870046],[9.514942516331724,39.09991929359343],[9.51501965874879,39.099880108585104],[9.51504620012548,39.099864768841414],[9.515023099403683,39.09981925566217],[9.51505704317612,39.09976559944191],[9.51514956914595,39.09968739849137],[9.515174426293392,39.099613219893065],[9.515180012240432,39.09958083895462],[9.515136221171268,39.0995219509901],[9.51513488747001,39.09948805972383],[9.515122859694129,39.09924800325309],[9.51511040444268,39.09915261241328],[9.515086785092391,39.099054073745],[9.51507466417079,39.09900859316071],[9.515031317166859,39.09903324986629],[9.514994043172928,39.099054004945266],[9.514901138135212,39.09900034851207],[9.514839541855828,39.09887897119047],[9.514802522132767,39.09880254096291],[9.514772033867258,39.0987395985782],[9.514728522720734,39.09860425879455],[9.514689251006445,39.09848765423875],[9.514768720917939,39.09848279782622],[9.514861199187926,39.09847788391555],[9.514897976209225,39.09848979911961],[9.514956203129218,39.098504131876936],[9.51501291028142,39.0984682027336],[9.514988995980941,39.09835116458605],[9.514972439620498,39.09827013845047],[9.51496491715786,39.0982296215929],[9.514952927125526,39.09817110310835],[9.514990283982117,39.09794115609408],[9.51499625318219,39.09790057964174],[9.515008190412734,39.09781942764163],[9.515130006766787,39.09767471230243],[9.515161416419682,39.09763402433573],[9.515210549959756,39.09758006484434],[9.515608843370257,39.09768643048042],[9.515654910605418,39.097699425347436],[9.515698686142422,39.09774437298725],[9.515794726628936,39.09784298407131],[9.515911219489164,39.097959612439986],[9.516053569935314,39.0982546204962],[9.516110816885487,39.09837325542906],[9.516243506218046,39.09853036093277],[9.516344032282953,39.098645332115055],[9.516414251758322,39.09870561374317],[9.516479284331384,39.098752054684425],[9.516564899915657,39.09879476389953],[9.516615612369993,39.098786530110566],[9.51680949538185,39.098751270862884],[9.516883573503339,39.09873492969778],[9.517107287669528,39.09863917124945],[9.517070524766131,39.09855372947666],[9.517129362573606,39.098494897084855],[9.517345564153743,39.09849418213668],[9.517396154740755,39.098494157687384],[9.517476280903816,39.09849335693188],[9.517534099853089,39.098493100292984],[9.517684101497782,39.09844737961073],[9.517751767996874,39.098332242216124],[9.51775216751384,39.09826685659264],[9.517880453115337,39.098216725625896],[9.518008705565988,39.09816208910082],[9.51805194211431,39.09814451903188],[9.518109592349276,39.0981210916409],[9.51825965878952,39.0980843801578],[9.51839769923609,39.097984644951445],[9.518524835377406,39.09797506846719],[9.518624413811445,39.09789052289012],[9.518743557389847,39.097838929483764],[9.518789680968439,39.09782070200019],[9.518909325123534,39.09777511481796],[9.519089398265468,39.09770224942714],[9.519204431443619,39.097607005917006],[9.51925902994097,39.0975617846141],[9.51937686427355,39.097466643799585],[9.51940096601592,39.09743049191298],[9.51946122084959,39.097340113072924],[9.519559900780479,39.0971954961958],[9.519708641507838,39.09697856795601],[9.519777611771355,39.09697265467543],[9.519812659878445,39.096970695294786],[9.519840862795343,39.09687435140543],[9.519984581244577,39.09676107229811],[9.520067724670199,39.096728140640174],[9.520092162624751,39.09664795421816],[9.520191137099692,39.09654388556956],[9.520295275445525,39.0965524320259],[9.52034359130972,39.096517974107904],[9.520362650850211,39.09645986997787],[9.520414320335947,39.0964257457934],[9.520519882207749,39.096372499074505],[9.520637206273985,39.096363358784096],[9.520720258405412,39.09635679634043],[9.520929738379664,39.0963408678589],[9.52116088753298,39.096323289525124],[9.521356838194059,39.09623680772768],[9.521506661079911,39.09616780447112],[9.5215604335524,39.09614423231892],[9.521622317060272,39.095955557954376],[9.521643373155559,39.095888596649935],[9.52170516107917,39.095838758967204],[9.521730039594724,39.09581864743689],[9.521806007177014,39.0957546978942],[9.52183015006562,39.09573457251347],[9.521953726457285,39.095634897814385],[9.522110591463163,39.09558194171648],[9.522205524308548,39.095548078955275],[9.522258741698105,39.095528832507256],[9.522403570952887,39.09547969477772],[9.522447187886936,39.09543678567457],[9.522486807982487,39.09539822251262],[9.522548414190133,39.09533941371261],[9.522582952827008,39.095303175635905],[9.52265293059015,39.095237247408825],[9.522724711332788,39.095167914760275],[9.522751185339128,39.095146108072804],[9.522848659344719,39.09507220234028],[9.522895065625676,39.095037525745305],[9.522950718095576,39.09499515090143],[9.523039679893229,39.0949325597185],[9.52308155203711,39.094899947113895],[9.52322372991156,39.094832779972414],[9.523415823159233,39.09475427065051],[9.523487993311708,39.094740429940046],[9.523549945707314,39.09478351423668],[9.523581204587776,39.09480301272985],[9.523676444389165,39.09472896404893],[9.523709068160825,39.09469442022033],[9.523785248493677,39.09467151143273],[9.523795208409025,39.09470887370172],[9.52380734677813,39.09476559380963],[9.52383138248071,39.09488895996386],[9.52385689564851,39.09497756623904],[9.523838352610323,39.095110039300955],[9.523832990652949,39.09515570297206],[9.523822680255696,39.09522149361076],[9.523811352680095,39.09529985033517],[9.523790265659825,39.095351859099985],[9.523748408907,39.095457980192016],[9.523734667711937,39.09549614728942],[9.523722199283968,39.09552785039008],[9.523674765407593,39.09560916272838],[9.523589650947592,39.09575748072703],[9.523568792775706,39.095790905666576],[9.523542946055972,39.09583232785359],[9.523481092033677,39.09593326171776],[9.523448072407648,39.09598864909821],[9.523412758193508,39.09606089668294],[9.523359787888195,39.096169267132964],[9.52329994468175,39.09628667953536],[9.52323875556372,39.09651538449955],[9.52320983399142,39.096611481921286],[9.523177320830046,39.09671074934626],[9.523144807578955,39.09681001676111],[9.52311938841628,39.09689123007742],[9.522959280624333,39.09694914377441],[9.522890160197758,39.096973358510354],[9.522773410943882,39.09701893679494],[9.522651203569911,39.09717028863524],[9.522567126592113,39.0972721713648],[9.522474944310831,39.09737111668225],[9.522454598088657,39.09739350409311],[9.522418260376206,39.09743525868566],[9.522383570687712,39.09747123695819],[9.522380849760253,39.0975083975271],[9.522373854027224,39.097538729692026],[9.522353387924854,39.0976339014079],[9.522340605953586,39.09769643643094],[9.522310671755438,39.09786805140485],[9.522305743817453,39.09789511407438],[9.522249454317423,39.098102620367584],[9.52231976763018,39.09822846027459],[9.522402393642652,39.098259629030885],[9.522499540052479,39.09829974378346],[9.522543616197972,39.0983175676016],[9.522609729311156,39.09834430465398],[9.522680071275706,39.098473748658826],[9.522712311425892,39.09853307665723],[9.522759690390068,39.09861852850974],[9.522734149696086,39.098634566586924],[9.522689355410169,39.09865358354826],[9.52266378423344,39.098677087465205],[9.522687556173755,39.09873614885412],[9.52267692629779,39.09876545834021],[9.522652026812972,39.098800844918934],[9.522602156576095,39.09888500170444],[9.522438927431129,39.09892930835213],[9.522397045165725,39.09893614983471],[9.522336325963,39.09894822194977],[9.522300225728713,39.09895582236237],[9.522262434785402,39.09896750156424],[9.522138576424695,39.09899204213648],[9.522083945493307,39.099017867569785],[9.522060601715523,39.0990680847758],[9.522052739123234,39.09910385180146],[9.52203384407041,39.09924799007131],[9.52202294442282,39.09933814923317],[9.522016181970486,39.099401257392614],[9.521964541892727,39.09945555444749],[9.521902314412694,39.099518482871574],[9.52187071041837,39.09955027772098],[9.521821977792044,39.09959944337827],[9.521717892075317,39.09971305828987],[9.521637488567068,39.099799438257875],[9.521603647120338,39.09983428880495],[9.521567781292557,39.09987283304738],[9.521316215370405,39.100143295292796],[9.521276470293493,39.100242594474445],[9.521230657582281,39.10036253191305],[9.52118003253699,39.10049533530069],[9.521159010867608,39.10051521950229],[9.521030752881453,39.10064020664397],[9.521029042343356,39.100668629066234],[9.521021312099327,39.100767876989586],[9.521020449706448,39.10081144422135],[9.520987007420105,39.10086402308882],[9.520966779803416,39.10089518202917],[9.520946743802606,39.10092613735942],[9.520910403483258,39.10098314550505],[9.520882380219728,39.10102832632678],[9.520837542223706,39.10110061472934],[9.520767108942696,39.10115499609814],[9.520700944776703,39.10120034633309],[9.520638520174439,39.10124894095643],[9.520584518509548,39.1012909774878],[9.52050376713362,39.101318370497154],[9.520492666473613,39.10138149791825],[9.52044832987654,39.10164301571041],[9.520343249754074,39.101823117869145],[9.52017422915293,39.102112809240055],[9.520131444568934,39.10217954996363],[9.52009821646041,39.1022263550866],[9.52006986605711,39.102271063180154],[9.519998317895132,39.10238392582529],[9.51993408849451,39.1024833337204],[9.519819515470168,39.10262988516184],[9.51973730294574,39.10273526459571],[9.519648187903565,39.10284959304296],[9.519601824393071,39.10290833412558],[9.519562338001244,39.102980229614325],[9.519544134361947,39.10300652408767],[9.519525038638928,39.103043793573136],[9.519511165633173,39.10307159793037],[9.519492173832495,39.10310191666948],[9.519453401736516,39.10317031622625],[9.519322008681256,39.103317834208305],[9.519284310983709,39.103373817904874],[9.51923692907914,39.10343208398302],[9.519223862355336,39.10350439694509],[9.519213319857016,39.10354984912938],[9.519222455361593,39.10366558331644],[9.519225942352959,39.10369396993625],[9.519127431285254,39.10375348822886],[9.5190399635845,39.10380525997487],[9.518991181506088,39.103833519747624],[9.51874299171795,39.104074592242824],[9.518704278325059,39.104127816555525],[9.518559802530389,39.104327716734815],[9.518541721504342,39.10438773461555],[9.51846531977985,39.10464352340987],[9.518435625194863,39.10474277686593],[9.518392554345375,39.10484540047592],[9.518608482753551,39.10539221340549],[9.518795855567086,39.10590636600318],[9.519224671116747,39.10596167758793],[9.519373229300834,39.10618989912326],[9.519240200262898,39.10640983756631],[9.519549069165832,39.10679946913686],[9.519775384589197,39.107411907299905],[9.519864466600856,39.10749260742411],[9.520206409457222,39.107774605113256],[9.520390750712941,39.10796904422652],[9.520437474749347,39.108031785487945],[9.520494421201205,39.10810825277495],[9.520589351597627,39.10823848824176],[9.520725909380058,39.10832798859689],[9.520879882294398,39.10842642299504],[9.521018847115348,39.108450022995804],[9.52106082644094,39.10845715240062],[9.521192550381288,39.108479091368714],[9.521308404824055,39.108505606706956],[9.521438438659708,39.108513668632774],[9.521479481972637,39.10848746996981],[9.521532158333033,39.108446986200704],[9.521586712484883,39.108405654170795],[9.521795720156929,39.10860336614337],[9.521873886497495,39.10867889522786],[9.521901931597741,39.10871022206546],[9.521930125454753,39.108735369310956],[9.522062891753174,39.10887168246467],[9.522158347874413,39.108911498586956],[9.522198647917516,39.10893081632194],[9.522247445027235,39.10895256412239],[9.522387394447785,39.1089603390701],[9.522443966434288,39.10896705565855],[9.522508796730017,39.1089745687345],[9.522568002393205,39.109000243649476],[9.522595968567252,39.10901628242045],[9.522665635007765,39.1090492030848],[9.522777032164136,39.10900682807528],[9.522893766284987,39.10902947842875],[9.52298050170199,39.109048721875645],[9.523093763586393,39.10907431531451],[9.523013203000389,39.10912874342102],[9.52298277687985,39.10917487622898],[9.523036867307198,39.10920072523762],[9.523083196957062,39.109209528482864],[9.523153124456998,39.10928130268912],[9.523215018818279,39.10947704630653],[9.523215000682764,39.10958252863825],[9.523237679272262,39.109609218686245],[9.523262505371115,39.109635704450824],[9.52333870501472,39.109714716945795],[9.523377108740368,39.11006192731202],[9.523392369070738,39.11025751881064],[9.523397151174645,39.110302320397984],[9.523398060350468,39.11035127276822],[9.523399264985256,39.11039591650166],[9.523405106345344,39.110446940908965],[9.523395689124738,39.110505280554435],[9.52338220236564,39.110541819872225],[9.523427784234622,39.11065815048087],[9.523428804107596,39.110688602545984],[9.52343864784968,39.11075327882951],[9.523031608729157,39.110997665806686],[9.522992494582033,39.11102114941573],[9.522924349622247,39.111041480487884],[9.52289295416236,39.111051095588195],[9.522854546360469,39.11106280026728],[9.522790629492638,39.111079929575226],[9.522622912545263,39.11113647113502],[9.522546317104526,39.111178755783996],[9.52251235836786,39.11119901718035],[9.522418784226714,39.11125350318934],[9.522323797429303,39.11131250010494],[9.522190542544946,39.11135815260217],[9.522107203427387,39.11138555829157],[9.52203968238406,39.111408388437],[9.521966114525581,39.11143124561716],[9.521733481408354,39.11145030917822],[9.521622601982104,39.11145667067938],[9.52156220937023,39.1114456355489],[9.521310374077018,39.11138912511131],[9.521271767618392,39.11138208885598],[9.521210345281853,39.11135670705698],[9.52112193806218,39.11133065648059],[9.521011686776061,39.11136088772041],[9.520980181584054,39.11137136335718],[9.520944550999415,39.11138189166236],[9.52090813327225,39.11139092312438],[9.52084262877195,39.11140523257561],[9.52081446494021,39.111323758313276],[9.520773023090483,39.11119328328129],[9.520737529058417,39.11108530943448],[9.520621339100845,39.111013740407515],[9.520451066557513,39.11103252290215],[9.520286521923271,39.11109633422603],[9.520237763603667,39.111150618470546],[9.520175433248744,39.11122616188528],[9.520123097445106,39.11128629583502],[9.520068623191408,39.11134961571625],[9.519970690779262,39.11138911661228],[9.519870900596025,39.1114295511513],[9.519641937622362,39.11152272855826],[9.519491765935776,39.11155045278854],[9.519388059468993,39.111604999540575],[9.519307889936439,39.111713489079314],[9.519248986363115,39.11184891716643],[9.5192254248674,39.11190308785185],[9.519171410995586,39.11202948301076],[9.519162879592775,39.1122998524134],[9.519162026559911,39.11232688863159],[9.519073578938269,39.112489481502934],[9.518928749094341,39.11275144565993],[9.51885383725075,39.11288694478413],[9.518784181390597,39.11320264078007],[9.518764279280077,39.113292840399865],[9.518812527229809,39.113562956142616],[9.51884877692096,39.11365290496097],[9.518883214740747,39.11373835717982],[9.51899165353976,39.114008998780655],[9.5190347863153,39.11411664623749],[9.519096863762604,39.114480815817366],[9.519132388693507,39.11455274555201],[9.519183457069001,39.11465614491327],[9.519284706424685,39.114858441963555],[9.519314613021246,39.115003095536856],[9.51932394646626,39.1150565096215],[9.519414585039057,39.115218304752325],[9.519570736736133,39.1154518957532],[9.519636800915544,39.11555072250998],[9.519828848402257,39.11590128934301],[9.519883019100472,39.11600016267735],[9.519918142621448,39.11605755092477],[9.520030829840687,39.11624167493338],[9.520116754020036,39.11635055029439],[9.520184077231375,39.11643585445452],[9.520247101565092,39.11655159022165],[9.520291321834637,39.11662638324227],[9.520318839363517,39.116672928009216],[9.520342404129277,39.11673139407545],[9.520367993696892,39.116799988584944],[9.520388128178894,39.116853965303925],[9.520503355137757,39.11698973294034],[9.520550028312178,39.11704472653011],[9.52071181828859,39.11724900466344],[9.520745599230263,39.11729165648586],[9.520826025671568,39.117414072505404],[9.520905248172335,39.11756915817607],[9.520949180651154,39.117644429805246],[9.520989617327421,39.11769831478123],[9.521058699978246,39.117790368871354],[9.521087830973626,39.117819166085255],[9.521186875380309,39.117917076741264],[9.521278518501525,39.117992141230616],[9.52184751290191,39.11820948879307],[9.522074411558885,39.11785084493145],[9.522579040570605,39.11780089984531],[9.523259048075484,39.1187038413809],[9.522711853137311,39.11920697707254],[9.522559970508894,39.119362629926265],[9.52297763966369,39.11996872552231],[9.52354587591093,39.1202403563066],[9.523854848458122,39.120632360124546],[9.523667875374384,39.12101137232164],[9.523866193332076,39.12123575675416],[9.523908601974657,39.121289631812644],[9.52400203247089,39.12140635515672],[9.524034610028144,39.121448271585265],[9.52409974653024,39.12153207476093],[9.524201564411353,39.12161271586497],[9.524335831319902,39.12172769276736],[9.52443051853569,39.12187300589843],[9.52458993963298,39.12211641884414],[9.524636470088538,39.1221874646335],[9.524683544721453,39.12225934057857],[9.524916907577511,39.122528620864536],[9.525005625342422,39.122636353504035],[9.525138703073635,39.12279795187632],[9.525173730392318,39.12284134737156],[9.5253488664764,39.12305832468578],[9.525378065959863,39.123085221847525],[9.525533784320833,39.12322869102724],[9.525756562676222,39.123434939676535],[9.525884547413591,39.12353348432782],[9.52605907303743,39.12366786136062],[9.526245836765742,39.123892293749684],[9.52633051106394,39.12398642965115],[9.526630938335325,39.12434110530727],[9.52674843190502,39.12443699215753],[9.526852074843987,39.12452032596819],[9.52692205097246,39.12459605963634],[9.526984736879948,39.124663902771694],[9.52714507566062,39.12483438661744],[9.527174164348907,39.1248567827818],[9.527207195537787,39.12487916110792],[9.527246835768414,39.12490601507406],[9.527387839620877,39.12500449825054],[9.52752229871114,39.125119170450176],[9.527655656956854,39.125237572656836],[9.527725871456159,39.12532736564638],[9.527807497749802,39.12543175083366],[9.527865899581458,39.12550695511077],[9.528087402878585,39.125734230527605],[9.528128206491438,39.12577609769052],[9.528215641799397,39.12586581144993],[9.528407564034781,39.12600461249889],[9.528576214122399,39.12612549569054],[9.52863831995101,39.1262306428201],[9.528669956367485,39.126284811840705],[9.528751963942707,39.12642206253716],[9.52893383361603,39.12656991847974],[9.529060345518714,39.12667297089052],[9.529159354895246,39.12675362121058],[9.529252390437238,39.12681821919449],[9.5293076292163,39.12685657455457],[9.529496596646847,39.126986375210464],[9.529575602984204,39.127122035866954],[9.530134377360765,39.12743466929888],[9.531581691418298,39.12858440851784],[9.532364641322008,39.12908281272352],[9.532488064651467,39.12891010945968],[9.53264742326389,39.12867847521572],[9.532706595074352,39.12870818106382],[9.532748979273762,39.12872598878812],[9.532834945832883,39.12876691344671],[9.532879944907497,39.12879686781678],[9.532942413198619,39.12882582947792],[9.532983743782067,39.12884750408112],[9.533052397077027,39.12883839533738],[9.533111824738759,39.128848900807064],[9.533166938133716,39.128916017346775],[9.533248191534392,39.12895168997374],[9.533433022017066,39.12891479997543],[9.533559107079476,39.12889269634442],[9.533894205071237,39.12870462008605],[9.533928773439863,39.12868612871313],[9.5340680754331,39.1287759428444],[9.534229589187374,39.1288796131681],[9.534202433905106,39.128902933033665],[9.534167030099091,39.128932438950386],[9.534105277893948,39.128984883437525],[9.534034144116498,39.12904270723286],[9.533973445985485,39.12910729465281],[9.53394790404557,39.12913101887419],[9.53392879988831,39.12915665909294],[9.533895468773666,39.12919041496825],[9.533822091726709,39.12930499796347],[9.53385096617288,39.129354425743976],[9.533887983891928,39.12941282819654],[9.53388906390216,39.12955587227978],[9.53389273616401,39.129633575989324],[9.53403824414648,39.129777084843795],[9.534065812718627,39.129803991761584],[9.534157711189268,39.12989368052326],[9.534274150174442,39.12999226780601],[9.534355337274013,39.13001892887916],[9.534498281469267,39.13005246963075],[9.534640906408608,39.13010772926238],[9.534806276881113,39.1301745537035],[9.534939321157069,39.13017394320639],[9.535058712000113,39.13019930116953],[9.535238960924428,39.130210863866004],[9.535372005259303,39.13021025287457],[9.535431177865835,39.13019421170177],[9.535461410467464,39.1301760506764],[9.535547905086561,39.13013960991479],[9.535605887398718,39.130157365651534],[9.535658567406998,39.13015404539376],[9.53573890602355,39.13015337520673],[9.535847416981808,39.13015963473411],[9.535947148639178,39.13015241791548],[9.53599631757941,39.130152191831584],[9.536046838738617,39.13013956928118],[9.536080150152499,39.130146174391385],[9.536184204274925,39.130136684722174],[9.53621888130933,39.130132663058745],[9.536264757778639,39.13012850245381],[9.536301246846168,39.13011124237007],[9.536346074082644,39.13009017007074],[9.53639770491255,39.13006278752922],[9.53642550414696,39.13002724247376],[9.536445957626201,39.130001732609706],[9.536470755155847,39.129969626466945],[9.536509563012325,39.12994509812643],[9.536559238000569,39.12991369566381],[9.536601456484867,39.129888709149235],[9.536676180846655,39.1298456075828],[9.53671513410856,39.129826993373605],[9.536765787495641,39.129770415682756],[9.536827865393882,39.12971761055648],[9.536942718433112,39.12966189322409],[9.537012275219173,39.12962973396492],[9.537087647091928,39.12959228720489],[9.537131992393677,39.12956541639442],[9.537201932421176,39.129514740200236],[9.53741737204114,39.1292859498428],[9.537463028682955,39.12923757513743],[9.53767795899237,39.12921209903011],[9.538359932679173,39.1293281606007],[9.538575926437126,39.129553659785735],[9.53857978517168,39.13006028148918],[9.53847496395679,39.13036474982602],[9.538292028998958,39.13046096165833],[9.538178283848366,39.13059857774255],[9.538164974902807,39.13086089925571],[9.537984033593416,39.13121936234847],[9.537948989924876,39.13164271645627],[9.538066184293402,39.131958080259636],[9.538021628051169,39.13213709981635],[9.538028962661206,39.132353976847],[9.538031503643367,39.13242911654356],[9.538239580445635,39.13261889052281],[9.538677379268695,39.13282548427595],[9.538854074669675,39.13291407448977],[9.539114771608242,39.132978433555074],[9.539281724560995,39.132792887475176],[9.53954911841002,39.132732045428064],[9.539738079262166,39.13246891062925],[9.540080079219004,39.13210969876295],[9.540484991488347,39.132018414996345],[9.540976612947919,39.13205399888225],[9.540997732252212,39.13202476987646],[9.541070120279088,39.131929818546205],[9.541100977784303,39.131957425795896],[9.541247262465108,39.13208166618675],[9.541222351934602,39.132357134009496],[9.541336447172563,39.13244533167762],[9.541373857367091,39.132473582447616],[9.54144347215731,39.13252686324575],[9.541604957849557,39.13265046666451],[9.541944218709759,39.1327604008627],[9.542023916873811,39.132780552091724],[9.542176066863677,39.13281902009731],[9.542354129541808,39.13284184577085],[9.54249165554269,39.13285922792445],[9.542602886509778,39.132842394747705],[9.542637556247708,39.13283714750505],[9.542894760377056,39.13258137724468],[9.542917023991762,39.13255811329959],[9.54294064790154,39.132539780178455],[9.542995360159157,39.132534541295335],[9.543071088406025,39.132531756407644],[9.543184965676657,39.1324733251662],[9.543247761620584,39.13244683283396],[9.543451496723275,39.13227794834509],[9.543509303596997,39.13222934974944],[9.543582749185424,39.13228666728833],[9.543756668682887,39.13242515099052],[9.543812081611605,39.13246845919148],[9.544094426099266,39.13252736165446],[9.544266495768548,39.1325231791777],[9.544350570006952,39.13246667915919],[9.544473705396156,39.132387046336994],[9.544555846978854,39.132314602903094],[9.544559357981193,39.132269175220685],[9.544560197501538,39.13223967266464],[9.544567601846683,39.13221138026241],[9.544574269802226,39.132183318378914],[9.54458362234388,39.13215440412081],[9.544912843944731,39.1321326861269],[9.545084730242458,39.13210484924653],[9.545249211779115,39.13205451998038],[9.545368084240193,39.132091134520294],[9.545460601163585,39.132143866019604],[9.545494333569525,39.13216716217005],[9.545733658803682,39.13223697794358],[9.54585725009093,39.132246324924324],[9.545915988927401,39.13225076713048],[9.546023180643811,39.13227279271991],[9.54606941230979,39.132266731563874],[9.546135027619359,39.13225999745656],[9.54619779950741,39.13224014480693],[9.54624709819387,39.13222073913565],[9.546332347855586,39.13217346492135],[9.546380802228297,39.132147220145725],[9.546423766104562,39.13212584453777],[9.54648555916675,39.13210496815889],[9.546518294944176,39.13209418522076],[9.54659347048751,39.13205620340482],[9.546654160049753,39.132025947984765],[9.546693552384248,39.13201028852779],[9.54673223975417,39.1319875523678],[9.546865437823943,39.13197035437137],[9.546947197177836,39.13186817271954],[9.546990334365974,39.13181884375505],[9.547122615476939,39.13165628050702],[9.547172478405212,39.13165754498925],[9.547221689693277,39.13165892514778],[9.547474924737655,39.13167801542652],[9.547407732207425,39.13181882887583],[9.547323556194284,39.13199523735455],[9.547274748300932,39.13209443508468],[9.547270321965959,39.13212138003671],[9.547229001732678,39.132229967266085],[9.54721762102269,39.132379985586056],[9.547397931969654,39.13251067529998],[9.547738878637631,39.13265927731701],[9.548211549596953,39.13267591987769],[9.548320869676157,39.13259879178019],[9.548385541892182,39.1325460827749],[9.548490453235909,39.132460576944766],[9.548565542112268,39.13243358236383],[9.548598064303205,39.13242258177992],[9.54875145827268,39.132362480401724],[9.548962655851078,39.13236742602512],[9.549025075148728,39.13239836169107],[9.54908350139424,39.13242478627002],[9.549149021752255,39.13250088604638],[9.549208438653265,39.13254505319048],[9.549203857202126,39.132592302678276],[9.5492220028615,39.132642858472565],[9.54926169704086,39.132657743341824],[9.549307191757917,39.132671649293385],[9.549369629519548,39.132661277956856],[9.549439713437632,39.132715171712555],[9.549461860363921,39.13277363924633],[9.549480390104373,39.13282922136262],[9.549488225007217,39.13286297682689],[9.549429684341511,39.13291346064012],[9.549464742081476,39.132958350714425],[9.549549379767543,39.1329624572378],[9.54956593334616,39.13300016168973],[9.549581208484682,39.13305692246097],[9.549675116837744,39.13306259816221],[9.54984959130906,39.13288444828855],[9.549890371020478,39.1328520260333],[9.549964191676692,39.132882294651516],[9.550087891636219,39.13293513664733],[9.550124468265551,39.132989158376695],[9.550157394950405,39.1330424809417],[9.550107366790437,39.13320762766746],[9.550013793535987,39.13344911253801],[9.550074743199916,39.13366171042499],[9.550105019163476,39.1338709855821],[9.55011196356007,39.133910686194845],[9.550126061499869,39.13397443601487],[9.550129122783305,39.1340028127264],[9.550137273879876,39.134078186949424],[9.550286552475379,39.134253725185026],[9.550315830281408,39.134287530734845],[9.550365882342058,39.1343403425441],[9.55040791476412,39.1343913233065],[9.550389562401667,39.134493921625854],[9.550385304692995,39.13452440903645],[9.550379122589293,39.13458027888521],[9.550392768038233,39.13468409578982],[9.550500848567166,39.1347205046113],[9.550796340653243,39.134926532502995],[9.55130233268361,39.135038580853696],[9.552340252564424,39.135055125122264],[9.553656217572252,39.13511918962978],[9.553770173197837,39.13498686241368],[9.553830680696398,39.13498410139229],[9.553873566385002,39.13496285858721],[9.553994849900176,39.134866399101064],[9.554053085244071,39.13473095727605],[9.554156841318676,39.13469854595498],[9.55422281004731,39.1346736852692],[9.554307225507314,39.13465195647526],[9.554468731634236,39.1346185962008],[9.554680358606488,39.13457811725443],[9.554711593783054,39.13456883229378],[9.554776201827723,39.134540913108395],[9.554836965602108,39.134514984707835],[9.554878652866558,39.13449502861027],[9.554990955607305,39.134449407995966],[9.555179675117868,39.134355019501626],[9.555191755506483,39.13429268200624],[9.55522485455601,39.13411913709116],[9.555463489834732,39.134215124058194],[9.555581750933165,39.134160440890135],[9.555854966448074,39.133972213718216],[9.555916470449842,39.13388529795826],[9.55600772150706,39.13375634784129],[9.55607810260986,39.133656891304504],[9.55614677745398,39.13337834888779],[9.556133642725996,39.133305197568966],[9.556096865631279,39.13310037314157],[9.55594126806567,39.13299072623758],[9.55590931733691,39.13297364226015],[9.555751012532815,39.132889111032206],[9.555615461208612,39.1329470423843],[9.555525180403793,39.13302803521041],[9.555502042836615,39.1330523555063],[9.555460149122279,39.13304457765943],[9.55534399633805,39.13303072062296],[9.555330764440695,39.13296644286488],[9.555306185979122,39.132859901401176],[9.555262126319807,39.13269770488276],[9.555248279798468,39.13240192226772],[9.555304896842365,39.13206673108501],[9.55532338064675,39.13202648701476],[9.555355189505407,39.13195723320927],[9.555398742160904,39.13186241040731],[9.555516460171189,39.13175146478563],[9.55579995544408,39.13175116854269],[9.555899693763438,39.131749637724425],[9.556015386458114,39.1317490859134],[9.556252769195616,39.131774986523624],[9.556312258447393,39.131793308664385],[9.556346718941134,39.131796072786976],[9.556599058477897,39.131856684915356],[9.556587071400257,39.1319874017004],[9.556635229756667,39.13204236360545],[9.556751399770057,39.13204109871134],[9.556801538021206,39.13204156928972],[9.5570196361231,39.13207333384171],[9.557135459970036,39.13203033457064],[9.557224146945908,39.131993548285486],[9.557270769552682,39.13197734337182],[9.557279730904835,39.13194804790773],[9.557299790650886,39.131769985265834],[9.557298263693129,39.131576255560155],[9.557425252465329,39.13148584225952],[9.557557399460869,39.13142633553089],[9.557591162240891,39.13149659730765],[9.55762402425782,39.13155664753782],[9.557665658270254,39.13158350948746],[9.55772510792588,39.13168376601073],[9.557822779581839,39.13169864087115],[9.55786274909209,39.13170412295173],[9.557900750943007,39.13165774314039],[9.55795213852689,39.13160016066532],[9.558029582827219,39.13161139438419],[9.558087835053135,39.131620121151556],[9.558141807861348,39.13162741219313],[9.558172453348718,39.13165591612929],[9.558213153735826,39.13168832055368],[9.55826120306712,39.131729340389306],[9.558333553109156,39.131775412553374],[9.558414956205018,39.131847652687185],[9.558399736254156,39.13187243213817],[9.558379367807484,39.13191055550543],[9.558294814340432,39.13208772066361],[9.558253173060248,39.13217767571366],[9.558217229347125,39.13220440526362],[9.558140903225157,39.132259572455595],[9.558076326328175,39.132309182090005],[9.55820742431448,39.132427949139256],[9.558261726699254,39.13241184041563],[9.558307472525495,39.13239961496902],[9.558365548294645,39.13238576431796],[9.558398671950007,39.132420207225316],[9.558370731395406,39.13248257598684],[9.558436342757908,39.132486748275234],[9.558491940266372,39.13248431924344],[9.558542879696823,39.13245860088382],[9.558599781135314,39.13248238864926],[9.558668177078362,39.13256119871875],[9.558632437142434,39.13257828648143],[9.558530012343187,39.1326212671865],[9.558490527118723,39.13262092112508],[9.558452562600367,39.13262033437797],[9.55841224164929,39.132621552109164],[9.558368915766499,39.1326221570511],[9.558304531463572,39.132619253913305],[9.55826466364438,39.132599172675064],[9.558224877246163,39.13257753121797],[9.558149010919353,39.1325397398789],[9.557840790920917,39.13250013753311],[9.55774559878426,39.13255068196619],[9.557757683643972,39.132615954352964],[9.557786685155563,39.13265353048071],[9.557807494730165,39.13268371978638],[9.55783604149522,39.13271644381748],[9.557865864765823,39.13276299101129],[9.557891201714368,39.132796842355816],[9.557916288271052,39.132825351332386],[9.557952743789768,39.13286928779125],[9.557981123650448,39.13291515071473],[9.557962920052857,39.13296640086968],[9.55789234924879,39.13294007312337],[9.557817215952591,39.13290503094255],[9.557743353423701,39.13287061430788],[9.55767607000581,39.132903569805116],[9.557703451983011,39.13292884909302],[9.557748925063528,39.1329871547635],[9.557771895798572,39.133165152113065],[9.557727950031428,39.1333082526229],[9.557669316060203,39.13337656939138],[9.557646077304167,39.13340382369496],[9.55747950038081,39.13346882342899],[9.55739620753779,39.13354356213303],[9.557161676244023,39.133524413047745],[9.557111670460555,39.13359110414694],[9.55716291603767,39.133611410733046],[9.557226742924257,39.133633616156175],[9.557265713186512,39.133648705402216],[9.557314722437448,39.13366447382856],[9.557297110779666,39.13373630140958],[9.55729385330143,39.1337689730738],[9.55720865488494,39.13378550298264],[9.55717463372456,39.13382070242563],[9.557106050662473,39.133893998219094],[9.557152393149616,39.13390389703726],[9.557239810946976,39.13391497366232],[9.557270705797162,39.133943473026356],[9.55729838327319,39.13396760298223],[9.557327188974952,39.134008039361056],[9.557308515404827,39.134066401381006],[9.557298281939662,39.13410343801499],[9.55728337218559,39.134145516167024],[9.557260481175382,39.13419536126223],[9.557242839542798,39.1342915936301],[9.557235429089362,39.134369285483366],[9.557225408878047,39.13444322498999],[9.557246913367406,39.13450150304686],[9.557311990436206,39.13455039140166],[9.557360603567625,39.13458378463064],[9.55740464582657,39.13461357274571],[9.557400696203521,39.134650761358316],[9.557393875182187,39.134714997785224],[9.557355065390928,39.13483144317299],[9.55736056143531,39.13485861227308],[9.55742157953014,39.13489422865757],[9.557460805497955,39.13490878405679],[9.557498949861088,39.13493216914746],[9.557530360152613,39.13496463083758],[9.557547808060722,39.13499512551091],[9.557532400192969,39.13504945750866],[9.557515214377505,39.13511103479041],[9.557623286386749,39.13519598772461],[9.557642290236611,39.13526882782113],[9.55767064919,39.135381027617775],[9.557695402331762,39.135460888646506],[9.557736977546144,39.135563011196524],[9.557829047557105,39.13561176197553],[9.557848960342094,39.13570678471213],[9.557861774898715,39.135759018161124],[9.557868540131599,39.13579112642701],[9.5578729424711,39.13584725506692],[9.5578719672188,39.13588539543679],[9.557870386603183,39.13591265694921],[9.557871233848442,39.13594201813237],[9.557872790510855,39.135978142323935],[9.557878275821151,39.13602253518239],[9.55787847190717,39.136059406594434],[9.557887222728429,39.13610794242572],[9.557901240354166,39.13615367764072],[9.557923181421499,39.13626112500618],[9.557925668013398,39.13628869775506],[9.558075532275517,39.13633340685426],[9.558079990843728,39.136373767662185],[9.558075958440176,39.13643400066068],[9.558074466166797,39.13646804707674],[9.558070945121043,39.136595842536465],[9.558067499029425,39.13662173969466],[9.558049383448008,39.13665288123659],[9.558018247221824,39.13668810134068],[9.557998033665344,39.136713942702166],[9.55797651075036,39.13674893024371],[9.557960352773135,39.136779915519774],[9.557921129511898,39.13683343521733],[9.557958787650923,39.13702361263684],[9.557959152130339,39.13706979165808],[9.557989945072077,39.13722882546879],[9.557996847224402,39.137264474408475],[9.558086259779227,39.137350776846624],[9.558139675849418,39.13740233374725],[9.558258923412398,39.1374844652378],[9.558487240668939,39.1376417128487],[9.558772665545048,39.137704547747916],[9.558826034519617,39.13770452887646],[9.558950556265362,39.13770369480691],[9.55897254710552,39.13768386324554],[9.559009417898748,39.13764822070544],[9.559063706788908,39.13763197200636],[9.559108378238646,39.1376182375441],[9.559163804814968,39.13760129850087],[9.559224970431455,39.13767167515816],[9.559249382918502,39.13769776488087],[9.55929692803677,39.13774597297192],[9.55935722420185,39.13774314070633],[9.55944502880145,39.137733439714],[9.559556701588651,39.13771993494762],[9.55956101712055,39.13758131157982],[9.559565927135182,39.13742365490572],[9.559683267537238,39.13739826425993],[9.559731953672244,39.13738568712496],[9.559907128654034,39.1373849268669],[9.559965012721191,39.13742805414919],[9.55999006523465,39.13745823076074],[9.56001912048214,39.13748568121381],[9.560148330416832,39.13736453836172],[9.56016715414783,39.13734079477714],[9.560265755399394,39.13721641974638],[9.560385938656617,39.13723386320101],[9.560339302724696,39.137339966413826],[9.560292172280384,39.1374471992666],[9.560168206137508,39.13755926637076],[9.56020174539968,39.13758645373123],[9.560303170374594,39.137631005271274],[9.560356116141191,39.13764971360781],[9.560519853995554,39.137706296096084],[9.560576630249011,39.13774300712026],[9.560659260411297,39.137795042310195],[9.560615724834888,39.13790587503045],[9.560580554831464,39.13798037457476],[9.56048443715882,39.138013224346516],[9.560426891057967,39.13802100095403],[9.560425737300147,39.138092498407026],[9.56048692166598,39.13811307470901],[9.560578189906117,39.138070712760864],[9.560617661836192,39.138079648409374],[9.560690495624067,39.13810399736918],[9.560773439075167,39.138130845069526],[9.560867885473305,39.13818558334208],[9.560855223754404,39.13823710009262],[9.560839381514045,39.13831038933557],[9.560928505514466,39.13835199432424],[9.561010000394267,39.13839892725586],[9.561056221970343,39.13842682737099],[9.56116007650201,39.13836733654594],[9.56119028591313,39.13835073421122],[9.561274242100206,39.138359341006954],[9.561404575219049,39.13840956449799],[9.561560048081638,39.13846947525561],[9.561572385795515,39.1386611070533],[9.561590433511759,39.13868855246974],[9.561679655712698,39.13878390283266],[9.561733766063396,39.138786362501286],[9.561812431873456,39.138786726762454],[9.561899995372169,39.138852837774586],[9.561932094661765,39.138875428723985],[9.561853914860103,39.13900973869372],[9.561843799133582,39.13903706301133],[9.561821666318108,39.139080037077655],[9.561884390912859,39.1390987237074],[9.56198155442994,39.13912702305306],[9.561947122604868,39.139310135954666],[9.561744724321668,39.139321965409415],[9.561590034423576,39.139331005514585],[9.561307190762903,39.13932377413161],[9.561299607300796,39.139420557815484],[9.561317897354634,39.13948550339933],[9.561372297725153,39.13951465347505],[9.56147329813352,39.13956809722333],[9.561533264839365,39.139647854410605],[9.561550810291706,39.13968079448381],[9.561581738895217,39.13974329750984],[9.561628890819277,39.13976509062197],[9.561762330437205,39.139835003191315],[9.561788806194869,39.1398684678817],[9.561809593478783,39.13991079802424],[9.56184285101142,39.13996928524079],[9.561680284786444,39.14013142154635],[9.561929492242832,39.14018541213159],[9.562173173076923,39.140231617159],[9.562322083566764,39.14030282503826],[9.56253872583557,39.14040549502909],[9.562591319097713,39.140441365581395],[9.56268340067173,39.14050008583551],[9.562788681150597,39.14056570872801],[9.562863421053976,39.14062034315872],[9.562885325905546,39.140663844548],[9.562920301751449,39.14073234253432],[9.562935380976075,39.14075959751616],[9.562960118165483,39.140794912188404],[9.562993933788656,39.14086983252303],[9.563017428156952,39.140902951786124],[9.563035981743745,39.14094001201483],[9.56308585711172,39.14101417350467],[9.56310835908674,39.14104384901419],[9.563143114457352,39.141088544406],[9.56318145819043,39.14114108729195],[9.56323921860219,39.141236887591894],[9.563257512039446,39.14126915606299],[9.563285937051505,39.14129629964344],[9.563327724440908,39.14134358951582],[9.563376732124068,39.14139722789963],[9.563421970831115,39.141437480546784],[9.563478555463462,39.14142462217236],[9.563543283307398,39.14140717471959],[9.563603881901944,39.14138907857842],[9.563747674906564,39.141464075075405],[9.563962994670934,39.14162072586035],[9.563984676977613,39.141692334469695],[9.563993405795129,39.141720382371744],[9.564022154179021,39.14181989283065],[9.564017342847366,39.14192749991261],[9.564013718787654,39.14200103588333],[9.56412194581573,39.14217269430249],[9.564023199455207,39.14245927383945],[9.56388828331213,39.1428175534577],[9.563901461859293,39.1433181668358],[9.56422526758814,39.143609853406254],[9.564144660869642,39.143867734197286],[9.564194809216241,39.14439677946168],[9.564323733233003,39.14498637953676],[9.564428874005094,39.14507868325067],[9.564580022835077,39.14516806159882],[9.564684628762558,39.145225358868046],[9.564716590563005,39.14524286655374],[9.564851435075617,39.14520758188368],[9.564930222386899,39.145186638626036],[9.56494229790781,39.145232398541],[9.564991379282766,39.145418374709664],[9.564966014367707,39.14544224266259],[9.564677273946973,39.14575330278734],[9.564699894255401,39.14588541850958],[9.564722584761405,39.1459930004236],[9.56479391150258,39.146048973807446],[9.56481749601355,39.14610405124085],[9.564875677550695,39.14614431895442],[9.565051671334542,39.14626511399135],[9.565160496525094,39.1463276627218],[9.565272557321117,39.14639206995304],[9.56538009361567,39.14645387771208],[9.565702542400754,39.146619015511256],[9.565853515763914,39.14668586542451],[9.565929000809026,39.14671928941408],[9.566084159801303,39.14676671973628],[9.566133074499191,39.14677349093235],[9.566304332169961,39.14680419756878],[9.566365935460581,39.14677235868806],[9.56643254035287,39.146737936331796],[9.566546343820518,39.14667912051154],[9.566852595420766,39.14676999367415],[9.566916086239518,39.146788833319704],[9.567012239437336,39.1468738217639],[9.567071969931256,39.14692661789382],[9.567276040272883,39.14712048671865],[9.567265840537107,39.14721853140678],[9.567231723724639,39.14754647126531],[9.56712724226187,39.14766975330854],[9.567019644502151,39.14779670619548],[9.566950862145138,39.14787786440819],[9.566901810045524,39.14800813228221],[9.566859081660073,39.148121606144045],[9.566844634496299,39.148159973318066],[9.566751614327023,39.148465671866205],[9.56673104905983,39.14857277702803],[9.566694682924641,39.148762184720866],[9.566696390130137,39.14897506034488],[9.566694159760853,39.14902350550753],[9.566686533018144,39.14918911947124],[9.566716449426366,39.14947394529523],[9.56676078700221,39.14991561732245],[9.566766820591598,39.149943694298756],[9.56681490352771,39.15012305578082],[9.566840039988854,39.15022508441292],[9.56685283410372,39.150284272437474],[9.566866141609568,39.150334458643506],[9.566898090561603,39.15045530700826],[9.566917138714187,39.15055978108969],[9.566926702251994,39.15059623556219],[9.566937345382575,39.15062733222821],[9.566947980319865,39.150668079749536],[9.566950887045525,39.15072096397874],[9.566959983760349,39.15081764685877],[9.567008984484874,39.150975099748216],[9.567070434210994,39.151167125042655],[9.567060065660721,39.15139160876679],[9.567084440234558,39.15154467590927],[9.567194008193324,39.151678180919816],[9.567325980698946,39.151899433417164],[9.567471256416901,39.1521122091832],[9.567497534591942,39.1521553143523],[9.567579359868034,39.152286796827106],[9.567625237742606,39.152352854025175],[9.567662782652459,39.15240691215486],[9.567700060628168,39.15254527426485],[9.567699057487014,39.1526004717104],[9.567783112817299,39.15261920977666],[9.56788096728793,39.152734749115275],[9.56792780054635,39.15280210362625],[9.568032173140352,39.15282862715334],[9.568068914293596,39.15284655843998],[9.568216206039192,39.152933465459185],[9.568257093823002,39.152958137444045],[9.5683014737324,39.15299250357211],[9.568411861873892,39.15327284351599],[9.568037005344168,39.15322424185209],[9.567641438264388,39.15317297256857],[9.567185343367871,39.15319234923724],[9.566195204294033,39.153225061890005],[9.564240337542417,39.15335168512997],[9.563582883289968,39.15353422003784],[9.563247589892823,39.153671871474906],[9.562971277167001,39.15385342533956],[9.562512236262016,39.15434223384343],[9.561501691657872,39.1553383120288],[9.560951117666765,39.15596271888535],[9.560527769201142,39.15657750112743],[9.56048280471408,39.15666503332614],[9.5604518915954,39.1567259631655],[9.560322593096942,39.15697497021859],[9.560313038032294,39.15704710346204],[9.560235078702169,39.157615168331226],[9.560158994763919,39.15823729022497],[9.559935828504278,39.15870945447929],[9.559885799883254,39.15881530312911],[9.559565377028118,39.15927640063559],[9.559222014948688,39.159764640378505],[9.558787553883231,39.16044254556289],[9.558272849782469,39.16121995381821],[9.558069215211937,39.16181565102338],[9.558096778187766,39.162374197667845],[9.558166692458592,39.1628556179619],[9.558167993026167,39.16291575666836],[9.558150409033306,39.163302067490626],[9.557956491443653,39.16366343405335],[9.557822186361276,39.1638161604338],[9.557753370831605,39.16388643962706],[9.557681122313456,39.16397112489889],[9.55674926448929,39.16469645551945],[9.556633528831956,39.164783139278335],[9.556547482765403,39.16484903329437],[9.55646796156131,39.16491375889952],[9.556387906904149,39.16497808330357],[9.556308393574861,39.16504281687147],[9.556227039286577,39.16510618409099],[9.55614723562098,39.16517068644984],[9.556067805690068,39.165235482531585],[9.556001773414309,39.16528946629967],[9.55593573990142,39.16534345273929],[9.55585702476767,39.16540837412392],[9.555777954298811,39.165473023214844],[9.555699326148495,39.165538002648965],[9.555620274009403,39.165602664160176],[9.555541222890191,39.16566732651365],[9.555462172776693,39.16573198790723],[9.555385308475401,39.16579833470232],[9.555306209153088,39.16586295747654],[9.555228055263528,39.16592829927656],[9.555149456245449,39.16599328450595],[9.55507035300958,39.16605790623652],[9.554991244963587,39.16612252343042],[9.554914468901902,39.16618886678909],[9.554835399005064,39.16625351433224],[9.554756323147673,39.16631815824536],[9.554678148285447,39.16638346372971],[9.554599148987105,39.16644816484151],[9.554520141434427,39.166512865037554],[9.554441130222072,39.1665775597905],[9.5543621141996,39.16664225000685],[9.554318943199045,39.16667911126684],[9.554280488987619,39.166706065896086],[9.554195975874885,39.1667656485716],[9.554111460311441,39.16682523209833],[9.553267406271605,39.16738478221838],[9.553195484777804,39.16762391276833],[9.552932289845984,39.168012632677296],[9.552641674004349,39.1683395853862],[9.55254845793474,39.16842086339149],[9.552526243804238,39.168442299584264],[9.552480202462663,39.16848673220173],[9.550864550796634,39.17004991001273],[9.55052446831611,39.170339287318335],[9.549860190009916,39.170907592297425],[9.549784037839785,39.170967924366614],[9.549576573513821,39.17114631350896],[9.548415681494552,39.1722150725143],[9.54787594792241,39.1727762892453],[9.547854350258584,39.17284082758531],[9.547717866684808,39.173290656057425],[9.547492500411975,39.17362094569289],[9.547053924363233,39.174257945123884],[9.54497696124049,39.17589414969266],[9.544953329415936,39.175913100415194],[9.544902164042169,39.17595307369847],[9.544565902157203,39.17616030103387],[9.544529269398014,39.176180347791444],[9.544472738585434,39.17621084205546],[9.542563001012713,39.177378696935236],[9.54128454078871,39.17824068045525],[9.540700949941614,39.179135471560336],[9.540392439634763,39.17966854706827],[9.539803932881608,39.18143741562848],[9.53955260415087,39.181880114788676],[9.539369291292184,39.18213326949985],[9.53904856090654,39.1825852997634],[9.538772829630405,39.182865913103306],[9.53831226425726,39.183201445801565],[9.537885260769336,39.18338363668487],[9.53699977707811,39.18363995934187],[9.536313213950368,39.18372428707488],[9.53596295748626,39.18378298514021],[9.535665675834029,39.18383539675786],[9.534962021596785,39.184181044483275],[9.534627763148478,39.18438081866489],[9.534352348370977,39.18470647501832],[9.534246054606985,39.18486727516895],[9.53419170074425,39.18494426827804],[9.534137034322308,39.185021132134494],[9.534075055662443,39.18510790732911],[9.533756834003436,39.18557425239902],[9.533240106922808,39.18614430616793],[9.53308410947537,39.186279885655196],[9.533012138907068,39.186346971018736],[9.532791547246525,39.18654284074547],[9.532047675443422,39.18693483691682],[9.531720438672133,39.18710703397169],[9.531663950261796,39.18713813274934],[9.531572426043297,39.1871859472338],[9.530990697734559,39.187491517623926],[9.5306025356321,39.187695948439],[9.530531072812314,39.187733584746546],[9.5299671769992,39.18819570770998],[9.529854367198137,39.18859270147714],[9.529780611755672,39.18881743834821],[9.529772257247238,39.18884363973281],[9.52975461632469,39.188898541878984],[9.529718537278839,39.18900782084147],[9.529490376277169,39.189297206755455],[9.52945472606408,39.189342423685915],[9.529143387787359,39.18951557478693],[9.529062669311095,39.18956046641647],[9.52856553795987,39.18966380162569],[9.528530853998765,39.18967101096055],[9.527987441856345,39.18975530166403],[9.52781377498346,39.18978239247638],[9.527408019012602,39.189760594943536],[9.52705454145437,39.18974373002998],[9.526863905540656,39.18973262653039],[9.526330067814772,39.1895728424125],[9.525865371227642,39.18936768977419],[9.525122853110183,39.189172798704966],[9.5236846269777,39.188970318705955],[9.523619729702439,39.188963237582755],[9.523484383839083,39.188944199092894],[9.522537801107967,39.188808932770186],[9.522437941827905,39.18879761762382],[9.52194661319817,39.188814413832475],[9.521866936711902,39.18881674593599],[9.521820175563692,39.18881818626881],[9.521439211701642,39.18897307591334],[9.521001481782731,39.189281405855084],[9.520286321098023,39.18965404842973],[9.515142283866519,39.1924342455083],[9.51208704211083,39.19427692912853],[9.510148170203427,39.195496253922094],[9.509965966309778,39.19561083594031],[9.509764163101915,39.19572619366819],[9.509672554954205,39.1957767270387],[9.509581124259702,39.195827637121006],[9.509489304162075,39.19587804241712],[9.50939774030644,39.19592883038817],[9.50930617517359,39.195979620094896],[9.508939455263196,39.19618301178957],[9.508200238901335,39.19698383192054],[9.508132878950908,39.1970541590533],[9.508066175261217,39.19712413365876],[9.508022843813746,39.19720173232951],[9.507767076394876,39.19763849750195],[9.507655730089898,39.19802683686452],[9.507720362599063,39.198184276178516],[9.507820772779146,39.198431608916856],[9.507823432458387,39.198801043790894],[9.507733189700549,39.19913484053909],[9.50762004434287,39.19950478089348],[9.507480344069307,39.199604509319364],[9.507378085946918,39.1996770415974],[9.50668435546837,39.199833246371355],[9.505884794835676,39.19991635089808],[9.505280019564433,39.1999197818192],[9.504773436108046,39.19982351930338],[9.504146669344157,39.19962799345015],[9.503009465657735,39.19930851631871],[9.502549884443646,39.199305158812386],[9.502268251578602,39.19930270401908],[9.501678674292716,39.199449418075176]]]]}}]}
