{"type":"FeatureCollection","metadata":{"code":"119020","referenceDate":"2026-01-01","sourceDbfExportDate":"2026-02-18","upstreamArchiveUrl":"https://www.istat.it/storage/cartografia/confini_amministrativi/non_generalizzati/2026/Limiti01012026.zip","sourceManifestSha256":"70ac8256c4785dc6ed2814c32b6965ae76f9161b51abaa1660059e1c6cbd8ca6","license":"https://creativecommons.org/licenses/by/4.0/","attribution":"Istat, Confini delle unità amministrative a fini statistici al 1° gennaio 2026, versione non generalizzata.","modifications":["Converted from WGS 84 / UTM zone 32N (EPSG:32632) to RFC 7946 WGS 84 geographic coordinates.","Converted from shapefile to per-municipality GeoJSON without geometry simplification."]},"features":[{"type":"Feature","id":"119020","properties":{"code":"119020","name":"Sant'Antioco","alternativeName":null,"regionCode":"20","regionName":"Sardegna","territorialUnitCode":"119","territorialUnitName":"Sulcis Iglesiente"},"geometry":{"type":"MultiPolygon","coordinates":[[[[8.410126539910921,38.86317324670525],[8.410013830710337,38.86321322898969],[8.409898097046824,38.86325319588322],[8.409756641807101,38.8633020432358],[8.40942354178575,38.86333640518181],[8.409302150395899,38.863380847704484],[8.409254465270411,38.863397721991724],[8.409101295874834,38.86345192338301],[8.408925753813849,38.863424000702445],[8.408675920863368,38.863382184439665],[8.408331305334597,38.863353404704284],[8.408296344012888,38.86324509089708],[8.408252642213435,38.86310969929607],[8.408368570831874,38.863029183425006],[8.408380804740592,38.862943637371814],[8.408240214545607,38.86287083428104],[8.40823549349966,38.86279421289717],[8.408231325904834,38.86272660668396],[8.408207074018282,38.862523727604454],[8.408188136834701,38.862374943345046],[8.408236805489276,38.86234365071845],[8.408327188881824,38.86228553410603],[8.40830540746559,38.86213223061748],[8.408219863750487,38.862023660493],[8.408120362228281,38.86189564491432],[8.408044619610749,38.86161275332563],[8.408009955010924,38.8614533774234],[8.407996027764177,38.86139172786123],[8.407966857154166,38.861260915505376],[8.407828926911332,38.86098987398085],[8.407796743602038,38.860926631416355],[8.407887520801781,38.860751368924454],[8.407925613110562,38.86067496544908],[8.408043344049384,38.86054039107769],[8.408131444536748,38.86043720657432],[8.408080034821905,38.86012154728557],[8.408114917464761,38.86008453463203],[8.408171617165621,38.86002288612455],[8.408287913059594,38.85989731568637],[8.408242671411717,38.85979345545605],[8.408177111346534,38.85964747626612],[8.408316420924686,38.85958656706665],[8.408508694974026,38.85950643863851],[8.408509516130529,38.85940731751182],[8.40851130773204,38.85919105306564],[8.408629288760999,38.85920967254872],[8.408707937451414,38.85926411344733],[8.408912754436344,38.859251659118414],[8.409300541696297,38.859424838107884],[8.409434171282413,38.859439031087426],[8.409609739884813,38.85946244649322],[8.409831372785034,38.859490601048094],[8.409862964316776,38.85950315145228],[8.409969225671324,38.859545366380054],[8.410061722974472,38.85950978774307],[8.41017612744477,38.85943827468122],[8.410256393519337,38.85948824220292],[8.410279681204624,38.85963835123538],[8.41043791422655,38.85963589334001],[8.410473924530788,38.85963521992194],[8.410548172711723,38.85965192075599],[8.410751659957626,38.85970250976311],[8.41088681857191,38.85973473174009],[8.411008588014944,38.859829965441655],[8.411127282874723,38.85992518351358],[8.411287519202057,38.86006116248894],[8.411340932212564,38.860106489069814],[8.411447756139268,38.86019714124607],[8.41158565591651,38.86024653316877],[8.411664661743067,38.86027483069574],[8.411963460010496,38.860379966503324],[8.412044612497423,38.860497523291215],[8.412087455632257,38.86056081926062],[8.41210581750021,38.86058794520118],[8.412149168287712,38.86064223223166],[8.41218991261571,38.8610051264687],[8.412242994809324,38.86107525143578],[8.412342765970282,38.86120641890821],[8.412394072667567,38.86127426217862],[8.412400720121544,38.861463534689335],[8.412403410183602,38.8615401457161],[8.412302780785566,38.86168832683748],[8.412205105361497,38.86182751216618],[8.412198592328453,38.86190993342798],[8.412179902832248,38.86208871612033],[8.412146313110286,38.86214381619594],[8.412114182647732,38.86219652205021],[8.412060097955294,38.862290869312844],[8.412029398168313,38.86234478267187],[8.411999796226377,38.86236265657762],[8.411762976708378,38.86250564662893],[8.411628102038522,38.86261310394678],[8.411565743204532,38.862662534881906],[8.411520785949786,38.86269817130055],[8.411420858839683,38.86276074712286],[8.411343372719928,38.86280991966924],[8.411265887653638,38.86285909126765],[8.411122404508381,38.86296199886254],[8.411044123272038,38.86302017866532],[8.410986160450298,38.863060583039875],[8.410954280240585,38.86308280493446],[8.410788228280566,38.86312702465006],[8.410688597468125,38.86315355636748],[8.410586047973727,38.863184578101844],[8.410459117952222,38.863201960380636],[8.410408972225026,38.86316791424273],[8.410378884804258,38.86314748745087],[8.410126539910921,38.86317324670525]]],[[[8.449623576026655,38.93449007739077],[8.44993747706899,38.9346383080732],[8.450149503385784,38.9347384311828],[8.450198117163556,38.93479303567533],[8.45046370525881,38.935091351527],[8.450568438752518,38.93520899144864],[8.45077008418982,38.935430349486175],[8.450848739849686,38.935516694319794],[8.4508578501611,38.93554377128641],[8.450967172143017,38.935868692110404],[8.451061135855982,38.936005029075005],[8.451341554564344,38.93613328881366],[8.45138036655125,38.93614998546963],[8.45162195882689,38.93624123348303],[8.45161469882548,38.93644845903983],[8.451609018006929,38.93661063516957],[8.451441129993428,38.93689820825799],[8.45140440416793,38.93696111432817],[8.451368333021156,38.937150181698186],[8.451413969459812,38.9373486453514],[8.45144508494528,38.93748396027576],[8.451329191455057,38.93773766316214],[8.451301317932948,38.93779868056478],[8.45123970377284,38.937933559599685],[8.450976994819229,38.93814859520645],[8.450911551371671,38.93824741148803],[8.45074540514284,38.9384985785506],[8.450503031838066,38.93869605368423],[8.450459042057332,38.93873189204624],[8.450216588879892,38.93893800989718],[8.450333442067148,38.939134519533575],[8.450454451512336,38.939326615025244],[8.45020582876026,38.939397535140436],[8.450162549636348,38.939398800132714],[8.449940385734777,38.93940529592081],[8.449576992037338,38.939421604708365],[8.449337839172104,38.93914743513383],[8.449299812775513,38.9388706086845],[8.44933757671568,38.93869056137493],[8.449343240945723,38.93866355400488],[8.44910764354803,38.93835605865751],[8.449017734948539,38.93823837752278],[8.448893472401538,38.93807569808048],[8.448899891548702,38.93780538924635],[8.449021359751994,38.93778876448071],[8.449156884479562,38.93777055684355],[8.44902235310064,38.93763594903222],[8.4488763727336,38.93748988312534],[8.44860012318938,38.93733538617682],[8.44856762365527,38.93731721081925],[8.448478300751034,38.93711853966676],[8.44855166645287,38.93695668350173],[8.448535206719344,38.936884514810814],[8.448464081342209,38.93659420650871],[8.448272999380457,38.93643271192468],[8.448131176943619,38.93631489462843],[8.448063094913516,38.93598115484293],[8.448186727382545,38.93584656974808],[8.44813441711956,38.935530927271806],[8.448098549362848,38.9353144866526],[8.448140797281917,38.935073784574556],[8.44844812523293,38.9350003021858],[8.448808069832522,38.9349483757362],[8.448931978026632,38.93477774654481],[8.449045178566617,38.93468615586526],[8.449109143781557,38.9346344017797],[8.449230943668248,38.93453585236882],[8.449590525784615,38.93447446975807],[8.449623576026655,38.93449007739077]]],[[[8.450151982262087,38.940767047258994],[8.45022540011772,38.940785365341625],[8.450336298912886,38.940948091219774],[8.450379425657317,38.94101137292305],[8.450512653497128,38.94112914696683],[8.450725425954037,38.941219059908455],[8.450836124797908,38.941265838796085],[8.45094097580426,38.941401500656326],[8.450968936905303,38.94143767762065],[8.450992396602471,38.94176219421633],[8.450955643943011,38.941852134038015],[8.450889490067189,38.94201402640901],[8.450718736409215,38.94208605369579],[8.45067821826691,38.9421031450001],[8.45049518462549,38.94208426074354],[8.450288119985451,38.94200218441585],[8.450143277326442,38.94184851453692],[8.450023452648704,38.941721587320785],[8.449838182406195,38.941432353415045],[8.449830644849506,38.941396272448394],[8.449779765938391,38.94115272860696],[8.449800812150107,38.94094556742858],[8.449806303392908,38.94089152605059],[8.449967719158842,38.94072107274341],[8.450151982262087,38.940767047258994]]],[[[8.4630528117288,39.08140038108662],[8.463108070082509,39.08154593940556],[8.463133562229402,39.08158210137373],[8.463219595821785,39.08170414706179],[8.46346913948879,39.08195760500824],[8.463509455977452,39.08197733298719],[8.46362715375142,39.08203492673406],[8.463703838210385,39.0820724495393],[8.46386497918307,39.082167807619314],[8.463864160736454,39.08227593673082],[8.463798795676729,39.08231956461294],[8.463733286715192,39.082382341386065],[8.463644986392067,39.082401083041866],[8.4635008588332,39.08241281032029],[8.463441416003269,39.08237424032934],[8.463337978267084,39.08229266397942],[8.463200156702603,39.08217150638136],[8.463104194089777,39.08205730062582],[8.463090188112172,39.082032455478206],[8.46303289344306,39.081930817132225],[8.46292334713328,39.081778250388645],[8.46289612361534,39.08167111850761],[8.462861163619136,39.08158084688431],[8.462785562784536,39.081385634313314],[8.462874195165991,39.08132296457963],[8.46293635721402,39.081320368239226],[8.462995629107855,39.08131789192057],[8.4630528117288,39.08140038108662]]],[[[8.437890359920543,39.1051058413495],[8.437921884938083,39.105140951022456],[8.4379547050239,39.10519517587867],[8.438023746411389,39.105239436936586],[8.438114185027182,39.105319846400164],[8.438151429853287,39.10534368004779],[8.438296858314056,39.10543674373385],[8.43837586648871,39.105500201198865],[8.438353690335845,39.10556204570822],[8.438272306739702,39.10561571933524],[8.438192304906575,39.10567728518032],[8.438031267761907,39.10574859697344],[8.437882834841808,39.10579845530547],[8.43772126887999,39.10582707491581],[8.437593185023976,39.105797058375956],[8.43749349426036,39.10574600350093],[8.437391499656746,39.10566441230904],[8.43730808571544,39.10560968269778],[8.43725487270887,39.10557476824665],[8.437174769168811,39.10546737560539],[8.437121412717916,39.10532894984806],[8.437051132441274,39.10519870102196],[8.437086740152587,39.105083982275026],[8.437190302191981,39.10496846519537],[8.43732406726762,39.10493306644926],[8.437407430008488,39.10493346875662],[8.437544413977239,39.10497805884592],[8.43763621679759,39.10506861185491],[8.437750492856283,39.10506015192416],[8.43784163771744,39.10505158034709],[8.437890359920543,39.1051058413495]]],[[[8.428166571979643,39.10387927327328],[8.428124409379175,39.103945868477],[8.428106110148457,39.10402653261706],[8.428060421853255,39.104110786680515],[8.4279635711316,39.10413633737994],[8.427899039724723,39.104153714032364],[8.427862131315013,39.10416388036044],[8.42780320618453,39.104212794496696],[8.42780275859422,39.10425256460447],[8.427742555068775,39.10428306545518],[8.427710762368081,39.10430175701843],[8.427679701599526,39.104320322406146],[8.427652345253177,39.10433845091091],[8.427613396009313,39.104364562198725],[8.42759476780769,39.104390292054106],[8.427573478882094,39.104420682000104],[8.42745971754211,39.104460426436845],[8.42738858224698,39.10448862424589],[8.427356748661685,39.104510201766715],[8.427294669504189,39.104565487218544],[8.427254446943833,39.104600995214774],[8.427231795646708,39.10464378849348],[8.427213800295187,39.10467903892124],[8.427201552968771,39.104706281486465],[8.427150276808067,39.104773134321114],[8.427044204364062,39.10483875365972],[8.427011095098319,39.10487944276797],[8.426989379143626,39.1049101017391],[8.426982351032363,39.10495050271147],[8.426976922657134,39.104989016511354],[8.426973546169345,39.105019365524925],[8.42696870231708,39.10504753565044],[8.426966993054783,39.10507594736143],[8.426960744966527,39.10514527779998],[8.426955077293915,39.1052091999241],[8.426952294939886,39.10524144418739],[8.426949913705526,39.10527114208275],[8.426945867184912,39.10531396276861],[8.426938258328565,39.105364944418696],[8.42693486416994,39.105399470888536],[8.4269332517697,39.10549433183071],[8.426932395930544,39.105614594276794],[8.426985899224237,39.1057308742762],[8.42707077947242,39.10584280290001],[8.427123109062066,39.105986110364746],[8.427143699641405,39.10612137713874],[8.42714302091742,39.10620522659143],[8.42713187518045,39.106331951685746],[8.427087522096956,39.10645338267328],[8.427054933550329,39.10655009093607],[8.427398284625896,39.107047911801665],[8.427436330268034,39.107791966585474],[8.426842595117462,39.10855580418435],[8.426211023042228,39.10907406678146],[8.425976151429715,39.10854635711366],[8.425961993334775,39.108438155153856],[8.425958453812003,39.10841110533917],[8.425879636426162,39.10832511180826],[8.425757850734374,39.108189347357246],[8.425722030824918,39.108149458112926],[8.425574975893294,39.107985697669044],[8.42553433627694,39.107940442840324],[8.42532368928616,39.10770962351108],[8.425155703304394,39.10752918434022],[8.42513971358077,39.10750596860432],[8.42506885006205,39.10740199244391],[8.424870282961809,39.107108154172245],[8.424843979911321,39.10708099201849],[8.424642329305845,39.10687274266282],[8.424569437410007,39.10678227282745],[8.424450812378087,39.10663863787813],[8.42440791927475,39.10658182290173],[8.424347530790767,39.10650183599087],[8.424280282669617,39.10641589938726],[8.424083330957105,39.1061761343105],[8.424004000095186,39.10607963451876],[8.423710929183695,39.10572335164332],[8.423431403821287,39.10538247189936],[8.423340133318483,39.10527135787061],[8.422968542742705,39.10481896878179],[8.422858818161181,39.10468538215945],[8.422595254427192,39.10436460025088],[8.422415061241551,39.10414516414476],[8.422293686272587,39.10399746374567],[8.422222520276152,39.10391079193647],[8.421851441682257,39.10345905145652],[8.421713679349866,39.103291196945825],[8.421482226605098,39.1030093969802],[8.421141127368825,39.1025940996761],[8.421118473730468,39.102559883775726],[8.420852237195442,39.10224640790372],[8.420816404821654,39.10217482321075],[8.420806704839991,39.10214562139846],[8.42078369774173,39.10210460659966],[8.420570584589308,39.10165321500255],[8.419782247671755,39.100477860605515],[8.418775333429837,39.09916624553958],[8.418354798234892,39.098481355927696],[8.41775970753483,39.09751215861501],[8.41754328436547,39.09701911335627],[8.41752118039532,39.09698316844517],[8.417124063760859,39.09609043997306],[8.416602782419083,39.09490495753668],[8.416385912854327,39.094423514033615],[8.416298212029282,39.09421234289184],[8.415842294732226,39.09312066707997],[8.414832521177528,39.090694167601626],[8.413958687505461,39.088698337335906],[8.412904285271395,39.08623766215238],[8.412830889506985,39.0860678221338],[8.412806103698003,39.08601046134796],[8.412693797310641,39.08582882705821],[8.412669679500246,39.08579829482762],[8.4126075268346,39.08570888062511],[8.4118077835059,39.08554823206542],[8.411767517381081,39.08553841766795],[8.411711164504368,39.08552793186565],[8.411569805654665,39.085501344027506],[8.411516215871767,39.085486168267266],[8.409248558581384,39.08503410411085],[8.408783456294174,39.08496958170936],[8.408711360834557,39.08496053481256],[8.408578739419337,39.08494059822106],[8.408128289854556,39.08488424582762],[8.407677991738586,39.084809871113755],[8.407498911076488,39.084710293937874],[8.407458503023388,39.0846889656189],[8.407398905983476,39.08465526480729],[8.40733272946758,39.084618883954995],[8.4073077993867,39.084572722996896],[8.407288669620996,39.084537664389664],[8.407036657477384,39.08407671470141],[8.406837710829471,39.08341255592994],[8.40612564343683,39.081035353076906],[8.40598116971441,39.08034076543519],[8.405937723236793,39.080007134899255],[8.405848671673814,39.07977684141998],[8.405832492010738,39.07973103378405],[8.405813275980732,39.07968210273334],[8.405365816104936,39.07909644366582],[8.405184320700272,39.0788588892063],[8.404910057569175,39.078436527488805],[8.40449658987689,39.07781891828017],[8.40437665626769,39.07765142760136],[8.40412260493723,39.077258511073666],[8.403352739679955,39.07558526392827],[8.4032362568573,39.07532562465879],[8.402656835156387,39.07406834692937],[8.402569175731951,39.07386674035427],[8.402103796592083,39.072855881331016],[8.40150035988287,39.071541076016416],[8.401282756692552,39.07103058061186],[8.401096168998084,39.0705682545426],[8.401063960604509,39.070503756750405],[8.400884090256831,39.07007894847374],[8.400766911543583,39.069801324828916],[8.399709856603938,39.067296668798996],[8.399077059504878,39.065573102530074],[8.398659137217523,39.06443474364164],[8.397916877731628,39.06291368310912],[8.397443628997921,39.06193239924159],[8.397330014480634,39.06170090304482],[8.396826322673002,39.06067340945979],[8.39566734742736,39.05831017174894],[8.395614555623348,39.05820135601695],[8.395157880229089,39.05754117896381],[8.394944448645436,39.056819184142995],[8.394697735274471,39.055934817842925],[8.394206598976249,39.054952340334545],[8.394033044773982,39.054611042761834],[8.39399942284986,39.05454056203286],[8.393965066975015,39.05447036763921],[8.393766026281696,39.05406468126968],[8.393082817485045,39.052871663496404],[8.392983058512105,39.05274783546842],[8.39233381367577,39.05194187370743],[8.392310601293595,39.05191524640226],[8.39196023833259,39.05148237994696],[8.391406807477606,39.050790492820234],[8.391356146125748,39.050727034897825],[8.389289271198033,39.04851301642578],[8.388607967495505,39.04778405362452],[8.387143974746234,39.04602821615865],[8.387018536039188,39.04587973489208],[8.386996074200058,39.04585496946328],[8.386959174062584,39.04581435767768],[8.38692506299718,39.0457712671477],[8.38647304731938,39.045234213786024],[8.386301101490478,39.04502465531625],[8.385862904185508,39.04450761129403],[8.385334765499415,39.04378935406877],[8.384172803236746,39.04219185723128],[8.384036965592951,39.0418667400468],[8.383962006071853,39.041791869428835],[8.383819309318703,39.04164932378505],[8.383582681504043,39.041385973265285],[8.383544586563069,39.04135050575987],[8.383362143929878,39.04107019644983],[8.383214757691233,39.040745017206525],[8.382963619935113,39.040392255387125],[8.382597335064839,39.03999382853086],[8.382557063934101,39.03994288598348],[8.382515418972517,39.039890220419004],[8.381895215517664,39.03910567004256],[8.381207601260623,39.03823583545675],[8.380665918679624,39.037550588235305],[8.380367881201892,39.03727867146919],[8.380138932543325,39.03703415468192],[8.38013060661603,39.036664655253865],[8.37998395284341,39.036258374927456],[8.379952441801994,39.03589776338752],[8.380093053335855,39.03567323278488],[8.380291350626372,39.03545801968737],[8.380467563715984,39.035125544343394],[8.380587187966421,39.03465760121832],[8.380740920080523,39.03425291737185],[8.38083657067979,39.033883968875344],[8.380817002579064,39.03347836483242],[8.380602449310611,39.03290952489426],[8.380501460678518,39.03256656582893],[8.380458396543338,39.032205892837815],[8.380426412565114,39.03189934404747],[8.380313559649949,39.0315923665402],[8.38006168098009,39.031329705200925],[8.379762805296565,39.031156905410214],[8.379440667870668,39.031002002597816],[8.379176374594946,39.03083839647585],[8.378971581191758,39.03047686106999],[8.378730947403017,39.03025030149781],[8.378375738176006,39.02991499739744],[8.37833213257925,39.029617398109615],[8.377640643118024,39.02942447647356],[8.377144837277227,39.02931369659209],[8.37677610945649,39.02920359362812],[8.37645327490443,39.02912977963621],[8.376165573749994,39.02900208544899],[8.375924796609954,39.02879354170474],[8.3758372113578,39.02824339431981],[8.376081552379064,39.02804645685217],[8.376440541727504,39.02794925411059],[8.376892185767005,39.02782551162815],[8.377240728776524,39.02760209467159],[8.377349520226225,39.02705299652561],[8.377493045186247,39.026495072379944],[8.377564965422232,39.02619808910046],[8.377546207819803,39.02570237630254],[8.377420722001737,39.025554924899666],[8.377376791985395,39.02550403393475],[8.37734323710682,39.025464750700465],[8.377306070094463,39.0254217490742],[8.376984675841342,39.02518574342508],[8.376490325420576,39.024912767720764],[8.376087044094923,39.024793466659936],[8.375718420605722,39.024674349689704],[8.375200261333884,39.024482341961985],[8.374947871157483,39.02428274509808],[8.37468551840606,39.02390287102939],[8.374587352553347,39.02373793618104],[8.374526099265513,39.02364069402367],[8.374423193848694,39.02352011381973],[8.374379312313298,39.02346869482222],[8.374240250844775,39.02330574898492],[8.374034072431805,39.02310639710736],[8.373936932300134,39.02315093184861],[8.373835965198571,39.02319280748414],[8.373628182722165,39.02328444163282],[8.373489326816982,39.02331072867778],[8.373403529719868,39.02329394675037],[8.373412160430291,39.02321907662738],[8.373779782515676,39.02312305470737],[8.37384929837477,39.02309998610767],[8.373986880550598,39.023054330313016],[8.374026035946509,39.02301624279553],[8.374085921327708,39.02295799217672],[8.374191804433673,39.022776578888816],[8.374180050500568,39.022735541862836],[8.374169314078703,39.02267120910883],[8.374027113672621,39.022605065300304],[8.373987273314576,39.022583441772646],[8.37393990443139,39.02256471458019],[8.373890172528487,39.02254095544179],[8.373843953320675,39.02251539577407],[8.37380112776839,39.02249406524365],[8.373755080283821,39.022468427163865],[8.373518548651852,39.022290375204825],[8.373340707806614,39.0221531263326],[8.373289593783143,39.022098733113644],[8.373190509773531,39.02199237129689],[8.373066470575166,39.021896342702036],[8.37303193691827,39.02187089867932],[8.372985106196738,39.0218369702773],[8.372932337364103,39.0217949917614],[8.372891554257913,39.02178000855867],[8.372862394882032,39.02176643500824],[8.372825053281083,39.021749077807634],[8.372776432715682,39.021725550350126],[8.3727323008681,39.021704285393774],[8.372702942619851,39.021691392882744],[8.372658323059397,39.02166832844039],[8.372604624826472,39.0216448862445],[8.372521879142244,39.021611954870984],[8.37245071747369,39.0215830984487],[8.372416534526423,39.02157042321326],[8.372231583411512,39.02150626036587],[8.372180783411578,39.02148521163015],[8.372133034007213,39.02146745757004],[8.372068898536025,39.02144485826952],[8.371999421478641,39.02141874283918],[8.371936843077137,39.02139668801554],[8.37189471922541,39.02138105474662],[8.37178123560563,39.021334862248764],[8.371658643076374,39.02130386394088],[8.371617033623906,39.0212912061409],[8.37154822130783,39.02127054850863],[8.371520365861016,39.02122209023964],[8.371488357287575,39.02114405101375],[8.37138387517287,39.02112697589255],[8.371349187186555,39.0211182859849],[8.371335113906907,39.02107743711709],[8.371327453629235,39.021044343614],[8.37131905139688,39.0209944627312],[8.371292958517273,39.020870410745054],[8.371382968594805,39.020815703051106],[8.371529586279564,39.02085951526668],[8.37156219245258,39.02086978168111],[8.371598852120599,39.020881614443766],[8.371634260228692,39.02088854736557],[8.371682410085711,39.020877184057746],[8.37168812588565,39.02076102698718],[8.371635320085243,39.020690906569584],[8.371481854074858,39.02070237110872],[8.371437817616599,39.02065492410059],[8.371510510634304,39.02059899659388],[8.37162881505856,39.020604417965124],[8.3716979953318,39.02061084071885],[8.37171729486269,39.02052728817878],[8.37168255305095,39.020411816119676],[8.371539360466917,39.02043920391351],[8.37148580023132,39.02044233330544],[8.371431009333206,39.02044537854517],[8.37146079938047,39.02032135554633],[8.371427032801117,39.02029892672557],[8.37140650665198,39.02027741449349],[8.371373130989339,39.02029863627287],[8.371297597137335,39.020346663576426],[8.37126107080699,39.020298032351036],[8.371226242220839,39.020251662166785],[8.371075254663912,39.02018101224728],[8.370981139478843,39.01994959428985],[8.370989486750002,39.01992011676468],[8.37101305062617,39.019847510718684],[8.371042810144866,39.01976857705633],[8.37099288117264,39.019645102041025],[8.37096390504811,39.01956940119454],[8.370936368038807,39.01952840487558],[8.370917447315687,39.01950591718844],[8.370900368428925,39.01948102442574],[8.37087531276856,39.01944263219717],[8.370845277422646,39.01939653645373],[8.370811496530855,39.019335651121864],[8.370788746486687,39.019286328091894],[8.370753036354944,39.01922859887681],[8.370877266974347,39.01922251050753],[8.370986883963516,39.019377417749354],[8.37102077621289,39.019338792801754],[8.371048168128054,39.019306460471476],[8.371135464965624,39.01921931777591],[8.37113316078091,39.019185768320554],[8.371122375315638,39.019119906690456],[8.371109370711594,39.0190770098885],[8.371094803007706,39.01904235172097],[8.371082901106911,39.019011635911575],[8.371058782765152,39.018953897190706],[8.371070800755067,39.018727941808045],[8.371162130449253,39.01865685267594],[8.371206936035126,39.01862239110464],[8.371322350954456,39.01852992640122],[8.37155637119694,39.0185176705141],[8.371577768930106,39.018492605746935],[8.371673123731702,39.01837750008434],[8.371771089461674,39.018327457661236],[8.37181212726438,39.01830687986865],[8.371863947935974,39.018278885319155],[8.37190859838119,39.01826319930867],[8.371950128634875,39.0182417878777],[8.372003373541313,39.01821561398994],[8.37205276917024,39.018193137385076],[8.372088160966104,39.018155143764275],[8.37218605155802,39.018042471733736],[8.372344138830698,39.01799119072245],[8.372442434731155,39.01796248716435],[8.372501433363006,39.017942665367144],[8.372580107584625,39.018026442279336],[8.372610515681377,39.018052512165546],[8.372737741747185,39.01816159044334],[8.372785031305122,39.0182021347569],[8.372883520779647,39.01816774579198],[8.372846083146085,39.01807033243387],[8.372763214900173,39.01783796522809],[8.372742250859845,39.017789957892255],[8.372569130478867,39.01744886338919],[8.372548729621633,39.017405908029986],[8.372533577403871,39.01737813776507],[8.372497012244676,39.017299471407654],[8.3725433844556,39.01725042857705],[8.372626209030487,39.0171601382814],[8.37274754518023,39.017052010040054],[8.372823230472411,39.0169835829775],[8.372974980048363,39.01694410415672],[8.372980860758966,39.016901589299856],[8.372982538161969,39.01686769270719],[8.372985576158959,39.016824261448505],[8.37299107861102,39.016793577187585],[8.372994135066914,39.016760349429596],[8.372977064869943,39.01670281206585],[8.372942257209619,39.01658548003705],[8.37308642611147,39.01644658189685],[8.373186972170462,39.01634236766585],[8.37322548479606,39.016253589705435],[8.373250348207652,39.016196276766365],[8.373332997232627,39.01615664787997],[8.373455450826974,39.01608427418788],[8.373426095169192,39.01604921516829],[8.373411336862564,39.01602483804838],[8.373426949464903,39.01597701916353],[8.373450551436063,39.015940235972465],[8.37349136484058,39.015902856753584],[8.373522388936225,39.015870178368424],[8.373565194783973,39.01583528700712],[8.373600973568324,39.01580504913911],[8.37366577193665,39.01575133063854],[8.373819428336152,39.01568231855598],[8.373915281761974,39.015618804698875],[8.374070680854652,39.01551583474094],[8.37415613224904,39.015439356297186],[8.3741706619061,39.01539415826736],[8.374185387873858,39.015356302729906],[8.37420698680105,39.015285655280735],[8.374458638831317,39.01523744322933],[8.374496068971974,39.015249916310545],[8.374609797939675,39.01528781538202],[8.374655895312713,39.015360151359566],[8.374672461215113,39.0153861474189],[8.374850446565532,39.01550537271067],[8.374869567059115,39.01534684704719],[8.374934005555163,39.01519831524376],[8.374933831477925,39.01507127050886],[8.374824431898942,39.01500582331948],[8.374791473654678,39.01498804236975],[8.374817314296328,39.014910459068204],[8.374828549834211,39.01487672809949],[8.374990378854823,39.01486295198527],[8.375000270909,39.014723331944865],[8.37509197063054,39.01473580901365],[8.375151339344956,39.01473943323535],[8.375232528203336,39.014745977677386],[8.37538585818515,39.014830901368065],[8.37546044208498,39.01483144936417],[8.375563236931363,39.01483271242174],[8.375599912998133,39.0148354426857],[8.375636669586259,39.014838211216194],[8.375681919450361,39.01484176410851],[8.375726635037536,39.01484525825464],[8.375779375707355,39.014849844230774],[8.375815230833958,39.01485411726118],[8.375752032950654,39.01477691878701],[8.375643092732782,39.01469137979381],[8.37550235484228,39.0146009909569],[8.375530909463476,39.014466878399084],[8.37552327346572,39.014356676228815],[8.375352980149932,39.014347879709334],[8.375281833806579,39.01422922734251],[8.37536304976468,39.014187985322984],[8.375391095474164,39.01411829940909],[8.375337303939746,39.014012130421726],[8.375320136415613,39.01397824640917],[8.375321305714476,39.01384533802791],[8.375241259572011,39.01375367164247],[8.375152670096162,39.01364844260699],[8.375083895440774,39.01357671704444],[8.375144851964594,39.01355244922182],[8.375186879199308,39.01356076729998],[8.375261564380935,39.01357918972441],[8.375367845521993,39.01364283649649],[8.375421642564827,39.01355965896895],[8.375431898210174,39.01341902704199],[8.375584864401423,39.013427730700805],[8.375666734334699,39.013476323052835],[8.375762965264403,39.01353343841252],[8.375781339796745,39.01341413891246],[8.375756520897188,39.01328109145321],[8.37566892320731,39.01322725010999],[8.375595686091351,39.01318223456181],[8.375505982360757,39.013111918316554],[8.375435088353996,39.013056345043594],[8.375391868286505,39.0128815229717],[8.375392859064537,39.01276888886517],[8.375582412315078,39.01272146915042],[8.375564690871235,39.0126616749295],[8.37553894444881,39.0125748049747],[8.375601945733774,39.01247038759338],[8.375675651840758,39.012461979896486],[8.375960361743045,39.01242950204322],[8.376050357483798,39.012374790551895],[8.376262637815465,39.0123477656326],[8.376354672535953,39.012411336247126],[8.376489244130296,39.01237713705727],[8.376605757791681,39.012344785840995],[8.376696209259537,39.01231967005226],[8.376495029144928,39.0122115875956],[8.376388442458174,39.0121828587071],[8.37607779813356,39.012209356934086],[8.375863013190614,39.012171037630885],[8.375623279255647,39.012178766040186],[8.37540744972633,39.01215511148537],[8.375391818342642,39.012112218164226],[8.3753744982378,39.01206592127015],[8.37537589523473,39.011907106788136],[8.375545398832454,39.01174012244421],[8.37556341302644,39.01169829864024],[8.375628934291793,39.011535624516455],[8.375678579916073,39.01152687898003],[8.375916229090876,39.011537161751896],[8.375915249085592,39.01164866954309],[8.375923656482366,39.01176248035658],[8.375925571268391,39.0117883978766],[8.375972796790066,39.01183595943676],[8.376093824795305,39.01179230035535],[8.376152389641517,39.01177158854986],[8.376237023959975,39.01166953929358],[8.376299304593342,39.01155990556738],[8.37631512077911,39.01153525430411],[8.3763402241086,39.01149420269115],[8.376374562115434,39.01146034453842],[8.376412757563225,39.011421388617066],[8.376452238534391,39.01138295499604],[8.376479546284555,39.011344181457766],[8.376789691278752,39.01137399875077],[8.376840133445556,39.0113842247074],[8.376932369456695,39.01140292093695],[8.377002290655037,39.0114967849355],[8.377026507527603,39.01153408556925],[8.377274011240084,39.011568769238465],[8.3773142172274,39.0114883126319],[8.3774396278566,39.01142375236986],[8.377451387169662,39.01139304448215],[8.377481989701593,39.01128983638231],[8.377447370877173,39.011111934008476],[8.377461605497224,39.01098002250541],[8.377466010821081,39.01094970610761],[8.377557856093318,39.01087009626411],[8.377784919071699,39.01082512496581],[8.378000026601514,39.01082627203202],[8.378047668379757,39.010826526029334],[8.378192034553422,39.01086745682962],[8.378236915277858,39.01087371733659],[8.378273858014225,39.01088112320299],[8.37845196169718,39.010986376301716],[8.378575769504078,39.0110268835054],[8.378654948583684,39.011052788093934],[8.378826751652168,39.011104154157294],[8.37888565401145,39.01112181708852],[8.379071109330864,39.011176654511964],[8.379151935090226,39.01117952221119],[8.37936987369427,39.011187255512084],[8.37952982828172,39.01133115869778],[8.379630587539518,39.0114218059293],[8.379730136611316,39.011523690849806],[8.379796454620996,39.011586200181334],[8.379819522204597,39.01160979165507],[8.380106984679609,39.01159217150211],[8.380088959071289,39.011499469125994],[8.38008340203964,39.01146800843157],[8.380077433370433,39.011428794090364],[8.380071261486897,39.01137435780205],[8.380071941607369,39.01133852465985],[8.380190544329588,39.011314964193744],[8.38026397660744,39.0113046480636],[8.380308874257645,39.01132318386149],[8.380455337896493,39.01138000709854],[8.380609164460234,39.011455165643035],[8.3807866517419,39.011522393533355],[8.38093230631409,39.011485040930516],[8.38099255859176,39.01136370995095],[8.380715043877855,39.01133038244094],[8.380671560773422,39.01130631150145],[8.380548543817214,39.01122010125815],[8.380524855096557,39.011186271674205],[8.380503683992783,39.011151156035],[8.380485433265198,39.011120485820314],[8.380460702586207,39.01107873612697],[8.380422342146014,39.01102501741819],[8.380444854923937,39.010985643462014],[8.380498936279878,39.01088656833231],[8.380519167507561,39.01084868802167],[8.380620692367394,39.01089267742346],[8.380860023745393,39.01096315316583],[8.380923702303898,39.010981496434624],[8.381033363653113,39.01082325718047],[8.380938973584172,39.0107202545049],[8.380616808949217,39.010578871357254],[8.380522419809118,39.01047586834791],[8.380582583483003,39.010364674722815],[8.380727117467574,39.0103462931635],[8.380976872018568,39.01034761864487],[8.38097759857169,39.01026426951583],[8.380787525089225,39.0102069406274],[8.38057282212923,39.01015961919736],[8.380334942018136,39.01012118459782],[8.380383643576355,39.00999979255142],[8.380300806066215,39.009896850707406],[8.380206016387756,39.00984002786685],[8.380107136559014,39.00978312824769],[8.38007846955508,39.00976383065995],[8.380043131201932,39.009738332129004],[8.380046539775382,39.00968419724704],[8.380051344109615,39.009643892109565],[8.380057838118553,39.00959631757865],[8.380081538262404,39.00956034902846],[8.380184639465734,39.00947721493014],[8.38012691415441,39.00930907583892],[8.38003197551651,39.00921213495799],[8.380212523976835,39.00909438931119],[8.380344544135037,39.00902074793437],[8.380389956467589,39.00885251872756],[8.38040933429938,39.00882952134687],[8.380549738343113,39.008668149440524],[8.38068932047901,39.00848268236423],[8.380707139970728,39.00845704628062],[8.380737489678532,39.008416841561164],[8.380765193861759,39.008378959404446],[8.380792309151044,39.008333772312504],[8.38085666516476,39.008430330415955],[8.380888437420849,39.00846646916907],[8.380936861229648,39.00846560243127],[8.380981728539375,39.00846543860261],[8.380949566072289,39.0083109532708],[8.38093579785659,39.00826920235482],[8.381062832281101,39.008243111205886],[8.381126430924441,39.00821627702097],[8.381185575358822,39.0081916350377],[8.381294955153368,39.00814044561731],[8.381488775239106,39.00809853480155],[8.3816305238083,39.00806788295724],[8.381857093796219,39.00807809487749],[8.382024152513306,39.00812516248446],[8.382065881611709,39.00814105585524],[8.38219810601102,39.008191414336274],[8.382273086164028,39.00821997147845],[8.382477126243813,39.0083746364427],[8.382510185621484,39.00839978606148],[8.382547994562403,39.00842649361909],[8.382581439149575,39.00845476764901],[8.382680096252132,39.00845426424566],[8.382741995313387,39.0084558911814],[8.382800233122497,39.008454063632506],[8.382861020177867,39.00845247482052],[8.38317918115899,39.00844891827589],[8.383218089238028,39.00845721787165],[8.383357869041204,39.00848703422446],[8.383477289457982,39.00853384704546],[8.383630946960755,39.008628149612804],[8.38365818937024,39.0086496952196],[8.38370541779655,39.00868370801129],[8.383750848457238,39.00867613795819],[8.383805743987569,39.00866086010715],[8.38385759725137,39.00862934684224],[8.383984416684845,39.00862572990116],[8.384042403887461,39.00862298036216],[8.38408302686479,39.00861108733834],[8.384118443646242,39.00859808006167],[8.384150862500254,39.00858635997329],[8.384186304290285,39.008573396061834],[8.384252432152389,39.00854807839827],[8.384322757488528,39.008540437659576],[8.384369082966664,39.0085331487322],[8.384479327416884,39.00852111650439],[8.384546870759507,39.00846705309295],[8.384585195400433,39.00844247256569],[8.384625726215331,39.00845732150788],[8.38465856217979,39.00847609028805],[8.384692818539419,39.00850195118325],[8.384726465819215,39.00855772435368],[8.384751575805383,39.008615741345345],[8.384790440771955,39.00865638151133],[8.384860036271112,39.008737139516064],[8.384953391897513,39.00873763171639],[8.385147476278247,39.008720632281936],[8.385350209437455,39.00864953588816],[8.385527208070709,39.00854923335488],[8.385602639923244,39.00850788878553],[8.3857352964564,39.008359902841704],[8.385740938395244,39.00820835094842],[8.385530715795737,39.00814395619599],[8.385454401437125,39.008120753998874],[8.385391485741778,39.008050586390944],[8.385249697924626,39.00791917732793],[8.385202790469062,39.00783445070999],[8.38511190246959,39.00775625070746],[8.385072386666616,39.00772225029611],[8.38494045913923,39.00771149110186],[8.38479737783626,39.00763744740594],[8.384619589165624,39.007495710086765],[8.384538447218725,39.007294021494765],[8.38444429057912,39.00706675516335],[8.384385236923755,39.00705104967238],[8.384301696024156,39.00702883136394],[8.384386069574898,39.00695498887168],[8.38448207948121,39.006870961932776],[8.384504629486644,39.00685193202239],[8.384602786215025,39.00676909677995],[8.384795195263695,39.00655609645424],[8.384812801011208,39.00641837231765],[8.384761202880998,39.006313741978936],[8.38458268558636,39.00625648019753],[8.384464311613145,39.006255855715025],[8.384391424750001,39.00633716522349],[8.384332044150261,39.006403080873575],[8.384069968345381,39.00628193460765],[8.383855284728375,39.00623349201089],[8.383844859652708,39.0061039013052],[8.38400045644067,39.00597406180207],[8.383893552376822,39.005982508540505],[8.38381696866822,39.00599068188276],[8.38364212508726,39.0060093397274],[8.383342413561424,39.00611025788441],[8.383238242128128,39.00613661928933],[8.38301976994932,39.00619190691747],[8.382815579042475,39.00626516870728],[8.382659985527587,39.00622821853824],[8.382577867338627,39.00620871710492],[8.382398705680922,39.00622579128656],[8.382361802754273,39.0063190866151],[8.382480582669944,39.00638673645839],[8.382444315972801,39.00645919669202],[8.382204268745628,39.006505234789394],[8.382190945815372,39.00638914546082],[8.382182797536393,39.00631813881736],[8.382068228842732,39.00631753205432],[8.381811629228165,39.00633532065631],[8.38182551374241,39.006232892302926],[8.381969487307753,39.00611200427152],[8.38208403221663,39.0060549057418],[8.382208726567063,39.00599274786732],[8.3825196451626,39.0059313161067],[8.382662706068563,39.005915223078894],[8.382795633214695,39.005902362663804],[8.382930025144255,39.00594249772776],[8.383175769497369,39.00601588715428],[8.38323950281062,39.005991443192855],[8.38336117422382,39.00594477734426],[8.383416216523942,39.00592366656377],[8.383832160201695,39.005889949786564],[8.383818070045995,39.00586373106306],[8.383696283761887,39.005757313860926],[8.383502045704986,39.00568194490195],[8.383525954528842,39.00558858053695],[8.383350960599278,39.00549416502911],[8.383300360396042,39.005466863852234],[8.383444085466516,39.00537413278303],[8.383433583025578,39.00525355285472],[8.383244858425881,39.00513090449667],[8.383029398777245,39.0050835835855],[8.383005032939936,39.005041777746776],[8.382958276820688,39.00496155661791],[8.382743509871782,39.004923249181516],[8.382842087510065,39.00470975554013],[8.38299720359935,39.00463510774375],[8.383157744673278,39.00459202686232],[8.383239533744987,39.00457541810786],[8.383499573007194,39.00446993000177],[8.383620923266836,39.00429372737982],[8.383669511215446,39.004138653700146],[8.383837279567665,39.00401552444929],[8.383935124317604,39.00385271330204],[8.383936493151694,39.00369502469802],[8.38393762635437,39.00356436947336],[8.38397590192515,39.00331225859265],[8.383916589286939,39.003244361983],[8.383856422112299,39.00319164747729],[8.383773498717764,39.00318052759351],[8.383644286305511,39.00325168537556],[8.383592878819613,39.00336655493318],[8.383438098542937,39.003402908443405],[8.38325058804018,39.00337375722409],[8.383044504530096,39.00334450839089],[8.382853713822247,39.00337165855068],[8.38268512436033,39.00333583546109],[8.382494922089219,39.00329541824981],[8.382498059658493,39.00323686178219],[8.382510430351992,39.003006016873684],[8.382680318045603,39.00291455066605],[8.38296547685982,39.00280341950725],[8.383155697540255,39.00284159675519],[8.383264339097396,39.00278120734002],[8.383335583854272,39.00274004570298],[8.3834921288546,39.002666531168],[8.383634870614763,39.002686434250165],[8.383760887716385,39.00279298113759],[8.383801106934262,39.00282698482625],[8.383844429423085,39.00282516537317],[8.38399287652427,39.00280633538431],[8.384004497819285,39.00267824875053],[8.384030405179482,39.00252068966962],[8.384186304519782,39.00252151264975],[8.384415449102562,39.002588053426024],[8.384757525049926,39.00273854153836],[8.38499990586187,39.002797332811284],[8.385114785210153,39.002824905365046],[8.385167506062206,39.00280040228761],[8.385294512771965,39.00274137203408],[8.38557109157296,39.00274282893378],[8.385927862604674,39.00280680556926],[8.38595962840956,39.00275967093629],[8.385833195092784,39.00254821621752],[8.385642652223133,39.00254721301835],[8.385357245021044,39.00233169452747],[8.385059891647678,39.002162295000204],[8.38502478613889,39.00207450984943],[8.38500190997418,39.002011487171764],[8.384980330502055,39.0019641004279],[8.384955335165133,39.00190041956165],[8.385035853026421,39.001724225389246],[8.385057950097341,39.0016842030688],[8.385072025208832,39.001644348425366],[8.385138159684143,39.00145870937051],[8.385025923904646,39.00144391700584],[8.384984858283016,39.001436467214155],[8.38492170830376,39.00142769527875],[8.384855448992983,39.00141831217315],[8.384800858722802,39.00141155155676],[8.384661818995657,39.001288365406644],[8.384639445054535,39.0012048933758],[8.384495984660111,39.001101634608666],[8.384406190191486,39.001007862020614],[8.384378673483754,39.00097936474647],[8.38420969733643,39.00078288391049],[8.38414087187099,39.00078464818577],[8.384087698570706,39.000793538240025],[8.38394988390335,39.000819406423574],[8.383901919406489,39.000781233825954],[8.383819416670748,39.00071621542855],[8.383855693806165,39.00065815381069],[8.383869432922339,39.00062606793038],[8.383890610212433,39.00058893808303],[8.383921307539104,39.00055305699778],[8.383942763780215,39.00053009699681],[8.383994212449274,39.000475292807856],[8.384017088797854,39.000450102798034],[8.384040334553282,39.00042412805197],[8.384072441330455,39.000383637904726],[8.384092184959316,39.000355603612135],[8.38420630149015,39.00021475822747],[8.38421270058499,39.00010416271801],[8.384217284742752,39.00006598733289],[8.384219714099938,38.999999687283875],[8.38424221495273,38.999970626716696],[8.38426073993558,38.99994460448103],[8.38427698081564,38.99992002910925],[8.384295668705505,38.999894927775856],[8.384324468194912,38.99985730820621],[8.384344012660737,38.99982890696017],[8.384364305314575,38.9998055838924],[8.384460872205338,38.99965628229792],[8.384473624924711,38.999561918902955],[8.384481401332346,38.999519820626794],[8.384492076947089,38.99943859818701],[8.384500851141356,38.999393562098575],[8.384504940246483,38.999366117383886],[8.384564745876197,38.999334413196415],[8.384606089168935,38.999315395858204],[8.384643155323245,38.99930527257766],[8.384751504318938,38.99926695593758],[8.384947244475711,38.99941292940159],[8.384930797376914,38.99920433410851],[8.384897028784971,38.998964722681606],[8.385032852706516,38.99894918688057],[8.385167909241716,38.99893397939241],[8.385211565060933,38.99892058622989],[8.385251767878694,38.99888878740192],[8.385277929271133,38.99886953753872],[8.385302909180833,38.99885243423249],[8.385332225115132,38.99883122571072],[8.385375708192674,38.99880054709755],[8.38540937466492,38.998782227952894],[8.385460460195052,38.99874416047974],[8.38556808801809,38.99865061472922],[8.38561283480883,38.99865085036881],[8.385807697561864,38.99865187632896],[8.386082747105712,38.99868105964965],[8.386108488238325,38.998661630766826],[8.38622549195438,38.998579733019675],[8.386154206553043,38.998476855916664],[8.386023331513321,38.998420973368766],[8.385852757336847,38.99847390523087],[8.385675830898645,38.998513682113874],[8.385617406829274,38.998456007954864],[8.385534353296176,38.998450392715064],[8.385438509006587,38.9984449281156],[8.385475559563663,38.99833360994223],[8.385498160827328,38.998296557572196],[8.38556048577807,38.998194383733065],[8.385617159649282,38.998150752332286],[8.385644769963786,38.9981294968996],[8.38570117475551,38.99810655567541],[8.385751762837188,38.998083875765445],[8.385824396170625,38.99805609977474],[8.385825009242998,38.99801991381656],[8.385825525673827,38.9979254443771],[8.385961231852983,38.99792100692622],[8.386017918400928,38.99791821348543],[8.386083571803304,38.99791623766133],[8.386135254046971,38.99792393396234],[8.386188002964879,38.997936083805975],[8.386220069820414,38.99794471947468],[8.38628066240528,38.9979631228958],[8.386390441908457,38.998033870013124],[8.386504413824412,38.99804052942363],[8.386457422541284,38.99796593949824],[8.386411316578457,38.99778885302149],[8.38637787656781,38.99772916053986],[8.386353022514163,38.99768604434826],[8.38648746062174,38.99763221795237],[8.386485208855278,38.99758995144894],[8.386482773933748,38.99755712687336],[8.386442592558057,38.9975396599306],[8.386404870739119,38.99752221221681],[8.38636714551351,38.997504759967285],[8.386323537973745,38.99748688748016],[8.386284219724986,38.99747431813272],[8.38623139990597,38.99745076331855],[8.386198159162385,38.99743527472768],[8.38610429330091,38.99740413721448],[8.386105732621772,38.99723756367413],[8.386133652697696,38.996928199268574],[8.38618015551909,38.99677050008565],[8.38618826845253,38.99673754716141],[8.386210766108794,38.996699151418966],[8.386228700267024,38.99667303022451],[8.38627868330465,38.99659980637698],[8.386468734807995,38.996655998937946],[8.386466448422695,38.99678142446627],[8.386467531926563,38.99682872572767],[8.386468021466683,38.99688115577412],[8.386481099944884,38.996910506613965],[8.38650224253158,38.99695467110141],[8.386633603736273,38.99660927103928],[8.386648788965855,38.99657449984347],[8.386661148766299,38.996541029435804],[8.386674744936482,38.99650051331845],[8.38671058358618,38.99639707318462],[8.386787968679856,38.99638445415635],[8.386889806953677,38.99636985494332],[8.386897193729226,38.99633844177849],[8.386939373178098,38.996145962242736],[8.387057409698274,38.99618375382053],[8.38710535805577,38.996314667091085],[8.387103173648834,38.996408859269586],[8.387103629632572,38.996446225028436],[8.387107176165587,38.996483145645506],[8.387188069235469,38.996478052956384],[8.387258430812096,38.99647429353783],[8.387240720622954,38.996206705945376],[8.387237910654013,38.99617569066953],[8.387309276918383,38.99610172260067],[8.387278661631184,38.996053127234795],[8.387215296401529,38.995952545145],[8.387168732828794,38.99579269142883],[8.38715713350008,38.99576280685313],[8.387148211629992,38.99573243801738],[8.387136987415127,38.99569146525773],[8.387135346595636,38.99563429013553],[8.387135514953886,38.995596163496614],[8.387135777294148,38.99556869496311],[8.387136906813815,38.995528513399414],[8.387135680901471,38.995476786858],[8.387245380652644,38.995309530187356],[8.387377047935594,38.995264944540786],[8.387424518610995,38.99524834633719],[8.387490267436661,38.99522630394918],[8.387543597621278,38.99520859382982],[8.38755454111878,38.99525000032432],[8.387567338902253,38.99530108292518],[8.387613972932474,38.99531349199227],[8.387669482965252,38.995330393777174],[8.387745830103178,38.9953583391377],[8.387803702691333,38.99534269018097],[8.387952242534356,38.99530137068334],[8.387984032542374,38.99528921454664],[8.388045334742714,38.995275430766824],[8.388068748897712,38.9952383821366],[8.387952437867119,38.99508203772571],[8.387947003252371,38.9950470914989],[8.387941465504055,38.995005887313944],[8.387928504678287,38.99493014008571],[8.387929589136618,38.994861623275995],[8.387924659936692,38.99482859909599],[8.387884930388909,38.994797961458815],[8.387834689344317,38.994761815045266],[8.387714968733457,38.994752175590946],[8.387537207947533,38.99478210347079],[8.387451880281239,38.9947969764739],[8.387467060309598,38.99470243887049],[8.387490012027872,38.994559507455726],[8.38765912019322,38.99436552754628],[8.387854630938882,38.994345067914466],[8.387910191018229,38.99433315725274],[8.387950288185873,38.99429467956314],[8.387978287708624,38.994262435469686],[8.388007693887431,38.99422802162752],[8.38803003376694,38.994202909983024],[8.38808980207522,38.99413462344726],[8.388026587562925,38.99408792988147],[8.387991279712903,38.99405958810878],[8.387962155661286,38.994039806116646],[8.38792486541953,38.99401210724119],[8.387937935489052,38.99383533075952],[8.38796118869481,38.99379573651692],[8.387991481926015,38.993746393870794],[8.388004466223657,38.99372233433137],[8.388020273296922,38.99369417956091],[8.388035431482441,38.99365984777133],[8.388045337227666,38.993627075314194],[8.388052830301707,38.99359663312945],[8.38806045976216,38.993560811937755],[8.388067494102806,38.99351364335006],[8.388007381311459,38.993507757304435],[8.387963840326497,38.99351403144172],[8.387927789285778,38.99351932027384],[8.387877084070324,38.9935258974217],[8.387840393106561,38.9935289300548],[8.387797616892934,38.9935360993559],[8.38781148882926,38.99349425717045],[8.38782371441239,38.993454390624294],[8.387841544056649,38.99340015889341],[8.387854998476932,38.99335771706464],[8.387870857185286,38.993302789230995],[8.387886467252635,38.99325205753482],[8.387896181217718,38.99322573163812],[8.387907344922045,38.993195317728386],[8.387950925887173,38.99308128807975],[8.388151193925696,38.99309931475016],[8.388170836448701,38.993054836346516],[8.388193634269852,38.99299982319991],[8.388207257759849,38.99296748473693],[8.388224320526273,38.992927438050884],[8.388256679688556,38.99285816243838],[8.38816128656809,38.99285801098988],[8.388119331555027,38.99285796669786],[8.38806773127246,38.99285885403281],[8.387987745623626,38.99285654394945],[8.387910284469358,38.99285634577719],[8.387911322614853,38.99273582652033],[8.387924314817056,38.99256806175441],[8.38797523330099,38.992521493727494],[8.38805045223842,38.99245270430238],[8.38811780675391,38.99239110602344],[8.388225969918452,38.99223397703281],[8.388399495460465,38.99219895613645],[8.388451337946027,38.99218570196675],[8.388407419559414,38.99199496829703],[8.388557329093887,38.99190405357569],[8.388622009072133,38.99187525459036],[8.388696955674911,38.9918795797878],[8.388750951008975,38.99188731047445],[8.388790618084073,38.99189150575564],[8.388829132578392,38.991895858089926],[8.388871901502045,38.99189974788905],[8.388921670356638,38.99190174141748],[8.388970390244078,38.99190325634015],[8.389097918081065,38.9919112484666],[8.389194832367089,38.99202391091071],[8.389340379864835,38.99208534557452],[8.389369807036127,38.992099367914754],[8.38940085068911,38.99211313467692],[8.389443899773662,38.992133489307875],[8.389638255040628,38.992234007615906],[8.389684305914871,38.992261286795085],[8.38974747184894,38.992290584783454],[8.389791920296757,38.992288523882785],[8.389925352388449,38.99225582679654],[8.389979618220382,38.99224178171458],[8.390022115303076,38.992229214206304],[8.390156462157243,38.99219458061122],[8.390215314963646,38.99218504249659],[8.390318226541503,38.99216259345732],[8.390385675374114,38.99214815569355],[8.39043209309232,38.99213848581549],[8.390465821526794,38.99213126737704],[8.390508879867893,38.992122443197715],[8.390566374358102,38.992109571753346],[8.390623520963754,38.99209525395833],[8.39067238195284,38.99208450818429],[8.390726219024364,38.992072762892306],[8.390767704243883,38.99206088189265],[8.390807610611375,38.99204877366115],[8.390889316965199,38.99203237620247],[8.390936866861155,38.992009420421375],[8.391000336304295,38.991985553770704],[8.391250123767344,38.99186231349461],[8.391268898627311,38.991711541280026],[8.391274885913402,38.99166757592587],[8.391143546356965,38.99166689064353],[8.39105315151779,38.9916184609684],[8.391025755225584,38.991600946071756],[8.391090197871543,38.99149997687217],[8.391140310515521,38.99151721019504],[8.391196353961895,38.99153414192633],[8.391248942303806,38.99154868113664],[8.391294768253756,38.991560181590714],[8.391314167472164,38.99152711143182],[8.391333200561444,38.99148987074912],[8.39135651566135,38.99145635422663],[8.391375469864096,38.991427375552405],[8.391395426701232,38.991395251766974],[8.391423762279214,38.991348123770926],[8.391420967729347,38.991310260085754],[8.391398749890328,38.99119288152606],[8.39129857083917,38.99117300906282],[8.391195575710588,38.99115352372248],[8.39118509327846,38.99111742487333],[8.391160525930914,38.99103281608358],[8.39118933154407,38.99096357605113],[8.391231142271723,38.99086279775635],[8.391245004662387,38.990829858215896],[8.391310158162781,38.990676784049285],[8.391351512803949,38.990648764782826],[8.391394710257334,38.99061832117103],[8.391456009884358,38.990574085596975],[8.391608482734853,38.99046632200839],[8.391774217810188,38.99049534536369],[8.391923203790585,38.99062065847825],[8.39195191018542,38.990644956465026],[8.391993860886888,38.99063347664837],[8.39203068286081,38.99062681274689],[8.392122810053293,38.9906048069352],[8.392297908322115,38.99056193509046],[8.39224087457953,38.990441457489666],[8.392409969540434,38.99024634491899],[8.392576920841702,38.99032515350116],[8.39261103685681,38.990319610748145],[8.392643483445683,38.990313905202655],[8.392698654518064,38.99030408533573],[8.392736860305277,38.990296522780646],[8.392788604014761,38.99028524773649],[8.39282930968461,38.99027741070116],[8.39287479596326,38.99026886591076],[8.392912403050568,38.99026001517633],[8.392961388201183,38.99024738752956],[8.393006919626663,38.99023598635113],[8.39305282507168,38.99022364812653],[8.393089233170638,38.99021457302539],[8.393122669332255,38.99020655659818],[8.39316022453254,38.99019620243455],[8.393203671740569,38.990186014970355],[8.393231955340047,38.99015613651709],[8.393272282985468,38.99010370691287],[8.39332629474659,38.99002339189208],[8.39334968320659,38.98998801271168],[8.393541122638178,38.98975933683969],[8.393563067908078,38.98973271357024],[8.393587053581822,38.98971162300519],[8.393641791277732,38.9896814782282],[8.393746443012388,38.98962246476053],[8.393775724483726,38.989605769433055],[8.394099451688295,38.98947678845441],[8.394149943172412,38.98945478559528],[8.394215495683293,38.98942509860291],[8.394340117684603,38.98937297646532],[8.394447618962083,38.989359390338656],[8.394519580658434,38.989347876118494],[8.394571426911044,38.98933800386563],[8.394673764799338,38.98932207394174],[8.394627328181834,38.98918215927467],[8.394235249733889,38.989173935477226],[8.394189724497648,38.98917049110784],[8.394138154665821,38.98916948261979],[8.39412760495166,38.98912948539565],[8.394119808486423,38.98910202001919],[8.394110655952767,38.989066623992514],[8.394100075016015,38.989028396416195],[8.394085347318684,38.98900281264243],[8.394038873812972,38.988999010949556],[8.393829366738125,38.9889910345185],[8.39384247960594,38.988878462689804],[8.393854282880614,38.9887771481397],[8.3940093789196,38.98872783396442],[8.39404828328938,38.98871568426305],[8.394142283625332,38.98868515199603],[8.394141318785366,38.988630381001016],[8.394139847683684,38.98853165311091],[8.394141794798262,38.98849029789247],[8.394132605628839,38.988429409694994],[8.394106872650703,38.98825991557963],[8.394101268586123,38.98822098032434],[8.394492709789908,38.98821163107876],[8.394451901902315,38.98815397606618],[8.394427976965266,38.98811911255498],[8.39439720432674,38.988071461650506],[8.394031530558628,38.98794527973541],[8.394029599757237,38.98789425600904],[8.394030477386211,38.98785050274178],[8.394029432815792,38.98758557679115],[8.394027582003616,38.98754765225961],[8.394462818844824,38.98748494772303],[8.394452842942751,38.98741690951953],[8.39445157699955,38.987382137467414],[8.394449860742105,38.98735332944043],[8.394446671779791,38.98731916648229],[8.394440348589722,38.987242655911835],[8.393884341567407,38.98724879562502],[8.393849658081395,38.98724687087304],[8.393777465856141,38.98724815299641],[8.393677892755651,38.98712155082702],[8.393706626788772,38.987075517371046],[8.393792500606251,38.986938787668954],[8.393808162848714,38.986908211792546],[8.393903857458902,38.98686476543979],[8.394026960095555,38.98680684596823],[8.394422698698461,38.98660389585771],[8.394424128642505,38.98643606923874],[8.394328472080876,38.98631392147935],[8.394002017323304,38.98634475358208],[8.393958699126086,38.98634917301069],[8.39399596990786,38.98620969276577],[8.394116822030522,38.986155580478695],[8.39414758850706,38.986142071030564],[8.394186295353487,38.98612461441099],[8.394256103651552,38.986086444626956],[8.394157238468324,38.985938240190045],[8.394175523626638,38.985896145249555],[8.394197930306795,38.98583174357187],[8.394214661201794,38.9857816700839],[8.393750728311026,38.98582887845284],[8.393688865811734,38.98583525870521],[8.393686893929061,38.98573142507837],[8.393686323368064,38.98569300795798],[8.393680725243764,38.98538611077164],[8.393692833893999,38.98526072414594],[8.393713126290848,38.98523035075454],[8.39376553831771,38.9851372897045],[8.39367140465103,38.98500613802548],[8.393685506563822,38.98487554872767],[8.39374715992953,38.984822928736236],[8.393814895955854,38.984765116475536],[8.393913753841494,38.984680741094515],[8.393816322624533,38.98459796654515],[8.393759007745224,38.984549274628904],[8.393828345541142,38.98442910995281],[8.393940544964336,38.98437523222311],[8.394115613609495,38.984285546533805],[8.3939597072022,38.98415670469335],[8.393905615609615,38.984111866588286],[8.39402622474539,38.983918451396534],[8.393884830279344,38.98384142305406],[8.393823423857937,38.98376514892388],[8.393696326030607,38.98360727876838],[8.39378488580095,38.98354702812194],[8.39392424148334,38.983450766361514],[8.394210220563599,38.98342409206377],[8.394355529867454,38.983334426308936],[8.394404633909074,38.98330372833091],[8.394491683810658,38.98324983397102],[8.39447166891742,38.9830983812028],[8.394422552569683,38.98310235530296],[8.394348488776297,38.98310698207657],[8.394287360770806,38.98311375935992],[8.394239072013413,38.983116131869146],[8.393974573079795,38.98313338297178],[8.394022905833602,38.983050280571014],[8.394073267514669,38.9830223818568],[8.394323061501659,38.98288400571192],[8.394409517823826,38.98273046702471],[8.394443221038284,38.9826706124064],[8.394588351265217,38.982585488902146],[8.394616145340368,38.98257131418277],[8.39464992585916,38.982553192935114],[8.394708535832558,38.98253035150923],[8.39485531983846,38.98247385336462],[8.394938131115412,38.98244438337588],[8.39500785052916,38.982290565500996],[8.394956863685206,38.98218963614212],[8.394941356764605,38.98214870490477],[8.394882963964479,38.98214947084433],[8.394808378596858,38.982149574250094],[8.394756322330915,38.98214934209976],[8.394702049169624,38.98214885962754],[8.394651149691244,38.98214904164188],[8.394676043668282,38.982121003328245],[8.394695792927301,38.982096905086536],[8.394723096862247,38.982065964115144],[8.394744917474414,38.98204252722355],[8.394843537918248,38.98192701219652],[8.394994140125362,38.98186667413837],[8.39514329397434,38.98180691591229],[8.39513652751774,38.98167621818497],[8.39513447772507,38.98164466177277],[8.395130548292057,38.98161474107667],[8.395099796042054,38.98158368649107],[8.395067089365712,38.98155179813418],[8.395043229539247,38.98152971845451],[8.395014551157555,38.98150324602021],[8.395103458339124,38.98125994099682],[8.39502502641047,38.981280737031234],[8.394976287123987,38.981294413066195],[8.394940340875173,38.981302422440265],[8.39487189205774,38.98131290986722],[8.394799515505289,38.98132109342453],[8.394717260937067,38.98133387101315],[8.3946471055681,38.981268175303015],[8.394693574701776,38.981223360865435],[8.394791159815265,38.981129249493065],[8.395005905719753,38.980981677854395],[8.395115343780772,38.980851582534505],[8.395184568552368,38.98077534637016],[8.395284331096713,38.98066547611833],[8.395213443017402,38.980516423492446],[8.395222350231192,38.98046904508481],[8.395231319949797,38.98041961062556],[8.395240210613832,38.98036928904536],[8.395257595083248,38.98031190068106],[8.395310861172163,38.98028212679923],[8.395368128477095,38.9802510273399],[8.395412966894284,38.980227458165054],[8.395449728778436,38.980208045486044],[8.395488608807629,38.98018568806791],[8.395538343606889,38.98016114576008],[8.395581601725425,38.98013984548468],[8.395637557459985,38.98011958868195],[8.395838955981038,38.98004224335611],[8.395899327724017,38.98001979251547],[8.395947263588413,38.980003261661416],[8.395959994844876,38.979783624382655],[8.395958000056034,38.97972775671839],[8.395951657548975,38.9794062373468],[8.396013349868793,38.97913071047534],[8.39603359442319,38.97909082948895],[8.396055928373807,38.97904322672979],[8.39607739195411,38.9790000917617],[8.396096546611282,38.978962791361134],[8.396135023962456,38.97888566195183],[8.396174365320011,38.97884122813707],[8.396315701258093,38.978681591884325],[8.396338905012055,38.978528521884265],[8.396353919560005,38.978429476322184],[8.396396902607563,38.97840452293896],[8.396437808629411,38.978379987733874],[8.396484342507913,38.97835207625653],[8.396544648508355,38.978315686976025],[8.39657543871783,38.978297565005924],[8.396604878920373,38.97827921887489],[8.396713605308884,38.978217320211606],[8.396666858016232,38.97816728215706],[8.396644004640496,38.97814326516434],[8.39660776841575,38.97810525923413],[8.396315499752134,38.978163383376234],[8.396250482714736,38.97815908113483],[8.396198266784927,38.97815583453465],[8.396159421472081,38.97815197044084],[8.396111636726687,38.978144611453],[8.396068613741459,38.97813880179957],[8.39605916485792,38.9779627471705],[8.396180360351902,38.97779554006269],[8.396226152754672,38.97763902928895],[8.396256106328991,38.97752988998051],[8.396265325939915,38.97749562450441],[8.396565790501318,38.97727037807972],[8.396581380046872,38.97721818061477],[8.396593103885824,38.97717815452821],[8.396638394812008,38.977013377629056],[8.396618238400526,38.97688926637771],[8.396605659664882,38.97682340271628],[8.396520128082406,38.97683636740997],[8.396426490359834,38.97685063639962],[8.396372829035567,38.976691400618925],[8.396357523565921,38.976645274666154],[8.396486000508432,38.9765515261333],[8.396519980328417,38.97652585028335],[8.396562166763603,38.97649314119807],[8.396599600274941,38.97646655592259],[8.396626967391343,38.976449987799235],[8.39666339452064,38.97644200020278],[8.396714490044582,38.97643088491665],[8.39687184928189,38.97640463113133],[8.397422724024429,38.976277940667856],[8.397464201443066,38.97623156467618],[8.397487676476542,38.976204116748626],[8.397470870334303,38.97617643199988],[8.397411321724404,38.97609089934583],[8.39712465907807,38.97618288649078],[8.39709012240005,38.97619054968059],[8.396966504186231,38.976124302433256],[8.396971117255879,38.97592980318142],[8.397476270244569,38.97557872213287],[8.397620937143836,38.97536545266726],[8.397860923948794,38.975142537199986],[8.398064533096711,38.975125565064324],[8.398481473060697,38.97513672629321],[8.398649722246487,38.97503509090902],[8.39891376018064,38.974868617762056],[8.39898937722754,38.974889780968695],[8.399042015136896,38.974906482346604],[8.399100798585465,38.97492476168419],[8.399139460638857,38.974957636606625],[8.399178156129336,38.97499188681142],[8.399258336483697,38.97507539723171],[8.399601563649016,38.975214147009794],[8.399657745078864,38.97523861875551],[8.39971533834108,38.975269799433974],[8.399864945514661,38.9753533601712],[8.400000288951077,38.97536303769538],[8.40005073917266,38.97537009970677],[8.400091889253492,38.97537402121058],[8.400145570384195,38.975378389194326],[8.40018339017003,38.97538324153455],[8.400230890815296,38.975377169669315],[8.400396010897005,38.975345742478375],[8.40047551313911,38.97532807160264],[8.400785138175813,38.97523643830944],[8.400900106725162,38.97514229470318],[8.400965318343651,38.97508867797354],[8.401021409251902,38.97506144991715],[8.40128843576048,38.97493151309417],[8.401326739664716,38.97483209428044],[8.401343138536241,38.974791472600316],[8.40137400431082,38.97470892529985],[8.40140485140417,38.974644358126284],[8.401473853511554,38.974499925816524],[8.401507673467279,38.974429136243764],[8.401565814830336,38.974330332724215],[8.401579261961533,38.974301191576366],[8.401616015158883,38.97424383572809],[8.40161263681466,38.974180386108294],[8.401605960880618,38.974066938438426],[8.4016693321624,38.97405212711073],[8.401815305337905,38.97401365741944],[8.401864543225612,38.97400569330822],[8.401916428518204,38.974040370669925],[8.401956999171004,38.97405971317686],[8.401988427808636,38.97407743995474],[8.402069533792092,38.97411663115816],[8.402198837952682,38.97405308185135],[8.402239526451606,38.97403671941437],[8.402279026099011,38.9740085217482],[8.402308555538468,38.97398960960473],[8.402347284839355,38.97396529363945],[8.402502304455707,38.97386652618749],[8.402521025917721,38.9738998574984],[8.40263165264509,38.97410035383334],[8.40272739370496,38.97421235776013],[8.402881087441337,38.974296498770634],[8.402945000950556,38.974299182248444],[8.40302661411385,38.97430349446652],[8.403067167144203,38.97429515019883],[8.403104878033647,38.97428350135603],[8.403148528675358,38.974268377487626],[8.403240743648597,38.97423283546278],[8.403270691933471,38.974221769549395],[8.403301428853824,38.97420889368735],[8.403480337178694,38.974076535834875],[8.403515918932166,38.97405982153961],[8.40365173394475,38.97399652107052],[8.403696111863477,38.9739655318228],[8.40371780861918,38.973923723950264],[8.403756611142235,38.973825633321475],[8.403729325059821,38.97369450301745],[8.403720478641459,38.97363258085708],[8.403720184319672,38.97360228878611],[8.4037165879211,38.973558013235944],[8.403713711429624,38.97351530482362],[8.40373173569103,38.973489627321385],[8.403753090294709,38.97346327206158],[8.403867487356676,38.97333734062663],[8.403904805963434,38.97318884668561],[8.403738995906625,38.97300101700211],[8.403706245214762,38.97277669546745],[8.40355892998698,38.972692214160794],[8.403408970229618,38.972607341574836],[8.403166972830316,38.97252275055541],[8.403279923268844,38.97239581833038],[8.403309882446882,38.972355983892044],[8.403336634220992,38.97232638970445],[8.403368555741134,38.972292063977186],[8.403579626032435,38.97221735250895],[8.403657929366368,38.97217392083117],[8.403744120529343,38.97212662751142],[8.403753301441625,38.97207264178057],[8.403775633089413,38.97193011605118],[8.403785199216957,38.971873411773245],[8.403793060961435,38.971825029730994],[8.403805544015489,38.97176531345801],[8.403812106957695,38.97171529193083],[8.403816379615188,38.97166554616258],[8.403818444142727,38.97162940968997],[8.403820257974896,38.971589303360595],[8.403823072840247,38.971527142486906],[8.403825451063312,38.97148745986772],[8.403834490421653,38.9714415286007],[8.403844103066884,38.97139743766504],[8.403851715928084,38.97136826733282],[8.403860353096336,38.97133643398705],[8.40386676287757,38.97130852900188],[8.403874693824456,38.9712744608495],[8.403881032532336,38.97124277706261],[8.403888581049204,38.9712008977638],[8.403899449857336,38.97115773689643],[8.403907422601431,38.97111936696028],[8.403914561171383,38.97108548940053],[8.403922364284577,38.971041326133374],[8.403921454085218,38.97101233483847],[8.403919793904786,38.97098619359102],[8.403917248165259,38.970957731015055],[8.403918862711969,38.97090751208259],[8.403887106422703,38.970862191545514],[8.403855789225796,38.97082343346858],[8.403829370942274,38.9707946146418],[8.403792946853027,38.970755040167134],[8.403743737431242,38.970726860926675],[8.403694604243801,38.970705013393996],[8.403653004227651,38.97068607804028],[8.403618691058757,38.970670657371755],[8.403560775301601,38.97063632299794],[8.403527194964708,38.97061377270328],[8.403449140731222,38.97057101070049],[8.403411459823282,38.97045479848986],[8.40336756217623,38.97031940546903],[8.403512708178425,38.97021764481902],[8.403644356273425,38.97018949770786],[8.403676994227396,38.970182207640455],[8.40373120281112,38.970170863659305],[8.403785875962903,38.97015890475233],[8.40384695510652,38.97014385162368],[8.403877334969774,38.97012473614972],[8.403927261690184,38.97008850261944],[8.403982250462544,38.97004272942568],[8.403991302134518,38.96996526675513],[8.40399252468755,38.96978192546748],[8.404052220047836,38.96971692993835],[8.404076660269741,38.96969055250895],[8.404103905588748,38.96965782922157],[8.404097686688859,38.969557181781305],[8.404092243883484,38.96941860612935],[8.404069433091745,38.96921348433443],[8.40397691268882,38.96910600352636],[8.403916531245555,38.969035858431184],[8.403761305105022,38.96896345443662],[8.403713875753674,38.96894133175802],[8.403572045826682,38.96882008171036],[8.403517445452183,38.968653094451234],[8.403466535696326,38.96849739105755],[8.403431948110978,38.968320368332456],[8.403671843439689,38.968275412403514],[8.40376672155094,38.96827124915656],[8.403875366715218,38.968266314502316],[8.403983768183968,38.96807200055333],[8.403997028707572,38.96786706291916],[8.403950982473436,38.96767984408755],[8.403898240403747,38.9675551466046],[8.40388203593695,38.96750795002869],[8.403852781985735,38.967473987474825],[8.403776170505145,38.96739885362748],[8.403628094707415,38.967344714043655],[8.403551456453837,38.967342465145414],[8.403502503888962,38.967343270165266],[8.403463572598993,38.96734521946196],[8.403409593990814,38.967346050115566],[8.403351668887302,38.96735292787854],[8.40329241856187,38.96736077746431],[8.403266862678718,38.96737917222981],[8.403248002639103,38.96740076059261],[8.403216996702794,38.9674386198302],[8.403166897156414,38.9674888891017],[8.403093977046803,38.96749403467056],[8.403021855434304,38.96749824980629],[8.402950811403612,38.9673672233499],[8.402933179874413,38.967298422849396],[8.402917281891394,38.96723638879226],[8.402877893525938,38.967093564440944],[8.40285749626596,38.96703042148998],[8.402824824272251,38.96696439158088],[8.402804093854021,38.966923065086206],[8.402788805607623,38.966900062991506],[8.402803434864065,38.96687356171448],[8.402814332638636,38.96684825516345],[8.402830205896214,38.96681120440578],[8.40284768322712,38.966775298179236],[8.40286636389616,38.96673863484951],[8.402886689767934,38.96670234128769],[8.40287432567831,38.966509638842204],[8.402762040773988,38.9663964238391],[8.402696914543014,38.96633075855952],[8.40262988520554,38.96623744672747],[8.402588161902145,38.966176776295114],[8.402531724373146,38.96618022075329],[8.402495421426508,38.966185535390984],[8.402387692236402,38.96621315581927],[8.402370838394718,38.96604324243841],[8.402387958664987,38.966000930112315],[8.402462887047363,38.96584971297455],[8.40272633205288,38.96574855885962],[8.402826671684753,38.96566982060973],[8.402958717491225,38.96549967338284],[8.40305111395149,38.965387518217604],[8.403124585377762,38.96522907151905],[8.402885483680553,38.96518053901899],[8.402886618353026,38.9650453761094],[8.402888925489572,38.964770545721166],[8.402878741950373,38.96460879199509],[8.402880429231756,38.964407799783615],[8.402930324446451,38.96436169638724],[8.402954567817112,38.964339071368016],[8.402978386858729,38.96431666765336],[8.403108744657617,38.96419382455252],[8.403130691906954,38.964145501014784],[8.40318224304811,38.964031997777504],[8.40322570025602,38.96401124618572],[8.403405260927462,38.96392574939483],[8.403433048978501,38.963905566436615],[8.403435319131605,38.96378998906821],[8.4035773125887,38.96374667024412],[8.403673992475946,38.963716865566596],[8.403672475038602,38.96365623872906],[8.40367398589747,38.96361714186817],[8.403674235973023,38.96358703635813],[8.403673498846265,38.96353081012483],[8.403671260566519,38.96350384946266],[8.403733042288144,38.9633540403061],[8.40374506861691,38.963325495344776],[8.403744266697407,38.963286906616986],[8.40373681762772,38.963241560588465],[8.403728328196797,38.963200944687586],[8.403726210493174,38.96316744693484],[8.403675814271748,38.963167596746494],[8.403511244969774,38.96316634841654],[8.403415874842667,38.96318388355047],[8.40344126084519,38.96308151055829],[8.403518068741079,38.963041232403356],[8.403596330375677,38.96299894940072],[8.403421242338132,38.96291671389985],[8.403407580055507,38.96289259106678],[8.403378884718107,38.96283452416867],[8.403366698140516,38.96280785597022],[8.403347223027009,38.96276270074866],[8.403325469243638,38.96272376789879],[8.40330369635584,38.96268876658223],[8.403288692348834,38.96266099990907],[8.403237681517417,38.96258311113415],[8.403183610253244,38.96249333698546],[8.403203936298357,38.96234362876851],[8.403208215091462,38.96231211105654],[8.40324008959168,38.962296062697995],[8.403430295835024,38.96220038341561],[8.403479686717857,38.96217592866429],[8.40355594521727,38.96213704351962],[8.403653959962787,38.962064777152385],[8.403685187802965,38.96204295632421],[8.403734485306298,38.9620052453456],[8.40376619711349,38.96198186170303],[8.403799402164442,38.961960578106975],[8.403871030605199,38.9619015964009],[8.403916200946762,38.96184715909024],[8.403939733549363,38.96182340200676],[8.404133224604216,38.961599318113436],[8.404111160421078,38.96147755362417],[8.404101678709583,38.96144709202692],[8.404029674460118,38.961215811233174],[8.404031231418578,38.961029962629496],[8.404135983398607,38.96099670507882],[8.404233753434085,38.96096566552184],[8.404403678961042,38.96100219962632],[8.404495848354461,38.961023322999054],[8.404537097309136,38.96099875235391],[8.404604595424852,38.96095854671209],[8.404712190479541,38.96094024480823],[8.404962925408709,38.960895043113595],[8.405183387693853,38.960922875591486],[8.40521511747403,38.9608878400095],[8.405236855757147,38.96085703567679],[8.405345193321995,38.960729156675434],[8.40556232964708,38.96064210965916],[8.405649791179043,38.96061043517466],[8.405696351967231,38.96062126598843],[8.405745242351344,38.96063757310749],[8.405793484563269,38.96064442854154],[8.405863035033212,38.96059702536573],[8.405896688310358,38.96057056554423],[8.405939912792656,38.96053960101487],[8.406078081112195,38.96042801152842],[8.40609250713508,38.960231989690335],[8.406092859060804,38.96018541018465],[8.40609457221799,38.960146104331336],[8.406100691296142,38.96009527469888],[8.406111065849192,38.9600476233849],[8.406124648063745,38.95998307955746],[8.406141193531406,38.959861372198255],[8.406147452410584,38.959785629683935],[8.406158002033559,38.959655879846416],[8.406167024435355,38.9595821555069],[8.40653821220737,38.95935988888289],[8.406735746202388,38.95921374557122],[8.406779164843043,38.959184267673955],[8.406875618083333,38.95903607295334],[8.406731284630373,38.9588707214752],[8.40668698519159,38.95881997071352],[8.406690517682929,38.95875690944046],[8.406700545836392,38.95857786225852],[8.406734373413594,38.958500312493804],[8.406797618239139,38.958355327347846],[8.406881306493906,38.95832356695742],[8.40691068169844,38.95831170054701],[8.406957059323066,38.95829187161613],[8.407043853095775,38.958259438423944],[8.407103123817107,38.95823377793189],[8.407502774385234,38.95810229582093],[8.407551890197098,38.958088464069704],[8.407786209152073,38.95800778907064],[8.407791232388824,38.95796642376325],[8.40779147290363,38.957934755599176],[8.40779163590111,38.95783419729829],[8.407791457210543,38.95780422293692],[8.408080157339898,38.95766234173204],[8.408248672094535,38.957608854407965],[8.408281555299832,38.95759713519927],[8.408336067432609,38.95758010532304],[8.408642651560315,38.95750636958154],[8.408653846101009,38.957548103664436],[8.408867857859583,38.95766182844906],[8.409130497582424,38.95765302069257],[8.409198526048566,38.95758800146534],[8.409233534411982,38.95755411588361],[8.409238710034591,38.957493180491426],[8.409239370386839,38.957463134680886],[8.4092400168617,38.95742099921067],[8.409240273222672,38.957385537352685],[8.409109836470373,38.957187710210704],[8.4092946208961,38.957042545047734],[8.409335036067636,38.95698989007973],[8.409358105297823,38.956965509550535],[8.409378472259249,38.956939929451515],[8.409410857198482,38.95689974784147],[8.4095886197721,38.956875296592045],[8.409629263002936,38.95687106321399],[8.409685273183452,38.95686199727884],[8.409732937523257,38.95685519420366],[8.409794535940675,38.95673385376842],[8.409819436320426,38.95668876717713],[8.409882350255799,38.956561430000086],[8.409903062144119,38.95652038541673],[8.410130248955946,38.95643705361999],[8.410201835990705,38.956502747505695],[8.41033241096177,38.95658788755552],[8.410522524758873,38.95662601964655],[8.410693912209629,38.95651111218586],[8.410741392677398,38.956510723831514],[8.410780109651974,38.9565130099312],[8.410825136294587,38.95651584602185],[8.410878082886686,38.95651752627069],[8.410924561066558,38.956490434933755],[8.410988354212137,38.95644274997647],[8.411009319061375,38.95642014183717],[8.411195743049161,38.95633484773395],[8.411239689085361,38.95631525893955],[8.411322862021906,38.95629531469763],[8.41137501739898,38.95628324305365],[8.411411507270186,38.95627905659182],[8.411464808212063,38.956326757391594],[8.41150719115506,38.95636344264138],[8.41155005817561,38.95640705011213],[8.411705233244609,38.956483301338096],[8.411908077157724,38.95643364754737],[8.41194237054673,38.95642753404434],[8.411970084286718,38.95640577796475],[8.412015287976411,38.956368194193246],[8.412058790238266,38.95632798133959],[8.41208589509639,38.95630140741395],[8.412116728400331,38.95626832896482],[8.41217435105429,38.956102687375015],[8.41217388851494,38.95604747536173],[8.41217581201923,38.95592584838347],[8.412244188817033,38.955870096350864],[8.412276250075461,38.955842438044634],[8.412342861665293,38.95578701498856],[8.412594640430168,38.955694790866346],[8.412713759837436,38.95576973377051],[8.412799832527217,38.95580077111961],[8.412877828435647,38.95582975464448],[8.41292808070931,38.955846280984886],[8.412992012851051,38.95580501709162],[8.413033761159673,38.955778509382895],[8.413124629006312,38.95572185526655],[8.41321281963186,38.95572322235825],[8.41327584305338,38.9557242456931],[8.413369414437232,38.955726978799376],[8.413407993460313,38.95572943815293],[8.413388794193349,38.95563683949437],[8.413384019693638,38.955603655619576],[8.413378405589183,38.9555723608039],[8.413371059595923,38.955544514027395],[8.413354725235836,38.95545453673723],[8.413392169799826,38.95544311565446],[8.413635972794715,38.95537449580701],[8.413715718286486,38.95534912403378],[8.413838470178023,38.955310181778074],[8.414089550389836,38.95526464940239],[8.414239729249331,38.955292295734104],[8.414237280527683,38.95532814942548],[8.414242118111682,38.95542185004915],[8.414296419520849,38.95544266298674],[8.414337531451354,38.95545440559666],[8.41437214147163,38.95546204244762],[8.414432099328655,38.95547471043164],[8.41455237609167,38.95550863320919],[8.41474370032009,38.95557492489586],[8.414905009206018,38.95561295406572],[8.41498881436344,38.95567647508082],[8.41501856125541,38.95569925793167],[8.41504853326633,38.95572287725312],[8.415077082981613,38.95574205856955],[8.415223701846012,38.95585519967616],[8.41525274709539,38.955950316470535],[8.415239669745286,38.9561372350602],[8.415181669942207,38.95628615848082],[8.415172065151518,38.95631538724743],[8.415162496652007,38.95634637790905],[8.415142089775578,38.95642510582063],[8.415315962160669,38.95648112811539],[8.415364420140076,38.95651276362014],[8.415367660877829,38.956558137458146],[8.41536589938822,38.95660340063054],[8.415363599486886,38.956666854069525],[8.415341814609478,38.95670163228456],[8.41532427345077,38.95673093214336],[8.415270300873305,38.956798589112864],[8.415197477523273,38.956882704503485],[8.41522518444795,38.956929643646895],[8.415240930049002,38.956956633057835],[8.415265120136427,38.95699503616557],[8.415282176097067,38.957018607832595],[8.41530421851421,38.95706008474835],[8.415428742650414,38.957116840068004],[8.41548649405144,38.95713599182186],[8.415536360809375,38.957150601103486],[8.415577206242364,38.957160929867385],[8.415649442035788,38.95718346573219],[8.41575031165048,38.95729304470151],[8.415766874715917,38.95737681037559],[8.41577872999762,38.957426290525454],[8.415820957345554,38.95749352181854],[8.41583871711244,38.95752966772264],[8.415830564411019,38.957568023265296],[8.415821476854434,38.95760483138914],[8.415804882638918,38.95764094861616],[8.415783793469894,38.95766717143499],[8.415766758396458,38.957690491270974],[8.415745428314208,38.95771864129982],[8.415725834413166,38.9577512444011],[8.415678403409773,38.95787297159636],[8.415676877050045,38.958058820690944],[8.415715021604367,38.95818363285112],[8.415719429556605,38.95821859722396],[8.415757527421079,38.95825030955507],[8.41578879725649,38.95827416136082],[8.415820141528238,38.95829204262835],[8.415854475200867,38.95828109180389],[8.415969710431776,38.95823822673484],[8.416021800958621,38.95821937077371],[8.416295972720379,38.95821173101272],[8.416308272593835,38.95829514636393],[8.416294853314975,38.95835956697848],[8.41612983761591,38.95834751074014],[8.41609376951828,38.95835280467094],[8.416015273812125,38.958365091752555],[8.415854934397903,38.958413387526655],[8.415806348701604,38.95844463169941],[8.415773341315568,38.95846665595341],[8.415740288391126,38.95849099047298],[8.415708937252894,38.9585158165098],[8.415742681175677,38.95860129022212],[8.415750914353568,38.95863959080864],[8.415760857491549,38.958669661803775],[8.415803854263787,38.95875895485634],[8.415951004498233,38.958834128466265],[8.415995733671132,38.95886525302269],[8.416072387442059,38.958911237464854],[8.4160848679605,38.959056576831856],[8.41610786692658,38.95908809184862],[8.416152629783284,38.959153815481464],[8.416171405410022,38.95924654669273],[8.41617630540456,38.95927742236436],[8.416147272639916,38.959312112190084],[8.41610458949708,38.95938223561706],[8.416120882611143,38.95949028086724],[8.416141836450302,38.95952461880302],[8.416170580198898,38.959563272477155],[8.416205745309577,38.959608316653146],[8.416230489783564,38.95962701185862],[8.416272217990256,38.95965864665569],[8.416301168802958,38.95968079980233],[8.416339152021202,38.95970002347692],[8.41636701741804,38.95971633184318],[8.416430591979406,38.95973981064815],[8.41653604927328,38.95983817382547],[8.41656782715849,38.95986141248534],[8.41661191357072,38.95989249303844],[8.416655903496736,38.95992155095224],[8.416802077666505,38.9600052469178],[8.416865028836492,38.96006976623147],[8.416975874763338,38.960132802721986],[8.417048264088907,38.96017082804407],[8.41710385657637,38.96019378720904],[8.417141178614111,38.96021023273444],[8.417188014446078,38.960227826941804],[8.417220520513528,38.960239009210106],[8.41729161717045,38.96026494284479],[8.417330048721531,38.960279947532634],[8.417394154583233,38.96028783707915],[8.41745748182891,38.960298068350625],[8.417511061868264,38.96030422558267],[8.417582199356739,38.96031842560432],[8.417699751093247,38.960347042793096],[8.417742345660589,38.96035037592847],[8.417841438220703,38.96037762667832],[8.417858875389172,38.960415324204305],[8.417871118579125,38.96044358890318],[8.417891192430071,38.960489408862514],[8.417931619883722,38.960497353025865],[8.418048835926564,38.9605037093275],[8.418242986272766,38.960564477308495],[8.418294907896282,38.960610171190694],[8.418323545883915,38.96063301794944],[8.418347635454804,38.96065287100018],[8.418389527685122,38.960686231523965],[8.418424876641966,38.96070775549829],[8.418453878431917,38.960725077395345],[8.4184908396264,38.96074648592831],[8.418522187109366,38.96076574341298],[8.418559382218655,38.96078861652798],[8.41859806602416,38.96080106824709],[8.418841069609844,38.960873065199294],[8.418890485747543,38.96088587755063],[8.41892987819774,38.96089735766359],[8.418964378553898,38.96090834842337],[8.419016187801374,38.96092351287565],[8.419054632974273,38.96093637236951],[8.419096300464965,38.960948834270255],[8.419142688949098,38.96096323726191],[8.419212821101782,38.960981096190636],[8.419279368232953,38.960999959122134],[8.419362568352291,38.96102191194649],[8.419435455180691,38.961040964929495],[8.41949412643166,38.96105258220678],[8.41954626560458,38.96106227819395],[8.419641255142515,38.961079529676496],[8.41968665447431,38.96108589213947],[8.419759503203618,38.96108939930324],[8.419949777759491,38.961104536184536],[8.420251591785615,38.961069990586665],[8.420534815691372,38.96101507733662],[8.420664550168961,38.960958499535195],[8.42070170894492,38.960943693656326],[8.420741880835022,38.9609280962077],[8.420789770667213,38.96090897397334],[8.420827411164382,38.96089283406616],[8.420884421995014,38.96086229736059],[8.420922150426515,38.96084130436173],[8.420961285918306,38.96081944603586],[8.42100267891786,38.96079504418722],[8.421033313545422,38.96077774484282],[8.421076851520908,38.96075228486588],[8.421103798739491,38.960731263558436],[8.421131070269324,38.960706270761946],[8.421161333067724,38.96067976447501],[8.421195931770239,38.960648481155665],[8.421229196234947,38.96062045601061],[8.421273535794683,38.96058171003823],[8.421296105301492,38.96056136625558],[8.42132129402089,38.96053984235671],[8.42136065816464,38.96050743277176],[8.421387898233895,38.960483731981306],[8.421452812177511,38.96043164845758],[8.421456405912657,38.960381599371495],[8.421463730115825,38.96033593296052],[8.421469313748236,38.96030049117713],[8.421476118806236,38.9602599027743],[8.421483037618156,38.96022136320805],[8.42148835131048,38.96016574734022],[8.421492486904462,38.9601374840047],[8.421497126986218,38.96009529707288],[8.421497888995155,38.96003111140229],[8.421502508372848,38.95996308169765],[8.421505630773886,38.95990101277045],[8.421508348692413,38.95984695560638],[8.42151188360759,38.95980867320647],[8.421513973112377,38.95977952112249],[8.421514259834447,38.95974851818815],[8.421513731183204,38.95971843126808],[8.42151397411801,38.95965420517275],[8.421515649197651,38.95962236475851],[8.42151618650931,38.95958580938731],[8.421623315190125,38.959512219511325],[8.421724823243377,38.959448517745535],[8.421834464148752,38.95944906095541],[8.421862561162822,38.95936471899105],[8.421962451100239,38.95932241089261],[8.422025709856163,38.95933224104652],[8.42201568409863,38.95937167000175],[8.422011927766551,38.95940769308644],[8.422005525954695,38.95943790518384],[8.422026337080801,38.95946771137202],[8.42205820767197,38.95949820942458],[8.422080570900176,38.959522369585024],[8.422244109145526,38.95963694634017],[8.422298710892912,38.95969806829191],[8.422328209679106,38.95972958452381],[8.422369900848752,38.95978062284716],[8.422441138512609,38.959815807775335],[8.422517621106723,38.95985423024809],[8.422566425592526,38.959867314665985],[8.422613426634408,38.959876921683275],[8.422733859022623,38.95990970678341],[8.422925440379695,38.95994669953236],[8.42308961121235,38.9599835564735],[8.423213237868227,38.95990655300262],[8.423269750661186,38.95991487489065],[8.42332210130004,38.95992549840307],[8.42341744071757,38.95994237277028],[8.42345792734834,38.95993123293609],[8.423674818650964,38.959871554362444],[8.423875857963736,38.959809468606025],[8.423985736582404,38.9597807241696],[8.423984122381107,38.9599800899209],[8.423947715354537,38.96004802050633],[8.423918218328383,38.960101416583164],[8.42394282463904,38.96015398123481],[8.423979342678182,38.96023171562441],[8.424025710769826,38.96024998603933],[8.424074579141935,38.96026765059752],[8.424124741489178,38.9602807392628],[8.424171468656752,38.960280750847936],[8.42423715748582,38.96027825439288],[8.424409736172755,38.96025913477494],[8.424460417220706,38.96027017487729],[8.424506028391574,38.96027559482747],[8.42453882939305,38.9602780003876],[8.42461932742299,38.960286226319134],[8.424736651846253,38.96025552007755],[8.424783479818004,38.96024320532617],[8.424819671149933,38.96023213125938],[8.424865872556058,38.960224504681435],[8.424902517600936,38.96022140874652],[8.424901916691033,38.960309021073556],[8.424973155092836,38.960308494392],[8.425022960654113,38.96030934353754],[8.425066240532619,38.96031046689941],[8.425105706011855,38.96030699640713],[8.425155070110542,38.96030234461251],[8.425258363640198,38.96029726001643],[8.425377628307444,38.96021793127869],[8.42553968763649,38.96021892373286],[8.425554518014188,38.96024447985096],[8.42559012413357,38.960317591849666],[8.425617601177278,38.960354560865596],[8.425642531445844,38.9603831773621],[8.425685689478241,38.96044129110409],[8.425782826417914,38.96047799909836],[8.42581385947308,38.96049125604782],[8.425870900943554,38.9605166854722],[8.42591829292965,38.96053731212815],[8.425948873193981,38.96054976030105],[8.425993064708951,38.96056680360165],[8.426025816100788,38.960579815727996],[8.42606446475426,38.96059906294454],[8.426110442679917,38.96062230035763],[8.426166329254867,38.96064727068901],[8.426211782763495,38.960667419105704],[8.426255222838105,38.96068849388276],[8.426288596757116,38.960703614040746],[8.42631988043663,38.96071916456809],[8.426317297948561,38.96082142587695],[8.426326018728156,38.96086411843174],[8.42637326697201,38.96099594391124],[8.426400563735678,38.96104919891759],[8.426427734842415,38.96109886138671],[8.426447987647954,38.96113536035342],[8.426477621229177,38.96116606337636],[8.426512927674613,38.96119906512109],[8.426546308881546,38.96122935399856],[8.426569217207517,38.96124957892911],[8.426591548633139,38.96126863495565],[8.426621444569719,38.961286850440004],[8.42665201591415,38.96130518638199],[8.42670574248534,38.96133703860238],[8.426737966705778,38.96134864127149],[8.426773633384784,38.96135787644447],[8.426812834376427,38.96136738218311],[8.426861057111985,38.96137296182618],[8.426913757913253,38.96137943303158],[8.426940433953225,38.96135463870604],[8.42697873601968,38.961309958502],[8.427034940653586,38.961238938674896],[8.427061604360519,38.96120204926394],[8.427101932700921,38.961168447572206],[8.427133789621937,38.96114897909314],[8.427181433403607,38.961146603270095],[8.427212198565162,38.96111994918939],[8.427235550105314,38.96108514492192],[8.427253953287842,38.961062274389704],[8.427275290004959,38.96103931371923],[8.427299900670818,38.96101340438565],[8.427326503037982,38.96098611437291],[8.42734858706654,38.96095763161272],[8.427387253316203,38.96092787310398],[8.427420671456167,38.960892084590014],[8.427443423845967,38.96086673832722],[8.427466810087036,38.96084322987464],[8.427494026655028,38.960817050327265],[8.427520270080775,38.96079705497626],[8.427555508268014,38.96076901066993],[8.427586054047584,38.96075810810553],[8.427634640722282,38.960736198370995],[8.427691398876814,38.960715602888975],[8.427819642707345,38.96066291801458],[8.427870508765116,38.96069468448847],[8.427914433358758,38.96071901050747],[8.42797865527694,38.96075515341967],[8.428069227861963,38.96072650876387],[8.428175258092073,38.96069231400708],[8.428193803432295,38.960666497317916],[8.428215776185574,38.96063629448524],[8.428267179237277,38.960564353900544],[8.428396029371893,38.96050866518223],[8.428558598893753,38.9605657811706],[8.428824276353705,38.96053892224544],[8.428875096855602,38.960496041860004],[8.42891184239074,38.960464464869375],[8.428941853144538,38.96044885451846],[8.428979036264252,38.96043465167743],[8.429024330397828,38.9604170741165],[8.429094190472814,38.96039357461951],[8.429199868820826,38.960375062316366],[8.429236645031065,38.96033618349645],[8.429270503860241,38.96029983880025],[8.429328728707468,38.960241766186755],[8.429365486585095,38.96011694893866],[8.429416764800774,38.96010067468378],[8.429574577466076,38.960048436109666],[8.429649426953679,38.96000732009475],[8.429693377961549,38.95998489392307],[8.429749794814414,38.95996828327752],[8.429793839648234,38.95995603221296],[8.429858167211533,38.95993610975404],[8.429909263211895,38.95992108336107],[8.429972556941381,38.95990457108088],[8.43006077479899,38.95998852248974],[8.430154270290052,38.959908578194714],[8.430181133490807,38.95989162027983],[8.430215953146805,38.95986708122726],[8.430249385115479,38.95983537859522],[8.430277885263788,38.9598085738639],[8.430299383871052,38.9597872796164],[8.430393884606737,38.95979319002728],[8.430403771397238,38.95985098555597],[8.430382480260556,38.95990042590675],[8.430368665665737,38.95993764103548],[8.430352246302352,38.95998318703419],[8.430290989980579,38.960057462145556],[8.43032060587321,38.96009470633685],[8.430356342418719,38.96013079991185],[8.430384838595929,38.960166197607606],[8.430461298645362,38.96022719625239],[8.430487189001882,38.9602474250594],[8.43056850985717,38.96036158893609],[8.43063152800439,38.96041934268694],[8.430786876727591,38.960477547664965],[8.430905004291775,38.96049952474281],[8.430958131493238,38.960567368726345],[8.431085619129652,38.96064571203556],[8.431159877129945,38.96068099288183],[8.431222159765866,38.96071058324104],[8.431514443876964,38.96073030033236],[8.431742335257583,38.96079196538298],[8.431896413931522,38.96082876080594],[8.432069256736543,38.96086452002285],[8.43210667323961,38.960876262725435],[8.43223331655797,38.96091600697417],[8.432460640571255,38.960994834435446],[8.432626406539846,38.961138694301084],[8.432651204884465,38.961160216751324],[8.432681376156554,38.96117608187272],[8.432869586612739,38.961275045239205],[8.432951424233961,38.96132500427842],[8.433151724965981,38.96135526412622],[8.433256743559278,38.961393101767555],[8.433370394051247,38.961434047777765],[8.433478230965614,38.96147861324065],[8.433529259347583,38.96149690881419],[8.433566661525356,38.96151066771358],[8.433627097737816,38.96153130318805],[8.43369847317865,38.96157823088518],[8.433729742460818,38.961603092562086],[8.433781304572307,38.961647158494785],[8.433795770825386,38.96167449784554],[8.433811920454803,38.96171105223033],[8.433842090282383,38.961806924979825],[8.433876483512554,38.96186363156748],[8.433904770609734,38.9619074791054],[8.43392244050426,38.96200451043018],[8.433932398020897,38.96204830239364],[8.43394018425335,38.962086319281255],[8.433965865911402,38.96220739922452],[8.434164591569788,38.96243589699187],[8.43424244236071,38.962480640764376],[8.434281077065636,38.96250553529343],[8.43433514230278,38.96253830750595],[8.43437899275722,38.962565701792045],[8.4344105696558,38.962584330742224],[8.434456298001521,38.962595040625594],[8.434490011484103,38.96256923156078],[8.434513360389749,38.96254729489422],[8.434544136651043,38.96251941249414],[8.43456863683356,38.96249624504092],[8.434597958366775,38.96246884399184],[8.434636818051448,38.96243291486858],[8.434749766672196,38.96232834490052],[8.434804249969947,38.9623714125557],[8.434750421167285,38.96243001831886],[8.434574322571484,38.96261923478511],[8.43457199412924,38.96269885655836],[8.434626862189651,38.96273870010493],[8.434674682339976,38.96276535926297],[8.434710409280425,38.96278451557225],[8.434755667279159,38.96280999081472],[8.434807853026081,38.9628277624693],[8.434849080261515,38.96284164761727],[8.434881578296016,38.96285274473184],[8.434926284767771,38.962867746982404],[8.434963219652879,38.962870420146],[8.435014719139948,38.962872154540285],[8.435053286904017,38.96287341990171],[8.435094505976156,38.96287468006136],[8.435135599552089,38.96287546470236],[8.435171376304343,38.96287514223795],[8.435227968679447,38.962876242459],[8.435502666379717,38.96290195071909],[8.435638412343021,38.96287250852273],[8.435686352284335,38.962855754900055],[8.435726111952865,38.962846451015736],[8.43577386793312,38.962835132097105],[8.435811409572382,38.96282490190987],[8.43584550184403,38.96281430089123],[8.435888793370161,38.96280179968566],[8.436124053339933,38.96277654425457],[8.436318129572669,38.96275443984894],[8.436434237943883,38.96277804254461],[8.436655518716805,38.96283004289284],[8.436692932616298,38.96284685928996],[8.43672265482547,38.962860313373206],[8.436763165549248,38.96287917134111],[8.43679827858793,38.96289532598257],[8.436858232272685,38.9629293581934],[8.436905610910832,38.962963505420824],[8.43693655372837,38.96298958299268],[8.436997804409385,38.9630308250404],[8.437063366997643,38.96313585197182],[8.43707256845712,38.96317320232878],[8.437082789135058,38.963202090562625],[8.437093401375032,38.96323444553746],[8.437102503799135,38.963259226421755],[8.43709450742429,38.96357309274471],[8.437131194382468,38.963640850099615],[8.437143283073768,38.96366560843562],[8.437156443174832,38.963701419817646],[8.437168495353191,38.963728023493395],[8.437184084316726,38.96378130151518],[8.437192342335909,38.96380865735835],[8.437207526370003,38.96385578590023],[8.43721056016113,38.96388301201704],[8.437213723327925,38.9639372150485],[8.437215990987895,38.9639731586268],[8.43722131498656,38.964012471858204],[8.437212229026155,38.96403738309393],[8.437206078213881,38.96407222724432],[8.437199406440566,38.96410347336482],[8.43719271999609,38.964149410570315],[8.437193397156554,38.96420168490306],[8.437200432201292,38.96424473526994],[8.437202689102435,38.96428495646863],[8.437206690699064,38.96435602732505],[8.437182116233052,38.96458364830713],[8.437080000894856,38.96480102878613],[8.437063068742594,38.96482936070445],[8.437036668088181,38.964874765749315],[8.43701237753771,38.964914319103805],[8.436969630637478,38.96498780474757],[8.436932220301308,38.96503017120066],[8.436873327019203,38.96508591491512],[8.436859700970352,38.96515690882303],[8.436841849320631,38.96521402743451],[8.436848625632736,38.965253877548136],[8.436851850646221,38.965282016535824],[8.43685756674824,38.96533433500003],[8.436820312414167,38.965378834244916],[8.436769505297171,38.965442484706735],[8.436686881697483,38.96549083535003],[8.436640758579479,38.965517886365],[8.436614594235493,38.96553747051543],[8.436598959775635,38.965568051543734],[8.436586947030852,38.96559328922135],[8.436573568837932,38.96561997563325],[8.436539682870588,38.96567679420041],[8.43653867458256,38.965804073299694],[8.436650595482734,38.966003455561506],[8.436677330981496,38.966038863926315],[8.436706226871827,38.96607403760478],[8.436731831193283,38.96610420311905],[8.436765849348163,38.96614541565865],[8.436789299833425,38.96617543469419],[8.436822930141954,38.9662169481253],[8.436846368039419,38.96625585224739],[8.436864738148564,38.96628767604896],[8.436905342806465,38.96636111235953],[8.436921019014543,38.966387959719924],[8.436938576524094,38.966421393515475],[8.436961126081243,38.966462005477695],[8.436977569589361,38.96649225019411],[8.436992696609682,38.96651921834992],[8.437004197896648,38.96654416038979],[8.437025609791752,38.966591722686125],[8.437043726512606,38.96663385147894],[8.437076050262544,38.966698878970206],[8.437099835011313,38.96673424867134],[8.43725334975665,38.966838604761875],[8.43730787127192,38.96688680425815],[8.437523771982498,38.96701813427541],[8.437667228665331,38.96711426176936],[8.437708392277695,38.96714037485578],[8.437749086406193,38.96716878805705],[8.437779912466123,38.96718887680989],[8.437833152264071,38.96722289958983],[8.437906091961544,38.96726693058133],[8.437940282216628,38.967289442417965],[8.437995820435052,38.96732039071858],[8.43804244848282,38.96734653811236],[8.438080938443894,38.967366293324666],[8.43812040302075,38.96738717152109],[8.438166644967062,38.967412524911545],[8.438201568910081,38.967432774758805],[8.438240467437762,38.967452840973436],[8.438274818710147,38.96747165163832],[8.438302461933207,38.96748788250741],[8.438595845584109,38.967671430054374],[8.438768201831316,38.96777138264352],[8.438850326555832,38.96778642095404],[8.438971659042117,38.967748430475055],[8.439086948712593,38.96778755850265],[8.439133198822077,38.967793510186176],[8.439199019855305,38.967806100819274],[8.439247056586199,38.967813404630455],[8.439365046362829,38.96783541034061],[8.439417228720387,38.967855103830786],[8.439457463588568,38.967871772485005],[8.439481370313354,38.967899773730686],[8.439498921629113,38.96792262151412],[8.439546072140086,38.96792506835237],[8.439599401447465,38.967928424347036],[8.4396428765788,38.96793117159621],[8.439668759956756,38.96794960146378],[8.439701376897583,38.96797178442706],[8.439733089912503,38.968004679298176],[8.439899603313108,38.968000392607635],[8.43992726789258,38.96803582540704],[8.440006437273041,38.968106241278676],[8.440069939916146,38.96815267761104],[8.440118210823144,38.96818878145099],[8.440089434686463,38.96821989012729],[8.440061217364965,38.968254791636774],[8.440066466028451,38.96829555337264],[8.440065937160812,38.96835964922208],[8.440250163473609,38.968437025555986],[8.440279385726523,38.96845263814473],[8.440314663815446,38.968469831518185],[8.440350908391975,38.96849109361902],[8.44038061333826,38.96850976873983],[8.44042794203799,38.968535982519576],[8.440466821111821,38.968543712308914],[8.44054126471497,38.96855630207539],[8.440581703858895,38.96856308050153],[8.440626620943569,38.96856923156301],[8.440723718739484,38.96857573181604],[8.44078658218788,38.96857952224933],[8.440826087865542,38.96856805180905],[8.440876529875954,38.968551110718074],[8.44092912539671,38.968531874827534],[8.440981592768857,38.96851440001143],[8.441038233629946,38.96848553413293],[8.441070064293058,38.96846802170749],[8.44110665577281,38.96844913441859],[8.441170595908508,38.96841020084651],[8.441228542526195,38.96838378409513],[8.441319038282707,38.96834344566524],[8.441389675954511,38.9683428195986],[8.441438617598118,38.968341683237156],[8.441476193576499,38.968340871836304],[8.441528254349842,38.96834044964339],[8.441596096255969,38.96834055891286],[8.441668722745622,38.968341411939285],[8.441756216566622,38.96834553776101],[8.44180397039935,38.96828880926221],[8.4418376217314,38.968252101319145],[8.441868211724113,38.96821584190655],[8.441912374229453,38.96816059386646],[8.441942436672282,38.968125063629635],[8.441963834364124,38.968100622729935],[8.441993303122901,38.9680741072649],[8.442105288886745,38.967991263667805],[8.44220936366229,38.967977771990896],[8.44221785913291,38.96801445531261],[8.442224654533641,38.96804139558279],[8.442326942730347,38.968036116286235],[8.44235556848899,38.96798695306432],[8.442369923744137,38.96795659675076],[8.442480538577732,38.967954171340274],[8.442525212820602,38.96798538548815],[8.442560320724345,38.96795290429106],[8.44266339333866,38.96784411815311],[8.44271963891402,38.9678460989067],[8.44280177128678,38.967845398913326],[8.442820950727798,38.96786831164608],[8.442854679156582,38.96792275324385],[8.442906628823678,38.96789241323381],[8.443001768262302,38.9678290420067],[8.443102293717997,38.96781016815435],[8.443220644815698,38.96781728499741],[8.443254928696502,38.96782292473859],[8.443293159025904,38.967843477200766],[8.443403006222512,38.967918612165114],[8.443527539547942,38.96794585432112],[8.4435656122696,38.967975504669226],[8.4435904781432,38.96799413788041],[8.443616739546625,38.96801646607172],[8.443640560663821,38.96803983784839],[8.443654781315793,38.9681045339068],[8.443672013712039,38.96814634295996],[8.443755235936283,38.96826609725651],[8.443662060447124,38.968385347716854],[8.44362568898732,38.96843551784041],[8.44360752189359,38.968461685696234],[8.443561382596291,38.96851523533058],[8.44342481286207,38.96863510952107],[8.443426300669184,38.96877702051049],[8.443427554770977,38.96880542385079],[8.443432999916666,38.968853485539185],[8.44344002972682,38.96890718235102],[8.443439059597159,38.96902716609259],[8.443560398528552,38.96906104783505],[8.44362016039715,38.96907980236479],[8.443665595524367,38.9690755845056],[8.443736040159745,38.96906268629323],[8.443776564098407,38.9690545665107],[8.443823640446112,38.9690226258914],[8.443862257736326,38.968992763501326],[8.443896955373395,38.96896254449583],[8.443972369443776,38.96890680299207],[8.44413423963608,38.968880668141104],[8.444217591492581,38.96873913780993],[8.444324652746863,38.96870856761085],[8.444369621165619,38.96872238610691],[8.44444947045155,38.968749869593196],[8.444512166614077,38.968774532838694],[8.444556586893755,38.9688093278985],[8.444573418695876,38.968842511079245],[8.44459017855589,38.968882838987405],[8.44468107731288,38.968883271567556],[8.444747505389843,38.96890293674651],[8.444774068077852,38.968941765828575],[8.44479095795651,38.968979503572875],[8.444808470462375,38.96902177066056],[8.444825806269101,38.969048377040274],[8.44484954440041,38.96908188319995],[8.444877625480053,38.969119487633854],[8.44490104357661,38.96916560720112],[8.44490502130247,38.96920348085617],[8.444906602937111,38.96922904086568],[8.444913315636937,38.969275891084685],[8.44491760584746,38.96930848559417],[8.444916992957184,38.96942812501087],[8.444904481760124,38.969453182739095],[8.444892396809033,38.96948278599846],[8.4448774578569,38.96951703362907],[8.444860912441076,38.96956247017444],[8.444852640325326,38.96961099009633],[8.444843998573175,38.96967373622373],[8.444823750246318,38.96983462342932],[8.44482045699492,38.96988192977914],[8.444742279350539,38.9699197423764],[8.444694520422173,38.96992953030229],[8.444644183788947,38.96993799299309],[8.444603457979028,38.969945156013495],[8.444571604610298,38.96995111678596],[8.444454717726154,38.96996917507509],[8.444278532473714,38.970044349348136],[8.444246933190989,38.97006003354833],[8.444207001047605,38.97009797204452],[8.444183337256833,38.97012170958458],[8.444151914506774,38.97015526763938],[8.444116395427558,38.97018492409903],[8.444055947389838,38.97020242177406],[8.444016716801434,38.9702148299886],[8.443963191038721,38.970230743063965],[8.443923517046336,38.97024050701718],[8.443882728222107,38.970249496979186],[8.443849208949313,38.970257226645906],[8.443812172869332,38.97026636783504],[8.44377705940293,38.97027232907234],[8.443740337760518,38.970324945918044],[8.44370755034994,38.97037251264208],[8.443706771224573,38.970404822596514],[8.443705532825366,38.97043268508061],[8.443706468136172,38.97046570428749],[8.443709870276614,38.97049902181313],[8.443697268697237,38.97060417332768],[8.44356273995138,38.97070967980723],[8.443550912129396,38.970734057584025],[8.443540553472573,38.97076113224186],[8.44353188926907,38.970798550954186],[8.443520480412122,38.97082676954444],[8.443510145155782,38.97086014411929],[8.443515680837683,38.9709732228384],[8.443513365771059,38.97107641024827],[8.443487520823334,38.97117641078873],[8.443457590033722,38.97126880070667],[8.443397178843954,38.9713500325152],[8.443382070998663,38.97137474336503],[8.44340441328521,38.971471853996555],[8.443411017504374,38.97150399730432],[8.443360185814822,38.971559173515445],[8.443339854302396,38.971590972971285],[8.443316258761794,38.97161931002631],[8.443298748979778,38.97165178526648],[8.44328076000044,38.97168029414189],[8.44326836572238,38.97171786534707],[8.443248684590817,38.97176861417026],[8.443230799633513,38.97181213908111],[8.443216122676041,38.97184401505399],[8.443201633953747,38.9718773544587],[8.443187465930123,38.97190821367657],[8.443172906669488,38.97193817440033],[8.443158927064147,38.971968408227305],[8.44314407812556,38.97200410596746],[8.443129530150532,38.97203910676508],[8.443114710180634,38.972072723026486],[8.443093759178948,38.97211799769683],[8.443078274872418,38.972157578072455],[8.443062168668867,38.97219652648824],[8.44304561040656,38.97223703530518],[8.443029167799713,38.97228311456226],[8.443011034611567,38.97232985258451],[8.442987023204598,38.97238824210484],[8.442966527845346,38.972444884889576],[8.442949136108332,38.97248331711106],[8.442913695197786,38.97253475750209],[8.442897645365155,38.9725594151252],[8.442878579108065,38.97258701946166],[8.442838222058676,38.97264355207873],[8.442810353407735,38.97268399063672],[8.442780720970203,38.97272971310774],[8.44275441616996,38.97277062950925],[8.44273470404314,38.97280256337429],[8.442719530488977,38.97282675116114],[8.442702091941117,38.97285242040195],[8.442681089325612,38.97288727857221],[8.4426142065342,38.973015208083744],[8.442534783471991,38.973095110451844],[8.442515913230292,38.973116376206455],[8.442490774604671,38.97314279531595],[8.442464661882635,38.97317065698214],[8.442445888532216,38.97319281080187],[8.442415458476905,38.97322992807012],[8.442378613290861,38.97327765793258],[8.442343872174012,38.973320574985415],[8.442245011704644,38.9735406011186],[8.442180393637495,38.973668672753156],[8.442119496218403,38.97378170694417],[8.442102883723939,38.9738245970434],[8.442095966165832,38.9738620131635],[8.442085086597924,38.973908560422345],[8.442081440453943,38.97393628700341],[8.442080030511018,38.973993719236475],[8.442081115464347,38.97404994687059],[8.442079548453027,38.974083994009604],[8.44204781532649,38.97421324826236],[8.44202782823443,38.97436972235008],[8.44202588916656,38.974429699544494],[8.442027818370486,38.97446189535372],[8.442020598916178,38.97462191695511],[8.441986543589648,38.97458748501668],[8.44196225342056,38.97456145144465],[8.441927660528703,38.97452682948299],[8.441888160933683,38.97450756183841],[8.441844766560155,38.97454606415842],[8.441825788972317,38.97458063447499],[8.441804417700737,38.97461865728446],[8.441785574773586,38.97464989225254],[8.441739832202192,38.97468750740054],[8.441696104596142,38.97472034806813],[8.441669568449587,38.97474262411562],[8.441652734084952,38.974781950010566],[8.441622883632242,38.97485213952268],[8.441676256240843,38.975038251273254],[8.441757329946983,38.97518845119422],[8.441792146492212,38.97537401363472],[8.441795814208882,38.97540885356533],[8.441799500700348,38.97544571391998],[8.441777773272282,38.97553038924325],[8.441770112332714,38.97556760442865],[8.441762651157566,38.97561407607995],[8.4417519835083,38.97569664699646],[8.441743897327425,38.97572832269809],[8.441736727377469,38.97575401927606],[8.441723916317441,38.97580212971722],[8.441712816468234,38.97584666725102],[8.44172134331789,38.975879729068446],[8.441760195509193,38.975926259172994],[8.441732876246457,38.976017488685386],[8.441726367761804,38.97605053624315],[8.441706658866828,38.97610070069763],[8.441695243815992,38.9761309745287],[8.441687663526663,38.97615775770405],[8.441693487545578,38.97618865198751],[8.441712720866603,38.976275217377335],[8.441696503094063,38.976314630923646],[8.441687153926877,38.97634570853251],[8.441719636651394,38.97637320153156],[8.441765009024271,38.97641022706347],[8.44177951013157,38.976435803828316],[8.441789603319044,38.97646214619252],[8.441746994385692,38.976488378822275],[8.441693615033035,38.97651511770641],[8.441647929050232,38.97653875113592],[8.441605688707797,38.97656625336746],[8.441555919798557,38.97659879742444],[8.441478588721377,38.976653034919664],[8.441434288301108,38.97668205734745],[8.44138822506912,38.9767120986081],[8.441359031859967,38.97673126557216],[8.441325564854319,38.97675395711433],[8.441298467442108,38.97677732164915],[8.441266558094576,38.976806433976],[8.44123894950164,38.97683196597078],[8.44120688178764,38.97686124513283],[8.441178038162246,38.976891001104214],[8.441156486299102,38.97691544017633],[8.441058821640327,38.97703466233787],[8.441023581135779,38.97713811720272],[8.44100598983263,38.97717888927859],[8.44099149470206,38.977212769921735],[8.440980661150462,38.97723935543231],[8.440950083598509,38.97731487774834],[8.440817784515092,38.97740747297971],[8.440670577769014,38.97759262467213],[8.440597821728508,38.97775112352687],[8.440582201691711,38.97777871243888],[8.44057054951408,38.977812616566865],[8.440560495194655,38.9778428427318],[8.440549527797858,38.977876134668385],[8.440537951731047,38.97791459346879],[8.440529564409344,38.97809094496075],[8.440538655263323,38.97821939867538],[8.440562321856858,38.97829836011515],[8.440600526209348,38.9784258269794],[8.440624717259617,38.97846925575818],[8.44078008086267,38.97874838829685],[8.441059472631494,38.979154555912636],[8.441100558199558,38.97920206202216],[8.441195332878022,38.97931164815116],[8.441322612942983,38.97945881916211],[8.441494226210757,38.97965450819514],[8.441630128144025,38.97980947525434],[8.44176758490593,38.97994735245506],[8.441837744765852,38.98001772748359],[8.44194129789696,38.98010720842815],[8.442036988145908,38.98018989320999],[8.442164413941736,38.98031891252921],[8.442226901156374,38.98044762132122],[8.442244368150456,38.98052159564782],[8.442259745015566,38.980560314995046],[8.44229941193723,38.98058635979808],[8.442327128295618,38.98060801213997],[8.44235410153639,38.9806260843401],[8.442381552856936,38.98064635216829],[8.442380657136486,38.980711090453234],[8.442380350572448,38.98075473610658],[8.44238945951038,38.98081290430244],[8.442454820011356,38.98081324995694],[8.442489636050105,38.98080482042765],[8.442607131019669,38.98091238997755],[8.442707626076546,38.98101199333532],[8.44278756429523,38.98109122302726],[8.442912229457153,38.98120458202095],[8.442996773509279,38.98128145727795],[8.443190937212405,38.98146486178686],[8.443297609648202,38.98156562051992],[8.443485352825451,38.981732871793106],[8.443522615391588,38.981766066888866],[8.443694864675768,38.98191073011076],[8.443887928032034,38.98211023499271],[8.444053810285746,38.982264215653785],[8.444127949174952,38.98236729671961],[8.444271855209573,38.98247363959696],[8.444313158567395,38.98247401201775],[8.444365805041915,38.98247516384635],[8.444489828148265,38.9824833878105],[8.444546630623867,38.98252581215016],[8.444587032322772,38.98255396290556],[8.444652721197789,38.98254484793724],[8.444770752968028,38.98253008140776],[8.44489169661995,38.98252993141488],[8.444933494548039,38.982528923636266],[8.445180673910297,38.98255840635014],[8.445215064595471,38.98256667552344],[8.445243339946403,38.982602126119986],[8.445266204845861,38.98263287502741],[8.445287909135361,38.98266159177268],[8.445341902116605,38.982667904023],[8.445389465717888,38.982669885500044],[8.445448352365652,38.98267285704392],[8.445538358672772,38.98274348905479],[8.445572171119895,38.98274434899197],[8.445631013410491,38.98273332749414],[8.445691939372052,38.9827235260817],[8.445751633789644,38.982711158678796],[8.445808516156227,38.98269888061866],[8.445860863048443,38.982707385369395],[8.445904170159467,38.982716289625884],[8.445971362353095,38.9827295290659],[8.446041761360974,38.98278224865808],[8.446116275488057,38.98283835255851],[8.446186747998874,38.98285439824337],[8.446225175513487,38.98286293228673],[8.446273546288824,38.982876921180484],[8.446306490386464,38.9828875891835],[8.446362411294796,38.98292153063041],[8.446424166435161,38.98296033789295],[8.446457775303116,38.983020121465174],[8.44648137243729,38.98305359231516],[8.446448476427541,38.98317446966746],[8.446525323470885,38.98318372023328],[8.446602191460515,38.983194138711646],[8.446648321777499,38.98322574562006],[8.446730163632134,38.9832180730966],[8.446782819859497,38.983209443924146],[8.446843581930814,38.98319773885046],[8.446877315218309,38.983191738637125],[8.446923299227535,38.98318459076961],[8.44697978132778,38.983173327617905],[8.44702092555493,38.98316645685052],[8.447153085231971,38.98313162813786],[8.447217181661225,38.98317320713423],[8.447256473800422,38.98319857532955],[8.447239090529889,38.98331767726953],[8.447274451432742,38.98346747731842],[8.447270910469042,38.98350592255216],[8.447266440423828,38.98354447152012],[8.447263068292708,38.98357516063074],[8.44726194455362,38.983608612440854],[8.447269823974313,38.98370889951078],[8.447235122779066,38.98373689452343],[8.447185252605001,38.983777239730806],[8.447112974144893,38.98383544005421],[8.447070132434545,38.98396251977427],[8.447086565464195,38.9840763643218],[8.447178917992602,38.98410080257176],[8.447234437569564,38.98411511419767],[8.447316996576987,38.98413828221067],[8.44741233340665,38.984178370807314],[8.447507456843011,38.984156356987334],[8.447561079665546,38.98413931008833],[8.447599094199546,38.98412948662056],[8.447727557377114,38.9841283789515],[8.447778638771647,38.98413497907501],[8.447799045765137,38.98416427314188],[8.447817047054988,38.98419381084043],[8.447842080354844,38.98424273897104],[8.447916009468782,38.98435774396937],[8.447916421380237,38.98444637469012],[8.447904812509734,38.984547398536776],[8.447897852219988,38.9846073627925],[8.44795476690486,38.984648157657375],[8.447994131224805,38.98464875930496],[8.448034798462182,38.984651966860504],[8.448078364341368,38.98464810433508],[8.448117344681236,38.98463853037523],[8.448148524340796,38.984626170164844],[8.44819792412987,38.984605970677244],[8.448250362100763,38.984587788745095],[8.448310285883347,38.9845745767663],[8.448329720074359,38.98461232864487],[8.448343527807438,38.98464326210849],[8.448312268006815,38.984659554520356],[8.448269509546257,38.98468568244879],[8.448238211098772,38.984704420322736],[8.448186966869798,38.98473732693973],[8.44817722240435,38.98476614853362],[8.448156138196689,38.98480292213039],[8.448137041270252,38.984842785181655],[8.448179988482854,38.98483162505137],[8.448225848381144,38.98482392730019],[8.44829474844746,38.98480383079561],[8.44837172525546,38.98478531246285],[8.448437841082344,38.98476423309594],[8.44863576514075,38.98473813551579],[8.448605136903408,38.98478479273917],[8.448579961374394,38.984858583492596],[8.44839319199012,38.98493861492997],[8.448221095934777,38.9849839832296],[8.448126345665194,38.98510518668478],[8.448262669013806,38.98520608108006],[8.44832447530132,38.98523556268618],[8.448382696260442,38.98526628168223],[8.448556244622804,38.98524050605476],[8.448589907830874,38.98524364607401],[8.448601939483023,38.985294147242094],[8.448607724235675,38.98532150222199],[8.44861589429128,38.98538384580259],[8.448458408157208,38.98546157364483],[8.448431591571536,38.98556958148533],[8.448471910521539,38.98556209444447],[8.448520871774726,38.985560838992576],[8.448568044343467,38.985557229428],[8.448623253535692,38.985552944125985],[8.448660257228505,38.985550268703165],[8.448709270251065,38.98554590992794],[8.448818626512733,38.985537618002624],[8.448887429322903,38.985586420127845],[8.448853494955905,38.985611228335586],[8.448814285708881,38.985632844147496],[8.448695162737888,38.98582539426204],[8.448637360288494,38.98589112615179],[8.448639363704256,38.9859198293715],[8.448594097081306,38.985935949334916],[8.448428339981373,38.985988587553024],[8.448341128204309,38.98606814957412],[8.448340761022791,38.98611545711449],[8.44840201668901,38.986116611784944],[8.448473704412814,38.98612012442486],[8.448550662453005,38.98612131719038],[8.448607181648017,38.98612994946591],[8.448647152420916,38.98613687247798],[8.448770571015135,38.98615128070559],[8.448708654569405,38.986318821676186],[8.448637870824157,38.98635637159438],[8.448598440238548,38.986376839146665],[8.448570166329551,38.98639749638203],[8.448534760392024,38.98641026295982],[8.448503245875322,38.98642193772827],[8.4483640287104,38.98646475191722],[8.448362831042855,38.98661906279489],[8.448443473562971,38.986678635571224],[8.448430705705286,38.98679960855423],[8.448369155044556,38.9869198426834],[8.448348929498335,38.987002559912746],[8.448397164539612,38.98701481621399],[8.448411201695038,38.987081116448586],[8.448419284119709,38.98715549689012],[8.448481322359543,38.98714712938657],[8.448527667187589,38.98714423503041],[8.448589237477252,38.98713575802342],[8.44862970396004,38.987130798394915],[8.44870960583467,38.98711790139986],[8.448841428095632,38.98706400043106],[8.448908121343534,38.98704718407593],[8.44894339411564,38.98703747789297],[8.448990087469218,38.9870231262431],[8.449026368442102,38.98701309137822],[8.449060960202559,38.98700484267395],[8.449100936766643,38.98704341230594],[8.448943433113362,38.98712418200038],[8.44900986391633,38.98715969110287],[8.449041145212567,38.98717783525702],[8.449082400836177,38.98716640098179],[8.449116251189269,38.98715311415364],[8.449153326956473,38.98714035077903],[8.449198256161244,38.98712539146714],[8.449241915426763,38.98710743079102],[8.449282269435065,38.98711027328066],[8.449317510765143,38.9871135638191],[8.449366263516966,38.9871177471469],[8.449403127396709,38.98712129763243],[8.449492781617769,38.98714127424629],[8.44952865749597,38.987152085833564],[8.449564067274354,38.987162105822115],[8.44958758601867,38.987191302504186],[8.449611446476927,38.98722185068441],[8.449649851568406,38.987303868757024],[8.449670907915449,38.987351213357734],[8.449626910253595,38.98744522247076],[8.449610328389213,38.987483272822516],[8.449667143064303,38.98748521599845],[8.449722589939636,38.9874882962288],[8.449790679227664,38.987490881853105],[8.449786787347382,38.98751678447418],[8.449786723218425,38.98755877497612],[8.449761498277677,38.98759781278072],[8.449739328627855,38.987631162644256],[8.449714038312813,38.98766253152296],[8.449713317190543,38.987694376719865],[8.449716093760054,38.98772230498439],[8.449720179747011,38.98783522758973],[8.449771858042705,38.98783429712251],[8.449840541237371,38.987834335324365],[8.449879328172523,38.98783323679207],[8.449926613304516,38.98782944248252],[8.44992974820181,38.98786225474689],[8.449958247462817,38.98803121828644],[8.449785778621097,38.98812389635899],[8.449775924465715,38.98827816639564],[8.449841508330366,38.98826367730383],[8.449898907851972,38.98825354169206],[8.449946622475148,38.988244715694734],[8.449989418920875,38.98824043611922],[8.450095290173648,38.98822673152563],[8.450096516063304,38.98825602398897],[8.450102023843222,38.98837464299999],[8.450112716907016,38.988402561701804],[8.450120221641535,38.988488429584],[8.450124311584851,38.98854272654667],[8.450128905337266,38.98858145437816],[8.450133981004901,38.98863579743682],[8.450153265994842,38.988674593597004],[8.450163566808696,38.988723521161916],[8.450153960517971,38.988771376292824],[8.45014573613901,38.98882134567467],[8.450140774464785,38.98887687958139],[8.450278385597617,38.98899917945706],[8.450310220526516,38.98899142293227],[8.450361390365504,38.988986174305566],[8.450394882570043,38.98898001335306],[8.450440317933701,38.98897855576296],[8.450481173421629,38.98897821020614],[8.450573058861417,38.98898428487332],[8.450619012532107,38.98898792283364],[8.450665206652046,38.988996753310325],[8.450703108374245,38.98900449671887],[8.45075698998784,38.98901499889742],[8.45079541516319,38.98902463620913],[8.451063037357725,38.989184917735834],[8.451071106821743,38.98922010422294],[8.45108288591484,38.989298083837745],[8.451116149462823,38.98931316751366],[8.451152750829223,38.98933561828813],[8.451193007233616,38.989355759528166],[8.451273358054912,38.98941104860144],[8.451310870625157,38.98943498506684],[8.451366892454793,38.98944381462097],[8.45140967029422,38.989450554341815],[8.451428765879983,38.989503086202696],[8.45144111972689,38.98954540541386],[8.451448303577648,38.989574186993025],[8.451453455541342,38.98959948697069],[8.45146053453625,38.98963706757699],[8.45150841686154,38.989778805907505],[8.451416408088102,38.98986559900515],[8.451395715488315,38.98988860575217],[8.451355960408634,38.989917299999426],[8.451249327574919,38.98998597188964],[8.45119659629626,38.990085973534896],[8.451198514943247,38.99012056697166],[8.451194929207583,38.99015501827316],[8.45119576125444,38.990194104131305],[8.451238360019511,38.990195230844414],[8.451286089107862,38.9901964934082],[8.45133446958995,38.990234826036655],[8.451374767342104,38.990274811158066],[8.451413548375115,38.99029843004723],[8.451485310536569,38.99029121956793],[8.451547251195828,38.99028248953443],[8.451546425374646,38.99038949376375],[8.451491086889229,38.990453897715966],[8.45146349268642,38.990494548564875],[8.451436748509071,38.99053158176779],[8.451416620707304,38.99056710784544],[8.45140000522475,38.99059473221735],[8.451378998976974,38.990630667775804],[8.451350547177649,38.9906790354328],[8.451343951706198,38.99071761236767],[8.451332764980545,38.99075038607241],[8.451322440964063,38.990790465676476],[8.45131056482303,38.99083162023577],[8.451290917912075,38.99086122453259],[8.451259341195497,38.9909321957931],[8.451190472123043,38.990973929352506],[8.451145823288721,38.99100614644346],[8.451130580484843,38.99103362584178],[8.451100980607299,38.99106778985416],[8.451042663982946,38.99114181353743],[8.451007136993647,38.99125653935174],[8.451060154991778,38.99133392357974],[8.451080564419186,38.991364088447895],[8.451094271713018,38.99138831398593],[8.451112737782253,38.99143089176016],[8.451108722627692,38.99155889347075],[8.45099505726686,38.99169915820283],[8.450950884595969,38.991704647285765],[8.450805783233402,38.99172417491314],[8.450676597436974,38.99181818435319],[8.45070934640027,38.99196466193324],[8.45072695509268,38.9920256791196],[8.450565156531669,38.992024528049875],[8.45045128195635,38.9920243810568],[8.450322250815448,38.9920981163419],[8.45025316945054,38.992258865743096],[8.450285381455735,38.99238630096251],[8.450156097891506,38.99249269986232],[8.450069851428086,38.99263309376996],[8.450033703150176,38.99282779054233],[8.450134803382678,38.99300623802757],[8.450305940694504,38.99308701862385],[8.450533763669615,38.9931993125431],[8.450569789192942,38.993229715035646],[8.450605754720296,38.993271764314485],[8.450635586120356,38.993306381032625],[8.450678799375488,38.993350593778736],[8.450870108072362,38.99348616878438],[8.450920772054664,38.99365424050463],[8.45092824850885,38.99380746654392],[8.45094462889005,38.99392919500029],[8.45093519406944,38.994029400185035],[8.451062326643925,38.9941597923385],[8.45108524690027,38.994196432796606],[8.451115826936492,38.99424348937633],[8.451085568761897,38.99426822176469],[8.450932652569504,38.99435829720968],[8.450844935832226,38.99450206395445],[8.450809416640714,38.99461566326478],[8.450894825746989,38.99477038158528],[8.450842089186327,38.994870382953856],[8.450865992009875,38.99491078938291],[8.450880299539241,38.994936915533074],[8.450893319851419,38.99496524158434],[8.450993712704449,38.99502174343229],[8.450883728115315,38.99508572138318],[8.45093507213474,38.99516593810085],[8.451007054349144,38.995161229599205],[8.451046508290586,38.99516040506813],[8.451083259750341,38.99516097176672],[8.451135964722004,38.99516131432775],[8.451205591626618,38.99518645439368],[8.451238909556961,38.99520158333861],[8.451291616025358,38.995223866495294],[8.45120832232694,38.995295632557806],[8.451257274393175,38.99534068759163],[8.451300456126795,38.99537812526961],[8.45134475711878,38.995375452691015],[8.451382496662575,38.995372943887325],[8.451426050741956,38.99537039212147],[8.451293376458324,38.99549653260035],[8.451336963659768,38.995501964114275],[8.451426409030475,38.99551393444306],[8.451486952069644,38.99552199761384],[8.451464108058936,38.995666407675],[8.451524573808603,38.995729377975984],[8.451574158748567,38.99577269396995],[8.45155958427533,38.9958796830364],[8.451541265095894,38.99593158838733],[8.451520666800239,38.99597805372692],[8.451425784617495,38.99610766380937],[8.45123595089374,38.996203641437134],[8.451148155289783,38.99635754567497],[8.451137728449318,38.99658615594434],[8.451303541870937,38.99662457954137],[8.45129677993467,38.99668253800254],[8.451260029089044,38.99670137625265],[8.451221623350222,38.99671244980159],[8.451187167122006,38.99673127449071],[8.451172930664809,38.996768839511944],[8.451118127591341,38.99688118029925],[8.451144499800971,38.996905937581445],[8.451178433310933,38.99694492768861],[8.451202730164761,38.99697166128037],[8.451233811378444,38.99701035770436],[8.45123009834166,38.99704808576762],[8.451223207086231,38.99710483249652],[8.451215247304711,38.99713127378752],[8.451190305517477,38.997154387536966],[8.451164405673708,38.997178491619046],[8.451138879577712,38.99720070238236],[8.451077813449015,38.99725448364919],[8.451033422502023,38.997300777476575],[8.450999959933663,38.997337122897974],[8.450956263381059,38.99738006866957],[8.450933367182708,38.9974042967709],[8.450911375808662,38.997428143443294],[8.450872342542777,38.997474032583504],[8.450854444381738,38.99749659728129],[8.450804004067848,38.997556668719305],[8.450732050407241,38.99759007993156],[8.450696318539396,38.99760713676219],[8.450621675078466,38.99764445424524],[8.450579750531817,38.997668011449655],[8.45052388111625,38.99769553911638],[8.450466605694269,38.99772269337506],[8.450414629586598,38.997744921773716],[8.450293147532557,38.99776907010845],[8.450218749578754,38.99778192468347],[8.45010629315634,38.99780907465442],[8.449977775448014,38.997815227329454],[8.449941490217705,38.99778842255082],[8.449914096826308,38.997771775738826],[8.449883031407843,38.99774719700565],[8.44976599248231,38.99772054486202],[8.449734089224117,38.997707535316344],[8.449687756113114,38.99768328462476],[8.44959698113366,38.997626488219645],[8.449559734809226,38.997598561390255],[8.449497740300368,38.99763678398488],[8.449391674550974,38.99770341026894],[8.449293790592227,38.99778609351272],[8.449171598180461,38.997907167983875],[8.449132268047586,38.997953186697735],[8.449095850149533,38.99799579576612],[8.44901371583193,38.99816245348673],[8.449006763543668,38.998315272559054],[8.448988114229481,38.99848639775425],[8.449029370797946,38.99861387590066],[8.449038863373277,38.998643206459],[8.44908977984059,38.99877861505945],[8.449132846322394,38.99895003165733],[8.449161665907441,38.99907692837352],[8.449161415336189,38.999220501968374],[8.449120658867043,38.999313800575294],[8.449038286667419,38.999462096685455],[8.449000511939317,38.999514859511066],[8.448927377782294,38.99961701640428],[8.448868345299886,38.999783444259684],[8.44882682365647,38.99994446243492],[8.448792640026873,39.000052296503384],[8.448802824601664,39.000228062568134],[8.448841620856868,39.00041522787725],[8.448862656598001,39.00051670312085],[8.448913215775667,39.00069829282116],[8.448936509385844,39.00075704637595],[8.448949565763268,39.00078373453855],[8.448964201016707,39.00082469048865],[8.448998390848699,39.000883424302685],[8.449038424648524,39.000933175336314],[8.449096093921925,39.00094245802079],[8.449165487094529,39.000929269660126],[8.449212567076058,39.000907635995176],[8.449230309689186,39.00094240232252],[8.44925171216217,39.00097923778911],[8.449253378066121,39.00104901990199],[8.44930228138342,39.00115970094875],[8.449416636097483,39.00120230074532],[8.449435543605997,39.00122879028108],[8.449463045761739,39.00127760433349],[8.449495932360282,39.001318310214884],[8.449561989744405,39.00131417572136],[8.449594778537922,39.0013178808481],[8.449593680075404,39.0013717125839],[8.44969985806846,39.001397726137405],[8.449685156498637,39.00148928967117],[8.449759800707156,39.001543708431285],[8.449788102882701,39.001617057551506],[8.449856598113525,39.00171988281245],[8.449907900906762,39.001805731748206],[8.449982986914444,39.001862518805595],[8.450016597243547,39.001936906658614],[8.450141834296018,39.001982552386366],[8.450251515657548,39.00202056242809],[8.450254185114645,39.002105398962165],[8.450257557944076,39.002135462923576],[8.450262802568272,39.002163320735],[8.450261459536279,39.002193752663345],[8.450360371373746,39.00229544223776],[8.450422611264525,39.00226209637632],[8.450412242580695,39.00235915384326],[8.450531281577703,39.00238818832426],[8.450540581613144,39.00243150512524],[8.450548072948411,39.00246543898695],[8.450422398442358,39.002557543257964],[8.450477493467929,39.00263181319921],[8.450487991756589,39.00267579256765],[8.450504062439252,39.00274558662055],[8.450532234388275,39.00284533614136],[8.450536897778061,39.0028746005621],[8.450550370833822,39.00291488309381],[8.450434190985455,39.00300444765145],[8.450343487424954,39.00312567154606],[8.450323330656396,39.003152609476416],[8.450299152946032,39.00329216927128],[8.450245310549741,39.00334773315333],[8.450217661133149,39.00337626499495],[8.450141514963718,39.00351557984949],[8.450055434760735,39.00353667049887],[8.450036602506346,39.003574784983975],[8.45000943698754,39.00360732185935],[8.450037854739294,39.0036660290374],[8.450111773800812,39.00367003783132],[8.45011833547117,39.0036962005229],[8.450139788547723,39.00373859870442],[8.450088602205414,39.003823963562326],[8.45013300283214,39.003869229152],[8.450070442243359,39.00393201223246],[8.450021135269603,39.0039169211377],[8.449977116008526,39.00391115187139],[8.44983922928516,39.00396246159091],[8.44979053071851,39.00400510212673],[8.44975548419839,39.0040432644512],[8.449748249314853,39.00407718296837],[8.449743755250001,39.0041065970652],[8.449737224339952,39.004153103130925],[8.449709551137149,39.004303148917074],[8.449726315585991,39.00437531719236],[8.449810767259331,39.00445442976418],[8.449821021339584,39.00448071351105],[8.449827808502164,39.00450981675261],[8.44984603949862,39.00457412779522],[8.44996684564523,39.004633270602966],[8.450047840804102,39.004637561509924],[8.45010289451224,39.004649596926065],[8.450137207455278,39.00466160305222],[8.450185744825054,39.004679505589024],[8.450223440926498,39.00470459035973],[8.45025994306185,39.00472994974259],[8.450276177968608,39.00476348145367],[8.450294520189464,39.004807661788014],[8.450345137203046,39.004811897663686],[8.450343305889252,39.00484199566433],[8.450337610930886,39.004882301442755],[8.45031192416054,39.00491786502129],[8.45028746391803,39.00494730581342],[8.450263317326392,39.00497501611347],[8.450267718043238,39.00501121256195],[8.45023335558779,39.00506033864435],[8.450200669060989,39.005092580101845],[8.450163727087771,39.0051219287046],[8.450232216304519,39.00522588097398],[8.450259150969108,39.00525039597219],[8.450273353306507,39.005283035900995],[8.450289602402542,39.005314751003844],[8.45029928469098,39.00534481764252],[8.450313950274984,39.00538505714341],[8.450336568969721,39.0054224216724],[8.450386458684111,39.00544174976984],[8.450385726544614,39.00553636366661],[8.450356534156326,39.005576282098694],[8.450333200175184,39.00560820539834],[8.450344156266782,39.005684851836364],[8.45041969475149,39.005708062055206],[8.450432116197529,39.005761768210036],[8.45044359504017,39.00579952900209],[8.45045213049855,39.00583573049718],[8.450455332805372,39.00590756803505],[8.450457486236909,39.005944354035506],[8.450440186808457,39.0059764112106],[8.45041216303884,39.00602991422687],[8.450381490521595,39.00608377331826],[8.45043311237234,39.00613603399784],[8.450458377796027,39.00617229176812],[8.450442006955518,39.006215981446566],[8.450432692261579,39.006250181260754],[8.4504210747553,39.00629302013513],[8.450425080171174,39.0064207718155],[8.450363999519157,39.00642219531104],[8.450352155178313,39.00646314524952],[8.450348634017589,39.00649922866945],[8.450347146738617,39.00653187486431],[8.45033524348218,39.006574016712335],[8.45032292891954,39.00660572969214],[8.450305564125104,39.00664336810944],[8.450305460547558,39.00667256860878],[8.4503710527809,39.006686346767175],[8.4503441715783,39.00673991281461],[8.450292436647073,39.00681010106901],[8.450236993679704,39.006846790491814],[8.45024042417483,39.00689002015172],[8.450240322039322,39.006925446535604],[8.45023459689856,39.00696499520614],[8.450236337032823,39.007014578848924],[8.450237011969175,39.00706420613258],[8.4502519980876,39.00714648286195],[8.45021445268201,39.00717203578553],[8.450155198701973,39.007208641424974],[8.450130723853755,39.00731474268252],[8.450108126529896,39.00735286914396],[8.450081670489611,39.00739293375664],[8.450101258580274,39.00743125905292],[8.450132315821282,39.00747683839761],[8.450143692614496,39.007530777540815],[8.450148104687393,39.00756089323468],[8.450132401812692,39.007588651398194],[8.450107965060676,39.007626712417164],[8.45009075481965,39.00764926487502],[8.450052014155574,39.00767908524808],[8.450028839186308,39.00769797263581],[8.449961740134658,39.00774591880447],[8.449993546351998,39.00789657208059],[8.449929746615371,39.0079323163196],[8.449889672425611,39.00798829183246],[8.449969505843796,39.00801810982037],[8.449967880391673,39.00807453425636],[8.449915891769365,39.00812242637648],[8.44984650391419,39.00824168308032],[8.44979367711956,39.00835182095547],[8.449680961782896,39.008462960426286],[8.44964473768028,39.008496293402395],[8.449617951512414,39.00852089302657],[8.449589701664923,39.008548215248666],[8.449578061371724,39.00860311728181],[8.449634856187005,39.00863439295636],[8.449609159695507,39.008667708899935],[8.449583052608594,39.008693645384795],[8.449552911182211,39.00871257730314],[8.449514134108753,39.00873179197076],[8.449466296811735,39.00875912626737],[8.449381361407031,39.00883535265175],[8.449328046026295,39.00891346739899],[8.4493071311616,39.00895106906867],[8.449284468105542,39.00899814232321],[8.44926611328106,39.009043106550784],[8.449269337803393,39.009132193529844],[8.449200026294164,39.009180132404325],[8.449172981929173,39.00919865531493],[8.449143778622451,39.00922584856778],[8.449107457665045,39.00926756408472],[8.44910262105831,39.00931961548868],[8.4491034648028,39.0093636088167],[8.449120610836655,39.00940809273975],[8.449142238848268,39.00946589933632],[8.44916380137469,39.009507583582824],[8.449195896743195,39.00954890844276],[8.449225423586206,39.00959736438951],[8.449248624922683,39.00963892659439],[8.449269523243657,39.00967572178245],[8.449284215399869,39.00970006024912],[8.449301370973428,39.00972591251823],[8.449325371138427,39.00975219899436],[8.449346629767827,39.0097772424893],[8.449367192532728,39.009802955836705],[8.449389416195487,39.00983209498806],[8.449411058453862,39.00986129356887],[8.449434027479203,39.009893962333095],[8.44945045668426,39.00994990603844],[8.449483097570079,39.00998422894346],[8.449526674204284,39.01001763022379],[8.449543473515416,39.01008529299537],[8.449539372769085,39.01011813949335],[8.449538577995751,39.0101549611348],[8.449594477462078,39.01021056388653],[8.449620773338205,39.010312497091874],[8.44960542421119,39.01039420270956],[8.449626131127921,39.01042981555168],[8.449654220857834,39.01047973434002],[8.44967003076577,39.01051011016153],[8.449747707406033,39.01055821727404],[8.449774347313673,39.01070165609337],[8.449827454116178,39.01070051881744],[8.449862561941144,39.01072672960201],[8.449913622784013,39.010759498293396],[8.449940551836395,39.01071669835657],[8.449987999647647,39.01071370233799],[8.450026249786825,39.010710303392045],[8.450073062443321,39.01072996404262],[8.450101084677472,39.01074405726459],[8.450138540934311,39.010759206908524],[8.45020308636133,39.01078291333197],[8.450201902413005,39.01082364853017],[8.450211369751276,39.01085531093081],[8.450279225868943,39.01087330626242],[8.450361364538255,39.01092268295009],[8.450404741676952,39.01101407397841],[8.45042826504992,39.011045662902546],[8.450452061121608,39.011079627571554],[8.450485594850695,39.0111137786783],[8.450503476447087,39.01115740617919],[8.450510212124776,39.01118402290309],[8.450516353550496,39.01121161004286],[8.450601094810763,39.011229066542825],[8.450583689055666,39.011297694474855],[8.450550346893579,39.01137490716257],[8.450560628400261,39.01141810867141],[8.450571287044088,39.01144391753443],[8.45058503212066,39.011475222476584],[8.450588016806325,39.011512230427364],[8.450596996065537,39.01154699757494],[8.45060695213202,39.011592708080805],[8.450613166363924,39.01163448197106],[8.450634414619659,39.011656965981366],[8.45065965401436,39.011683413907384],[8.450678355291704,39.01170457748256],[8.450728914680788,39.01174781092366],[8.45073413200137,39.011819924603],[8.450761327724509,39.011887637030824],[8.45074125652849,39.01192933762302],[8.4507284684311,39.01196109614504],[8.450737552001959,39.01201151180919],[8.450740385376402,39.01204046928944],[8.450744540197661,39.01208285434911],[8.450747402062143,39.01210977181564],[8.450754664321869,39.01214986552509],[8.450763622106088,39.01220475197646],[8.450769589210084,39.0122399672033],[8.450773862956018,39.01228534816037],[8.450758571937284,39.01233561212048],[8.450713020762258,39.01234816840421],[8.45067916678899,39.01239399612126],[8.45065365390155,39.012435862109776],[8.450638720734123,39.01247329841968],[8.45062729779485,39.012508931885826],[8.450631214311603,39.01255210520941],[8.450634654192742,39.012593137918294],[8.450635602175439,39.01262751489725],[8.450653310499698,39.01267896782037],[8.450664853018088,39.01271895372687],[8.450678140466353,39.012758984794395],[8.45069004488496,39.012819978527965],[8.450694277464326,39.01286664699725],[8.450696078235113,39.0129079981917],[8.450697761114931,39.01293711605851],[8.450700702425864,39.01297213050473],[8.450713336967047,39.01303042609881],[8.45072011951938,39.0130713222503],[8.45072415378547,39.013105406473365],[8.450718331684564,39.01316208325285],[8.45071338174786,39.013197692231245],[8.45071007399004,39.013226321618134],[8.45068916333014,39.01334034883637],[8.450761645235794,39.013405429621294],[8.450774080944653,39.01348944688033],[8.450752875824254,39.01352999949726],[8.450733391401858,39.013564171235664],[8.45070478147248,39.01366008022739],[8.450690263000105,39.01371106870335],[8.450680039416975,39.01374065405687],[8.450669815536868,39.013776547282234],[8.450696173617912,39.01382615937009],[8.450716761048358,39.01386547055669],[8.450731675460021,39.013896789085756],[8.450769677626678,39.01391969256985],[8.450804341150928,39.01394236765909],[8.450878981627499,39.01399905824186],[8.45087637701245,39.01408388598681],[8.450881314275161,39.0141222025271],[8.450883636386347,39.01415231643386],[8.450884238551856,39.014181392259104],[8.450853154635679,39.014351499063416],[8.450801690552233,39.01434658266557],[8.450803251172712,39.014391814763314],[8.450797490602177,39.0144548654796],[8.450751819927028,39.01459826813123],[8.450742252191207,39.01464369744556],[8.450702525206985,39.01468438812014],[8.450669670821938,39.01472299349945],[8.45064032897913,39.014764584615975],[8.450608221549167,39.01481158927392],[8.45059767536628,39.01484865603473],[8.450599286661884,39.01487971007327],[8.450544786482851,39.014963480573954],[8.450539176782359,39.01499505839866],[8.45053241691674,39.015031672598376],[8.45052622337191,39.01506675034388],[8.45051212538678,39.01513499189589],[8.450425506196764,39.015211519195205],[8.45040293412515,39.01528143835473],[8.450493933549707,39.01543340104872],[8.45057770475042,39.01561627244391],[8.450600288050968,39.01574253444257],[8.450608152438816,39.01578650130286],[8.450646001191277,39.015933111382715],[8.450706908740713,39.0160854611494],[8.45072377366072,39.016145114801496],[8.450734531783606,39.016191756296074],[8.450739532773108,39.01621960296297],[8.450742737432575,39.01649338598358],[8.45076527109902,39.01656670753776],[8.45079123629934,39.01664455086421],[8.45080478337897,39.01668516524125],[8.450801611891867,39.0170951583194],[8.450801019410852,39.01717175020193],[8.450853212997337,39.01733081817383],[8.450813053041275,39.017482692953806],[8.450792821397407,39.017545675510256],[8.45078198295676,39.01757941664621],[8.450780902492486,39.01771908402483],[8.450857502514683,39.017896289368],[8.450906936301966,39.01799677123019],[8.450941373315436,39.01806676954419],[8.451027010630913,39.01819558187468],[8.451033498316617,39.01829022954697],[8.451117702064844,39.018417908655714],[8.451148022650095,39.01844845344072],[8.451243357384634,39.01858857348032],[8.451306143950285,39.018684931352006],[8.451358942835578,39.018765960953495],[8.451408755156795,39.01888878053566],[8.451504006085827,39.01905274730899],[8.451635806225243,39.019187408240896],[8.451705377844407,39.01934017481048],[8.45170477179431,39.01941864364835],[8.451757256058412,39.019540541163366],[8.451795301611034,39.01966237080157],[8.45188002207343,39.01976076523533],[8.451898481948849,39.01980124575436],[8.451996461788433,39.01997758023853],[8.452089802081357,39.02004447566925],[8.452142286303564,39.02016637300061],[8.452152143520236,39.020255405283976],[8.452157134795094,39.02030048402049],[8.452249440273048,39.02050141574437],[8.452341973348574,39.020673062832806],[8.452352613609351,39.02070690402949],[8.452395528753327,39.02084339957525],[8.452443390984644,39.02100319705552],[8.452460214391753,39.02106916619525],[8.452467306571926,39.021157456452244],[8.452492422899082,39.02138565057293],[8.452506829224951,39.02157720608736],[8.452514572643665,39.02160878085949],[8.45252922843168,39.02166854908973],[8.452567085313841,39.02181515755406],[8.45259614843532,39.021978621708755],[8.452635648344875,39.02205990728783],[8.452658690381124,39.02210732439668],[8.45274992903064,39.022259815269834],[8.452826920782192,39.02238745924449],[8.452904137368739,39.02248581770273],[8.452912368038675,39.022511763607845],[8.452950659133569,39.02263246756345],[8.452999811846933,39.022679832226665],[8.453027555014513,39.022772501399274],[8.453010197588723,39.02285126742412],[8.45300904950344,39.02296277518146],[8.453009121298777,39.02299093562935],[8.452994791314548,39.02320150426036],[8.452994140309906,39.02328598063643],[8.45298939514314,39.02334168656656],[8.453039012062439,39.02334701597426],[8.453038586767358,39.02340220779448],[8.453011356937152,39.023450514603105],[8.452999144360048,39.02353606406812],[8.452966192989242,39.0236147569526],[8.452972987494189,39.0236699817252],[8.452949510679023,39.023718307017084],[8.452903442491793,39.023700068499764],[8.45287120628036,39.023760743141274],[8.452815835112075,39.023862985313215],[8.452792104071014,39.023906802860736],[8.452807805452043,39.023930531002954],[8.452807518901926,39.023967700999236],[8.452713660412922,39.0239672606918],[8.452682633396345,39.02405835296391],[8.45268141745582,39.024216042046625],[8.452688342104596,39.02431294529632],[8.45270227173258,39.02450787676862],[8.452762643738938,39.02473118621495],[8.452777186475426,39.02476391925461],[8.452846388085653,39.024919686726264],[8.452991593217158,39.025209175012414],[8.45311484885722,39.025498786386855],[8.453219691698314,39.025667110251334],[8.453377308346955,39.025920161618956],[8.453376839908232,39.02598098433301],[8.453467487279651,39.026118829440584],[8.453485317828013,39.02614594667157],[8.453558030978538,39.02626733427565],[8.453684921985893,39.026479168083526],[8.453742493822318,39.02657067550461],[8.453884648188318,39.02679662005853],[8.45398563219224,39.02699759084868],[8.454002145039514,39.02702244902232],[8.45413038143279,39.02721606881745],[8.454295125093585,39.0274846948136],[8.454378206495802,39.02760093091023],[8.454438093535869,39.027700333629355],[8.454531358496995,39.0277784907327],[8.454597179092364,39.027857645849664],[8.454616977429632,39.02792557224173],[8.45467541772242,39.02801201533118],[8.454761089694498,39.0281388847931],[8.454813636257978,39.02825402265093],[8.454904744299014,39.02837835191345],[8.454959407199354,39.02845294906646],[8.455052398101918,39.02856714937724],[8.455105265436805,39.028640611668465],[8.45513788240297,39.02871848586292],[8.455216257740732,39.02883334858022],[8.455248363340779,39.02893301670979],[8.455321530108176,39.02906289386564],[8.455407248950257,39.02918381834873],[8.455434211164027,39.029245895506335],[8.455447797799595,39.02928200384081],[8.455469628911489,39.02931628353403],[8.455604357759116,39.02945619080849],[8.455741442883767,39.02965845489031],[8.455799408859214,39.02973419435391],[8.455841529106332,39.02978922776619],[8.455877274682441,39.02983593298939],[8.456088935427807,39.0301061277917],[8.456149341075603,39.030186383164896],[8.456263345554058,39.03033785176206],[8.456413284563602,39.03055932380201],[8.456486319982835,39.03063851144848],[8.456556910538751,39.0307329806079],[8.456789788707237,39.03100375415686],[8.456858126130722,39.0310908045099],[8.456961415208625,39.03122237619395],[8.456988588521703,39.03125699225322],[8.457140174033544,39.03145256373057],[8.45717028589874,39.031540449754864],[8.457272831566216,39.03166832219373],[8.45729718377419,39.031712916697956],[8.457332649674301,39.03177786068187],[8.457487369974947,39.03198302791312],[8.45753274861016,39.03205060866366],[8.457591289601492,39.03213838347668],[8.457779128662242,39.032314973829926],[8.457862603294576,39.03244715005762],[8.457881866980147,39.03247765246459],[8.457941066024986,39.032668287852225],[8.458007926106031,39.0328015131623],[8.458062544866147,39.03283555901817],[8.458106889398067,39.03289148772934],[8.458135508833804,39.03292600930697],[8.458195508774137,39.03301189372244],[8.458291158356811,39.033157643014874],[8.45837760083241,39.033350657485954],[8.458417538625477,39.03343982783329],[8.458386703772257,39.033506142418865],[8.45844067965668,39.03362466350507],[8.45851411642334,39.03380184874304],[8.458530019773994,39.0338402193551],[8.45860846871964,39.03396899248511],[8.458672705225167,39.03406781839686],[8.458700859669019,39.034111138931586],[8.458735510919052,39.03416445331284],[8.458814852821508,39.03425380635452],[8.458880135556575,39.03432732448574],[8.458923083290749,39.034377085425284],[8.459018460217592,39.03455887680853],[8.45913416750875,39.03470663328846],[8.45924329992674,39.034859539720294],[8.459431280596181,39.03515777947156],[8.459454113298593,39.035193929259],[8.459555278079847,39.03537462150461],[8.459669890110511,39.03561417234849],[8.459771803806989,39.03576873533303],[8.459814646428057,39.03583234569098],[8.459887481023221,39.0359404832721],[8.459916540606605,39.03606666043464],[8.459989980737566,39.036135823631824],[8.460091362499236,39.036288355439254],[8.46025588407721,39.03650696122766],[8.460386247901145,39.0366346694121],[8.460526730531738,39.03677359275156],[8.46072757602135,39.03696600804822],[8.460842176574324,39.03707579792561],[8.460959829199595,39.03717826125714],[8.461133439736995,39.037329456133456],[8.461224308685132,39.03741886075661],[8.461424457015312,39.037615777228766],[8.461533047867126,39.0377704794055],[8.461603726249026,39.037871169881385],[8.46164735581516,39.037933323365934],[8.461846193355939,39.038186552246465],[8.461947359593985,39.038323312684966],[8.462033476959524,39.03843972839347],[8.462101813379366,39.03858309568316],[8.462165802449237,39.0387027884467],[8.462197655190508,39.03877502412979],[8.462214080852423,39.03881227112218],[8.462311061490041,39.03897491827514],[8.462387917583873,39.03912508307082],[8.46242591524355,39.03922663345435],[8.46243604804612,39.039253713795006],[8.46256347088191,39.03940185780347],[8.462641934368753,39.03953062819832],[8.462674913313373,39.03956229594434],[8.46278316520716,39.039667447203655],[8.462878117347021,39.03981218825588],[8.463033703497176,39.04005620466175],[8.463094282391445,39.040130826032865],[8.463215440574347,39.04028006687833],[8.463246981424026,39.040311138508464],[8.463394649165627,39.04045660921188],[8.46348308889749,39.040583172117245],[8.46351467566935,39.04062837256414],[8.463677819503133,39.040828494994486],[8.463750790258759,39.040920068117344],[8.463774589281284,39.041034207201804],[8.46381874615522,39.04110170502122],[8.463840164002313,39.04113449344667],[8.463937440897796,39.04125884381626],[8.464033529113284,39.04134939660031],[8.464119092643664,39.04148820464399],[8.46414164774887,39.041568413425225],[8.464172664787188,39.04166880473472],[8.464262433204333,39.041831417073446],[8.464328063771875,39.04193872572629],[8.464389260949789,39.0420594830376],[8.464497422745557,39.04227291546313],[8.464571198815465,39.04239039898065],[8.464617310422497,39.042463826724884],[8.464738286120387,39.04270205079791],[8.464763726421742,39.04284183947883],[8.46477295879895,39.042892569894036],[8.464783366359438,39.04304467999431],[8.464807198223346,39.043140533439306],[8.46483081654865,39.04326454412143],[8.464844245902398,39.043292765764555],[8.464903332418151,39.04341694006133],[8.464940012953544,39.04363565715762],[8.464939546448319,39.04374375977057],[8.464939115332319,39.043769507318004],[8.464953657956153,39.043830159080755],[8.465008507676934,39.04402680092951],[8.465068169590456,39.04415998807436],[8.465091836925016,39.04419501504484],[8.46520101902871,39.044356590136644],[8.465333410708892,39.04461401378434],[8.465366384534411,39.044646830556914],[8.465524090234803,39.04480377972101],[8.465564233918087,39.04484372922151],[8.465768550645654,39.045100806967085],[8.46582901187265,39.045168216466465],[8.466097005650402,39.04544959920238],[8.466119935901043,39.0454736739705],[8.46619168739421,39.04555172402536],[8.466313353537167,39.04568406876965],[8.46641027771721,39.045856849715776],[8.466499057675954,39.04600368701336],[8.466554376002085,39.04609517757694],[8.466668001197254,39.046352104711026],[8.466711019431806,39.046449806242975],[8.46686735498007,39.04673414588745],[8.46686653367585,39.04684340207252],[8.46688841031052,39.04690658049127],[8.466925913539036,39.04701488544192],[8.467022983744302,39.0471685177091],[8.467191915960747,39.04735948089866],[8.467249884158148,39.04747367973662],[8.468150166754873,39.04848926259541],[8.46897821928881,39.049417252299136],[8.47013463718765,39.050502285910135],[8.470522669731562,39.0514952835214],[8.470674168858327,39.05149113849626],[8.47077386593605,39.05148841178025],[8.471252223688015,39.05147203457896],[8.471830463733216,39.05144974587933],[8.471877763317682,39.051449090490145],[8.472290234814144,39.05143718660015],[8.472407985547548,39.05143354263242],[8.472986064205049,39.051414532052895],[8.473153675900491,39.05140907429472],[8.473563993011172,39.051401344571495],[8.474157181512231,39.05138934672363],[8.474319836609256,39.05135689081962],[8.474557073141185,39.05099638821024],[8.474572593954182,39.05097280463686],[8.474633087889455,39.050996730647675],[8.474344000186012,39.05140994051989],[8.47426435787754,39.05143571311538],[8.474141490348984,39.051435870180356],[8.473843934902645,39.05144024489137],[8.473563751648358,39.05144475222622],[8.472985976143912,39.05145390338147],[8.472615909490669,39.05146071101476],[8.472407828771159,39.05146890366583],[8.471829827965188,39.05149165768493],[8.47125182682074,39.05151440883679],[8.47067382533119,39.051537158022526],[8.4704859755857,39.05154455055632],[8.470095813988433,39.051561177579956],[8.470053358363353,39.05156298696392],[8.469849101684977,39.05183002553202],[8.468963942106212,39.05270090818053],[8.468278657694183,39.05354323776584],[8.468017279462732,39.05392391224172],[8.467793194298764,39.05425027281657],[8.467758819973389,39.05429459068935],[8.467322113628313,39.05494236058832],[8.467093685812301,39.05528500295796],[8.466993747949896,39.055784689833864],[8.46635952022994,39.05663279359591],[8.466237968946224,39.05681583850292],[8.466107034047646,39.057006931464684],[8.466586947779302,39.057127086603344],[8.466734029511521,39.057163913911836],[8.4669440659592,39.05689791948148],[8.46715887107526,39.056977402052134],[8.467260705224682,39.05682051931508],[8.467291726535759,39.05677335317885],[8.467562889644173,39.05637134347166],[8.467745339334705,39.056102338923246],[8.467869490781561,39.05592218695393],[8.468156465480225,39.05550898484826],[8.468180689991339,39.05547305145497],[8.468334696871583,39.055244602656515],[8.468489533807086,39.05501737573934],[8.46877864681567,39.054607330276895],[8.468737238554619,39.054573687610144],[8.468884868914936,39.054312699315844],[8.468919588740984,39.05430609902884],[8.468994817512927,39.0542917983828],[8.469095329255527,39.05412555070942],[8.469242021348013,39.05388291797263],[8.469500007854135,39.053963317261385],[8.470071460233894,39.05414006732916],[8.470653028515292,39.054322631280534],[8.471229543255797,39.05450228583954],[8.47128143014273,39.05451845466672],[8.471493314258858,39.05458699807683],[8.471744043808888,39.05466810744697],[8.471601827988513,39.05494793476379],[8.471723098706098,39.0549586217305],[8.4717473717901,39.054997028342115],[8.471724034138838,39.05503859939726],[8.471471731628693,39.05548801226787],[8.471346209908482,39.05571159493745],[8.471206353827775,39.05567454127138],[8.471106823602803,39.05584792933769],[8.471058982753153,39.0559366969782],[8.470816748287431,39.05638615400725],[8.47075376813613,39.05650301278527],[8.470635434846058,39.05667904277644],[8.470550701170207,39.056805089627275],[8.470533711491539,39.05683542526011],[8.470322283436726,39.05721293152578],[8.470338022542265,39.05727451608225],[8.470321391411392,39.05733232481798],[8.470266603734688,39.05731743279322],[8.470216813093321,39.05740731760325],[8.470628986377196,39.057542650329154],[8.470922984080232,39.05763918043674],[8.471207954757647,39.05772781832709],[8.471537022113257,39.05782781930677],[8.471678137015418,39.05789040967409],[8.471771498824555,39.057924624530855],[8.471762624560226,39.05799104094398],[8.471719042087347,39.05802350908842],[8.47179245475454,39.05805935379699],[8.47192667859995,39.05807738927561],[8.472078510989324,39.05805892880045],[8.472273683561948,39.058040663349345],[8.472358950410815,39.05803672648539],[8.472451444504069,39.058032456397456],[8.472604686676394,39.05801850630643],[8.472785285957457,39.05800488153901],[8.472839247726172,39.057997626357086],[8.472884477457628,39.057991320210924],[8.472946026835842,39.05798407224002],[8.473013878990018,39.05797304819335],[8.473107552502727,39.05799061792378],[8.473166881069083,39.058000550446295],[8.473275011186646,39.05802153570681],[8.473452737362905,39.05801783266521],[8.473580044399524,39.05799475300619],[8.473697488333139,39.05793783764324],[8.47379463143092,39.057890967251836],[8.473881412064655,39.057789229565444],[8.473909635436616,39.057767668755275],[8.47398413731142,39.0577632207679],[8.4740796538921,39.057761052714326],[8.474143127798051,39.05775514193957],[8.474200073444488,39.05774897822034],[8.474253550861903,39.0577477667068],[8.474319461257966,39.057749474065275],[8.474355291697618,39.05775005999122],[8.474442722680282,39.05775066758887],[8.474503227493805,39.057751755745144],[8.474557830242967,39.057756990360446],[8.474694254434786,39.0577646282497],[8.474837866859168,39.05785801908414],[8.474897176431174,39.05786850573058],[8.474932454964833,39.05787745227866],[8.474981102781488,39.0578893092416],[8.475149723962918,39.05789707441715],[8.47526722668597,39.05791946881099],[8.475454072601785,39.05796264751471],[8.475829910076532,39.058116400238504],[8.476008490520208,39.05820557726509],[8.47609392186957,39.058179537568215],[8.476167568312674,39.05821253484403],[8.476233596867079,39.05824211686313],[8.476336980359969,39.05832818650946],[8.476401493543268,39.058395837504555],[8.476445934877523,39.058442441036924],[8.476597201461496,39.05850056543723],[8.476743785057367,39.05860597736829],[8.47686010996394,39.05866619834722],[8.476920759767859,39.058701945634084],[8.476976554471804,39.05872511762967],[8.47700886912737,39.058740952827726],[8.477059461322797,39.05875665190406],[8.477168593821753,39.05879373744019],[8.477460917443842,39.05892345610806],[8.477553118451011,39.05895891549616],[8.477929129049592,39.05910352217928],[8.477978988673996,39.059121767743534],[8.478063128221255,39.05915255709125],[8.47812942737739,39.059174024672636],[8.478197169040515,39.059195959142215],[8.478240094377552,39.0592524711163],[8.478339967306963,39.059310853522895],[8.478593132575764,39.05937795296619],[8.478705520880977,39.05941890480422],[8.478884190415705,39.059484008038936],[8.479104665340682,39.05956158718822],[8.479156775086375,39.05957758950221],[8.479281969114531,39.05961603519336],[8.47935404321118,39.05963816855891],[8.479525725674721,39.05970912572555],[8.479557574934432,39.059719378412915],[8.479605409305687,39.05974344628432],[8.479699787368226,39.059773752081604],[8.479858605284447,39.059787989919364],[8.479951007978991,39.059796274175014],[8.480267158267932,39.059830349090824],[8.48042432031059,39.05986033484016],[8.480767734975108,39.059932827410584],[8.48101292470592,39.05999002875698],[8.481077827090154,39.06000516980258],[8.481186900106248,39.06003719423677],[8.481260917627717,39.06005892506118],[8.481589600344817,39.06015742175223],[8.481833230072112,39.06023042727177],[8.482028059471133,39.060259452718334],[8.482178244061528,39.0603130603829],[8.482447631492152,39.06037620720539],[8.482630699385345,39.060433339409265],[8.482743163698432,39.06046442495088],[8.482825339826407,39.0604885446907],[8.482897296598878,39.06049534641707],[8.483082303890313,39.06051644176334],[8.48332013987281,39.0605918371006],[8.483356176021502,39.06060326073252],[8.48366609328339,39.06070037623635],[8.483913257990144,39.06074608646372],[8.484087623656379,39.06074729769864],[8.484233196335666,39.060795249422995],[8.48447421981296,39.060829976402125],[8.484507414998445,39.06083475939199],[8.484709642822894,39.060840158698035],[8.48487416957392,39.060864539904344],[8.485051563845877,39.060907592105636],[8.485214524291907,39.060948744746376],[8.48531243640615,39.06095658590128],[8.485471656769064,39.06097004381563],[8.485628512438922,39.060976961576806],[8.485727167932948,39.060983196264345],[8.486062140731375,39.061012832888736],[8.486206511412405,39.0610275490031],[8.486281583636224,39.06103520130963],[8.486709288290347,39.061028073374594],[8.486784457754426,39.06102246221876],[8.487008518206268,39.06100573563215],[8.487241118868374,39.061006758554676],[8.487362275782884,39.061034948327226],[8.48742862428822,39.061050385962375],[8.487606187742273,39.06107031411935],[8.487939591865768,39.0611171092789],[8.488020418017213,39.061128453284006],[8.48829477840273,39.061148806200976],[8.488501607447226,39.06113965614188],[8.48867303739178,39.06118651003859],[8.488953112222188,39.06121589674886],[8.489120784857795,39.061198306233585],[8.489380955732845,39.06118961175235],[8.489575962472486,39.06119497100504],[8.48967264270906,39.061211564687014],[8.489777981020376,39.06122964606858],[8.489966836126177,39.06128679208516],[8.490142470081741,39.061374291853284],[8.490249202878275,39.06139941934715],[8.490383905746908,39.06143098491271],[8.490751281800227,39.06149747566413],[8.4908263136677,39.06151104612188],[8.490917216549324,39.06152748649073],[8.491049792775668,39.06157537298],[8.491348070018955,39.06168593406841],[8.491402847205821,39.06170337983299],[8.491634927471504,39.06177729674163],[8.491787320591813,39.06188609429129],[8.491817481658451,39.06190762639285],[8.491978890665138,39.061964530603476],[8.49228009080227,39.062070715394164],[8.492555395652817,39.06216180563458],[8.492797549064111,39.06224192590984],[8.493046878944767,39.06232861539634],[8.493085258168163,39.06234229900621],[8.49312968442286,39.062357492127305],[8.493411483909874,39.06245860828913],[8.493721784780712,39.06257241090195],[8.493881420757454,39.06260820508807],[8.494038827515025,39.06261902569279],[8.494148291525805,39.062666809285865],[8.49428535915732,39.06269330370195],[8.494374813482771,39.062710593862064],[8.494722441767916,39.06279069881419],[8.494778160337104,39.062800201007825],[8.49486072784699,39.06281625976902],[8.494922989964873,39.06283011380412],[8.495081816940637,39.062844318348084],[8.495124926538931,39.062801702749375],[8.495148750063068,39.06277815151792],[8.495277566645703,39.06274604354158],[8.495440968608,39.062726605205086],[8.495478565767774,39.06272213340964],[8.495631606664183,39.06273743767029],[8.495771580532814,39.06276169732188],[8.495910025556228,39.062805098970294],[8.495971961664798,39.06282451544481],[8.496018127121422,39.06283420013643],[8.496136425005806,39.06285901718321],[8.49634396661383,39.06293087679141],[8.496459477020421,39.062941513182444],[8.496585517695877,39.06297472198266],[8.496856012654973,39.063052484405645],[8.497020700761672,39.06305544761323],[8.497172183780767,39.06308683711492],[8.497276057560223,39.06310836210513],[8.49749542287454,39.06314309948669],[8.49765410856918,39.06317757509179],[8.497749218548694,39.06321252101931],[8.497837124375877,39.063244819900994],[8.497899993005271,39.06326423936747],[8.498007241134692,39.063297366621526],[8.498239849713043,39.06329836765673],[8.498326412617441,39.06331615147932],[8.49866545330476,39.063385803426556],[8.498769739884102,39.063349080547205],[8.49890004408299,39.06325655765628],[8.498929477736496,39.06323487524875],[8.499108029115009,39.06311624494115],[8.499223889251976,39.06307731946535],[8.49921892181935,39.06296240638943],[8.49920084793189,39.06286208021002],[8.499321932680406,39.06281979697311],[8.499360170304618,39.06280644434717],[8.499486213264541,39.062757645507716],[8.499567345024587,39.06272623374831],[8.499721165943898,39.062631150732784],[8.49985666536617,39.06247065781943],[8.499978597114875,39.06239008087531],[8.500013398718021,39.06237220770654],[8.500067049990976,39.062344654413835],[8.500143903411887,39.062305184125755],[8.50030907432789,39.062239435337304],[8.500359068599215,39.062115746583714],[8.500452025690855,39.06204630808321],[8.500598342394627,39.061990615705085],[8.50064757338682,39.06197517768191],[8.500733005586103,39.06194838913703],[8.500861610258951,39.06192528616265],[8.500916713175325,39.061917186639015],[8.501087507720428,39.061873312041584],[8.501242127735098,39.06184661003182],[8.501405717010488,39.061822859481424],[8.501538704952415,39.06181329038324],[8.501625555621457,39.06179000719173],[8.501785918391125,39.061723377887155],[8.501998711471767,39.061650083206835],[8.502204465355913,39.06157493602712],[8.502387221722659,39.06151567440749],[8.502459539473616,39.061491559926196],[8.502496148800777,39.06148308698936],[8.503515697778166,39.06114203741751],[8.504715748295808,39.06166213153814],[8.505268806964823,39.06227686247113],[8.505381164540127,39.06232526237686],[8.505600437299941,39.06237350001234],[8.505846032221424,39.06237652518649],[8.505916742954579,39.062377132066935],[8.506356509590727,39.062310246201356],[8.506424499657676,39.06229803365157],[8.506564820730777,39.06227283021056],[8.50693047821278,39.06225522798928],[8.5070027282898,39.06225369425349],[8.50728450574901,39.06224771397738],[8.507580630521495,39.06225623673883],[8.507651412128473,39.06225827384366],[8.50784579670727,39.062353711841745],[8.507967156319035,39.062354223930505],[8.508158121339228,39.06231807817835],[8.508211649701996,39.062307946455036],[8.508321841727865,39.062252092033674],[8.508420483254913,39.06219506152024],[8.508590831966973,39.06221492822992],[8.508727862584523,39.06225376257378],[8.508944601681174,39.06224457835642],[8.509238020067816,39.062226664698855],[8.509314660778788,39.062217168596405],[8.509457818640064,39.06219942946744],[8.50965345222011,39.06211464676983],[8.509896530895073,39.06210553097607],[8.510106322392094,39.062020807013724],[8.510492669867379,39.06202275912236],[8.510801046384152,39.06205300966426],[8.511049241187184,39.06209808191069],[8.511118504078317,39.06211065994692],[8.511277163224523,39.062149622514646],[8.511373107404006,39.06227392754481],[8.511634141670937,39.06231778266511],[8.51179490105965,39.062422125920655],[8.512120414014102,39.06263545121562],[8.512156428696398,39.06265905260296],[8.512193382261062,39.06268227402957],[8.512224030975608,39.062703264936424],[8.512564297028918,39.06277750166858],[8.512778006717019,39.062824127409606],[8.51300768546857,39.06287504208965],[8.513355143597668,39.062938699474415],[8.513424406803443,39.06295157982041],[8.513934754296352,39.06289776113759],[8.514118391740098,39.0628823846304],[8.514510637254544,39.0629014602651],[8.514823193479536,39.062921362816994],[8.51494364385692,39.06288581999569],[8.515089576772437,39.062842756836716],[8.515124322675286,39.062832504191405],[8.515220750379527,39.06284988396008],[8.515299547626821,39.062864078809525],[8.515435276145695,39.06288850899158],[8.515482216238842,39.06289467303476],[8.515661136445896,39.062939153874645],[8.515909169658853,39.062997966193116],[8.516244015839167,39.06303369460855],[8.516348073705501,39.063044841416165],[8.51670533292838,39.06319951188013],[8.516830302463314,39.06333367380352],[8.516992202077667,39.06350707820159],[8.51719035216947,39.06378733217613],[8.517264388988037,39.06389193510184],[8.517392544814268,39.06412495786554],[8.517415378600397,39.06416664170784],[8.517479842951397,39.064248009172005],[8.517587282720404,39.064383619725646],[8.517793617165507,39.06463678461749],[8.517791601033995,39.064699854615434],[8.517778931934204,39.06509629099695],[8.517683206454706,39.06514996136904],[8.517523662886752,39.065239413310096],[8.517384503165498,39.06530595463573],[8.517187360456868,39.065400221077915],[8.51682649996051,39.06545310093653],[8.516516285463847,39.06549656300588],[8.516226967148043,39.06554711623346],[8.515962153936975,39.065593386512425],[8.515659260654262,39.065646196056875],[8.515048417931375,39.065760435287146],[8.51451176914956,39.06587595792257],[8.514201601870264,39.065919477098916],[8.513912675834108,39.06591234469475],[8.51376243427451,39.065908635633726],[8.513335336049892,39.06582350148652],[8.51288515237502,39.065733763756405],[8.512758202220564,39.06570491215406],[8.512481220210153,39.065641963953524],[8.512180696008205,39.06564070723454],[8.51213446116161,39.06564051382295],[8.51181032416691,39.065711246863785],[8.511601104994824,39.06587919092427],[8.511419462575153,39.06602499881731],[8.511240781081774,39.066168427262916],[8.511296081554498,39.0664915577597],[8.511052299198056,39.06668127116127],[8.511017508586741,39.06669764459319],[8.510634814186416,39.066877764279084],[8.510437215154493,39.0669131679936],[8.510241315387335,39.06694820094042],[8.510169260123943,39.06692086475146],[8.509953092351429,39.066838856810186],[8.50986078846826,39.066814438768446],[8.50936465458876,39.06668319335676],[8.509284303972668,39.06660175550996],[8.509150387463402,39.066466025044896],[8.509123604449163,39.066438879655294],[8.508767032780618,39.06618506680392],[8.508709551127717,39.06613976872874],[8.508537586573102,39.06600450353514],[8.508133556212487,39.065857996679995],[8.507857774456081,39.06562254413386],[8.507821673118647,39.065559313471404],[8.507697895265746,39.06534252433419],[8.507559975155573,39.065229303091655],[8.507422058961572,39.065115581580436],[8.507154956412306,39.06529517603382],[8.506981024804952,39.065373950149976],[8.506564424653984,39.06556238458154],[8.50697851785681,39.065734336539215],[8.507070724372829,39.06577240839682],[8.507335274734197,39.06600781534609],[8.507426849463751,39.06608930284804],[8.507553049031426,39.06622612820293],[8.507610411470349,39.06628832231517],[8.507761263484058,39.06646016987041],[8.507816841876833,39.06652348274715],[8.508127027716476,39.066798503509276],[8.50818447044123,39.06684943369309],[8.508305400145261,39.06691302102441],[8.508460881841692,39.066994776240264],[8.508702977900429,39.067087988046126],[8.508910490153438,39.067167882069235],[8.509237581288227,39.067367503286704],[8.50926814775421,39.06738501088631],[8.509567349446911,39.067459001535696],[8.509738676269775,39.067757089192185],[8.50985234118943,39.06782222854019],[8.509991976263542,39.06790233093844],[8.510267772799706,39.06813777844281],[8.51042894564961,39.068233071703055],[8.510498019197946,39.06827391198731],[8.510728267638742,39.0684100450845],[8.510981074559453,39.06862737206855],[8.511003976966402,39.06865877025089],[8.511053597385507,39.06872679827231],[8.511198645956998,39.068925650552984],[8.511428587239378,39.069106836882746],[8.511509893013232,39.06917926604797],[8.51157794399405,39.069239886356826],[8.511692833921728,39.06934223169796],[8.511899161452815,39.06959540676197],[8.511947160810449,39.06963165238279],[8.512173261664108,39.06980257454446],[8.512493853495492,39.07008449455659],[8.51272667912732,39.07028954295929],[8.512956483020396,39.07049192718325],[8.512964734326824,39.070537017546364],[8.513001047838092,39.07073541336349],[8.513253622415125,39.07098877911618],[8.513296004521727,39.071006958546306],[8.513541620005832,39.07113415793566],[8.513806252199082,39.07131548424684],[8.513875016587976,39.071402277344006],[8.513900418066427,39.07143857032543],[8.51426468114919,39.071894105611875],[8.51432198572805,39.071966432818996],[8.51444816542177,39.07210944662991],[8.51450551936869,39.072174452368245],[8.514687375088496,39.0723464199288],[8.514735232791033,39.0723916749805],[8.515011088486581,39.07271722227888],[8.515064798961504,39.072798545343375],[8.515227861622897,39.07304252331281],[8.515413542752711,39.073250550333896],[8.515445834075939,39.07328672922465],[8.515595384416661,39.073393845538604],[8.5156989203371,39.07346800232367],[8.51594007734723,39.0737032924099],[8.516169552819019,39.073956555876066],[8.516207325448525,39.07415495665622],[8.516258833171353,39.074425503798444],[8.516442564478835,39.07460648753284],[8.516580363282191,39.07474222559321],[8.516740806741241,39.07494789303717],[8.516763727474506,39.0749772743406],[8.516988597027906,39.075059305657554],[8.51706355443084,39.07508664963755],[8.516911367549495,39.07536536295832],[8.516969836955512,39.075509783049114],[8.517013689166184,39.07561809787133],[8.517081207496144,39.07588871090499],[8.51731288690106,39.0759575594127],[8.517450401255244,39.07599837244983],[8.5178662659771,39.076045147589575],[8.517792207463081,39.07641429674703],[8.517770531961666,39.07652234028001],[8.517469410183429,39.076602194270926],[8.51735581278331,39.076731258844475],[8.517306297361253,39.07678746382582],[8.517248565629808,39.07685570253204],[8.517304441906902,39.077059789972395],[8.51732700062115,39.07714227068846],[8.517486347665285,39.07731414151001],[8.51754505533857,39.07737746171771],[8.517880229477154,39.077390726509066],[8.518053597259641,39.077397586989136],[8.517997901851102,39.07755279317652],[8.517923779994272,39.07775951481114],[8.517876730222016,39.07790508137844],[8.517805858260937,39.07812646131439],[8.517792106111923,39.07821651524341],[8.517745355462898,39.078522699868124],[8.517651859488756,39.078666489161726],[8.51735865203344,39.079117352749044],[8.517298924232007,39.07921102441822],[8.517206929912618,39.07949366993115],[8.517221301427632,39.07956581787322],[8.517285180042611,39.07988647708576],[8.517305932448565,39.08000630067619],[8.51737494102936,39.08028734093144],[8.517437112145874,39.08046782066348],[8.51756767275027,39.08084682627006],[8.517616982874758,39.080919119595634],[8.517808062305264,39.08119925333671],[8.517849036652374,39.0812705794344],[8.518013651125814,39.081569558377495],[8.518184250317216,39.08198477338295],[8.518250124233422,39.08249867738489],[8.518249282772267,39.08279187733097],[8.518246998607085,39.08295823017819],[8.518253235807391,39.083174522043805],[8.518259304129357,39.08361385838098],[8.517985196319273,39.08405199537327],[8.517959086927831,39.08407441534097],[8.51783400582008,39.08418182575612],[8.517729336300034,39.084271709046824],[8.517370495372699,39.08433330244405],[8.517256203286843,39.08413850274728],[8.517209512386634,39.08405892381291],[8.516854768922533,39.08366434618114],[8.516774144678465,39.08361895718194],[8.516682003970033,39.083567083719444],[8.51645165222525,39.08343739794176],[8.516091522001199,39.08324207115712],[8.515957740728348,39.083165015626996],[8.515691486801163,39.083010721207124],[8.515529859920004,39.08297588396453],[8.515137338854975,39.082891274057864],[8.51510998315255,39.08287595486944],[8.514952649670768,39.08284754972711],[8.514583131049537,39.08278083518924],[8.514374858181991,39.082804298109],[8.514120303172005,39.08283297450816],[8.514014519524952,39.08308484438555],[8.5139400296957,39.08315662228813],[8.513784966614988,39.08330728671632],[8.513330473945258,39.08336133466736],[8.513214816609382,39.08336685962964],[8.512983504205597,39.08337790831823],[8.512835955493403,39.08361390069816],[8.512632496678515,39.08398126538818],[8.512593404667255,39.084052109924116],[8.512538833330767,39.08415100365081],[8.512317611617236,39.08437535578861],[8.512096018033082,39.08450058319586],[8.512050645043459,39.084526224718005],[8.511795285843279,39.08467053554946],[8.511470096556351,39.08488078888293],[8.5113660189452,39.08494808064177],[8.510889400333642,39.085256237365364],[8.51067364705916,39.08539573047276],[8.510355153673236,39.08560164915816],[8.51030873378202,39.08562650252896],[8.50990424844283,39.085843054209455],[8.509728472626854,39.08593716037741],[8.509670445766012,39.08596822653945],[8.50914826292937,39.086239658629474],[8.509051375824887,39.08629002047435],[8.50856805458865,39.086541246550176],[8.508315166067959,39.086672693064564],[8.508243135484213,39.086710135223676],[8.508184827476285,39.08673687950646],[8.50798796186868,39.08682714452737],[8.507406822696781,39.08709342420048],[8.507268789051142,39.08715657506093],[8.506819966153243,39.08708274692348],[8.506332795207978,39.08707171923666],[8.506252095448938,39.08706743155444],[8.50596296090986,39.08705192777159],[8.505709622172636,39.08689770955109],[8.505677133386145,39.08686480816905],[8.505541750158997,39.08672572099924],[8.505480058964316,39.086662404729715],[8.505084158549687,39.08647497267354],[8.504742419971453,39.086325863986964],[8.504652869466488,39.08627141666785],[8.504523665723225,39.086192858150824],[8.50433945360083,39.086080852356226],[8.504156102488466,39.08584578459887],[8.504132445144831,39.08581865053133],[8.503949641306413,39.085608980005006],[8.50390376071465,39.085556357010354],[8.503654193776441,39.08536606157976],[8.503547237584911,39.08528450675018],[8.503457333659645,39.084914669273246],[8.503445022334892,39.084890743591245],[8.503377487527658,39.08475950315497],[8.503331860664266,39.0846708363873],[8.503071352001847,39.084516537707934],[8.503031075468659,39.08448933258483],[8.502989821986949,39.08446278380132],[8.50279417325715,39.08435315620688],[8.502763530654706,39.08430797156062],[8.502726069671379,39.084291478185165],[8.50222835399175,39.0841003581304],[8.501914110474491,39.084047530071544],[8.501647484893061,39.084147140067245],[8.501496782997965,39.08420344097838],[8.501159972250907,39.08441826648255],[8.501066811054399,39.08445234006504],[8.500487647104041,39.08466323917212],[8.500035565318335,39.08482796022443],[8.499909245930674,39.08485535670899],[8.499711329765718,39.084898657855355],[8.499313832435123,39.08498532768179],[8.498832126294927,39.08496697058805],[8.498751219154924,39.084962984107904],[8.498231106704834,39.08493735232691],[8.498173291256906,39.08493815151447],[8.497733888513192,39.08494422275788],[8.497594833849899,39.08498786034741],[8.497015437416648,39.08516967928252],[8.496969085201036,39.08518422517486],[8.496763351891397,39.085236572628865],[8.496435680255107,39.08531969340982],[8.496371064496046,39.08533483241976],[8.496019288479516,39.08542342311217],[8.495856961430578,39.08548754941394],[8.495277220034001,39.0857165766212],[8.495184460317583,39.085753221709744],[8.495033138845166,39.08577959903117],[8.494698242790376,39.085837975947676],[8.49447828593033,39.08587631656333],[8.494455149181617,39.0857770944865],[8.494445935070301,39.085737585692634],[8.494410973629629,39.08558767056322],[8.494156707101297,39.08577579925459],[8.49412038286821,39.08580267512019],[8.493634074948785,39.08589968689831],[8.49354172563137,39.08587895215153],[8.493183871497724,39.085798609158566],[8.492963196555914,39.08593715500134],[8.492870281207928,39.085995489209495],[8.492841722060954,39.0861156341193],[8.492816786963576,39.08622053349887],[8.492786830404171,39.086346558395135],[8.492508181124995,39.086507544834774],[8.492380892035243,39.086537131246295],[8.491975425079296,39.08663138004443],[8.491811083465898,39.086671944873544],[8.491222506834895,39.08682333272755],[8.490759147261983,39.086941461921796],[8.490654490732934,39.08712371484464],[8.490618589054744,39.08719315831684],[8.490396768865313,39.087489554237024],[8.490187092908585,39.08770490339057],[8.489931441317685,39.08747460750249],[8.489865429815396,39.08741514250754],[8.48980275722529,39.08736248378689],[8.489555069432033,39.0871614739009],[8.489034155354943,39.0871951927433],[8.488907189813135,39.087214503161114],[8.488687262119333,39.08724778220546],[8.488431854679316,39.087390839372965],[8.488437396085823,39.08755306253326],[8.48844139912239,39.08767022410615],[8.488324445261677,39.08785412225019],[8.488229949829217,39.088002705941136],[8.48793946274612,39.08845845518668],[8.487795247238457,39.0887096201884],[8.487739544357408,39.08880188479474],[8.487722612355823,39.088844001486734],[8.487611568122183,39.088602149136975],[8.487584885896304,39.08855020788217],[8.487555755000805,39.08851148962728],[8.487535808788147,39.08848454694767],[8.487505963829202,39.088450078802275],[8.48742620592794,39.08834948011721],[8.487373765437729,39.08820619853792],[8.487225679347011,39.08799829283093],[8.487177141949052,39.087935002243626],[8.487008760085033,39.087715743055206],[8.486940834800022,39.087546486094084],[8.486903703538044,39.08745395935076],[8.486628459718432,39.08709455742538],[8.486595875054245,39.08705201110071],[8.486560081006514,39.087005272165406],[8.486368769941196,39.08668003097292],[8.48635169637863,39.086642784776586],[8.486283402293003,39.0864938017672],[8.486066033790966,39.08619097221973],[8.486024422897273,39.08613300301405],[8.48600439127527,39.086105095495],[8.485752455040851,39.085739035820744],[8.485684028632619,39.08563961227862],[8.485441385648157,39.08527948168822],[8.485180760147074,39.0848872194212],[8.485143451092698,39.08483524057434],[8.485053421953355,39.08470981510523],[8.485054150797037,39.08460957017495],[8.485172174616578,39.0846765476752],[8.48532355337124,39.08472790277455],[8.485398639461064,39.08473724532825],[8.48545637932675,39.08474684380049],[8.485711882395782,39.08478931507106],[8.485960401333593,39.08479829568945],[8.486034313039807,39.084770172402294],[8.486112573659852,39.08474039396283],[8.486253004213811,39.084707221868925],[8.486393009906344,39.08473261931371],[8.486479411782549,39.08477580192939],[8.48660985609719,39.08484406359923],[8.486640663363291,39.084860990615844],[8.486814787713426,39.08484418625528],[8.48687955572757,39.084802344162576],[8.486965558254841,39.08470134804784],[8.487073948760484,39.0847018249027],[8.48719078647313,39.08473329481492],[8.487235502614094,39.08474533842601],[8.487355520198722,39.084736854998425],[8.487539062361309,39.084737661803835],[8.487690500028256,39.08478112933544],[8.487768319538416,39.08481208841064],[8.487856553271603,39.084847189645465],[8.48790698944433,39.08485666921913],[8.48791727572151,39.08479902139991],[8.488004321860737,39.08475322240068],[8.488219724113357,39.084745156875776],[8.48834693299118,39.0847415096377],[8.488458240601188,39.08473831875302],[8.488458793787954,39.084661727293174],[8.48841617052062,39.08456016483815],[8.488348745730157,39.0844905804488],[8.488318619809178,39.084459488637755],[8.488267899719402,39.08439844167936],[8.488234085608163,39.08435774309071],[8.488180144150977,39.084222340851085],[8.488148517710739,39.08412468693923],[8.488133539979946,39.084086165196595],[8.488118205873564,39.08404832222936],[8.48807325844732,39.0839936137382],[8.48798104009891,39.083887359326916],[8.4879249638535,39.08378875544189],[8.487908988687462,39.0837577256663],[8.48789454667427,39.08373069095807],[8.487874372604796,39.08369720972507],[8.48782683386973,39.08361397486292],[8.48779459891646,39.083568594576235],[8.487710613195151,39.083451531186135],[8.487693308507259,39.08342834335177],[8.48767663015321,39.083405521416196],[8.48758893453091,39.083283672933284],[8.487513154389035,39.08317899253844],[8.487487857963623,39.08314034515613],[8.4874747271232,39.08311493996668],[8.48745955587452,39.08309109735205],[8.487441557368467,39.083059799094535],[8.487412759202202,39.083013605681295],[8.487395861307888,39.082982483466594],[8.487379755685723,39.0829526019638],[8.487363432128694,39.082925197567846],[8.487347116677233,39.08289779320515],[8.487282930128186,39.082785636609735],[8.487204172556092,39.08266978890862],[8.487171477426013,39.082615422299654],[8.487075172104168,39.082479567361375],[8.487054904209424,39.082451321049206],[8.487035732631506,39.08242383919667],[8.486951113913468,39.08230130629147],[8.486909687863802,39.08223925792922],[8.486889581602151,39.08220946598451],[8.48682255555793,39.08211567758452],[8.486716569699047,39.0819768060557],[8.486633199768722,39.08190289990071],[8.486565741143412,39.081838570516524],[8.48648496075369,39.08168835567524],[8.486467500780536,39.081655922425476],[8.486454272107789,39.08162703567586],[8.486441424368017,39.08160174154786],[8.486433035715132,39.08157520549602],[8.486421116651785,39.08154445379433],[8.486399189932468,39.081488657460895],[8.486314354961417,39.08132036087173],[8.486278930894253,39.0812706921123],[8.486254403034945,39.081238644906406],[8.48620205644048,39.081171274840685],[8.486062776096768,39.08099381890264],[8.485945518516282,39.08087503150145],[8.48592372971224,39.080840137960685],[8.485904306514366,39.080815585235435],[8.485888742779643,39.0807929139316],[8.485798282976424,39.08066362307703],[8.485704440025785,39.08055113385002],[8.485627773277736,39.08043288288761],[8.485613225287013,39.080409668148235],[8.485528061511456,39.080299332882056],[8.485508431140278,39.080265617531396],[8.485477024869075,39.08021479660104],[8.485457662297621,39.08018194208756],[8.48538834590306,39.08008326949877],[8.485357768031086,39.08004702863987],[8.48525643611499,39.079922905927425],[8.4852336515751,39.079887822228066],[8.485203265768654,39.07983774283919],[8.485177059513356,39.07979481062232],[8.48506804489162,39.07971661433388],[8.485009891539702,39.079577126107964],[8.484971739749088,39.079516308904125],[8.484890898175399,39.07939107067325],[8.484873758544536,39.07936452467908],[8.484846479208029,39.079333276018744],[8.484824575837216,39.07930712078136],[8.484774482102857,39.07924829718411],[8.484676440347906,39.0791340286788],[8.4846559511568,39.07910865191516],[8.484639480260688,39.07908571420583],[8.48462066395383,39.07906320497131],[8.484584639518145,39.07902025535452],[8.484562814424654,39.07899576207075],[8.484541599064224,39.07897438573475],[8.484522911809142,39.078952579925044],[8.484500071731889,39.07892617357893],[8.484478991653619,39.078901146507704],[8.484448809912907,39.07886461970067],[8.484417172781487,39.07883029869023],[8.484355419354179,39.0787609595969],[8.484334248681689,39.07873520940341],[8.48423979940123,39.078624411289624],[8.484204159851814,39.07858360160367],[8.484182164283704,39.078559693218736],[8.484136503267115,39.078506864250684],[8.484118056149379,39.078482121799176],[8.484032116685922,39.07836399904424],[8.484014795896112,39.07834081598489],[8.483968424423784,39.07827715509483],[8.483881894238518,39.078156078457035],[8.483797829694884,39.078039054173665],[8.483695865720746,39.07789582181478],[8.483623943399392,39.07779066119104],[8.483542246027358,39.07767144667518],[8.483458188194867,39.07754810714795],[8.483374107379769,39.077427483420394],[8.483358121634915,39.07740439448502],[8.483278259422745,39.07728080307809],[8.483258741421832,39.07725016874976],[8.483207958497923,39.07717399222181],[8.483168748048415,39.077127463222375],[8.483146760750277,39.07710300589494],[8.482891092797999,39.07682230650718],[8.482803113721216,39.0767149096761],[8.482622256759642,39.076489211294614],[8.482583361865215,39.07644532646869],[8.482449589364018,39.07628045571843],[8.482381512846965,39.07617424986135],[8.482300486398895,39.07604824030968],[8.482226790639503,39.07593270448464],[8.482198512539998,39.075884699906226],[8.482173356919734,39.07584382710454],[8.482141906117764,39.075790199874696],[8.482075756605285,39.07567765853105],[8.481908821722923,39.075385183244386],[8.48186693221361,39.07532995783557],[8.48157533906121,39.07494553686781],[8.481548820498436,39.074907121519466],[8.481482394951929,39.07481089601607],[8.481240171665098,39.07445913569924],[8.48096104516665,39.0740033983789],[8.480945160743676,39.073977420574096],[8.480910834426233,39.07392914184347],[8.480684847503298,39.073611312065395],[8.480653673212101,39.073551475154204],[8.480583674268736,39.073417123182224],[8.48044441986627,39.0732926001851],[8.480379190611174,39.073123351966274],[8.480359592403804,39.07309704304036],[8.480339145618338,39.07306664556753],[8.480193269104893,39.0728600749133],[8.479990905460223,39.0726418927134],[8.479822298671607,39.072412371503894],[8.479766512839717,39.072334601368624],[8.479666674046465,39.0721954109681],[8.479627768041597,39.0721411703509],[8.479395192297021,39.07193512999381],[8.479184798695922,39.07173876260741],[8.479040815238312,39.0715899992745],[8.478947855228386,39.071458922896596],[8.4788372993786,39.071362686085806],[8.478756669125586,39.071301800387914],[8.478752909130757,39.07124516460234],[8.47868869151863,39.07113561801151],[8.478619698415269,39.07108581210921],[8.478586640409286,39.07106194690322],[8.478520604109198,39.0710030799149],[8.478465106444402,39.07088681381454],[8.478432007412644,39.07083823074187],[8.478345025154248,39.07071055979633],[8.478214665210679,39.07055678848615],[8.478092840914222,39.07038615838359],[8.478054646020121,39.07033642689888],[8.477945718424806,39.07018950868401],[8.477853301720382,39.06998521898066],[8.477834464712224,39.06993444679824],[8.477816464203404,39.06988593205206],[8.477741653379796,39.06984166757547],[8.477742516698644,39.0697245271163],[8.477697192634789,39.0696004214173],[8.477635696665931,39.06949655894561],[8.477604402594512,39.06944681766886],[8.477567432843529,39.06936555150425],[8.477586540468886,39.06932170854269],[8.477699989154793,39.069220841933195],[8.477710858917055,39.06911838943387],[8.477727458968292,39.06902970733687],[8.477749081579477,39.068833584088594],[8.477769707389355,39.06857051416283],[8.477799892222285,39.068409163701524],[8.477856697339341,39.068118202157926],[8.477930899952334,39.06768210428269],[8.47793700160266,39.06764608690013],[8.478004039363713,39.06723187654935],[8.478044480804247,39.0669819992479],[8.478078056322644,39.06678211853868],[8.478151643918958,39.06636071309155],[8.478158989000104,39.06633145963545],[8.478313915592782,39.0657450223411],[8.47834902422334,39.06543119931686],[8.478410282094153,39.064980917995754],[8.478425596146305,39.06486834765291],[8.478491871647334,39.06453072933144],[8.478580237990101,39.06408056907094],[8.478601225751296,39.06397365604221],[8.478657483818255,39.06362992195077],[8.47867544313554,39.06350852520654],[8.478727845045325,39.06318011805424],[8.478737543574605,39.06311933592773],[8.478787026908062,39.06287400508877],[8.478815734226089,39.06272995537132],[8.478854533332369,39.06253526373925],[8.478747423727569,39.06227909453297],[8.478694884488368,39.06216171520923],[8.478567899006503,39.062022601460896],[8.47835387578477,39.06185268644089],[8.478321806818842,39.061826635838884],[8.478111158249181,39.06165552165971],[8.478019241027349,39.06158085542799],[8.47793410986107,39.06156583118751],[8.477831152211724,39.06161718454998],[8.47775613313032,39.06160220545585],[8.47765388081076,39.06155781889262],[8.477673202026518,39.06148468956099],[8.477738587905954,39.06143429538547],[8.477822441230735,39.061426786086635],[8.477884559935625,39.06137412350224],[8.47801144308134,39.06126655817924],[8.47805944186357,39.061222844384766],[8.478069346030567,39.06105505629727],[8.47801380694923,39.060945548008206],[8.477993377641551,39.06092405500282],[8.477846068344375,39.06076908080224],[8.47754655019478,39.06053357561936],[8.477440894323033,39.06047102509009],[8.477184787132288,39.06032006808968],[8.476966116010345,39.06019364016743],[8.4767273060683,39.06005556733266],[8.476617739457774,39.060016778127384],[8.476550064453052,39.059992820931754],[8.476419303606582,39.05989649009878],[8.476390513476346,39.05988241693177],[8.476298381492866,39.05983737534432],[8.476140163442853,39.05974204819518],[8.476073590049445,39.05971719275041],[8.475981763294996,39.05968079401143],[8.475906713866904,39.05966102594869],[8.475814420149035,39.05963793720502],[8.47572789599041,39.059616292685924],[8.475648514447439,39.059562657164136],[8.475476224514829,39.05945971897481],[8.475359688066153,39.0593938645812],[8.475226258685545,39.05933300285075],[8.475117629554713,39.059304917238315],[8.474963374151484,39.05926029334879],[8.474724231036339,39.05916797911959],[8.474662217833004,39.05915316835349],[8.474565590850265,39.059130092443745],[8.474422241837537,39.05910579304715],[8.474388104106103,39.059101133602745],[8.474223660393177,39.05906660130316],[8.474135533908667,39.05906620396663],[8.474066950029517,39.05910906098316],[8.473975817262577,39.059173617018644],[8.4739642166416,39.0593740617869],[8.473972351994894,39.0595543203996],[8.473976623191792,39.05964895531342],[8.473974241151604,39.059969965348664],[8.473964192655496,39.06000483836718],[8.473925304520998,39.06013982982725],[8.47382633631481,39.06023737908146],[8.47382433865803,39.06044608982993],[8.473791944956982,39.060588657402384],[8.473748770373934,39.06056593462659],[8.473725922336522,39.060529786786624],[8.473724213806294,39.06045431130876],[8.473719394724233,39.06024140212842],[8.473716642387913,39.060003721507876],[8.47371587365244,39.059937261449384],[8.473716442285598,39.059860668940715],[8.473679340863745,39.05979855050881],[8.473675357970322,39.05975122381029],[8.473713295577209,39.05970070800107],[8.473736737038472,39.05965688425378],[8.473737255465787,39.05958705080516],[8.473743315188646,39.05955328710406],[8.473756847708927,39.059477880387774],[8.473617640867555,39.05935222285093],[8.473505538788286,39.05927314468422],[8.473440863964017,39.05922752192009],[8.47330142385265,39.05913340210186],[8.473249739510667,39.05910050312107],[8.473174885925983,39.05905285717991],[8.473034969269357,39.059022938691555],[8.472929897577345,39.05897001967173],[8.472852173712065,39.05893087432015],[8.472735346231966,39.058904439030286],[8.472614018329946,39.05890051123828],[8.472538870322754,39.05890355058015],[8.472473255672233,39.05898435357773],[8.472343890774805,39.059063741721346],[8.472292892561724,39.05909617652099],[8.472227939039938,39.059139812127384],[8.471994093316866,39.059112846477305],[8.471872738778435,39.05911229698757],[8.471783172301025,39.05917609515024],[8.4717444735151,39.059263778927644],[8.471626992245893,39.059325197725485],[8.471481918669676,39.05940564013181],[8.471316795302752,39.05946233800635],[8.471194387396652,39.05949895327173],[8.471030527739241,39.05949032537754],[8.4708759455297,39.0594896241327],[8.470727217829234,39.059478811669656],[8.47060731496576,39.05945574038844],[8.470506617899144,39.05941923850542],[8.47040456686296,39.05934893934404],[8.47022218523137,39.05920168013251],[8.470143233102847,39.05913373846543],[8.470092744487989,39.05912337148495],[8.470039291867044,39.059123128597115],[8.469951165371713,39.05912272809827],[8.469786795370798,39.059271790076934],[8.469749376407112,39.05925247118177],[8.469815314502299,39.05912886897016],[8.46985039583152,39.059074852302025],[8.469920097943636,39.05902684304893],[8.46992920405701,39.058968312633304],[8.469883438272518,39.0589061536121],[8.469570107400404,39.05868958777489],[8.469465293961873,39.058632071107496],[8.469361480373756,39.058574873385446],[8.469244866791618,39.05852027651969],[8.469053114162744,39.058467589375226],[8.46888891746215,39.058400787032724],[8.468753525549968,39.05834570135655],[8.468585056340032,39.05827059243707],[8.468324719900835,39.05818304087234],[8.468155753852626,39.05810756231227],[8.468020014676856,39.0580990584297],[8.467921558120535,39.05812789473331],[8.467845032446995,39.058170123426784],[8.467789349660768,39.05822641362462],[8.467734483455313,39.05822211450519],[8.467682502703846,39.0582180411943],[8.467550753254306,39.05817351203406],[8.46747643222137,39.0581483910334],[8.467201000830398,39.058080676449144],[8.467140537790218,39.05807693180153],[8.466952526405247,39.05807841462653],[8.466908700173022,39.058161904792314],[8.46677699895509,39.058365967460624],[8.466729434646412,39.05835110680272],[8.46674459313506,39.05825655956725],[8.466787895040799,39.05815814454413],[8.466779303313348,39.058059600384205],[8.46676516156807,39.058018985388344],[8.466585779500344,39.05795378555273],[8.466469182635509,39.05771801248494],[8.46643991878111,39.05765930589358],[8.466584764245816,39.057417448605186],[8.46664675815014,39.05731272387173],[8.466586069648685,39.05729448881897],[8.46649683041502,39.05727116788018],[8.466430705435075,39.057256749346216],[8.466318702150579,39.05722792642023],[8.466014478502856,39.057155596913496],[8.465932132591787,39.05726974482863],[8.465833689240004,39.05739657609114],[8.465798724989114,39.05739426857618],[8.46575859235904,39.05739285291178],[8.465428597587035,39.057472841559594],[8.465124655719725,39.05754651477318],[8.464984176018488,39.057592052735174],[8.464844032386635,39.05765673993849],[8.464813876787495,39.05768204644504],[8.46475664580572,39.05773279341964],[8.464696865357103,39.05782437546738],[8.46459355613886,39.05785608738715],[8.464503485809791,39.057922131344796],[8.46457937499652,39.05799944881686],[8.464572371573643,39.058160816904696],[8.464547008805235,39.058280522187694],[8.464476567807907,39.05842550320627],[8.464427880719212,39.05855932010022],[8.464353956191708,39.0585916461359],[8.464317814753583,39.058615042579554],[8.464261329820603,39.058652261532764],[8.464260941132613,39.05868870638318],[8.464264426924977,39.058731232657536],[8.464318070194496,39.058774573253444],[8.46431446235927,39.058847154385084],[8.464243930051014,39.058857721305046],[8.464198967430418,39.05888280012478],[8.464149976507933,39.05891098099117],[8.46411080319406,39.0589336128066],[8.464084390822748,39.058953053816516],[8.464056473544584,39.05897464157748],[8.463985196237807,39.05902134967555],[8.463848256266706,39.05912988618496],[8.463806462941152,39.059188528057305],[8.463783421039272,39.05924459603057],[8.463761978763598,39.059317160917885],[8.463739524013702,39.059389566152305],[8.463696242633867,39.059463676945015],[8.463696416432677,39.05951281392211],[8.46368357401022,39.059556698797955],[8.463674082345644,39.05958376619231],[8.46364233509228,39.05965505633873],[8.463582531923917,39.05972433589795],[8.463562125195113,39.05974951299338],[8.463532689233803,39.05978630451506],[8.463501460378307,39.05982846835813],[8.463491574748664,39.059855805160346],[8.46347822355403,39.05989114146484],[8.463444164152504,39.060021552291985],[8.463434154192338,39.060057062559416],[8.463426654441298,39.0600867973941],[8.463406607981582,39.060117800945875],[8.463380173722289,39.06015348524634],[8.463362282761057,39.06017777816892],[8.463317622343336,39.060231792935184],[8.463213357459217,39.0604111420119],[8.463144561798526,39.060521211408066],[8.4630934481015,39.06059337913827],[8.462992681950341,39.06073565228953],[8.462906375508485,39.060860284072696],[8.462595355931354,39.061309406675754],[8.462509190875236,39.06143105970497],[8.462443472713549,39.061523846789484],[8.462348368308017,39.061681102207416],[8.462301571136065,39.06175860696916],[8.462082183915449,39.062111007361366],[8.462077416925224,39.06216419998556],[8.462073368803988,39.06220810990582],[8.462067985093434,39.062264280581736],[8.46202522231181,39.0623777232888],[8.461949342344104,39.06247649528127],[8.461923145503226,39.06250154984228],[8.461774679331773,39.062645923968795],[8.461642155629113,39.06278370773272],[8.46158503220408,39.06288594525548],[8.461490369020478,39.06298463021734],[8.461395137714252,39.063098113333794],[8.46134007949159,39.063178563132965],[8.461291861868093,39.06324954131758],[8.461192777822665,39.06335946957812],[8.461102620236062,39.06343564709121],[8.460956392074543,39.06354592048236],[8.460805873365638,39.06369897603217],[8.460748104470374,39.063769420515534],[8.460704904328036,39.06387036758634],[8.460643263156411,39.063991829798965],[8.460627368426225,39.06403454855323],[8.46061180762197,39.0640763695342],[8.460604595971686,39.06414488688859],[8.46060499482359,39.064193631979634],[8.460766217341169,39.06420678054877],[8.460876947262022,39.06423319962764],[8.460884733612284,39.0643492535953],[8.460872344015028,39.06445057113025],[8.460844675474211,39.064676847164385],[8.46081128162412,39.06490084391835],[8.460758380996356,39.06523843902163],[8.460704613783298,39.06523488689344],[8.46070522228914,39.065154916446716],[8.460153637566343,39.06513001845635],[8.460160200958443,39.06508597969712],[8.460720004699743,39.06511105623781],[8.460731541050933,39.06492412863717],[8.460169955026183,39.064889671382865],[8.460165304643812,39.06484493370969],[8.460628619352125,39.06486489530151],[8.460750347783677,39.06487014495587],[8.460764239901817,39.0646727085927],[8.460173131992518,39.06463615491577],[8.459806314525316,39.06461346931677],[8.459799007213196,39.06481393227898],[8.459793512084245,39.06489613288046],[8.459789222302136,39.064960317618706],[8.45975593149912,39.0649680481774],[8.459736067110532,39.065109880326375],[8.459769297884353,39.065110034271996],[8.45976426800745,39.06520124909708],[8.459720811849863,39.06521569003196],[8.459715876351378,39.06529451492792],[8.459749107211655,39.06529466887991],[8.459747318306858,39.0653464739343],[8.459743544978114,39.065455716019734],[8.4596958658095,39.065455495126116],[8.459671332924346,39.06564123598741],[8.459587548188004,39.065638849977475],[8.45919896391445,39.065627782420535],[8.459179450600836,39.06572343472904],[8.45909387161729,39.06576696638163],[8.459047671162732,39.065793785596455],[8.458457447403704,39.06611935835138],[8.458442521567877,39.06614274872104],[8.458453378817225,39.06624095422102],[8.458466576993787,39.06636107223938],[8.458535546093835,39.0666825334843],[8.458553087689175,39.06676401643505],[8.458680894772636,39.067056344592366],[8.45872095098155,39.067147767712896],[8.458918756702012,39.067599240526924],[8.4589821679991,39.06774396844643],[8.458993328324585,39.06776943892688],[8.459068596727661,39.067941230978356],[8.459120552771175,39.06805073148469],[8.45927052764281,39.06836681517293],[8.459148874996401,39.06840342118846],[8.459186865073985,39.068501592924406],[8.4592183064865,39.0685828392406],[8.459300992727618,39.06872965232223],[8.459333338917771,39.06884582017155],[8.459325559302954,39.06895279080996],[8.459322038746562,39.069001209509416],[8.45930234657927,39.06911974120583],[8.459240661820079,39.069411106089014],[8.459225600472573,39.06951960367713],[8.459195249653037,39.06970982200532],[8.459171976360489,39.06972998919471],[8.459166703254976,39.069858372948325],[8.45911295226867,39.07008002179361],[8.459078112276876,39.07030491223435],[8.459019712874714,39.07055830381076],[8.458984583570354,39.070751065358486],[8.458951751088625,39.07094321217064],[8.458897179387852,39.0711997753222],[8.45888880171126,39.071239159386685],[8.458875159158865,39.07132356312112],[8.458838784359523,39.07154640528891],[8.458803688707714,39.07164986988658],[8.458791480449111,39.07168585697708],[8.458710829413283,39.07183979789694],[8.458620159149358,39.07198130189377],[8.4585032993601,39.07209902990592],[8.45846434485914,39.07213827194338],[8.458381335838483,39.072222447169345],[8.458285221031351,39.072319914192114],[8.458053966641394,39.07251595793389],[8.45802085299653,39.07254734219819],[8.457902588235287,39.0726594310868],[8.457916503665581,39.07272933227131],[8.458375729118488,39.072955928739894],[8.458499533447021,39.07301701635353],[8.458480551907774,39.073042835294956],[8.45837591610448,39.072998462285916],[8.457888575248289,39.07279115326779],[8.45779807087589,39.07291045116409],[8.457732747543385,39.072996557234106],[8.457684211253342,39.073060536036564],[8.457796305054151,39.07314120795404],[8.457848041267315,39.073178442014175],[8.45820233163751,39.073333276570025],[8.45818332406492,39.07336247452519],[8.45779587251134,39.07319773204855],[8.457706572286797,39.07315976188707],[8.457503818014928,39.07343548755067],[8.45763006758641,39.073526607234996],[8.457792852262754,39.0735924095024],[8.458021904261912,39.07368499704486],[8.457992780424405,39.07371414794845],[8.457792533901078,39.07363401164366],[8.4575029702254,39.073518131257806],[8.457318833695519,39.07378760744473],[8.457378935661122,39.07386448108028],[8.457455230304301,39.07389637513096],[8.457705912536168,39.07400116861544],[8.45767675395234,39.074034824855666],[8.457410302877607,39.07391982038386],[8.457401434512716,39.07394568620032],[8.457299091159777,39.07391254449308],[8.457211483908464,39.07403060644188],[8.457174981964524,39.074079797853905],[8.457220690281984,39.074130698384515],[8.457220144449254,39.07420391060401],[8.4571838747621,39.0742330361501],[8.45712368679888,39.07424039832541],[8.457082653800333,39.07424875076916],[8.457065615603021,39.07428018706543],[8.457038873574858,39.07434541237135],[8.457036038437888,39.07448577228432],[8.457016693427848,39.07455889696303],[8.456955269276726,39.07465435357919],[8.456968438595782,39.074793321898056],[8.456907405795583,39.07486589106678],[8.456869197625952,39.07494906541344],[8.456858296758327,39.07505151564901],[8.456815095916106,39.07522027270809],[8.456722688528545,39.07524501759277],[8.456699286108517,39.07533686921333],[8.45676751117725,39.07539354013256],[8.4567479485596,39.07549482360333],[8.456728904096225,39.075528526713946],[8.45667994772852,39.075534174795564],[8.456672597430778,39.07561196629769],[8.456670810439546,39.075639063528335],[8.456670593963853,39.07567181356564],[8.456668080666923,39.075712968419275],[8.456666641132625,39.07577073403341],[8.456656689236004,39.075796270333576],[8.456645425843055,39.075840564450935],[8.456641340004067,39.075882507660324],[8.456638165318667,39.07591689115109],[8.456630789270621,39.07596742918707],[8.456622003061316,39.07602562103412],[8.456617828730641,39.07605769481176],[8.456604837055155,39.07610513927935],[8.456596206883761,39.076143886678594],[8.456584651049319,39.07618635376445],[8.45657701820924,39.07621987032838],[8.456569734797679,39.07625003186485],[8.456563512956055,39.076277592322015],[8.456548093058586,39.07634573399971],[8.456543000433319,39.07638191798634],[8.456533396183303,39.076423455198274],[8.456525885598891,39.07647900550121],[8.456519783952782,39.076541076533346],[8.456515573819427,39.07657660140958],[8.456512060662972,39.07661530866917],[8.456508760779425,39.076645504084944],[8.456505909279219,39.0766835584157],[8.456502922180347,39.076723615293695],[8.45649921242193,39.07676971348527],[8.456496025480137,39.07680598114187],[8.45647670981152,39.07685869737451],[8.45645542070208,39.076894684208625],[8.456453773943261,39.07697385664014],[8.456450142480348,39.077008237088734],[8.456446279853226,39.07704336348411],[8.456444642913379,39.077169471453296],[8.456445356531537,39.07734949239188],[8.45650154385553,39.07750696376743],[8.456529497274191,39.077599019526765],[8.456527156481492,39.07774485772817],[8.456528041505946,39.0777774804231],[8.456530852948324,39.07782527786593],[8.456542885358843,39.077852894554304],[8.456560175454475,39.0778941110456],[8.456581389499853,39.07794194378647],[8.456603833374393,39.07798800615613],[8.456616609658512,39.07801782592503],[8.456627793763525,39.078065160458436],[8.45669360239194,39.07824745542364],[8.456775428012104,39.07831879946563],[8.456817923450126,39.07839897049769],[8.456846653435308,39.078453170333994],[8.456917499183222,39.0786371016219],[8.456916143508245,39.07881393734837],[8.45691246254244,39.07884996480876],[8.456897395981777,39.07899745043001],[8.456858363938508,39.07918762828486],[8.456867483978659,39.079313467325505],[8.456937322907828,39.07963291797753],[8.456963142765337,39.079751308663575],[8.456980601758767,39.07983136302101],[8.4570874131679,39.08003686222782],[8.457069208439583,39.080149415928965],[8.457006680888647,39.080202064374554],[8.456960117384263,39.080241271310605],[8.456849529100666,39.080339877975476],[8.456947946409384,39.08050929450013],[8.45700838582847,39.080652626140946],[8.457028849919274,39.08070115635569],[8.457118814294612,39.08084237352896],[8.457154133068101,39.08109890241128],[8.45710466691556,39.0813683288983],[8.457029013430637,39.081543317342145],[8.456938274973211,39.081770799296564],[8.456900850671552,39.0819395830877],[8.45690035841412,39.08200378431067],[8.456899710702396,39.08208825988752],[8.456934052163179,39.0823215814306],[8.456952909423736,39.082454582750856],[8.456960101616692,39.082505303038324],[8.456967848666146,39.082625862284964],[8.456830759781681,39.082787423479104],[8.456755065978504,39.082904214833896],[8.456675731957477,39.083026621140036],[8.456583468265736,39.08318501080821],[8.456562916281158,39.08322654651209],[8.456512440198463,39.083341104217645],[8.456510127208084,39.083421644953525],[8.4565152474756,39.083449888117315],[8.456522753759423,39.08348706974198],[8.456527152337738,39.08351428857861],[8.456554257389062,39.08360163647249],[8.456489579869865,39.08374325962263],[8.456424325540379,39.083803780656204],[8.456361487425406,39.083862059230654],[8.456233498319861,39.08396734246202],[8.456087457131403,39.084164904655374],[8.45597601411658,39.08424723229762],[8.455886879104886,39.08431265179666],[8.45574988832992,39.08446069450316],[8.455519300943095,39.08459092924612],[8.45549674699865,39.084618866599556],[8.455467024491547,39.0846483113765],[8.455438547154106,39.08467445397087],[8.455404707090604,39.08469024564411],[8.455387316242065,39.08473252939854],[8.455293271919764,39.084825763624465],[8.454930097553582,39.08506736548564],[8.454823675448784,39.08515496266518],[8.45475552746063,39.08521523131992],[8.454592415524457,39.08537666809557],[8.454456018626688,39.085446991839284],[8.454436467116334,39.085546022000834],[8.454343767920195,39.08559627589559],[8.454308749808419,39.08561526068832],[8.454231890238903,39.08564892882633],[8.454163732848512,39.08567878538844],[8.453972363880956,39.08575560956411],[8.45380851481194,39.085824678492436],[8.453651822780202,39.08590270445557],[8.453582182407631,39.08593738279596],[8.45348197414489,39.08599999022489],[8.453366988787252,39.08604225412984],[8.453309497213548,39.086063386044735],[8.453162989721596,39.086132534464],[8.453071516887343,39.086186816562936],[8.452972785301144,39.086245407002814],[8.452780543224339,39.08643486343787],[8.45273953991435,39.08648986421712],[8.452625737413442,39.08664251757211],[8.452489235098302,39.086725908248084],[8.452442765756206,39.0867542967926],[8.452278469789361,39.08688080655013],[8.452209805798248,39.08693792908235],[8.452151914418941,39.0869860919535],[8.452087172668422,39.087134470601555],[8.452003537595266,39.08729627621913],[8.45195637721921,39.08738729141935],[8.45191902043546,39.08744217747508],[8.451757371492537,39.08754292346617],[8.45168467301772,39.087598900318085],[8.451487584288195,39.08761197302832],[8.451446849381377,39.08761240045853],[8.451316543030265,39.087618570026805],[8.451217067529015,39.08757545758037],[8.451158876752496,39.0875769075165],[8.451110703471135,39.08757855056169],[8.451077767789874,39.0875825280194],[8.450878216537618,39.08759510510947],[8.45073732685499,39.0876226013049],[8.450559272537994,39.087720883998216],[8.450412748551097,39.08782742506054],[8.450313702045559,39.087889809930324],[8.450179301540317,39.08795455563197],[8.450113573727235,39.08797672485137],[8.449859526495032,39.087976779921505],[8.449823749934165,39.08807447924566],[8.449698514550747,39.08807760083658],[8.449631938261984,39.088092863249784],[8.449451929439975,39.08812228453821],[8.449296742248222,39.088191387071554],[8.449115529121334,39.088235702962585],[8.449043320280627,39.088254394196674],[8.449007785994546,39.08826967046566],[8.448860611744356,39.08833125083997],[8.448732654881768,39.088429767511975],[8.44860620550173,39.08852040642807],[8.448550513752679,39.08861926461536],[8.448453966226749,39.088650531650025],[8.448379479080604,39.08865539762569],[8.44833970585614,39.088657422587865],[8.44827499717301,39.08865934126268],[8.448229558012818,39.08865856845327],[8.448115264580016,39.088645365088624],[8.448015872946867,39.08860209262181],[8.447880428428792,39.08854477221172],[8.447812136264394,39.08854642945952],[8.447742264151419,39.08854384755584],[8.447689265435418,39.08854602772349],[8.447628983400355,39.08854879242818],[8.447553810443694,39.08859103370912],[8.447519534696946,39.08859936429732],[8.44747501491966,39.08860569271872],[8.4473923764574,39.08861865018207],[8.447354208578727,39.088646399288955],[8.447315002961682,39.08869821670577],[8.447284559480401,39.08874426796963],[8.447271600550224,39.08877381351698],[8.4472641730507,39.08880353306728],[8.44715433051688,39.088803012304005],[8.44697248169058,39.088779705002345],[8.446908672025076,39.08879899884398],[8.44681128339856,39.08885936377984],[8.446769728972452,39.0889241909527],[8.446729856708862,39.088955294720385],[8.446698123359687,39.08898375087825],[8.446673178105467,39.08900767330039],[8.446632960814151,39.089018995961766],[8.446584485205388,39.089032258257134],[8.446472969238707,39.08906560535837],[8.446227213001647,39.08916624528262],[8.446168573041076,39.08921297423135],[8.446095363442645,39.08926625081086],[8.446059838143235,39.089292648658336],[8.44598893030453,39.08941586428744],[8.44597064368432,39.08953630037725],[8.445930907255025,39.08961157887902],[8.445914893418893,39.08964191534758],[8.445886489292018,39.089773547427946],[8.445832467371448,39.08983188195611],[8.445677673726502,39.08982289735459],[8.445526962762678,39.08990003601859],[8.445477643735712,39.08992255818213],[8.445320484756051,39.090029080041994],[8.445277393508897,39.09006856366042],[8.445231948814959,39.090104989401766],[8.445191173138438,39.09020872254834],[8.44517529555931,39.09024448516076],[8.445163068692155,39.09028375425255],[8.445153853700317,39.090318927699066],[8.445153411028084,39.09035092591637],[8.445151465526603,39.090412686149755],[8.445151979122826,39.09045545631581],[8.445157288399724,39.09049610014826],[8.445156025273004,39.09055562706508],[8.445155861241165,39.090592351142156],[8.445028567205942,39.09060526201606],[8.444943161768432,39.090621690967794],[8.444811434035318,39.09064703027365],[8.444619909092856,39.09074073500031],[8.44451414502693,39.09086834689269],[8.444510013998931,39.09092311757715],[8.444506425288893,39.0909649157207],[8.444492498042601,39.091001986029724],[8.444444061644765,39.091057777435864],[8.444394488414178,39.091130675536476],[8.44437765697153,39.09116516832538],[8.444373832246953,39.091197834362056],[8.444373826378134,39.09125428454606],[8.444375066861419,39.09130515557176],[8.444152913697875,39.09131071088087],[8.444025494385352,39.0913393895308],[8.443999107389361,39.09140459347937],[8.443988644301797,39.091430450576475],[8.443898980724887,39.091436781307976],[8.443772051636069,39.09143701569012],[8.443667365688764,39.09150596499113],[8.443643548399374,39.09156960236814],[8.443543704035353,39.09158376898226],[8.443434967345706,39.09162605193526],[8.443370930242041,39.09168206578316],[8.443342910660524,39.09175289373793],[8.443259073446692,39.09176215427619],[8.44321569417148,39.09185298474514],[8.443205093206318,39.09187839055434],[8.443169645366941,39.09189492789854],[8.443141147616467,39.091908453566006],[8.443112923840614,39.091957420394834],[8.443086787505857,39.09200296755217],[8.443053414544849,39.09203472915694],[8.44300503870963,39.09207567801392],[8.44280552785391,39.09208148309059],[8.442661174993004,39.0920934880306],[8.44262095524898,39.09211774475604],[8.442576704534254,39.0921427310206],[8.442521930571242,39.0921610338638],[8.442457247820489,39.09217626876954],[8.442400729944566,39.09219399731766],[8.442324500065492,39.0922278660016],[8.44215244952283,39.0922338012991],[8.44206684025232,39.09222924565211],[8.442031141457901,39.09223355154726],[8.441997501797056,39.0922351071783],[8.441962844714332,39.09223546936263],[8.44192808804339,39.092234822715014],[8.44188458282429,39.09222900504718],[8.441839172957316,39.09225063965091],[8.4417996141549,39.09225716265679],[8.441760462379357,39.09226573853018],[8.441726069942863,39.09226802488541],[8.441653236269236,39.09228101439246],[8.44159923421666,39.09229494109034],[8.441529278171291,39.09231194524112],[8.441459714606927,39.09237857729996],[8.441435657873257,39.092400452805634],[8.441354371849016,39.09246157510848],[8.441316476838953,39.09249755698204],[8.441271324875421,39.09252940040107],[8.44124395739401,39.09255670181945],[8.441180224776732,39.092587288315485],[8.441134548638948,39.09264230848511],[8.440970662362123,39.09271248453135],[8.440843269252516,39.09272550298352],[8.440787994908398,39.09273106087808],[8.440754384959147,39.092737312890286],[8.440626106060167,39.09278179370313],[8.440541087638554,39.09280219788089],[8.440481562613988,39.09281944609095],[8.440455910919075,39.092850235651916],[8.440436796504072,39.09287774589405],[8.440390970196905,39.092878223415234],[8.440366101925328,39.0928997154337],[8.440334528330398,39.092914434038626],[8.440299704560857,39.09293130510932],[8.440161861489834,39.092998083479195],[8.44002532879463,39.09308190621113],[8.439878627150549,39.09318235140968],[8.43976738127547,39.093272408457196],[8.439704058217,39.093291554683844],[8.439668645870654,39.09330911298775],[8.439617675386785,39.09334646332889],[8.439524045257862,39.0934117800617],[8.439495130367947,39.093426124640395],[8.439449645122652,39.09345504613927],[8.439389182055983,39.09349996964555],[8.439369442487601,39.093523991199895],[8.439352383969908,39.09355873986794],[8.439353554282489,39.09360896538439],[8.439345647779303,39.09364305158636],[8.439300517519927,39.09366771517475],[8.439276648846027,39.093685416278596],[8.439232482233718,39.093730025187995],[8.439204395702948,39.09376006204181],[8.439178881195188,39.093785097471645],[8.43912579314944,39.09386021203277],[8.43908465461415,39.0938860211286],[8.439057388269301,39.09390899536959],[8.438992405975565,39.09395035555146],[8.43894314709922,39.09396072821973],[8.438897061196105,39.093970380829425],[8.438844890503981,39.09398470073228],[8.43870427792118,39.094084888983346],[8.43861615499722,39.0940909824594],[8.438583580673042,39.09409821022761],[8.438515615403293,39.09410562800304],[8.43842814534731,39.09409224063339],[8.438380960193074,39.09408811334315],[8.438312977400686,39.09408083017198],[8.438254546312939,39.09407892576345],[8.43820475337255,39.09407540670392],[8.438153090095753,39.0940773420534],[8.43804293916598,39.094082169212875],[8.437903957712175,39.094115107146315],[8.437854663263845,39.09412584773707],[8.437760153412622,39.094198512772635],[8.437706226194617,39.094254571318125],[8.437670927422728,39.094379860214985],[8.4376428445511,39.0944200936892],[8.437612257255067,39.094430299032126],[8.43757194820783,39.094440083509596],[8.437531535937826,39.09444888616404],[8.437488377523582,39.09446609915134],[8.437395490725882,39.09451849399036],[8.437358531118798,39.094535616091555],[8.437268297923964,39.09461290063438],[8.437223799040114,39.09468947682088],[8.437202294438247,39.09473116209059],[8.437143726080501,39.0947473336703],[8.43709668505478,39.09475717649552],[8.437062696163544,39.094762495660966],[8.437026141660168,39.09476820162092],[8.43698630547033,39.09478043649925],[8.436934544669448,39.09480256295446],[8.436891336506463,39.09482075138286],[8.436821284747843,39.09481444316541],[8.436770360825758,39.09480942038142],[8.436713617026395,39.094807138575405],[8.436654477544957,39.094803216857095],[8.436583279675647,39.094804051480594],[8.436545879575181,39.09480440960937],[8.436475408044238,39.09481655933618],[8.436427118159777,39.09483001291828],[8.436356906627989,39.09484726412396],[8.436308157853162,39.09487956940445],[8.43622171795205,39.094946879037394],[8.436160890192703,39.09496109189351],[8.435978687960551,39.0950087868685],[8.435804824151827,39.09500816013055],[8.435769896412362,39.09500864711841],[8.43572372724669,39.09501148656098],[8.43566516606634,39.09501377489971],[8.435624478673011,39.095019013463606],[8.43558437421654,39.09503061848782],[8.435515897649573,39.09505545683675],[8.435460612405384,39.09508400041148],[8.435398688578895,39.095084525979296],[8.43533855070636,39.09508904848508],[8.435294850858188,39.09509950780455],[8.43528706911482,39.095148131059],[8.435245554515092,39.09514485267944],[8.435207388835241,39.09513809149028],[8.435164047894146,39.095124719891146],[8.435111715929787,39.09513035512197],[8.43506979130764,39.09513136488712],[8.435011636943358,39.0951387389418],[8.434929988345939,39.09515045780579],[8.4348727596459,39.0951780401073],[8.434833593818441,39.09519980315077],[8.434810459544872,39.09521931542297],[8.434752251276926,39.095275432030675],[8.434571349363994,39.0953027137105],[8.43449883784065,39.09533258262324],[8.434452429698647,39.0953516980871],[8.434266367056289,39.09529772803686],[8.43422314356817,39.095294268888885],[8.434168062336814,39.095284030785564],[8.434124313580483,39.095272505001766],[8.434067560936366,39.09526044480068],[8.434022501869103,39.09525139788505],[8.433981607183254,39.09524405805024],[8.433943752923986,39.09524203420347],[8.43390747152913,39.09524418201907],[8.433842132803656,39.09521765952683],[8.433780484701982,39.095195405465844],[8.4337374214991,39.09519100165001],[8.433701398437215,39.09518687801655],[8.43364177141067,39.09518042478304],[8.43359483183541,39.09517864684799],[8.433557017308193,39.09517701054687],[8.433490979261826,39.095173309623846],[8.43341113235442,39.09524076273638],[8.43333328663554,39.09529670300235],[8.43313849304538,39.09535207558493],[8.432948973059027,39.09537255540677],[8.432869519587383,39.09540595884503],[8.432765650724713,39.09544938365867],[8.432682940747773,39.09549576786085],[8.432639907959281,39.09551973348965],[8.432621324444677,39.09560274538671],[8.432557449647291,39.09566469234283],[8.43252305764773,39.09570361518267],[8.432493646872409,39.09573913533008],[8.432417407944332,39.09572993782595],[8.432380226819001,39.09572369053398],[8.43231200348218,39.095724656875525],[8.432239219275761,39.095736300768124],[8.432182790165477,39.09574329883779],[8.432020735105912,39.09576339636551],[8.431856950194563,39.095818916950606],[8.43177952256835,39.09585120492528],[8.43173947325027,39.09586790557886],[8.43167657824931,39.0958554979871],[8.431567322725492,39.095885088635775],[8.431522233808613,39.09591978597672],[8.431502638134502,39.09601994090609],[8.431488093094693,39.096066151078816],[8.431461258147731,39.096114913643035],[8.431426994995231,39.096161016840306],[8.43138504499176,39.09620786650576],[8.431336700117866,39.09630624567105],[8.431295931745531,39.09637800779089],[8.431295501478353,39.096433441176444],[8.431210165255765,39.09649655236132],[8.431156135585168,39.09653657656285],[8.431117590167506,39.09656522766965],[8.430956397223728,39.096689428827865],[8.430865738377145,39.096849230978954],[8.430833327214097,39.09698693741394],[8.430830143340508,39.0970200530372],[8.430829191786941,39.097045777828164],[8.430814185422035,39.09707434820005],[8.430784830583434,39.097130922647025],[8.430772376258266,39.097166988302085],[8.430758072018868,39.09721149374456],[8.430740521319532,39.09726021675553],[8.430729039951744,39.09742968048294],[8.430705925008855,39.09748178882722],[8.430676595872692,39.09754103065761],[8.430684612696869,39.09780239030304],[8.430705044858774,39.0979579308794],[8.43074698726205,39.09813497696714],[8.430788387718518,39.09830983879868],[8.430798813447003,39.09835609147623],[8.43082294613021,39.09840928474582],[8.430865289206995,39.09848521183197],[8.430923217282828,39.09858320028616],[8.430958954993592,39.098636971012176],[8.43098741065301,39.09868023887908],[8.431021447676653,39.098724471132755],[8.431010673737427,39.09878410185328],[8.431003314590207,39.09882519355547],[8.430971873764683,39.09887029932073],[8.430937985242775,39.09891620142685],[8.43091927385975,39.09895390450252],[8.430908159796422,39.0989873553697],[8.43091397296646,39.09905255480872],[8.430920048946822,39.09909743547266],[8.430929507672756,39.09915035614098],[8.430942979552633,39.09918914624738],[8.43096356455037,39.099256160529386],[8.430972606393807,39.09928714611303],[8.430987166340921,39.099354015641445],[8.430880362681457,39.09938963429955],[8.430855173020918,39.09942183058692],[8.430865790767557,39.09944638272863],[8.43088117020414,39.09949373549876],[8.430897287772137,39.099536592621824],[8.430922732300422,39.09959439423913],[8.430942311869657,39.0996352966225],[8.430958617205134,39.09968228174145],[8.43096326001054,39.09971541572843],[8.430970838521942,39.09975782476178],[8.430973756707106,39.0998098484319],[8.43097258660687,39.099860746484836],[8.430958877667798,39.099900484354016],[8.430924175262442,39.09998167719157],[8.43089575979031,39.10003058956812],[8.430868395813182,39.100075148396144],[8.430848093289995,39.100106028582246],[8.430789966882571,39.100160417918815],[8.43070296367392,39.100193783878396],[8.430633235362004,39.10023624614813],[8.430611081354737,39.10029470926803],[8.430607103681359,39.10033029273655],[8.430567479963228,39.1003237824276],[8.430480649781993,39.10033574858034],[8.430420975306243,39.10038614365257],[8.430393203251072,39.10042430518723],[8.430361338151345,39.10043203422234],[8.430283683662555,39.100393800013656],[8.43024435978364,39.10030664703605],[8.430228969350205,39.10027189887562],[8.430216827693272,39.100246602123256],[8.43024621402653,39.10022009988329],[8.43027719019555,39.10018975315521],[8.430309445518802,39.10015752213825],[8.430334196285312,39.10012546350183],[8.430349329597778,39.100036676185],[8.430346320189237,39.10000380427021],[8.430343004516587,39.099963722871685],[8.430338793319189,39.099925275317034],[8.43033032728734,39.09987507180329],[8.430324329903453,39.099840438033],[8.430316670128054,39.09980371907835],[8.43030526613166,39.099754738431585],[8.430289997762499,39.09970411599913],[8.430264735300476,39.09968251997599],[8.430156155778306,39.09960161292488],[8.43003874294721,39.09956314547113],[8.429909019949497,39.09951632928646],[8.429835629694391,39.09949456901466],[8.429753178129978,39.099481776389204],[8.429650411945392,39.09949816863617],[8.429578937513035,39.09957779256957],[8.429530864616288,39.099623738398705],[8.42937860569293,39.09968269190144],[8.42928521801548,39.099736662802314],[8.429255659164117,39.09976647013358],[8.429260728505946,39.099833236637856],[8.429257567884978,39.099872251887426],[8.429266129034986,39.09991328894066],[8.429251693165073,39.10002986798991],[8.429255479814605,39.10010124730692],[8.429255812761609,39.10013941368932],[8.429255713617845,39.1001931608679],[8.429255325059595,39.10027118436012],[8.429234512877356,39.10034309024894],[8.429222669759474,39.10037690412795],[8.429124792186917,39.10046063192222],[8.429085492183962,39.100537305142986],[8.428968473890814,39.100601482285676],[8.428961811969671,39.1006406975404],[8.428953896224124,39.100722512977015],[8.42878728816212,39.10076787874358],[8.428746801891839,39.1007915733311],[8.42870020216831,39.10081430169339],[8.428698166465944,39.10086305713299],[8.42869646497388,39.10089418938324],[8.428690209434222,39.10093217929847],[8.428691581559606,39.100965354109114],[8.42868912762563,39.10101735239783],[8.428688975817789,39.10106381472903],[8.428695595229183,39.101090786774165],[8.428704245370476,39.10112407023743],[8.428722048794665,39.10119378360245],[8.428726248139245,39.10122399859905],[8.42873004258685,39.10125208048442],[8.428724419826413,39.1013132590796],[8.42872117841071,39.10135693715616],[8.428724196529885,39.101395090556345],[8.428759142287657,39.10156859584153],[8.428766103806906,39.10164088641458],[8.428794392358371,39.10167001825189],[8.42882861029475,39.10170702780532],[8.428852931316012,39.10172981169036],[8.428900898421114,39.101786939191356],[8.428931605907998,39.10182058389195],[8.429046897732647,39.101916930318225],[8.429112233157193,39.101995590121774],[8.429144313493941,39.10202666611373],[8.429177274895858,39.10202062695904],[8.429240620703835,39.102010881596804],[8.429349818237187,39.10199838697174],[8.429474171683017,39.10199449001778],[8.429456096163419,39.1020414881997],[8.429434587558374,39.10207808517789],[8.429386175864055,39.10215062554614],[8.429288070910333,39.10230558603011],[8.429107431721485,39.102477037229534],[8.429056604399795,39.102547456125855],[8.429016897680764,39.10259582792385],[8.42900491440779,39.10262043263125],[8.428989632824756,39.10264531764838],[8.428970051739622,39.10267947115356],[8.428962743457644,39.102710617387594],[8.4289149822857,39.10285793759181],[8.428910440361623,39.10294397680511],[8.42890951983546,39.102993276557626],[8.428910453785388,39.10302917326507],[8.428922284051863,39.10305464883833],[8.428953550951729,39.103117789613925],[8.42898570121581,39.10316376134356],[8.429003367481522,39.10318821119232],[8.429010777062667,39.103218341868335],[8.429020559844094,39.103264382458605],[8.429021728362475,39.10329902146115],[8.429019055554887,39.10332827914221],[8.429018821205094,39.103426141292985],[8.428989442482582,39.10350078957244],[8.428976493623315,39.10352622036726],[8.42893576211194,39.10358026410433],[8.428919484619282,39.103602987872165],[8.428892828145553,39.1036327777654],[8.428817247198792,39.10373265783267],[8.428795055671934,39.10375861552844],[8.428771526682144,39.10378664192393],[8.42874019786612,39.10381669994662],[8.428719861427652,39.103836916732085],[8.428695689262813,39.103862518676564],[8.42867118544705,39.10388822802496],[8.428644835625132,39.10391166653424],[8.4285678833488,39.10389855038724],[8.42851343966436,39.10388998519802],[8.428383473285447,39.10387245222628],[8.428279243640198,39.103851419254674],[8.428166571979643,39.10387927327328]]]]}}]}
