{"type":"FeatureCollection","metadata":{"code":"119004","referenceDate":"2026-01-01","sourceDbfExportDate":"2026-02-18","upstreamArchiveUrl":"https://www.istat.it/storage/cartografia/confini_amministrativi/non_generalizzati/2026/Limiti01012026.zip","sourceManifestSha256":"70ac8256c4785dc6ed2814c32b6965ae76f9161b51abaa1660059e1c6cbd8ca6","license":"https://creativecommons.org/licenses/by/4.0/","attribution":"Istat, Confini delle unità amministrative a fini statistici al 1° gennaio 2026, versione non generalizzata.","modifications":["Converted from WGS 84 / UTM zone 32N (EPSG:32632) to RFC 7946 WGS 84 geographic coordinates.","Converted from shapefile to per-municipality GeoJSON without geometry simplification."]},"features":[{"type":"Feature","id":"119004","properties":{"code":"119004","name":"Carloforte","alternativeName":null,"regionCode":"20","regionName":"Sardegna","territorialUnitCode":"119","territorialUnitName":"Sulcis Iglesiente"},"geometry":{"type":"MultiPolygon","coordinates":[[[[8.20824898421933,39.14731214072351],[8.20826107334398,39.147396767209045],[8.20826107414792,39.14746930447833],[8.208134133187164,39.14755997529788],[8.208031372618102,39.14760228902225],[8.207801671465747,39.14762646767182],[8.2076505530619,39.14765064670304],[8.207451075809807,39.14762646831862],[8.20729391165941,39.14760228905186],[8.207342269650418,39.14752370725403],[8.207457120547165,39.147487438903134],[8.207451075414534,39.14740281198985],[8.207505478064888,39.14734840886325],[8.207511522995917,39.14730005124367],[8.207596149208506,39.14729400631035],[8.207698910622744,39.14730609569515],[8.207777492838918,39.14723355827454],[8.20783794056028,39.1471670664383],[8.207910477720958,39.147154976558525],[8.208007193125525,39.14716102148341],[8.208140178372524,39.147233558585825],[8.20824898421933,39.14731214072351]]],[[[8.243137306937486,39.166866554647065],[8.24303419540623,39.16690192774019],[8.242968218500351,39.16698259758024],[8.24293220772785,39.167054450230175],[8.242848323171483,39.16709895990678],[8.242841765262478,39.16703584073521],[8.242768654064957,39.166972290007244],[8.24256382067078,39.16691351405622],[8.242411694699861,39.16685868569736],[8.2423605532064,39.16686299113242],[8.242234672084969,39.16687336060534],[8.242057873431074,39.16673451285503],[8.242172260107468,39.16659220906674],[8.241766535823603,39.166545714487455],[8.241593774435444,39.16656591822984],[8.241440380625905,39.16643313574252],[8.241514754668168,39.16640546158159],[8.241780318191125,39.16630664396248],[8.242062144506928,39.166201773436484],[8.242191925564393,39.16610800353509],[8.24236127163951,39.16610262311728],[8.242545090647319,39.166096783257466],[8.2429275393667,39.166278359174875],[8.243029258898718,39.16641530952459],[8.243076377667245,39.166476438527845],[8.243443397354811,39.16652275025843],[8.243489562012453,39.1666706031814],[8.243297133367259,39.166804516047335],[8.243144084130575,39.166774237453104],[8.243137306937486,39.166866554647065]]],[[[8.263105131269004,39.175102417344924],[8.263075675666748,39.1751151230063],[8.263068963557075,39.17515259397425],[8.262984460457725,39.17526649837241],[8.262833300522413,39.175427664184525],[8.262649453040952,39.17559309778267],[8.262684379283696,39.17567835045414],[8.26251115802585,39.17573101346502],[8.262523328838297,39.17577855648233],[8.262444340867432,39.17583336834326],[8.262138332471263,39.17580472890037],[8.262106658858121,39.175787362502305],[8.262147357828928,39.17564457167657],[8.26222060947198,39.17543523035488],[8.262349160340152,39.17532732731421],[8.262495320220205,39.17517566675452],[8.262735412529072,39.1750693567765],[8.26277791554809,39.175036447435886],[8.262804892009914,39.17509751850199],[8.262999180395358,39.175030084208544],[8.263001045426966,39.174951794595174],[8.263059633144422,39.17494183410615],[8.26310428456435,39.17496171887618],[8.263141735135513,39.174978396156725],[8.263105131269004,39.175102417344924]]],[[[8.319517090840675,39.18534450580221],[8.319579597015485,39.18541301787604],[8.319725161013846,39.18556897135039],[8.319443434422478,39.18581737702911],[8.319326862804951,39.18589892090894],[8.319292681451861,39.185974908711486],[8.319266221866382,39.18603372892103],[8.319188971323342,39.18616335046888],[8.319171845626483,39.18619559967103],[8.319060622489284,39.18628661619046],[8.31902862734534,39.18630002580489],[8.318881993811237,39.18637856769815],[8.318781213470945,39.186416147050515],[8.318638148347265,39.186469708648644],[8.318335529353936,39.18658342006391],[8.318137094664344,39.18665955388585],[8.318010931362787,39.18653099713853],[8.318111781817297,39.186279282929775],[8.318026721319296,39.186196843224494],[8.317985572671887,39.18615973681907],[8.317902390001068,39.18608094482878],[8.317849121293518,39.185800169305985],[8.31783628621432,39.18573251301929],[8.317990014554455,39.185700133751126],[8.318340979069527,39.185626210014384],[8.318331324102862,39.185466145373766],[8.318316129611782,39.18526081249914],[8.318370470857472,39.185252929556945],[8.318624078966694,39.18523589272809],[8.319144893976691,39.18525808549729],[8.319229928177442,39.18522888770656],[8.319420778708583,39.18516508331557],[8.319517090840675,39.18534450580221]]],[[[8.309285717920021,39.187785949873906],[8.30910346105324,39.18792250766903],[8.309007654541391,39.18795122505083],[8.308874615610367,39.18793917231204],[8.308958464140563,39.18765357524299],[8.30882236717918,39.1875491431485],[8.308709940572559,39.18746287230043],[8.30859355473602,39.187547785574175],[8.308406723633025,39.18768409166732],[8.308341817928282,39.18766117905575],[8.308321831630654,39.18753513082466],[8.30813004808191,39.187539845656076],[8.307968030493099,39.18755127980802],[8.307551555235936,39.187514415192496],[8.306973142563251,39.18746070512784],[8.306931208505032,39.18745681077364],[8.306641901936741,39.18729289362949],[8.306566426034465,39.18729115319229],[8.30630922734558,39.18728477340706],[8.30611518791116,39.18728074710796],[8.306198390005372,39.187209156020586],[8.306268584574632,39.18716085367466],[8.306341195700002,39.18711088693585],[8.306334283542364,39.186930628932735],[8.30609041082441,39.18694346722437],[8.306018604823475,39.18694677008243],[8.305820037381617,39.18697551431709],[8.30577945376094,39.18698138913803],[8.305557781491318,39.186869207547524],[8.305523084179566,39.18685370918876],[8.305436664055652,39.18688707065582],[8.305386510410823,39.18690696066429],[8.305241339091138,39.18695140028446],[8.3051266538518,39.18698650869999],[8.304927642315171,39.1869132350984],[8.304798537542876,39.18662411680795],[8.304762698566407,39.186542246792264],[8.304713812987947,39.18643438346831],[8.304747047830196,39.18627239310206],[8.304699194212944,39.18617298097224],[8.304670628015904,39.18611685710954],[8.304639390300283,39.18605548284458],[8.304480345575744,39.18589233855621],[8.304461882498476,39.185830761158726],[8.304436624409403,39.18572684947425],[8.304357102557937,39.18547596176648],[8.30430524089941,39.185318122965505],[8.304293537515452,39.185272650591216],[8.304219333776874,39.18506178055071],[8.304103250334283,39.184945400406285],[8.30397520689645,39.18481702903596],[8.303722040397874,39.18456321295171],[8.303563975058681,39.18436402859664],[8.303530485418317,39.184321827546796],[8.303480453480654,39.18425877811885],[8.303394997517826,39.18416993844593],[8.303012955923787,39.18377276569483],[8.30295756455761,39.183715178848686],[8.3028930987898,39.18364815910249],[8.302886718001353,39.18356036611874],[8.302876073328278,39.18347183305528],[8.302871810141083,39.18336634985115],[8.302896234052803,39.18314753831598],[8.302912524652157,39.18300850420205],[8.302920312472764,39.18294434786379],[8.302542100030449,39.18269991740342],[8.302391663062291,39.182825169039354],[8.302171646684883,39.18284187343604],[8.30194697364859,39.18301623911845],[8.301893633325733,39.18300240314018],[8.301807128758549,39.18296912015361],[8.301655741967677,39.18291086911809],[8.301329799452489,39.18254848034702],[8.30123345023367,39.18244135544442],[8.301126089098055,39.182321987030846],[8.301012362417717,39.18209603319661],[8.300948674671535,39.181969499786256],[8.300772957703597,39.181644054357534],[8.300715605277661,39.181537831641016],[8.300751932655741,39.18119338483457],[8.300768315564728,39.18103804534352],[8.30093635146515,39.18074394802615],[8.300966038050161,39.180690875977184],[8.300834260183576,39.18074121520539],[8.300749428886318,39.18079798419112],[8.300656677587638,39.18085680512788],[8.300507211057518,39.18095312787082],[8.300423176896633,39.18107403045524],[8.300344192951478,39.18119093721292],[8.300278344416425,39.181284896241976],[8.300270465992678,39.18131674585218],[8.300250978345822,39.18141283140822],[8.300232709436008,39.181504749510644],[8.300219011977749,39.18155737763514],[8.300250703294743,39.18169153088123],[8.300267896029728,39.18178173630587],[8.30030867961223,39.18196752003993],[8.300324852697695,39.18206050461032],[8.300336066127453,39.18210300264923],[8.300494036956335,39.182537158252295],[8.300457800283192,39.18267729145533],[8.300265005004768,39.18269366548199],[8.300217863183523,39.182694992621585],[8.300073561442222,39.18265230252223],[8.299875869053668,39.182593818766684],[8.299621704033228,39.18253822565874],[8.299496183013748,39.1825426208459],[8.299445085796801,39.18254375628982],[8.299184034940563,39.182598670603845],[8.299119542056426,39.18252889847002],[8.29891810208093,39.18241665833274],[8.298851889523121,39.182380410805486],[8.298516596268811,39.18233333890922],[8.298386259375256,39.18219503374472],[8.298341888092525,39.182146787820564],[8.298290695136668,39.18207967424635],[8.298214740203454,39.18198009738938],[8.297798844905415,39.18174330915862],[8.297773015105864,39.18162537062656],[8.297759719137616,39.181544834535394],[8.297980523744663,39.181473487363185],[8.2979357681536,39.181218125255654],[8.297927786995734,39.18117767482217],[8.297910269032252,39.181116288579574],[8.29788203193332,39.18102573060948],[8.29782662208206,39.180842389950826],[8.297593631529649,39.18040508508671],[8.297332521366155,39.180175986343336],[8.297051916106598,39.18001547781782],[8.296856022649314,39.179962309941736],[8.296841944113797,39.17992710754882],[8.296641176553587,39.17926284379512],[8.296479306045924,39.17895099181593],[8.296339899269105,39.17927128915191],[8.29632675286557,39.179301494631105],[8.296055216769945,39.179229971946505],[8.296003486293642,39.17922100890854],[8.295885683280153,39.179193087667706],[8.295834463023297,39.17918137930107],[8.295067691527303,39.179302895229135],[8.29445883725019,39.17955151376194],[8.294206813809913,39.17960596161588],[8.294094805054424,39.17963040649524],[8.2937354017013,39.17968051186496],[8.293552800822777,39.17970596736669],[8.293504803546703,39.17979803757645],[8.293411150581834,39.179977686661665],[8.293285009210129,39.180023182914724],[8.29311630495569,39.18008402867028],[8.292953259819543,39.18000638967673],[8.29286712889249,39.1799653754473],[8.292806514701683,39.17993053443127],[8.292726826278223,39.17988623236102],[8.292674299735586,39.17985607469328],[8.292575727834924,39.17987235646867],[8.29218917259373,39.17993620329553],[8.292148097694115,39.17994298771311],[8.291957802415471,39.17986974492161],[8.291908384687815,39.1798742213187],[8.291791551000978,39.17988002076317],[8.291675490257598,39.179886554675114],[8.291549403995601,39.179901435621815],[8.291416965903377,39.179972739439435],[8.291144822909763,39.18012386370156],[8.290836643074561,39.18011655306431],[8.290252657838165,39.18010266360098],[8.289964004954655,39.180105495165634],[8.289875441717228,39.18011100269382],[8.289697799752851,39.18017841475931],[8.289597689674633,39.180232150305784],[8.28949000317461,39.18029242385735],[8.289352163114149,39.180369754030934],[8.289283451031707,39.18063772025907],[8.28926488601477,39.18071660138673],[8.289238901884207,39.1808067522859],[8.289208577887724,39.18091373165816],[8.289180624504,39.181020868756036],[8.289097876518632,39.181126519047645],[8.289043912270758,39.18120697011725],[8.289053436646155,39.18132405053688],[8.289061149565134,39.18141441960103],[8.28906805242983,39.18151164734953],[8.289073091700862,39.1815994067501],[8.289010011201716,39.18168784263042],[8.288937330346172,39.18178269063974],[8.288882993070755,39.181861140722205],[8.288824011294775,39.181939750758495],[8.288745439522426,39.182033057860856],[8.288695333152013,39.18206146442671],[8.288649894717235,39.18207381585407],[8.288527110533039,39.18210719419251],[8.288533783829818,39.1820205056086],[8.28854823877523,39.181832732126885],[8.288550423694762,39.181804346609326],[8.288513349251877,39.181831979333886],[8.288439105602308,39.181904100020404],[8.28815182360405,39.18225366623637],[8.288037879883293,39.182400437576476],[8.28777625191908,39.18236842675192],[8.287379362237107,39.18211594938281],[8.287464023379272,39.18204697752658],[8.28751209539815,39.18200945350432],[8.287533985926583,39.18198972275733],[8.28757276893875,39.18196033465049],[8.287701852526613,39.1818532269215],[8.287655097907752,39.181753821726694],[8.28754717089221,39.18180231469433],[8.287431626358153,39.181851977452304],[8.287309341427287,39.18191787621628],[8.287147496744575,39.18200302167789],[8.286855651085279,39.18195392841632],[8.28676800047067,39.18174834724219],[8.286723491440878,39.1816365293449],[8.286659799912336,39.18160081116993],[8.286602191857373,39.18156459766095],[8.286570315499237,39.18154089386599],[8.286542598148628,39.1815254163789],[8.286483065451014,39.181501279193135],[8.286394658971458,39.181457761044946],[8.286347370919176,39.181494792007065],[8.286280507186552,39.181556181242776],[8.286190263575032,39.18163398750533],[8.286094584805346,39.18171468264086],[8.28604915999628,39.181755194104454],[8.286010689133136,39.181788810644775],[8.285969257984245,39.181768730905446],[8.285908487078984,39.18174063995177],[8.285865211555123,39.18172033801621],[8.285949205062018,39.18155415051952],[8.285996200897506,39.18146832012221],[8.28607485295764,39.18131162885654],[8.285946514114453,39.181265787769476],[8.285724405959394,39.18134274675624],[8.285612842908169,39.181428862421036],[8.285545246559215,39.18148147640083],[8.285487038308782,39.1815516201094],[8.285390625399135,39.18169011799998],[8.285245082585046,39.181892488497624],[8.28512888037219,39.18189511687629],[8.285020339321864,39.181889741783024],[8.284870050244756,39.18154753312175],[8.284848718977296,39.18149829892429],[8.284832882031463,39.181447064678295],[8.284710010233063,39.18134964566978],[8.28472448095649,39.18141446724148],[8.284699824626927,39.181471022580865],[8.284623077520921,39.18161810452815],[8.284598102570522,39.18167809375585],[8.284585885615545,39.181707441241265],[8.284567392390713,39.18173791710425],[8.284452106268597,39.181780396775316],[8.284102203700403,39.18189086249129],[8.283872560183976,39.18184480665322],[8.283598144730357,39.181789771436385],[8.28356678861473,39.18166517732175],[8.28352622961629,39.18154523121571],[8.283511624256185,39.181492751846925],[8.283482849075632,39.181396103860564],[8.283447091648238,39.18127297034612],[8.28329905750492,39.181313979646895],[8.283124901802191,39.18136222422307],[8.282719903461196,39.18134020419385],[8.28265770678705,39.18133682155952],[8.282473781036682,39.18108225841727],[8.28239691746944,39.18097983897883],[8.282309712130408,39.180985656385296],[8.282144503978872,39.18099712602906],[8.28199967945931,39.18100725136309],[8.281905963414305,39.180743072525885],[8.281866551570046,39.18062950453421],[8.281849157430822,39.180581686241815],[8.28199286948596,39.180467096797585],[8.282075120991811,39.18039847443725],[8.282125024528744,39.180360899038845],[8.282170330910274,39.180320779444884],[8.28231317704239,39.180207216014466],[8.28232314239151,39.18008112522337],[8.282126888312762,39.18004731111115],[8.281999296795858,39.18002442834268],[8.281924441698106,39.18001302598136],[8.281795841987137,39.179990020536074],[8.281591950079026,39.179974120840726],[8.281457849217404,39.18002534381326],[8.281116391930498,39.17991824855661],[8.280997944312666,39.179896455562066],[8.280738809056805,39.17984794712378],[8.28042015110747,39.17979014700907],[8.280347892419783,39.17977554547029],[8.280266033560569,39.17976094856527],[8.280205825735191,39.179698696768],[8.280152023019355,39.17963970952275],[8.279866340780238,39.179319191486584],[8.27991264825251,39.17926430011955],[8.2801377934979,39.179002469276625],[8.280197966355646,39.17892322129091],[8.28023331209633,39.178875790710876],[8.280271718235614,39.17882955765347],[8.280310839460489,39.17878142859345],[8.280477343309318,39.178580696639116],[8.28059718478089,39.17832350127723],[8.280599484363618,39.178181815804386],[8.28059942313923,39.17810387533476],[8.280435770446497,39.17825799710308],[8.280383168420828,39.17830753696897],[8.280325620006549,39.178365751724854],[8.280225921924599,39.17846651974939],[8.28017568046479,39.17851717163252],[8.280097761570401,39.17859533318851],[8.280057771820879,39.178637577176914],[8.280019068170471,39.17867585887997],[8.279905265484397,39.17876335647116],[8.279597610224712,39.17899201303943],[8.279462983121018,39.17909244909582],[8.279386378334658,39.179150278809765],[8.279335905585285,39.179186963745586],[8.279259455337803,39.17924528542622],[8.279192852939374,39.17928749605323],[8.279049581816043,39.179159896120154],[8.278992945647154,39.179108793396104],[8.278777477157718,39.17905447922898],[8.278688592513278,39.17902634295531],[8.278655123241393,39.17901942351654],[8.278112730482325,39.17899985918986],[8.277866819317339,39.17898918391467],[8.277989077781822,39.178801840102864],[8.2780455661811,39.17871471106592],[8.277997721158963,39.17844228259139],[8.277983873431134,39.1783722223726],[8.2777727200017,39.17842602014947],[8.277577920810762,39.17865399126461],[8.277539467101894,39.17867484744385],[8.277353630641116,39.178797900868965],[8.277253843925184,39.1788608324719],[8.277199848824669,39.17889555548007],[8.27714550565077,39.17892989423994],[8.277012186365301,39.1789049204962],[8.276956066741784,39.17889487740751],[8.27685495944472,39.17887590460352],[8.276809896664835,39.17879452742751],[8.276748747357233,39.17868137875454],[8.276683577110036,39.17875976041723],[8.276641899702662,39.17880696047644],[8.276597416417296,39.17885647873423],[8.27654916111097,39.1789088228119],[8.276464366655924,39.17900301112973],[8.276490088369195,39.17883505386509],[8.276492610209397,39.178792671280114],[8.27637914283023,39.17870517516652],[8.276313062336154,39.178657406008725],[8.276215474804173,39.178713205611054],[8.276157429205615,39.178745814241026],[8.276101007195228,39.1787793916918],[8.275981238077087,39.17884422101091],[8.27579723701548,39.178980359109076],[8.275705599810419,39.17904672994259],[8.275626613662688,39.17904130274615],[8.275510752455679,39.1790386576774],[8.275403275506594,39.17903140507908],[8.275341898950183,39.17924664959135],[8.27528617191648,39.17925463451028],[8.275208163194817,39.179249611392144],[8.275163678994952,39.179245541075495],[8.275161984785603,39.179088081614864],[8.275155651961015,39.17904760115516],[8.275039830863053,39.17896879636712],[8.274985640871572,39.178932658763],[8.274909922949384,39.178879585385346],[8.274704313442514,39.17889925974775],[8.274627093264781,39.17890666001717],[8.274577512566218,39.178977762090916],[8.274421563403376,39.17908492137703],[8.274429909894929,39.17914019504602],[8.27443636038242,39.17919588222365],[8.27444320375198,39.17923215869515],[8.274382155924453,39.179229976355316],[8.274137962341683,39.17922124666205],[8.274138381393541,39.17918364935723],[8.27413755380643,39.179128463958],[8.274134138307064,39.17903019288479],[8.274060222675674,39.17904080593663],[8.274013844226939,39.179047465312024],[8.273785702671649,39.1791384047904],[8.273700957400939,39.17923361683125],[8.273649865280174,39.17930072174428],[8.27360811215077,39.17935291409257],[8.273508711794308,39.17948859282825],[8.273518963245795,39.179675140665296],[8.273521653630294,39.17976526584632],[8.273473384448065,39.179814963838076],[8.273356369141291,39.179935441990416],[8.273072514899013,39.18001004450212],[8.272990678505808,39.180032280213354],[8.272631836091676,39.18007542875997],[8.27241601098187,39.18011880162303],[8.272319127615912,39.180137024048705],[8.272258045964621,39.18015074197019],[8.272155657128895,39.18017179084416],[8.271997182650614,39.18020404934436],[8.271995725099861,39.18017081603964],[8.271988482521309,39.18011555000994],[8.271970798418819,39.17999032095797],[8.272002571050704,39.179968421970166],[8.272120394978767,39.179889550997686],[8.272207044751157,39.17982640029627],[8.272089389764426,39.17969166110645],[8.27203155110514,39.17970248323356],[8.271962789444082,39.179724146616564],[8.271893308989979,39.17974567661088],[8.271824520600516,39.17976610704958],[8.271753332639626,39.17978581509219],[8.271689934720232,39.17980119517465],[8.271655671934901,39.17981813691828],[8.271628506164287,39.17983508336776],[8.271573786841943,39.17987188255135],[8.271516354133695,39.179909197290634],[8.271374453216648,39.180004161996415],[8.271228626766332,39.18011138026663],[8.271154254511025,39.180166061967626],[8.27071823012007,39.180486643173566],[8.270650480045301,39.180558305638634],[8.270570447037446,39.18064295971942],[8.270438758713922,39.180782251578634],[8.270077422728454,39.18101226416052],[8.269986686934175,39.18111451129885],[8.269927596451662,39.181175246869756],[8.269884278660083,39.18121972551039],[8.269657971781426,39.18145317433246],[8.269625372866125,39.1814867609708],[8.269508348028811,39.18147861227015],[8.269429311381177,39.18147248040158],[8.269443776822401,39.18140849710403],[8.269457942752767,39.18135532684022],[8.269516483600494,39.1811008639498],[8.269407566987432,39.181137043874756],[8.269196996878161,39.18120699079109],[8.26894803284681,39.18135072931338],[8.268825999501294,39.181395800375505],[8.268662344520095,39.18145563579365],[8.268580488575715,39.18148616643086],[8.268480237673263,39.18152350461954],[8.268244959559784,39.18160326346754],[8.267985224303441,39.18169111498922],[8.267844115646952,39.181739148714385],[8.26766505640092,39.1817008416531],[8.26756367321658,39.18167908188862],[8.26745864657757,39.18165620159919],[8.267421017020075,39.18164863372959],[8.267478204483243,39.18162413843239],[8.267562420979168,39.18158777351815],[8.267608975517135,39.18156849171909],[8.26775710836752,39.18150683644969],[8.267812905928825,39.18148125634766],[8.267882384379288,39.181451163003935],[8.267945439945471,39.18142346942398],[8.268006912431234,39.18139681293397],[8.26821761999972,39.18130897424146],[8.268118090200677,39.181310720787096],[8.268059848078964,39.1813113623601],[8.267668912803538,39.181329180525694],[8.26721282336416,39.18134996583636],[8.266642198738845,39.18180818207187],[8.266506621453535,39.18176369507507],[8.266404216585052,39.18173009202131],[8.266507872676254,39.18164329987409],[8.266716641734206,39.18146849086962],[8.26677096971685,39.181433058484146],[8.266977320516244,39.18129543719366],[8.267039646858036,39.18125358785737],[8.267095032949412,39.18121646161276],[8.267148691141799,39.18117971104238],[8.267237340795056,39.18111476184821],[8.267092879293305,39.18105402972906],[8.266960681917325,39.18099457123846],[8.266807849679406,39.180908139205854],[8.266842537064225,39.18086553124132],[8.266961447715158,39.18071081567641],[8.26699643642043,39.18066481604466],[8.267037570434232,39.180611134497084],[8.267057801964482,39.180586996237025],[8.267076273249113,39.180564458955885],[8.267114893068378,39.18051439837511],[8.267155943932428,39.18046157139777],[8.267206530669172,39.18039754161935],[8.267196205803803,39.18016268165431],[8.267103857844079,39.18008316690674],[8.266900363810999,39.179907987579526],[8.26683951254445,39.17993399771614],[8.26663331046057,39.18001721897074],[8.26660681358555,39.17998259260864],[8.266552221461943,39.17991530500018],[8.266597835114975,39.17987295330392],[8.266704467533733,39.1797727488906],[8.266751660484633,39.17973148297633],[8.266774556794687,39.17970848068782],[8.26710814654444,39.179573351970625],[8.267172406748998,39.179547142362914],[8.267233930585753,39.17952053885432],[8.267300284021006,39.179495546199455],[8.267370433241592,39.17946825435553],[8.267433775753194,39.179442767816624],[8.267468646594317,39.179430010407685],[8.267493628970685,39.17938758451669],[8.26751684822102,39.179350944266936],[8.267614147739309,39.179187631765124],[8.267706145062489,39.1790349602006],[8.2677302228018,39.17898920083349],[8.267739906390895,39.178964407743514],[8.267694083505438,39.178903294187904],[8.26756340812306,39.178736769958704],[8.267494123430147,39.178648478755406],[8.267117399307978,39.17869291894777],[8.266877708443452,39.178721333703514],[8.266788697605978,39.17873036756853],[8.267008852587455,39.178523589406566],[8.267031833491549,39.178503654914],[8.267054942177236,39.17848356623258],[8.267116608229466,39.17842533891248],[8.267249740362663,39.17838058630091],[8.267316528207425,39.178357248964936],[8.267359622126541,39.17834201932952],[8.26739367206458,39.17833022094694],[8.267446768052839,39.1783131663752],[8.267526113818226,39.178287701091065],[8.26761739481126,39.17806627887348],[8.267232694031549,39.17804198079355],[8.267125918927261,39.177872356114584],[8.267110904242879,39.17784025124552],[8.267336226845305,39.17754816149111],[8.267377969502586,39.177569824915835],[8.267262803541422,39.177383251194414],[8.267195269913742,39.17727409878844],[8.26713176322318,39.17729004340571],[8.266829055697135,39.17738052279518],[8.266645684441508,39.17743343444054],[8.266543516723907,39.17743877283637],[8.26627934695433,39.177453655564975],[8.265803222579644,39.1774551610625],[8.265779653497413,39.17735589321056],[8.265957557007336,39.17708668883021],[8.266146191323461,39.17689864923282],[8.266369503611363,39.17685500077626],[8.26639932073979,39.17648612954122],[8.266405929565135,39.17642969873146],[8.266434107864335,39.176069209925586],[8.266398413250013,39.17602613731549],[8.266219490800717,39.17580974131869],[8.265998073698494,39.175834434329765],[8.265779896541563,39.17594119008168],[8.265341075729303,39.17597446793825],[8.265233018733477,39.17592873193823],[8.265193024516694,39.17573925193887],[8.265339225959197,39.17559599977376],[8.26538712455936,39.175443117683976],[8.26547768221054,39.17536259015718],[8.265566096684287,39.17520996337721],[8.26548898926413,39.17511035797374],[8.265213550513902,39.175018512060944],[8.265038973802161,39.17510752040938],[8.264996970673627,39.17497209235501],[8.265044735829653,39.17469305646044],[8.265086148661569,39.174468046080534],[8.26502131637646,39.17444060526162],[8.26484645823182,39.17455664346332],[8.264692834009317,39.174663085386655],[8.264624589167246,39.174639394790624],[8.264553697542102,39.174599849830145],[8.264494974709494,39.174694830192195],[8.264449178037358,39.17477039696213],[8.264295741523796,39.17491360144851],[8.26426240453992,39.17491875066499],[8.264181659531172,39.17493054794143],[8.264127608266762,39.174939572573024],[8.264129204929521,39.17478639767319],[8.264056779820812,39.17451561493461],[8.26405762517856,39.17443452276048],[8.264044658107954,39.17429026680185],[8.263883420654407,39.17434894487283],[8.263631160355956,39.174116447586165],[8.263653072517856,39.1738192278876],[8.26343005028826,39.173835840212135],[8.263262578666046,39.17379873773354],[8.263427965502878,39.17361956637665],[8.263229319093725,39.17351919113432],[8.263112773469473,39.173455377620414],[8.263222141750743,39.173374971675344],[8.263182848963973,39.17325758195197],[8.262960864282817,39.173175080546926],[8.263130498414405,39.17300494649156],[8.263118134021706,39.17294179264548],[8.262758688916913,39.17285842150113],[8.262617581811062,39.17292961524029],[8.262506225693517,39.17278473642767],[8.262353542774353,39.172855857484194],[8.262279243049015,39.172871776208],[8.262107424457486,39.172905395722196],[8.262023213396876,39.17297630383456],[8.261974890573551,39.17301608383769],[8.261921256767359,39.17305981481625],[8.26187020964911,39.17309718061008],[8.2618305299724,39.173127743048646],[8.261871049408553,39.17291587778208],[8.261967772342913,39.17279934916002],[8.26181514925305,39.17272629580407],[8.2616072593613,39.17267992395802],[8.261381253289466,39.1727055244026],[8.26132548177875,39.17264209431462],[8.261470614527157,39.17246279731251],[8.261216518577175,39.17240712097411],[8.261159856316214,39.172401411021646],[8.260988026291306,39.172393824506486],[8.260905995478598,39.17243368224093],[8.260814920493189,39.17248056243814],[8.260749472164038,39.1725122892558],[8.260719322627317,39.172465296977435],[8.260674010138779,39.17239466921689],[8.260851605206849,39.172017340126615],[8.260475091426638,39.17205806854508],[8.260362132262067,39.17187448454197],[8.260336529430306,39.17182813917122],[8.260278091901355,39.17173679919881],[8.260207439338394,39.17162578465971],[8.26009290180826,39.17168915674061],[8.26004894316524,39.1717108111306],[8.259960580941714,39.17157015243746],[8.259864368208078,39.171223749327794],[8.259711047767395,39.17107972764612],[8.25952677199082,39.171004599527585],[8.259267265135925,39.17089894323876],[8.259109716138386,39.17095796078747],[8.25886916436852,39.170933408135966],[8.258902021507753,39.17089321116055],[8.25896272468479,39.17082491944307],[8.258915732900682,39.17075253398909],[8.258745920417132,39.17065826186982],[8.258631101805294,39.170601800573465],[8.258406300234087,39.17062314076372],[8.258369841852566,39.170638628313924],[8.258306175494083,39.17066464586962],[8.258198445806919,39.170711926245914],[8.258072301166179,39.17073426323932],[8.257949104834402,39.17075539338331],[8.258064709058711,39.17049481409265],[8.257942953655546,39.17037689750441],[8.257531035682739,39.17019405666963],[8.256970778389782,39.17008235520757],[8.256811121578107,39.16999122767003],[8.256914015607206,39.16983869970283],[8.257032919864765,39.1696772618794],[8.256864559224706,39.16945091662637],[8.256767498413002,39.1693241453441],[8.25659354163685,39.16907974301938],[8.256375419433969,39.1689071443161],[8.255958698784639,39.168769321070315],[8.255342810139743,39.168720333156436],[8.255107570414616,39.168912697323265],[8.25505338640432,39.168960090003324],[8.254835117066534,39.16911356545317],[8.254683115009742,39.169193690894595],[8.254625630351525,39.169223964004004],[8.254481536181828,39.16929994967557],[8.254362219226138,39.16936284493063],[8.254246817703812,39.16944365093204],[8.254154285478586,39.16950778247755],[8.253967023506808,39.169639651870426],[8.25389865121739,39.16968754248164],[8.253712055914058,39.16981823619434],[8.253533802883926,39.16984412726873],[8.25337051284189,39.16996022241685],[8.253314753242739,39.17007924563451],[8.253256529766912,39.17020278553448],[8.253016744130871,39.1703003680685],[8.252887039808867,39.17038739227278],[8.252730844731824,39.17045284547851],[8.252422204333582,39.170530837866195],[8.252348488053375,39.170549512254546],[8.252153280691626,39.17054829565942],[8.251574323078303,39.17055337596173],[8.251459983524457,39.170553945411115],[8.251380026683606,39.17055991873318],[8.251310309216715,39.170566842663035],[8.251223837365755,39.17057477714942],[8.251162897419194,39.17057739159481],[8.25109175658745,39.170580882091265],[8.251021376908197,39.17058660674202],[8.250953751029112,39.170586452295844],[8.250877459863277,39.170590389837265],[8.250822149827526,39.17059666810006],[8.250689399892783,39.17055935810258],[8.250506787566705,39.17051853287658],[8.250438701154359,39.170505608476404],[8.250104406562862,39.17048474373112],[8.250034183143507,39.17047891947568],[8.249950646128966,39.17047439987032],[8.249890984236925,39.170473090406055],[8.24962585846553,39.17043596415018],[8.249555896405521,39.170425925073204],[8.249439721070008,39.170401885370836],[8.249261471809985,39.17033078702928],[8.249164107998023,39.170287787591334],[8.249133278372506,39.170275407956154],[8.248990280068318,39.170162719294844],[8.248933342675771,39.170119041263106],[8.248850073182368,39.170057322078264],[8.24880924357088,39.17002771656938],[8.248686837407625,39.16993952674973],[8.24849608102421,39.16980317590741],[8.248244394620322,39.16977856287064],[8.248210116944483,39.169770745510846],[8.248148186649738,39.16976564493921],[8.24807320082931,39.169761973928104],[8.24796680045768,39.16975088778024],[8.247781260703134,39.16975027412361],[8.247699127309783,39.169749159991184],[8.247675020738377,39.169599198456716],[8.247646203839013,39.16941992186183],[8.247544646935768,39.169350004465215],[8.247464334857538,39.16924190877997],[8.247430003376152,39.169200289921605],[8.2473854616626,39.16914469582804],[8.247297151695275,39.16904371656925],[8.247176958358647,39.169004330970594],[8.246988578734085,39.1689426035639],[8.246953803939649,39.16887453640392],[8.246738904015837,39.16847985160546],[8.246716963414851,39.16842830418283],[8.246626245865995,39.16824079303678],[8.246462933720666,39.167895071437286],[8.246406808210702,39.16778507150733],[8.246394937818161,39.16775856746267],[8.246296993203627,39.16755910765945],[8.24623422120715,39.167566253704905],[8.246161912994909,39.1675768910391],[8.246092874782324,39.167587753131414],[8.245884165020923,39.16762325469109],[8.245816375961798,39.1676450414541],[8.245391520252513,39.167782260583394],[8.245336781293089,39.16779992797147],[8.245428901109678,39.16798074146098],[8.245330514811998,39.16798010432896],[8.245231309124545,39.16798129282899],[8.24519317536128,39.167986713706114],[8.24500044215946,39.16799598810451],[8.244914883255207,39.16787829245197],[8.244903014571594,39.16749975888293],[8.24517685281978,39.167465490153155],[8.245288644064084,39.16743017048038],[8.24535731622656,39.16723237638692],[8.245485691872293,39.16686376189957],[8.24542462809276,39.16648491066937],[8.245359326963724,39.16636734649149],[8.245102614160205,39.16642425396123],[8.244960530894438,39.166329182641995],[8.244904141073407,39.166288292361784],[8.244861925760825,39.16625916397618],[8.24483089537411,39.16624825699226],[8.244763897137885,39.16622617401226],[8.244689524849122,39.166204362185155],[8.24463298744067,39.166191577739426],[8.244578869170073,39.16617815655664],[8.244509195404762,39.16614487801557],[8.244446177708223,39.166116776121534],[8.244161112137775,39.165977744937635],[8.244008064359035,39.16581230429479],[8.243726879081965,39.16572262310599],[8.24355684524896,39.165517069363794],[8.24352547839958,39.16547883777724],[8.24340692383633,39.16533533211131],[8.243348943691561,39.16524456961481],[8.243315580787892,39.1651970067967],[8.243226126040875,39.16505932623941],[8.243098846647937,39.16485271404083],[8.243059797546547,39.16478341496733],[8.243023632710988,39.16473142480968],[8.242676496218703,39.16423238803299],[8.242477327971995,39.164050875566915],[8.242272084786,39.16389635698419],[8.242051121447593,39.16372371300781],[8.24180739670288,39.163514877653164],[8.241738096843722,39.16355128150248],[8.241705543879055,39.163568279678515],[8.241741998905015,39.16367664819651],[8.241763892862433,39.16370382257996],[8.241807678493338,39.163758173121636],[8.242004720467774,39.164002748593134],[8.242118734629285,39.16414466007058],[8.242161443806758,39.16436420196394],[8.2421659739898,39.164481372757756],[8.242233724689042,39.16460796560897],[8.242248242807822,39.16463509283695],[8.242313627309395,39.16501397388179],[8.242274865186824,39.165058776544996],[8.242127565911643,39.16522902471997],[8.241958980697882,39.16520426275516],[8.241834162259064,39.1650649210542],[8.241757482050664,39.16506442213864],[8.241591359087714,39.165028587702714],[8.241202314854375,39.1649714154407],[8.241034369883666,39.164971823863866],[8.240799541243538,39.16497385261407],[8.240637111147182,39.16497464782047],[8.240535821870722,39.16497536821242],[8.240442477783727,39.16498060882867],[8.240359891804678,39.16498518871297],[8.240245941864227,39.16498986502331],[8.24010301818765,39.164997761127246],[8.240060472117719,39.165001991850744],[8.239865257290331,39.16503647583472],[8.239592219639878,39.165131410696965],[8.239476633575828,39.16525047395049],[8.239444444663013,39.16528363047433],[8.239410127120177,39.16532161557395],[8.239367818947333,39.16536821793004],[8.23928191098177,39.165462787429725],[8.239232633492362,39.165494103138016],[8.239194681252634,39.16552347882121],[8.239165098021612,39.165542098711306],[8.239137841740723,39.165559612826414],[8.238887350313929,39.16573504195658],[8.238814200794165,39.16580501167218],[8.238771271835931,39.16585480412786],[8.23882670672298,39.166084012508705],[8.238865195579821,39.1662362207481],[8.238886328646553,39.16632203927301],[8.23890071968105,39.166404151713955],[8.238665689279612,39.166522044658926],[8.238349884082238,39.16669118694076],[8.238303350846385,39.166712645097256],[8.23804160319971,39.166833345650794],[8.237964532205314,39.16686888541989],[8.23772279999038,39.16687782735339],[8.237138491471889,39.16689952351217],[8.23712572083498,39.166822215292655],[8.237093799986239,39.16671306771118],[8.237733199331194,39.16658465610509],[8.237714183840781,39.16633560640918],[8.237717964949862,39.16611937047132],[8.23749227640808,39.165982731666205],[8.237378501809717,39.16600755656919],[8.237289067039049,39.16602933908579],[8.237231829662266,39.166070351674755],[8.237143041490196,39.166149492019734],[8.236956056648367,39.16633064462785],[8.236898547713649,39.16637532272224],[8.236760528298067,39.16648254914277],[8.236569338925882,39.16650070450089],[8.236139163360729,39.16654155336216],[8.236076041324662,39.1663699336063],[8.23602952896377,39.16624347648374],[8.236158558896932,39.16591993133907],[8.236173791923234,39.165881734709416],[8.236118792864215,39.165749590148934],[8.235998812549235,39.16573922406578],[8.235709703046352,39.1657142440224],[8.235595547574075,39.165834015624654],[8.235422097729817,39.165919840458585],[8.234836133588876,39.16621540432121],[8.234729930402477,39.166268739188595],[8.23456208327287,39.16613585366768],[8.234642332426182,39.166057928856816],[8.235030649426827,39.16567589008831],[8.235102898467968,39.165534216827886],[8.235009939014777,39.16546185342819],[8.234845654366122,39.16533671316046],[8.234728372916164,39.16524027300419],[8.234666832775183,39.165223129230135],[8.234600053017715,39.16519537126813],[8.234540891798016,39.1651687094819],[8.234454803906827,39.165133552779636],[8.234271386870295,39.1650528568069],[8.234152971789364,39.165006523848],[8.234090471812568,39.16498132399212],[8.234000277038973,39.1649468509245],[8.234007144234615,39.165004722850185],[8.234024898354512,39.16510395895359],[8.233696578787757,39.165282844527816],[8.233628860540863,39.165320903826206],[8.23357008000877,39.16535219248056],[8.233509587085933,39.16538394111349],[8.233451475641973,39.16541510975738],[8.233386091438797,39.16545118203651],[8.233350396138068,39.165463618382375],[8.233298587991362,39.16541774436854],[8.23317331335086,39.16531236618275],[8.233187504866187,39.16507141883118],[8.23311206134657,39.16509028506353],[8.233011954704729,39.16511531820242],[8.232594231448964,39.16534234422676],[8.232661182261975,39.16543920211757],[8.23253139899723,39.165463218523435],[8.232411702654792,39.16548869431795],[8.232112833910636,39.1655700764348],[8.232075140288076,39.16544254948665],[8.232044452518812,39.16533872239917],[8.231951245107972,39.16539441023694],[8.23187290184235,39.16544121658211],[8.231844931398575,39.16545792771136],[8.231756164667134,39.16559718053506],[8.231724078561536,39.165647778055494],[8.231615285555726,39.165819101108895],[8.231362823179124,39.16589252695384],[8.230966875939037,39.165837351121816],[8.230790141545079,39.16572399941453],[8.23067231932414,39.165648430864536],[8.230432152086507,39.16564684504759],[8.23021260749593,39.16561158504239],[8.23008839207048,39.16559163601274],[8.229739872902817,39.16570759954851],[8.229740355464852,39.16555521793393],[8.229745998239283,39.165428520048174],[8.229743472302687,39.16537760058443],[8.229781023022587,39.165258565639675],[8.22983373593978,39.16510089738671],[8.22986715783515,39.1650691862213],[8.230033356812609,39.16496224877859],[8.230094105228162,39.164924161744146],[8.230161896188745,39.1648811633863],[8.230221491405986,39.1647966866786],[8.230292903614592,39.164697332542616],[8.230325652137829,39.164650688377385],[8.230417754386657,39.164519162103936],[8.230462223199472,39.16444717274563],[8.23051707257322,39.16435997927898],[8.230367808520727,39.16412314311709],[8.230335850180216,39.164071286763026],[8.23027122663502,39.163817703963645],[8.230601006834181,39.16316321512655],[8.230264853083971,39.16280957132368],[8.229720665569998,39.16236451253013],[8.229337601029684,39.16252861103938],[8.229068006027179,39.16263001929173],[8.228834401729815,39.16271788917078],[8.22864606784816,39.16278873020744],[8.228506642496708,39.162717308366766],[8.228412977110157,39.16267004581168],[8.228401727866187,39.16261810617155],[8.228390897556034,39.16256342006668],[8.228215879751515,39.16177328582785],[8.227640680241443,39.16145071568644],[8.227427292361206,39.16164754006565],[8.227103598823742,39.16161160263633],[8.226835583746997,39.16151183169219],[8.226550546836663,39.16111684070226],[8.22663797455108,39.16092819300714],[8.2267291161565,39.16053232006013],[8.226669795353816,39.15987188040971],[8.226332603125734,39.16012558006524],[8.226286137701424,39.16015993396139],[8.226220995302679,39.160163273421425],[8.225974904058651,39.16017588904573],[8.225641046850436,39.16027589570192],[8.225437828716192,39.16033676841233],[8.225228589996137,39.16044125513864],[8.225066005964566,39.16052127255671],[8.224940295628516,39.16058576494931],[8.224934868901546,39.16045028452237],[8.225000930475801,39.160412570654834],[8.22511220249238,39.16034586732069],[8.225257597028383,39.16001681103416],[8.22527447282005,39.15979728334879],[8.224922819295669,39.15967329822958],[8.224878926258073,39.15984984509933],[8.22501630493941,39.16006423066059],[8.224972504313374,39.16012265105103],[8.22487435197123,39.160266567057214],[8.224520027038484,39.160385856530404],[8.224482502489227,39.1603774537194],[8.224266017217499,39.16032897394238],[8.223903482379281,39.1604051805499],[8.223759759713086,39.16043496682175],[8.223548588850672,39.160181148288345],[8.223675881818213,39.160072543168305],[8.223724320402322,39.16003158312312],[8.22381861470709,39.15995128485775],[8.22391593190414,39.15986804655187],[8.22396852171763,39.15983784968263],[8.224196035094637,39.15971102709981],[8.224443602011776,39.15957211688955],[8.224519034942722,39.159513401679234],[8.224568882662496,39.15947589643696],[8.224626545240183,39.15943385930388],[8.224673068430988,39.159394904563136],[8.224722555325025,39.159354932360756],[8.224753805403619,39.15933007722195],[8.225259482802763,39.15920203715371],[8.225265552678241,39.159291489476544],[8.225660614305058,39.15928285151607],[8.225707278394482,39.15915928995709],[8.225735096426314,39.15907846010664],[8.225851122547866,39.15901936673201],[8.225912633352278,39.15899055014305],[8.226608003188979,39.158685232961204],[8.22699574448968,39.158511148716],[8.227095228068052,39.15834903127202],[8.2271243289801,39.158300139860664],[8.227141262231894,39.15827460971827],[8.22715713973752,39.15825015388511],[8.227185928857352,39.158200661161764],[8.227211675577289,39.158159696037416],[8.227266201741719,39.158052652553984],[8.227280588461076,39.15801655458948],[8.227471295598901,39.15762447859691],[8.227691494556554,39.15694073316702],[8.227707694620303,39.15688630447636],[8.227719857699283,39.15685569650005],[8.22836002440372,39.156127803886044],[8.22778719822563,39.15644950934864],[8.227709357464223,39.156492939917285],[8.227483686524435,39.156491444191516],[8.227417735746592,39.15656911838534],[8.227356045536716,39.156642099953004],[8.227315348276427,39.15668752373263],[8.227269874841978,39.15674031832058],[8.22723682223006,39.15678116924439],[8.227194237489966,39.15682380869714],[8.227172151048146,39.156854393162426],[8.227087774003325,39.156947619506454],[8.226838484552225,39.1572024029753],[8.226531441621807,39.15729610590381],[8.226345825315434,39.15735231857976],[8.226251701764197,39.15736023516038],[8.225737639169205,39.15740347057484],[8.225672560156804,39.15740136304347],[8.225094074551746,39.15738263090167],[8.224906066465897,39.1573765417274],[8.224789891495368,39.157284534074584],[8.224667979757962,39.15718798266629],[8.224514859071782,39.15704391599842],[8.224408255824812,39.15684077839929],[8.224355573792245,39.156864523040234],[8.224020266637838,39.15701809638213],[8.2240367982154,39.156950289166936],[8.22406162011189,39.15684834151355],[8.224122261840469,39.15680897455988],[8.224334351366773,39.15664945362683],[8.22438328423423,39.15660949948279],[8.224434267721193,39.15656882547377],[8.22447641397867,39.15651892850177],[8.224516357930101,39.156473648485054],[8.22455762686938,39.156429120673614],[8.22460017921826,39.156382595549815],[8.22463532395712,39.15634074286065],[8.224764015780096,39.15620712686725],[8.224876781989169,39.15609004531784],[8.22499202562697,39.15587117175298],[8.224883984572882,39.15585142388805],[8.224739354582107,39.155825562794114],[8.224799033692218,39.15552860124304],[8.224864394136933,39.15548285488939],[8.224969606319828,39.15540921522582],[8.225098817491126,39.15548632870119],[8.225113893119346,39.15544339806442],[8.225290809483088,39.155029048835644],[8.225313059511718,39.15495802647248],[8.225692050864705,39.155095257950514],[8.225554807464794,39.15481388203435],[8.225244996907065,39.15478558023819],[8.225122251926598,39.15477366267572],[8.225051573389054,39.15476758249207],[8.22490590396674,39.15475437688028],[8.22477957013178,39.15466568073067],[8.224766378480842,39.15458111533695],[8.224753889630797,39.15450106099124],[8.224946160607931,39.15447793280312],[8.225021874211807,39.15446905321506],[8.224870771807463,39.15413126678329],[8.22482983857555,39.1540397586594],[8.224592519230008,39.15367887186964],[8.22455664021097,39.15362430972866],[8.224357434548208,39.153321377661044],[8.224563796904976,39.15324167941285],[8.224596465436113,39.15323117014192],[8.224662201289025,39.153205974946694],[8.224754020044621,39.15317083122331],[8.224739332328836,39.15313994219791],[8.224570975337587,39.152871293296556],[8.224429051548846,39.152776696274955],[8.22406946627628,39.152538893413684],[8.223990093633514,39.15252146939078],[8.22345035747286,39.15240298548988],[8.223413029654559,39.15237708077707],[8.22333431528023,39.152322231004895],[8.222778466724,39.151936698893614],[8.222519002396629,39.15172095992478],[8.22231125966178,39.15140644595319],[8.222084251675076,39.15087103646457],[8.222015642679061,39.15066445383047],[8.222300325046694,39.15028578796998],[8.222338842321133,39.15024417649481],[8.222383139521769,39.1501910533312],[8.222427425844032,39.15013407519122],[8.222467221678002,39.15012906749037],[8.222607391764233,39.15013000256811],[8.22274311540155,39.15002165090016],[8.222765650076031,39.149945664026816],[8.222862158760408,39.14985165383533],[8.222979081846676,39.14974276111157],[8.223117563604967,39.14961415273516],[8.22315007677334,39.14958395748938],[8.223317496680096,39.14948374785371],[8.22337242696518,39.14944913428337],[8.223483543576389,39.149383435112064],[8.223701654484277,39.14918921523881],[8.22379616635617,39.149105054346165],[8.22361445763109,39.14905428373299],[8.223483641675479,39.14913862430807],[8.223453654048596,39.14915786293588],[8.223229821657814,39.149304025727304],[8.22298254274144,39.149463191361924],[8.2229280892479,39.14949894420827],[8.2228857447149,39.149526752615074],[8.222825762616448,39.149568947424875],[8.222766146227434,39.14960797819252],[8.222715724219848,39.14964480129264],[8.222590107152586,39.14972890339164],[8.222554735620411,39.14974465377392],[8.22228247486288,39.149846228037916],[8.22223924388325,39.149849075353345],[8.222165546958811,39.14984968915283],[8.222095676309513,39.149854055376224],[8.222031231034409,39.14985651951775],[8.222035163299863,39.14982604999332],[8.22204407540579,39.149761828937926],[8.222055881831736,39.14963748268182],[8.222065010038962,39.149607131640536],[8.222106934248364,39.149467742576554],[8.22217276102886,39.1492699427151],[8.222055653476001,39.1491565250243],[8.222018180715192,39.149120231060905],[8.222144856719218,39.148913826425506],[8.222299720434817,39.14876618095897],[8.222302092431573,39.148707752625256],[8.22232026427023,39.148354069482146],[8.22230024275172,39.148333150306364],[8.22225733956445,39.148288321044014],[8.222254189738976,39.14825676167438],[8.222226072332994,39.14797498432114],[8.222206089496483,39.147805896407675],[8.222191246994429,39.1476418709069],[8.222044216792309,39.14763644895307],[8.221924164271961,39.14763404898052],[8.221869644276321,39.147633570544095],[8.221702644698283,39.147354361946576],[8.22168216613189,39.14731919058215],[8.221635260786439,39.147300234556624],[8.221545778708405,39.14726353630261],[8.22127067882857,39.14715093667933],[8.221134949553004,39.147095894556834],[8.221117889385784,39.14712711254723],[8.221098591531614,39.147158399381865],[8.221044653598566,39.14724834491049],[8.220973888325672,39.14736579021275],[8.220951990949345,39.14739143230219],[8.220693916061132,39.147626315738],[8.220654557775164,39.14766532140434],[8.220617792226786,39.147702280886435],[8.220570823760042,39.14775011142404],[8.220520387752494,39.147800601312426],[8.220473038838659,39.14784912851511],[8.220389028111345,39.14793273701499],[8.220128754391594,39.14800391232233],[8.219988402091719,39.148038636621244],[8.21990958080805,39.14800986962346],[8.219816565935778,39.14797618939923],[8.219778947741695,39.14795857255273],[8.219639790206854,39.14781824587532],[8.219612208680978,39.147785553265194],[8.219609527388357,39.14771146795033],[8.219604972962818,39.147580131592484],[8.219691282462774,39.14749285356423],[8.220196589569634,39.147056955078746],[8.220150146905342,39.14680884477545],[8.219918177457764,39.146649448298795],[8.219944738171218,39.14660224465315],[8.219972564465948,39.14655287332479],[8.220003339083616,39.146505094133516],[8.22002661776103,39.14646785715018],[8.220273715139404,39.14649091158852],[8.220399745264313,39.14634307477273],[8.220515500949672,39.14620868643851],[8.220480198121228,39.14613073079566],[8.220446742530651,39.14575430305542],[8.220642705491965,39.14548827556457],[8.220674359297178,39.145444949873685],[8.220714406114869,39.14545504590616],[8.22078210780403,39.145471210982144],[8.220848283479722,39.14548724416906],[8.220977316193988,39.14551793570276],[8.220983499048245,39.14548193318704],[8.2211344615806,39.145414686817865],[8.22118813918062,39.14538948953772],[8.221259646331255,39.145355617569855],[8.22132122268928,39.14532696864236],[8.221374173501854,39.14530796235678],[8.221763966153715,39.14528103870339],[8.221829055792202,39.14527695251725],[8.221894943493556,39.14520395669013],[8.221928886920049,39.14516742308376],[8.221970182971047,39.14512385863831],[8.222013225082422,39.14507662305308],[8.222063479707625,39.145020784169475],[8.222100726790995,39.144985611591615],[8.222151843274121,39.14493556526092],[8.222186657265164,39.14489855439956],[8.222342301340905,39.144755623983784],[8.22240558310962,39.14469683427453],[8.222450138622722,39.14466250240634],[8.222488583670211,39.14463273886432],[8.222632957456899,39.144524988255824],[8.222766071850428,39.14442740784413],[8.222823956763788,39.144381376578316],[8.222887084028116,39.14434835692619],[8.223082047906598,39.14424548819271],[8.223128910371829,39.14422366874396],[8.22339159617969,39.14432433637593],[8.223585557806382,39.144180328672846],[8.223757293317806,39.1438210367385],[8.223909814975256,39.14376235573215],[8.223994606757326,39.14328534278113],[8.223875889298396,39.14321282589334],[8.223822198082942,39.14317944315157],[8.223707988759168,39.14304239254657],[8.223738373196063,39.1429095561225],[8.223788601871002,39.14268249351784],[8.223770571262008,39.14263222740649],[8.223707202299172,39.14245555264557],[8.223722922531596,39.14240947704826],[8.223780433759698,39.14224090536031],[8.223711424769519,39.14213801717879],[8.223652072183393,39.142051363458236],[8.223706219463077,39.14203165579959],[8.223764192085005,39.14200764021873],[8.223953535514271,39.14188838122538],[8.223936279968699,39.14185078791218],[8.22389276735395,39.141758444827865],[8.223837078510392,39.14169274446691],[8.223741129253588,39.14160537579238],[8.223863438788246,39.14150932333999],[8.223979656385996,39.14141837275474],[8.22401691951099,39.14138748435544],[8.224073778856575,39.14134044358598],[8.224082438662954,39.14130145671133],[8.22408835899988,39.14124491625353],[8.224092154986527,39.14112849187536],[8.224095307784276,39.141074240700355],[8.224094990267426,39.14103549322267],[8.224377411948497,39.14082679027961],[8.224754500379946,39.14075628052446],[8.224823818255839,39.14074303048383],[8.224878340591182,39.14078850110965],[8.224905777942977,39.14081194990179],[8.224962422076855,39.140859890087796],[8.225193177119854,39.14105666950914],[8.225232468266462,39.14108666239556],[8.225276900053665,39.1411150115966],[8.225526777420678,39.141160124981404],[8.225849794946432,39.14136580082965],[8.226096551464135,39.14152358344543],[8.22625045724484,39.14162206252347],[8.226423296592463,39.14168870966574],[8.227183723757543,39.14198193144628],[8.22757556571404,39.1421330234581],[8.227847262909373,39.14223816428298],[8.227909557670719,39.14226210731682],[8.227975012396948,39.142287025510626],[8.228027834352309,39.14230741308174],[8.228546012875322,39.14235988720293],[8.228642776816427,39.14237208151644],[8.228713099046368,39.142380016999375],[8.228793557934047,39.142387948327624],[8.229144425880401,39.14209284892504],[8.229183137963343,39.14211439337356],[8.22923431914135,39.1421388289894],[8.229310841269838,39.14217169340985],[8.229366977321037,39.14219688080694],[8.22957990698352,39.1421283760033],[8.229726814141458,39.14207996508149],[8.229776777074742,39.14206277164017],[8.230053573556464,39.14197276702717],[8.23015117047462,39.14190761362087],[8.23019367109987,39.14188136244159],[8.230258073308061,39.141837642151216],[8.230355959140287,39.141768768947934],[8.230572003367783,39.14165067208547],[8.230658489365975,39.14156163340578],[8.230696292451055,39.14151872308725],[8.230813765269382,39.14139498932501],[8.230865253044803,39.141340852383365],[8.230939277040763,39.1412622488549],[8.230986748560497,39.14131549703835],[8.231269243134756,39.14164400923517],[8.231356455099421,39.141788932071435],[8.231407166869793,39.14187286217973],[8.231584651842006,39.14216759547861],[8.23171122474,39.14223231227982],[8.231766118561042,39.14226136595365],[8.232166063598765,39.14246552553215],[8.232198003083912,39.14248002013616],[8.232250555378155,39.14250895362923],[8.232463593381185,39.14263296905333],[8.232573566933764,39.142696985383814],[8.232663584659262,39.14274925779041],[8.232722082612241,39.14278332411692],[8.23277530476651,39.14281060466584],[8.23296286666064,39.14290783036116],[8.233022505209581,39.14293726339388],[8.23307791595532,39.14296612701699],[8.233350677474228,39.14310552264611],[8.233593940670916,39.14323007813635],[8.23378693748547,39.143321344147914],[8.23392688218595,39.14332401942025],[8.234276896253174,39.143326319524355],[8.234506226828794,39.14325305746802],[8.23508680966469,39.14306758483861],[8.23551247399858,39.142934130013934],[8.235565287026594,39.14291568494162],[8.235628997594208,39.14289418450853],[8.235683019824094,39.142877234123105],[8.23577117774454,39.142850361195606],[8.235898245488194,39.142816688611894],[8.236052213501914,39.14277530220874],[8.2362152793424,39.14270753072408],[8.236246991385135,39.14269433111353],[8.236439066042598,39.142612473322664],[8.236489372306568,39.142593268902054],[8.236563303826676,39.14256037385618],[8.236612880313116,39.14253887761688],[8.236724488531696,39.14248829650403],[8.236829302032419,39.142440589445506],[8.236922326575497,39.14239865232757],[8.237406287834244,39.142129375862616],[8.237547164345402,39.142050189988595],[8.237993331595778,39.14180136471577],[8.23826981101579,39.14164717222586],[8.238470742742804,39.14160678968584],[8.238599405118865,39.14158126687333],[8.238953995552775,39.1415097198393],[8.239153681379193,39.14150201979905],[8.239428611949128,39.14149141783091],[8.239707858697354,39.141259096787685],[8.239724543985783,39.14116254129152],[8.2397462860974,39.1409494573003],[8.239770189553075,39.14091248529433],[8.239799071596682,39.14086146430379],[8.239883086998393,39.14071381324201],[8.23993699717322,39.140619550467036],[8.240092131755592,39.140450480755575],[8.240107862598865,39.140371707535415],[8.240143619411397,39.14016346089042],[8.24012568083717,39.140112540950675],[8.240111652557664,39.140058354791975],[8.240045926994542,39.13983251665872],[8.240003126076866,39.13968892067893],[8.24000811677873,39.13962918160299],[8.240013098995572,39.139583252695765],[8.240022496103483,39.13946882498773],[8.240021978789876,39.13944192835018],[8.240110767426641,39.13941040384862],[8.240255591685761,39.139359196934365],[8.240333543458918,39.13938628381681],[8.240454981124257,39.139435249753475],[8.240758384681675,39.13955711132874],[8.241005361158136,39.13938993707531],[8.24103243965636,39.13936966749766],[8.241058539891009,39.13935181549686],[8.241148015150266,39.13937042004563],[8.241192770986302,39.13937792021707],[8.241276903430688,39.13943419902693],[8.241415363138925,39.139526472503164],[8.241567368683866,39.13936625172002],[8.241602347903061,39.13933301886368],[8.241493444440279,39.139124140348606],[8.241390253687518,39.138921451605974],[8.241339046623679,39.138820872055],[8.24142732266074,39.138471147478164],[8.241444062690896,39.138404786930806],[8.241472461796644,39.138301406754216],[8.241940060862737,39.13874819016809],[8.242073538093429,39.1387096351879],[8.242157204007583,39.13865044723796],[8.242210687665432,39.13861205047059],[8.242261552888994,39.13857569476317],[8.242236994742091,39.13849950945974],[8.242218739831705,39.13843233826613],[8.242196804895473,39.13835636734819],[8.242179236867562,39.13831007274795],[8.242165738944887,39.13826123647926],[8.242315268555698,39.13828161017259],[8.242477665892642,39.1383041659644],[8.242573317529207,39.138318049961086],[8.24269513956841,39.13833521811928],[8.242897807683507,39.138183348997295],[8.242982405763097,39.13784921351466],[8.242998065181602,39.13779306596892],[8.243011982981853,39.13773985460133],[8.243020388918271,39.13769794775498],[8.243415946051407,39.13774517903087],[8.243688318228832,39.13756672890853],[8.243839110446642,39.13739650042],[8.244170194058192,39.136867004376846],[8.244645704024034,39.13662679220407],[8.244915756405266,39.13652942208268],[8.245150735833107,39.13628639320067],[8.245206992444656,39.13627437913282],[8.245274844438553,39.136260245946474],[8.245344793019743,39.136244916119885],[8.245574503285322,39.13619464679172],[8.245703535259088,39.13616672154092],[8.245745807762875,39.13615122587811],[8.245809967345082,39.13612831341098],[8.246008955406424,39.13606141649769],[8.246296211895132,39.13596409677546],[8.24646756450141,39.135800570372304],[8.246685854166165,39.13559585689148],[8.246738306088167,39.135559585143874],[8.246896384313448,39.13545004363398],[8.247345879019718,39.13513943770971],[8.24759374228571,39.13483361733086],[8.247804867162195,39.134682843887184],[8.247823299275693,39.13466047771658],[8.248007026078444,39.13444085343763],[8.24808663031845,39.13421465410558],[8.248183272273236,39.13420800473676],[8.24825242278866,39.13420284501483],[8.248308181461987,39.134196868095536],[8.248422315270792,39.1341892220815],[8.248506313433218,39.13418354249721],[8.248623138929007,39.13417051335453],[8.248686741959585,39.13416182675553],[8.24875648603904,39.13414936264737],[8.248876614598517,39.13413220497839],[8.249149758158676,39.1341508604721],[8.249599297836896,39.133901450468905],[8.249910576948958,39.13359708308799],[8.250320480363316,39.13340260570189],[8.250566278562834,39.132589825135064],[8.250616620552956,39.13179718766314],[8.25043965389136,39.13143786544017],[8.250069548166467,39.1315867496685],[8.249908825140418,39.13165351330158],[8.249865043206825,39.13163670357837],[8.249784756472023,39.131608125715196],[8.249673234256644,39.13156806946933],[8.249628571780088,39.13155204154998],[8.24946638984896,39.13131446055882],[8.24938221080228,39.13119114459247],[8.2494803338165,39.13114026418889],[8.24977484280196,39.13098754768539],[8.24999620649074,39.13113303284455],[8.25004599419339,39.13116563508353],[8.250149452944529,39.13125578078234],[8.250302379776404,39.131154265322664],[8.250709471137453,39.130950758256006],[8.250976988399918,39.13096295113306],[8.25102997178875,39.13096957496437],[8.251571641014861,39.13106442847665],[8.251785353328955,39.130685088636284],[8.251428025381323,39.13035986365843],[8.251351339689068,39.130290327082314],[8.25130534280628,39.1302027033668],[8.251220936660284,39.13004056245752],[8.251529220657885,39.129880346297995],[8.251502417793171,39.12954339084134],[8.251797016974832,39.12944616216113],[8.252098162052825,39.12927688674289],[8.252187117766747,39.12907020630796],[8.252186989028855,39.12880888920283],[8.252152947752057,39.12872104063299],[8.252132244338592,39.128666481361726],[8.252077437972824,39.12850181412424],[8.251941684659018,39.128347757780304],[8.251860578393405,39.12808592002882],[8.25196332643599,39.1279424043488],[8.251742162914923,39.12779681061359],[8.251517616046657,39.12793488176506],[8.251471390215782,39.12796627931785],[8.251447066585389,39.127941649238444],[8.251324562735178,39.12781760188774],[8.251227356675038,39.127718423279745],[8.251204804005603,39.127657233378386],[8.25114260524966,39.127468566953056],[8.251016839078593,39.12691809230964],[8.250670806627243,39.126411255823086],[8.249752085220262,39.1260449087983],[8.249004854378208,39.125853299763676],[8.248816126431652,39.12580459659594],[8.24813708021474,39.12561098932503],[8.247518577484065,39.12543579006288],[8.247023393327643,39.12522642781239],[8.24680723392079,39.1250166932846],[8.246714576393172,39.12499071594356],[8.246520350512386,39.12493374108171],[8.246120677654462,39.12471489461911],[8.246043262463703,39.12451615273988],[8.245565320348106,39.124314820096735],[8.24561631236676,39.124279106102186],[8.245470276641424,39.12417388646615],[8.245345142874413,39.12407911055827],[8.245408376601402,39.123980399779306],[8.245346808016047,39.1239172044095],[8.245215515648542,39.123773666890074],[8.245151332424248,39.12356864019821],[8.245100701098673,39.123377885452925],[8.245097896385554,39.123344012943775],[8.24515261625845,39.12314973860798],[8.24517938762087,39.12311895826409],[8.245232371614524,39.123065411030865],[8.24532968896869,39.122952643924734],[8.24552632974276,39.12281875356078],[8.246068353920586,39.12270511836189],[8.246528189825655,39.12260538954672],[8.246626878879686,39.12258460014582],[8.24674085553998,39.12255965895942],[8.24780441309602,39.12221848030657],[8.247959916038768,39.1221624331558],[8.24815150919142,39.12209440145613],[8.248215079730128,39.122072298361125],[8.24827858395193,39.122049138713415],[8.248315341544544,39.12203565739217],[8.248351906415976,39.122022239695795],[8.248437337906177,39.12199070054089],[8.248501191632862,39.12196751328816],[8.248613347719061,39.12192072395054],[8.248663595588585,39.121847814466705],[8.248741121229966,39.121741548998045],[8.24880085564086,39.121660596089335],[8.249083402820078,39.12174238837962],[8.249273377457891,39.121554382632226],[8.249378679233729,39.121033553066965],[8.249774946973371,39.12089080245481],[8.250026504728906,39.1206220935687],[8.250362244154262,39.12032351244766],[8.250590647627718,39.120162287236866],[8.25064417682547,39.12012699821244],[8.2506987591505,39.12008860352885],[8.250748762271233,39.12005026589205],[8.25084973439775,39.11997783734268],[8.250948070937916,39.11990947285611],[8.251231987346337,39.11970960070368],[8.252444837143738,39.119738786151366],[8.2532111062326,39.11990120301211],[8.253279854996435,39.119916741378155],[8.25339201829511,39.11996291227636],[8.253432803677372,39.11998300403166],[8.253475255979458,39.12000331730562],[8.253525374622797,39.12002820318631],[8.253590903139521,39.120058317688375],[8.253642061588717,39.12008026447666],[8.253886709890441,39.12019438179883],[8.253973718554253,39.12018593577308],[8.25403550043612,39.120177344469774],[8.254079818878454,39.12017188354955],[8.254421619615021,39.120135436401654],[8.254546117479718,39.120121691555276],[8.2546939996819,39.12008434035445],[8.255005619727207,39.12000523411654],[8.255259810314104,39.11976806829522],[8.255365528040993,39.119638085747276],[8.255586486672607,39.11936640647295],[8.255655337751476,39.119281751512325],[8.255713374891213,39.11918976007952],[8.255961623665652,39.11882391977821],[8.255992990656,39.11877572541715],[8.256012616477555,39.11873897038877],[8.256033090664264,39.11868446185957],[8.256070074158249,39.11862257593856],[8.256101933362709,39.11857650948502],[8.256131844206715,39.11852497531957],[8.25625084379858,39.11834053029392],[8.256408333940595,39.11803456929605],[8.256435681015624,39.11798501192955],[8.256465720115976,39.11793641518048],[8.256500711828442,39.117876313205066],[8.256537062157479,39.11782935614563],[8.256574986554178,39.11778363010582],[8.256731371302678,39.11760694987817],[8.256820547896156,39.117514030025674],[8.256987480109679,39.117346452935394],[8.257074068676944,39.11719237842293],[8.257073952902942,39.117083675955335],[8.257074970354152,39.116945710212605],[8.25707561264332,39.116770000319605],[8.25697449770137,39.11649452244667],[8.256899904610824,39.11629129990842],[8.256902507356976,39.116043516129764],[8.256903217199014,39.11597593799651],[8.256782925347649,39.115829320540094],[8.25668687981844,39.11571715891868],[8.256459665580056,39.11566899044537],[8.25604702656239,39.11572267574086],[8.255973125840377,39.11560055710663],[8.256001250373222,39.11550087737046],[8.256104237614199,39.115137329841666],[8.256116456690142,39.11508829684382],[8.25604972930083,39.11507748401423],[8.256001232728972,39.11507194631179],[8.255958855470684,39.11506747400201],[8.25589258676017,39.115062874406576],[8.255493466133949,39.115121250482105],[8.255554656982117,39.11497162397201],[8.255518171090788,39.114960866090605],[8.255190206012875,39.11484314258111],[8.255119983392328,39.11489748361097],[8.254987452355302,39.11500349208885],[8.254937776047074,39.11504485688289],[8.25490136237614,39.115069750476614],[8.254806737135999,39.115089868269386],[8.254637828819565,39.11512796291494],[8.254474003244617,39.115165253598164],[8.25390744031477,39.11529292753273],[8.253752229232166,39.11532954874732],[8.253553444333226,39.11531557681261],[8.253483901337479,39.11531170549947],[8.253410179541492,39.11530736133635],[8.253336405665523,39.115302253559555],[8.253174309728454,39.11529261958914],[8.253098186387883,39.11528709561936],[8.252839073727927,39.11526963342681],[8.252738736030476,39.1151870134218],[8.252651576734538,39.115115245086024],[8.252595164954911,39.115068554155094],[8.25253965398613,39.115021566202394],[8.252491073379707,39.11498208378856],[8.252441584571894,39.11494251533224],[8.252332186001055,39.11483682362361],[8.252285744010114,39.1147905893657],[8.25215918817259,39.1146657949144],[8.251687187380714,39.114207963516],[8.251640593471649,39.114162610202705],[8.25159327375869,39.114125407185604],[8.251362899723144,39.11394466899092],[8.251240595961129,39.11384912088263],[8.2511813109499,39.11379518487038],[8.250972754282849,39.11359758945409],[8.250654348974537,39.113300233936215],[8.250586258801235,39.1132367199725],[8.250447932435998,39.11305561108841],[8.250430242182835,39.11303029981892],[8.250350588780636,39.112926551037305],[8.2503096067646,39.11287450294253],[8.250040339409491,39.11239519034533],[8.249891850947323,39.11213917074582],[8.249633318470552,39.112023122786695],[8.249584004406797,39.11199904869024],[8.24928961277289,39.111849701377174],[8.249177843743269,39.11179573812731],[8.249123681393694,39.11176609984115],[8.248733722952544,39.11157524260055],[8.248536149955886,39.111484408613826],[8.248396332361985,39.11142043097706],[8.248152871613522,39.11133788257858],[8.247907612383123,39.1112542912082],[8.247576634610615,39.11114249847094],[8.247421051074172,39.11108974476372],[8.247385462797872,39.11102643783945],[8.247256455081907,39.110796951944785],[8.24727005292124,39.11076602740278],[8.247413506298841,39.11043978128074],[8.247454896703394,39.11039567908915],[8.2475294205758,39.110318101232224],[8.247588340135739,39.11025337506233],[8.247667169097154,39.11016574696877],[8.247631318972706,39.110090647492896],[8.247489403040037,39.10982865233593],[8.247737599977519,39.108921274921606],[8.247835658818294,39.108666109779946],[8.24786055038858,39.10860773924246],[8.247908587801764,39.10847633585538],[8.24835389960093,39.10860986689719],[8.2487427252813,39.10875316875036],[8.248787530590011,39.10848200293483],[8.248978706875528,39.10831180796404],[8.249064512758327,39.108237943122724],[8.249264804376052,39.10805593075041],[8.24953414293911,39.10774228154721],[8.250039388553287,39.10740424282285],[8.249973160956024,39.10696903808808],[8.250517743766562,39.106874546368296],[8.25100474687584,39.1070297356253],[8.251014653078164,39.106970161554464],[8.251035030893384,39.10684894630553],[8.251162946991226,39.10685561799247],[8.251187173767375,39.10688172267847],[8.251230060523701,39.1069252150521],[8.25125563391072,39.10695588074637],[8.251464674488517,39.10701128933721],[8.251659948911326,39.107001279201754],[8.251650543935376,39.106523637686976],[8.25183898675662,39.106569928483275],[8.251907200891017,39.10658632387145],[8.252220063406073,39.10666808864457],[8.252343746705028,39.106639031972406],[8.252505977569367,39.10659743387741],[8.252572450314648,39.10658249085296],[8.252836046425521,39.10651997782909],[8.253186157752411,39.1063588979818],[8.253482091351211,39.10626279926031],[8.253574303261422,39.10615525818503],[8.253697137102622,39.10588571533784],[8.253711904469514,39.105837626965325],[8.253768971206897,39.10566397114677],[8.253753026406578,39.1056336514768],[8.253628512568937,39.105264646339634],[8.253737776267268,39.1050479563638],[8.253493956566205,39.104919662347854],[8.253437257856307,39.10489397195483],[8.2535058057385,39.10486863122589],[8.253955376715751,39.10470242685359],[8.254003048790805,39.10469903648691],[8.254088809368989,39.10469121037271],[8.254358729411619,39.1041553250346],[8.254683797308784,39.103939880803324],[8.254801270126054,39.103860845313825],[8.254855207851858,39.103863912308015],[8.255218698827875,39.10389501267427],[8.255642345198616,39.10399506550573],[8.255748291707873,39.103985817149415],[8.25592794182714,39.10396965277548],[8.255987731028213,39.10396265972292],[8.256070489585925,39.10396185151017],[8.256139295793758,39.103963694472654],[8.256611617736038,39.10395909557045],[8.25670076524561,39.103964640783396],[8.256904890483462,39.10397733741575],[8.256969632435105,39.103981521182675],[8.257045162538159,39.103985031155126],[8.257196718683092,39.10399548912148],[8.258144692659537,39.10389226821829],[8.258597875395365,39.103782843800985],[8.258665468626107,39.10376599767122],[8.258867732434785,39.10371666324572],[8.258933025904666,39.103703397745505],[8.258999614558324,39.103687268622124],[8.259063492967728,39.10366964082062],[8.259129003501121,39.1036559602797],[8.259193471635902,39.10363855692482],[8.259333099643635,39.10360696739314],[8.259387014795461,39.10358821010899],[8.259659314555137,39.10349456406142],[8.259801248372087,39.10344459707365],[8.25991926232446,39.10340343774714],[8.260195251645014,39.10305880227507],[8.26023124526628,39.10301456748935],[8.260424493125235,39.1030012118984],[8.260622224440144,39.102989207242295],[8.260662351944594,39.10298463721429],[8.26088693899616,39.10296260101579],[8.260963378447123,39.10295226063512],[8.26105181082772,39.102942139496086],[8.261137047643508,39.10293358127776],[8.261203034331103,39.103259520668985],[8.261463475744454,39.103376060707724],[8.26164553862727,39.10313078622544],[8.261669507108994,39.10310086186492],[8.261749383562762,39.102991525792184],[8.26204824180037,39.103111382361476],[8.262063368422746,39.10315989984953],[8.26209707581962,39.10332940816783],[8.262108912828579,39.10338585707205],[8.262146214195415,39.10361466906128],[8.262468193114163,39.10365275059535],[8.262717725926514,39.10342905467531],[8.262800049340317,39.10334127155409],[8.262859036365095,39.10327793466151],[8.26292092508466,39.10293473578101],[8.262962533531661,39.10258425296619],[8.262993893488602,39.102313440456264],[8.26312797377937,39.10186109460895],[8.263127559157628,39.10175584297864],[8.263119367415364,39.101515824354436],[8.263114498953923,39.101450365280115],[8.263305350091715,39.10128981593348],[8.263408935111544,39.10121373777392],[8.263430087602352,39.10118945508368],[8.263512180092606,39.10112163663284],[8.263552361966996,39.10109138086068],[8.263640855893918,39.101015278348996],[8.26369097589373,39.100972282402246],[8.263843772839046,39.101353509876716],[8.263879486404486,39.10139083295587],[8.26398212485004,39.10149148736819],[8.26431891615214,39.10119970430252],[8.264592316939073,39.10119603610247],[8.264721804614604,39.10119685282871],[8.265016303378014,39.10119870980485],[8.265248999402036,39.101266707818816],[8.265391747107978,39.10130744070279],[8.26545860932891,39.10132855856002],[8.26552359474976,39.10134799300601],[8.265672440755536,39.10139453464005],[8.265743037747463,39.101415954299725],[8.26582073293146,39.10143773850921],[8.265888892097887,39.10143898141206],[8.265955411542473,39.10144032028131],[8.26617958264752,39.10143847941389],[8.266374953625125,39.10143287860318],[8.266456902295502,39.101430695439234],[8.266529047761207,39.10142882179812],[8.266996904446422,39.101419651644626],[8.2670893987307,39.10118585489394],[8.26719123628047,39.10084407792091],[8.267201587593178,39.10072088896074],[8.267216598020305,39.100559630566494],[8.267221548549005,39.1005001175716],[8.267226848956572,39.10044177190363],[8.26723495964044,39.10033973850687],[8.26725525900702,39.10010558060642],[8.267149787520427,39.09996074177268],[8.2671566464185,39.0998886973889],[8.26716302994044,39.099818669391986],[8.267209799500987,39.09933035087026],[8.267220975816452,39.09919591766532],[8.267225257102202,39.09909390973917],[8.267240663847426,39.099061225269985],[8.26730474314513,39.09892616305996],[8.26734377407391,39.09884180268102],[8.267559284429439,39.098881989922],[8.267739914702934,39.09891188063576],[8.268094679437972,39.09907797067952],[8.26813718086877,39.09910213389417],[8.268624237811398,39.099379120897574],[8.268795528598325,39.0994732191085],[8.269503695419406,39.09949699524502],[8.269778084413486,39.099530053701464],[8.269846007734692,39.0995405372458],[8.270018617129288,39.09956012142606],[8.270192838871104,39.09958025070043],[8.270257984601102,39.099593642506264],[8.27033433484573,39.0996109935707],[8.270602339236012,39.09967969569728],[8.270801629250107,39.09973052565684],[8.270870160009146,39.099748535731536],[8.270936755482273,39.09976570374598],[8.271010558846674,39.099785371402675],[8.271077532812368,39.09980161536732],[8.271144159082294,39.09981816079233],[8.271383202463696,39.099880271408395],[8.271756718884111,39.09991752296721],[8.27198104890467,39.09993989452766],[8.272546177639132,39.099993696556],[8.272773114005211,39.09992384392396],[8.273138785064038,39.099811291043856],[8.273341169810587,39.0997494527486],[8.273527422663909,39.09969428448531],[8.273529266598631,39.09965141147323],[8.27353397841953,39.0994780618641],[8.27353735362551,39.09940767953613],[8.27351535708133,39.09935537658218],[8.273494512005447,39.09930761786447],[8.273471371619229,39.09925364253101],[8.273446421340262,39.099196747145456],[8.273423741669925,39.09914397404413],[8.273403969894147,39.09909463785455],[8.273419745957234,39.099030426985905],[8.273434366300002,39.09897538216487],[8.273496382152915,39.098774970804726],[8.273504976198609,39.09873874405074],[8.273522834232073,39.098576894240466],[8.273563714621108,39.098270775805496],[8.273546924648999,39.09822151317987],[8.273526231505347,39.09816979684982],[8.273515432501469,39.09812700724508],[8.273350876777608,39.0976809959954],[8.273261096523699,39.09745464456057],[8.273234481138712,39.097392405992565],[8.27319782457632,39.09722373650993],[8.273178826673169,39.09715326785716],[8.27337836226292,39.09703511600632],[8.273351665268269,39.09698060753796],[8.273310427520608,39.09689389572832],[8.273268103963606,39.09682160744194],[8.273242205311021,39.0967802528581],[8.273210226236788,39.096732486843564],[8.273173536556442,39.09667565876981],[8.27314533671529,39.09663994155311],[8.273021591262625,39.09644605133888],[8.272845506341573,39.096134795339694],[8.273011150646754,39.09605513520358],[8.272980049018699,39.09599145025066],[8.272916207373338,39.09586981825517],[8.273059523491336,39.09559251080627],[8.273075195008028,39.09556872650807],[8.273112098228953,39.09555885519299],[8.27319156898671,39.09554864909926],[8.273418621373496,39.095511442900666],[8.27334630176992,39.09546317500008],[8.273273621245936,39.095413352199344],[8.273192525078562,39.095359099318706],[8.273117127698104,39.09530675801353],[8.273128760212561,39.09515927533745],[8.273186682174012,39.095149112416465],[8.273236090578916,39.09514044359664],[8.27332714566195,39.095124467748434],[8.27336036636125,39.09511068783198],[8.273630744152998,39.095008574230015],[8.27368610824137,39.09498644195286],[8.273717410248382,39.0949750424176],[8.27381386726978,39.094937564305354],[8.273857177824008,39.0949175159199],[8.273996476276258,39.09511624827059],[8.274034685030761,39.09516103687027],[8.274099841308182,39.095225068751056],[8.274140199595385,39.09515800109261],[8.274256438319904,39.09498429581212],[8.274323280416278,39.094892774721025],[8.274294422631316,39.09480494631761],[8.274338288661712,39.094597217031975],[8.27434843874283,39.09453092725776],[8.274367784106936,39.094428092681824],[8.274483699363877,39.094349309458615],[8.274536394170282,39.09431608016105],[8.274704151411981,39.094198767187386],[8.274760082769077,39.09420605273194],[8.274819122807303,39.09422233350397],[8.274898147677753,39.094235396334795],[8.27491995035105,39.09438561746806],[8.27493826756144,39.09453078333924],[8.274975546196186,39.09478555511484],[8.2750113385829,39.09485100875677],[8.275085286181733,39.09498449794856],[8.275276508917337,39.095320200740396],[8.27549853165425,39.095235413259445],[8.275558913770775,39.09521273997356],[8.275668314001706,39.095170575700315],[8.275714896585896,39.09471468373093],[8.275778993177834,39.09478067791661],[8.275986245250106,39.09499230040471],[8.276023646490257,39.095027856016195],[8.276088802871215,39.094969338164546],[8.276131459996943,39.094932271991496],[8.276169530268861,39.094937456324224],[8.276325401679085,39.09494600222361],[8.276430165361965,39.09496887552336],[8.276504990922621,39.09498549490461],[8.276576343147243,39.09500162501237],[8.276662636145968,39.095041144969464],[8.276839040203868,39.09511990199801],[8.276894318084372,39.09514552087796],[8.27685696429999,39.09506111777708],[8.27683251122292,39.09500987248679],[8.276806593082565,39.09495262484648],[8.276744445956371,39.09481794298378],[8.276806878384738,39.09473405881046],[8.276839640290751,39.09469888369321],[8.276852816041128,39.094673515473865],[8.276969434325796,39.09451841584532],[8.277030179037512,39.09448492806167],[8.277237877203676,39.09436146034128],[8.277297547786414,39.0943222698652],[8.277346771527572,39.09429340886778],[8.277433222262918,39.09425794728133],[8.277584820877284,39.09419576331224],[8.277837021114172,39.09426941331435],[8.278143341180112,39.094300042031676],[8.27820316295138,39.09432638588311],[8.278504426723826,39.09444926014048],[8.278834322559113,39.094842152404674],[8.278851861515166,39.09492250079644],[8.278864744883077,39.09501341379365],[8.278913457142519,39.09524399997931],[8.278952761765245,39.095560385349614],[8.279050108270658,39.095635908014636],[8.279337121646448,39.09585798758189],[8.279393601111652,39.09586283860514],[8.279757082534376,39.09592354387326],[8.27988028601642,39.096049097293694],[8.280028887495096,39.09620231008414],[8.280113944588384,39.09622450960928],[8.280450440992842,39.096312705547604],[8.280630058465047,39.09635920806936],[8.281283409478299,39.096222048586974],[8.281344128940962,39.096222548131244],[8.281413315037028,39.096225829277984],[8.281802219479149,39.096229016776256],[8.28184836391117,39.096234176004344],[8.282362368547231,39.096297796185425],[8.282425716875704,39.09632279440254],[8.28246547775244,39.096338485874995],[8.282570032927817,39.09638324836002],[8.282629209269976,39.09637011661895],[8.282696824581658,39.09635588154984],[8.282768181808784,39.096344172733914],[8.282836519464844,39.096336593092005],[8.282902299232198,39.096321814058825],[8.282972866276658,39.09631287476314],[8.283044104976666,39.09633364271844],[8.283216841270644,39.09638415121898],[8.28327011757762,39.09639968761674],[8.283623886811949,39.096507471517526],[8.283692804109497,39.0965275282581],[8.284209830569367,39.09657046766717],[8.28420066723335,39.096321716003985],[8.284832517335854,39.096556575001024],[8.28496176765346,39.096606419480224],[8.285086419774805,39.09672719863658],[8.285113715446833,39.09675686191798],[8.285152461488503,39.09679159924249],[8.285202133949896,39.09684047071267],[8.285310402376775,39.09694492476185],[8.285390566389095,39.09702262832519],[8.285888482379622,39.09695663459025],[8.28593480053424,39.096950495196936],[8.28610796880173,39.09689499322582],[8.286178044672994,39.09687205029839],[8.286235903274696,39.0968532181728],[8.286431879286647,39.09679227659746],[8.286504234630867,39.09676871935302],[8.286591748278333,39.096738254123544],[8.286871899341927,39.09671989498965],[8.28694032889824,39.09671673252962],[8.287043636375,39.0966471167701],[8.287290419341007,39.096474922054156],[8.28734567494703,39.09643649422362],[8.287394802769038,39.096406220870854],[8.287630282949795,39.09624054162427],[8.28769578497663,39.096195334130115],[8.288118749497308,39.095963631598714],[8.288211741268363,39.09591571532453],[8.288447127900545,39.09579442684335],[8.28853266847831,39.095785418768095],[8.28890883780166,39.09573416721277],[8.28908788246562,39.09575924383671],[8.28916753765801,39.09577285052336],[8.289276913418819,39.09578597241627],[8.28936503812288,39.095750611303046],[8.289480534997116,39.09570343672535],[8.289556009745766,39.09567488012559],[8.289623620393684,39.09564465717394],[8.289751507800712,39.09559400205351],[8.289797756474345,39.09545795266523],[8.289817651596211,39.09540335325399],[8.289833738631016,39.0953614443565],[8.290171548654381,39.095508702230276],[8.291648391838882,39.094106337491674],[8.291901378282429,39.09381389081341],[8.292195109689832,39.093783010146375],[8.292438704040578,39.09395203512693],[8.29250869938419,39.093809710130245],[8.292540127270321,39.09373779695812],[8.292557311556312,39.093698477798334],[8.2927080144233,39.09368064909568],[8.29277575708692,39.093669761050094],[8.292849101613712,39.09366356836809],[8.292914792274514,39.093656213651805],[8.292962546954195,39.09364686952169],[8.292984685678782,39.09366686597433],[8.2930802815755,39.09373783470415],[8.293183499698912,39.09381153306068],[8.29324893195355,39.093785128990454],[8.293306929973857,39.09375860773396],[8.293383495105298,39.09372772498169],[8.29338692186333,39.093690831901206],[8.2933381381701,39.09350714833794],[8.293327171778694,39.093464354978636],[8.293439907835774,39.09346503822729],[8.29361912994964,39.09346612419724],[8.293876051551289,39.09350259749286],[8.29396673971465,39.0936131943991],[8.29424164535431,39.09394747632555],[8.294326968459611,39.09389885000546],[8.294417531626708,39.09384829362379],[8.294509635124006,39.093973529945174],[8.294671425500562,39.094188868661256],[8.294424523515522,39.09445207311152],[8.294540143254755,39.09471487231659],[8.294567968817502,39.09478103955],[8.29463936376942,39.09477470869617],[8.29470829410168,39.09475959421809],[8.294774825694091,39.09474289456049],[8.294870466969963,39.094725340054694],[8.295093475347482,39.09470697325639],[8.295135041349074,39.094707407481344],[8.294913888592841,39.09495176426843],[8.294758626315524,39.0951569525032],[8.294520625626872,39.09537127453992],[8.294369209857543,39.095506024367076],[8.294400077252238,39.09555126651853],[8.294480332901855,39.095668895174455],[8.29457340362118,39.09575765415887],[8.294845979015165,39.09601654830504],[8.29514666713937,39.09625233528361],[8.295179658097474,39.09627798738879],[8.295502262188426,39.09610647594662],[8.295600895877266,39.096072154017385],[8.295656098333861,39.09600941094974],[8.29572809052363,39.09592758291103],[8.295861132706714,39.09577636346769],[8.295963205384886,39.09568687010664],[8.296102780442613,39.0957507894331],[8.296309623288565,39.09569797253003],[8.296535151734709,39.09556416838637],[8.296833467209739,39.095386874749245],[8.296847918767593,39.09524165931977],[8.296890918963584,39.09527830984726],[8.296997754437927,39.09537019836347],[8.29709349922405,39.09542331287077],[8.29718254636415,39.095475730919674],[8.297278205318738,39.095530064856526],[8.297197962732417,39.09583013726806],[8.297180952379684,39.09588708650566],[8.297168776339838,39.09594175895031],[8.297161524228684,39.09597569416852],[8.297214119725437,39.095951292056135],[8.297264793031212,39.09592353522764],[8.297331358353407,39.095758201250554],[8.297416802233302,39.095741809608946],[8.297478254252242,39.095731039524985],[8.297488618360138,39.09575522100062],[8.297510281383923,39.09581379641877],[8.29758623533878,39.09579548758853],[8.297595595441196,39.09583729946914],[8.297659229328685,39.096013759096316],[8.297674146183029,39.096067205292506],[8.297695467121484,39.09612461888876],[8.297714758723583,39.096178408620744],[8.297732244014101,39.096220196440775],[8.297574615243182,39.096444501937725],[8.297518069064495,39.096607485942265],[8.297264627055153,39.09694725006751],[8.297056873244726,39.097198304810966],[8.296936115293892,39.09739052792193],[8.29679689553452,39.0976134961402],[8.296613520310276,39.09788384560435],[8.296482026759431,39.09801944279465],[8.296450292081174,39.09805342936361],[8.296427879245943,39.09807706710209],[8.296366679560583,39.09814029605651],[8.29645912228948,39.098170627390324],[8.296650534722934,39.09823211858358],[8.296684048992795,39.098263210692345],[8.296724786739356,39.09830066492313],[8.296868271433816,39.09843167355521],[8.29690164703656,39.09858351302455],[8.296917891376962,39.098675269728275],[8.296828939744541,39.09904418417575],[8.29692716893096,39.09934213896419],[8.297002044541948,39.099545993590965],[8.297052503896202,39.09967630134212],[8.297078111934182,39.09970417557078],[8.297143595202167,39.09977646422335],[8.297290542975224,39.09992712018684],[8.297330755728948,39.09996959109771],[8.297371865030966,39.10001506627922],[8.29741286216908,39.10005576851165],[8.297496002906508,39.10014786605939],[8.297676233359958,39.10033448337577],[8.297996405515091,39.10028422501497],[8.298260634366097,39.10024939120992],[8.298289367534077,39.100458697383914],[8.298302578695056,39.100493373068204],[8.298341454031608,39.10059980780949],[8.298508270945005,39.10068754222506],[8.29857165685398,39.100709722257065],[8.298855451050137,39.10080902634054],[8.299148361539547,39.10086369417734],[8.299397984789875,39.10091028226148],[8.299731357619226,39.10096635150353],[8.300302793276629,39.10092706908445],[8.30034260696247,39.10087080866424],[8.30037783108195,39.10082174936213],[8.300421403197719,39.10076548623665],[8.300450101295402,39.10072847609156],[8.300485658935667,39.10068099389015],[8.30052510176291,39.100636721298855],[8.300561127768507,39.10058958069934],[8.300858147718582,39.100451516860424],[8.30088725428873,39.10043821535833],[8.300949699265876,39.10040934979744],[8.300977890423676,39.10034224223218],[8.301011866483005,39.10026011005377],[8.30103113543288,39.100213849240596],[8.301148648375092,39.10017093295093],[8.301296637131697,39.10011631990301],[8.30150619059099,39.100211152762554],[8.30156902460911,39.10037159632039],[8.301592995031614,39.100441174664454],[8.301671640993002,39.10064120386523],[8.301834385090059,39.10114228802352],[8.301903765979235,39.10119852251079],[8.301953018113025,39.10123814439306],[8.302330663009231,39.10153723739506],[8.303000071869926,39.101820582465606],[8.30318925843183,39.101861884671784],[8.303512277243732,39.10192036287666],[8.303554422077099,39.10191400503215],[8.303764302370304,39.10187041055567],[8.303891775191703,39.1018439313036],[8.303972404085872,39.101806551819],[8.30418161918359,39.10170621806881],[8.304302857732914,39.101759433738614],[8.304344528169885,39.101780852980454],[8.304409710663347,39.10180196824633],[8.304850832175045,39.1017928191492],[8.304922278051974,39.101717868494255],[8.305118500360603,39.101518624959375],[8.305142758622587,39.101492834803025],[8.305165002282276,39.10146786886129],[8.30530171098989,39.10104791555207],[8.305334731888044,39.10093454407031],[8.305512472392516,39.10071718830903],[8.305532738747484,39.10069557614662],[8.305554415813809,39.10067115192038],[8.30561935784727,39.100590926649275],[8.305714500116288,39.100368933492376],[8.305734458063947,39.100313191850375],[8.305772415174278,39.10023091526902],[8.305789807353817,39.10013444093854],[8.305803235936825,39.100036235406264],[8.305941791694615,39.100058461614076],[8.30592392767112,39.10011202967607],[8.305915223947705,39.10015639700492],[8.305901511577567,39.100209610412996],[8.305841210731169,39.10043857759211],[8.305784383558338,39.10061895883133],[8.305867915556854,39.100724581075966],[8.305898806976543,39.100756557831275],[8.305911499841299,39.10084093731123],[8.305916361531445,39.10088281634036],[8.305897561186848,39.10103078232653],[8.305886422906289,39.10113494518636],[8.305955104158514,39.10130378707211],[8.305972422537566,39.101352485933205],[8.306074095977579,39.101570786721936],[8.306072418640708,39.101626745352334],[8.30605281574935,39.101856815372415],[8.306166902346211,39.10203740476364],[8.306354871231177,39.10201179916642],[8.306315168305893,39.1021859179862],[8.306274638590644,39.10238077262844],[8.306157262636853,39.1027044696525],[8.306114049062069,39.10298355355777],[8.306091723373031,39.10334385950208],[8.30609060704292,39.103605171802805],[8.306163139142734,39.103743544800274],[8.306201239699963,39.10382209387636],[8.306242225482187,39.1038554930729],[8.306453625912582,39.10403084814963],[8.306633842477996,39.10408075194143],[8.306952465742993,39.10416897964566],[8.307012423914635,39.104187358180866],[8.307102362965894,39.104214925936574],[8.307176737744092,39.10429646658516],[8.307209382194376,39.104358343082204],[8.307295960075951,39.10452244971317],[8.307521168504087,39.10464849617788],[8.307673761664478,39.10472886377333],[8.307726107903596,39.10475673043835],[8.307764939997455,39.104777628783886],[8.307816195435265,39.104803038824635],[8.30788236832024,39.10481882708746],[8.307946862887537,39.10483771236313],[8.308028842447323,39.10485785299935],[8.308087132512794,39.104873046485245],[8.308160134213995,39.104894580921695],[8.308270190648422,39.10527614584895],[8.308286994348393,39.105627674113485],[8.308118232855083,39.10603216666249],[8.307856739117904,39.106309955429076],[8.307583678359132,39.106587673988436],[8.307402535625227,39.1067881500648],[8.30736001293868,39.106831905626755],[8.307314332886783,39.106884747183216],[8.307183203800722,39.107032378261806],[8.30702970343755,39.107206139832506],[8.306950814920583,39.10734239741818],[8.306930639617958,39.107370737992916],[8.307091236212802,39.10734084328222],[8.307183369584028,39.107326853316366],[8.307211055145814,39.10734238709857],[8.307374237843012,39.10745486761333],[8.307512027889372,39.10770461474849],[8.30755519978479,39.1077368685353],[8.30763705034975,39.10779546695961],[8.307753193549617,39.107879864859],[8.307829275389924,39.107935152474056],[8.307871690048954,39.10797142237964],[8.307898368050475,39.107989498342384],[8.308133493208913,39.10816786477037],[8.308192136445802,39.108249311369676],[8.30829891772441,39.10840004300601],[8.30834034917266,39.108454126264505],[8.308375636342316,39.10849737420984],[8.30842914729514,39.108573717015865],[8.308452177615537,39.10863713555813],[8.308470055130229,39.108689330900575],[8.308621106171042,39.10903921408388],[8.308628268000705,39.109070333875984],[8.308649300485637,39.10915312149877],[8.30871444886811,39.109522958273814],[8.308712946516778,39.10960404793193],[8.308706139014774,39.109971617020605],[8.308707399536598,39.110018992888804],[8.30871637331993,39.110049108771],[8.308776057406899,39.11017211388945],[8.30888588378323,39.11028611053464],[8.30898119904968,39.11038356958562],[8.309125549544508,39.11050759178493],[8.309192159227441,39.11054318908538],[8.309243835377767,39.1105801261148],[8.309380199408961,39.110826286914005],[8.309406744916101,39.110878707360456],[8.30945834284878,39.11092476211212],[8.309512234848079,39.11097599195808],[8.309623462273395,39.111042188973784],[8.30967204032154,39.111249728991666],[8.309643712115637,39.111411759231316],[8.309615383783383,39.11157378855739],[8.309819746890177,39.11181829517035],[8.309832432346068,39.111863424616224],[8.309916162724456,39.11216128309967],[8.309987283009454,39.112314890101075],[8.310015422857573,39.11237329506172],[8.310036235030921,39.112433982397576],[8.310100240324262,39.11255885513607],[8.310143229763586,39.112766241991075],[8.310166265520198,39.11289903264106],[8.310174467540133,39.112932952802176],[8.310176319075238,39.11300784105642],[8.310179694979505,39.11306494691834],[8.310181349464784,39.113171316801086],[8.310131395300987,39.113208783788615],[8.310007037660936,39.113305714933105],[8.309940529163757,39.1133688977989],[8.309896308346005,39.113387868305395],[8.309830647475575,39.113419751749305],[8.309770826964751,39.1134487528604],[8.30967994274462,39.11348924741067],[8.309577421896693,39.113537955925274],[8.30954678606495,39.11356593399844],[8.309497201370004,39.11360956915693],[8.30945441050186,39.11366581224387],[8.30943109238998,39.113716830723135],[8.309331192247814,39.113878914398555],[8.309254864193662,39.11411274753336],[8.309234315183149,39.11417570218687],[8.30911229310224,39.114382231310024],[8.309052965893532,39.11453506654547],[8.309060527638875,39.1145621444979],[8.309168917551695,39.114950258174915],[8.309173231229746,39.115013361045385],[8.309192956302157,39.11530182862874],[8.309232657893498,39.115382035999254],[8.309271821708833,39.11546449383086],[8.309323328566897,39.11557293062705],[8.309412221382335,39.11564987992256],[8.309627287072773,39.1158360486714],[8.309883343718688,39.11591866419892],[8.310001818384976,39.11595718215492],[8.3102833273209,39.11605058138595],[8.31029369025884,39.11608037283193],[8.310304073673812,39.11611055637836],[8.31033928044946,39.11620835966864],[8.31035239455498,39.116242259299334],[8.310402748199893,39.11638129659582],[8.310414659318809,39.11664268547325],[8.310353447920894,39.116840564475545],[8.310253990445284,39.116957118676346],[8.310204016328921,39.11702660898298],[8.31016730964847,39.11707690586624],[8.310149918241311,39.11710180408227],[8.310023640600656,39.117291226636304],[8.30999163137201,39.11736403561318],[8.309970964143027,39.11741535821019],[8.309884057548283,39.117675807078285],[8.309866027258598,39.11772075463479],[8.309775873121005,39.11794549505675],[8.30968075780026,39.118044987716],[8.309609483293274,39.1181219199829],[8.309347590262725,39.11812317737625],[8.309197969935928,39.118340314711446],[8.309169691464039,39.11836499326666],[8.308968999462321,39.118524189414806],[8.308939889302712,39.11853961405301],[8.308854756412053,39.11861585995182],[8.308804488738389,39.11865700367019],[8.308749869936639,39.11869500104241],[8.308752777533604,39.1190658035649],[8.308748374940665,39.119516325710485],[8.308746944082886,39.11966274476944],[8.308792667088538,39.119866811296994],[8.308813437377493,39.11996622435827],[8.308827304741142,39.12002140726576],[8.308783406963428,39.1203804593238],[8.308785937034795,39.12041773045231],[8.3088067925138,39.12064078893049],[8.308783674191181,39.12078708026624],[8.308771904734595,39.120867122180464],[8.308746682819637,39.12102114601311],[8.308780399292143,39.12112208120169],[8.308846212994046,39.12131909761266],[8.308895601881838,39.12146694521682],[8.308953789391731,39.121770283484175],[8.30902906552098,39.12216270695459],[8.309058568935388,39.122221452648134],[8.309285517549007,39.12267334565715],[8.309342539419587,39.12278688371278],[8.309494313777465,39.12308908654484],[8.309492701021343,39.123125121117795],[8.30947581847662,39.12350235534106],[8.309490714381498,39.123575657306375],[8.309542047206824,39.123828267532794],[8.309509544372629,39.12388669265881],[8.309490367746365,39.12391662634395],[8.309426500897114,39.12402582212393],[8.309358224326807,39.12414255920229],[8.309375723798127,39.124476069180474],[8.309393579668157,39.12481633771869],[8.309395400746556,39.12492673361143],[8.309402834291875,39.12537732456832],[8.309410269037404,39.12582791639879],[8.309417702678328,39.126278508188136],[8.309423557481166,39.12663334843675],[8.309371623986532,39.126717518217674],[8.309303063206185,39.12682919562946],[8.309089137319473,39.12717765653487],[8.308813536129952,39.127626570267616],[8.308715260721431,39.1277866432319],[8.308622680788098,39.127937441501956],[8.308523928913704,39.12807540021798],[8.308202780943045,39.12852404221385],[8.308128580959245,39.12862769805035],[8.307951023957916,39.1288757393001],[8.30780455182352,39.12908035512327],[8.307679939358437,39.129400630895],[8.307601846163386,39.130139064422146],[8.307653938001042,39.13027090950824],[8.307668814640643,39.1303195348286],[8.307764758360415,39.13055435422752],[8.307912313609283,39.13092486064883],[8.308112323730601,39.13126381077485],[8.308139121402826,39.13131524613936],[8.30816855404641,39.13136532836327],[8.30820032908707,39.13142208452559],[8.308232849558856,39.131479283939456],[8.308260659810918,39.13152905734467],[8.308289273462451,39.13158127118886],[8.308316716293836,39.131631001850074],[8.308347723790089,39.131683572303295],[8.308378450123534,39.13173248260634],[8.30840630722754,39.13178517492198],[8.308466340145303,39.13188314926279],[8.308495665721237,39.13193322445779],[8.308611660638059,39.132130845639395],[8.308676841431911,39.13224598935792],[8.308724397187097,39.13232524936667],[8.309148599475547,39.13301822815536],[8.309451795284506,39.13336694623813],[8.309652080694418,39.13352665173806],[8.309700081129177,39.13356850564077],[8.309750160334774,39.133608151519624],[8.30979478393062,39.13364854722758],[8.310022803290686,39.133837770595946],[8.310225163974172,39.13399778565565],[8.310388163946184,39.13404155247492],[8.310504783623976,39.134243862053694],[8.310621627120952,39.134274965354855],[8.31077459538941,39.13440514200063],[8.310746754624683,39.134439972547455],[8.310729570691745,39.134477223388984],[8.31077312356399,39.13449036578287],[8.310889109066766,39.13452016435438],[8.31105701989101,39.13456476305547],[8.311076363596232,39.134591771664006],[8.311142188120947,39.13472971654749],[8.311180034711223,39.13476400365238],[8.311262334949962,39.13484643976229],[8.311298128883465,39.134882292527955],[8.311320058069649,39.134904023302106],[8.311536344486546,39.13509604617912],[8.311712341709615,39.13526146181534],[8.311765867039266,39.13530961644974],[8.31183201975214,39.13536971582226],[8.311903791956821,39.1354367453617],[8.311938558637902,39.1354699074836],[8.311979493802427,39.13550886584688],[8.312188977136337,39.135707174879734],[8.312214008560339,39.13572858137228],[8.312261027584473,39.135747456646264],[8.312303273217802,39.135761043108296],[8.312425793117285,39.13579558335587],[8.312555312849444,39.135833971912746],[8.312757420858532,39.13585190351843],[8.31322232288529,39.13587765247257],[8.313271275337645,39.13588084244729],[8.313272458983318,39.13590788156058],[8.313295335964195,39.13593504938524],[8.313322376588582,39.1359802637618],[8.313336401233242,39.13602540055112],[8.31336556634078,39.13607513293966],[8.313385967779352,39.13613382380779],[8.313426287116078,39.13615208334148],[8.313406500510583,39.13617899982664],[8.3134388656227,39.136197212500086],[8.313434264411889,39.13622421843647],[8.31345641845005,39.136251381069],[8.313455432816996,39.136278408302495],[8.313436325547363,39.136309834300015],[8.313404114675354,39.13635019321756],[8.313373174733076,39.13638466100384],[8.313349991474318,39.13641295147221],[8.31330991593642,39.136518593872175],[8.313246694475136,39.136582436564545],[8.313218693376802,39.136608437755456],[8.313187525530086,39.13662477849606],[8.313133653245819,39.13664821406698],[8.313125154580437,39.13669454636744],[8.31311642861687,39.13672437816406],[8.313101907821546,39.13677864971834],[8.31307400643339,39.136902375885846],[8.313077709118225,39.13697714495214],[8.313077026199567,39.13702622931501],[8.313077716369905,39.13710440300764],[8.313101031040233,39.13717741426328],[8.313120220733582,39.13720006299127],[8.313137037231355,39.13722652921288],[8.313172951190303,39.13728287944972],[8.313211077904628,39.13731322702279],[8.313248120974261,39.137430587533935],[8.313263574140443,39.137532965274254],[8.313271668726758,39.137564319021195],[8.313283539033407,39.13761030366405],[8.313302447954834,39.13767211706532],[8.31331896895184,39.137716872067806],[8.313369251910652,39.13785481508993],[8.313428856084931,39.137972308440894],[8.313458549436552,39.13801753749771],[8.31350011925427,39.13808085942058],[8.313564412632864,39.13816233627738],[8.31364567707086,39.13813465543935],[8.31363559501833,39.138206794084766],[8.3136467743183,39.13826415822649],[8.313626092017481,39.13829377366738],[8.31361078405035,39.1383399838913],[8.313644634926817,39.13837331131073],[8.313676480764203,39.13838826968443],[8.313684060057788,39.13843160951331],[8.313701877143473,39.1384822310474],[8.313704581395124,39.13852214141389],[8.313708865672037,39.138548999625016],[8.313683320102383,39.13857753935936],[8.31362647899657,39.13862225969121],[8.313604434849173,39.1386581739119],[8.31360578071632,39.13870367572092],[8.313612179934065,39.13873937177222],[8.313608912287425,39.13876618551248],[8.313608987504995,39.13879561771386],[8.313589262535814,39.138858417318474],[8.313585527742699,39.138892346102445],[8.31363873770658,39.138932635896644],[8.313663479714817,39.13897197497783],[8.313726410880719,39.13905537297148],[8.313757704342256,39.139109622376054],[8.313755204190775,39.139143436784856],[8.313756412244222,39.13922459794298],[8.313756936328732,39.13929564111695],[8.313770734814101,39.1393307941047],[8.313767773325322,39.13936540687498],[8.31376322905853,39.13939583372364],[8.313755990550252,39.13943513226633],[8.313759100343308,39.13968666493349],[8.31376023687312,39.13974265611597],[8.313806167159363,39.13977900120249],[8.313860622376636,39.13982209253652],[8.314380309443454,39.14023332504487],[8.31443425780752,39.140276014841575],[8.314954459107206,39.1406876460894],[8.315007901762112,39.140729934360515],[8.315385076202398,39.14102838458611],[8.315466027110539,39.14118317263756],[8.315527086485135,39.141299922798],[8.315702385756449,39.141635107274965],[8.315938746232645,39.14208704141821],[8.316068155386631,39.142334475329505],[8.317179867785903,39.1443584420112],[8.316823437164542,39.14448986658676],[8.316753002450081,39.14417474445551],[8.316839002626484,39.144146638648074],[8.3159822209513,39.14239592078444],[8.315819680425397,39.142086342539606],[8.315582395058653,39.141634402725984],[8.315524907708463,39.14152490851403],[8.315345113848252,39.141182462428134],[8.315304775342883,39.14110563281118],[8.315167052908254,39.14098880786338],[8.314953156872885,39.140822008765895],[8.314833771600082,39.140728910849504],[8.314378942711786,39.14037422663049],[8.314324393469306,39.14033168646095],[8.314249159954656,39.14027492594785],[8.313804608832841,39.13993952312978],[8.313647300852178,39.1398208365368],[8.31357056480523,39.13976293945891],[8.313460977516254,39.13965559826583],[8.31340106500599,39.139673814329676],[8.31332536334491,39.13969278707995],[8.313217759800674,39.13969215308434],[8.313114998385474,39.139678339190546],[8.313031638097463,39.13967596549396],[8.312980920691171,39.139672425294236],[8.312897669606464,39.13965691409643],[8.312835684390269,39.13962682495707],[8.312793918099466,39.13960855669292],[8.312810085835462,39.13954219313238],[8.312839628118047,39.139518717016244],[8.312795267565276,39.13945308962221],[8.312778780125056,39.13941868299782],[8.312711075987774,39.13938462856909],[8.312643065365782,39.139344378126694],[8.312571861845534,39.139346183011675],[8.312478101171147,39.13936339968605],[8.312434328178151,39.13936778844854],[8.312401884326109,39.13937348845051],[8.312354810802065,39.13938185048942],[8.312309176548078,39.1394103281641],[8.31220874234084,39.13939785452473],[8.31208745518233,39.13943136434754],[8.312023759063562,39.13944646118997],[8.311943363237269,39.13946587661043],[8.311902195414413,39.13947745151166],[8.31185469480744,39.139492111323094],[8.311770790892458,39.13951636374595],[8.311697605941832,39.139432878023854],[8.311467280541013,39.13949259603063],[8.311375391411833,39.13951612697268],[8.311177321400896,39.139562969912284],[8.31091179824809,39.1396426364183],[8.310837022119854,39.13966061099833],[8.310792409858172,39.1396711793356],[8.310743564332956,39.13969556983584],[8.310747485612401,39.13972513290708],[8.31077468005206,39.13976784099163],[8.310765625133016,39.13979661545841],[8.310740566531734,39.139813375525264],[8.31071323250581,39.13983956476373],[8.310687023329919,39.13985743177487],[8.310663618872931,39.13988432637456],[8.31063631602882,39.139866142880095],[8.31058556361689,39.13987935919957],[8.310524071835946,39.13995558811119],[8.310504919462128,39.139991518837775],[8.310478622280097,39.14001839628678],[8.310420857962498,39.14000904353627],[8.310381543997872,39.140035843048416],[8.310401528558911,39.14006299430896],[8.310386713857705,39.14009895067939],[8.310350509426875,39.1401346002656],[8.310319886606605,39.140143831961836],[8.310274733906823,39.140161364210684],[8.310261453354668,39.140188318637165],[8.310220692911367,39.140215110434845],[8.3101841845977,39.14025093748883],[8.310150655642916,39.14027777206069],[8.310096790357473,39.1403134972547],[8.310050245688679,39.140340254753504],[8.310005869305341,39.140367024168654],[8.309955619662201,39.14040277070102],[8.30989145520435,39.14045645593208],[8.30984490920703,39.14048321333982],[8.30980866335094,39.14049200971334],[8.309781643716697,39.14051888272326],[8.30973952722417,39.14055166945113],[8.30971947134777,39.14059060166483],[8.309680156785163,39.14061740183348],[8.309642376516729,39.140635200071635],[8.309610294649628,39.14066204305639],[8.30957396066754,39.14067984893794],[8.309543852018956,39.140652638465355],[8.309558579251144,39.140625692693824],[8.309581984374988,39.14059879832544],[8.309578085492705,39.140553720205034],[8.309550869526893,39.14052652686914],[8.309415394957572,39.14062484440253],[8.30934295441656,39.14069650230023],[8.309279567802214,39.1407592037044],[8.309338866937503,39.140759555111245],[8.309386682392281,39.14075082743919],[8.309407194983812,39.140723915967534],[8.309447779965897,39.14071514542833],[8.309452489963,39.14075121735269],[8.309425468945758,39.14077808936884],[8.309385978089722,39.14082291040119],[8.309346663271805,39.14084971045399],[8.309320366486132,39.14087658763774],[8.309292622208815,39.14090345533625],[8.30927210952084,39.140930366786044],[8.309245899576881,39.14094823346287],[8.309223940533228,39.14097513633199],[8.309203339743949,39.141011057350084],[8.309152763167068,39.14105956477817],[8.309122912275926,39.14110068977421],[8.309125020059332,39.14113815019847],[8.309236386960729,39.14123960647179],[8.309762890070466,39.14093516839253],[8.309794091495823,39.14103191148561],[8.309276701524533,39.14134355664137],[8.309027602418187,39.14122207789868],[8.308971179896442,39.14127068755513],[8.309415720006855,39.14144428632289],[8.307952296174877,39.14353478382893],[8.30798366499248,39.1435608722042],[8.307982749649938,39.14365435499],[8.307544449551411,39.14367653200424],[8.307473578112424,39.1436761109164],[8.307478364526302,39.14383833554107],[8.307484973492173,39.14406232516766],[8.307487486579625,39.14412659933414],[8.307504712668171,39.14421100498535],[8.307710423239755,39.14418620870287],[8.30774924210745,39.14418123362134],[8.30778040077811,39.14424900117522],[8.307975945934363,39.1442210920234],[8.308469880213694,39.14415059492715],[8.30852358560218,39.144279318500615],[8.308425077791942,39.144294503270636],[8.307974547077299,39.14436395039763],[8.308160514471028,39.145051672679614],[8.308545674374518,39.14499529677279],[8.30886703935684,39.14494549509298],[8.308916316097491,39.14505163858386],[8.308992510452905,39.14521246449114],[8.308543860971367,39.145312392929924],[8.308136823793529,39.14539854104791],[8.308664883757732,39.14621618303925],[8.309854615151965,39.145835469355],[8.310130631596772,39.146273289779955],[8.31003545365142,39.14632087932746],[8.309873649867896,39.14622570055578],[8.309426311778157,39.14640653994552],[8.309473900822999,39.146568343111944],[8.309987863832724,39.14639702164725],[8.310149667424803,39.14664448609059],[8.309245472853423,39.14697761063571],[8.309521489540803,39.14760578787502],[8.310911094760447,39.14721555597779],[8.310625559740181,39.14657786050481],[8.310977720218059,39.146416057289876],[8.311063380897368,39.146568343100256],[8.311215666023138,39.1465207541149],[8.311025309340497,39.14612100410431],[8.311491683947184,39.145978237045],[8.311997984498609,39.14710366009866],[8.312268513284176,39.14702051465931],[8.312578328638105,39.14692529399817],[8.312843834925467,39.14684369001163],[8.313158653612055,39.146748599123484],[8.313736660569157,39.146574119719745],[8.314319267535367,39.146398027200036],[8.314899570228372,39.146222737308165],[8.315184741501074,39.14613659478236],[8.315479870087199,39.146047443594895],[8.316060167103045,39.1458721469613],[8.316380780226755,39.14577529444864],[8.316471627646802,39.14569754512284],[8.316651940055884,39.14560680381014],[8.316775924872207,39.14559964606692],[8.316798368892826,39.14569551860837],[8.316807875072643,39.145736123832194],[8.316795563251663,39.14581264425839],[8.316638861590235,39.14586227818071],[8.31605848353598,39.14604610343264],[8.315762072811475,39.14613998564257],[8.315478102488873,39.14622992666277],[8.315042814745222,39.146367792167176],[8.314897740671748,39.146411455603726],[8.314319138089061,39.14658537589463],[8.31373714166742,39.14676076103079],[8.313159214128474,39.146934531729386],[8.312835250801681,39.14702384941761],[8.312576677581037,39.14709502079225],[8.312098042411455,39.14722675971145],[8.312072153580997,39.14746990198168],[8.312024795922111,39.147915663088675],[8.311974737142812,39.14791732927438],[8.311872861790535,39.14792220019268],[8.311908158743933,39.14746893387413],[8.31192244259808,39.14728542097467],[8.31145103139265,39.14741780000585],[8.311435648456422,39.147467308344616],[8.311415127555401,39.14753960036198],[8.311395679580407,39.14760557659998],[8.31117669537377,39.14766285311562],[8.311144579583827,39.147544394892456],[8.310835577890884,39.147635685933146],[8.310255291165387,39.14780712319821],[8.309914866587023,39.14790769456812],[8.309873773067856,39.14791763907137],[8.309699142428737,39.1480246854337],[8.30979448155176,39.14818631979176],[8.309673137879555,39.14816933897318],[8.309609577481757,39.14816044438336],[8.309562177447761,39.14835615178922],[8.309496524612474,39.148627216288496],[8.3096619601269,39.148661987553815],[8.309747134219105,39.14880779338876],[8.310018415490752,39.14925994486305],[8.310120825106184,39.14943063267938],[8.310239096583924,39.149466186330606],[8.31035015642998,39.14949957149483],[8.310372601408064,39.14942311178135],[8.310709827115776,39.14955351247146],[8.31069242541633,39.14971447922175],[8.310685976050177,39.149774138894486],[8.310719410479004,39.149757441031156],[8.310774189927722,39.14971496279018],[8.310815611749392,39.149682843866564],[8.310850594399174,39.14965571768892],[8.311105614853032,39.14926637721278],[8.311401565367046,39.14881473358088],[8.311605360197843,39.14850340200959],[8.311582798087255,39.148443570908526],[8.311616741051868,39.14837458498837],[8.311758680538617,39.14837463300662],[8.31179414910849,39.14813056341569],[8.3119809444054,39.148140677284744],[8.311947658927949,39.1483702593309],[8.311932502402366,39.14848055362426],[8.311798559417646,39.1487174259248],[8.311735841371926,39.148819554706506],[8.311460149644212,39.149268472309686],[8.311397282450951,39.14937084151011],[8.311184455538054,39.14971738920174],[8.310934260727711,39.15012478033027],[8.31090603730256,39.150166288388704],[8.310816841244751,39.150295621956204],[8.311069104595056,39.1506177983636],[8.311194059487883,39.15077848111771],[8.311089027446327,39.15106846201965],[8.311061748304738,39.15114377320798],[8.31092668392833,39.15151805712825],[8.310794123058296,39.15188540279051],[8.310764444859238,39.15196764357684],[8.310602203686392,39.15241722974655],[8.31043996040972,39.15286681563735],[8.31027771502916,39.153316401249256],[8.310199383355403,39.153533456522155],[8.310115467544641,39.153765986582236],[8.310016495296237,39.15404023299228],[8.309614453770786,39.15417487394257],[8.309527351560298,39.154205839596166],[8.309445219780915,39.154212561748466],[8.309188504689216,39.15423919965008],[8.30904354833703,39.1543543558305],[8.308909062359639,39.15444368716354],[8.308868163836621,39.15447174362108],[8.308826295414708,39.1545013387944],[8.30878799798666,39.15452673168433],[8.308747998317223,39.1545542284415],[8.308174865758174,39.154929279817765],[8.30773523465173,39.15535581360273],[8.307301998216227,39.156122777987235],[8.307295590080509,39.156156863579064],[8.307255248839866,39.156552808639724],[8.307243523167147,39.15660948287884],[8.30723486608555,39.1566576203335],[8.307202691727332,39.156902524100715],[8.307192741720481,39.15697308939897],[8.307184433336353,39.15700478208093],[8.307157657847332,39.157191511500045],[8.307152606985445,39.1572168825193],[8.30717556157741,39.15727918843092],[8.307204166999098,39.15736765346012],[8.307244057628353,39.15749749008773],[8.307249640126244,39.157729714549035],[8.307250430166143,39.15782641965193],[8.307248422035261,39.15786631373039],[8.30721694807592,39.157913353165455],[8.307112896299307,39.15803736449157],[8.30665679351013,39.158665414761934],[8.306564238171774,39.15880903878046],[8.306418097493774,39.15910552859718],[8.306202610953676,39.15953902184942],[8.305936514929382,39.16026394172642],[8.30597217459465,39.16075750037198],[8.30606237344755,39.16089652805425],[8.306096859031085,39.16094738047299],[8.306150791199029,39.16103191634136],[8.306171579852036,39.16105446211683],[8.30623585403668,39.16113240221226],[8.306302158485137,39.161207755592784],[8.306369196359194,39.161285875163394],[8.306393157190104,39.16139169034758],[8.306414227407794,39.161476693701566],[8.306439144495421,39.16156435024804],[8.306466577575833,39.161666781732805],[8.306513056039014,39.161811616838655],[8.30650611905562,39.161850546205756],[8.306502354349185,39.16193548374378],[8.306496230943342,39.16219898486155],[8.306459116510075,39.162306722622475],[8.306424962229631,39.162403555789986],[8.306411117164663,39.162446860308926],[8.306409190598238,39.162496416387526],[8.306407785116974,39.16252261282477],[8.30640287915123,39.162588673684475],[8.306399718056053,39.16263346281959],[8.306396868938084,39.16267818893216],[8.306395606892329,39.16272443022352],[8.306393240765203,39.16277018375728],[8.30639048641667,39.16281633777028],[8.306387770258883,39.16286249201016],[8.306374820216295,39.16304140882886],[8.306372575896956,39.16308795695109],[8.30636978296316,39.16313461895002],[8.306368026721904,39.16318415170622],[8.306365479877662,39.16323368786599],[8.30636379417605,39.16326719863716],[8.306361345879653,39.16332532103389],[8.30635827833972,39.16337106678279],[8.3063563555908,39.16340549526089],[8.306372624536042,39.16346426792155],[8.306392536806603,39.16353358076823],[8.306412206798706,39.16360045920731],[8.30643725351134,39.1636886607589],[8.30646385802188,39.163775002700234],[8.30650038676091,39.16382282503663],[8.30652646737986,39.163855143991476],[8.30662493884685,39.163973579886225],[8.30682921689534,39.164223879043824],[8.307198591330291,39.1644929173848],[8.307293086945142,39.164562326529634],[8.307317823051095,39.16458049550084],[8.307655447142675,39.164824135476294],[8.307744034365525,39.1648878917142],[8.307831447099014,39.164950915525594],[8.307916493758823,39.16501278443076],[8.308003288351832,39.16507489703734],[8.308136769764433,39.165169942516144],[8.308232091296741,39.16538872158318],[8.308352198663638,39.165659008384],[8.308388633747368,39.16574699774748],[8.308402802308773,39.16578088287094],[8.308572611116974,39.16592300406321],[8.308645340950704,39.16598394060552],[8.308647934408045,39.16605967153221],[8.308652035564135,39.16616372025183],[8.308655862985788,39.16625529346623],[8.308658818020726,39.1663461171978],[8.308662649943066,39.166425999609814],[8.308650381293072,39.166501299941764],[8.308643932195862,39.1665407143885],[8.308598708037408,39.16682280375062],[8.308582610992449,39.16692295432003],[8.308608551050767,39.16703699510175],[8.308631367734183,39.16713310264754],[8.308639655191293,39.16716934705623],[8.308649061010678,39.16721054151389],[8.308655501387115,39.16723894533621],[8.308673860680706,39.167317055861275],[8.308697764016983,39.167418532261124],[8.308719168519385,39.16750768305274],[8.308728653943797,39.16755376191629],[8.308740733981525,39.16761646247434],[8.30878048320546,39.16768745054175],[8.308804750393753,39.16773664566231],[8.308812560395532,39.167776508729524],[8.308831143040157,39.16786636453643],[8.308855876672872,39.16804708822666],[8.308842087172525,39.16817593168787],[8.308791663129137,39.16862614826974],[8.308759955761122,39.16890865477817],[8.30866613973772,39.16906219648208],[8.30879625606087,39.1693391398862],[8.308769632155386,39.169527083959366],[8.308752732584606,39.16964637803518],[8.308545918861604,39.16993124630702],[8.308545477673494,39.169976298487335],[8.308541760650886,39.170355860389265],[8.308542190904229,39.17042682334315],[8.308544528202951,39.17081205208917],[8.308560378908552,39.1708774755911],[8.308607113500319,39.171070360318076],[8.308351459423712,39.17131847282331],[8.308279296871216,39.171389106691684],[8.308221427796646,39.17144540243195],[8.308143504429093,39.171535785570185],[8.308076021164913,39.171612974628246],[8.308012793106272,39.17168769288004],[8.307989500412974,39.171715450675556],[8.307953613694826,39.171752434781226],[8.307945876583172,39.171803286318095],[8.307940341044283,39.17183585598426],[8.3078825948547,39.172225083681845],[8.307864847791839,39.172342745155426],[8.307843702880417,39.17248391584796],[8.30784991580246,39.17252927515478],[8.307859359127372,39.17261921282304],[8.30787080641797,39.17271315965189],[8.307880799786815,39.17280651032825],[8.307891292462482,39.172898055469346],[8.307898424539445,39.17295393331092],[8.30787895246673,39.1730819795632],[8.307834957576887,39.17337594121971],[8.307910265474042,39.17354741553301],[8.307726501756346,39.17395875168196],[8.30779647664994,39.174348887490744],[8.307811433458593,39.17440654100771],[8.307829839459341,39.17447749084718],[8.307867589633645,39.17462301578726],[8.307776849182517,39.17487478072486],[8.307763238642535,39.17492763921114],[8.307717646978086,39.175109894190605],[8.307581776214308,39.17561483912887],[8.30753227576201,39.1758071891806],[8.307516761846856,39.1758678109652],[8.3075964309908,39.17601301017202],[8.307688949351563,39.17619036464612],[8.307833948454357,39.17643062265641],[8.307993393361805,39.17672142037754],[8.30801544932871,39.177181855854144],[8.308020584356305,39.17735588145238],[8.30803045327905,39.17749507360258],[8.308077987345595,39.177632771027355],[8.308200723060303,39.17798830313704],[8.30820524201732,39.178081829356316],[8.308226463720139,39.178315100083815],[8.30822382970797,39.178534724466516],[8.308214775761448,39.178930619795175],[8.30821290002866,39.17902644096778],[8.308212334328775,39.17911735534683],[8.308212151753168,39.17921135013801],[8.308212453793423,39.1793113004353],[8.308211106456502,39.1794370771201],[8.308213960824418,39.17948475025135],[8.30821671052203,39.17958562968672],[8.308216634274578,39.17967609911909],[8.30821584820404,39.17977106890701],[8.308214152068295,39.17986143770867],[8.308213230972981,39.17995541729023],[8.308210588106716,39.180077409782946],[8.308207450485538,39.180180304244466],[8.3081682867126,39.18025553657016],[8.308108233496654,39.18034609050077],[8.30805363915399,39.18042753791709],[8.307999335584379,39.18051296987016],[8.307956263693773,39.18058019431228],[8.307945380095992,39.1806337357716],[8.307939149773713,39.18068584149018],[8.307919912240811,39.18078902867801],[8.307997069141594,39.1809408716739],[8.308035689953012,39.18102712850369],[8.308116062481416,39.18119893623337],[8.308152810399957,39.18128482596806],[8.308187064080357,39.18136332001843],[8.30820572429132,39.18143063621681],[8.308227693063555,39.18149020101823],[8.308244816256163,39.181547193258744],[8.308269811732762,39.18163639228245],[8.308298582060951,39.18173559422757],[8.308311106534857,39.18178704085582],[8.308436881676286,39.18183167251364],[8.308459044235674,39.18186014796744],[8.30860532360307,39.18214358114379],[8.308602680496165,39.1822579710697],[8.308597733341163,39.18239198035896],[8.308595747148948,39.18243907506743],[8.308593878073998,39.18248343294672],[8.308589746378534,39.18252970844394],[8.308586377531633,39.182575998379384],[8.308585570990692,39.18262287120829],[8.308588899499982,39.18266756449808],[8.30859338958574,39.18271246472302],[8.30859871883699,39.18275727260881],[8.308600195741166,39.18280234868819],[8.308602512983468,39.18284733063331],[8.308605154628241,39.18289240911784],[8.30860779625831,39.1829374894041],[8.308612458567318,39.1829802947037],[8.308617918640762,39.183030425223926],[8.30862021991965,39.18309878505399],[8.30851062735359,39.18315674276482],[8.308474041067017,39.183177933822485],[8.30847333469859,39.18324033398964],[8.308472377050608,39.18333747704413],[8.308707137438242,39.18331673293061],[8.308689949317698,39.183493468831365],[8.308674949946981,39.18364769126468],[8.308463905657847,39.18360294489573],[8.30844809911027,39.18363424789561],[8.30851108421091,39.18384772409691],[8.308570446752093,39.18407231628021],[8.30859601206488,39.184181361567596],[8.308617537418513,39.184267514016504],[8.30874141690829,39.18424975677638],[8.308948654443142,39.18422150498567],[8.308947088354577,39.18438143804234],[8.308891018047886,39.18440126745201],[8.308874342850189,39.18443437204618],[8.30885235315764,39.184487810733536],[8.308839797332135,39.18451147647068],[8.308811510622949,39.184596661174545],[8.308773852218229,39.184698045103055],[8.308777614526576,39.18478913735987],[8.308779618145905,39.184930107332946],[8.308954662013859,39.18565084551572],[8.308957988959708,39.1856899402695],[8.308925416732698,39.185727350617896],[8.308741097446841,39.18590755726141],[8.308664155438263,39.1862269871487],[8.308734450294509,39.186241340530465],[8.308888049976801,39.18626992249177],[8.309151949765296,39.186318003771134],[8.309222539179746,39.18633232977026],[8.309395827246853,39.186490746501086],[8.30958094186922,39.186652554482734],[8.309818684319138,39.18686346543086],[8.309794848250299,39.187104364918795],[8.309768894605094,39.187366651912996],[8.309599667436967,39.187503065117696],[8.309580678793836,39.18755363909855],[8.309531307283418,39.187685129623574],[8.309428606552741,39.18767888913352],[8.309285717920021,39.187785949873906]]],[[[8.32079673150909,39.19437040141964],[8.320759979510429,39.19444056790865],[8.320665063910809,39.194544688143964],[8.32063438651503,39.19457469947531],[8.320579782281673,39.19462924769334],[8.320469879862696,39.19471334369319],[8.320423767122376,39.194744566118295],[8.3203889354991,39.19477292127357],[8.320324417532461,39.19481517470242],[8.32026515263796,39.19485498163921],[8.320165172463348,39.19487142803793],[8.320103026759318,39.19488078818469],[8.320026750439917,39.19491831778487],[8.31996329382379,39.19494953972298],[8.319954211042637,39.19534156559347],[8.31995337829418,39.19537749720352],[8.319688368267661,39.1953894664449],[8.319640929745994,39.19530496251306],[8.31958772445159,39.195213971258156],[8.319558292831951,39.1951675742263],[8.319532243098333,39.19514406126088],[8.319326189679396,39.19497059845873],[8.319125551889323,39.194911982351506],[8.319077120503978,39.194816709734226],[8.319060223572402,39.194781840521095],[8.31896507020233,39.194592285588634],[8.318821198761318,39.194501335256504],[8.3186960571574,39.19441950610127],[8.318739654400922,39.19434880089308],[8.318832635678275,39.19435053398818],[8.318847805930133,39.194294241314],[8.318792581047939,39.19426903566341],[8.318702205013576,39.19423256713347],[8.318675521018482,39.19414793455776],[8.31874862163971,39.19390394242975],[8.318879667444072,39.19384275848491],[8.318688480236167,39.193705352161174],[8.318680109398617,39.193524024077014],[8.318677520225618,39.19349128034619],[8.318600150194541,39.193463006636954],[8.318601144480347,39.19330611057467],[8.318566472791113,39.193149344723416],[8.318522754329466,39.193012799630374],[8.318499028650008,39.192938697352304],[8.31848375848462,39.19287431415628],[8.318187159829744,39.19285765133849],[8.318109480879961,39.19280763753161],[8.317995791545295,39.19273939012917],[8.317907477219405,39.192687782073584],[8.317828461997584,39.192679840391015],[8.317749422098126,39.192620806545825],[8.31761838800248,39.192560115595526],[8.317562095467077,39.1925280322734],[8.317452746071488,39.19246588492918],[8.317390857352395,39.192429478636996],[8.317354866515876,39.19234366484622],[8.317344124838364,39.192304687311804],[8.317119234161439,39.1922285219371],[8.317095789066109,39.192103358781544],[8.317076567702781,39.19200074769937],[8.317132810595373,39.19187267251053],[8.317304852408913,39.191744149507855],[8.317296075555682,39.19165398968282],[8.317291686562266,39.19160890931568],[8.317277204177055,39.191460145910405],[8.31727403915446,39.19133848070728],[8.31726870328704,39.19119297067184],[8.317299280595513,39.1911784422039],[8.317349598063114,39.191158705731446],[8.317357534906726,39.19105276206268],[8.317251256394204,39.19100044001062],[8.317201139761172,39.19086901024179],[8.317174189464868,39.19079401922092],[8.317174501435355,39.19069190827593],[8.317173650273627,39.190644056143505],[8.31722675878771,39.190589540366766],[8.317174740272112,39.19053142678983],[8.31715364054777,39.19046822751153],[8.317132584471839,39.19040052211771],[8.317202503652233,39.19035475176448],[8.317130478836841,39.190301390428324],[8.317103339187067,39.190280448547796],[8.31690214939387,39.19013222517271],[8.317289949043332,39.189844798485396],[8.31736428031657,39.189900053821056],[8.31751691482811,39.190022065741694],[8.317615821026601,39.190121764409966],[8.317842116032496,39.1902434305505],[8.317901207752836,39.19027193927561],[8.317938928972891,39.190267594262785],[8.318432317828764,39.19015783765665],[8.318483148393208,39.1901357013749],[8.3185876490131,39.190091393988624],[8.318671724500632,39.190044593589704],[8.31867221965038,39.189847859884416],[8.318700819523654,39.18957957790366],[8.3187335118935,39.18940968949457],[8.318740439976219,39.18937368626854],[8.318714115404454,39.189251885635954],[8.318904605580622,39.18931044404089],[8.319061871741246,39.189411609002505],[8.319111744165369,39.18944368923578],[8.319252713547744,39.18953437089663],[8.31937957867333,39.189499964014004],[8.31946101703861,39.189417314751644],[8.319581659413084,39.189295108405396],[8.31968666308164,39.18924670388486],[8.319756735832197,39.18920861469968],[8.319880901272098,39.18916421099378],[8.319969008550027,39.18912946908559],[8.320095570603643,39.18908314268746],[8.320274067298481,39.18901794567739],[8.320308625009867,39.189004389383406],[8.320337215295108,39.189018792540935],[8.320582280684674,39.189140166397074],[8.320651582381792,39.189191361529446],[8.320697665082282,39.1892245687852],[8.320738238138786,39.18925275634951],[8.320767800907152,39.18927260947767],[8.3209067401808,39.18930515587978],[8.320947932457571,39.189314615048914],[8.321101617497783,39.18932326635752],[8.321214627982224,39.189387922256365],[8.321294700198317,39.18943273873693],[8.321448084560501,39.18959261204693],[8.321476418588082,39.189622754634016],[8.321515533699852,39.189666664726225],[8.32158054931726,39.189731172330916],[8.32164649474257,39.189774254607315],[8.3216800670679,39.1897952770387],[8.321745257054717,39.18983239773232],[8.3217808803646,39.18985207052188],[8.321873652327469,39.1898979868738],[8.321910174056672,39.18991587347908],[8.321975662157108,39.189957060611114],[8.32219312020274,39.19000745889224],[8.32222083470351,39.19002535994376],[8.322284120198198,39.1900780518654],[8.322145391032741,39.190205649744605],[8.322276011291459,39.19035470795176],[8.322337309462897,39.19042880546981],[8.322381397834835,39.190498748847055],[8.3224752518302,39.19052906407466],[8.322510027062064,39.19054076334041],[8.32257475373016,39.1905610106047],[8.322609384879573,39.19057216203944],[8.322728001137037,39.19057960980619],[8.322899724840383,39.190591199346315],[8.3229579886291,39.190597869911414],[8.322994026946104,39.19062191414287],[8.323023577647712,39.19064459876388],[8.323051270178064,39.190662544544296],[8.323106300384062,39.19071611707966],[8.323193475767233,39.190738002848384],[8.323230839154037,39.19065723772256],[8.323277340580166,39.19062999113344],[8.323255903451463,39.190787674198496],[8.323238969940242,39.1909122312903],[8.323232586189617,39.1909591907319],[8.323321839794225,39.190990801361075],[8.323391614042055,39.19095966831129],[8.323416207809021,39.190938039814654],[8.32344707785439,39.19091155752419],[8.323451401008416,39.190788809561],[8.323467263734187,39.19033835858193],[8.32347293469,39.19017732286172],[8.323299179798742,39.190184197490076],[8.323253610399387,39.19010621440606],[8.323667987550184,39.19006244039177],[8.32373748310956,39.19006039280639],[8.324179065893809,39.190047384121584],[8.324163475253291,39.19015197822335],[8.323736318435287,39.190181908411894],[8.323540666358317,39.19019561544646],[8.323545325169018,39.19033881182417],[8.32354994666298,39.19048082935145],[8.323733387680154,39.19048768376428],[8.323994320413862,39.19049743219079],[8.323963883203547,39.190539327640174],[8.323732857006767,39.190543050170426],[8.323537305130149,39.19054620146809],[8.32354210214396,39.19067244727139],[8.323724094960056,39.1906875283843],[8.32372995296775,39.19072558582329],[8.323741387001146,39.19078908015155],[8.32374726371114,39.190827845956974],[8.324064010987057,39.19087684180356],[8.324170963966983,39.190893231371696],[8.324200343132446,39.190999279351146],[8.32418984601097,39.19103751493137],[8.32430717616217,39.191028216724746],[8.324375256123817,39.191022821100454],[8.324473580811437,39.19079474058298],[8.324667320991736,39.19034532060548],[8.324743849284424,39.190167799997965],[8.324724308773176,39.19009222106796],[8.324490934217637,39.19012803745691],[8.324481385149952,39.19006715918345],[8.324725257354848,39.18999310627934],[8.3246151234417,39.18989447489933],[8.324435366615706,39.18973349046569],[8.324320303620716,39.18965741253068],[8.32402977003779,39.189465317223075],[8.324013849518222,39.18944044478263],[8.323981284055675,39.189389570225956],[8.324039835089009,39.18932120154434],[8.324118129439142,39.189307013880864],[8.324314231699898,39.18944892644108],[8.324833888127268,39.189833793524684],[8.324887428256607,39.18990049273524],[8.324949667184327,39.18998652301861],[8.32489082065193,39.19020694816539],[8.324841122318295,39.19034632787338],[8.324739343610368,39.19063859161223],[8.324769875373496,39.190796458104465],[8.324786233713642,39.19088102951092],[8.324886845974648,39.19095502101541],[8.324911279260052,39.190972989820466],[8.325145533976297,39.19099687333502],[8.325184912468012,39.19124940575563],[8.32519053782091,39.19128548207042],[8.32496358384291,39.19169866668943],[8.324932747538961,39.19175480545469],[8.32487935435352,39.1917378267561],[8.324752366438553,39.19169744275259],[8.324593632620044,39.19164696255997],[8.324601695592932,39.19145764364705],[8.324604068087647,39.19139463763819],[8.324390343615251,39.19126074316273],[8.3243632243046,39.191243701217005],[8.324403254158586,39.191122102818554],[8.3243062824178,39.191121540481966],[8.324227562373943,39.191118187813174],[8.324262482552744,39.19124405952508],[8.324303893933282,39.191370941149266],[8.324340507529543,39.191483125135115],[8.32430134241046,39.19163736251194],[8.324288656024509,39.19169295847802],[8.324279855500684,39.1917219794097],[8.323923340346342,39.19203607327032],[8.323833579092984,39.1921156244168],[8.323727916401753,39.192145648324],[8.323660867327481,39.19216418208143],[8.323586791905765,39.19219078394527],[8.323522935625288,39.19220843506587],[8.32334728545644,39.19226148066824],[8.32324132539266,39.19229240259706],[8.323137071026515,39.19229639796208],[8.323037159466338,39.19230022743525],[8.322930140941468,39.19229059464191],[8.322867665774773,39.192315011626484],[8.32259200610171,39.1923821166711],[8.322557120846456,39.19239745769303],[8.322471729010688,39.192433953728184],[8.322417576201035,39.19245882165435],[8.322388637193741,39.192608458267664],[8.322486956034789,39.19261353280173],[8.322547233116051,39.192617522816235],[8.322708366769795,39.19262496010978],[8.32272472538141,39.192650903958935],[8.32278559838899,39.19274867767061],[8.322824090594683,39.192813954009104],[8.322866194027677,39.19292706782252],[8.322905480412713,39.19303835224864],[8.322940817937177,39.19313880420099],[8.322813307569328,39.19315270500339],[8.322748520642296,39.19311628560756],[8.322555601184302,39.19310840584006],[8.322384631047422,39.19307101646437],[8.32222698625741,39.19316281205346],[8.322247292944477,39.19326246670991],[8.32218956772168,39.19329099921317],[8.322152704934439,39.19322610520366],[8.322079285046433,39.193319643094846],[8.322123496924677,39.19341919086366],[8.322058650916238,39.193472079861294],[8.322028544881686,39.19349082582542],[8.321952165984138,39.193550135520496],[8.321919491312151,39.19351010353786],[8.321776986270491,39.193296482791744],[8.32178526658329,39.19348913779555],[8.321747298392646,39.19352383412043],[8.321746711965249,39.193572304997176],[8.32174014187191,39.19361117413681],[8.321703711461511,39.193649598208886],[8.321626695407053,39.1937224969636],[8.32148043240791,39.193729529818064],[8.321439885713009,39.19367783857327],[8.321398894279607,39.19362880925528],[8.321303965422993,39.19367469683062],[8.321257506084876,39.19365382900351],[8.321225563427792,39.19363704478202],[8.321170412170554,39.19360607729405],[8.321137565802408,39.19370126388521],[8.321113904191877,39.19376231201791],[8.321137355045938,39.19387034190881],[8.320899429711409,39.19408883189217],[8.320734701605776,39.1942095173327],[8.320753560919913,39.19423452087183],[8.320820450423703,39.19432377928635],[8.32079673150909,39.19437040141964]]]]}}]}
