{"type":"FeatureCollection","metadata":{"code":"119009","referenceDate":"2026-01-01","sourceDbfExportDate":"2026-02-18","upstreamArchiveUrl":"https://www.istat.it/storage/cartografia/confini_amministrativi/non_generalizzati/2026/Limiti01012026.zip","sourceManifestSha256":"70ac8256c4785dc6ed2814c32b6965ae76f9161b51abaa1660059e1c6cbd8ca6","license":"https://creativecommons.org/licenses/by/4.0/","attribution":"Istat, Confini delle unità amministrative a fini statistici al 1° gennaio 2026, versione non generalizzata.","modifications":["Converted from WGS 84 / UTM zone 32N (EPSG:32632) to RFC 7946 WGS 84 geographic coordinates.","Converted from shapefile to per-municipality GeoJSON without geometry simplification."]},"features":[{"type":"Feature","id":"119009","properties":{"code":"119009","name":"Iglesias","alternativeName":null,"regionCode":"20","regionName":"Sardegna","territorialUnitCode":"119","territorialUnitName":"Sulcis Iglesiente"},"geometry":{"type":"MultiPolygon","coordinates":[[[[8.426847787425912,39.312377510181356],[8.426690301318683,39.31242323215],[8.426578537704643,39.31244355246358],[8.426497254385056,39.31244863241525],[8.426390570752421,39.31243847247057],[8.426349928615712,39.31235718957979],[8.42639057003989,39.312255585114826],[8.426578537624355,39.31213874110566],[8.426776665282143,39.31207269825264],[8.426842708081294,39.3120371370825],[8.426959552692818,39.31201681629282],[8.427076396763736,39.311971093984205],[8.427162760566127,39.31202697675268],[8.427233882864819,39.31199649540377],[8.427310086473723,39.31196093349825],[8.427432010920395,39.31195077345369],[8.427508213960172,39.31199141471179],[8.427523453700964,39.31206253788193],[8.427467571620735,39.31215398112564],[8.427376128840246,39.312194623243734],[8.427188161575287,39.3122809859661],[8.427030675064472,39.31233178867453],[8.426949391793583,39.312316547824906],[8.426847787425912,39.312377510181356]]],[[[8.424704611615688,39.31599430189397],[8.424815653527105,39.31613951141094],[8.424755861546073,39.31625909623393],[8.424499610114845,39.31632742982189],[8.424294609014316,39.316344513419786],[8.424106691081478,39.31634451293804],[8.424046898116302,39.31620784533537],[8.424115232414552,39.31608826168792],[8.424311691820522,39.31599430217286],[8.424508151109173,39.31594305160215],[8.424704611615688,39.31599430189397]]],[[[8.39877383181844,39.33473224673135],[8.398734364075521,39.334768085817274],[8.39868639689219,39.33478022778983],[8.39863704806085,39.33478447820727],[8.398589244897195,39.33477747316597],[8.398521146705335,39.334769236889144],[8.398450216585204,39.33475310153977],[8.398321401204363,39.33475164098481],[8.398222709503198,39.33472939867976],[8.398217284742644,39.334685443278744],[8.398112841447173,39.33468715592995],[8.398139662053664,39.33460394617871],[8.398193517437452,39.334581697793254],[8.398347582185522,39.33454389495366],[8.3983868242075,39.33453426527066],[8.398461167458649,39.33449072214729],[8.398545863659843,39.334472012007794],[8.39860064920973,39.334462108447546],[8.39865472582774,39.334414005573414],[8.398678479860385,39.33434992677069],[8.398900384630817,39.334180997036434],[8.398789968328376,39.33420295361686],[8.398832875358451,39.33410405798917],[8.398374441653555,39.33414270444042],[8.398253883262848,39.33413823455394],[8.397921705106596,39.33414327483736],[8.39784227555638,39.33410344286094],[8.397764119094846,39.334022074300535],[8.39774307425684,39.334001558788884],[8.397741313856306,39.333868643061734],[8.397773504249223,39.333835769934645],[8.397859831703492,39.333747612139604],[8.39789672714243,39.333673464389115],[8.398073726056571,39.33356850454001],[8.39812268317831,39.33353947369601],[8.398290489776675,39.33342094986809],[8.398357430359589,39.33339487189698],[8.398436011559772,39.33336425857079],[8.398479974329167,39.33331154856612],[8.39850832146289,39.33321933585508],[8.398650449986585,39.33322007023028],[8.398676024811817,39.33328215030485],[8.398777834336537,39.33324888594221],[8.398857233362017,39.33329209705639],[8.398930542772748,39.333221671940784],[8.398982470619908,39.33323304852524],[8.399062187932325,39.33323909183333],[8.39917927576536,39.333284749087646],[8.399241224383873,39.33333350157663],[8.39929324145836,39.3333562968951],[8.399343896163593,39.33336894717436],[8.399394656880366,39.333369209109726],[8.39942099364846,39.33334231367955],[8.399461001153492,39.33332787764599],[8.399513614796591,39.333316885662015],[8.399563633031118,39.33328335341083],[8.39964799033186,39.33325563087177],[8.399698770232549,39.333253640087726],[8.399754198431086,39.33321675662666],[8.399845548272262,39.33321948035704],[8.399931220908941,39.333207532291745],[8.399979456360853,39.33316385358454],[8.399976894227077,39.33311107256861],[8.400068972797673,39.33304154543935],[8.400089754493692,39.33294816609556],[8.400154176533432,39.33291470872438],[8.400215358455402,39.33288348640583],[8.400273466532903,39.33287252238857],[8.400354893618017,39.33284816236303],[8.400418610430838,39.33285975402488],[8.400476169020394,39.332912988618894],[8.400512526411042,39.33298638726243],[8.400530126148748,39.33304842676222],[8.400527921212651,39.33314290205306],[8.400507178974124,39.33318797328441],[8.400350316535174,39.33321419749912],[8.400498830940393,39.33331633246548],[8.400547814315413,39.33335488039807],[8.400567925090183,39.33337751082374],[8.400651648619583,39.333424121113914],[8.400695575055652,39.333390834538605],[8.400762140050029,39.33339315240436],[8.400821333460586,39.333424994728404],[8.400848677818972,39.333449915027366],[8.400916620070468,39.3334761706233],[8.400999132742074,39.333494616763424],[8.401049787863704,39.33350726630312],[8.401137852026132,39.33355502582334],[8.401274168735727,39.33358875146407],[8.401430562739016,39.33358581636667],[8.401511482489264,39.33362114909376],[8.401560553060058,39.3336495590625],[8.401642634088855,39.3337186879515],[8.401674205005866,39.33375827133821],[8.401694144626225,39.3338011748584],[8.40171692615536,39.33385085013778],[8.401732534072712,39.33389147870017],[8.401762434022512,39.333956960256884],[8.401778087329033,39.33402712355356],[8.401736425146044,39.33411563909469],[8.401725812124557,39.334169648992706],[8.401652461882877,39.33426726286063],[8.401402824604014,39.33428737981423],[8.401422869858127,39.3343178932503],[8.40142537673961,39.33436408618959],[8.401388730731751,39.33440951370389],[8.40136383982479,39.33443698108394],[8.401330299753807,39.334458209088545],[8.40130347112991,39.33448376612368],[8.401280594692379,39.33450413347161],[8.401242607125843,39.33453950255652],[8.401178236836813,39.33460159781908],[8.401094565229938,39.33463383035672],[8.401024910814217,39.33463797730488],[8.400945695819411,39.33465784380188],[8.400868808932099,39.334659700747835],[8.40083153288139,39.33460882435537],[8.40071840813975,39.334608241069496],[8.400667674593283,39.334604826991104],[8.400537213962563,39.334596045498664],[8.400481238964794,39.334527050307436],[8.40037849022405,39.334481468234834],[8.400319409299215,39.334455257981844],[8.400143442433802,39.334340591557364],[8.40009745792244,39.334313322341686],[8.400036764408872,39.33426457678231],[8.399915901110054,39.33415132037287],[8.399759113349873,39.33416853342472],[8.399652041062465,39.334138697210705],[8.399511094544954,39.334169116678005],[8.399320743487744,39.33421019933958],[8.399360070796224,39.3343602049449],[8.39925059265203,39.334441862054874],[8.399169268751313,39.33448766018078],[8.399119466517394,39.334511017539384],[8.399058163319904,39.33455631792324],[8.399005753741887,39.33457913644505],[8.398957613144116,39.33461155179928],[8.398919597341195,39.334624871597434],[8.398845446831736,39.33466841600848],[8.39877383181844,39.33473224673135]]],[[[8.566246280091818,39.3749839545382],[8.566260741805694,39.375063064936725],[8.566255167667826,39.37551057258924],[8.56625766114561,39.37555847207839],[8.566222560277797,39.37557165998812],[8.563476181177904,39.376638526168406],[8.559755838020733,39.37814959805757],[8.55766781745707,39.379004413387456],[8.549835649296046,39.37643337488239],[8.549211214524131,39.37623688467889],[8.548266435556577,39.375945295029126],[8.547759223937392,39.37578522553357],[8.547686964764395,39.375762474652916],[8.547407813270576,39.37567687140859],[8.54659872883013,39.37542752995884],[8.54654287587123,39.37540917644714],[8.545391112267469,39.37505398620831],[8.544865470796108,39.37488756964716],[8.544760700141342,39.374854788805564],[8.544481135540554,39.37499786538246],[8.544283222069216,39.37508188764694],[8.54393433933226,39.37523000052793],[8.543829185487251,39.37527464194932],[8.543714758662466,39.37526666576658],[8.543673089741853,39.37525751778143],[8.543590830236763,39.37526083640269],[8.543518734546382,39.375257129532585],[8.543481868317471,39.37525320851448],[8.543408370746572,39.37524067818688],[8.54329053481506,39.37522921998484],[8.543222924542624,39.37522116844685],[8.543124705225017,39.37521018354944],[8.543066205348707,39.37519624854834],[8.542999490442087,39.37519066212478],[8.542668817459603,39.37517998014393],[8.542320118887169,39.37524168331778],[8.542086515576962,39.37545701972634],[8.541864578278071,39.37566339086784],[8.54158488673275,39.375824481383816],[8.541464097904742,39.37587581620105],[8.54122398567941,39.37597623945636],[8.540933035714646,39.37608321970309],[8.54052746351494,39.375964480565486],[8.540680219678183,39.37568575410291],[8.540771144827396,39.37545961687034],[8.540788463384047,39.37543091579615],[8.540805134719436,39.375370396221435],[8.540816141603083,39.37533396787389],[8.540770306159981,39.37527963978891],[8.540734878787093,39.375240597997994],[8.540709292736173,39.37520694200014],[8.540690454613333,39.37518264413143],[8.540667319405507,39.37514740199967],[8.54062046272039,39.37508489529955],[8.540581458534742,39.375064272567116],[8.540466245190714,39.37502071486864],[8.540331613926842,39.37496608096875],[8.5402819359541,39.37494879138667],[8.539940055696466,39.37494387109272],[8.539862854294151,39.37494727015156],[8.539796350597051,39.37494990771101],[8.539759721724055,39.37495091621681],[8.539393194892925,39.37498909962249],[8.539326395286059,39.37499559323035],[8.538954950853334,39.374985111425104],[8.538671385335746,39.374852206729294],[8.538607732845913,39.37482154318905],[8.538155497434413,39.37473865362296],[8.53771356531106,39.37485403722803],[8.537121362724514,39.37486970450684],[8.536926941866394,39.37486329927841],[8.53679635765013,39.374859400529836],[8.536331739822373,39.37489359211657],[8.536006912542403,39.37485625539168],[8.535729698563669,39.374671372515486],[8.53566145869887,39.37462573037029],[8.53532482080203,39.374421022791566],[8.535274077944237,39.374404544092776],[8.53524360564403,39.37439246967524],[8.535129772835502,39.37435901412619],[8.535052913065202,39.374332325473205],[8.534990871552678,39.37430781710863],[8.534789712160219,39.374581076768486],[8.534764280380424,39.37491436893233],[8.534715928132323,39.37520251584331],[8.53459636308195,39.37572465563851],[8.534349507448846,39.376183210951794],[8.533871113923734,39.376541720582054],[8.533611761464087,39.37670907090733],[8.533194805864929,39.37698052994899],[8.532518972447244,39.37734725334259],[8.53207629290588,39.37757074008012],[8.53153020532457,39.37763161693748],[8.531289531083601,39.3776250349791],[8.531174773845251,39.37762201363868],[8.531060017778934,39.3776189921898],[8.530945572456087,39.37761603405429],[8.53085695042989,39.37761088309073],[8.530336012555395,39.37738351565531],[8.529538741213873,39.37681262461484],[8.52875187989444,39.37642198360653],[8.527976941694272,39.375986331164746],[8.52713247668997,39.37553237050849],[8.52683202661013,39.37532390456618],[8.526236484013838,39.37456427771235],[8.526141362992274,39.3744470619716],[8.525504431707105,39.37421018974344],[8.524262843020654,39.37411501413989],[8.523777639876009,39.37428269944775],[8.52281985071811,39.37461370135602],[8.522180472504099,39.37473722679886],[8.521367504914538,39.374778938420434],[8.520810806329278,39.37469555176022],[8.520231630142368,39.3745039421004],[8.519918916872541,39.374394524714816],[8.519594102277614,39.37435714134195],[8.519162324814397,39.37441859247087],[8.519128220911409,39.37442520957954],[8.519076998900479,39.374442745399236],[8.518361032369048,39.37471247001872],[8.517709479304754,39.374917015995244],[8.517175815877046,39.37486073865929],[8.51684019852772,39.37470616531392],[8.516541380141721,39.37454298457824],[8.516506797562,39.37452284612224],[8.516474719806041,39.3745066647564],[8.516260943184964,39.37441538530161],[8.51605337018459,39.37432444843097],[8.51574103784009,39.37416095713318],[8.515371595562321,39.37386206826195],[8.514932625205088,39.373544866976886],[8.51444147545597,39.373252378958085],[8.51431983430459,39.37318188600863],[8.514244371033346,39.37315554717785],[8.514151073647922,39.37312914014675],[8.513613237269789,39.372953667771434],[8.513444454526852,39.37292566962149],[8.512998581660721,39.37286099168205],[8.510280666368027,39.37304781921624],[8.509339884457106,39.373106930301816],[8.508713623016808,39.37301418175125],[8.508412733433609,39.37287775124293],[8.507996639810527,39.37261468383652],[8.507660040001287,39.372604249480496],[8.507311197877588,39.37268386855219],[8.507007334219685,39.37297092263592],[8.506877795927734,39.373231681732186],[8.506595117205032,39.373807164548076],[8.506407909533152,39.37401361517274],[8.506116852026214,39.37412951856303],[8.505570579342237,39.37421730497748],[8.505139953151422,39.37436865565469],[8.504789318227074,39.374700557565966],[8.504369849781815,39.374915026917435],[8.50389309856353,39.37502112293525],[8.503371374830522,39.3749197805683],[8.503071191464116,39.37468422241141],[8.502886846661992,39.37448520123284],[8.502379425560305,39.37400546841406],[8.50185937644613,39.373669849767694],[8.501072066306204,39.37336912513789],[8.500711667987408,39.373439665032365],[8.500606221181972,39.373472095333135],[8.50042073088377,39.373537532366186],[8.499081680867517,39.37409043537466],[8.498733789527725,39.37403487303557],[8.497667414427813,39.37379599791649],[8.497211703563519,39.37374360856976],[8.49713816356146,39.37373514331524],[8.497068663485397,39.373727037881764],[8.497017815019708,39.373721107117134],[8.496972242288097,39.37372581375162],[8.496766571826777,39.3737470520934],[8.496518229617225,39.373773009979494],[8.495716156145361,39.3739137073077],[8.495263914190906,39.37383966092183],[8.494324346436294,39.373727454160715],[8.49242062509314,39.37362423983528],[8.492083980087042,39.37360545595218],[8.490529508146036,39.373521678505746],[8.488489462679578,39.373331626351614],[8.487478272580463,39.37323796025694],[8.483768291554837,39.37306296077698],[8.483451169290987,39.373048951132425],[8.48315248255605,39.373034547643535],[8.481829036140097,39.372971069126685],[8.480364154551832,39.37290004727239],[8.479830004595534,39.372915681301265],[8.479261160829639,39.372913137118424],[8.478427556538778,39.37302533999329],[8.476424481239945,39.37330122976879],[8.474659114897845,39.37354121723019],[8.471137191918906,39.3741019434796],[8.470172195363466,39.37428677752893],[8.469807002027801,39.37430107753321],[8.469277941682588,39.374327755023046],[8.46695595060184,39.374335163034694],[8.46539841680465,39.37432069487785],[8.464982443202164,39.37431709537417],[8.464101383697493,39.374340072341305],[8.463819088370416,39.37434770784729],[8.463600610132747,39.37435405548122],[8.463020002149506,39.37437026406963],[8.4624393939239,39.37438647066016],[8.461858817172635,39.37439854399442],[8.461357945091867,39.374411188847766],[8.460826607205657,39.374419358943776],[8.460310815652715,39.374430722725435],[8.459796579079748,39.374441407527044],[8.459418481933252,39.374449262473185],[8.456412999658536,39.37451165505531],[8.456049860206807,39.3745188660915],[8.452923744560529,39.374580902818714],[8.45289035881126,39.37458187219124],[8.452748922082371,39.374584736604106],[8.45200353240619,39.374599099636924],[8.450570781510411,39.37483563049982],[8.446508244442624,39.37619500193991],[8.445518582816408,39.37655071522784],[8.445145721049018,39.376720139208395],[8.444844513068567,39.37663760726097],[8.444667306715337,39.37618579108218],[8.444559845811064,39.3759334158736],[8.444387345953219,39.37572534826529],[8.444109648058772,39.37560688390336],[8.443657523571085,39.375523626927965],[8.443391880862393,39.37551221864244],[8.443328929903862,39.37550718149024],[8.443258798007665,39.375498806627846],[8.443191568972015,39.37547109515501],[8.443112535858626,39.37543070858109],[8.442874251506039,39.37531015649139],[8.442845537135577,39.375295494676735],[8.442794297357272,39.37526533473458],[8.442744091228045,39.37523644842511],[8.442694615509634,39.37520681860586],[8.442662136014913,39.375189104813686],[8.442442117604774,39.37506727870856],[8.441989855180074,39.37500203688081],[8.441551382829477,39.37508773809344],[8.441450483357203,39.37510438584491],[8.441415925413015,39.37511195654031],[8.441357102812196,39.37512520641409],[8.441121095699645,39.375171381977054],[8.441082812319987,39.375172369491274],[8.44104835924833,39.37517202108495],[8.440972788218946,39.37518277995243],[8.440653056307514,39.37521187352194],[8.440189113298922,39.37515557833991],[8.439620543210884,39.375116799781],[8.439203111514864,39.3750517139568],[8.438890381737544,39.3749601003874],[8.438417142519246,39.37461541392468],[8.437931142665361,39.37441483404685],[8.437681983034944,39.37449848845986],[8.437642226693015,39.37451669706661],[8.437545663865293,39.37456873295577],[8.43747322044316,39.37462089077051],[8.437354894314474,39.37468542003719],[8.437306288453732,39.37469976430484],[8.437238754571096,39.37472024610415],[8.437184982406903,39.37473616653517],[8.437120721720508,39.37475485655252],[8.437067892839593,39.37477185646744],[8.437030705092841,39.37478490425249],[8.436973450646901,39.37480636643275],[8.436754847103666,39.374877697697364],[8.436532242869156,39.37512891750483],[8.436101320015796,39.37529803134676],[8.435727908782734,39.37525106323056],[8.435667661691856,39.375244116670885],[8.435608699756163,39.37522708614389],[8.435548292988507,39.37521128214187],[8.435493867521389,39.375204866527795],[8.435412186153751,39.37518150650481],[8.43519709586619,39.3751314553718],[8.434983561097287,39.375189776642294],[8.434917962295138,39.375202087483885],[8.434382770312695,39.37533474401669],[8.43409071736397,39.37555858945083],[8.433845319040305,39.37575562907894],[8.433415769796866,39.37575353835814],[8.433150281946132,39.37556302183423],[8.432641000186852,39.37537131718372],[8.431931879216854,39.375484995573316],[8.431269925096911,39.37550879420222],[8.430817597591062,39.37545251843933],[8.430537069179099,39.37568542197818],[8.43020017582379,39.375710804852154],[8.429793552970075,39.37574485486632],[8.429490680945628,39.375869519038],[8.429016087745971,39.375695989988884],[8.428750760219762,39.37548744286764],[8.428356041433702,39.37548550445529],[8.428064704000377,39.3756192322671],[8.427999283170584,39.37569333355994],[8.427970402686658,39.375732252012405],[8.427873543730138,39.37584608267983],[8.42748283421788,39.375787573006725],[8.427310385721936,39.37557947954888],[8.427207889496174,39.37533568924415],[8.42718710049249,39.375038236060604],[8.427154702290395,39.374740726609815],[8.426808414592438,39.37449573461559],[8.426404082969755,39.37425045548495],[8.426058389359453,39.37393337957632],[8.425630402284895,39.37374204519989],[8.42548784819658,39.373681457342975],[8.425383609850485,39.37364194439694],[8.425288497499754,39.37360503546544],[8.425191908777043,39.37356766862896],[8.425097019257219,39.37353334130279],[8.424991587040912,39.37349393113662],[8.424716094974217,39.37339512520363],[8.424194057963112,39.37334748975632],[8.423706924246108,39.37329101414191],[8.423267190260377,39.37311763427732],[8.422791815215461,39.37304319263757],[8.422280724130893,39.3730766981998],[8.421793072523375,39.373083286823444],[8.421362350538397,39.373225315919264],[8.421093632357257,39.373431223389595],[8.420615129737762,39.37373520254646],[8.420289255575753,39.37383269620112],[8.419928777757871,39.37390298438901],[8.419475798654956,39.37392775749231],[8.419116364903328,39.37387189966734],[8.41880329258933,39.3738252838863],[8.418466927608383,39.37378756064558],[8.417862656498365,39.37385662381665],[8.417293960837195,39.37383575604611],[8.416981939131066,39.373662991933124],[8.416751932537219,39.37340053123124],[8.416138830848979,39.373136149425434],[8.415721659073885,39.37304394866463],[8.41524621892174,39.37297848657601],[8.414736703726325,39.37282274430916],[8.41420487755358,39.37255876016492],[8.41374270775282,39.372295125441916],[8.413164227576459,39.37205793354306],[8.412585071834087,39.37190183063932],[8.41200576755124,39.37176374547832],[8.411472220002429,39.371706985042785],[8.41063677095644,39.37165770329344],[8.410277507794396,39.37158379858058],[8.409976894836962,39.37143810465976],[8.409722944558455,39.37126561460964],[8.409260042202614,39.371092064340296],[8.408750174334205,39.37098134752073],[8.408205179006595,39.37090649167736],[8.407951007916196,39.37076102959957],[8.407676285122841,39.37030009009579],[8.407144276374542,39.37006310481442],[8.406634190651415,39.36997940878317],[8.406426917913352,39.36978011836879],[8.406279366173708,39.3693828989526],[8.406109209977501,39.368913478451496],[8.405937147364272,39.3686693133822],[8.405497946599052,39.36844180499056],[8.405072198120362,39.36826113550301],[8.404838651330087,39.3681591062506],[8.404457037878158,39.367985951679344],[8.404235284685742,39.36782316481731],[8.40411093884208,39.36773188240578],[8.40386884890133,39.36753319303082],[8.403842250704715,39.36751414243113],[8.403809709941994,39.36749155802367],[8.403568656635967,39.36734164820161],[8.402815058369349,39.367229655946396],[8.402327140580159,39.367272203587106],[8.401862667797857,39.36728783851873],[8.401422795585052,39.367141406610266],[8.401348337165993,39.36711462497104],[8.401133443465618,39.36704080120142],[8.400762914312343,39.366930766397175],[8.400148851074864,39.36679244325567],[8.399800769437595,39.366772627103636],[8.399113186933475,39.36691662970128],[8.398779009261572,39.36698566731791],[8.39865771930645,39.36701145635338],[8.39855880084363,39.36703282400573],[8.398461135070459,39.36705376373393],[8.398355181729292,39.367076482494035],[8.39824923287874,39.3670992110924],[8.398142899991974,39.36712231335358],[8.398050471885112,39.367141749809804],[8.39766096867223,39.367221117107476],[8.397486725771602,39.36727847639603],[8.39738487637413,39.367309591855005],[8.397269883617202,39.367344627280836],[8.39723227096459,39.36735539306414],[8.39717205588159,39.36737364316751],[8.397077019443033,39.367402040883285],[8.396959972951707,39.36743719601584],[8.396907932585469,39.36745165790018],[8.396853860830952,39.36746826278703],[8.396659971274795,39.36753130296203],[8.396417918080713,39.36757886764847],[8.396318166098153,39.36759939197396],[8.396196992849399,39.36762515110902],[8.396071628411546,39.36765243730366],[8.395975136928024,39.36767338463746],[8.39588599028505,39.36769526207899],[8.395794196021816,39.3677387846956],[8.395733920305535,39.367766682381415],[8.395484300306215,39.36790364681371],[8.394858546890042,39.368443858722],[8.394796441132852,39.36852159351657],[8.394748949579828,39.368580632325724],[8.394710684365108,39.368630691299295],[8.394646383560652,39.36870245132096],[8.394573988394031,39.36875532154231],[8.394553200292473,39.3687752396363],[8.394511599386549,39.36879965119237],[8.39444410668715,39.368845502285886],[8.394361521084845,39.36890252643283],[8.394302856706702,39.36894273494395],[8.394036057276319,39.369149475656414],[8.393591325735791,39.369335495784895],[8.39299899064418,39.36936845028132],[8.392546189991242,39.369375098177095],[8.392208924080732,39.36944542169451],[8.391615180090383,39.36964055228684],[8.391469665721285,39.36971004592566],[8.391400345400461,39.369740230520655],[8.391330693660006,39.369770339452955],[8.3912466825017,39.36980715646806],[8.390892723197782,39.36995214415561],[8.390578513245494,39.3700406049746],[8.390264615964185,39.37009302475163],[8.389846242775493,39.370144895023095],[8.389497833959902,39.370161089039],[8.389113813156918,39.37026720098372],[8.38862335217559,39.370598017712155],[8.388261365524832,39.370839401897804],[8.387818667679346,39.371017285602555],[8.387285461826911,39.370924373392654],[8.386903247117568,39.37082324368018],[8.386329981143305,39.37066451647198],[8.386223367805831,39.3706335936033],[8.386135135270388,39.370611156545145],[8.385713121119386,39.37051809198079],[8.385638080078646,39.37050561700739],[8.38558271811914,39.370491896092894],[8.385117825991001,39.370552515295884],[8.384419339715452,39.370774087589986],[8.38309319429371,39.37108243577045],[8.382313356274313,39.371312573840385],[8.381858476922375,39.3715534448872],[8.381543056331113,39.37177703405738],[8.381029330585854,39.37210769492093],[8.380726548477359,39.37221421118372],[8.380272134640165,39.37240101438682],[8.38022057533841,39.372474499372835],[8.380083175837749,39.37267032634994],[8.380025227036521,39.37275291493119],[8.379919408891753,39.372903729535615],[8.379749508228315,39.37311907843628],[8.379438021536258,39.3735138837704],[8.37942706036956,39.37356653144738],[8.379341320934904,39.37394587674213],[8.37919402401096,39.373863995847636],[8.379101590127668,39.37381394397282],[8.379027942478624,39.373773003851845],[8.378925390805,39.3737183925069],[8.37886247995072,39.37370221324764],[8.378841422778843,39.37372378863424],[8.378795234450006,39.3737792676753],[8.378610591275686,39.37386989242978],[8.378489387868134,39.373954845624425],[8.378378255155395,39.37403539400864],[8.378346069399326,39.37405728199457],[8.378286815112117,39.37409807751755],[8.378236111056173,39.3741174354517],[8.378060369240343,39.37416925647204],[8.378008182270058,39.37418471647337],[8.377899323102245,39.37421750466798],[8.37781805897494,39.3742170701882],[8.377697310142747,39.37423299061831],[8.377663237472987,39.37426325095078],[8.37762931952841,39.374290072727156],[8.377576332594987,39.374328398241175],[8.377492551377586,39.3743734539615],[8.3773590306098,39.37444279846505],[8.377329718761754,39.37445738578064],[8.377260200873499,39.374492652772105],[8.377221066951659,39.37451274798044],[8.377182692398648,39.374473902131726],[8.377155333030093,39.37444709762097],[8.377061387480692,39.37444729756557],[8.377061067181454,39.37448333853599],[8.377095494447184,39.3745285752881],[8.377106463104226,39.37460071937283],[8.377269654962442,39.37462996742652],[8.377290436285465,39.374684875231715],[8.377325595295323,39.37476408245587],[8.377240708917704,39.37484472422543],[8.377197521171778,39.37487638905538],[8.377163412151976,39.37491407743907],[8.377103180261486,39.374970135698135],[8.3770832742273,39.375087166953094],[8.377054260742828,39.375249202796596],[8.377016389618925,39.375591402797646],[8.376768530280353,39.375770275413785],[8.37668940727878,39.37580590599919],[8.37669904471668,39.37586452607064],[8.37665820982521,39.375910246423274],[8.37660291064675,39.375985654213686],[8.37651263614433,39.37610074228208],[8.376461218680959,39.376159095583944],[8.376435049218587,39.37619607750126],[8.376395165873666,39.37625485931556],[8.376368792101667,39.3763210590161],[8.37635259375478,39.376360855220994],[8.376336948460079,39.37639786288256],[8.376304886473418,39.376488758253444],[8.376293191423121,39.376528574981855],[8.376272398895898,39.37657254281681],[8.376215724776262,39.37671793160057],[8.376189166802913,39.37677426358595],[8.376173361067504,39.376803970820674],[8.376131444688783,39.37682578618788],[8.37608310194323,39.37684800680322],[8.376036294764317,39.376867797345895],[8.37598463169031,39.37688790513535],[8.37588994381341,39.376927945314534],[8.375524986999222,39.376828731550454],[8.375497642725286,39.3767579844202],[8.375479813425244,39.37670047996753],[8.375429015601082,39.37653801620957],[8.375348392381216,39.3764654989986],[8.375269219364474,39.37639298861616],[8.375164167253239,39.3762933081157],[8.375134986719038,39.37624809898172],[8.37508829981239,39.37617576292043],[8.375003885055962,39.3760401504294],[8.374773305700973,39.37585870017016],[8.374703765553983,39.37580246126096],[8.374613427850914,39.3755604916636],[8.374567472736501,39.37550618065813],[8.374428724397987,39.37544236104353],[8.37429235446458,39.37542635204688],[8.374159070105916,39.37541051807364],[8.373953228323913,39.375385739774785],[8.373768890872613,39.375389253205206],[8.373616479109094,39.37539293820439],[8.373603354190992,39.3753247252708],[8.37357068421376,39.3751584160928],[8.373562953944644,39.37511013856378],[8.373590240633028,39.37509064760524],[8.373622852013218,39.37506760085868],[8.373619941414065,39.37500550168002],[8.37355077004764,39.37495106529614],[8.373458218021687,39.37491452432216],[8.373330758908931,39.37488680685979],[8.373041335620943,39.3747951411309],[8.37298345174365,39.37477680880407],[8.373042364711235,39.37468008853573],[8.373096745506299,39.37459214544096],[8.373110499078287,39.37456260687178],[8.373135085662982,39.374528010401704],[8.373175208636848,39.374508706727966],[8.373215441000974,39.37448716447803],[8.373240138288493,39.37446653602096],[8.373281468378408,39.37442894985503],[8.373252676541666,39.37436827641917],[8.373301168567712,39.37430095846679],[8.373313340463858,39.37423794932802],[8.373302860254306,39.374111745301434],[8.373233849979675,39.37403928825018],[8.373212900621098,39.37398511228678],[8.37314307315756,39.3738045236295],[8.373235845765816,39.37377894918231],[8.37335259816095,39.3737425783611],[8.373427552048287,39.373695845357275],[8.373458207307092,39.37361699854547],[8.373499200213947,39.37357667123552],[8.37353874309653,39.37353633700542],[8.373591466879716,39.373482556808696],[8.373633944928262,39.37343841331561],[8.373669100106323,39.373401879550755],[8.373740926768772,39.37344041281379],[8.373796598022313,39.37341353082377],[8.37380921203778,39.37331252779991],[8.37373996167777,39.37326710176374],[8.373670629731635,39.37323068682019],[8.37363589334214,39.37322036284138],[8.373578000543544,39.37320315619335],[8.37349689871775,39.37318469822832],[8.373465861039897,39.37308541462648],[8.373417892099337,39.37293197581337],[8.373491347537575,39.37293329401357],[8.37380098360211,39.37293403798967],[8.373842242775252,39.37292297054036],[8.373909722606307,39.37293211002384],[8.37398712779826,39.37288998708399],[8.374103859568903,39.37281852962991],[8.374200071229673,39.372794033459115],[8.374291494600733,39.37276998091744],[8.374333697543118,39.37275669183056],[8.374406605431366,39.3727386921309],[8.374395666838684,39.37270735907912],[8.374383239984466,39.37267198664964],[8.374366394642859,39.37263972978139],[8.374349615995232,39.37259909154094],[8.374328331851588,39.372544913963935],[8.374304185743343,39.37248621475612],[8.374272234518411,39.37218145875459],[8.37436114355039,39.37213270068348],[8.374406237141129,39.372108318750435],[8.374458235552137,39.37213563030984],[8.374528048032163,39.3721179842292],[8.374586623226232,39.37202427627967],[8.374524455607974,39.37187017318108],[8.374500309559858,39.37181147400773],[8.374473532627828,39.37174759937216],[8.374509497917824,39.37173943890221],[8.374588945351169,39.37172287359127],[8.374802690798804,39.371669145363505],[8.374852938070692,39.37167852420656],[8.374899711238607,39.37167898902744],[8.374936308670224,39.37167504881682],[8.374969835744624,39.37167094432801],[8.375055908200626,39.37167029019009],[8.37514740612654,39.371661770869586],[8.37526301050603,39.37171645472399],[8.375389663003943,39.37183427248996],[8.37547052181156,39.37187975985702],[8.375539611429812,39.37194320445892],[8.37559733430362,39.37197955690489],[8.37564360894588,39.37199782654844],[8.37572478906651,39.37200727276419],[8.375804315804016,39.37198258572856],[8.37580685288138,39.3719176071431],[8.375772507953409,39.37186335886091],[8.375772748652368,39.37183632812755],[8.375819665054344,39.371782516645766],[8.37578637675549,39.3717399879118],[8.375750654411416,39.37171006195678],[8.375728085681777,39.37162561448069],[8.375670116596122,39.37162853380481],[8.375623440931733,39.371655315395216],[8.375553788541362,39.37165494164539],[8.375496147384215,39.37160957893999],[8.375427056969581,39.37154613430538],[8.375383249273412,39.37148282534189],[8.37528960031966,39.37133815272107],[8.375219522062952,39.371292723108276],[8.375191489857054,39.37127455124645],[8.375125142743086,39.37122914251139],[8.37501260093889,39.37115645271421],[8.375050971626242,39.37108457428681],[8.375118122850585,39.37103988242693],[8.375109273129809,39.37097450750359],[8.375154312838541,39.370886896168756],[8.37523942589929,39.37077871864885],[8.375290563223988,39.37071082021333],[8.375365675000976,39.37061771242449],[8.375392786932505,39.370577189164976],[8.375440922896285,39.37050891232102],[8.375411186415924,39.37046614843472],[8.37536018700699,39.37041944987938],[8.375359239139907,39.37039241276059],[8.375356716906534,39.370320314706625],[8.375414433496942,39.370248539991685],[8.375453488156424,39.3702082015586],[8.375520598158081,39.37016801367324],[8.375556145909727,39.370087109237666],[8.375664584085467,39.369943522042846],[8.375688304698981,39.36991211193438],[8.375767583145707,39.36980891534216],[8.375802649094997,39.36978207140794],[8.37589567573427,39.369764549011485],[8.375930661405942,39.36974671528589],[8.375861653784407,39.36967426065882],[8.37581735308811,39.36959743317897],[8.375840597630328,39.36950172929292],[8.3758678518505,39.36946705010141],[8.37595676552472,39.36942247355844],[8.375977027420792,39.369331994257415],[8.376038906166954,39.36932379745865],[8.376119465086408,39.36931178293491],[8.376162630962357,39.369302463031694],[8.376197056214355,39.369295913896956],[8.376266682757239,39.36928796935941],[8.37638819499913,39.36920853188592],[8.376400123898655,39.36917255399639],[8.37636553937885,39.36914533661996],[8.376424222092465,39.369073566562086],[8.376378029310013,39.36904628698378],[8.376321048863415,39.369059546285435],[8.376270935738447,39.36907377046794],[8.376237379258606,39.36908211109964],[8.376154050698325,39.369103654969706],[8.376145083407918,39.369049973531],[8.376136898515263,39.36901169193238],[8.376129589344014,39.36897049466669],[8.376121471654848,39.36892792434339],[8.376112224411742,39.36888522631919],[8.376103716837468,39.3688336378178],[8.376146879937629,39.36878989440457],[8.376168454495122,39.36876828441452],[8.376197017014016,39.36874099280176],[8.376226013706018,39.368716438250445],[8.376250779981635,39.368695293184196],[8.376294248560683,39.36865881846557],[8.37633226771852,39.36862837060272],[8.376378548897021,39.368622449021565],[8.376428229082123,39.36862305765437],[8.376485562008504,39.36859100751249],[8.376521574539725,39.36856949373757],[8.376522015231796,39.3685199382588],[8.376580333263279,39.368489102580625],[8.376640930266712,39.36845758886272],[8.376853679190045,39.368470534108496],[8.376893756075962,39.36849039199422],[8.377032573083714,39.368545198401854],[8.377114309762232,39.36849157276135],[8.377080206779109,39.368410294989744],[8.376976053274776,39.36837369468801],[8.37692280696419,39.368323850857784],[8.37716297572982,39.36824044877096],[8.377267776327987,39.368204054139646],[8.377368056771099,39.36818657027349],[8.377371769702814,39.368258674686125],[8.377558138096344,39.36818758715024],[8.37765139262885,39.36814423453899],[8.3777411039467,39.36815269144319],[8.377870305022075,39.36816672977081],[8.378126933430963,39.36819062817597],[8.378242694296222,39.368227288567105],[8.378312167190213,39.368280252382796],[8.378427225643746,39.36836343368778],[8.378577971269404,39.368382260147165],[8.378653776038439,39.368357672903656],[8.378555793118013,39.36826500375651],[8.378440032030888,39.36822834277424],[8.378359015660987,39.36820087887056],[8.378324356105939,39.36818209116265],[8.37827507487654,39.36815537702245],[8.37822471115485,39.36812807588849],[8.378306572808338,39.36807747946184],[8.378553919070775,39.367923091546494],[8.378641306114526,39.367868811086474],[8.378827330293781,39.367752849175126],[8.378907112363805,39.367703125167644],[8.378955736457153,39.36767243929092],[8.379026102001577,39.36759171865795],[8.378991756636927,39.367537472183784],[8.378941092266947,39.36752368577689],[8.37892154377525,39.367338864252446],[8.379082462426705,39.36729016422855],[8.37919134278251,39.367259207744645],[8.379290822639058,39.36723622683252],[8.379354257074885,39.367238777294105],[8.379441704789755,39.36725512047911],[8.37952779700602,39.36730605559209],[8.379605231391825,39.36728565376201],[8.379658528013234,39.367277195722636],[8.379782038956739,39.367271368178464],[8.379865060268575,39.367326582969085],[8.379914982581239,39.367328853872344],[8.379969296725427,39.36726335537795],[8.380073554114235,39.367288067568154],[8.380105410913256,39.36729561792286],[8.38016241526608,39.367310926158225],[8.380227015196398,39.36732780303117],[8.380340865017516,39.367359730464415],[8.380514391126747,39.36732032253084],[8.380622018896494,39.36726683223109],[8.380650465821725,39.367253411745146],[8.380747583850164,39.36720442569899],[8.38085026783755,39.36707882340739],[8.380934981457061,39.367016200212355],[8.380958833829558,39.36694424162747],[8.381003198926354,39.366849866340615],[8.381017986098994,39.366818408501864],[8.381077139322272,39.36669257444694],[8.381100673301015,39.36665665687352],[8.381043588201212,39.36654822594437],[8.380951203483809,39.366493671318494],[8.38084713147334,39.36644806422071],[8.380990184776245,39.36636702895975],[8.381101614354892,39.366303461052084],[8.381129827830593,39.36628921022089],[8.381243783814678,39.36622490862543],[8.381489215358798,39.36603699076361],[8.381594991705722,39.366005027947004],[8.381759651205247,39.36595201173811],[8.381826640508818,39.365929906675156],[8.381915966080081,39.3659656633902],[8.381955347615621,39.36597722781887],[8.382006318903567,39.36599393310664],[8.38205428927684,39.36601118560469],[8.382095618133171,39.36602677098278],[8.38212764056933,39.36604038225138],[8.382196492405786,39.366130853759294],[8.38226226792891,39.366187098024966],[8.382299505096821,39.36620530534546],[8.38234469775217,39.36621966406532],[8.382389134938698,39.36622530001865],[8.382485812998658,39.366231506027994],[8.382701623465419,39.36621330777751],[8.382728365404674,39.36619567334869],[8.382759190022247,39.36616537712717],[8.382822944579114,39.36615164238124],[8.382870096591715,39.3661374050641],[8.382914070119606,39.36612753096752],[8.382957582344359,39.366138284373974],[8.383024619270676,39.36615533481031],[8.383147931409344,39.36618095443199],[8.383229502177798,39.366145344046494],[8.383549830156708,39.36605364289721],[8.383607754074271,39.3660376070416],[8.383788099060466,39.365986112750555],[8.383856068518035,39.365947115769444],[8.384009802567535,39.36586372837567],[8.384039652401624,39.36584639843634],[8.384081780611227,39.3658257346449],[8.384116284391013,39.36581076038239],[8.3841838019301,39.36582859752619],[8.384240049016089,39.36584484407959],[8.384392808155917,39.36586316455407],[8.384474062701596,39.365863594366694],[8.384577476121784,39.36581908787603],[8.384650300373915,39.36578793647799],[8.38472922800379,39.365752311059055],[8.3848819128627,39.36568553897425],[8.384946893885335,39.36569347123663],[8.384992874115113,39.36569694187448],[8.3850438478133,39.36570046140875],[8.385086428113267,39.3657066965431],[8.385125229770468,39.36571255126903],[8.38521821854591,39.365723357996764],[8.385238416291935,39.365759319125075],[8.385256508267119,39.36578800290746],[8.385274625411476,39.36581540640123],[8.38528905751957,39.3658438014256],[8.385356167913788,39.36587726747947],[8.385462730842379,39.36583334270683],[8.385414917680864,39.365796482482935],[8.385459400925297,39.36575302187582],[8.385404257625485,39.365688298835344],[8.385320541707072,39.365615771171065],[8.385295248875408,39.36554355296939],[8.385323319142334,39.365473735953714],[8.38535972712846,39.36548421846213],[8.385497011188324,39.365535607873255],[8.385551818695301,39.365556119059924],[8.385606810223514,39.36557815399858],[8.385636575794123,39.365593832055126],[8.38573163147082,39.36558640534487],[8.38577084708982,39.36558210699553],[8.385814088032943,39.3656027714619],[8.385854454101697,39.365595019953226],[8.385890014257514,39.36558224033505],[8.386008882521619,39.36557435246321],[8.386071011854696,39.36560013274086],[8.38610087558424,39.36567395446217],[8.386137759897657,39.36568667208858],[8.38618897292131,39.36570065108913],[8.386252356068654,39.36568585734965],[8.386298619667553,39.365678312499206],[8.38638053430107,39.36569813456034],[8.386413737576026,39.365711262499154],[8.386459491760977,39.365734075510474],[8.38649451081221,39.36575421160075],[8.386611062023684,39.365739718679826],[8.386690985303334,39.36575059502809],[8.38699364254309,39.36579579875551],[8.387074265789124,39.36586830802873],[8.387143676318237,39.36589570565752],[8.387328927631359,39.36595074524734],[8.387549552466105,39.36594289590154],[8.387583203155296,39.36592105177769],[8.387629879643402,39.3659018541474],[8.387680847150667,39.36587793494956],[8.387726601217517,39.365857351088096],[8.387762483454615,39.3658257420563],[8.387801469087817,39.36579473773738],[8.38784955400096,39.365755407638275],[8.38788703240299,39.36572631013281],[8.38791952263845,39.36569881370902],[8.387946574150073,39.365674665877116],[8.38845778402625,39.36562329023563],[8.388544324378149,39.365606191260035],[8.388603135893943,39.36559722195633],[8.388663267102906,39.36558880290017],[8.388711787721455,39.36558251061912],[8.388765104623706,39.365575048692904],[8.38880912057626,39.36556683145515],[8.38884122531678,39.36556073854002],[8.388882399165508,39.365552431559514],[8.388928878205165,39.36554223494783],[8.388975849511365,39.36553349342529],[8.38903190779789,39.36551062667957],[8.389367757368635,39.36533972843809],[8.389429208564932,39.36529846473965],[8.38951315061476,39.36523520496374],[8.389559021179348,39.36519819630305],[8.389612559462016,39.365156325126364],[8.389703891776565,39.36506216306639],[8.38974964157012,39.36501259729901],[8.389857054765372,39.36490077469009],[8.389847840430344,39.36480990132336],[8.389802014270135,39.36477048976825],[8.389698587942457,39.364769290523974],[8.389653923282456,39.36473301351365],[8.389603492920418,39.36469220089853],[8.389740228028531,39.364603312114205],[8.389848661660253,39.364531295977336],[8.389942619799259,39.364405639801305],[8.389883796835086,39.364162044558306],[8.389864189266216,39.36408084643615],[8.389874508557009,39.364018973660706],[8.389883819272917,39.363950809737354],[8.38990120684404,39.363828742946815],[8.38984534708363,39.36377575375215],[8.389786074238867,39.36372001188847],[8.38970505851586,39.363692554967834],[8.38964694286754,39.36370126086805],[8.389610949909256,39.363709274518676],[8.38954242629227,39.363723740374446],[8.38954761420032,39.36361063384493],[8.389578632746192,39.36354772260984],[8.389556359156309,39.36343947836722],[8.389512711158424,39.36326626212484],[8.389534870036547,39.3632411313076],[8.389510630157096,39.363197961871336],[8.389477696104633,39.36314171465323],[8.38940690606683,39.363132043312866],[8.389129949965781,39.36308582651226],[8.389072227249462,39.363049480726126],[8.388966036671187,39.36308046062948],[8.388864269836501,39.363046301040605],[8.388802568209142,39.36307173946806],[8.38859391012637,39.36302177300401],[8.388434379663982,39.36298305559583],[8.38842371531754,39.36287487213951],[8.388331092642389,39.36284735416462],[8.388226516913612,39.36289161463238],[8.388122163543112,39.36284625582457],[8.388072201885782,39.362800939656466],[8.388037228067574,39.362769218322455],[8.387958058248094,39.36269671732883],[8.387857321607871,39.362601576105135],[8.387822858043736,39.36239415067346],[8.38781547913908,39.36234905838965],[8.387802195732938,39.36226789317061],[8.38771349188574,39.362228390372294],[8.387666663418617,39.362242146598064],[8.387594758624518,39.36226229639003],[8.387465669005296,39.36225711164944],[8.387491085827355,39.36200494780703],[8.38746623797784,39.36189668959637],[8.387435176241612,39.36176136658767],[8.387436278111714,39.36163522356783],[8.387396443546491,39.361534178803964],[8.387379423289591,39.36149976566872],[8.387377785397584,39.361445692878426],[8.387370413731672,39.36120236711178],[8.387444898393277,39.360976709686874],[8.387621202398776,39.36072950372064],[8.387622323563514,39.36060110810348],[8.387646935164128,39.360461226708935],[8.387624556036792,39.36034544314585],[8.387680594494809,39.360241862701145],[8.387735537553409,39.360146600545875],[8.387755667613291,39.36010572129615],[8.387682644274234,39.360007227731806],[8.387646780523282,39.35996035640732],[8.387684172863596,39.35983215162125],[8.38773089857115,39.35979660877391],[8.387759957215916,39.359774837724345],[8.387913523529413,39.35965923721926],[8.387953974044285,39.35968169016863],[8.38804361199218,39.35963986354348],[8.388127016239222,39.35962948925389],[8.388220340820927,39.359575915705804],[8.388232576350488,39.359503895344204],[8.388267632371939,39.35947704752834],[8.388221676980285,39.359422742666304],[8.388123124088771,39.359377668440075],[8.387896926670848,39.35939400293329],[8.387856757941067,39.35940232117731],[8.387773370378639,39.35942038419056],[8.387688995950953,39.359279732021875],[8.387643233073666,39.35920344454348],[8.387687746501381,39.35914963529412],[8.387806118919988,39.35915924892484],[8.387863836635436,39.359195595326845],[8.387917318616255,39.35924580941368],[8.388002879960881,39.3592233578036],[8.387990455245694,39.359196261269965],[8.387957319257191,39.35912400141915],[8.387923914627633,39.358961634961005],[8.387924700977859,39.35887153210898],[8.387994655329429,39.358835858114844],[8.387973867315232,39.35878659542917],[8.387922507024895,39.35879042518082],[8.387920615330373,39.35874916425145],[8.387946634316291,39.3587294352067],[8.387972280348682,39.358709613186576],[8.387960052225804,39.358683409740685],[8.387915453385949,39.35860116520293],[8.387950980847524,39.35852025666194],[8.388044697158223,39.35842163270466],[8.38804607152774,39.35830309516676],[8.38805783567884,39.358270459900275],[8.388068931592516,39.35823871678226],[8.38808835094257,39.35818156129966],[8.388140929718883,39.35803468130156],[8.388222724242382,39.357972037311704],[8.388281228233625,39.357918280641755],[8.388198292424889,39.35785296853017],[8.388119603269034,39.35781831416782],[8.3881666579424,39.357746476855695],[8.388225160625199,39.35769272020463],[8.388132467411385,39.357674211494135],[8.388062592901221,39.35770087620155],[8.388098198333113,39.35761095731075],[8.388122354464144,39.35750295680895],[8.388134228308303,39.35745759449133],[8.388094374041046,39.357433990463484],[8.388060548881601,39.35744199792878],[8.387967121701672,39.35748077436355],[8.387913440132861,39.35750185821201],[8.387866622445461,39.3575466645685],[8.387808433037648,39.35756437988504],[8.387757592594271,39.35746767180235],[8.38772706075374,39.35741220169057],[8.387708386493827,39.357378415134],[8.387688629384192,39.357327471007345],[8.387787579619545,39.357293951858445],[8.38783439835473,39.35724914463597],[8.38778828745059,39.35721285927044],[8.38770709909816,39.35720612465476],[8.387672303597553,39.35720323837097],[8.387625957955303,39.35719398471115],[8.387556241100318,39.35720262764339],[8.387483663133155,39.35720675102573],[8.387348037176157,39.35712043636172],[8.387253853645088,39.35710642445722],[8.387174100520104,39.35710149916694],[8.387127885075586,39.357077227858625],[8.387074637359154,39.35704867185075],[8.38702797896701,39.3572201205125],[8.386679002102426,39.35713068977057],[8.386622411703685,39.357117799966474],[8.386570496308119,39.35710732982137],[8.38653082265731,39.357108808398166],[8.386473786867718,39.35711353569892],[8.386425619732393,39.3571186791687],[8.386384345545506,39.357124926730734],[8.386292438706349,39.35713448182723],[8.38622898546105,39.35713986898979],[8.386203040043435,39.3571176487259],[8.386075481885253,39.35697293893387],[8.386130956930796,39.35693381064999],[8.386297380551534,39.35681642382702],[8.386391677039136,39.356818386188266],[8.386505844959625,39.3567173149357],[8.386365852011153,39.3566238747703],[8.386331180010854,39.35660147335936],[8.386248908397711,39.35663201559637],[8.38620853777527,39.35664579089728],[8.386166439893735,39.35666303160033],[8.385888804389413,39.356752319968415],[8.385944881602532,39.35660847347641],[8.385971991781384,39.35653062709127],[8.385988586200577,39.35648353641201],[8.386025469845485,39.35638811123733],[8.386284640200087,39.35643460204289],[8.386379495732214,39.35638547307562],[8.38644921191732,39.35637682994086],[8.386553885021073,39.3563524292979],[8.386602024963581,39.356343963383694],[8.386567682880266,39.3563231289402],[8.386519557391477,39.35629610446328],[8.386356993900142,39.356304258109546],[8.386272967106766,39.35629029896685],[8.386318893425228,39.356240201963026],[8.386341375717135,39.356212072862554],[8.386571893539084,39.356042602911415],[8.38675506790927,39.355909889090505],[8.38681333496746,39.355883163998904],[8.386808534484835,39.355854880239626],[8.386802280208288,39.35582003173131],[8.38672401194099,39.35577979200262],[8.386542036041838,39.3557213626449],[8.386557544568978,39.355672955095216],[8.386565558940875,39.35564628150506],[8.386591131912875,39.35559438128777],[8.386626515976515,39.35551274428904],[8.386666474380206,39.35542284784579],[8.38676116639819,39.35537829422941],[8.38680633681059,39.355356005478505],[8.386873892993508,39.355354543949005],[8.386946198975766,39.355289162940295],[8.387066768031735,39.35527177659489],[8.387132208766403,39.35529987870671],[8.38719894307198,39.3552544512369],[8.38728316442743,39.355245883974554],[8.387341037234698,39.355264210059225],[8.387397459316574,39.35528252847873],[8.38749128521819,39.35533708565052],[8.387607265961476,39.35534670670903],[8.38770027057868,39.35532917465852],[8.387723765825385,39.35529686063634],[8.387759008666398,39.355248388241975],[8.38775077600863,39.35519428160648],[8.387781517097556,39.35516290585987],[8.387814070878584,39.35512703428788],[8.387867748021582,39.3551372401205],[8.38791738786932,39.35520350551758],[8.38794486143764,39.355231344408494],[8.388026023948173,39.355240781930156],[8.388135168210422,39.355198259410884],[8.388164433985013,39.35517393028685],[8.388200623910551,39.355142583074716],[8.38830623351548,39.35505110557534],[8.388376402740958,39.35499032682144],[8.388538431657901,39.354906116283104],[8.388588840940656,39.35488216575515],[8.388702860417352,39.354820839541],[8.388819076015784,39.3548034285083],[8.388888815347608,39.3547917807582],[8.388923685589251,39.35478595641993],[8.388947446962936,39.354723007144294],[8.388951550702856,39.35469599657422],[8.38895975932556,39.35464197634029],[8.389029786240606,39.354597290460056],[8.38909997116295,39.35453458485583],[8.389030963443147,39.354462136952954],[8.388898587100265,39.354402873242435],[8.388890700931075,39.35436259362354],[8.388873150270738,39.354280863565144],[8.388867348663553,39.35424644283855],[8.388814300233816,39.35401947831371],[8.388630571177483,39.353793247425905],[8.388579016702783,39.35372976557836],[8.388485058839954,39.353614072733386],[8.388446844461145,39.353567016254644],[8.388328314737656,39.353476287176655],[8.388291628669378,39.35343699779886],[8.388271101899438,39.35341609229269],[8.388239513412351,39.35338571424987],[8.38820502695584,39.353347607798725],[8.387869289241076,39.35341755771217],[8.387740144420267,39.3534205592475],[8.38735561089348,39.35342949626691],[8.387299649791364,39.353335716481354],[8.387275362492177,39.35328828510595],[8.387161078477911,39.353278273482545],[8.387100204044375,39.35327159225518],[8.386951986276202,39.35329897005628],[8.386582403153106,39.35327275681641],[8.386035645500096,39.35323669626837],[8.386000837719656,39.3532354457677],[8.38595922307554,39.35323231665336],[8.385815197418326,39.35322877505997],[8.385789546392258,39.353352985637486],[8.385777371431306,39.35340653508633],[8.385580059101326,39.353420838795714],[8.385353017201371,39.35343726396936],[8.38522572867517,39.35344642322569],[8.385244023064999,39.353396694261725],[8.38527736914417,39.35330582622268],[8.385328314016993,39.353163129628626],[8.385421685821049,39.35310355196144],[8.385468371663716,39.35307376309907],[8.385503897894775,39.352992855222574],[8.385404293532762,39.35294555648659],[8.385237285793249,39.35295540436637],[8.385109861651264,39.35292769998021],[8.385067269606038,39.35286318174348],[8.384960253300058,39.35278273902715],[8.38482644997366,39.35274732439719],[8.384853698877231,39.35272019662114],[8.385024591504852,39.352585014658835],[8.385125179220921,39.35250428036546],[8.385429974758404,39.35244318026452],[8.385524696850919,39.352425294972306],[8.385613478299367,39.35240774227444],[8.385845666230365,39.352399957072926],[8.386017756530302,39.35239190933755],[8.386156007344606,39.35241829390025],[8.38623183130864,39.35242544462526],[8.386448678296075,39.35245720190452],[8.386541396050806,39.3524306585418],[8.38657473587202,39.352423213017644],[8.38670031618094,39.35238193812307],[8.38684428830379,39.35234214854116],[8.386983317651811,39.35236991305973],[8.387169668379453,39.352295015299305],[8.387204609311555,39.35228097227459],[8.387599981141781,39.35219294720587],[8.387743692425452,39.35226964377908],[8.387776138758934,39.35228848555714],[8.38786564821087,39.35233851438414],[8.387957862644303,39.3524110850406],[8.388072003997983,39.352406568064765],[8.388248235402596,39.35238557960241],[8.388305773283374,39.35244007874316],[8.388386322730634,39.35252146509953],[8.388419823210496,39.352527125065606],[8.388606513723243,39.35255866488616],[8.388699592913017,39.352532121701344],[8.3888009590042,39.352442547900644],[8.388851641956512,39.35239776051539],[8.388899170143311,39.35237097796076],[8.389143348168563,39.352219079588096],[8.389331898247027,39.352057877212744],[8.389403529859344,39.35199517898196],[8.389429053961868,39.35197609845341],[8.38932938938961,39.35184611416701],[8.389251954484466,39.35174208556475],[8.389316861166815,39.35153315061158],[8.389347464874687,39.35143622529001],[8.389316177464716,39.35136397543586],[8.389350131496384,39.35112987781172],[8.389375765788621,39.35109396946507],[8.389420625156244,39.35103112984075],[8.389503673852044,39.350823419875454],[8.389539265996367,39.35073440142603],[8.389552265757134,39.350644363394274],[8.389563966207577,39.3505633292568],[8.389544166605837,39.350504655775694],[8.38953075750857,39.350211739989575],[8.389577914258801,39.35019396590766],[8.389648651080476,39.35016730475766],[8.389719222870092,39.35005954718387],[8.389848837842973,39.349834960747735],[8.389858193012268,39.34974490355941],[8.389869420111726,39.34963683475499],[8.390094385137935,39.34962442123399],[8.390465940471126,39.34960391757291],[8.390628802221253,39.34955971774249],[8.390675175699423,39.349565366967575],[8.39086066852862,39.34958796367762],[8.390941981381276,39.349579378517404],[8.391127662013119,39.34958035007096],[8.391255213890899,39.34959291144328],[8.39141755302959,39.349608898444366],[8.391617543664236,39.34963246992871],[8.39167239454688,39.34966429414234],[8.391756175952901,39.34964633395405],[8.391858307759183,39.349576606624595],[8.391846212121589,39.349500186625946],[8.391767031047173,39.349457544131276],[8.391721158673192,39.349394230287686],[8.391837208342407,39.3493948367618],[8.392080912775201,39.34939610998145],[8.39241344245469,39.34955464729423],[8.392521949658576,39.34960098633841],[8.392630336960933,39.34965140560834],[8.39273918949243,39.34969891133751],[8.392857020786085,39.349745423968585],[8.39301325274884,39.34978392800062],[8.393169953551892,39.34981722247037],[8.393294684459107,39.349952092754776],[8.393317348241464,39.350015284997426],[8.393421171709415,39.35008791187499],[8.39342047057614,39.350169003746544],[8.393500693297831,39.350286560213156],[8.393536930446183,39.350290128065225],[8.39360506136544,39.35029611476592],[8.393671782503919,39.35026513753999],[8.393777791149368,39.35021591909186],[8.393831336229864,39.35018990111937],[8.393934611028941,39.350148797754635],[8.393984565597249,39.35007678294251],[8.394004397624034,39.35005150392606],[8.394107351337395,39.34992028347904],[8.394134041340768,39.349831408276664],[8.394036522164837,39.349778749259556],[8.39398210833401,39.34964030194043],[8.39416927781345,39.34953151507022],[8.394296144600371,39.34956084118886],[8.394413041470125,39.34953365324959],[8.394449274962534,39.34949847742524],[8.394528154768313,39.34940436180398],[8.3945633199411,39.34936399652051],[8.39461637415126,39.34930787082585],[8.394740701532932,39.34914979009628],[8.394811117606151,39.34905892367623],[8.394841062812887,39.34895095169074],[8.394866889334557,39.34893472161501],[8.394938096130552,39.34888965438976],[8.394969054069914,39.34887052158433],[8.395068602500018,39.34880796403379],[8.395150380034941,39.348745314944104],[8.395174056046125,39.348691374585876],[8.395322582401187,39.34859302846445],[8.395407240238976,39.348566437024054],[8.395477568686776,39.34848570588869],[8.395522266567903,39.34842286392829],[8.39556508118509,39.34836267213311],[8.395706646813313,39.34816363874387],[8.395806213999075,39.34788820513469],[8.395957378269438,39.34734835115841],[8.39558181254764,39.347330632603466],[8.395463563726855,39.347248922878],[8.395210630133496,39.34737810023299],[8.395057045862323,39.34745630802422],[8.394941154734013,39.34743768415575],[8.394755882975078,39.34738996240575],[8.394512714967197,39.34732732829408],[8.39438091421628,39.347135165661236],[8.39437600007213,39.34706530791849],[8.39436799296246,39.34695150682369],[8.3943964387187,39.346849158810336],[8.394439301558108,39.346757022861055],[8.394273507932246,39.34663789531861],[8.394317090220339,39.346614468993145],[8.394474777947252,39.34653064190206],[8.394572592919017,39.34647806320691],[8.394601420162585,39.34646164154386],[8.394623878453782,39.346380661879785],[8.394617237783287,39.3463096688173],[8.394595848477575,39.34626675663727],[8.394545332315063,39.346237209917476],[8.394527388181906,39.346165030804904],[8.394455606183662,39.34587631699376],[8.394331831086282,39.34576303983141],[8.394274817837617,39.34571318415873],[8.39419916156253,39.345649716240594],[8.393875932443583,39.34571110751151],[8.393648671392022,39.34575385101522],[8.393603688720516,39.3457141614125],[8.393461452958851,39.345596315119984],[8.393519621201495,39.34541190026018],[8.393345672797219,39.345397477622264],[8.393212748350871,39.3455037861064],[8.393081031495143,39.34547043545809],[8.393032543230015,39.34537415894668],[8.392985482378934,39.345280713818596],[8.393033937398672,39.3452129869385],[8.393097077140146,39.34512473539887],[8.393097681106475,39.345054906355955],[8.393035776428464,39.34500051920661],[8.393001577154072,39.34492938231749],[8.39300202532371,39.344877573904526],[8.393037072157346,39.34485072451348],[8.393095482326718,39.34480597549817],[8.393247350267353,39.34468962882754],[8.393340495163377,39.34465407238482],[8.393364482733746,39.3445640901897],[8.393291110323961,39.344493875535996],[8.393213998251472,39.344520505707045],[8.393082935909844,39.344411694570795],[8.393091419475235,39.34435542179141],[8.393126024972023,39.344125830602394],[8.3930449062049,39.34394516790601],[8.393029051343476,39.34390618592985],[8.392896896889852,39.3436155342772],[8.392825626689131,39.34363768930715],[8.392699988504807,39.3435728324038],[8.392692952686616,39.34345227815903],[8.392675986599043,39.343161596473905],[8.392703916619716,39.34311894126923],[8.392803389130286,39.343022595866294],[8.392858469008555,39.34300260907182],[8.393011471335916,39.34294709097568],[8.393053591814539,39.34294084633929],[8.393150903468483,39.34292641758213],[8.393248739566017,39.34285146373328],[8.393333957964543,39.34272575870269],[8.393357789060513,39.3426537980143],[8.393332942960924,39.34256356125315],[8.393401177516473,39.34250084271919],[8.393489069631412,39.342518581532374],[8.393671862570697,39.3425421670729],[8.393714013525374,39.34255653709361],[8.393914026115935,39.34259293509687],[8.394021317171301,39.34263774633047],[8.394093538928537,39.3427225483241],[8.394167365103135,39.34280218466487],[8.394228265997281,39.34285214894788],[8.394283843374208,39.342919929433755],[8.39436546030677,39.342875301432265],[8.394528167957484,39.34284686311457],[8.394474166564121,39.3427170538985],[8.394437401906242,39.34256030306029],[8.394421001228286,39.342490384600744],[8.394547726626918,39.3425577737226],[8.39463036944739,39.34260185425774],[8.394808245037908,39.342664728038],[8.394860994790184,39.34269025577064],[8.39495373477558,39.34274284694193],[8.395118269326783,39.34271026605277],[8.395084536193268,39.34258506871196],[8.395200413487462,39.342560883301275],[8.395313428183591,39.34258487497034],[8.39539815384533,39.34257771727665],[8.395445380862666,39.3425647564742],[8.395447961943946,39.34249347070589],[8.39537060655391,39.342402962515344],[8.395289961651448,39.34231243718166],[8.395189748658213,39.34215873502068],[8.395260102559467,39.34211404785423],[8.395382273943687,39.34203644422892],[8.39542894576659,39.342006797185455],[8.395533458200273,39.34199832928667],[8.395487974120044,39.34188996523083],[8.395427244940707,39.34181386417226],[8.395384638524044,39.341761992459595],[8.395327229380461,39.34169089603219],[8.395338966309,39.34166392482448],[8.395386422971056,39.34155487303163],[8.395441176830328,39.34142905231059],[8.395388028475562,39.3413685214942],[8.395251423289702,39.341212937197],[8.395215657239923,39.34117220307831],[8.395170057688711,39.34107735437845],[8.395207120658691,39.3408162385408],[8.395265101270146,39.340762475432435],[8.395394281720048,39.34064268841548],[8.395429374536777,39.340610147339035],[8.395499771310385,39.34052040658672],[8.395395377423675,39.34051550405732],[8.394822852239784,39.34048873037417],[8.394701078165442,39.34032098685914],[8.39472525482007,39.33985860353486],[8.394728552283137,39.339795546471386],[8.394826529304847,39.33985022664907],[8.39486572786028,39.33986757156616],[8.39508525942549,39.339808664322405],[8.395112629257314,39.33966238309533],[8.395109986425059,39.339464135083446],[8.395152398361375,39.339423807201236],[8.395199913822848,39.33942924429368],[8.395384749879039,39.33944594364314],[8.395472006243146,39.3394595092927],[8.395656994590729,39.339480235896836],[8.39574306654076,39.33950549743008],[8.39585685825878,39.33954759516463],[8.39596834529965,39.33959376809518],[8.396146910324326,39.33973248584492],[8.396202418264018,39.339776169493305],[8.396266272762938,39.3398189421733],[8.396337016673394,39.339866974070816],[8.396363935003157,39.33988513514079],[8.396400118510403,39.339894333522764],[8.39655221998494,39.33994017586682],[8.396676917909225,39.339922800851795],[8.396672027634677,39.33986871111738],[8.396666321348524,39.33980560732241],[8.396562975547562,39.339678922233894],[8.396436345699007,39.3395611270433],[8.396392410914473,39.339428743313846],[8.396442229797213,39.33921424709311],[8.396487408398542,39.33902075242439],[8.396494567262115,39.3389667251508],[8.396502919827446,39.338903694234354],[8.39654736091755,39.3387957967657],[8.3964246214535,39.338563135777356],[8.396426681721076,39.3385158410147],[8.39644629574095,39.33806540966564],[8.39644992485985,39.33798207919778],[8.396578931528573,39.3378230922957],[8.396694744875559,39.33768036521184],[8.39685178368708,39.33761697850868],[8.397158751224184,39.33749354576157],[8.397243402349384,39.337498248047275],[8.39747653922419,39.337510960045144],[8.397742395459328,39.337461411806615],[8.397846995442793,39.337441917624304],[8.397936995741732,39.33743337336508],[8.398325949361544,39.33743989000337],[8.398582211178601,39.337625932685434],[8.398761057105586,39.33775721586854],[8.398797443487528,39.33774128451602],[8.39890148203444,39.33769563463116],[8.399013190857836,39.337647500350734],[8.399128668699309,39.337600821730774],[8.399210545724262,39.33756796593777],[8.399466167966237,39.337462784519786],[8.399554955931501,39.33744293419257],[8.399645927940076,39.337426984096176],[8.399752489369352,39.33740615121176],[8.399844605297023,39.337387635194986],[8.399935710629698,39.33736951126849],[8.400048905887965,39.33735055410677],[8.400484276091385,39.337228013130094],[8.400563796731719,39.33718562169693],[8.400646011134773,39.337141793351506],[8.400680981075416,39.33712315089182],[8.400803762182546,39.337190011046246],[8.40086723343667,39.33722322696732],[8.401023392258107,39.337280346885734],[8.401224771381912,39.337307591661435],[8.40135226285984,39.33732483982814],[8.401435496309983,39.33738176791313],[8.40150855292943,39.337430734886766],[8.401579344425274,39.33747877197458],[8.401762402816868,39.33760151111953],[8.401976257995155,39.33774577086485],[8.402079108001637,39.33781515209315],[8.402276898214811,39.33775309283614],[8.402381427432992,39.33774167864632],[8.402552739873068,39.33772297238324],[8.40264857994418,39.3377099481866],[8.402962265300644,39.33768994630242],[8.403054917475524,39.33768500066403],[8.403165509092746,39.33764291818328],[8.403257210870834,39.33760494225978],[8.403392555962707,39.33755157166784],[8.403486945251213,39.33753854024411],[8.403559085944284,39.33752670489747],[8.403697519070958,39.33750808165856],[8.403822404767245,39.33749069992671],[8.40412466151587,39.33742423197176],[8.404182787035358,39.33741144954384],[8.40434660359358,39.33742129873999],[8.404530725681518,39.33743125159042],[8.404635229139803,39.337422775445354],[8.404705168892248,39.337385288076135],[8.404751794192215,39.337360296466905],[8.404810650265672,39.33726148023595],[8.404909971613261,39.33721423207308],[8.405002864146898,39.33717235650288],[8.405113550542781,39.33711885874514],[8.405206450391375,39.33711032277901],[8.405287716028429,39.337105536133414],[8.405347212919837,39.33710203127739],[8.405450266573657,39.337093546991504],[8.40554377684107,39.33701292886985],[8.405544616271607,39.336913815035956],[8.405480979551646,39.33676030925742],[8.405469283185026,39.33673209095596],[8.405626396278485,39.336725208109776],[8.406006891644479,39.33670810180674],[8.406347277345537,39.33667462442666],[8.406451987452414,39.33664168985077],[8.406530518806523,39.336616989075765],[8.406632310502701,39.33658597135899],[8.406742843600016,39.33655049183695],[8.406906315943282,39.33660088399987],[8.406985761055047,39.33665108033265],[8.407031835170143,39.33667991605266],[8.407101086761905,39.3367235194798],[8.407135568311993,39.336762471033445],[8.40733306993385,39.3367337116834],[8.407321043639586,39.336612007267746],[8.407536025350721,39.33633072769945],[8.407615691357949,39.33624326585292],[8.407741593467223,39.33610504474283],[8.40804685168069,39.33602550184304],[8.408197174232601,39.3360872419277],[8.408257880795233,39.336112176023725],[8.408497843005419,39.33620800759986],[8.408622042027822,39.336271713879064],[8.40873222771126,39.33632633719933],[8.408775147203658,39.336347614217395],[8.408879142987237,39.33639916933731],[8.408980174676792,39.33645825130293],[8.409019770715055,39.336482053284826],[8.409115825877828,39.33654003578433],[8.409199246489008,39.33657523169081],[8.409361323803841,39.33664490532318],[8.409596854048868,39.33660104657357],[8.40966453831408,39.336586159925005],[8.409759939719546,39.336567835629864],[8.409887229885767,39.336566476163334],[8.40993380598454,39.336547053559904],[8.410015316143332,39.336513061941396],[8.410148484370737,39.336545274464925],[8.410258219606833,39.336604399429426],[8.410432187876015,39.336614291494286],[8.410491478563115,39.33661370694723],[8.410581676001854,39.336607635458336],[8.410977751548417,39.33659002141568],[8.411093605995127,39.33661140173388],[8.411278973957192,39.336645609827386],[8.411545463322716,39.336692010223864],[8.41167300312742,39.33670366788387],[8.411858516172627,39.3367206247254],[8.41225358578707,39.336654539692375],[8.412381402235063,39.33663315919039],[8.412707415251226,39.33649964439776],[8.412835106253048,39.3364932097807],[8.4130324474969,39.33648326337962],[8.413230553268331,39.33655522092908],[8.41341520002779,39.33650227820529],[8.413566406413324,39.33645892263868],[8.413803422956631,39.336362172503726],[8.413904470786107,39.33627140164836],[8.413917432936426,39.3361998414296],[8.413934777572464,39.33610703071463],[8.41395306429157,39.3360103366035],[8.413999450403518,39.336013492331524],[8.4141942605192,39.336027051953884],[8.414382518109488,39.33603951771838],[8.414579448664497,39.3360335583824],[8.415150475039423,39.33601635939194],[8.415150873573285,39.33606141510841],[8.41519351515326,39.336142725144924],[8.41535542982151,39.33620661374418],[8.41540191551441,39.336197836487344],[8.41558347303779,39.33616721062714],[8.41575438376517,39.33613789887263],[8.415820068227239,39.33614587147031],[8.41588983584937,39.3361282001239],[8.415966190940285,39.336015949889045],[8.416088658737845,39.33593997391416],[8.416123691159557,39.335913117423964],[8.416217113906347,39.33584150098021],[8.416264273639971,39.33575163096754],[8.41627685061189,39.33563455527512],[8.416265922132352,39.33555340467479],[8.41621988659704,39.33550812007334],[8.416244433462394,39.33546318946544],[8.416296799717141,39.335367129933786],[8.416325929323449,39.33531402161057],[8.416455536557464,39.335076789610994],[8.416480566953423,39.335031861373395],[8.416514016672616,39.33501400757038],[8.416901778175573,39.334808705418475],[8.417077411165792,39.33476903768593],[8.41747859432184,39.33464765301],[8.417585257221553,39.334568839946435],[8.417678676692947,39.334497221387466],[8.417793072052616,39.334344612760766],[8.417854658483556,39.33426382407904],[8.417962385762246,39.33412019267465],[8.418002784108234,39.3340663301984],[8.418068686785789,39.333980175454506],[8.418183188212183,39.33382394373558],[8.418209779378698,39.33376550769446],[8.418251172369697,39.33367110263715],[8.418289552616907,39.333590198628094],[8.418337934499434,39.3335273651802],[8.418417109949182,39.33342413811269],[8.418662726434748,39.333239895958386],[8.418695281719904,39.33328070242959],[8.41884979969662,39.33345684479595],[8.418930940689155,39.333550601238684],[8.419163927698296,39.33361371299898],[8.419241097339995,39.3335773477251],[8.419584950798397,39.3334153159444],[8.41962985875694,39.33339414925437],[8.419616104881179,39.333360432738736],[8.419588508614401,39.333308340961004],[8.419579731209687,39.33322720135734],[8.419562908394406,39.3330716829555],[8.419640373924668,39.333037323778655],[8.419775452413058,39.33297587800229],[8.420120436150619,39.33282441625154],[8.420187243889892,39.33263777781162],[8.42037472040804,39.33259140510281],[8.420511344630228,39.33238033454785],[8.420633317591072,39.332187212398686],[8.420640103949998,39.33214082999939],[8.420670205317766,39.33193509678378],[8.420661373177786,39.33188098381399],[8.4206481220658,39.33179981749649],[8.420602159311183,39.33174552511073],[8.420440250017021,39.33168164380245],[8.420417261314736,39.33165539815871],[8.420325307829614,39.33155041644518],[8.420244874942552,39.33145540386644],[8.420221740679462,39.33142825638326],[8.42017161804341,39.331369437729364],[8.420086834764986,39.3312744033684],[8.420014991293787,39.33119294954877],[8.419872830737381,39.3310210377287],[8.419851527752071,39.33097365934635],[8.419766203176009,39.330761448930375],[8.419829613599095,39.330697680533895],[8.419992899482542,39.33053168002548],[8.420224636778352,39.33058022657421],[8.42028299251024,39.33070320222706],[8.420515376387995,39.33066268463269],[8.420854002653023,39.33057341452288],[8.420846851841853,39.330532368303494],[8.42084446054627,39.330503257079386],[8.42066113469584,39.3303987220213],[8.420544595178905,39.33028550841256],[8.4204293203248,39.3301948278665],[8.420314044615695,39.33010414630026],[8.420200502554545,39.33006980758516],[8.420057986369292,39.33002628031103],[8.419978410291678,39.330003356925715],[8.419938287403724,39.32994458798846],[8.419857523128535,39.32983155196279],[8.419783486940883,39.32972305479407],[8.419787723956425,39.32962395852071],[8.419788880138594,39.32959693202143],[8.419793900999826,39.329515861161454],[8.419797397163205,39.329443792553526],[8.419748475183304,39.329173228754726],[8.419739700817646,39.32912277885198],[8.419726666724118,39.32905260209287],[8.419851101350071,39.328765413421735],[8.419867371182779,39.328724827168756],[8.41989077638923,39.32867384472232],[8.419901262894856,39.32863334948429],[8.419933706249164,39.328496270145976],[8.419927553113412,39.328435244774546],[8.41991465552055,39.32827298869213],[8.419911789528479,39.32823693138437],[8.41994397221046,39.32810778560654],[8.419965361296615,39.32802990769777],[8.419983705697412,39.32795795900885],[8.419984822203165,39.32782280412063],[8.419985789834417,39.32770567000173],[8.420051160229484,39.327692479579746],[8.420113629052086,39.32767927466603],[8.420163227331031,39.32766724098163],[8.420234348303923,39.32764694258218],[8.420279710179654,39.32764367684019],[8.420324328816369,39.327637123859255],[8.420265675622161,39.3275313563332],[8.420181494209826,39.32737324968407],[8.42012857924164,39.327273868658914],[8.42002569859932,39.3270731839144],[8.4199884746975,39.32700229011984],[8.41994638868923,39.32692154404993],[8.419923030167459,39.32687637385609],[8.419877209954963,39.3268054218668],[8.419847138585736,39.32675885757704],[8.419751243851168,39.326605197599854],[8.419498536266168,39.32650171506439],[8.4194279210881,39.32647358541785],[8.419300282318204,39.326422951637674],[8.419254028941516,39.32640448310761],[8.419102023415492,39.3263721869798],[8.418963032246115,39.3263444609964],[8.418790724671084,39.326312063120724],[8.418721247711064,39.326295893302756],[8.41867203604913,39.32628443906184],[8.418520068368286,39.32624763698419],[8.418397029481785,39.3262199900126],[8.418350474971009,39.32623777891295],[8.418141040474952,39.32631045643383],[8.418094501743527,39.32632660625308],[8.418035268993657,39.32629927785335],[8.418002437980036,39.32623603929756],[8.417963338849473,39.326237151261964],[8.417905240822854,39.32624005866431],[8.417840244920038,39.32620819596602],[8.417782463692722,39.326180874696995],[8.417563089753154,39.326053236448296],[8.417516516084552,39.32602241547952],[8.417504762183654,39.3259262163689],[8.417473662162115,39.32584725173597],[8.417352270470506,39.3257687362563],[8.417296424808278,39.325682855398966],[8.417230541561667,39.32558340812227],[8.417382067055364,39.32555901129359],[8.417725710581799,39.32550478927912],[8.417776540485466,39.32549603367117],[8.41793629052708,39.32545352147653],[8.418046527970889,39.32541885139691],[8.418142280019183,39.32528611138271],[8.418147108387835,39.32525365713342],[8.418151108179956,39.325220668909346],[8.418159967745078,39.325146533910875],[8.418244778314257,39.325117209678034],[8.418302022875185,39.32508416855811],[8.418499613841885,39.32504010289833],[8.418594058241144,39.32501804775932],[8.418688541038449,39.32499148735479],[8.41868222086397,39.324950662275306],[8.418663644486434,39.32483854592057],[8.418642978579532,39.3246971602821],[8.418638997931195,39.324669714347166],[8.418525949812942,39.32466178519677],[8.418201122722017,39.32466016213263],[8.418155508931028,39.32456467958161],[8.418118430166434,39.32448701610699],[8.418041472127294,39.32432596860344],[8.41801231004668,39.324257592416146],[8.417990849863859,39.32420857650649],[8.41796748579461,39.32415439601604],[8.417927629288158,39.32406409000423],[8.41789067428448,39.32397379758627],[8.417865095041288,39.32391059523366],[8.417825313501888,39.32381127879623],[8.417902393595774,39.32378463198369],[8.417886555060647,39.323757520492364],[8.417850917813418,39.32369652052704],[8.417939463699474,39.32351111813747],[8.41813051851981,39.32338029180407],[8.418162702417787,39.32329689857146],[8.418249100963566,39.32307001586063],[8.418189834718161,39.323047192745506],[8.418168414102407,39.323007151777546],[8.418081756252128,39.32284516371496],[8.418170391779489,39.32276845481133],[8.418427336991364,39.32256067556614],[8.418655363266902,39.32251788800405],[8.418634171408888,39.32245020143195],[8.418620953996463,39.32240958787893],[8.418595988859225,39.322332871688495],[8.41856914597897,39.322247136248805],[8.418611720502813,39.32218427443963],[8.418644344360978,39.32195917004248],[8.41865478418633,39.32188713605578],[8.418758198982548,39.321831847900874],[8.41926216963531,39.32156240390397],[8.419296599186653,39.321511891003716],[8.419341438094065,39.32144610540638],[8.41938841186561,39.32137718838477],[8.41951117718424,39.32108607977079],[8.419542906211976,39.321062584726356],[8.41980881969612,39.32086567530438],[8.419926131347319,39.32088339301821],[8.420172481735444,39.320920850852346],[8.420238210373235,39.320930525099506],[8.420271022359644,39.3209353083345],[8.42042579306749,39.320958855535935],[8.420504523092124,39.32105159975301],[8.42071186881608,39.32129337605048],[8.4207658240575,39.32136057652005],[8.420828805336804,39.32143420419899],[8.42100204017615,39.3215203862344],[8.42104019890107,39.32153972390658],[8.42108042791262,39.32151915686794],[8.421340191194657,39.32138578072896],[8.421533946943807,39.321451475280696],[8.421588294795608,39.321466891540354],[8.421665304569137,39.32125586534486],[8.42174900902423,39.321172458510596],[8.421835875999484,39.32109056491154],[8.421985631006116,39.32094515034856],[8.42204026374858,39.320882073208416],[8.422112125911525,39.32079941557406],[8.422170826663116,39.32074947464013],[8.422247934482918,39.32068387601389],[8.422316144687926,39.320625845477934],[8.422405649810894,39.32054969898812],[8.422737942573423,39.32037522280187],[8.42282535036497,39.3203329893281],[8.422894697305072,39.32035689991111],[8.423060264562478,39.320411227463396],[8.423305189120263,39.32049108439362],[8.423490830894435,39.32048749854959],[8.423715817055683,39.32063728846925],[8.423813864840646,39.320705354590125],[8.423848222555499,39.3207595883602],[8.423987056894775,39.32080532927591],[8.424230958989874,39.32077049283414],[8.424310161334398,39.32070516000407],[8.424337433501204,39.320687227381285],[8.424400561645923,39.32063617185533],[8.424534561020806,39.32052870603158],[8.424569694381212,39.320488331246196],[8.424628248724355,39.320421040807666],[8.42464132541671,39.320240890943914],[8.42461382196687,39.320186691282075],[8.424566981287988,39.32009184665898],[8.424531445287677,39.320024091113865],[8.424504337575637,39.31996989338094],[8.424425830369117,39.31973522699822],[8.424413751760753,39.319699124192276],[8.424508289181473,39.319632192834895],[8.424581114203454,39.31958130588192],[8.424658756981767,39.319529132528146],[8.424763157763508,39.3195296484762],[8.42489112905325,39.319485226925416],[8.424925184603328,39.31939136326507],[8.425065627588596,39.31934762757837],[8.42518982008905,39.31931099396585],[8.425263954416844,39.31928883307882],[8.42530815549382,39.319203449870386],[8.425369092050936,39.31919924530329],[8.425404408549634,39.31913634422803],[8.425360301808281,39.31910586292886],[8.425405366843831,39.31901920982193],[8.425500390639177,39.31892506661363],[8.425583741545086,39.318839876499176],[8.42562761036538,39.318795039097544],[8.425729793306344,39.31867097290421],[8.425838221132755,39.31854370074963],[8.425972180270184,39.31868410496898],[8.426019625599075,39.318733898169135],[8.426068484199522,39.3187882028029],[8.426219503954924,39.3187619158612],[8.426350517351924,39.3186796597392],[8.426534764065064,39.31851116950828],[8.426664723223258,39.318384157628984],[8.426768602395455,39.31828705369193],[8.426792611306357,39.31818805430488],[8.42667767778809,39.31805683298652],[8.426634360708167,39.31794398586403],[8.42657544923091,39.3177905143241],[8.426529344933146,39.31775424411117],[8.426495354439908,39.3176549590394],[8.426437281311916,39.31766368369641],[8.426392516779234,39.31764093619197],[8.426333324828974,39.31760910679837],[8.426342107075252,39.317528054005486],[8.426344942112799,39.31748872152699],[8.426427520897063,39.31743836803835],[8.426370552901876,39.317311937383835],[8.42633626848276,39.31724869301068],[8.426290310688612,39.31719440277343],[8.426232386286737,39.31718510651223],[8.426146579874974,39.31721622126748],[8.426093115846625,39.317193430761904],[8.426073239524012,39.31704015048964],[8.426068562339202,39.31700408522927],[8.426060451495486,39.31693195903613],[8.426039695865613,39.316810212131756],[8.426016187622121,39.31667043099821],[8.426054055281165,39.31658952072088],[8.426115065504845,39.316459167053516],[8.426146065689219,39.31639173905184],[8.42626330605062,39.316291926973065],[8.426344650422042,39.31622040473545],[8.42643682843556,39.31614087207386],[8.426612674349473,39.315989153447674],[8.426920651704096,39.31591928571437],[8.427481476556732,39.315788642479475],[8.42764770194374,39.31575036120179],[8.427724365755537,39.31577326504945],[8.427763036129729,39.31583202430086],[8.427820593803816,39.31588637188676],[8.427952868539702,39.31584647346224],[8.428006553442,39.31584223186948],[8.428054620782122,39.315815436608446],[8.42810651654353,39.31579001265305],[8.428144884531681,39.31577082616207],[8.428197301627012,39.31574405130797],[8.428286414053611,39.315699491863555],[8.428343525401074,39.31577180178918],[8.428354685032613,39.31582592125821],[8.428388970604884,39.315889164159536],[8.428481986359643,39.31586258852114],[8.428633146691928,39.315818277551166],[8.428698992157578,39.315784907611736],[8.428750748389906,39.31570800050292],[8.428797225320508,39.31561183666225],[8.428735428347814,39.31554395258423],[8.428786944640693,39.315449593103025],[8.428799496699883,39.31533251546952],[8.428695248649763,39.31531398234828],[8.428654457919848,39.31533743545022],[8.428579474422383,39.315286382678906],[8.428672562592268,39.31525079645983],[8.428636937065994,39.31517403088996],[8.428676977455428,39.315094352255],[8.428695716211678,39.31505610515533],[8.428767482501133,39.31498995147468],[8.42876800180275,39.31493679132504],[8.428678727373457,39.31494280854501],[8.428660272509232,39.314806389381936],[8.42871790034445,39.314788479435386],[8.42880316361909,39.31476060037316],[8.428857943175519,39.31474260069079],[8.428966943065634,39.31471159858699],[8.429058785282955,39.31482918829864],[8.429140860116073,39.31472146234673],[8.429105481728666,39.31462610347887],[8.42917099360991,39.31458194392042],[8.429248048238948,39.31453338238337],[8.429309101434166,39.314537567150296],[8.429327181854246,39.31463226897743],[8.429500541680827,39.31458832159371],[8.429606150856795,39.314561549954284],[8.429698944940185,39.314562004587074],[8.429846566377106,39.31457167719421],[8.429838651292332,39.31449928095989],[8.429818288092026,39.3143561864427],[8.429812498779523,39.31432715598788],[8.429840206182112,39.314307713070654],[8.430155192247302,39.31408667195471],[8.430285407119074,39.31389540937943],[8.430319554608074,39.31384418710045],[8.430462594413505,39.31372774773223],[8.430576416504932,39.31363819761911],[8.430687974835422,39.31355856890711],[8.43071565603223,39.31352998240867],[8.430751928013215,39.313490221289904],[8.430748084998118,39.31345859087113],[8.430740922383135,39.31337769128221],[8.430717040751311,39.31328296218277],[8.4306735189871,39.313107040882834],[8.430678310038386,39.31300794570053],[8.43068222891636,39.31292686871853],[8.430687307643742,39.312836786624075],[8.430843136183972,39.31269608018764],[8.4309327128026,39.3126127187132],[8.43103695746723,39.31263124981427],[8.431176656091194,39.31256885700847],[8.431235308036834,39.312488047424694],[8.431320311843745,39.31237582879625],[8.431399444094007,39.312272592209105],[8.431438014863316,39.312164652080156],[8.431506240384316,39.311975760592155],[8.43155021047417,39.31191740520326],[8.431620605037589,39.31181863118197],[8.431682192019835,39.311733330297145],[8.43173735872131,39.31172458881377],[8.431882526492252,39.31170277037682],[8.431983762216253,39.31173480212436],[8.432065463547199,39.3116721261394],[8.43211773779685,39.31161036892331],[8.432161103992307,39.31156636273196],[8.432252720114466,39.3114657932578],[8.432259275545915,39.31142739152258],[8.432270810205514,39.31138027901338],[8.432358128295716,39.31134015717458],[8.43238190845658,39.311268186834845],[8.432340492267587,39.31121402289489],[8.432317888334747,39.31118363372664],[8.432186132026548,39.31109318786097],[8.432125492176072,39.31105184704124],[8.432030380596824,39.310989402351794],[8.43174915086762,39.311038664253886],[8.431714441600313,39.3110103613469],[8.431649282442534,39.310961636405516],[8.431710763504627,39.31090194993731],[8.431746771247504,39.310861778106464],[8.431785385287883,39.31082375904712],[8.431820734224718,39.31078873634495],[8.43181764474078,39.31076084369391],[8.431818227702722,39.31068876114463],[8.431737183233906,39.31067034399376],[8.43166759063175,39.31067000426829],[8.431594265233684,39.310653341256646],[8.431546424439754,39.3105928209907],[8.431425987707982,39.31042553507928],[8.431484198918408,39.31039878700621],[8.431554082866183,39.31036308511372],[8.43152171765129,39.310320515098894],[8.43144622578343,39.310254420849496],[8.431463413538259,39.31010132320172],[8.431503141177556,39.31002943090855],[8.431616405552127,39.30998597166702],[8.431628356047076,39.309859664522406],[8.431640015405689,39.30977779986393],[8.431717657950179,39.30967906112777],[8.431764323999278,39.30961917073794],[8.431786749327834,39.30958880030152],[8.43181234803446,39.30955629086918],[8.431831215758317,39.30953540403602],[8.431875197173321,39.309485463726716],[8.431888720539774,39.30940957417718],[8.431922752379304,39.30923853705582],[8.431945226974475,39.3091485388293],[8.431982710702515,39.3089955401049],[8.432048375786861,39.308959817318495],[8.432204061563777,39.30887512111568],[8.432238283309017,39.308856285164175],[8.432343863188944,39.308799066092064],[8.432458979088791,39.30872754102569],[8.432552238522055,39.308669426398495],[8.432658619951756,39.30860236485398],[8.432724587440825,39.3085125784122],[8.432779212175591,39.30844075914905],[8.432805708549552,39.30834177044631],[8.432788631030345,39.30830203976193],[8.4327416679436,39.30819278126738],[8.432789585265171,39.30818383724966],[8.432843930279223,39.308174793869945],[8.432845094464694,39.3080702284078],[8.43289661775164,39.30803584913037],[8.432955252524058,39.307998986853356],[8.433042053743927,39.307945877399],[8.433379643328617,39.307883568689256],[8.43348948401973,39.30785877841582],[8.434831628055289,39.307612744605876],[8.436166357523321,39.30750207718549],[8.436595778427336,39.30746811298181],[8.43735081326815,39.30732759361731],[8.438047782064366,39.307195798967534],[8.439114905674097,39.307007214803214],[8.439276570161107,39.30697822189679],[8.43935738116006,39.30696383789184],[8.440091994418804,39.30683620944587],[8.442008250605223,39.306521023817744],[8.44456301821901,39.30612775840051],[8.445874368437918,39.30603488958943],[8.447456725257465,39.30581376681389],[8.447871477072857,39.30575603979906],[8.449003983423042,39.30549932976677],[8.449062188106847,39.305486538663835],[8.449118568163762,39.30546874060694],[8.450602830296868,39.30502107122628],[8.451312264716083,39.304772116295],[8.45202282078014,39.30455611840688],[8.452107057562928,39.304535435897435],[8.452548447001725,39.30439437389776],[8.452581061549159,39.30438687618537],[8.452994724645233,39.30426163213425],[8.453074315804873,39.30423885280779],[8.454482003524562,39.30381272882074],[8.45494335068353,39.30367184763148],[8.455621428553831,39.30349043300573],[8.455888107021124,39.30342034562716],[8.457094679114778,39.30309737777644],[8.458197477390755,39.302803985348696],[8.458800694906675,39.302560675233764],[8.459500478194673,39.302278408764806],[8.461807104996922,39.30150516044785],[8.462337607641853,39.301327397199344],[8.464523028168093,39.30066166383718],[8.465032374119643,39.30050857968915],[8.465100666078843,39.30048484451183],[8.465155989466092,39.300467223927235],[8.465210654160776,39.3004482216362],[8.46572066630394,39.30029055372359],[8.46587836356977,39.300243256874275],[8.465910692504384,39.300230477371734],[8.465947736201212,39.30021612096913],[8.466489849250985,39.30005447086728],[8.467789589697572,39.29964941924435],[8.467897776275393,39.30018264841434],[8.468706409856976,39.304167985454285],[8.470009903605002,39.30357020791495],[8.472142615420733,39.30220125390041],[8.474462483176234,39.30060783760357],[8.476058405831226,39.29965989220653],[8.476313979422942,39.299496153123656],[8.47635164431333,39.29947077776943],[8.476384664473336,39.29945411299585],[8.476612978118451,39.299337716929834],[8.476692946630832,39.29929955605355],[8.476736957619657,39.299265421747755],[8.476966990953109,39.29912333295516],[8.477321175438844,39.298819453209475],[8.477356064942288,39.298759533805544],[8.478116529078777,39.29737139602145],[8.479796311426451,39.294477451619976],[8.480465013085839,39.29343519049662],[8.48065361024497,39.29302153739988],[8.481005677170936,39.292455429548774],[8.481398465350763,39.29189511750069],[8.481427577666867,39.291853588294785],[8.4814691667985,39.291777864479634],[8.481488019017304,39.29174353517265],[8.481555929799269,39.291619880988016],[8.481627393528768,39.2914897583847],[8.481802758320757,39.29117044272604],[8.481921235996715,39.290954711799166],[8.481954609156078,39.29087729865169],[8.481988428260339,39.29081835698096],[8.482041161732829,39.29071735487798],[8.482216655688472,39.290376042774795],[8.482239732922167,39.29032373298544],[8.482462433831005,39.289899248645014],[8.482595988500188,39.289674573156226],[8.482876272546408,39.28920725853144],[8.483081544200827,39.28886344159919],[8.483101923157905,39.28882437818761],[8.483155103427352,39.28873993763684],[8.483530782084058,39.288110850592325],[8.484655482582323,39.286194016698204],[8.48486934270518,39.28583165405606],[8.485561694575706,39.284649462228984],[8.485580441768112,39.28461896495749],[8.486399615920682,39.2832216814282],[8.48656712447446,39.282968419752436],[8.486601757383093,39.28291113732804],[8.487771304160574,39.28114623511565],[8.488475916863022,39.27991485606331],[8.488946447137527,39.27909095862476],[8.4889820581819,39.2790220269042],[8.489020479891764,39.27895256865681],[8.489110093432037,39.27880030360575],[8.489171708848803,39.27868835366347],[8.489368552332767,39.27833287743366],[8.489498107476633,39.27805411082163],[8.489468232024086,39.27737817113437],[8.489285422495533,39.277007928008764],[8.489165606914957,39.27677125584007],[8.489148266947515,39.27673700249236],[8.489169086608092,39.27546657377378],[8.489324298799698,39.27464727272078],[8.489362202145358,39.27443914210689],[8.48936393204059,39.27441020951422],[8.48937169900573,39.274365561422535],[8.489387172919207,39.2742979460038],[8.489398410901886,39.274233008958575],[8.489671634143896,39.27278356704583],[8.490270233602049,39.27067554259642],[8.490618584572099,39.26947256540837],[8.490682635266326,39.2692467529749],[8.491382844948694,39.26699711477554],[8.491541048027312,39.266322447059856],[8.49184923215054,39.265016773993125],[8.492088275734389,39.2640176177172],[8.492124869893605,39.26394764115731],[8.492229319282893,39.263747909186954],[8.4939220027415,39.26047654525764],[8.494234206914259,39.26057942627514],[8.494661633344641,39.260779519394575],[8.495077406878297,39.260988571302626],[8.495366202864123,39.26112498541375],[8.495712372621112,39.26134274430174],[8.495989193353536,39.261533170298186],[8.497371445737251,39.261124647374245],[8.497859281214192,39.26098257863814],[8.498370487594535,39.26081357677284],[8.499229536836609,39.26062804624689],[8.499542866328751,39.26057532875607],[8.5000532977242,39.26051444495592],[8.500390191126945,39.260407761031786],[8.500843179989745,39.26027454204013],[8.501065251226965,39.26001417980105],[8.501426917475158,39.25968232864941],[8.5015681079177,39.25938557648116],[8.50169783434727,39.25907075329847],[8.501850740282892,39.25875602910419],[8.502002943579328,39.258540420550645],[8.50239923999041,39.25822673522476],[8.50277127154009,39.25806613003934],[8.503062106377376,39.257914187202346],[8.503329886758692,39.25774412443525],[8.503761451336679,39.25735849949456],[8.504261788830968,39.25708129457436],[8.504598215585608,39.257037672614715],[8.504968967374143,39.2570572700257],[8.505431616917429,39.25719439813637],[8.505847907829848,39.257331327713565],[8.50621897875254,39.257305868948826],[8.507543706886365,39.25681588364056],[8.507938836408508,39.25666436952614],[8.508333522524682,39.25657592844],[8.508716491908306,39.256505458372374],[8.509226824577421,39.25645354471656],[8.509608599745395,39.25655427274576],[8.50990824337053,39.256798825505406],[8.510184708925435,39.257043280907624],[8.51047251585368,39.25732382688854],[8.510749173320722,39.25754124816762],[8.511247107443891,39.257606414286215],[8.511943573822204,39.257456151746716],[8.512351286528466,39.257160502916776],[8.512608387590895,39.25685521062217],[8.512784045761558,39.25659463241852],[8.512913716881572,39.25627979624207],[8.513066504305183,39.25597406654932],[8.513230444079408,39.25573146041909],[8.513394569583031,39.25546182123361],[8.513674901643373,39.25514761354072],[8.514243728248521,39.255014824938044],[8.514788239839836,39.25504638021473],[8.514904089630596,39.25505362099276],[8.515287231651087,39.25495609729511],[8.515463191293955,39.254862253833],[8.515531795762572,39.25482258762553],[8.51558468792208,39.25479313925995],[8.515668383025046,39.25476636545451],[8.515760879440505,39.25473910014556],[8.515827181663187,39.254721029619],[8.5159084927272,39.25469523692772],[8.516020888392795,39.254663006219275],[8.516055982232643,39.25465013310814],[8.516396002646387,39.25454224964502],[8.516431681446097,39.254539867534326],[8.516545984629687,39.25456429935731],[8.516656714690335,39.25458771873257],[8.51672203043181,39.25460085194503],[8.516762154765507,39.25460781626206],[8.516945106997344,39.25488188838958],[8.517058283222676,39.255278833636915],[8.516951997661298,39.25556673973578],[8.516961237972726,39.25590918851334],[8.517238095502156,39.25609956440451],[8.51743476942994,39.25604225201967],[8.517524845111824,39.25602064494286],[8.517598822052436,39.255996308393705],[8.517862599047001,39.255875754509084],[8.518016649827631,39.25580543225576],[8.518707620526419,39.25560667193278],[8.518759874948726,39.255592246063635],[8.519353167457766,39.25527030655266],[8.519748569466387,39.25507369889063],[8.521071937970543,39.254763769787324],[8.521605182759354,39.254747940541826],[8.522138306166964,39.25475012925319],[8.522555715803067,39.254724808506296],[8.5231228135801,39.25484427277592],[8.523632879157583,39.25482833843063],[8.523992585004486,39.254766733794895],[8.524307208865912,39.254515715919126],[8.52447287170706,39.25401178653495],[8.524752479639433,39.25379666804021],[8.52519330498268,39.253735389765694],[8.52555288246588,39.25369180156472],[8.526052138307655,39.25355867174106],[8.526471176022392,39.253290051002615],[8.527005983850776,39.25303992168095],[8.527251457942748,39.25292038492428],[8.527389702252874,39.25285225228323],[8.52801612999219,39.252764683614465],[8.528561189147652,39.25271282674105],[8.528966934943998,39.2526964466651],[8.529604286532583,39.252708033572205],[8.530055726873996,39.25279095329924],[8.530437093193882,39.252954686907664],[8.530470464240842,39.25294693690886],[8.530843380436044,39.25285720524249],[8.53134346032325,39.25259790423735],[8.531947720736541,39.25235704251131],[8.532223230292018,39.25210021404849],[8.53233256079143,39.25199815496787],[8.532473126899454,39.25177344847926],[8.532617313095601,39.25152196691239],[8.532637228242217,39.25149477171798],[8.532940278552843,39.25123467293403],[8.533219969179621,39.251001512447914],[8.533400001879007,39.25072289841547],[8.533490219360818,39.25044392346159],[8.53351252197936,39.250370091803816],[8.53358490020165,39.250146945380465],[8.533725637589836,39.2498952052505],[8.534085667425188,39.24977950515645],[8.534515168750044,39.249673092535105],[8.534771372531614,39.24948488891753],[8.534925123361534,39.24972708188197],[8.534977827484505,39.24981010349456],[8.534765299606716,39.25040397025116],[8.53453720015182,39.25072294341793],[8.53432630559442,39.25194182582838],[8.533548955802146,39.25643418516231],[8.53314733479391,39.25874010817472],[8.533109138821468,39.258975649443855],[8.533611291901362,39.25906197287501],[8.534655045235754,39.25924443235696],[8.535227790534936,39.25934455712808],[8.536733262853764,39.261305903418844],[8.536858388899951,39.261666834104275],[8.536167169156473,39.262781424608036],[8.536688169110203,39.262873606546904],[8.536918032909696,39.26317187749476],[8.53717084280339,39.26350628273314],[8.537645011082951,39.263670361374906],[8.53798286939158,39.26341038826947],[8.538227582331405,39.26321312109313],[8.538632264399126,39.26336790928356],[8.538882876042166,39.263514629597324],[8.539151621013414,39.263712376811306],[8.53926717081477,39.263771021841364],[8.539350627405655,39.26380716307059],[8.539509825105842,39.263884998889026],[8.540130434649935,39.263845565959144],[8.540263254944703,39.26384471441659],[8.540321696999564,39.26384456485844],[8.540377320264403,39.26384419599423],[8.540443600373937,39.263834660929945],[8.54061139978759,39.263826273346645],[8.541010483180976,39.26391646455781],[8.541105686016504,39.26393687005462],[8.54132893397859,39.26400030676058],[8.541758687621524,39.26386683705875],[8.541914475038556,39.26378056966719],[8.54204952198621,39.26370578598448],[8.542048146850268,39.26366345011657],[8.542042752892833,39.26363038416722],[8.542045370891964,39.26357791683768],[8.542039866921613,39.26340839132687],[8.542366642901701,39.26306726475233],[8.542729243882722,39.26256408365085],[8.542893155930042,39.26231242395515],[8.543150612144544,39.26193497941436],[8.543465201638993,39.26168391077976],[8.543560398238865,39.26165488048424],[8.543606583719862,39.261634618479185],[8.543848573640526,39.261550250540054],[8.544399750214874,39.26226568617753],[8.544572728698835,39.26249021048349],[8.54449255791015,39.262816777875216],[8.544477552113527,39.26286829212172],[8.544444227017923,39.26290623458616],[8.544395230916336,39.262963243153536],[8.544220620081761,39.26316464627203],[8.543987515152134,39.26336197243385],[8.543881618983802,39.2636048490805],[8.544121296374826,39.264182480075974],[8.543899252349192,39.26446094642599],[8.543714052420343,39.26493115794197],[8.543701663631381,39.26497899957142],[8.543628040724133,39.26517173512309],[8.543484735516158,39.265819951967664],[8.543389606879746,39.26618902268298],[8.543549958643863,39.26648700787083],[8.544318484870889,39.267742520877654],[8.54436387887092,39.26780586840469],[8.545386915785695,39.2692334809399],[8.54573095440761,39.269811514599645],[8.546005502799769,39.27038026631996],[8.54621309771661,39.27106379295792],[8.54632334464389,39.27142675905785],[8.546274767594388,39.27176898050655],[8.546144866214426,39.27213791671597],[8.54598024472047,39.272497707412114],[8.545745484454928,39.27294733213493],[8.545674798868674,39.273067142528944],[8.545640914776058,39.27311343616332],[8.54558143986467,39.27321701569407],[8.545429104454897,39.27346872296415],[8.545252300771883,39.27391857283462],[8.545260515427746,39.27444123206656],[8.545241414077882,39.27477160876471],[8.545234358683661,39.27490068000409],[8.545127516804994,39.27528772756088],[8.544869555201643,39.2757372596398],[8.54483350448011,39.27581154853572],[8.544776503687233,39.275930162901226],[8.544738818654684,39.27600346679515],[8.544719845982366,39.276054850103066],[8.5448234725735,39.276131546669276],[8.545155361825197,39.27636012295404],[8.545559261523477,39.276650046017004],[8.545834998251664,39.277038585647695],[8.545982629170208,39.277516733889996],[8.546084178473746,39.2779496479376],[8.545871597481852,39.27855254188236],[8.54565959600218,39.2790653307569],[8.545318311623742,39.27984793773796],[8.54517720499754,39.28015375340407],[8.545458807705321,39.28030916138337],[8.545637181754255,39.28040788855856],[8.545738438459885,39.280459160775195],[8.545798907629718,39.28049716750737],[8.546194384546498,39.28063528986008],[8.546716052737265,39.28064633265279],[8.546980248622043,39.28066347134579],[8.547124266396011,39.28067317308795],[8.54730711127639,39.28068467459667],[8.54768901540184,39.28079428820111],[8.548140253563433,39.28094021309267],[8.548110371562359,39.28103059595272],[8.548084149102898,39.28110990513704],[8.548071238593323,39.28115359466988],[8.548021881925182,39.281318207310726],[8.547977769386845,39.281568477737096],[8.547997127194861,39.28167839171431],[8.548119454259595,39.282372848086396],[8.548198177126563,39.28277601122689],[8.548208561470409,39.28283825260227],[8.548250957967303,39.28288004007135],[8.548275287272554,39.28290040889957],[8.548310193892677,39.28293115060932],[8.548353311519236,39.282972243397346],[8.548381723980913,39.28301219873267],[8.548407432812914,39.28302810439696],[8.548577902027427,39.283203619390314],[8.54887877616163,39.28329489317834],[8.549249334618255,39.283368414243306],[8.549555101729133,39.283388615832386],[8.549709587794093,39.28339880001653],[8.5497783001179,39.28340323864947],[8.54982882303805,39.28340669952637],[8.549863269462048,39.28340260750336],[8.55046720497243,39.283301036415274],[8.550850510619515,39.283194386152466],[8.550806204762942,39.282869826880585],[8.550715868482703,39.28249102479288],[8.5507175953935,39.282220708243514],[8.550797899728257,39.28209014157469],[8.550952010302044,39.28182513716382],[8.551220285064804,39.28157386993116],[8.551488615376922,39.28131359051309],[8.551557346908789,39.28124361733988],[8.551885397348007,39.28090963281129],[8.552060742011024,39.2806850376177],[8.552282403031894,39.280469631112304],[8.552435761512449,39.28005572437418],[8.552506930346423,39.27980369539935],[8.55310021695299,39.27949059622521],[8.553674929823403,39.28027673977345],[8.553799442379658,39.28034991394662],[8.553986821952838,39.28045815040376],[8.55417217141543,39.280483064304356],[8.554751388333319,39.28056091868029],[8.555332114053547,39.28064166752552],[8.555525093275957,39.28066442237343],[8.555573878235888,39.28067146675469],[8.556023198309466,39.28112372059358],[8.556544417562492,39.28120680458607],[8.55691644922991,39.2810460261353],[8.557253582356768,39.28090313643438],[8.5576306975273,39.280748209553],[8.557753427535705,39.2806977904762],[8.558159781823099,39.28060922532882],[8.558517044092149,39.280952990712684],[8.558747398393493,39.28119715549573],[8.559256067429752,39.28143336274117],[8.559626049664546,39.28145262663233],[8.559964114911718,39.2813067761459],[8.560266386159562,39.28117586919033],[8.560396409571773,39.28113130580491],[8.560541258932577,39.28108408595774],[8.560642209128348,39.2810452696323],[8.56082413419394,39.28097973956774],[8.561160416990552,39.280971996557994],[8.56162445829085,39.280928691056666],[8.561985330726946,39.2806957683129],[8.562846196183909,39.28023044180857],[8.56413691467521,39.27962254655273],[8.565008287841383,39.27932844892743],[8.565888997220798,39.279160611071276],[8.565936899812815,39.27915169767739],[8.566923308464283,39.279002187500716],[8.56744530114944,39.2789590733743],[8.567991200219764,39.27879890604994],[8.569048652685508,39.27840634959438],[8.5695836670154,39.27812899311635],[8.56993230039988,39.27799511904177],[8.570280766158426,39.277888275925704],[8.57072181458836,39.27780880573972],[8.571069784880592,39.27778305541053],[8.57166165685632,39.27768611538138],[8.571817405379232,39.27757405314594],[8.5719248117137,39.27749459996724],[8.571964735096952,39.2774684773198],[8.572012598934514,39.27743627446941],[8.572051777159109,39.2774087541692],[8.572278632054841,39.27727388657062],[8.572755712548245,39.276987292631965],[8.57303499245197,39.27681711122435],[8.573349105867736,39.27663804679689],[8.573663545364521,39.27640491743626],[8.574000132621595,39.27634307403814],[8.575163983171128,39.27613091084493],[8.576054366034281,39.27598112773172],[8.576914160070444,39.2756688767311],[8.577299171486533,39.27526478893636],[8.577738897639028,39.275401546638555],[8.578155601162946,39.27551118663592],[8.578862026873633,39.27563989507673],[8.579176347389312,39.275671108846986],[8.57922921306163,39.27567723445306],[8.579283641461831,39.275679109842194],[8.579335149183812,39.27568335803284],[8.579383422509427,39.27569028967222],[8.57944172122697,39.27569869293342],[8.579557238932406,39.27570548257876],[8.579729687496318,39.27570610510094],[8.579894424134752,39.27570555065796],[8.579965957823406,39.27570797763041],[8.580171678190172,39.27570769947727],[8.580786920668874,39.27557475460608],[8.581240394523151,39.27535111602119],[8.5821762246908,39.2758951260724],[8.581813300611946,39.27648853600624],[8.581568180122137,39.27676699093085],[8.581450422826906,39.27707293492567],[8.581587560357345,39.277406827599165],[8.581836394981647,39.27760915875167],[8.581973482232518,39.27766541569047],[8.582022701691182,39.277684508912294],[8.582145951204513,39.27773191955663],[8.582201511400372,39.27775082279941],[8.582266038334156,39.27777401672473],[8.582318127018194,39.277797474171194],[8.582356453405216,39.27781182540063],[8.58240175538155,39.27783015831068],[8.582456136469085,39.277851822641885],[8.582508442958007,39.27787337408226],[8.58258872477652,39.27790657232407],[8.582669960300812,39.2779404488433],[8.582765768758932,39.2779804950089],[8.582852913764487,39.27801634252879],[8.58294883726176,39.2780577486972],[8.582985719205936,39.278069967978745],[8.583039482288294,39.27809346263665],[8.583108958696227,39.27812379241122],[8.583181237676753,39.27815486025529],[8.583255088395113,39.27818815846542],[8.583331410241827,39.27822276033425],[8.586014455900555,39.276102890630796],[8.586080127386627,39.276050931256805],[8.588844114551645,39.27386397163415],[8.588874757985668,39.273839724303315],[8.588931607446158,39.273796098754055],[8.588999151886409,39.27373971636775],[8.58903792634902,39.27371095980916],[8.589087315284015,39.273671521343324],[8.589727891266108,39.2731646685065],[8.589868370149897,39.272930882989854],[8.589235242990691,39.27216273129664],[8.588969876914504,39.2719455354017],[8.588695922484192,39.2712146923568],[8.588364644244729,39.270375516174234],[8.588084015744451,39.26880664118182],[8.588058261308516,39.267265699678745],[8.587969694480446,39.26655353092562],[8.587926969465189,39.26593163322376],[8.587629859317056,39.264876387453164],[8.587610664221922,39.264817304395784],[8.587603138717432,39.26478449699406],[8.587484036302262,39.26437119211481],[8.58746140812884,39.26427649840378],[8.58740479949678,39.26404652169047],[8.587113087914927,39.26390525025152],[8.586017770645757,39.26337479797363],[8.58523265368939,39.2628493756525],[8.584978607204878,39.262686276129564],[8.584517040475614,39.26233320780586],[8.584406551025138,39.26220325569789],[8.584379639445547,39.26216656728043],[8.584344399694247,39.2621253427794],[8.584032830094783,39.26188994862963],[8.583359753815731,39.26144411237966],[8.583246320236515,39.26136897366795],[8.58314380001428,39.261301065512455],[8.582821126761967,39.26098453111652],[8.58237047772444,39.26074863419269],[8.581535840089057,39.26076365991067],[8.581584024595534,39.26045746407961],[8.581598686748684,39.26037915882793],[8.581703733097244,39.25981812522468],[8.58159709556622,39.259312365467366],[8.581584227118029,39.259231895087986],[8.58142023892528,39.258762839536956],[8.58138761223605,39.25840228865256],[8.581395703346278,39.257904969648834],[8.581333326439673,39.25755282526656],[8.581323482992124,39.25749196353712],[8.581220780041905,39.25722126968393],[8.581117970636999,39.256968596265736],[8.581096559842265,39.256671161909374],[8.581146529237262,39.25614137120149],[8.581101706326146,39.25580614103211],[8.580965202292488,39.25537312887107],[8.580679160273299,39.254750351727544],[8.580472157002816,39.25447928062042],[8.579964952809691,39.25401790031771],[8.579723346882888,39.25371967030685],[8.579574458536177,39.25342177542545],[8.579379537459006,39.25306964860276],[8.579091525442339,39.252780261451505],[8.578537878152142,39.25233672791363],[8.578064659997327,39.252010624158345],[8.577727329584702,39.25192809696334],[8.5776582499262,39.25190644194394],[8.577576707951545,39.25186625668691],[8.577504485751756,39.25183062235501],[8.577347640529583,39.25175572040715],[8.577006516108696,39.25162833001912],[8.576746842821333,39.25144716915995],[8.57642288916485,39.25135588313212],[8.575994470509153,39.251291248686655],[8.575670245874306,39.251245013267834],[8.575301404121682,39.25091026758038],[8.57520962023322,39.250808509555945],[8.57490998723376,39.25047631911107],[8.574459323012437,39.250258413102614],[8.5741908060968,39.25010424696803],[8.574145257184638,39.25009056404991],[8.57383401047132,39.250175029302945],[8.573024041124011,39.24996481245661],[8.572700152717411,39.24986450539151],[8.572541625794457,39.249728761680565],[8.572434976165878,39.24963826100811],[8.57186750558278,39.249573100826034],[8.571485292151083,39.24953565150003],[8.570986807839269,39.24956084912209],[8.570745694698088,39.249190515714176],[8.57064309811113,39.24891080171632],[8.570633708295823,39.2485503329807],[8.570593175871563,39.24839998140733],[8.570554526944811,39.2482914140955],[8.570509124208346,39.248223295318006],[8.570410160199067,39.248072459658836],[8.570081417715109,39.24789950657717],[8.569815980575274,39.24771830893057],[8.569527534005136,39.24750999376874],[8.569346154728839,39.24754613375861],[8.56928919405106,39.24756000269214],[8.569175688987396,39.24758333207008],[8.569016978457476,39.24761623577368],[8.568680966097375,39.24760598097474],[8.567997520086303,39.247558394241764],[8.567487902835559,39.24751144825207],[8.566769859164028,39.24743669306659],[8.566433504610693,39.24737455103227],[8.566385620782546,39.24736569074648],[8.566350735943985,39.24736119417153],[8.56630681879456,39.24735387146825],[8.565821381402651,39.247144813436236],[8.565598341684051,39.24702523312905],[8.5655405359183,39.24699833617216],[8.565478475760436,39.24696320805667],[8.565448760477665,39.246951648814566],[8.565197608218046,39.24681809593731],[8.564851626633539,39.246546477933165],[8.564681144641979,39.246005189987436],[8.564588162287533,39.24600387194085],[8.564536217959073,39.24600735689945],[8.564473132369383,39.24600671371994],[8.564369175468459,39.24600466782734],[8.564124964526492,39.24599409894438],[8.56408039609295,39.245705585296],[8.56402619224862,39.24510165499998],[8.563993046691046,39.24484021680866],[8.563844131901744,39.24456032237293],[8.563348305130674,39.244161987438524],[8.562782789468494,39.24379042067277],[8.562297555150908,39.24355431587424],[8.561787371928563,39.243491304294984],[8.561753319236429,39.24348919376618],[8.561628040641722,39.24313729887293],[8.561597664530394,39.24299714391967],[8.56157965284919,39.24291025673843],[8.561526610942394,39.242677363380125],[8.561318145811075,39.242193370989234],[8.561298168998325,39.24214486290755],[8.561243708629023,39.24205117208571],[8.56121324809369,39.24199767299014],[8.561196191139128,39.24196839079397],[8.561172626448764,39.2419327791297],[8.561104230911232,39.24180819763424],[8.56104546922381,39.241705832806204],[8.560965722776265,39.24156691531038],[8.560896648239586,39.24142311081458],[8.560748482758264,39.241097531506306],[8.56058760767636,39.24088066417315],[8.560319958897821,39.24062622441001],[8.560279494473392,39.24058726067344],[8.560253542851813,39.24056402352725],[8.560234956281166,39.240539691421375],[8.560143090457954,39.24039935251288],[8.56009336031225,39.240325208384725],[8.560035408897656,39.24023880895103],[8.560129683663751,39.239986860747436],[8.560582153426893,39.23984108672076],[8.560711100816318,39.23980401646032],[8.560750702596984,39.23978487340824],[8.560804200843464,39.23975819193432],[8.56087338374922,39.23972485912909],[8.561047209996042,39.23964790949924],[8.56138486642502,39.239387867180405],[8.561629934856839,39.2391094526676],[8.561689384811809,39.238866383900756],[8.561681274103588,39.23830767997211],[8.561604065744005,39.23810095339055],[8.561578674124027,39.238036967586595],[8.561542456105,39.23799166754754],[8.56141780337721,39.23782010131129],[8.561268576697001,39.237594267732476],[8.561119631676219,39.2373233803376],[8.560878442215483,39.236980061127355],[8.560856913474227,39.236948441683936],[8.560822727687244,39.23690685978014],[8.560811852927289,39.23688069607138],[8.560475355588528,39.236681549323016],[8.560401906253418,39.236631047881495],[8.560281044859048,39.236547727999756],[8.560239964351132,39.23652114833486],[8.560207661746583,39.23649705727952],[8.560089986309233,39.236414258345846],[8.559726018287979,39.23632242865703],[8.55966606267253,39.23629810586768],[8.559545887603882,39.23624720105783],[8.559423353555813,39.236199637467465],[8.559215529511189,39.23612291962232],[8.559024197674646,39.23605156678236],[8.558869254062458,39.235970384447434],[8.558747022305614,39.23590634298859],[8.558482204781331,39.23568692155878],[8.558435822387647,39.23564384826319],[8.558158593318929,39.23550763469984],[8.557568869416562,39.23531616738212],[8.557094617609971,39.235188212782916],[8.556736400630589,39.23503366597316],[8.556645652222688,39.234804723894044],[8.556642075716804,39.234769507246455],[8.5565996320354,39.23467271057348],[8.556625016676602,39.23432138327958],[8.556488023093035,39.23399647061178],[8.556270041308107,39.23365322738895],[8.555889513421691,39.23336342974879],[8.555543179983943,39.23316386894698],[8.555324635461591,39.23291073118585],[8.555285034607795,39.23282658631111],[8.555234648341784,39.23271743362393],[8.555107402379692,39.232450347256304],[8.554827032632762,39.230980504064235],[8.554787124304335,39.22996212287128],[8.554883053309565,39.229448870064395],[8.5550469007918,39.22918818040796],[8.555651561623323,39.228839065237544],[8.556233159077975,39.22847183623594],[8.556652329428191,39.22814002999348],[8.556808966455085,39.22801552345146],[8.556837692133623,39.22798638320044],[8.556886114067465,39.22794331575567],[8.556958900337387,39.22788922235087],[8.557071814248031,39.227782263767196],[8.557113152467283,39.22774822709676],[8.557316314079022,39.227565859016934],[8.557595660135316,39.227359670247104],[8.55773755193212,39.22726586981574],[8.557800687150111,39.22722102591881],[8.557875135231065,39.22716330592628],[8.557992552502261,39.22688360106487],[8.557971190848995,39.22659517136143],[8.558041154946931,39.22642544973435],[8.558070771496444,39.22636860567387],[8.558094006055265,39.22631741879963],[8.558113941231554,39.22627747588559],[8.558141581976015,39.226255058763165],[8.55837960377254,39.226128155454],[8.558728281928923,39.225949258688665],[8.558288901224714,39.22581243000469],[8.557964014469983,39.22589229616515],[8.557594598197074,39.225683643619355],[8.557400144604262,39.22528642569714],[8.557146694179293,39.22506019037507],[8.556821752975358,39.225149063209486],[8.556646676761469,39.22535564711768],[8.556287433761149,39.22537230116991],[8.556022515262239,39.22512799782045],[8.555884029229379,39.22489292830543],[8.555822317771621,39.22477819352119],[8.555463816459406,39.224677705467585],[8.555058294263546,39.2246851681635],[8.554721881240683,39.224755970318434],[8.554304032874278,39.22488052386214],[8.553947505772227,39.224940069627166],[8.55389818959685,39.224949121506725],[8.553771246426374,39.22496541999282],[8.553699499263443,39.224975351832995],[8.553587077969341,39.22499147056975],[8.553236920646338,39.22508368615048],[8.552923674890174,39.2251545719516],[8.552355389985765,39.22525150905436],[8.552030957493008,39.225259272794084],[8.55168358440559,39.2252309035329],[8.551294178720331,39.225144778734084],[8.55123395319494,39.225133496598765],[8.551178041507702,39.22511629013281],[8.551024169023618,39.22508418946473],[8.550735870498714,39.224875827810834],[8.550494430198489,39.224586548593464],[8.550467739662789,39.22455562002664],[8.550347863131108,39.224421971861396],[8.550257785338863,39.224322205369006],[8.550199930683918,39.2242899147054],[8.549957933356021,39.22417559698801],[8.549929089417182,39.2241611977796],[8.549901601069914,39.224134080335695],[8.54964240203863,39.22376326717879],[8.549516411836182,39.223537507963584],[8.549413705674255,39.22329381676304],[8.549346907358986,39.22287004708391],[8.549302182736838,39.22261756910073],[8.54928949832965,39.22246127545736],[8.549281815046346,39.222398280773774],[8.549260686643393,39.22220756864076],[8.549254925709242,39.22214885889205],[8.549250702816407,39.222090394785326],[8.549239588135487,39.22199209360384],[8.549231523070551,39.221933018102],[8.549219365330291,39.22190615715163],[8.549308578673594,39.22161738579492],[8.549437618963534,39.22136558087046],[8.54954383424999,39.221059620880666],[8.549592186494737,39.220744427005755],[8.549570976018753,39.220437975096644],[8.549561464949964,39.22011354648808],[8.549540139597472,39.21982511601675],[8.549553393565409,39.21956385122417],[8.549673952731036,39.2188254248447],[8.549768465306544,39.21853744119154],[8.550094247344722,39.218313427603455],[8.55049944592843,39.21835103567489],[8.550765009040644,39.218487223621636],[8.551338288499355,39.21759735483919],[8.551962068140005,39.21604988220262],[8.552291784601822,39.215973692466335],[8.552472463198622,39.21593227485708],[8.55672016366499,39.214960188018075],[8.557542357815699,39.21477186572685],[8.559004645447887,39.21443703185127],[8.559325680353549,39.21436339526359],[8.561481212082262,39.213869589234484],[8.562575292816565,39.213618937064645],[8.564427726441227,39.2131945244477],[8.564575623525013,39.213160162511166],[8.565193705346223,39.21302203862716],[8.567285538826924,39.21253949690473],[8.568028215463416,39.21231698053105],[8.568353082368684,39.21222807582564],[8.568747169582194,39.21218448045549],[8.569059351850814,39.21227574454785],[8.570157293201358,39.21267628108774],[8.570916569263286,39.212886698441416],[8.572502111004162,39.213332466839766],[8.572597161084278,39.213361075821346],[8.57516389479745,39.21414540200853],[8.57700776570967,39.21475584246345],[8.577893901978848,39.21502471278701],[8.580343601386769,39.21575910166093],[8.580784088443055,39.21570662268662],[8.581039992839742,39.21552732472048],[8.581435642567195,39.21522237652814],[8.581634536214233,39.21488968760484],[8.581823393638128,39.214295646688804],[8.58195363909905,39.21381853598717],[8.58182863150955,39.2134125969512],[8.581957433817323,39.213178775601335],[8.582243768960737,39.21299282855579],[8.582329526817016,39.21293681563364],[8.582759211781353,39.2127491266202],[8.583315878886031,39.21263397720163],[8.583790986533334,39.21259963167248],[8.584126674010616,39.21263687441877],[8.584371304098486,39.21267437888191],[8.584624310024767,39.21271073676353],[8.585087781669827,39.212685356337],[8.585527397410571,39.212777031027834],[8.58600430974534,39.213635645682984],[8.586318312882836,39.21419455059071],[8.587905601665167,39.218092885931746],[8.588887399624069,39.22056534093564],[8.590041407679925,39.22331773012536],[8.59209768180374,39.22832599140639],[8.592590226016126,39.22930089033092],[8.5931340191523,39.229428943499975],[8.59429153723709,39.229613198172146],[8.595171784129795,39.22966131550839],[8.596179577230002,39.22969184652624],[8.597095356547436,39.229604909066175],[8.598010926879944,39.2295540066045],[8.599946387141063,39.22944352835156],[8.601697541901247,39.229143159546936],[8.60315797558076,39.229031007129166],[8.602956252026726,39.22987734163056],[8.602707414372144,39.2308586793006],[8.602506287711666,39.23159688512644],[8.60253916383906,39.231930399909324],[8.602676569619298,39.23221921469893],[8.60365020758135,39.2362684178972],[8.603841150563035,39.23734136111251],[8.604140637319146,39.23765776062882],[8.60410381472356,39.23795042180846],[8.604093923156926,39.23803547493459],[8.604084031575672,39.23812052625637],[8.60407413763199,39.23820558117237],[8.604069747072117,39.238243326610565],[8.604066500081318,39.23829098437005],[8.604060690533803,39.23837626402233],[8.60405487980757,39.23846154457016],[8.604049070220047,39.23854682602138],[8.60404325946393,39.238632106565966],[8.604037448697929,39.23871738620786],[8.604031639075714,39.238802665852084],[8.604025828269709,39.23888794729293],[8.604020017453827,39.23897322783107],[8.604012666625517,39.23905851214296],[8.604006622858481,39.23914379458919],[8.604000577937477,39.23922907342554],[8.6039971485753,39.23930812107509],[8.60393163459952,39.24032781980286],[8.603911379891063,39.24076516902566],[8.603903889417722,39.24083380872112],[8.603889945258356,39.241026973880274],[8.603868509752235,39.24131321548315],[8.603845484037958,39.2416207057613],[8.603822584583305,39.24191292290673],[8.603802243832122,39.242198087765296],[8.603695115584163,39.24270233221961],[8.60352465037869,39.24306377368427],[8.603387234407823,39.243397178154886],[8.60335612641599,39.24348062162185],[8.603284161366858,39.24365608797341],[8.602120768096981,39.246517572912225],[8.601594600545065,39.24763688625052],[8.601381724304064,39.24810095059351],[8.601224546377917,39.24836312254949],[8.601207618450765,39.24839440459662],[8.601147707126303,39.2484966266602],[8.601577493525431,39.248646933901476],[8.601654716980379,39.24867319637738],[8.60185324187256,39.248742333929144],[8.60187567698391,39.24889198841565],[8.601878497253493,39.248931228029996],[8.60188642906595,39.24902178342479],[8.601885002527327,39.24927408270487],[8.601754314570234,39.249841319765665],[8.601308883581112,39.250731870195565],[8.601085015695302,39.2513798847456],[8.60071839157274,39.252676190425554],[8.600645941151658,39.253189560006945],[8.600445443099021,39.25380161038645],[8.599684280162174,39.25517765534939],[8.599365628115086,39.256142524451214],[8.59935231160099,39.25617782936428],[8.599341063902532,39.256211715866],[8.599330266663367,39.25624424597122],[8.599320192288223,39.25627459972284],[8.599307668297344,39.25631116257707],[8.599295997900457,39.256346201917566],[8.59859936212689,39.25844486235919],[8.598371175510815,39.25984075511859],[8.597369739311079,39.26267570957405],[8.596780068208464,39.26443979208912],[8.596353683807614,39.26602422093536],[8.595987937756503,39.26743309518696],[8.595950617873351,39.26758169597434],[8.595983893333475,39.26784312473711],[8.59564503542292,39.26831051163],[8.595411652066506,39.26862103648062],[8.595356598123717,39.26886688318597],[8.59516141736947,39.269759573721664],[8.594796786077307,39.27268682089928],[8.594247618659617,39.27544221754155],[8.594287186473217,39.275471887681604],[8.594347872639657,39.27551388437925],[8.594986674805037,39.27594939634896],[8.595097098415419,39.276172220345025],[8.595117092398699,39.27620893532867],[8.595134848356782,39.2762489567304],[8.59514094616096,39.27634592152349],[8.595156837308155,39.27659876989827],[8.595236383973713,39.276878382001556],[8.595385024754075,39.2772393302821],[8.595614147604083,39.27771769934007],[8.595758001516295,39.27798563818185],[8.59577831070407,39.278026965905255],[8.595958278801392,39.27835866108393],[8.596839373824627,39.27939409605466],[8.597142391227973,39.279761826304096],[8.597171319165472,39.27978603949454],[8.597386242380242,39.28004862813489],[8.598619861604211,39.28149247290299],[8.598686797918369,39.281568415704484],[8.598717589472058,39.28160030318412],[8.599148401714256,39.28210917147099],[8.60005696780842,39.28340985086107],[8.600976856525916,39.28476462696282],[8.60124031521376,39.28533320991193],[8.601231803884046,39.285448010797495],[8.601221691924351,39.285590702051735],[8.601210773341252,39.285731679374635],[8.60120734768639,39.2857924811052],[8.601204990920618,39.28582571323289],[8.601198589323118,39.28589602655618],[8.601177537001897,39.28618000950981],[8.601348957982104,39.28662212553553],[8.601757401901239,39.287325162627084],[8.601777594177525,39.28735833221103],[8.603673167773934,39.28981988069197],[8.605125297655206,39.29141071389864],[8.60661389386564,39.29271330704895],[8.607371895887013,39.29332929167016],[8.607433506409574,39.29337935920748],[8.607538056331409,39.29346432093824],[8.60801070675301,39.2938484079427],[8.608094790165133,39.29391673559984],[8.608183870100556,39.2939891213806],[8.608518654372924,39.29426057149277],[8.608589474154034,39.294360427339605],[8.608679748278009,39.29448638270175],[8.60896854817476,39.29482075204841],[8.609163687455277,39.29504667690736],[8.609475739156773,39.295236950203794],[8.60956274249227,39.29527328542423],[8.60974184484477,39.29534808129063],[8.609901541295432,39.295414772376354],[8.610019521352681,39.29546404249942],[8.610461723734742,39.29567165157857],[8.610586040840712,39.29572725173052],[8.61077199083379,39.29581758470736],[8.61089860857775,39.29587246954537],[8.611955196159967,39.29638855857302],[8.612012008466044,39.29641585166276],[8.612217083504941,39.296516632871615],[8.612305891688674,39.296553656875496],[8.612375966392626,39.29658287091006],[8.612544633984117,39.29665246810169],[8.612719334910102,39.296726019257456],[8.613731352543766,39.297147915593946],[8.613894784416264,39.297216039104846],[8.615326819277543,39.297605497750396],[8.615399832893232,39.29762640715961],[8.615526100681695,39.29765620769255],[8.615766206973813,39.297711950331184],[8.616207330974838,39.29781436110364],[8.616377233359598,39.297853803785756],[8.617091172009372,39.29801954420974],[8.616984050586039,39.29852379520278],[8.617950449416034,39.29866767307954],[8.619707196533485,39.29892919668836],[8.619600790923252,39.29949102902545],[8.619758686905131,39.299537495655386],[8.619852305872518,39.29956671089086],[8.62097777013531,39.299879471418784],[8.622553779949303,39.300109860923826],[8.624233455241034,39.30047572561883],[8.62384678865419,39.30121336145398],[8.623798555682566,39.30136205586152],[8.623790485136688,39.301395142858645],[8.623757140797066,39.30149321013033],[8.623740654215732,39.301545915382334],[8.62372416942523,39.301598498089675],[8.623714685920097,39.3016277391879],[8.623696746818176,39.301683120465846],[8.623668814074122,39.301767482573844],[8.623652773415058,39.301822656422914],[8.62362170023908,39.30192600594129],[8.623607784496846,39.301969220243045],[8.623589985108364,39.302023169227546],[8.623572595352039,39.302077287135035],[8.623562466639678,39.30210787145202],[8.62354275534958,39.30216862554747],[8.62347880500603,39.30275952415598],[8.623477420072794,39.30279678224027],[8.623456926906222,39.30298912461385],[8.62344998107427,39.30306570787728],[8.623437109422435,39.30317980395799],[8.623393145461286,39.30362678272617],[8.623213331933886,39.30471650435814],[8.623028764528485,39.30522762468107],[8.622950900664149,39.30543088516705],[8.622922376678632,39.30551798622195],[8.622912631303384,39.3055798690706],[8.622899225217843,39.305678750301134],[8.622880019022245,39.30580263945879],[8.622774482975315,39.30652624854024],[8.622782501817092,39.30719307055224],[8.622752961921808,39.30733721948922],[8.62274478992503,39.30737709661954],[8.622651483610133,39.30783241119354],[8.622575212478244,39.309075649044914],[8.622583665147319,39.309661376443415],[8.622404888288637,39.31055286241444],[8.622169177995028,39.31124592662881],[8.62196913247077,39.311776911973],[8.621942312841163,39.311910860143044],[8.621849842870887,39.31238925586662],[8.621844638246479,39.312548054000466],[8.62182247263443,39.31316409229271],[8.621901433274097,39.3136804180459],[8.621912115244262,39.31375008303906],[8.621919799658551,39.31387237146274],[8.62192323005863,39.31391347559886],[8.621923523157037,39.31395816036199],[8.621955066129246,39.31439235507266],[8.621728850412639,39.315472911694336],[8.621551746474033,39.31604902369389],[8.621327463254541,39.31676915513548],[8.621317310303587,39.31865236928281],[8.621299923870044,39.319274700206755],[8.62129769794252,39.319326289838244],[8.621285900643818,39.319658566089835],[8.621281244182207,39.319698565299475],[8.621261473083578,39.32036285084039],[8.621261909908368,39.3204266254473],[8.621259988525416,39.32048841630802],[8.62125247462637,39.32054714151289],[8.621238985393527,39.32064173106658],[8.621222741047548,39.32072811901438],[8.621216767435891,39.3208129193322],[8.621140491421947,39.3209922135114],[8.621071748334186,39.32116319354269],[8.620920397486273,39.32144203438423],[8.620895986211192,39.32148700808375],[8.620801331619745,39.32182910821074],[8.620795131419014,39.32189216284407],[8.62075083995579,39.32234255316683],[8.620715405882757,39.322702867727024],[8.62070797364553,39.32279295348708],[8.62068035958146,39.3231277081746],[8.620504357500756,39.325261235261415],[8.62061331218413,39.32656814741296],[8.620681390560677,39.32727739034018],[8.620686068207917,39.32736485369495],[8.620799929413145,39.328533101254095],[8.621147142020465,39.33084097944134],[8.621386708596644,39.331598660180916],[8.621661233967716,39.33232942156169],[8.621983631739399,39.33279001633654],[8.623508415338108,39.33405646048106],[8.623819133508716,39.334535033888905],[8.624927394118002,39.33667640422795],[8.625093921496342,39.336999074894145],[8.624802200921653,39.342771720440545],[8.624769441279387,39.343431681095836],[8.624106981676292,39.34346318890212],[8.623506966635427,39.34348838915643],[8.623035042688727,39.34351146200562],[8.622935461031233,39.34351586199354],[8.617774274033625,39.343745782161214],[8.614844008053817,39.343877683558674],[8.612233358369487,39.34399430385681],[8.611758622187411,39.34380349662427],[8.611515826927443,39.34364049329316],[8.611044328701112,39.343363747295335],[8.610118723740374,39.34281148281277],[8.608219382060716,39.341692140666616],[8.607908897795369,39.34151457927154],[8.60783774690623,39.34147259259428],[8.60402041425846,39.3393171257662],[8.603984974868085,39.33953915446063],[8.603959394831037,39.339690516241276],[8.603948299986433,39.33975840811431],[8.603869699673021,39.33999792489678],[8.603641231619344,39.34072162246433],[8.60303865313743,39.34261170569758],[8.602678990535159,39.34314544864669],[8.602523727747718,39.34337585855968],[8.60217391164615,39.34367201649332],[8.60207607300816,39.34372506731189],[8.6017548743209,39.343895851183156],[8.599170346967318,39.345346712803604],[8.596295275358022,39.34710752407026],[8.595129171123109,39.34781967950558],[8.594497207568407,39.34821099157491],[8.592366570669341,39.34952533785185],[8.59106922394545,39.350323563390546],[8.58690595256501,39.35289083539919],[8.585940055536385,39.35332892679656],[8.58520775913838,39.35351554338509],[8.584608768319022,39.35372966350608],[8.58416097358817,39.3538902571899],[8.578381001326306,39.35582478002028],[8.577002535085054,39.35609460339473],[8.576672795438697,39.35616098422713],[8.571813876250705,39.35735965069645],[8.571394605825457,39.357592385128505],[8.571265114940484,39.3578892602922],[8.571213250687334,39.35925306085957],[8.571198743452516,39.35965788472498],[8.571189257609383,39.35986201352936],[8.571180567214693,39.36008980658208],[8.571127037167424,39.36148851709602],[8.571113197981642,39.3618533977176],[8.569051548774361,39.36300815861504],[8.565951569012823,39.364687656688],[8.565737999070086,39.364799166187396],[8.56524218225109,39.365073180539405],[8.565033356738192,39.36518280158821],[8.564903768764314,39.36548867958855],[8.564889036171213,39.36556807038842],[8.5648553805479,39.3658038718174],[8.56484153563,39.36616424687282],[8.565143273457124,39.36804860340753],[8.565883141387198,39.37263997640813],[8.565891838223692,39.37269394526847],[8.56594817300556,39.37304351304396],[8.566234696088802,39.374894779972486],[8.566246280091818,39.3749839545382]]],[[[8.698576899329115,39.37535488484193],[8.697748757510734,39.37624479377158],[8.697720841953538,39.37627766365665],[8.697685355840415,39.3763158112862],[8.6968013283044,39.377356014231566],[8.696511783094945,39.377701307253616],[8.696172470829127,39.37830413727909],[8.695820720997132,39.37909615756268],[8.695316421306094,39.38025721417223],[8.69511723769387,39.38067118298598],[8.694860351875066,39.381003904358174],[8.694626959014995,39.38127361251402],[8.694265650282036,39.381588036964075],[8.693776696559015,39.381884102943935],[8.693253261843928,39.3820989802059],[8.692555580714933,39.382331416321875],[8.69210279387704,39.38232120836652],[8.691638990896667,39.38217581017938],[8.691291537741629,39.38197665354416],[8.69083994594871,39.38169612437687],[8.69036517585225,39.38140652013293],[8.689913950272386,39.3810448925683],[8.689276720019397,39.3807368293375],[8.688662755655642,39.38041981502024],[8.687133735884984,39.37961376428668],[8.68658872888236,39.37945911683462],[8.685974343824277,39.37924120442551],[8.685278650032997,39.37903207872844],[8.684815126245699,39.378832589605466],[8.684293797788865,39.37857887735932],[8.683853216024039,39.37844252184099],[8.683528494178889,39.378360542469295],[8.683145844753469,39.37825137314256],[8.682542968946494,39.378060506168154],[8.682325720403417,39.37794259249979],[8.681558518937404,39.37752618421215],[8.68139292135631,39.377404392240415],[8.68133868886422,39.377363408847586],[8.681238022913865,39.377287526679886],[8.680679105266377,39.37687500519757],[8.68032737716255,39.37656981959916],[8.67941887406263,39.375776852575406],[8.679367708410796,39.375733975437115],[8.679342132308248,39.37570789994775],[8.678967631753212,39.375383585204624],[8.67846903252283,39.375247048291804],[8.678374624103613,39.37558018232829],[8.678284955135856,39.37596138638334],[8.678275791573892,39.37600761230698],[8.678268026995028,39.37603942580504],[8.678164230408944,39.376234853078216],[8.67813789476879,39.37628094499093],[8.678033802853289,39.37648035226907],[8.677881382771854,39.37680431456049],[8.677520021280667,39.3771186870405],[8.677113130137219,39.377234697490614],[8.676671989040427,39.3772244618415],[8.676150317865051,39.37710767545325],[8.676046266193667,39.37706678611664],[8.675767612377456,39.37696063568259],[8.675501332943641,39.376797701840765],[8.675246623065389,39.376643809519095],[8.674667002908325,39.37645296663364],[8.674192167927773,39.376199339075775],[8.673696886125029,39.37535094752588],[8.673500527205704,39.37513414063954],[8.67318798890013,39.37493502868107],[8.672944942664948,39.37477215419866],[8.672532666548628,39.37412261109636],[8.672449357330656,39.37399582517723],[8.672160720512045,39.373652606632774],[8.67185992868149,39.373426491916824],[8.6717105251455,39.37310168626095],[8.671897835947746,39.37276881950467],[8.672015615267068,39.372408724220726],[8.67177350863618,39.3720476142677],[8.671577460358511,39.37176773055211],[8.671602333946629,39.37156466506911],[8.671613596561452,39.37148850103396],[8.671428779550476,39.37128974460572],[8.67095314654329,39.37121631466021],[8.670616398613092,39.37123338348836],[8.670232664029848,39.37136745707387],[8.670025014669328,39.371087537845696],[8.669901807787577,39.3708549939459],[8.669886375016462,39.370826027454385],[8.669861246956854,39.37077915432051],[8.669820682620362,39.370703338098124],[8.66979030152322,39.37064881433147],[8.669691323839835,39.37045584298591],[8.669656637635342,39.3704344674351],[8.669378860843866,39.37024771014103],[8.66896076913377,39.37028256455817],[8.668704394094005,39.37048908048179],[8.66837896100258,39.37056924942112],[8.66790299353124,39.37056789207872],[8.667474744426302,39.37029634837406],[8.667336930641213,39.369980556507],[8.667012784485987,39.369790429742324],[8.666386852064884,39.36959040221568],[8.665923401880105,39.36939984773881],[8.665645479313369,39.36925487928663],[8.665472852839619,39.36893900947106],[8.665578920887802,39.36860591910157],[8.665603771402154,39.36826358450788],[8.665396494862232,39.367911571931764],[8.664967453613144,39.36781122010652],[8.66454972040511,39.3677739736895],[8.664132892921078,39.36754750430441],[8.663891275553452,39.367096272472516],[8.663822921977227,39.36682575411248],[8.663755302330193,39.36640205673444],[8.663721947712473,39.36609559726989],[8.663689110825795,39.365681011065696],[8.663725404756118,39.36537475192112],[8.66385464864117,39.365050740650226],[8.664134665667804,39.364754196737955],[8.664495806045444,39.3644849183212],[8.664833125876081,39.364341719027834],[8.66518200929976,39.36420756278285],[8.66546158747459,39.36400112108214],[8.665497656673304,39.36373991445201],[8.665488199071307,39.363289352718255],[8.665339491391132,39.36282938073106],[8.66531786699703,39.36249592296638],[8.665424527662367,39.362036684248174],[8.665507328294854,39.36171253740608],[8.665496967105554,39.36145119721176],[8.665556894330651,39.361054899319754],[8.665616091669486,39.3608117805153],[8.665698931721801,39.36047862281085],[8.665793207704976,39.36018154004085],[8.665899260687452,39.35984844971531],[8.66600535556696,39.35950634772242],[8.66590308088991,39.35904650850993],[8.665520865306757,39.358874206901994],[8.665196768501866,39.358684026279235],[8.665202600072133,39.35857993441444],[8.665234758504132,39.3582194041555],[8.665283801254754,39.35814907557807],[8.665315406040863,39.3581014661507],[8.665329635292883,39.35807639855559],[8.665444128547508,39.35792786439071],[8.665770623715343,39.357613428185225],[8.66602790506488,39.35720868471504],[8.666249590216669,39.35696603249099],[8.666608626430216,39.357129253676966],[8.666682518508258,39.357162040175126],[8.666956101412895,39.35728343079724],[8.66731650969992,39.357158311688266],[8.668061301243368,39.35674594636387],[8.668439165430026,39.3563985299832],[8.668521166456605,39.35632637911419],[8.669087151556536,39.35580274358339],[8.669936419555585,39.3553816523654],[8.670065447685579,39.355093676070354],[8.670138009157462,39.35447214261679],[8.670255077989735,39.35429250840118],[8.670295749910025,39.3542094550463],[8.670383647401378,39.354067357148026],[8.670698664201186,39.35371683122657],[8.670739620751734,39.35365381217808],[8.670785945484381,39.35358504140067],[8.67081091133325,39.35353794329171],[8.671037694247994,39.35319516928746],[8.671306111655623,39.352880553058284],[8.671782549475811,39.35275574761552],[8.672038639690863,39.352594276380806],[8.672190654372683,39.352351416252155],[8.672195338640938,39.35229577705649],[8.67221031724192,39.35224318997111],[8.67225116710454,39.35181995774894],[8.672112949725484,39.351594300675515],[8.67189328140566,39.35141346685128],[8.671604022444553,39.351223426388614],[8.671175538630111,39.351023981150995],[8.670839903527208,39.35082479606114],[8.670399776249262,39.35063432581374],[8.670105806595055,39.350489486188266],[8.669997977798227,39.35043736398588],[8.66995498682857,39.35041107206073],[8.669772716367191,39.35028637201629],[8.669627237673355,39.35013935278981],[8.669595773368101,39.3501102217129],[8.66955933564412,39.3500715557121],[8.669509026803878,39.350019071020185],[8.669343293792704,39.3498104583664],[8.669255234087702,39.34969396452129],[8.669469577534977,39.34933077829484],[8.669512634633666,39.34925317082418],[8.669931277746327,39.34907414491102],[8.670015296189517,39.348995565805275],[8.670199430071555,39.34881359406386],[8.670501973458062,39.34864324782253],[8.670677829956452,39.34826529518265],[8.670505993417393,39.347787241584875],[8.670508786132741,39.34719254193725],[8.670661470953785,39.34680551373394],[8.670790310992864,39.346553577912765],[8.67096695360346,39.346303995541106],[8.67108908297726,39.346113394869754],[8.671222692995409,39.34591503936826],[8.671351823622444,39.34560002906117],[8.671342603849315,39.34540121864797],[8.671330214504827,39.34525747414131],[8.671298845043543,39.34513334388616],[8.671269850832829,39.345011280195884],[8.671259792651966,39.34498431131918],[8.671247742519867,39.34494730329732],[8.67123500155424,39.34487643616928],[8.671222262926378,39.34480557084778],[8.671193531702714,39.34470743423413],[8.671245618073753,39.3441934516155],[8.671254426078876,39.34409487678073],[8.671512088562578,39.343591004267765],[8.67172219782028,39.343381218422216],[8.671762683170055,39.34334027941844],[8.67180348704844,39.343299954933585],[8.672026340772769,39.34307559255499],[8.672140101156272,39.342961346192915],[8.672327626900389,39.34277332516529],[8.672590265730648,39.34251118147684],[8.672624896152444,39.342476585516174],[8.672657615122635,39.34244426029652],[8.672683002995601,39.3424185058493],[8.672717149201299,39.34238445365204],[8.672752456055914,39.342360306672724],[8.672777415829486,39.34234322569524],[8.672805930152062,39.342324133582856],[8.67293300412768,39.34223854124422],[8.673001524365345,39.34219292197296],[8.673306679091656,39.341985724975764],[8.673381694611425,39.34193545611556],[8.673423196361785,39.34190239030571],[8.673523641335663,39.34183873146928],[8.673559538695235,39.34181100771053],[8.67359233575939,39.341773458882685],[8.673654528792818,39.34170479167999],[8.673716791673288,39.34163779794412],[8.6737782428528,39.34157039821525],[8.674145919124529,39.34118353217137],[8.675153803349987,39.340039689093146],[8.675207756595627,39.339980319712915],[8.675249413382618,39.339932120029836],[8.675290071436937,39.33988633334101],[8.675328264725126,39.33983853936444],[8.675440768757566,39.33971839583248],[8.675471256708471,39.339629952418136],[8.675652552439361,39.339088239942186],[8.675828980052584,39.338575119268526],[8.676097404005356,39.33824246950221],[8.676492715715513,39.338072365411165],[8.676436525001899,39.337675736518996],[8.676287757005923,39.33722478711099],[8.676625087625068,39.33704550955898],[8.676603292127641,39.33673908429488],[8.67665635241283,39.33663747176509],[8.67674254423702,39.336478159515345],[8.67679056332355,39.336388185694524],[8.676709509726487,39.33612577223878],[8.67670097310612,39.33609476756999],[8.676708355357318,39.33606476496462],[8.676723394717802,39.33602544662642],[8.676737255653116,39.33598979781848],[8.676816592401503,39.33577552846139],[8.67694395507067,39.335699700141916],[8.677148012610136,39.33557821131043],[8.677398350917693,39.33542916648823],[8.677901230367176,39.33512976212598],[8.677980104861229,39.33508280156621],[8.67824770956052,39.33492347357534],[8.67856106824311,39.33491694778093],[8.678655364613535,39.334913703841565],[8.67901421411341,39.33477240697786],[8.678841404951756,39.33450160780211],[8.678715009306616,39.33423093737991],[8.678904380844589,39.33405124461166],[8.679262735802414,39.333709825378406],[8.679635218499264,39.33344953940889],[8.67971236326817,39.333414815887394],[8.679775004975607,39.33338906683289],[8.680367670162509,39.33312717277632],[8.680503648202409,39.333081025065475],[8.680680670229146,39.33302039858854],[8.680730174583449,39.333004031979854],[8.68076903039932,39.33299133688748],[8.680832324565026,39.33296942134923],[8.680888656671799,39.33295010883678],[8.680928384260545,39.33293552831563],[8.680963709905035,39.33292523477485],[8.681007739331905,39.33291076783934],[8.681049680863094,39.33289513457331],[8.681098482677097,39.33287680963479],[8.681343817493836,39.332796451779984],[8.682018652387542,39.33238380340969],[8.68241481357367,39.33201544426863],[8.682443460251138,39.331726772657625],[8.682412926293527,39.331697806987066],[8.682208496432661,39.331456215137536],[8.682557833797892,39.33117783576035],[8.682690555584161,39.33106108405494],[8.682790819992293,39.33097122393634],[8.683164089527015,39.330530714118346],[8.682991518758183,39.33020585754303],[8.682992861376931,39.329908506009076],[8.682998761614165,39.3298724472667],[8.68306467188952,39.32942212185556],[8.682903218131637,39.32920542429095],[8.68270699952896,39.328979620919114],[8.682674148909664,39.32854701471797],[8.682710543292888,39.328195695530376],[8.68285110992109,39.32789872330401],[8.682991593984415,39.32761977321086],[8.682993180564717,39.32726835817683],[8.68251779125485,39.32720398771728],[8.682135748157433,39.32702272956113],[8.682033085974048,39.326634987403246],[8.68219673344136,39.326365111401856],[8.682557851931392,39.32604170979013],[8.682791104753854,39.32577202361687],[8.683083055179283,39.32534931275341],[8.683433415865151,39.324836653524656],[8.684181782237559,39.323532127152546],[8.684253333462973,39.323099805082464],[8.684197840808675,39.32254098763511],[8.684048405693286,39.32223421662311],[8.684050148834121,39.32184675834393],[8.683807503642425,39.32162984137875],[8.683646755349676,39.32125996325712],[8.683752663656312,39.32092685294453],[8.683927851337144,39.320666017301996],[8.683882664809884,39.32039557142106],[8.684024751107764,39.319756193397886],[8.684109643679452,39.31893644413909],[8.684041175481266,39.31868395763392],[8.683928010189444,39.31805289640203],[8.684070131721272,39.31740450731721],[8.684327117235522,39.31700873299175],[8.684826203453063,39.316947012108706],[8.685174126352305,39.31696597522329],[8.685742531681537,39.3169675110226],[8.68634593768707,39.31692408506174],[8.686458272445824,39.3168821160256],[8.686496939525822,39.316867368498485],[8.686822305641599,39.31675416253262],[8.687470106406415,39.31716138851054],[8.687840189292347,39.31741468224742],[8.688418799688373,39.31773160988348],[8.689136698553307,39.318030884091414],[8.689369101646351,39.31813068945317],[8.689407120266452,39.31814402781502],[8.689599834371297,39.31823035653589],[8.689889085425776,39.31840233244062],[8.690224820441905,39.3185564087528],[8.690664920560675,39.318719773203384],[8.691094095915787,39.318729923675356],[8.691708799193803,39.318758585717404],[8.692265658355153,39.31875104826936],[8.692961446587011,39.31880694962755],[8.693506351636602,39.318880472249],[8.694120664884283,39.31899922799974],[8.694896798743967,39.319253565487614],[8.695348710246439,39.31937188900399],[8.695916979543838,39.31940941813932],[8.69625339516293,39.31941029641972],[8.696302638273233,39.31941721456259],[8.696995401396713,39.31951134844166],[8.697389470151629,39.31959347101948],[8.69796899431412,39.319712116024284],[8.698489665986378,39.32002884232342],[8.698544717746218,39.320115080732684],[8.69882963477415,39.32055827185867],[8.698915961462717,39.32066150072757],[8.698943298583174,39.32070059645526],[8.699177011672157,39.320992274039675],[8.699239269759573,39.321067018488115],[8.699817807888106,39.32141993162173],[8.700361279681397,39.32183582744592],[8.700470572539713,39.32201028272048],[8.700502896832536,39.32206334688549],[8.70052253835992,39.32208875210016],[8.700626296761314,39.32226001306072],[8.700172858524907,39.32249312590107],[8.700020505381719,39.32285316308051],[8.699984431475968,39.323150425759444],[8.700109505493812,39.32374545748626],[8.70022451762986,39.32398003351406],[8.700397190462718,39.324295854405634],[8.70059352998954,39.32450360774955],[8.70084764670014,39.32476557242428],[8.701067268676578,39.32495536222785],[8.701228768962718,39.32517203583768],[8.701366070681306,39.32562292506527],[8.701399763279722,39.325884323698496],[8.701363885183623,39.32613653302247],[8.701327893005775,39.32641577361043],[8.70133842166081,39.32666810196366],[8.701522554709936,39.32701999376101],[8.70159105546318,39.32728148152517],[8.701543230632822,39.3276147567404],[8.701355837151036,39.32802877044338],[8.70113371296733,39.3284246729998],[8.701027913842214,39.32874878824783],[8.701177780948132,39.32897444184039],[8.701513016729276,39.32926364646743],[8.701697349961696,39.32957048424534],[8.702003776071622,39.32981455949488],[8.702309056964516,39.33032895292784],[8.702365502931157,39.33069853820795],[8.70234122826818,39.330950776393585],[8.702421032845116,39.33128437806054],[8.70242378071807,39.33132042836255],[8.702453853593346,39.331753020943175],[8.702277827724027,39.33222112979373],[8.702076235627098,39.33279784065408],[8.70207126459949,39.332866812942534],[8.702053667292175,39.333094598289435],[8.702110495246593,39.33337407723792],[8.70243361807232,39.333789397641866],[8.702519571419385,39.33404191836791],[8.702570562253552,39.33433039204514],[8.702596551725373,39.334635898027365],[8.702603539156437,39.33476299178665],[8.702613386330036,39.33517751076872],[8.702530712690246,39.33551970770903],[8.702366815988118,39.33586169690813],[8.702097685164542,39.33639264181068],[8.702002946161722,39.336842936247145],[8.702002598619163,39.337266439837876],[8.702068588380262,39.337780221307874],[8.702182138666108,39.338366209963034],[8.70230656851936,39.33912342981332],[8.70232683361677,39.3398173074444],[8.702589446652276,39.34082718085513],[8.702931237785702,39.34232383536016],[8.703058699593372,39.34260360270418],[8.703092249751684,39.34266665397375],[8.703415267350623,39.34311801398695],[8.703506771248284,39.343433622445616],[8.70322727247972,39.343667189133704],[8.702958765099469,39.34404495418428],[8.702898224886367,39.344639507904894],[8.702776587069014,39.34493204289035],[8.702697164576538,39.345116476703936],[8.702665476079341,39.34519477798353],[8.702641294644145,39.3452536729552],[8.702630607413427,39.34528164400122],[8.702619351445822,39.345314837152344],[8.702905864442629,39.345576639583626],[8.703241032657104,39.34590188063177],[8.703667255913274,39.34665085637578],[8.703705881001325,39.346703234446075],[8.703733500090236,39.34675002482731],[8.704163272884594,39.347363962915395],[8.704856360213926,39.34813163463977],[8.707076561097157,39.35005652614768],[8.70734202388879,39.35040861210122],[8.707431225587085,39.35057891233304],[8.707503221917396,39.350716365472486],[8.707619489017032,39.350941359679204],[8.707637217424189,39.35097359435957],[8.707658419871404,39.351012706688245],[8.708068592522363,39.351792243194],[8.708115385640316,39.35188271353406],[8.708156510319629,39.35196261169965],[8.708196473102035,39.35203893415912],[8.708236442957082,39.352115251215245],[8.708276421026643,39.352191567376245],[8.70831640499327,39.352267881735244],[8.708354361387052,39.35233918460517],[8.708391224634251,39.352409071831524],[8.708608616434969,39.352826662583105],[8.708604697007358,39.353102438711005],[8.708607343874762,39.35313302344201],[8.708588694141481,39.35323209449626],[8.708512398692752,39.35363738520259],[8.708509733531976,39.35368243425797],[8.708498295231974,39.35387240342742],[8.708495650097436,39.353917656174524],[8.708465202156251,39.354431966868226],[8.708461460978139,39.354484562456015],[8.708456107076664,39.3545833721178],[8.708450020727447,39.35468247459548],[8.70841248626467,39.35502086795184],[8.708402644785197,39.355093790993024],[8.708398574310056,39.355126462905694],[8.708392120397418,39.35517909854404],[8.708269441837201,39.356240874901324],[8.708549872867971,39.35858436134618],[8.710331467099799,39.36282384207357],[8.710330388889675,39.36308514635791],[8.710236372997398,39.36336424440934],[8.709955325928503,39.36395824973305],[8.709884447724288,39.36425542665809],[8.70991669987214,39.364877244708666],[8.709776172513017,39.3651742469855],[8.708002478854855,39.36633481304634],[8.706563475138022,39.367283703438595],[8.705696957757839,39.37010982133206],[8.705104012696461,39.37203765963487],[8.704757138917815,39.37222278102646],[8.70451350138133,39.37235491449872],[8.703451730433233,39.37292551569041],[8.702008014158748,39.37374035642923],[8.70196917987643,39.3737626802369],[8.701916629958331,39.373792615424186],[8.701842508122338,39.37383560416194],[8.701717753285694,39.373903248054674],[8.70081591601392,39.37451339646143],[8.700617284917167,39.37459880763047],[8.700430284405016,39.374684697135805],[8.700346652710563,39.37472023466921],[8.700275121136684,39.37474211147176],[8.699925831990962,39.37484476194422],[8.699259202969545,39.37496468795009],[8.698868421304441,39.375058286631564],[8.698576899329115,39.37535488484193]]]]}}]}
